video,model,frame,detections,drone_det,bird_det,false_class,low_conf_fp,tp_iou,max_conf
video13,BirdDrone-Local,0,2,2,0,0,0,1,0.4710512161254883
video13,BirdDrone-Local,1,1,1,0,0,0,0,0.5611133575439453
video13,BirdDrone-Local,2,1,1,0,0,0,0,0.7055532932281494
video13,BirdDrone-Local,3,2,2,0,0,1,0,0.7627784013748169
video13,BirdDrone-Local,4,1,1,0,0,0,0,0.794373095035553
video13,BirdDrone-Local,5,2,2,0,0,1,0,0.6985033750534058
video13,BirdDrone-Local,6,1,1,0,0,0,0,0.7601655721664429
video13,BirdDrone-Local,7,1,1,0,0,0,0,0.8014003038406372
video13,BirdDrone-Local,8,1,1,0,0,0,0,0.714421808719635
video13,BirdDrone-Local,9,1,1,0,0,0,0,0.7607614398002625
video13,BirdDrone-Local,10,1,1,0,0,0,0,0.7459120154380798
video13,BirdDrone-Local,11,1,1,0,0,0,0,0.7859083414077759
video13,BirdDrone-Local,12,1,1,0,0,0,0,0.7983637452125549
video13,BirdDrone-Local,13,1,1,0,0,0,0,0.7946891784667969
video13,BirdDrone-Local,14,1,1,0,0,0,0,0.731330394744873
video13,BirdDrone-Local,15,1,1,0,0,0,0,0.8060544729232788
video13,BirdDrone-Local,16,1,1,0,0,0,0,0.7835831642150879
video13,BirdDrone-Local,17,2,2,0,0,1,0,0.6005325317382812
video13,BirdDrone-Local,18,1,1,0,0,0,0,0.5296259522438049
video13,BirdDrone-Local,19,1,1,0,0,0,0,0.4621473252773285
video13,BirdDrone-Local,20,1,1,0,0,0,0,0.4791506826877594
video13,BirdDrone-Local,21,1,1,0,0,0,0,0.4408058822154999
video13,BirdDrone-Local,22,1,1,0,0,0,0,0.4967852234840393
video13,BirdDrone-Local,23,1,1,0,0,0,0,0.4818957448005676
video13,BirdDrone-Local,24,1,1,0,0,0,0,0.5090574622154236
video13,BirdDrone-Local,25,2,2,0,0,0,0,0.5676099061965942
video13,BirdDrone-Local,26,1,1,0,0,0,0,0.5333362221717834
video13,BirdDrone-Local,27,2,2,0,0,0,0,0.503044068813324
video13,BirdDrone-Local,28,1,1,0,0,0,0,0.7898969650268555
video13,BirdDrone-Local,29,2,2,0,0,0,0,0.6649351716041565
video13,BirdDrone-Local,30,1,1,0,0,0,0,0.7105245590209961
video13,BirdDrone-Local,31,2,2,0,0,0,0,0.7085467576980591
video13,BirdDrone-Local,32,1,1,0,0,0,0,0.7460634708404541
video13,BirdDrone-Local,33,2,2,0,0,0,0,0.6804316639900208
video13,BirdDrone-Local,34,1,1,0,0,0,0,0.7648254036903381
video13,BirdDrone-Local,35,1,1,0,0,0,0,0.7288863062858582
video13,BirdDrone-Local,36,1,1,0,0,0,0,0.5209385752677917
video13,BirdDrone-Local,37,1,1,0,0,0,0,0.5459266901016235
video13,BirdDrone-Local,38,2,2,0,0,1,0,0.5737698674201965
video13,BirdDrone-Local,39,1,1,0,0,0,0,0.5382744073867798
video13,BirdDrone-Local,40,2,2,0,0,1,0,0.5982205271720886
video13,BirdDrone-Local,41,2,2,0,0,0,0,0.4765273332595825
video13,BirdDrone-Local,42,2,2,0,0,1,0,0.4369443953037262
video13,BirdDrone-Local,43,1,1,0,0,0,0,0.4074029326438904
video13,BirdDrone-Local,44,1,1,0,0,0,0,0.3956567347049713
video13,BirdDrone-Local,45,1,1,0,0,0,0,0.45553064346313477
video13,BirdDrone-Local,46,1,1,0,0,0,0,0.36653614044189453
video13,BirdDrone-Local,47,1,1,0,0,0,0,0.35795095562934875
video13,BirdDrone-Local,48,1,1,0,0,0,0,0.37106162309646606
video13,BirdDrone-Local,49,1,1,0,0,1,0,0.3470304012298584
video13,BirdDrone-Local,50,0,0,0,0,0,0,0.0
video13,BirdDrone-Local,51,0,0,0,0,0,0,0.0
video13,BirdDrone-Local,52,2,2,0,0,1,0,0.37461796402931213
video13,BirdDrone-Local,53,1,1,0,0,0,0,0.3540637195110321
video13,BirdDrone-Local,54,2,2,0,0,2,0,0.28781238198280334
video13,BirdDrone-Local,55,2,2,0,0,0,0,0.42701026797294617
video13,BirdDrone-Local,56,2,2,0,0,1,0,0.3861926794052124
video13,BirdDrone-Local,57,2,2,0,0,1,0,0.5197360515594482
video13,BirdDrone-Local,58,1,1,0,0,0,0,0.5710561275482178
video13,BirdDrone-Local,59,1,1,0,0,0,0,0.5899983048439026
video13,BirdDrone-Local,60,1,1,0,0,0,0,0.5728667378425598
video13,BirdDrone-Local,61,2,2,0,0,1,0,0.5367234349250793
video13,BirdDrone-Local,62,1,1,0,0,0,0,0.5135322213172913
video13,BirdDrone-Local,63,1,1,0,0,0,0,0.6510758996009827
video13,BirdDrone-Local,64,1,1,0,0,0,0,0.6435130834579468
video13,BirdDrone-Local,65,1,1,0,0,0,0,0.7116794586181641
video13,BirdDrone-Local,66,1,1,0,0,0,0,0.495123028755188
video13,BirdDrone-Local,67,2,2,0,0,2,0,0.26995062828063965
video13,BirdDrone-Local,68,1,1,0,0,0,0,0.3638768792152405
video13,BirdDrone-Local,69,1,1,0,0,0,0,0.6450443267822266
video13,BirdDrone-Local,70,1,1,0,0,0,0,0.3903001844882965
video13,BirdDrone-Local,71,1,1,0,0,0,0,0.4633494019508362
video13,BirdDrone-Local,72,1,1,0,0,1,0,0.2735389471054077
video13,BirdDrone-Local,73,1,1,0,0,0,0,0.48331737518310547
video13,BirdDrone-Local,74,1,1,0,0,1,0,0.32050904631614685
video13,BirdDrone-Local,75,0,0,0,0,0,0,0.0
video13,BirdDrone-Local,76,0,0,0,0,0,0,0.0
video13,BirdDrone-Local,77,1,1,0,0,1,0,0.261249840259552
video13,BirdDrone-Local,78,1,1,0,0,1,0,0.2682376503944397
video13,BirdDrone-Local,79,0,0,0,0,0,0,0.0
video13,BirdDrone-Local,80,0,0,0,0,0,0,0.0
video13,BirdDrone-Local,81,1,1,0,0,1,0,0.2532505691051483
video13,BirdDrone-Local,82,0,0,0,0,0,0,0.0
video13,BirdDrone-Local,83,0,0,0,0,0,0,0.0
video13,BirdDrone-Local,84,0,0,0,0,0,0,0.0
video13,BirdDrone-Local,85,0,0,0,0,0,0,0.0
video13,BirdDrone-Local,86,0,0,0,0,0,0,0.0
video13,BirdDrone-Local,87,1,1,0,0,1,0,0.311398446559906
video13,BirdDrone-Local,88,1,1,0,0,0,0,0.4107881188392639
video13,BirdDrone-Local,89,1,1,0,0,1,0,0.3228845000267029
video13,BirdDrone-Local,90,1,1,0,0,0,0,0.3588286340236664
video13,BirdDrone-Local,91,1,1,0,0,0,0,0.3587281107902527
video13,BirdDrone-Local,92,1,1,0,0,1,0,0.2562958300113678
video13,BirdDrone-Local,93,1,1,0,0,1,0,0.2739351987838745
video13,BirdDrone-Local,94,1,1,0,0,1,0,0.28409260511398315
video13,BirdDrone-Local,95,0,0,0,0,0,0,0.0
video13,BirdDrone-Local,96,0,0,0,0,0,0,0.0
video13,BirdDrone-Local,97,0,0,0,0,0,0,0.0
video13,BirdDrone-Local,98,0,0,0,0,0,0,0.0
video13,BirdDrone-Local,99,0,0,0,0,0,0,0.0
video13,BirdDrone-Local,100,0,0,0,0,0,0,0.0
video13,BirdDrone-Local,101,1,1,0,0,1,0,0.2911756932735443
video13,BirdDrone-Local,102,1,1,0,0,1,0,0.27705463767051697
video13,BirdDrone-Local,103,1,1,0,0,0,0,0.49568429589271545
video13,BirdDrone-Local,104,1,1,0,0,0,0,0.6606193780899048
video13,BirdDrone-Local,105,1,1,0,0,0,0,0.5609828233718872
video13,BirdDrone-Local,106,1,1,0,0,0,0,0.371147096157074
video13,BirdDrone-Local,107,1,1,0,0,1,0,0.2769738435745239
video13,BirdDrone-Local,108,1,1,0,0,0,0,0.3531177043914795
video13,BirdDrone-Local,109,1,1,0,0,0,0,0.41090723872184753
video13,BirdDrone-Local,110,1,1,0,0,0,0,0.5720790028572083
video13,BirdDrone-Local,111,1,1,0,0,0,0,0.6524637937545776
video13,BirdDrone-Local,112,2,2,0,0,1,0,0.5229102373123169
video13,BirdDrone-Local,113,0,0,0,0,0,0,0.0
video13,BirdDrone-Local,114,0,0,0,0,0,0,0.0
video13,BirdDrone-Local,115,1,1,0,0,0,0,0.44136589765548706
video13,BirdDrone-Local,116,1,1,0,0,0,0,0.3555465042591095
video13,BirdDrone-Local,117,1,1,0,0,1,0,0.34473785758018494
video13,BirdDrone-Local,118,0,0,0,0,0,0,0.0
video13,BirdDrone-Local,119,0,0,0,0,0,0,0.0
video13,BirdDrone-Local,120,1,1,0,0,0,0,0.44135037064552307
video13,BirdDrone-Local,121,1,1,0,0,0,0,0.4723685681819916
video13,BirdDrone-Local,122,0,0,0,0,0,0,0.0
video13,BirdDrone-Local,123,0,0,0,0,0,0,0.0
video13,BirdDrone-Local,124,2,2,0,0,1,0,0.3885985314846039
video13,BirdDrone-Local,125,2,2,0,0,2,0,0.2995736300945282
video13,BirdDrone-Local,126,1,1,0,0,0,0,0.4302782416343689
video13,BirdDrone-Local,127,1,1,0,0,0,0,0.45067501068115234
video13,BirdDrone-Local,128,1,1,0,0,0,0,0.36939170956611633
video13,BirdDrone-Local,129,0,0,0,0,0,0,0.0
video13,BirdDrone-Local,130,0,0,0,0,0,0,0.0
video13,BirdDrone-Local,131,0,0,0,0,0,0,0.0
video13,BirdDrone-Local,132,1,1,0,0,0,0,0.4146585464477539
video13,BirdDrone-Local,133,2,2,0,0,1,0,0.5421290397644043
video13,BirdDrone-Local,134,2,2,0,0,0,0,0.5123523473739624
video13,BirdDrone-Local,135,2,2,0,0,1,0,0.35332968831062317
video13,BirdDrone-Local,136,1,1,0,0,0,0,0.6740760207176208
video13,BirdDrone-Local,137,1,1,0,0,0,0,0.68792325258255
video13,BirdDrone-Local,138,1,1,0,0,0,0,0.47916239500045776
video13,BirdDrone-Local,139,0,0,0,0,0,0,0.0
video13,BirdDrone-Local,140,0,0,0,0,0,0,0.0
video13,BirdDrone-Local,141,1,1,0,0,0,0,0.5426924228668213
video13,BirdDrone-Local,142,1,1,0,0,0,0,0.3787505328655243
video13,BirdDrone-Local,143,1,1,0,0,1,0,0.31474536657333374
video13,BirdDrone-Local,144,1,1,0,0,0,0,0.5688169598579407
video13,BirdDrone-Local,145,1,1,0,0,0,0,0.37795490026474
video13,BirdDrone-Local,146,1,1,0,0,1,0,0.34978756308555603
video13,BirdDrone-Local,147,0,0,0,0,0,0,0.0
video13,BirdDrone-Local,148,1,1,0,0,1,0,0.2616141736507416
video13,BirdDrone-Local,149,1,1,0,0,0,0,0.4541456699371338
video13,BirdDrone-Local,150,1,1,0,0,0,0,0.6751043796539307
video13,BirdDrone-Local,151,1,1,0,0,0,0,0.45462822914123535
video13,BirdDrone-Local,152,1,1,0,0,1,0,0.3292962908744812
video13,BirdDrone-Local,153,1,1,0,0,0,0,0.42926812171936035
video13,BirdDrone-Local,154,1,1,0,0,0,0,0.5074371695518494
video13,BirdDrone-Local,155,1,1,0,0,0,0,0.3896948993206024
video13,BirdDrone-Local,156,1,1,0,0,1,0,0.3027845323085785
video13,BirdDrone-Local,157,0,0,0,0,0,0,0.0
video13,BirdDrone-Local,158,0,0,0,0,0,0,0.0
video13,BirdDrone-Local,159,0,0,0,0,0,0,0.0
video13,BirdDrone-Local,160,0,0,0,0,0,0,0.0
video13,BirdDrone-Local,161,0,0,0,0,0,0,0.0
video13,BirdDrone-Local,162,1,1,0,0,1,0,0.2631132900714874
video13,BirdDrone-Local,163,0,0,0,0,0,0,0.0
video13,BirdDrone-Local,164,0,0,0,0,0,0,0.0
video13,BirdDrone-Local,165,0,0,0,0,0,0,0.0
video13,BirdDrone-Local,166,0,0,0,0,0,0,0.0
video13,BirdDrone-Local,167,0,0,0,0,0,0,0.0
video13,BirdDrone-Local,168,0,0,0,0,0,0,0.0
video13,BirdDrone-Local,169,0,0,0,0,0,0,0.0
video13,BirdDrone-Local,170,0,0,0,0,0,0,0.0
video13,BirdDrone-Local,171,0,0,0,0,0,0,0.0
video13,BirdDrone-Local,172,0,0,0,0,0,0,0.0
video13,BirdDrone-Local,173,0,0,0,0,0,0,0.0
video13,BirdDrone-Local,174,0,0,0,0,0,0,0.0
video13,BirdDrone-Local,175,0,0,0,0,0,0,0.0
video13,BirdDrone-Local,176,0,0,0,0,0,0,0.0
video13,BirdDrone-Local,177,0,0,0,0,0,0,0.0
video13,BirdDrone-Local,178,0,0,0,0,0,0,0.0
video13,BirdDrone-Local,179,0,0,0,0,0,0,0.0
video13,BirdDrone-Local,180,0,0,0,0,0,0,0.0
video13,BirdDrone-Local,181,0,0,0,0,0,0,0.0
video13,BirdDrone-Local,182,0,0,0,0,0,0,0.0
video13,BirdDrone-Local,183,0,0,0,0,0,0,0.0
video13,BirdDrone-Local,184,0,0,0,0,0,0,0.0
video13,BirdDrone-Local,185,0,0,0,0,0,0,0.0
video13,BirdDrone-Local,186,0,0,0,0,0,0,0.0
video13,BirdDrone-Local,187,0,0,0,0,0,0,0.0
video13,BirdDrone-Local,188,0,0,0,0,0,0,0.0
video13,BirdDrone-Local,189,0,0,0,0,0,0,0.0
video13,BirdDrone-Local,190,0,0,0,0,0,0,0.0
video13,BirdDrone-Local,191,0,0,0,0,0,0,0.0
video13,BirdDrone-Local,192,0,0,0,0,0,0,0.0
video13,BirdDrone-Local,193,0,0,0,0,0,0,0.0
video13,BirdDrone-Local,194,0,0,0,0,0,0,0.0
video13,BirdDrone-Local,195,0,0,0,0,0,0,0.0
video13,BirdDrone-Local,196,0,0,0,0,0,0,0.0
video13,BirdDrone-Local,197,0,0,0,0,0,0,0.0
video13,BirdDrone-Local,198,0,0,0,0,0,0,0.0
video13,BirdDrone-Local,199,0,0,0,0,0,0,0.0
video13,BirdDrone-Local,200,0,0,0,0,0,0,0.0
video13,BirdDrone-Local,201,0,0,0,0,0,0,0.0
video13,BirdDrone-Local,202,0,0,0,0,0,0,0.0
video13,BirdDrone-Local,203,0,0,0,0,0,0,0.0
video13,BirdDrone-Local,204,0,0,0,0,0,0,0.0
video13,BirdDrone-Local,205,0,0,0,0,0,0,0.0
video13,BirdDrone-Local,206,0,0,0,0,0,0,0.0
video13,BirdDrone-Local,207,0,0,0,0,0,0,0.0
video13,BirdDrone-Local,208,0,0,0,0,0,0,0.0
video13,BirdDrone-Local,209,0,0,0,0,0,0,0.0
video13,BirdDrone-Local,210,0,0,0,0,0,0,0.0
video13,BirdDrone-Local,211,0,0,0,0,0,0,0.0
video13,BirdDrone-Local,212,0,0,0,0,0,0,0.0
video13,BirdDrone-Local,213,0,0,0,0,0,0,0.0
video13,BirdDrone-Local,214,0,0,0,0,0,0,0.0
video13,BirdDrone-Local,215,0,0,0,0,0,0,0.0
video13,BirdDrone-Local,216,0,0,0,0,0,0,0.0
video13,BirdDrone-Local,217,0,0,0,0,0,0,0.0
video13,BirdDrone-Local,218,0,0,0,0,0,0,0.0
video13,BirdDrone-Local,219,0,0,0,0,0,0,0.0
video13,BirdDrone-Local,220,0,0,0,0,0,0,0.0
video13,BirdDrone-Local,221,0,0,0,0,0,0,0.0
video13,BirdDrone-Local,222,0,0,0,0,0,0,0.0
video13,BirdDrone-Local,223,0,0,0,0,0,0,0.0
video13,BirdDrone-Local,224,1,1,0,0,1,0,0.3051798939704895
video13,BirdDrone-Local,225,0,0,0,0,0,0,0.0
video13,BirdDrone-Local,226,0,0,0,0,0,0,0.0
video13,BirdDrone-Local,227,0,0,0,0,0,0,0.0
video13,BirdDrone-Local,228,0,0,0,0,0,0,0.0
video13,BirdDrone-Local,229,0,0,0,0,0,0,0.0
video13,BirdDrone-Local,230,0,0,0,0,0,0,0.0
video13,BirdDrone-Local,231,1,1,0,0,1,0,0.2880263030529022
video13,BirdDrone-Local,232,0,0,0,0,0,0,0.0
video13,BirdDrone-Local,233,1,1,0,0,1,0,0.2555176019668579
video13,BirdDrone-Local,234,0,0,0,0,0,0,0.0
video13,BirdDrone-Local,235,0,0,0,0,0,0,0.0
video13,BirdDrone-Local,236,1,1,0,0,1,0,0.3138905167579651
video13,BirdDrone-Local,237,1,1,0,0,1,0,0.2859923839569092
video13,BirdDrone-Local,238,0,0,0,0,0,0,0.0
video13,BirdDrone-Local,239,0,0,0,0,0,0,0.0
video13,BirdDrone-Local,240,0,0,0,0,0,0,0.0
video13,BirdDrone-Local,241,0,0,0,0,0,0,0.0
video13,BirdDrone-Local,242,0,0,0,0,0,0,0.0
video13,BirdDrone-Local,243,0,0,0,0,0,0,0.0
video13,BirdDrone-Local,244,0,0,0,0,0,0,0.0
video13,BirdDrone-Local,245,0,0,0,0,0,0,0.0
video13,BirdDrone-Local,246,1,1,0,0,1,0,0.2850734293460846
video13,BirdDrone-Local,247,1,1,0,0,1,0,0.3001873195171356
video13,BirdDrone-Local,248,0,0,0,0,0,0,0.0
video13,BirdDrone-Local,249,0,0,0,0,0,0,0.0
video13,BirdDrone-Local,250,0,0,0,0,0,0,0.0
video13,BirdDrone-Local,251,0,0,0,0,0,0,0.0
video13,BirdDrone-Local,252,0,0,0,0,0,0,0.0
video13,BirdDrone-Local,253,0,0,0,0,0,0,0.0
video13,BirdDrone-Local,254,0,0,0,0,0,0,0.0
video13,BirdDrone-Local,255,0,0,0,0,0,0,0.0
video13,BirdDrone-Local,256,0,0,0,0,0,0,0.0
video13,BirdDrone-Local,257,0,0,0,0,0,0,0.0
video13,BirdDrone-Local,258,0,0,0,0,0,0,0.0
video13,BirdDrone-Local,259,0,0,0,0,0,0,0.0
video13,BirdDrone-Local,260,0,0,0,0,0,0,0.0
video13,BirdDrone-Local,261,0,0,0,0,0,0,0.0
video13,BirdDrone-Local,262,0,0,0,0,0,0,0.0
video13,BirdDrone-Local,263,0,0,0,0,0,0,0.0
video13,BirdDrone-Local,264,0,0,0,0,0,0,0.0
video13,BirdDrone-Local,265,0,0,0,0,0,0,0.0
video13,BirdDrone-Local,266,0,0,0,0,0,0,0.0
video13,BirdDrone-Local,267,0,0,0,0,0,0,0.0
video13,BirdDrone-Local,268,0,0,0,0,0,0,0.0
video13,BirdDrone-Local,269,0,0,0,0,0,0,0.0
video13,BirdDrone-Local,270,0,0,0,0,0,0,0.0
video13,BirdDrone-Local,271,1,1,0,0,1,0,0.3306560814380646
video13,BirdDrone-Local,272,1,1,0,0,0,0,0.3691733479499817
video13,BirdDrone-Local,273,1,1,0,0,1,0,0.3470824658870697
video13,BirdDrone-Local,274,1,1,0,0,0,0,0.36550289392471313
video13,BirdDrone-Local,275,2,2,0,0,1,0,0.40687164664268494
video13,BirdDrone-Local,276,1,1,0,0,1,0,0.33625105023384094
video13,BirdDrone-Local,277,1,1,0,0,0,0,0.38085877895355225
video13,BirdDrone-Local,278,0,0,0,0,0,0,0.0
video13,BirdDrone-Local,279,0,0,0,0,0,0,0.0
video13,BirdDrone-Local,280,0,0,0,0,0,0,0.0
video13,BirdDrone-Local,281,0,0,0,0,0,0,0.0
video13,BirdDrone-Local,282,0,0,0,0,0,0,0.0
video13,BirdDrone-Local,283,1,1,0,0,1,0,0.28452572226524353
video13,BirdDrone-Local,284,0,0,0,0,0,0,0.0
video13,BirdDrone-Local,285,0,0,0,0,0,0,0.0
video13,BirdDrone-Local,286,0,0,0,0,0,0,0.0
video13,BirdDrone-Local,287,0,0,0,0,0,0,0.0
video13,BirdDrone-Local,288,0,0,0,0,0,0,0.0
video13,BirdDrone-Local,289,0,0,0,0,0,0,0.0
video13,BirdDrone-Local,290,0,0,0,0,0,0,0.0
video13,BirdDrone-Local,291,0,0,0,0,0,0,0.0
video13,BirdDrone-Local,292,0,0,0,0,0,0,0.0
video13,BirdDrone-Local,293,0,0,0,0,0,0,0.0
video13,BirdDrone-Local,294,0,0,0,0,0,0,0.0
video13,BirdDrone-Local,295,0,0,0,0,0,0,0.0
video13,BirdDrone-Local,296,0,0,0,0,0,0,0.0
video13,BirdDrone-Local,297,0,0,0,0,0,0,0.0
video13,BirdDrone-Local,298,0,0,0,0,0,0,0.0
video13,BirdDrone-Local,299,0,0,0,0,0,0,0.0
video13,BirdDrone-Local,300,0,0,0,0,0,0,0.0
video13,BirdDrone-Local,301,0,0,0,0,0,0,0.0
video13,BirdDrone-Local,302,0,0,0,0,0,0,0.0
video13,BirdDrone-Local,303,0,0,0,0,0,0,0.0
video13,BirdDrone-Local,304,0,0,0,0,0,0,0.0
video13,BirdDrone-Local,305,0,0,0,0,0,0,0.0
video13,BirdDrone-Local,306,0,0,0,0,0,0,0.0
video13,BirdDrone-Local,307,0,0,0,0,0,0,0.0
video13,BirdDrone-Local,308,0,0,0,0,0,0,0.0
video13,BirdDrone-Local,309,0,0,0,0,0,0,0.0
video13,BirdDrone-Local,310,0,0,0,0,0,0,0.0
video13,BirdDrone-Local,311,0,0,0,0,0,0,0.0
video13,BirdDrone-Local,312,0,0,0,0,0,0,0.0
video13,BirdDrone-Local,313,0,0,0,0,0,0,0.0
video13,BirdDrone-Local,314,0,0,0,0,0,0,0.0
video13,BirdDrone-Local,315,0,0,0,0,0,0,0.0
video13,BirdDrone-Local,316,0,0,0,0,0,0,0.0
video13,BirdDrone-Local,317,0,0,0,0,0,0,0.0
video13,BirdDrone-Local,318,0,0,0,0,0,0,0.0
video13,BirdDrone-Local,319,0,0,0,0,0,0,0.0
video13,BirdDrone-Local,320,0,0,0,0,0,0,0.0
video13,BirdDrone-Local,321,0,0,0,0,0,0,0.0
video13,BirdDrone-Local,322,0,0,0,0,0,0,0.0
video13,BirdDrone-Local,323,0,0,0,0,0,0,0.0
video13,BirdDrone-Local,324,0,0,0,0,0,0,0.0
video13,BirdDrone-Local,325,0,0,0,0,0,0,0.0
video13,BirdDrone-Local,326,0,0,0,0,0,0,0.0
video13,BirdDrone-Local,327,0,0,0,0,0,0,0.0
video13,BirdDrone-Local,328,0,0,0,0,0,0,0.0
video13,BirdDrone-Local,329,0,0,0,0,0,0,0.0
video13,BirdDrone-Local,330,0,0,0,0,0,0,0.0
video13,BirdDrone-Local,331,0,0,0,0,0,0,0.0
video13,BirdDrone-Local,332,1,1,0,0,1,0,0.28491532802581787
video13,BirdDrone-Local,333,0,0,0,0,0,0,0.0
video13,BirdDrone-Local,334,0,0,0,0,0,0,0.0
video13,BirdDrone-Local,335,0,0,0,0,0,0,0.0
video13,BirdDrone-Local,336,0,0,0,0,0,0,0.0
video13,BirdDrone-Local,337,0,0,0,0,0,0,0.0
video13,BirdDrone-Local,338,0,0,0,0,0,0,0.0
video13,BirdDrone-Local,339,0,0,0,0,0,0,0.0
video13,BirdDrone-Local,340,0,0,0,0,0,0,0.0
video13,BirdDrone-Local,341,0,0,0,0,0,0,0.0
video13,BirdDrone-Local,342,0,0,0,0,0,0,0.0
video13,BirdDrone-Local,343,0,0,0,0,0,0,0.0
video13,BirdDrone-Local,344,0,0,0,0,0,0,0.0
video13,BirdDrone-Local,345,1,1,0,0,1,0,0.31265684962272644
video13,BirdDrone-Local,346,1,1,0,0,1,0,0.315725177526474
video13,BirdDrone-Local,347,1,1,0,0,0,0,0.3553999066352844
video13,BirdDrone-Local,348,1,1,0,0,1,0,0.34046801924705505
video13,BirdDrone-Local,349,0,0,0,0,0,0,0.0
video13,BirdDrone-Local,350,0,0,0,0,0,0,0.0
video13,BirdDrone-Local,351,0,0,0,0,0,0,0.0
video13,BirdDrone-Local,352,0,0,0,0,0,0,0.0
video13,BirdDrone-Local,353,0,0,0,0,0,0,0.0
video13,BirdDrone-Local,354,1,1,0,0,1,0,0.2842637002468109
video13,BirdDrone-Local,355,0,0,0,0,0,0,0.0
video13,BirdDrone-Local,356,1,1,0,0,0,0,0.5032414793968201
video13,BirdDrone-Local,357,1,1,0,0,0,0,0.38182851672172546
video13,BirdDrone-Local,358,1,1,0,0,0,0,0.42244037985801697
video13,BirdDrone-Local,359,1,1,0,0,1,0,0.3477981686592102
video13,BirdDrone-Local,360,0,0,0,0,0,0,0.0
video13,BirdDrone-Local,361,0,0,0,0,0,0,0.0
video13,BirdDrone-Local,362,1,1,0,0,0,0,0.43049851059913635
video13,BirdDrone-Local,363,0,0,0,0,0,0,0.0
video13,BirdDrone-Local,364,1,1,0,0,0,0,0.3860163688659668
video13,BirdDrone-Local,365,1,1,0,0,0,0,0.3565973937511444
video13,BirdDrone-Local,366,1,1,0,0,0,0,0.7274156808853149
video13,BirdDrone-Local,367,1,1,0,0,0,0,0.5629924535751343
video13,BirdDrone-Local,368,1,1,0,0,1,0,0.332396537065506
video13,BirdDrone-Local,369,1,1,0,0,0,0,0.46867236495018005
video13,BirdDrone-Local,370,1,1,0,0,0,0,0.5079453587532043
video13,BirdDrone-Local,371,1,1,0,0,0,0,0.39643457531929016
video13,BirdDrone-Local,372,1,1,0,0,0,0,0.4452001750469208
video13,BirdDrone-Local,373,1,1,0,0,0,0,0.5412094593048096
video13,BirdDrone-Local,374,0,0,0,0,0,0,0.0
video13,BirdDrone-Local,375,1,1,0,0,1,0,0.3282233774662018
video13,BirdDrone-Local,376,0,0,0,0,0,0,0.0
video13,BirdDrone-Local,377,0,0,0,0,0,0,0.0
video13,BirdDrone-Local,378,0,0,0,0,0,0,0.0
video13,BirdDrone-Local,379,0,0,0,0,0,0,0.0
video13,BirdDrone-Local,380,0,0,0,0,0,0,0.0
video13,BirdDrone-Local,381,0,0,0,0,0,0,0.0
video13,BirdDrone-Local,382,0,0,0,0,0,0,0.0
video13,BirdDrone-Local,383,0,0,0,0,0,0,0.0
video13,BirdDrone-Local,384,0,0,0,0,0,0,0.0
video13,BirdDrone-Local,385,0,0,0,0,0,0,0.0
video13,BirdDrone-Local,386,0,0,0,0,0,0,0.0
video13,BirdDrone-Local,387,0,0,0,0,0,0,0.0
video13,BirdDrone-Local,388,0,0,0,0,0,0,0.0
video13,BirdDrone-Local,389,0,0,0,0,0,0,0.0
video13,BirdDrone-Local,390,0,0,0,0,0,0,0.0
video13,BirdDrone-Local,391,1,1,0,0,1,0,0.3019460439682007
video13,BirdDrone-Local,392,1,1,0,0,1,0,0.27920737862586975
video13,BirdDrone-Local,393,1,1,0,0,0,0,0.4822148084640503
video13,BirdDrone-Local,394,1,1,0,0,0,0,0.6021696329116821
video13,BirdDrone-Local,395,1,1,0,0,0,0,0.4257059395313263
video13,BirdDrone-Local,396,1,1,0,0,0,0,0.5379641056060791
video13,BirdDrone-Local,397,1,1,0,0,0,0,0.6934750080108643
video13,BirdDrone-Local,398,1,1,0,0,0,0,0.6100125312805176
video13,BirdDrone-Local,399,0,0,0,0,0,0,0.0
video13,BirdDrone-Local,400,0,0,0,0,0,0,0.0
video13,BirdDrone-Local,401,0,0,0,0,0,0,0.0
video13,BirdDrone-Local,402,0,0,0,0,0,0,0.0
video13,BirdDrone-Local,403,1,1,0,0,1,0,0.3312380015850067
video13,BirdDrone-Local,404,1,1,0,0,0,0,0.5363937616348267
video13,BirdDrone-Local,405,1,1,0,0,0,0,0.417192667722702
video13,BirdDrone-Local,406,1,1,0,0,0,0,0.5475753545761108
video13,BirdDrone-Local,407,1,1,0,0,0,0,0.5596449971199036
video13,BirdDrone-Local,408,1,1,0,0,1,0,0.3049333393573761
video13,BirdDrone-Local,409,1,1,0,0,0,0,0.673438549041748
video13,BirdDrone-Local,410,1,1,0,0,0,0,0.7643765807151794
video13,BirdDrone-Local,411,1,1,0,0,0,0,0.6959841847419739
video13,BirdDrone-Local,412,1,1,0,0,0,0,0.5116300582885742
video13,BirdDrone-Local,413,1,1,0,0,0,0,0.6792651414871216
video13,BirdDrone-Local,414,1,1,0,0,0,0,0.692646861076355
video13,BirdDrone-Local,415,1,1,0,0,0,0,0.6058377623558044
video13,BirdDrone-Local,416,1,1,0,0,0,0,0.5048921704292297
video13,BirdDrone-Local,417,1,1,0,0,0,0,0.5711434483528137
video13,BirdDrone-Local,418,1,1,0,0,0,0,0.5780286192893982
video13,BirdDrone-Local,419,1,1,0,0,0,0,0.3829663395881653
video13,BirdDrone-Local,420,1,1,0,0,0,0,0.521169900894165
video13,BirdDrone-Local,421,2,2,0,0,1,0,0.4094637930393219
video13,BirdDrone-Local,422,1,1,0,0,0,0,0.6066741347312927
video13,BirdDrone-Local,423,1,1,0,0,0,0,0.5264217257499695
video13,BirdDrone-Local,424,1,1,0,0,0,0,0.5583443641662598
video13,BirdDrone-Local,425,2,2,0,0,1,0,0.41778475046157837
video13,BirdDrone-Local,426,2,2,0,0,1,0,0.3982103168964386
video13,BirdDrone-Local,427,1,1,0,0,0,0,0.48977023363113403
video13,BirdDrone-Local,428,1,1,0,0,0,0,0.3778145909309387
video13,BirdDrone-Local,429,2,2,0,0,2,0,0.3414962887763977
video13,BirdDrone-Local,430,1,1,0,0,0,0,0.6516307592391968
video13,BirdDrone-Local,431,1,1,0,0,0,0,0.4439132809638977
video13,BirdDrone-Local,432,0,0,0,0,0,0,0.0
video13,BirdDrone-Local,433,1,1,0,0,1,0,0.29290521144866943
video13,BirdDrone-Local,434,1,1,0,0,0,0,0.3858186602592468
video13,BirdDrone-Local,435,2,2,0,0,1,0,0.4427800476551056
video13,BirdDrone-Local,436,0,0,0,0,0,0,0.0
video13,BirdDrone-Local,437,1,1,0,0,0,0,0.44464111328125
video13,BirdDrone-Local,438,2,2,0,0,0,0,0.5764040946960449
video13,BirdDrone-Local,439,1,1,0,0,0,0,0.684910237789154
video13,BirdDrone-Local,440,1,1,0,0,0,0,0.6289078593254089
video13,BirdDrone-Local,441,1,1,0,0,0,0,0.6544165015220642
video13,BirdDrone-Local,442,2,2,0,0,1,0,0.5866287350654602
video13,BirdDrone-Local,443,1,1,0,0,0,0,0.5387908220291138
video13,BirdDrone-Local,444,1,1,0,0,0,0,0.4468826651573181
video13,BirdDrone-Local,445,1,1,0,0,0,0,0.49556076526641846
video13,BirdDrone-Local,446,1,1,0,0,0,0,0.7201791405677795
video13,BirdDrone-Local,447,1,1,0,0,0,0,0.8151479959487915
video13,BirdDrone-Local,448,1,1,0,0,0,0,0.8244848251342773
video13,BirdDrone-Local,449,2,2,0,0,0,0,0.6850653886795044
video13,BirdDrone-Local,450,1,1,0,0,0,0,0.8358341455459595
video13,BirdDrone-Local,451,1,1,0,0,0,0,0.6587644815444946
video13,BirdDrone-Local,452,1,1,0,0,0,0,0.6954023241996765
video13,BirdDrone-Local,453,1,1,0,0,0,0,0.43045052886009216
video13,BirdDrone-Local,454,1,1,0,0,0,0,0.36405545473098755
video13,BirdDrone-Local,455,1,1,0,0,0,0,0.7196934819221497
video13,BirdDrone-Local,456,1,1,0,0,0,0,0.4910006821155548
video13,BirdDrone-Local,457,1,1,0,0,0,0,0.6798108816146851
video13,BirdDrone-Local,458,1,1,0,0,0,0,0.7045132517814636
video13,BirdDrone-Local,459,1,1,0,0,0,0,0.6134756207466125
video13,BirdDrone-Local,460,0,0,0,0,0,0,0.0
video13,BirdDrone-Local,461,0,0,0,0,0,0,0.0
video13,BirdDrone-Local,462,1,1,0,0,0,0,0.6471604704856873
video13,BirdDrone-Local,463,1,1,0,0,0,0,0.7261049747467041
video13,BirdDrone-Local,464,1,1,0,0,0,0,0.8131222128868103
video13,BirdDrone-Local,465,1,1,0,0,0,0,0.7343193888664246
video13,BirdDrone-Local,466,1,1,0,0,0,0,0.7495506405830383
video13,BirdDrone-Local,467,1,1,0,0,0,0,0.7653987407684326
video13,BirdDrone-Local,468,1,1,0,0,0,0,0.7570826411247253
video13,BirdDrone-Local,469,1,1,0,0,0,0,0.7347869277000427
video13,BirdDrone-Local,470,1,1,0,0,0,0,0.6962564587593079
video13,BirdDrone-Local,471,1,1,0,0,0,0,0.607666552066803
video13,BirdDrone-Local,472,2,2,0,0,1,0,0.707312285900116
video13,BirdDrone-Local,473,1,1,0,0,0,0,0.5629427433013916
video13,BirdDrone-Local,474,1,1,0,0,0,0,0.7951349020004272
video13,BirdDrone-Local,475,1,1,0,0,0,0,0.7486581802368164
video13,BirdDrone-Local,476,1,1,0,0,0,0,0.8008392453193665
video13,BirdDrone-Local,477,1,1,0,0,0,0,0.7559517025947571
video13,BirdDrone-Local,478,1,1,0,0,0,0,0.8142496347427368
video13,BirdDrone-Local,479,1,1,0,0,0,0,0.8198938965797424
video13,BirdDrone-Local,480,1,1,0,0,0,0,0.8000409007072449
video13,BirdDrone-Local,481,1,1,0,0,0,0,0.8108173608779907
video13,BirdDrone-Local,482,1,1,0,0,0,0,0.8253728747367859
video13,BirdDrone-Local,483,1,1,0,0,0,0,0.8398478627204895
video13,BirdDrone-Local,484,1,1,0,0,0,0,0.8219634294509888
video13,BirdDrone-Local,485,1,1,0,0,0,0,0.8010676503181458
video13,BirdDrone-Local,486,1,1,0,0,0,0,0.8252054452896118
video13,BirdDrone-Local,487,1,1,0,0,0,0,0.8449577689170837
video13,BirdDrone-Local,488,1,1,0,0,0,0,0.8363599181175232
video13,BirdDrone-Local,489,1,1,0,0,0,0,0.8327966928482056
video13,BirdDrone-Local,490,1,1,0,0,0,0,0.847527801990509
video13,BirdDrone-Local,491,1,1,0,0,0,0,0.8209407925605774
video13,BirdDrone-Local,492,1,1,0,0,0,0,0.8084449768066406
video13,BirdDrone-Local,493,1,1,0,0,0,0,0.8149989247322083
video13,BirdDrone-Local,494,1,1,0,0,0,0,0.6448419094085693
video13,BirdDrone-Local,495,1,1,0,0,0,0,0.7214851379394531
video13,BirdDrone-Local,496,1,1,0,0,0,0,0.6051110029220581
video13,BirdDrone-Local,497,1,1,0,0,0,0,0.4916830360889435
video13,BirdDrone-Local,498,0,0,0,0,0,0,0.0
video13,BirdDrone-Local,499,0,0,0,0,0,0,0.0
video13,BirdDrone-Local,500,0,0,0,0,0,0,0.0
video13,BirdDrone-Local,501,0,0,0,0,0,0,0.0
video13,BirdDrone-Local,502,0,0,0,0,0,0,0.0
video13,BirdDrone-Local,503,1,1,0,0,0,0,0.39046764373779297
video13,BirdDrone-Local,504,1,1,0,0,0,0,0.5838583111763
video13,BirdDrone-Local,505,1,1,0,0,0,0,0.5788753032684326
video13,BirdDrone-Local,506,0,0,0,0,0,0,0.0
video13,BirdDrone-Local,507,1,1,0,0,0,0,0.5589016675949097
video13,BirdDrone-Local,508,1,1,0,0,0,0,0.3606235980987549
video13,BirdDrone-Local,509,1,1,0,0,1,0,0.2921036183834076
video13,BirdDrone-Local,510,0,0,0,0,0,0,0.0
video13,BirdDrone-Local,511,0,0,0,0,0,0,0.0
video13,BirdDrone-Local,512,0,0,0,0,0,0,0.0
video13,BirdDrone-Local,513,0,0,0,0,0,0,0.0
video13,BirdDrone-Local,514,0,0,0,0,0,0,0.0
video13,BirdDrone-Local,515,1,1,0,0,0,0,0.3722326159477234
video13,BirdDrone-Local,516,1,1,0,0,1,0,0.2528340816497803
video13,BirdDrone-Local,517,0,0,0,0,0,0,0.0
video13,BirdDrone-Local,518,0,0,0,0,0,0,0.0
video13,BirdDrone-Local,519,0,0,0,0,0,0,0.0
video13,BirdDrone-Local,520,0,0,0,0,0,0,0.0
video13,BirdDrone-Local,521,1,1,0,0,1,0,0.2785326838493347
video13,BirdDrone-Local,522,0,0,0,0,0,0,0.0
video13,BirdDrone-Local,523,1,1,0,0,0,0,0.46453148126602173
video13,BirdDrone-Local,524,1,1,0,0,0,0,0.4452897012233734
video13,BirdDrone-Local,525,1,1,0,0,0,0,0.7324858903884888
video13,BirdDrone-Local,526,1,1,0,0,0,0,0.6467879414558411
video13,BirdDrone-Local,527,1,1,0,0,0,0,0.592623770236969
video13,BirdDrone-Local,528,0,0,0,0,0,0,0.0
video13,BirdDrone-Local,529,1,1,0,0,1,0,0.2960667908191681
video13,BirdDrone-Local,530,1,1,0,0,0,0,0.4327492117881775
video13,BirdDrone-Local,531,1,1,0,0,0,0,0.5357056856155396
video13,BirdDrone-Local,532,1,1,0,0,0,0,0.5461602210998535
video13,BirdDrone-Local,533,1,1,0,0,1,0,0.31172338128089905
video13,BirdDrone-Local,534,1,1,0,0,0,0,0.5333234071731567
video13,BirdDrone-Local,535,1,1,0,0,1,0,0.30945271253585815
video13,BirdDrone-Local,536,0,0,0,0,0,0,0.0
video13,BirdDrone-Local,537,0,0,0,0,0,0,0.0
video13,BirdDrone-Local,538,0,0,0,0,0,0,0.0
video13,BirdDrone-Local,539,0,0,0,0,0,0,0.0
video13,BirdDrone-Local,540,1,1,0,0,0,0,0.5268380045890808
video13,BirdDrone-Local,541,0,0,0,0,0,0,0.0
video13,BirdDrone-Local,542,0,0,0,0,0,0,0.0
video13,BirdDrone-Local,543,0,0,0,0,0,0,0.0
video13,BirdDrone-Local,544,0,0,0,0,0,0,0.0
video13,BirdDrone-Local,545,0,0,0,0,0,0,0.0
video13,BirdDrone-Local,546,0,0,0,0,0,0,0.0
video13,BirdDrone-Local,547,2,2,0,0,0,0,0.4082481563091278
video13,BirdDrone-Local,548,1,1,0,0,0,0,0.4865402579307556
video13,BirdDrone-Local,549,1,1,0,0,0,0,0.5541738271713257
video13,BirdDrone-Local,550,1,1,0,0,1,0,0.3429986536502838
video13,BirdDrone-Local,551,1,1,0,0,0,0,0.6618161201477051
video13,BirdDrone-Local,552,1,1,0,0,0,0,0.5900965929031372
video13,BirdDrone-Local,553,1,1,0,0,1,0,0.2542932629585266
video13,BirdDrone-Local,554,1,1,0,0,1,0,0.3089495897293091
video13,BirdDrone-Local,555,1,1,0,0,0,0,0.6876332759857178
video13,BirdDrone-Local,556,1,1,0,0,0,0,0.7482050061225891
video13,BirdDrone-Local,557,1,1,0,0,0,0,0.6955101490020752
video13,BirdDrone-Local,558,1,1,0,0,0,0,0.7675219178199768
video13,BirdDrone-Local,559,1,1,0,0,0,0,0.7852542400360107
video13,BirdDrone-Local,560,1,1,0,0,0,0,0.7480218410491943
video13,BirdDrone-Local,561,2,2,0,0,1,0,0.5650798678398132
video13,BirdDrone-Local,562,1,1,0,0,0,0,0.7398984432220459
video13,BirdDrone-Local,563,1,1,0,0,0,0,0.7318217754364014
video13,BirdDrone-Local,564,1,1,0,0,0,0,0.8015069961547852
video13,BirdDrone-Local,565,1,1,0,0,0,0,0.8289623260498047
video13,BirdDrone-Local,566,1,1,0,0,0,0,0.42662668228149414
video13,BirdDrone-Local,567,1,1,0,0,0,0,0.738715648651123
video13,BirdDrone-Local,568,1,1,0,0,0,0,0.7316253781318665
video13,BirdDrone-Local,569,1,1,0,0,0,0,0.6841710805892944
video13,BirdDrone-Local,570,1,1,0,0,0,0,0.7877913117408752
video13,BirdDrone-Local,571,1,1,0,0,0,0,0.8426834940910339
video13,BirdDrone-Local,572,1,1,0,0,0,0,0.5569695830345154
video13,BirdDrone-Local,573,1,1,0,0,0,0,0.45131468772888184
video13,BirdDrone-Local,574,0,0,0,0,0,0,0.0
video13,BirdDrone-Local,575,1,1,0,0,0,0,0.6015597581863403
video13,BirdDrone-Local,576,1,1,0,0,1,0,0.278848797082901
video13,BirdDrone-Local,577,0,0,0,0,0,0,0.0
video13,BirdDrone-Local,578,1,1,0,0,0,0,0.4056209623813629
video13,BirdDrone-Local,579,0,0,0,0,0,0,0.0
video13,BirdDrone-Local,580,0,0,0,0,0,0,0.0
video13,BirdDrone-Local,581,0,0,0,0,0,0,0.0
video13,BirdDrone-Local,582,0,0,0,0,0,0,0.0
video13,BirdDrone-Local,583,0,0,0,0,0,0,0.0
video13,BirdDrone-Local,584,0,0,0,0,0,0,0.0
video13,BirdDrone-Local,585,0,0,0,0,0,0,0.0
video13,BirdDrone-Local,586,0,0,0,0,0,0,0.0
video13,BirdDrone-Local,587,0,0,0,0,0,0,0.0
video13,BirdDrone-Local,588,0,0,0,0,0,0,0.0
video13,BirdDrone-Local,589,0,0,0,0,0,0,0.0
video13,BirdDrone-Local,590,0,0,0,0,0,0,0.0
video13,BirdDrone-Local,591,0,0,0,0,0,0,0.0
video13,BirdDrone-Local,592,0,0,0,0,0,0,0.0
video13,BirdDrone-Local,593,0,0,0,0,0,0,0.0
video13,BirdDrone-Local,594,0,0,0,0,0,0,0.0
video13,BirdDrone-Local,595,0,0,0,0,0,0,0.0
video13,BirdDrone-Local,596,0,0,0,0,0,0,0.0
video13,BirdDrone-Local,597,0,0,0,0,0,0,0.0
video13,BirdDrone-Local,598,0,0,0,0,0,0,0.0
video13,BirdDrone-Local,599,0,0,0,0,0,0,0.0
video13,BirdDrone-Local,600,0,0,0,0,0,0,0.0
video13,BirdDrone-Local,601,0,0,0,0,0,0,0.0
video13,BirdDrone-Local,602,0,0,0,0,0,0,0.0
video13,BirdDrone-Local,603,0,0,0,0,0,0,0.0
video13,BirdDrone-Local,604,0,0,0,0,0,0,0.0
video13,BirdDrone-Local,605,0,0,0,0,0,0,0.0
video13,BirdDrone-Local,606,0,0,0,0,0,0,0.0
video13,BirdDrone-Local,607,0,0,0,0,0,0,0.0
video13,BirdDrone-Local,608,0,0,0,0,0,0,0.0
video13,BirdDrone-Local,609,0,0,0,0,0,0,0.0
video13,BirdDrone-Local,610,0,0,0,0,0,0,0.0
video13,BirdDrone-Local,611,0,0,0,0,0,0,0.0
video13,BirdDrone-Local,612,0,0,0,0,0,0,0.0
video13,BirdDrone-Local,613,0,0,0,0,0,0,0.0
video13,BirdDrone-Local,614,0,0,0,0,0,0,0.0
video13,BirdDrone-Local,615,0,0,0,0,0,0,0.0
video13,BirdDrone-Local,616,0,0,0,0,0,0,0.0
video13,BirdDrone-Local,617,0,0,0,0,0,0,0.0
video13,BirdDrone-Local,618,0,0,0,0,0,0,0.0
video13,BirdDrone-Local,619,0,0,0,0,0,0,0.0
video13,BirdDrone-Local,620,0,0,0,0,0,0,0.0
video13,BirdDrone-Local,621,0,0,0,0,0,0,0.0
video13,BirdDrone-Local,622,0,0,0,0,0,0,0.0
video13,BirdDrone-Local,623,0,0,0,0,0,0,0.0
video13,BirdDrone-Local,624,0,0,0,0,0,0,0.0
video13,BirdDrone-Local,625,0,0,0,0,0,0,0.0
video13,BirdDrone-Local,626,0,0,0,0,0,0,0.0
video13,BirdDrone-Local,627,0,0,0,0,0,0,0.0
video13,BirdDrone-Local,628,0,0,0,0,0,0,0.0
video13,BirdDrone-Local,629,1,1,0,0,1,0,0.33302345871925354
video13,BirdDrone-Local,630,0,0,0,0,0,0,0.0
video13,BirdDrone-Local,631,0,0,0,0,0,0,0.0
video13,BirdDrone-Local,632,0,0,0,0,0,0,0.0
video13,BirdDrone-Local,633,1,1,0,0,0,0,0.3942107558250427
video13,BirdDrone-Local,634,1,1,0,0,0,0,0.7410241365432739
video13,BirdDrone-Local,635,0,0,0,0,0,0,0.0
video13,BirdDrone-Local,636,1,1,0,0,0,0,0.35288509726524353
video13,BirdDrone-Local,637,0,0,0,0,0,0,0.0
video13,BirdDrone-Local,638,1,1,0,0,1,0,0.2851628363132477
video13,BirdDrone-Local,639,1,1,0,0,0,0,0.45316779613494873
video13,BirdDrone-Local,640,0,0,0,0,0,0,0.0
video13,BirdDrone-Local,641,0,0,0,0,0,0,0.0
video13,BirdDrone-Local,642,1,1,0,0,1,0,0.3019598126411438
video13,BirdDrone-Local,643,1,1,0,0,1,0,0.2925605773925781
video13,BirdDrone-Local,644,0,0,0,0,0,0,0.0
video13,BirdDrone-Local,645,1,1,0,0,1,0,0.26930466294288635
video13,BirdDrone-Local,646,1,1,0,0,0,0,0.5211191773414612
video13,BirdDrone-Local,647,0,0,0,0,0,0,0.0
video13,BirdDrone-Local,648,0,0,0,0,0,0,0.0
video13,BirdDrone-Local,649,0,0,0,0,0,0,0.0
video13,BirdDrone-Local,650,0,0,0,0,0,0,0.0
video13,BirdDrone-Local,651,0,0,0,0,0,0,0.0
video13,BirdDrone-Local,652,0,0,0,0,0,0,0.0
video13,BirdDrone-Local,653,0,0,0,0,0,0,0.0
video13,BirdDrone-Local,654,1,1,0,0,1,0,0.33074283599853516
video13,BirdDrone-Local,655,1,1,0,0,1,0,0.3479805588722229
video13,BirdDrone-Local,656,1,1,0,0,0,0,0.3606029450893402
video13,BirdDrone-Local,657,0,0,0,0,0,0,0.0
video13,BirdDrone-Local,658,1,1,0,0,0,0,0.7176966071128845
video13,BirdDrone-Local,659,1,1,0,0,0,0,0.700402557849884
video13,BirdDrone-Local,660,1,1,0,0,0,0,0.7732844352722168
video13,BirdDrone-Local,661,2,2,0,0,0,0,0.6911672949790955
video13,BirdDrone-Local,662,0,0,0,0,0,0,0.0
video13,BirdDrone-Local,663,0,0,0,0,0,0,0.0
video13,BirdDrone-Local,664,0,0,0,0,0,0,0.0
video13,BirdDrone-Local,665,1,1,0,0,1,0,0.26804104447364807
video13,BirdDrone-Local,666,0,0,0,0,0,0,0.0
video13,BirdDrone-Local,667,0,0,0,0,0,0,0.0
video13,BirdDrone-Local,668,0,0,0,0,0,0,0.0
video13,BirdDrone-Local,669,0,0,0,0,0,0,0.0
video13,BirdDrone-Local,670,0,0,0,0,0,0,0.0
video13,BirdDrone-Local,671,0,0,0,0,0,0,0.0
video13,BirdDrone-Local,672,0,0,0,0,0,0,0.0
video13,BirdDrone-Local,673,0,0,0,0,0,0,0.0
video13,BirdDrone-Local,674,0,0,0,0,0,0,0.0
video13,BirdDrone-Local,675,1,1,0,0,1,0,0.25532352924346924
video13,BirdDrone-Local,676,1,1,0,0,1,0,0.2660983204841614
video13,BirdDrone-Local,677,1,1,0,0,1,0,0.2584804892539978
video13,BirdDrone-Local,678,0,0,0,0,0,0,0.0
video13,BirdDrone-Local,679,0,0,0,0,0,0,0.0
video13,BirdDrone-Local,680,0,0,0,0,0,0,0.0
video13,BirdDrone-Local,681,0,0,0,0,0,0,0.0
video13,BirdDrone-Local,682,0,0,0,0,0,0,0.0
video13,BirdDrone-Local,683,0,0,0,0,0,0,0.0
video13,BirdDrone-Local,684,0,0,0,0,0,0,0.0
video13,BirdDrone-Local,685,0,0,0,0,0,0,0.0
video13,BirdDrone-Local,686,0,0,0,0,0,0,0.0
video13,BirdDrone-Local,687,0,0,0,0,0,0,0.0
video13,BirdDrone-Local,688,0,0,0,0,0,0,0.0
video13,BirdDrone-Local,689,0,0,0,0,0,0,0.0
video13,BirdDrone-Local,690,0,0,0,0,0,0,0.0
video13,BirdDrone-Local,691,0,0,0,0,0,0,0.0
video13,BirdDrone-Local,692,0,0,0,0,0,0,0.0
video13,BirdDrone-Local,693,0,0,0,0,0,0,0.0
video13,BirdDrone-Local,694,0,0,0,0,0,0,0.0
video13,BirdDrone-Local,695,0,0,0,0,0,0,0.0
video13,BirdDrone-Local,696,0,0,0,0,0,0,0.0
video13,BirdDrone-Local,697,0,0,0,0,0,0,0.0
video13,BirdDrone-Local,698,0,0,0,0,0,0,0.0
video13,BirdDrone-Local,699,0,0,0,0,0,0,0.0
video13,BirdDrone-Local,700,0,0,0,0,0,0,0.0
video13,BirdDrone-Local,701,0,0,0,0,0,0,0.0
video13,BirdDrone-Local,702,1,1,0,0,1,0,0.2876861095428467
video13,BirdDrone-Local,703,0,0,0,0,0,0,0.0
video13,BirdDrone-Local,704,0,0,0,0,0,0,0.0
video13,BirdDrone-Local,705,0,0,0,0,0,0,0.0
video13,BirdDrone-Local,706,0,0,0,0,0,0,0.0
video13,BirdDrone-Local,707,0,0,0,0,0,0,0.0
video13,BirdDrone-Local,708,0,0,0,0,0,0,0.0
video13,BirdDrone-Local,709,0,0,0,0,0,0,0.0
video13,BirdDrone-Local,710,0,0,0,0,0,0,0.0
video13,BirdDrone-Local,711,1,1,0,0,1,0,0.3139410614967346
video13,BirdDrone-Local,712,1,1,0,0,0,0,0.4932526648044586
video13,BirdDrone-Local,713,1,1,0,0,0,0,0.6996619701385498
video13,BirdDrone-Local,714,1,1,0,0,0,0,0.7552560567855835
video13,BirdDrone-Local,715,0,0,0,0,0,0,0.0
video13,BirdDrone-Local,716,0,0,0,0,0,0,0.0
video13,BirdDrone-Local,717,0,0,0,0,0,0,0.0
video13,BirdDrone-Local,718,0,0,0,0,0,0,0.0
video13,BirdDrone-Local,719,0,0,0,0,0,0,0.0
video13,BirdDrone-Local,720,0,0,0,0,0,0,0.0
video13,BirdDrone-Local,721,0,0,0,0,0,0,0.0
video13,BirdDrone-Local,722,1,1,0,0,1,0,0.3277971148490906
video13,BirdDrone-Local,723,0,0,0,0,0,0,0.0
video13,BirdDrone-Local,724,1,1,0,0,0,0,0.5135502815246582
video13,BirdDrone-Local,725,1,1,0,0,0,0,0.7067468762397766
video13,BirdDrone-Local,726,2,2,0,0,0,0,0.6031865477561951
video13,BirdDrone-Local,727,2,2,0,0,0,0,0.45446979999542236
video13,BirdDrone-Local,728,2,2,0,0,1,0,0.5157375931739807
video13,BirdDrone-Local,729,1,1,0,0,0,0,0.7114814519882202
video13,BirdDrone-Local,730,1,1,0,0,0,0,0.7340476512908936
video13,BirdDrone-Local,731,1,1,0,0,0,0,0.7321618795394897
video13,BirdDrone-Local,732,1,1,0,0,1,0,0.28062522411346436
video13,BirdDrone-Local,733,1,1,0,0,0,0,0.4209040701389313
video13,BirdDrone-Local,734,1,1,0,0,0,0,0.4996497631072998
video13,BirdDrone-Local,735,0,0,0,0,0,0,0.0
video13,BirdDrone-Local,736,1,1,0,0,0,0,0.49068203568458557
video13,BirdDrone-Local,737,1,1,0,0,0,0,0.5008890628814697
video13,BirdDrone-Local,738,0,0,0,0,0,0,0.0
video13,BirdDrone-Local,739,1,1,0,0,0,0,0.35921400785446167
video13,BirdDrone-Local,740,1,1,0,0,1,0,0.2814026176929474
video13,BirdDrone-Local,741,0,0,0,0,0,0,0.0
video13,BirdDrone-Local,742,0,0,0,0,0,0,0.0
video13,BirdDrone-Local,743,0,0,0,0,0,0,0.0
video13,BirdDrone-Local,744,0,0,0,0,0,0,0.0
video13,BirdDrone-Local,745,0,0,0,0,0,0,0.0
video13,BirdDrone-Local,746,0,0,0,0,0,0,0.0
video13,BirdDrone-Local,747,0,0,0,0,0,0,0.0
video13,BirdDrone-Local,748,0,0,0,0,0,0,0.0
video13,BirdDrone-Local,749,0,0,0,0,0,0,0.0
video13,BirdDrone-Local,750,0,0,0,0,0,0,0.0
video13,BirdDrone-Local,751,0,0,0,0,0,0,0.0
video13,BirdDrone-Local,752,0,0,0,0,0,0,0.0
video13,BirdDrone-Local,753,0,0,0,0,0,0,0.0
video13,BirdDrone-Local,754,0,0,0,0,0,0,0.0
video13,BirdDrone-Local,755,0,0,0,0,0,0,0.0
video13,BirdDrone-Local,756,0,0,0,0,0,0,0.0
video13,BirdDrone-Local,757,0,0,0,0,0,0,0.0
video13,BirdDrone-Local,758,0,0,0,0,0,0,0.0
video13,BirdDrone-Local,759,0,0,0,0,0,0,0.0
video13,BirdDrone-Local,760,1,1,0,0,1,0,0.25305691361427307
video13,BirdDrone-Local,761,0,0,0,0,0,0,0.0
video13,BirdDrone-Local,762,0,0,0,0,0,0,0.0
video13,BirdDrone-Local,763,1,1,0,0,1,0,0.263492614030838
video13,BirdDrone-Local,764,0,0,0,0,0,0,0.0
video13,BirdDrone-Local,765,0,0,0,0,0,0,0.0
video13,BirdDrone-Local,766,0,0,0,0,0,0,0.0
video13,BirdDrone-Local,767,0,0,0,0,0,0,0.0
video13,BirdDrone-Local,768,0,0,0,0,0,0,0.0
video13,BirdDrone-Local,769,0,0,0,0,0,0,0.0
video13,BirdDrone-Local,770,0,0,0,0,0,0,0.0
video13,BirdDrone-Local,771,0,0,0,0,0,0,0.0
video13,BirdDrone-Local,772,0,0,0,0,0,0,0.0
video13,BirdDrone-Local,773,0,0,0,0,0,0,0.0
video13,BirdDrone-Local,774,0,0,0,0,0,0,0.0
video13,BirdDrone-Local,775,0,0,0,0,0,0,0.0
video13,BirdDrone-Local,776,0,0,0,0,0,0,0.0
video13,BirdDrone-Local,777,0,0,0,0,0,0,0.0
video13,BirdDrone-Local,778,0,0,0,0,0,0,0.0
video13,BirdDrone-Local,779,0,0,0,0,0,0,0.0
video13,BirdDrone-Local,780,0,0,0,0,0,0,0.0
video13,BirdDrone-Local,781,0,0,0,0,0,0,0.0
video13,BirdDrone-Local,782,0,0,0,0,0,0,0.0
video13,BirdDrone-Local,783,0,0,0,0,0,0,0.0
video13,BirdDrone-Local,784,0,0,0,0,0,0,0.0
video13,BirdDrone-Local,785,0,0,0,0,0,0,0.0
video13,BirdDrone-Local,786,0,0,0,0,0,0,0.0
video13,BirdDrone-Local,787,0,0,0,0,0,0,0.0
video13,BirdDrone-Local,788,0,0,0,0,0,0,0.0
video13,BirdDrone-Local,789,0,0,0,0,0,0,0.0
video13,BirdDrone-Local,790,0,0,0,0,0,0,0.0
video13,BirdDrone-Local,791,0,0,0,0,0,0,0.0
video13,BirdDrone-Local,792,0,0,0,0,0,0,0.0
video13,BirdDrone-Local,793,0,0,0,0,0,0,0.0
video13,BirdDrone-Local,794,0,0,0,0,0,0,0.0
video13,BirdDrone-Local,795,0,0,0,0,0,0,0.0
video13,BirdDrone-Local,796,0,0,0,0,0,0,0.0
video13,BirdDrone-Local,797,0,0,0,0,0,0,0.0
video13,BirdDrone-Local,798,0,0,0,0,0,0,0.0
video13,BirdDrone-Local,799,0,0,0,0,0,0,0.0
video13,BirdDrone-Local,800,0,0,0,0,0,0,0.0
video13,BirdDrone-Local,801,0,0,0,0,0,0,0.0
video13,BirdDrone-Local,802,0,0,0,0,0,0,0.0
video13,BirdDrone-Local,803,0,0,0,0,0,0,0.0
video13,BirdDrone-Local,804,0,0,0,0,0,0,0.0
video13,BirdDrone-Local,805,0,0,0,0,0,0,0.0
video13,BirdDrone-Local,806,0,0,0,0,0,0,0.0
video13,BirdDrone-Local,807,0,0,0,0,0,0,0.0
video13,BirdDrone-Local,808,0,0,0,0,0,0,0.0
video13,BirdDrone-Local,809,0,0,0,0,0,0,0.0
video13,BirdDrone-Local,810,0,0,0,0,0,0,0.0
video13,BirdDrone-Local,811,0,0,0,0,0,0,0.0
video13,BirdDrone-Local,812,0,0,0,0,0,0,0.0
video13,BirdDrone-Local,813,0,0,0,0,0,0,0.0
video13,BirdDrone-Local,814,0,0,0,0,0,0,0.0
video13,BirdDrone-Local,815,0,0,0,0,0,0,0.0
video13,BirdDrone-Local,816,0,0,0,0,0,0,0.0
video13,BirdDrone-Local,817,0,0,0,0,0,0,0.0
video13,BirdDrone-Local,818,0,0,0,0,0,0,0.0
video13,BirdDrone-Local,819,0,0,0,0,0,0,0.0
video13,BirdDrone-Local,820,0,0,0,0,0,0,0.0
video13,BirdDrone-Local,821,0,0,0,0,0,0,0.0
video13,BirdDrone-Local,822,0,0,0,0,0,0,0.0
video13,BirdDrone-Local,823,0,0,0,0,0,0,0.0
video13,BirdDrone-Local,824,0,0,0,0,0,0,0.0
video13,BirdDrone-Local,825,0,0,0,0,0,0,0.0
video13,BirdDrone-Local,826,0,0,0,0,0,0,0.0
video13,BirdDrone-Local,827,0,0,0,0,0,0,0.0
video13,BirdDrone-Local,828,0,0,0,0,0,0,0.0
video13,BirdDrone-Local,829,0,0,0,0,0,0,0.0
video13,BirdDrone-Local,830,0,0,0,0,0,0,0.0
video13,BirdDrone-Local,831,0,0,0,0,0,0,0.0
video13,BirdDrone-Local,832,0,0,0,0,0,0,0.0
video13,BirdDrone-Local,833,0,0,0,0,0,0,0.0
video13,BirdDrone-Local,834,0,0,0,0,0,0,0.0
video13,BirdDrone-Local,835,0,0,0,0,0,0,0.0
video13,BirdDrone-Local,836,0,0,0,0,0,0,0.0
video13,BirdDrone-Local,837,0,0,0,0,0,0,0.0
video13,BirdDrone-Local,838,0,0,0,0,0,0,0.0
video13,BirdDrone-Local,839,0,0,0,0,0,0,0.0
video13,BirdDrone-Local,840,0,0,0,0,0,0,0.0
video13,BirdDrone-Local,841,0,0,0,0,0,0,0.0
video13,BirdDrone-Local,842,0,0,0,0,0,0,0.0
video13,BirdDrone-Local,843,0,0,0,0,0,0,0.0
video13,BirdDrone-Local,844,0,0,0,0,0,0,0.0
video13,BirdDrone-Local,845,0,0,0,0,0,0,0.0
video13,BirdDrone-Local,846,0,0,0,0,0,0,0.0
video13,BirdDrone-Local,847,0,0,0,0,0,0,0.0
video13,BirdDrone-Local,848,0,0,0,0,0,0,0.0
video13,BirdDrone-Local,849,0,0,0,0,0,0,0.0
video13,BirdDrone-Local,850,0,0,0,0,0,0,0.0
video13,BirdDrone-Local,851,0,0,0,0,0,0,0.0
video13,BirdDrone-Local,852,0,0,0,0,0,0,0.0
video13,BirdDrone-Local,853,0,0,0,0,0,0,0.0
video13,BirdDrone-Local,854,0,0,0,0,0,0,0.0
video13,BirdDrone-Local,855,0,0,0,0,0,0,0.0
video13,BirdDrone-Local,856,0,0,0,0,0,0,0.0
video13,BirdDrone-Local,857,0,0,0,0,0,0,0.0
video13,BirdDrone-Local,858,0,0,0,0,0,0,0.0
video13,BirdDrone-Local,859,0,0,0,0,0,0,0.0
video13,BirdDrone-Local,860,0,0,0,0,0,0,0.0
video13,BirdDrone-Local,861,0,0,0,0,0,0,0.0
video13,BirdDrone-Local,862,0,0,0,0,0,0,0.0
video13,BirdDrone-Local,863,0,0,0,0,0,0,0.0
video13,BirdDrone-Local,864,0,0,0,0,0,0,0.0
video13,BirdDrone-Local,865,0,0,0,0,0,0,0.0
video13,BirdDrone-Local,866,0,0,0,0,0,0,0.0
video13,BirdDrone-Local,867,0,0,0,0,0,0,0.0
video13,BirdDrone-Local,868,0,0,0,0,0,0,0.0
video13,BirdDrone-Local,869,0,0,0,0,0,0,0.0
video13,BirdDrone-Local,870,0,0,0,0,0,0,0.0
video13,BirdDrone-Local,871,0,0,0,0,0,0,0.0
video13,BirdDrone-Local,872,0,0,0,0,0,0,0.0
video13,BirdDrone-Local,873,0,0,0,0,0,0,0.0
video13,BirdDrone-Local,874,0,0,0,0,0,0,0.0
video13,BirdDrone-Local,875,0,0,0,0,0,0,0.0
video13,BirdDrone-Local,876,0,0,0,0,0,0,0.0
video13,BirdDrone-Local,877,1,1,0,0,1,0,0.33672305941581726
video13,BirdDrone-Local,878,1,1,0,0,1,0,0.25902825593948364
video13,BirdDrone-Local,879,1,1,0,0,0,0,0.3831362724304199
video13,BirdDrone-Local,880,0,0,0,0,0,0,0.0
video13,BirdDrone-Local,881,1,1,0,0,1,0,0.32395410537719727
video13,BirdDrone-Local,882,1,1,0,0,0,0,0.3672561049461365
video13,BirdDrone-Local,883,1,1,0,0,0,0,0.5141287446022034
video13,BirdDrone-Local,884,1,1,0,0,0,0,0.4389650821685791
video13,BirdDrone-Local,885,2,2,0,0,1,0,0.49691635370254517
video13,BirdDrone-Local,886,1,1,0,0,1,0,0.3375853896141052
video13,BirdDrone-Local,887,2,2,0,0,1,0,0.3852359652519226
video13,BirdDrone-Local,888,2,2,0,0,1,0,0.3941831886768341
video13,BirdDrone-Local,889,1,1,0,0,1,0,0.29863446950912476
video13,BirdDrone-Local,890,1,1,0,0,0,0,0.46277695894241333
video13,BirdDrone-Local,891,1,1,0,0,0,0,0.6369597911834717
video13,BirdDrone-Local,892,1,1,0,0,0,0,0.6854019165039062
video13,BirdDrone-Local,893,1,1,0,0,0,0,0.6915494203567505
video13,BirdDrone-Local,894,1,1,0,0,0,0,0.663881778717041
video13,BirdDrone-Local,895,1,1,0,0,0,0,0.4379531145095825
video13,BirdDrone-Local,896,1,1,0,0,1,0,0.30770143866539
video13,BirdDrone-Local,897,0,0,0,0,0,0,0.0
video13,BirdDrone-Local,898,0,0,0,0,0,0,0.0
video13,BirdDrone-Local,899,0,0,0,0,0,0,0.0
video13,BirdDrone-Local,900,0,0,0,0,0,0,0.0
video13,BirdDrone-Local,901,1,1,0,0,1,0,0.328582227230072
video13,BirdDrone-Local,902,1,1,0,0,0,0,0.5527377724647522
video13,BirdDrone-Local,903,1,1,0,0,0,0,0.46392661333084106
video13,BirdDrone-Local,904,1,1,0,0,0,0,0.58678138256073
video13,BirdDrone-Local,905,1,1,0,0,0,0,0.5358338356018066
video13,BirdDrone-Local,906,1,1,0,0,0,0,0.4451495409011841
video13,BirdDrone-Local,907,1,1,0,0,0,0,0.4402685761451721
video13,BirdDrone-Local,908,1,1,0,0,0,0,0.5202826261520386
video13,BirdDrone-Local,909,1,1,0,0,0,0,0.5602009296417236
video13,BirdDrone-Local,910,1,1,0,0,0,0,0.5330464243888855
video13,BirdDrone-Local,911,0,0,0,0,0,0,0.0
video13,BirdDrone-Local,912,0,0,0,0,0,0,0.0
video13,BirdDrone-Local,913,0,0,0,0,0,0,0.0
video13,BirdDrone-Local,914,1,1,0,0,1,0,0.2947842478752136
video13,BirdDrone-Local,915,1,1,0,0,0,0,0.5261430740356445
video13,BirdDrone-Local,916,1,1,0,0,0,0,0.5318963527679443
video13,BirdDrone-Local,917,1,1,0,0,0,0,0.6543798446655273
video13,BirdDrone-Local,918,1,1,0,0,0,0,0.5030257105827332
video13,BirdDrone-Local,919,1,1,0,0,0,0,0.3701484501361847
video13,BirdDrone-Local,920,1,1,0,0,0,0,0.5129299163818359
video13,BirdDrone-Local,921,1,1,0,0,0,0,0.5360610485076904
video13,BirdDrone-Local,922,1,1,0,0,0,0,0.5130850076675415
video13,BirdDrone-Local,923,1,1,0,0,0,0,0.49014362692832947
video13,BirdDrone-Local,924,2,2,0,0,2,0,0.32915666699409485
video13,BirdDrone-Local,925,1,1,0,0,1,0,0.3171958923339844
video13,BirdDrone-Local,926,1,1,0,0,0,0,0.4655609130859375
video13,BirdDrone-Local,927,1,1,0,0,0,0,0.45007753372192383
video13,BirdDrone-Local,928,1,1,0,0,1,0,0.2979503870010376
video13,BirdDrone-Local,929,1,1,0,0,1,0,0.2941424250602722
video13,BirdDrone-Local,930,1,1,0,0,0,0,0.39512938261032104
video13,BirdDrone-Local,931,1,1,0,0,0,0,0.4130019545555115
video13,BirdDrone-Local,932,1,1,0,0,0,0,0.4945682883262634
video13,BirdDrone-Local,933,2,2,0,0,2,0,0.3315279185771942
video13,BirdDrone-Local,934,2,2,0,0,1,0,0.36266228556632996
video13,BirdDrone-Local,935,1,1,0,0,0,0,0.360548198223114
video13,BirdDrone-Local,936,1,1,0,0,1,0,0.3096221089363098
video13,BirdDrone-Local,937,1,1,0,0,1,0,0.3014683723449707
video13,BirdDrone-Local,938,1,1,0,0,0,0,0.4869435727596283
video13,BirdDrone-Local,939,2,2,0,0,1,0,0.42634353041648865
video13,BirdDrone-Local,940,2,2,0,0,1,0,0.3797062933444977
video13,BirdDrone-Local,941,2,2,0,0,1,0,0.36328303813934326
video13,BirdDrone-Local,942,1,1,0,0,0,0,0.4747115671634674
video13,BirdDrone-Local,943,1,1,0,0,0,0,0.3946002721786499
video13,BirdDrone-Local,944,1,1,0,0,0,0,0.611566424369812
video13,BirdDrone-Local,945,1,1,0,0,0,0,0.5355510115623474
video13,BirdDrone-Local,946,1,1,0,0,0,0,0.5674090385437012
video13,BirdDrone-Local,947,1,1,0,0,0,0,0.7014209628105164
video13,BirdDrone-Local,948,1,1,0,0,0,0,0.6839041709899902
video13,BirdDrone-Local,949,1,1,0,0,0,0,0.7204462289810181
video13,BirdDrone-Local,950,1,1,0,0,0,0,0.7734293937683105
video13,BirdDrone-Local,951,1,1,0,0,0,0,0.7450873255729675
video13,BirdDrone-Local,952,1,1,0,0,0,0,0.7287516593933105
video13,BirdDrone-Local,953,1,1,0,0,0,0,0.7115280032157898
video13,BirdDrone-Local,954,1,1,0,0,0,0,0.6701507568359375
video13,BirdDrone-Local,955,1,1,0,0,0,0,0.6256085634231567
video13,BirdDrone-Local,956,1,1,0,0,0,0,0.6975837349891663
video13,BirdDrone-Local,957,1,1,0,0,0,0,0.6997427344322205
video13,BirdDrone-Local,958,1,1,0,0,0,0,0.7064701318740845
video13,BirdDrone-Local,959,1,1,0,0,0,0,0.7314945459365845
video13,BirdDrone-Local,960,2,2,0,0,1,0,0.7004780173301697
video13,BirdDrone-Local,961,2,2,0,0,0,0,0.5212864875793457
video13,BirdDrone-Local,962,2,2,0,0,1,0,0.5616069436073303
video13,BirdDrone-Local,963,2,2,0,0,0,0,0.5023708343505859
video13,BirdDrone-Local,964,2,2,0,0,0,0,0.524610161781311
video13,BirdDrone-Local,965,2,2,0,0,0,0,0.39168450236320496
video13,BirdDrone-Local,966,1,1,0,0,0,0,0.4201664328575134
video13,BirdDrone-Local,967,1,1,0,0,1,0,0.3461964726448059
video13,BirdDrone-Local,968,0,0,0,0,0,0,0.0
video13,BirdDrone-Local,969,1,1,0,0,1,0,0.25091367959976196
video13,BirdDrone-Local,970,1,1,0,0,0,0,0.35653194785118103
video13,BirdDrone-Local,971,1,1,0,0,1,0,0.3404175341129303
video13,BirdDrone-Local,972,1,1,0,0,0,0,0.3620340824127197
video13,BirdDrone-Local,973,1,1,0,0,0,0,0.4541076123714447
video13,BirdDrone-Local,974,0,0,0,0,0,0,0.0
video13,BirdDrone-Local,975,0,0,0,0,0,0,0.0
video13,BirdDrone-Local,976,0,0,0,0,0,0,0.0
video13,BirdDrone-Local,977,0,0,0,0,0,0,0.0
video13,BirdDrone-Local,978,0,0,0,0,0,0,0.0
video13,BirdDrone-Local,979,0,0,0,0,0,0,0.0
video13,BirdDrone-Local,980,0,0,0,0,0,0,0.0
video13,BirdDrone-Local,981,0,0,0,0,0,0,0.0
video13,BirdDrone-Local,982,0,0,0,0,0,0,0.0
video13,BirdDrone-Local,983,0,0,0,0,0,0,0.0
video13,BirdDrone-Local,984,0,0,0,0,0,0,0.0
video13,BirdDrone-Local,985,0,0,0,0,0,0,0.0
video13,BirdDrone-Local,986,0,0,0,0,0,0,0.0
video13,BirdDrone-Local,987,0,0,0,0,0,0,0.0
video13,BirdDrone-Local,988,0,0,0,0,0,0,0.0
video13,BirdDrone-Local,989,0,0,0,0,0,0,0.0
video13,BirdDrone-Local,990,0,0,0,0,0,0,0.0
video13,BirdDrone-Local,991,0,0,0,0,0,0,0.0
video13,BirdDrone-Local,992,0,0,0,0,0,0,0.0
video13,BirdDrone-Local,993,0,0,0,0,0,0,0.0
video13,BirdDrone-Local,994,0,0,0,0,0,0,0.0
video13,BirdDrone-Local,995,0,0,0,0,0,0,0.0
video13,BirdDrone-Local,996,0,0,0,0,0,0,0.0
video13,BirdDrone-Local,997,0,0,0,0,0,0,0.0
video13,BirdDrone-Local,998,0,0,0,0,0,0,0.0
video13,BirdDrone-Local,999,0,0,0,0,0,0,0.0
video13,BirdDrone-Local,1000,0,0,0,0,0,0,0.0
video13,BirdDrone-Local,1001,0,0,0,0,0,0,0.0
video13,BirdDrone-Local,1002,0,0,0,0,0,0,0.0
video13,BirdDrone-Local,1003,0,0,0,0,0,0,0.0
video13,BirdDrone-Local,1004,0,0,0,0,0,0,0.0
video13,BirdDrone-Local,1005,0,0,0,0,0,0,0.0
video13,BirdDrone-Local,1006,0,0,0,0,0,0,0.0
video13,BirdDrone-Local,1007,0,0,0,0,0,0,0.0
video13,BirdDrone-Local,1008,0,0,0,0,0,0,0.0
video13,BirdDrone-Local,1009,0,0,0,0,0,0,0.0
video13,BirdDrone-Local,1010,0,0,0,0,0,0,0.0
video13,BirdDrone-Local,1011,0,0,0,0,0,0,0.0
video13,BirdDrone-Local,1012,0,0,0,0,0,0,0.0
video13,BirdDrone-Local,1013,0,0,0,0,0,0,0.0
video13,BirdDrone-Local,1014,0,0,0,0,0,0,0.0
video13,BirdDrone-Local,1015,0,0,0,0,0,0,0.0
video13,BirdDrone-Local,1016,0,0,0,0,0,0,0.0
video13,BirdDrone-Local,1017,0,0,0,0,0,0,0.0
video13,BirdDrone-Local,1018,0,0,0,0,0,0,0.0
video13,BirdDrone-Local,1019,0,0,0,0,0,0,0.0
video13,BirdDrone-Local,1020,0,0,0,0,0,0,0.0
video13,BirdDrone-Local,1021,0,0,0,0,0,0,0.0
video13,BirdDrone-Local,1022,0,0,0,0,0,0,0.0
video13,BirdDrone-Local,1023,0,0,0,0,0,0,0.0
video13,BirdDrone-Local,1024,0,0,0,0,0,0,0.0
video13,BirdDrone-Local,1025,0,0,0,0,0,0,0.0
video13,BirdDrone-Local,1026,0,0,0,0,0,0,0.0
video13,BirdDrone-Local,1027,0,0,0,0,0,0,0.0
video13,BirdDrone-Local,1028,0,0,0,0,0,0,0.0
video13,BirdDrone-Local,1029,0,0,0,0,0,0,0.0
video13,BirdDrone-Local,1030,0,0,0,0,0,0,0.0
video13,BirdDrone-Local,1031,0,0,0,0,0,0,0.0
video13,BirdDrone-Local,1032,0,0,0,0,0,0,0.0
video13,BirdDrone-Local,1033,0,0,0,0,0,0,0.0
video13,BirdDrone-Local,1034,0,0,0,0,0,0,0.0
video13,BirdDrone-Local,1035,0,0,0,0,0,0,0.0
video13,BirdDrone-Local,1036,0,0,0,0,0,0,0.0
video13,BirdDrone-Local,1037,0,0,0,0,0,0,0.0
video13,BirdDrone-Local,1038,0,0,0,0,0,0,0.0
video13,BirdDrone-Local,1039,0,0,0,0,0,0,0.0
video13,BirdDrone-Local,1040,0,0,0,0,0,0,0.0
video13,BirdDrone-Local,1041,0,0,0,0,0,0,0.0
video13,BirdDrone-Local,1042,0,0,0,0,0,0,0.0
video13,BirdDrone-Local,1043,0,0,0,0,0,0,0.0
video13,BirdDrone-Local,1044,0,0,0,0,0,0,0.0
video13,BirdDrone-Local,1045,0,0,0,0,0,0,0.0
video13,BirdDrone-Local,1046,0,0,0,0,0,0,0.0
video13,BirdDrone-Local,1047,0,0,0,0,0,0,0.0
video13,BirdDrone-Local,1048,0,0,0,0,0,0,0.0
video13,BirdDrone-Local,1049,1,1,0,0,1,0,0.33731862902641296
video13,BirdDrone-Local,1050,0,0,0,0,0,0,0.0
video13,BirdDrone-Local,1051,0,0,0,0,0,0,0.0
video13,BirdDrone-Local,1052,0,0,0,0,0,0,0.0
video13,BirdDrone-Local,1053,0,0,0,0,0,0,0.0
video13,BirdDrone-Local,1054,0,0,0,0,0,0,0.0
video13,BirdDrone-Local,1055,0,0,0,0,0,0,0.0
video13,BirdDrone-Local,1056,0,0,0,0,0,0,0.0
video13,BirdDrone-Local,1057,0,0,0,0,0,0,0.0
video13,BirdDrone-Local,1058,1,1,0,0,1,0,0.2832352817058563
video13,BirdDrone-Local,1059,0,0,0,0,0,0,0.0
video13,BirdDrone-Local,1060,0,0,0,0,0,0,0.0
video13,BirdDrone-Local,1061,0,0,0,0,0,0,0.0
video13,BirdDrone-Local,1062,1,1,0,0,0,0,0.43649789690971375
video13,BirdDrone-Local,1063,0,0,0,0,0,0,0.0
video13,BirdDrone-Local,1064,0,0,0,0,0,0,0.0
video13,BirdDrone-Local,1065,0,0,0,0,0,0,0.0
video13,BirdDrone-Local,1066,0,0,0,0,0,0,0.0
video13,BirdDrone-Local,1067,0,0,0,0,0,0,0.0
video13,BirdDrone-Local,1068,0,0,0,0,0,0,0.0
video13,BirdDrone-Local,1069,0,0,0,0,0,0,0.0
video13,BirdDrone-Local,1070,0,0,0,0,0,0,0.0
video13,BirdDrone-Local,1071,1,1,0,0,0,0,0.3789713382720947
video13,BirdDrone-Local,1072,0,0,0,0,0,0,0.0
video13,BirdDrone-Local,1073,0,0,0,0,0,0,0.0
video13,BirdDrone-Local,1074,0,0,0,0,0,0,0.0
video13,BirdDrone-Local,1075,0,0,0,0,0,0,0.0
video13,BirdDrone-Local,1076,0,0,0,0,0,0,0.0
video13,BirdDrone-Local,1077,0,0,0,0,0,0,0.0
video13,BirdDrone-Local,1078,0,0,0,0,0,0,0.0
video13,BirdDrone-Local,1079,0,0,0,0,0,0,0.0
video13,BirdDrone-Local,1080,0,0,0,0,0,0,0.0
video13,BirdDrone-Local,1081,0,0,0,0,0,0,0.0
video13,BirdDrone-Local,1082,0,0,0,0,0,0,0.0
video13,BirdDrone-Local,1083,0,0,0,0,0,0,0.0
video13,BirdDrone-Local,1084,1,1,0,0,0,0,0.3587733209133148
video13,BirdDrone-Local,1085,1,1,0,0,0,0,0.4926286041736603
video13,BirdDrone-Local,1086,1,1,0,0,0,0,0.35178932547569275
video13,BirdDrone-Local,1087,1,1,0,0,0,0,0.3545801639556885
video13,BirdDrone-Local,1088,1,1,0,0,1,0,0.3442027270793915
video13,BirdDrone-Local,1089,1,1,0,0,0,0,0.5545374155044556
video13,BirdDrone-Local,1090,1,1,0,0,0,0,0.5368080139160156
video13,BirdDrone-Local,1091,1,1,0,0,0,0,0.37516552209854126
video13,BirdDrone-Local,1092,1,1,0,0,0,0,0.5709822773933411
video13,BirdDrone-Local,1093,1,1,0,0,0,0,0.511225700378418
video13,BirdDrone-Local,1094,1,1,0,0,0,0,0.38631749153137207
video13,BirdDrone-Local,1095,0,0,0,0,0,0,0.0
video13,BirdDrone-Local,1096,0,0,0,0,0,0,0.0
video13,BirdDrone-Local,1097,0,0,0,0,0,0,0.0
video13,BirdDrone-Local,1098,0,0,0,0,0,0,0.0
video13,BirdDrone-Local,1099,0,0,0,0,0,0,0.0
video13,BirdDrone-Local,1100,0,0,0,0,0,0,0.0
video13,BirdDrone-Local,1101,0,0,0,0,0,0,0.0
video13,BirdDrone-Local,1102,0,0,0,0,0,0,0.0
video13,BirdDrone-Local,1103,0,0,0,0,0,0,0.0
video13,BirdDrone-Local,1104,0,0,0,0,0,0,0.0
video13,BirdDrone-Local,1105,0,0,0,0,0,0,0.0
video13,BirdDrone-Local,1106,0,0,0,0,0,0,0.0
video13,BirdDrone-Local,1107,0,0,0,0,0,0,0.0
video13,BirdDrone-Local,1108,0,0,0,0,0,0,0.0
video13,BirdDrone-Local,1109,0,0,0,0,0,0,0.0
video13,BirdDrone-Local,1110,0,0,0,0,0,0,0.0
video13,BirdDrone-Local,1111,0,0,0,0,0,0,0.0
video13,BirdDrone-Local,1112,0,0,0,0,0,0,0.0
video13,BirdDrone-Local,1113,0,0,0,0,0,0,0.0
video13,BirdDrone-Local,1114,1,1,0,0,1,0,0.2524562180042267
video13,BirdDrone-Local,1115,0,0,0,0,0,0,0.0
video13,BirdDrone-Local,1116,0,0,0,0,0,0,0.0
video13,BirdDrone-Local,1117,1,1,0,0,1,0,0.2552291750907898
video13,BirdDrone-Local,1118,1,1,0,0,1,0,0.25407007336616516
video13,BirdDrone-Local,1119,1,1,0,0,1,0,0.2665717303752899
video13,BirdDrone-Local,1120,0,0,0,0,0,0,0.0
video13,BirdDrone-Local,1121,0,0,0,0,0,0,0.0
video13,BirdDrone-Local,1122,0,0,0,0,0,0,0.0
video13,BirdDrone-Local,1123,0,0,0,0,0,0,0.0
video13,BirdDrone-Local,1124,0,0,0,0,0,0,0.0
video13,BirdDrone-Local,1125,0,0,0,0,0,0,0.0
video13,BirdDrone-Local,1126,0,0,0,0,0,0,0.0
video13,BirdDrone-Local,1127,0,0,0,0,0,0,0.0
video13,BirdDrone-Local,1128,0,0,0,0,0,0,0.0
video13,BirdDrone-Local,1129,0,0,0,0,0,0,0.0
video13,BirdDrone-Local,1130,0,0,0,0,0,0,0.0
video13,BirdDrone-Local,1131,0,0,0,0,0,0,0.0
video13,BirdDrone-Local,1132,0,0,0,0,0,0,0.0
video13,BirdDrone-Local,1133,0,0,0,0,0,0,0.0
video13,BirdDrone-Local,1134,0,0,0,0,0,0,0.0
video13,BirdDrone-Local,1135,0,0,0,0,0,0,0.0
video13,BirdDrone-Local,1136,0,0,0,0,0,0,0.0
video13,BirdDrone-Local,1137,0,0,0,0,0,0,0.0
video13,BirdDrone-Local,1138,0,0,0,0,0,0,0.0
video13,BirdDrone-Local,1139,0,0,0,0,0,0,0.0
video13,BirdDrone-Local,1140,0,0,0,0,0,0,0.0
video13,BirdDrone-Local,1141,0,0,0,0,0,0,0.0
video13,BirdDrone-Local,1142,0,0,0,0,0,0,0.0
video13,BirdDrone-Local,1143,0,0,0,0,0,0,0.0
video13,BirdDrone-Local,1144,0,0,0,0,0,0,0.0
video13,BirdDrone-Local,1145,0,0,0,0,0,0,0.0
video13,BirdDrone-Local,1146,0,0,0,0,0,0,0.0
video13,BirdDrone-Local,1147,0,0,0,0,0,0,0.0
video13,BirdDrone-Local,1148,0,0,0,0,0,0,0.0
video13,BirdDrone-Local,1149,0,0,0,0,0,0,0.0
video13,BirdDrone-Local,1150,0,0,0,0,0,0,0.0
video13,BirdDrone-Local,1151,0,0,0,0,0,0,0.0
video13,BirdDrone-Local,1152,0,0,0,0,0,0,0.0
video13,BirdDrone-Local,1153,0,0,0,0,0,0,0.0
video13,BirdDrone-Local,1154,1,1,0,0,1,0,0.27507635951042175
video13,BirdDrone-Local,1155,0,0,0,0,0,0,0.0
video13,BirdDrone-Local,1156,0,0,0,0,0,0,0.0
video13,BirdDrone-Local,1157,0,0,0,0,0,0,0.0
video13,BirdDrone-Local,1158,0,0,0,0,0,0,0.0
video13,BirdDrone-Local,1159,0,0,0,0,0,0,0.0
video13,BirdDrone-Local,1160,0,0,0,0,0,0,0.0
video13,BirdDrone-Local,1161,0,0,0,0,0,0,0.0
video13,BirdDrone-Local,1162,0,0,0,0,0,0,0.0
video13,BirdDrone-Local,1163,1,1,0,0,1,0,0.26570600271224976
video13,BirdDrone-Local,1164,0,0,0,0,0,0,0.0
video13,BirdDrone-Local,1165,0,0,0,0,0,0,0.0
video13,BirdDrone-Local,1166,0,0,0,0,0,0,0.0
video13,BirdDrone-Local,1167,0,0,0,0,0,0,0.0
video13,BirdDrone-Local,1168,0,0,0,0,0,0,0.0
video13,BirdDrone-Local,1169,0,0,0,0,0,0,0.0
video13,BirdDrone-Local,1170,0,0,0,0,0,0,0.0
video13,BirdDrone-Local,1171,1,1,0,0,0,0,0.49428513646125793
video13,BirdDrone-Local,1172,1,1,0,0,0,0,0.5403293967247009
video13,BirdDrone-Local,1173,2,2,0,0,1,0,0.46169695258140564
video13,BirdDrone-Local,1174,2,2,0,0,1,0,0.4491439759731293
video13,BirdDrone-Local,1175,1,1,0,0,0,0,0.44460904598236084
video13,BirdDrone-Local,1176,1,1,0,0,0,0,0.39666733145713806
video13,BirdDrone-Local,1177,1,1,0,0,0,0,0.47169235348701477
video13,BirdDrone-Local,1178,0,0,0,0,0,0,0.0
video13,BirdDrone-Local,1179,1,1,0,0,0,0,0.5738775730133057
video13,BirdDrone-Local,1180,0,0,0,0,0,0,0.0
video13,BirdDrone-Local,1181,1,1,0,0,0,0,0.3647037446498871
video13,BirdDrone-Local,1182,1,1,0,0,1,0,0.33343982696533203
video13,BirdDrone-Local,1183,0,0,0,0,0,0,0.0
video13,BirdDrone-Local,1184,1,1,0,0,1,0,0.31527358293533325
video13,BirdDrone-Local,1185,0,0,0,0,0,0,0.0
video13,BirdDrone-Local,1186,0,0,0,0,0,0,0.0
video13,BirdDrone-Local,1187,1,1,0,0,1,0,0.28246140480041504
video13,BirdDrone-Local,1188,1,1,0,0,0,0,0.45897263288497925
video13,BirdDrone-Local,1189,1,1,0,0,1,0,0.26963433623313904
video13,BirdDrone-Local,1190,1,1,0,0,0,0,0.5155508518218994
video13,BirdDrone-Local,1191,1,1,0,0,0,0,0.3626387119293213
video13,BirdDrone-Local,1192,0,0,0,0,0,0,0.0
video13,BirdDrone-Local,1193,1,1,0,0,0,0,0.3995192050933838
video13,BirdDrone-Local,1194,0,0,0,0,0,0,0.0
video13,BirdDrone-Local,1195,2,2,0,0,1,0,0.3544194996356964
video13,BirdDrone-Local,1196,1,1,0,0,1,0,0.27662545442581177
video13,BirdDrone-Local,1197,0,0,0,0,0,0,0.0
video13,BirdDrone-Local,1198,0,0,0,0,0,0,0.0
video13,BirdDrone-Local,1199,0,0,0,0,0,0,0.0
video13,BirdDrone-Local,1200,1,1,0,0,1,0,0.25104421377182007
video13,BirdDrone-Local,1201,1,1,0,0,0,0,0.37759268283843994
video13,BirdDrone-Local,1202,0,0,0,0,0,0,0.0
video13,BirdDrone-Local,1203,0,0,0,0,0,0,0.0
video13,BirdDrone-Local,1204,1,1,0,0,0,0,0.40299102663993835
video13,BirdDrone-Local,1205,1,1,0,0,1,0,0.3468882143497467
video13,BirdDrone-Local,1206,0,0,0,0,0,0,0.0
video13,BirdDrone-Local,1207,1,1,0,0,1,0,0.2727683186531067
video13,BirdDrone-Local,1208,1,1,0,0,1,0,0.3070356845855713
video13,BirdDrone-Local,1209,1,1,0,0,0,0,0.3672718107700348
video13,BirdDrone-Local,1210,1,1,0,0,0,0,0.3826659917831421
video13,BirdDrone-Local,1211,1,1,0,0,0,0,0.36659151315689087
video13,BirdDrone-Local,1212,1,1,0,0,0,0,0.43020907044410706
video13,BirdDrone-Local,1213,1,1,0,0,0,0,0.4217297434806824
video13,BirdDrone-Local,1214,1,1,0,0,0,0,0.43872976303100586
video13,BirdDrone-Local,1215,1,1,0,0,0,0,0.4375181496143341
video13,BirdDrone-Local,1216,1,1,0,0,0,0,0.3868410587310791
video13,BirdDrone-Local,1217,1,1,0,0,0,0,0.47337764501571655
video13,BirdDrone-Local,1218,1,1,0,0,0,0,0.48991861939430237
video13,BirdDrone-Local,1219,2,2,0,0,2,0,0.32515496015548706
video13,BirdDrone-Local,1220,2,2,0,0,1,0,0.3767073154449463
video13,BirdDrone-Local,1221,1,1,0,0,0,0,0.3500090539455414
video13,BirdDrone-Local,1222,1,1,0,0,0,0,0.44331252574920654
video13,BirdDrone-Local,1223,1,1,0,0,0,0,0.4178861379623413
video13,BirdDrone-Local,1224,1,1,0,0,0,0,0.4120890200138092
video13,BirdDrone-Local,1225,1,1,0,0,0,0,0.46893125772476196
video13,BirdDrone-Local,1226,1,1,0,0,0,0,0.4583832621574402
video13,BirdDrone-Local,1227,1,1,0,0,0,0,0.45655786991119385
video13,BirdDrone-Local,1228,1,1,0,0,0,0,0.4414317011833191
video13,BirdDrone-Local,1229,1,1,0,0,0,0,0.36606019735336304
video13,BirdDrone-Local,1230,1,1,0,0,0,0,0.38148099184036255
video13,BirdDrone-Local,1231,1,1,0,0,0,0,0.38426634669303894
video13,BirdDrone-Local,1232,1,1,0,0,1,0,0.2757665812969208
video13,BirdDrone-Local,1233,1,1,0,0,1,0,0.34301626682281494
video13,BirdDrone-Local,1234,1,1,0,0,0,0,0.3504406809806824
video13,BirdDrone-Local,1235,2,2,0,0,1,0,0.4895259141921997
video13,BirdDrone-Local,1236,2,2,0,0,2,0,0.31693488359451294
video13,BirdDrone-Local,1237,1,1,0,0,0,0,0.5423042178153992
video13,BirdDrone-Local,1238,1,1,0,0,0,0,0.5674498081207275
video13,BirdDrone-Local,1239,1,1,0,0,0,0,0.5845130085945129
video13,BirdDrone-Local,1240,1,1,0,0,0,0,0.561028778553009
video13,BirdDrone-Local,1241,1,1,0,0,0,0,0.6279307007789612
video13,BirdDrone-Local,1242,1,1,0,0,0,0,0.5115142464637756
video13,BirdDrone-Local,1243,1,1,0,0,0,0,0.4397769570350647
video13,BirdDrone-Local,1244,1,1,0,0,0,0,0.47609174251556396
video13,BirdDrone-Local,1245,1,1,0,0,0,0,0.46843037009239197
video13,BirdDrone-Local,1246,1,1,0,0,0,0,0.4108522832393646
video13,BirdDrone-Local,1247,1,1,0,0,0,0,0.6502206921577454
video13,BirdDrone-Local,1248,1,1,0,0,0,0,0.719700813293457
video13,BirdDrone-Local,1249,1,1,0,0,0,0,0.7027839422225952
video13,BirdDrone-Local,1250,1,1,0,0,0,0,0.6388168334960938
video13,BirdDrone-Local,1251,1,1,0,0,0,0,0.7023698091506958
video13,BirdDrone-Local,1252,1,1,0,0,0,0,0.721571147441864
video13,BirdDrone-Local,1253,1,1,0,0,0,0,0.6814637184143066
video13,BirdDrone-Local,1254,1,1,0,0,0,0,0.6854977011680603
video13,BirdDrone-Local,1255,1,1,0,0,0,0,0.7119346261024475
video13,BirdDrone-Local,1256,1,1,0,0,0,0,0.7094142436981201
video13,BirdDrone-Local,1257,1,1,0,0,0,0,0.7384742498397827
video13,BirdDrone-Local,1258,1,1,0,0,0,0,0.7253721356391907
video13,BirdDrone-Local,1259,1,1,0,0,0,0,0.6569350957870483
video13,BirdDrone-Local,1260,1,1,0,0,0,0,0.4684942662715912
video13,BirdDrone-Local,1261,1,1,0,0,0,0,0.5685157179832458
video13,BirdDrone-Local,1262,1,1,0,0,0,0,0.6052003502845764
video13,BirdDrone-Local,1263,1,1,0,0,0,0,0.5294380187988281
video13,BirdDrone-Local,1264,1,1,0,0,0,0,0.6112442016601562
video13,BirdDrone-Local,1265,1,1,0,0,0,0,0.6384811401367188
video13,BirdDrone-Local,1266,1,1,0,0,0,0,0.672174334526062
video13,BirdDrone-Local,1267,1,1,0,0,0,0,0.6731690168380737
video13,BirdDrone-Local,1268,1,1,0,0,0,0,0.6619529724121094
video13,BirdDrone-Local,1269,1,1,0,0,0,0,0.6790220141410828
video13,BirdDrone-Local,1270,1,1,0,0,0,0,0.6684999465942383
video13,BirdDrone-Local,1271,1,1,0,0,0,0,0.6057898998260498
video13,BirdDrone-Local,1272,1,1,0,0,0,0,0.6752950549125671
video13,BirdDrone-Local,1273,1,1,0,0,0,0,0.6496055126190186
video13,BirdDrone-Local,1274,1,1,0,0,0,0,0.5472055673599243
video13,BirdDrone-Local,1275,1,1,0,0,0,0,0.3919390141963959
video13,BirdDrone-Local,1276,1,1,0,0,0,0,0.41232213377952576
video13,BirdDrone-Local,1277,1,1,0,0,0,0,0.6338778138160706
video13,BirdDrone-Local,1278,2,2,0,0,1,0,0.5069668292999268
video13,BirdDrone-Local,1279,1,1,0,0,1,0,0.343636155128479
video13,BirdDrone-Local,1280,1,1,0,0,1,0,0.2723837196826935
video13,BirdDrone-Local,1281,1,1,0,0,0,0,0.5072152614593506
video13,BirdDrone-Local,1282,0,0,0,0,0,0,0.0
video13,BirdDrone-Local,1283,1,1,0,0,0,0,0.45139405131340027
video13,BirdDrone-Local,1284,1,1,0,0,0,0,0.7462925314903259
video13,BirdDrone-Local,1285,1,1,0,0,0,0,0.7488535642623901
video13,BirdDrone-Local,1286,1,1,0,0,0,0,0.8218151926994324
video13,BirdDrone-Local,1287,1,1,0,0,0,0,0.8214425444602966
video13,BirdDrone-Local,1288,1,1,0,0,0,0,0.8212218284606934
video13,BirdDrone-Local,1289,1,1,0,0,0,0,0.6933276057243347
video13,BirdDrone-Local,1290,1,1,0,0,0,0,0.7081223130226135
video13,BirdDrone-Local,1291,1,1,0,0,0,0,0.7847025990486145
video13,BirdDrone-Local,1292,1,1,0,0,0,0,0.821460485458374
video13,BirdDrone-Local,1293,1,1,0,0,0,0,0.6422302722930908
video13,BirdDrone-Local,1294,1,1,0,0,0,0,0.814160168170929
video13,BirdDrone-Local,1295,1,1,0,0,0,0,0.7571084499359131
video13,BirdDrone-Local,1296,1,1,0,0,0,0,0.8190253376960754
video13,BirdDrone-Local,1297,1,1,0,0,0,0,0.7612016201019287
video13,BirdDrone-Local,1298,1,1,0,0,0,0,0.8060690760612488
video13,BirdDrone-Local,1299,1,1,0,0,0,0,0.5527976155281067
video13,BirdDrone-Local,1300,1,1,0,0,0,0,0.7902522087097168
video13,BirdDrone-Local,1301,2,2,0,0,1,0,0.44329211115837097
video13,BirdDrone-Local,1302,1,1,0,0,0,0,0.6706533432006836
video13,BirdDrone-Local,1303,1,1,0,0,0,0,0.7529183626174927
video13,BirdDrone-Local,1304,1,1,0,0,0,0,0.5973943471908569
video13,BirdDrone-Local,1305,1,1,0,0,0,0,0.7485939860343933
video13,BirdDrone-Local,1306,1,1,0,0,0,0,0.7635723948478699
video13,BirdDrone-Local,1307,1,1,0,0,0,0,0.6368735432624817
video13,BirdDrone-Local,1308,1,1,0,0,0,0,0.6781958341598511
video13,BirdDrone-Local,1309,1,1,0,0,0,0,0.743865966796875
video13,BirdDrone-Local,1310,1,1,0,0,0,0,0.706845760345459
video13,BirdDrone-Local,1311,1,1,0,0,0,0,0.7102845907211304
video13,BirdDrone-Local,1312,1,1,0,0,0,0,0.7724609971046448
video13,BirdDrone-Local,1313,1,1,0,0,0,0,0.6904971599578857
video13,BirdDrone-Local,1314,1,1,0,0,0,0,0.7266344428062439
video13,BirdDrone-Local,1315,1,1,0,0,0,0,0.5891382098197937
video13,BirdDrone-Local,1316,3,3,0,0,3,0,0.3204936683177948
video13,BirdDrone-Local,1317,2,2,0,0,1,0,0.6804789900779724
video13,BirdDrone-Local,1318,3,3,0,0,2,0,0.6428930759429932
video13,BirdDrone-Local,1319,2,2,0,0,1,0,0.5927518010139465
video13,BirdDrone-Local,1320,2,2,0,0,1,0,0.4265996217727661
video13,BirdDrone-Local,1321,2,2,0,0,1,0,0.3706490993499756
video13,BirdDrone-Local,1322,1,1,0,0,0,0,0.36280494928359985
video13,BirdDrone-Local,1323,1,1,0,0,0,0,0.44780269265174866
video13,BirdDrone-Local,1324,1,1,0,0,0,0,0.3839326798915863
video13,BirdDrone-Local,1325,1,1,0,0,0,0,0.4185873568058014
video13,BirdDrone-Local,1326,2,2,0,0,0,0,0.5077461004257202
video13,BirdDrone-Local,1327,2,2,0,0,0,0,0.5311504602432251
video13,BirdDrone-Local,1328,2,2,0,0,1,0,0.695146918296814
video13,BirdDrone-Local,1329,2,2,0,0,1,0,0.7079492211341858
video13,BirdDrone-Local,1330,2,2,0,0,1,0,0.7402675151824951
video13,BirdDrone-Local,1331,2,2,0,0,1,0,0.7715057134628296
video13,BirdDrone-Local,1332,1,1,0,0,0,0,0.6897774338722229
video13,BirdDrone-Local,1333,2,2,0,0,1,0,0.7020764350891113
video13,BirdDrone-Local,1334,2,2,0,0,1,0,0.7748444080352783
video13,BirdDrone-Local,1335,2,2,0,0,1,0,0.7625703811645508
video13,BirdDrone-Local,1336,2,2,0,0,1,0,0.7454313635826111
video13,BirdDrone-Local,1337,2,2,0,0,1,0,0.7039697766304016
video13,BirdDrone-Local,1338,2,2,0,0,0,0,0.5702562928199768
video13,BirdDrone-Local,1339,2,2,0,0,0,0,0.5423281192779541
video13,BirdDrone-Local,1340,2,2,0,0,0,0,0.44500869512557983
video13,BirdDrone-Local,1341,2,2,0,0,0,0,0.5347797870635986
video13,BirdDrone-Local,1342,2,2,0,0,1,0,0.5894004702568054
video13,BirdDrone-Local,1343,2,2,0,0,1,0,0.5951763987541199
video13,BirdDrone-Local,1344,2,2,0,0,1,0,0.5216560363769531
video13,BirdDrone-Local,1345,2,2,0,0,1,0,0.6227278113365173
video13,BirdDrone-Local,1346,3,3,0,0,2,0,0.5928351283073425
video13,BirdDrone-Local,1347,1,1,0,0,0,0,0.49517810344696045
video13,BirdDrone-Local,1348,2,2,0,0,0,0,0.4359162747859955
video13,BirdDrone-Local,1349,2,2,0,0,1,0,0.36074453592300415
video13,BirdDrone-Local,1350,0,0,0,0,0,0,0.0
video13,BirdDrone-Local,1351,0,0,0,0,0,0,0.0
video13,BirdDrone-Local,1352,1,1,0,0,1,0,0.31308913230895996
video13,BirdDrone-Local,1353,0,0,0,0,0,0,0.0
video13,BirdDrone-Local,1354,0,0,0,0,0,0,0.0
video13,BirdDrone-Local,1355,0,0,0,0,0,0,0.0
video13,BirdDrone-Local,1356,2,2,0,0,1,0,0.3669818043708801
video13,BirdDrone-Local,1357,2,2,0,0,0,0,0.3996310830116272
video13,BirdDrone-Local,1358,1,1,0,0,0,0,0.4626401662826538
video13,BirdDrone-Local,1359,1,1,0,0,0,0,0.35001683235168457
video13,BirdDrone-Local,1360,0,0,0,0,0,0,0.0
video13,BirdDrone-Local,1361,1,1,0,0,0,0,0.49625399708747864
video13,BirdDrone-Local,1362,1,1,0,0,0,0,0.5455136895179749
video13,BirdDrone-Local,1363,2,2,0,0,1,0,0.38632112741470337
video13,BirdDrone-Local,1364,0,0,0,0,0,0,0.0
video13,BirdDrone-Local,1365,0,0,0,0,0,0,0.0
video13,BirdDrone-Local,1366,1,1,0,0,0,0,0.6168555617332458
video13,BirdDrone-Local,1367,2,2,0,0,2,0,0.29683607816696167
video13,BirdDrone-Local,1368,2,2,0,0,0,0,0.40993252396583557
video13,BirdDrone-Local,1369,1,1,0,0,0,0,0.6935880780220032
video13,BirdDrone-Local,1370,1,1,0,0,0,0,0.4020380675792694
video13,BirdDrone-Local,1371,0,0,0,0,0,0,0.0
video13,BirdDrone-Local,1372,1,1,0,0,0,0,0.48886290192604065
video13,BirdDrone-Local,1373,1,1,0,0,0,0,0.42411428689956665
video13,BirdDrone-Local,1374,1,1,0,0,0,0,0.5070415139198303
video13,BirdDrone-Local,1375,2,2,0,0,1,0,0.40111908316612244
video13,BirdDrone-Local,1376,2,2,0,0,2,0,0.32534000277519226
video13,BirdDrone-Local,1377,1,1,0,0,1,0,0.3104996681213379
video13,BirdDrone-Local,1378,2,2,0,0,2,0,0.28778836131095886
video13,BirdDrone-Local,1379,1,1,0,0,0,0,0.40753740072250366
video13,BirdDrone-Local,1380,1,1,0,0,1,0,0.3035518229007721
video13,BirdDrone-Local,1381,0,0,0,0,0,0,0.0
video13,BirdDrone-Local,1382,1,1,0,0,0,0,0.3549835979938507
video13,BirdDrone-Local,1383,1,1,0,0,0,0,0.49250394105911255
video13,BirdDrone-Local,1384,0,0,0,0,0,0,0.0
video13,BirdDrone-Local,1385,1,1,0,0,0,0,0.6740717887878418
video13,BirdDrone-Local,1386,1,1,0,0,0,0,0.6933521032333374
video13,BirdDrone-Local,1387,2,2,0,0,0,0,0.37321701645851135
video13,BirdDrone-Local,1388,1,1,0,0,0,0,0.4019101858139038
video13,BirdDrone-Local,1389,1,1,0,0,0,0,0.6833324432373047
video13,BirdDrone-Local,1390,2,2,0,0,1,0,0.5412046909332275
video13,BirdDrone-Local,1391,2,2,0,0,1,0,0.41266006231307983
video13,BirdDrone-Local,1392,2,2,0,0,1,0,0.6956668496131897
video13,BirdDrone-Local,1393,1,1,0,0,0,0,0.5725239515304565
video13,BirdDrone-Local,1394,2,2,0,0,1,0,0.6833470463752747
video13,BirdDrone-Local,1395,1,1,0,0,1,0,0.25180551409721375
video13,BirdDrone-Local,1396,1,1,0,0,1,0,0.3172479569911957
video13,BirdDrone-Local,1397,1,1,0,0,1,0,0.31280139088630676
video13,BirdDrone-Local,1398,0,0,0,0,0,0,0.0
video13,BirdDrone-Local,1399,1,1,0,0,0,0,0.3747585117816925
video13,BirdDrone-Local,1400,1,1,0,0,0,0,0.5508803725242615
video13,BirdDrone-Local,1401,0,0,0,0,0,0,0.0
video13,BirdDrone-Local,1402,1,1,0,0,0,0,0.5197113156318665
video13,BirdDrone-Local,1403,1,1,0,0,0,0,0.5327285528182983
video13,BirdDrone-Local,1404,2,2,0,0,1,0,0.45186781883239746
video13,BirdDrone-Local,1405,1,1,0,0,0,0,0.6272245645523071
video13,BirdDrone-Local,1406,1,1,0,0,0,0,0.6214390397071838
video13,BirdDrone-Local,1407,1,1,0,0,0,0,0.5333086848258972
video13,BirdDrone-Local,1408,2,2,0,0,1,0,0.4882078468799591
video13,BirdDrone-Local,1409,2,2,0,0,0,0,0.6086347103118896
video13,BirdDrone-Local,1410,1,1,0,0,0,0,0.6884352564811707
video13,BirdDrone-Local,1411,1,1,0,0,0,0,0.38880860805511475
video13,BirdDrone-Local,1412,1,1,0,0,0,0,0.6237274408340454
video13,BirdDrone-Local,1413,2,2,0,0,1,0,0.5816437602043152
video13,BirdDrone-Local,1414,2,2,0,0,0,0,0.3806217908859253
video13,BirdDrone-Local,1415,1,1,0,0,0,0,0.6577784419059753
video13,BirdDrone-Local,1416,1,1,0,0,0,0,0.5085793733596802
video13,BirdDrone-Local,1417,0,0,0,0,0,0,0.0
video13,BirdDrone-Local,1418,0,0,0,0,0,0,0.0
video13,BirdDrone-Local,1419,1,1,0,0,1,0,0.2612508535385132
video13,BirdDrone-Local,1420,2,2,0,0,1,0,0.5027785301208496
video13,BirdDrone-Local,1421,2,2,0,0,1,0,0.4294629991054535
video13,BirdDrone-Local,1422,2,2,0,0,1,0,0.5252777338027954
video13,BirdDrone-Local,1423,2,2,0,0,1,0,0.6764048933982849
video13,BirdDrone-Local,1424,2,2,0,0,1,0,0.4192522168159485
video13,BirdDrone-Local,1425,1,1,0,0,1,0,0.2501324415206909
video13,BirdDrone-Local,1426,1,1,0,0,1,0,0.26351481676101685
video13,BirdDrone-Local,1427,1,1,0,0,1,0,0.26613426208496094
video13,BirdDrone-Local,1428,1,1,0,0,1,0,0.27460774779319763
video13,BirdDrone-Local,1429,0,0,0,0,0,0,0.0
video13,BirdDrone-Local,1430,0,0,0,0,0,0,0.0
video13,BirdDrone-Local,1431,0,0,0,0,0,0,0.0
video13,BirdDrone-Local,1432,0,0,0,0,0,0,0.0
video13,BirdDrone-Local,1433,0,0,0,0,0,0,0.0
video13,BirdDrone-Local,1434,0,0,0,0,0,0,0.0
video13,BirdDrone-Local,1435,0,0,0,0,0,0,0.0
video13,BirdDrone-Local,1436,0,0,0,0,0,0,0.0
video13,BirdDrone-Local,1437,0,0,0,0,0,0,0.0
video13,BirdDrone-Local,1438,0,0,0,0,0,0,0.0
video13,BirdDrone-Local,1439,1,1,0,0,1,0,0.25160908699035645
video13,BirdDrone-Local,1440,0,0,0,0,0,0,0.0
video13,BirdDrone-Local,1441,0,0,0,0,0,0,0.0
video13,BirdDrone-Local,1442,0,0,0,0,0,0,0.0
video13,BirdDrone-Local,1443,1,1,0,0,0,0,0.3638181686401367
video13,BirdDrone-Local,1444,0,0,0,0,0,0,0.0
video13,BirdDrone-Local,1445,0,0,0,0,0,0,0.0
video13,BirdDrone-Local,1446,1,1,0,0,0,0,0.3794533908367157
video13,BirdDrone-Local,1447,1,1,0,0,1,0,0.2516009211540222
video13,BirdDrone-Local,1448,1,1,0,0,0,0,0.3893052637577057
video13,BirdDrone-Local,1449,0,0,0,0,0,0,0.0
video13,BirdDrone-Local,1450,1,1,0,0,0,0,0.3863661289215088
video13,BirdDrone-Local,1451,1,1,0,0,1,0,0.3226393461227417
video13,BirdDrone-Local,1452,1,1,0,0,0,0,0.5680456757545471
video13,BirdDrone-Local,1453,0,0,0,0,0,0,0.0
video13,BirdDrone-Local,1454,0,0,0,0,0,0,0.0
video13,BirdDrone-Local,1455,1,1,0,0,1,0,0.25937139987945557
video13,BirdDrone-Local,1456,0,0,0,0,0,0,0.0
video13,BirdDrone-Local,1457,0,0,0,0,0,0,0.0
video13,BirdDrone-Local,1458,0,0,0,0,0,0,0.0
video13,BirdDrone-Local,1459,0,0,0,0,0,0,0.0
video13,BirdDrone-Local,1460,0,0,0,0,0,0,0.0
video13,BirdDrone-Local,1461,0,0,0,0,0,0,0.0
video13,BirdDrone-Local,1462,0,0,0,0,0,0,0.0
video13,BirdDrone-Local,1463,0,0,0,0,0,0,0.0
video13,BirdDrone-Local,1464,1,1,0,0,1,0,0.25175806879997253
video13,BirdDrone-Local,1465,0,0,0,0,0,0,0.0
video13,BirdDrone-Local,1466,0,0,0,0,0,0,0.0
video13,BirdDrone-Local,1467,0,0,0,0,0,0,0.0
video13,BirdDrone-Local,1468,0,0,0,0,0,0,0.0
video13,BirdDrone-Local,1469,0,0,0,0,0,0,0.0
video13,BirdDrone-Local,1470,1,1,0,0,1,0,0.2980428636074066
video13,BirdDrone-Local,1471,1,1,0,0,1,0,0.3066023886203766
video13,BirdDrone-Local,1472,0,0,0,0,0,0,0.0
video13,BirdDrone-Local,1473,0,0,0,0,0,0,0.0
video13,BirdDrone-Local,1474,0,0,0,0,0,0,0.0
video13,BirdDrone-Local,1475,0,0,0,0,0,0,0.0
video13,BirdDrone-Local,1476,0,0,0,0,0,0,0.0
video13,BirdDrone-Local,1477,1,1,0,0,1,0,0.2816108465194702
video13,BirdDrone-Local,1478,1,1,0,0,0,0,0.5308348536491394
video13,BirdDrone-Local,1479,1,1,0,0,0,0,0.5450960993766785
video13,BirdDrone-Local,1480,1,1,0,0,0,0,0.49295997619628906
video13,BirdDrone-Local,1481,1,1,0,0,0,0,0.3817366659641266
video13,BirdDrone-Local,1482,0,0,0,0,0,0,0.0
video13,BirdDrone-Local,1483,0,0,0,0,0,0,0.0
video13,BirdDrone-Local,1484,0,0,0,0,0,0,0.0
video13,BirdDrone-Local,1485,0,0,0,0,0,0,0.0
video13,BirdDrone-Local,1486,0,0,0,0,0,0,0.0
video13,BirdDrone-Local,1487,0,0,0,0,0,0,0.0
video13,BirdDrone-Local,1488,0,0,0,0,0,0,0.0
video13,BirdDrone-Local,1489,0,0,0,0,0,0,0.0
video13,BirdDrone-Local,1490,0,0,0,0,0,0,0.0
video13,BirdDrone-Local,1491,1,1,0,0,1,0,0.2646472454071045
video13,BirdDrone-Local,1492,1,1,0,0,1,0,0.26559948921203613
video13,BirdDrone-Local,1493,0,0,0,0,0,0,0.0
video13,BirdDrone-Local,1494,1,1,0,0,1,0,0.25267332792282104
video13,BirdDrone-Local,1495,0,0,0,0,0,0,0.0
video13,BirdDrone-Local,1496,0,0,0,0,0,0,0.0
video13,BirdDrone-Local,1497,0,0,0,0,0,0,0.0
video13,BirdDrone-Local,1498,0,0,0,0,0,0,0.0
video13,BirdDrone-Local,1499,2,2,0,0,2,0,0.2550008296966553
video13,BirdDrone-Local,1500,2,2,0,0,2,0,0.2789769172668457
video13,BirdDrone-Local,1501,2,2,0,0,2,0,0.2821611166000366
video13,BirdDrone-Local,1502,1,1,0,0,1,0,0.2552627921104431
video13,BirdDrone-Local,1503,0,0,0,0,0,0,0.0
video13,BirdDrone-Local,1504,0,0,0,0,0,0,0.0
video13,BirdDrone-Local,1505,0,0,0,0,0,0,0.0
video13,BirdDrone-Local,1506,1,1,0,0,1,0,0.3314288258552551
video13,BirdDrone-Local,1507,1,1,0,0,0,0,0.4601277709007263
video13,BirdDrone-Local,1508,1,1,0,0,0,0,0.399181604385376
video13,BirdDrone-Local,1509,1,1,0,0,0,0,0.36788350343704224
video13,BirdDrone-Local,1510,1,1,0,0,0,0,0.510322093963623
video13,BirdDrone-Local,1511,1,1,0,0,0,0,0.5194708704948425
video13,BirdDrone-Local,1512,2,2,0,0,1,0,0.44230103492736816
video13,BirdDrone-Local,1513,1,1,0,0,0,0,0.4465249180793762
video13,BirdDrone-Local,1514,1,1,0,0,0,0,0.4223001003265381
video13,BirdDrone-Local,1515,1,1,0,0,0,0,0.42122092843055725
video13,BirdDrone-Local,1516,0,0,0,0,0,0,0.0
video13,BirdDrone-Local,1517,0,0,0,0,0,0,0.0
video13,BirdDrone-Local,1518,1,1,0,0,0,0,0.3527446389198303
video13,BirdDrone-Local,1519,1,1,0,0,0,0,0.4869574308395386
video13,BirdDrone-Local,1520,0,0,0,0,0,0,0.0
video13,BirdDrone-Local,1521,1,1,0,0,0,0,0.4215196967124939
video13,BirdDrone-Local,1522,1,1,0,0,1,0,0.3276483714580536
video13,BirdDrone-Local,1523,1,1,0,0,1,0,0.27156463265419006
video13,BirdDrone-Local,1524,0,0,0,0,0,0,0.0
video13,BirdDrone-Local,1525,1,1,0,0,1,0,0.25136592984199524
video13,BirdDrone-Local,1526,1,1,0,0,1,0,0.25315290689468384
video13,BirdDrone-Local,1527,1,1,0,0,1,0,0.3280385732650757
video13,BirdDrone-Local,1528,1,1,0,0,1,0,0.3029018044471741
video13,BirdDrone-Local,1529,1,1,0,0,1,0,0.32258766889572144
video13,BirdDrone-Local,1530,1,1,0,0,1,0,0.25529399514198303
video13,BirdDrone-Local,1531,1,1,0,0,1,0,0.25524085760116577
video13,BirdDrone-Local,1532,1,1,0,0,0,0,0.3783527612686157
video13,BirdDrone-Local,1533,1,1,0,0,0,0,0.4463721811771393
video13,BirdDrone-Local,1534,0,0,0,0,0,0,0.0
video13,BirdDrone-Local,1535,1,1,0,0,1,0,0.2793958783149719
video13,BirdDrone-Local,1536,1,1,0,0,1,0,0.25130805373191833
video13,BirdDrone-Local,1537,0,0,0,0,0,0,0.0
video13,BirdDrone-Local,1538,0,0,0,0,0,0,0.0
video13,BirdDrone-Local,1539,0,0,0,0,0,0,0.0
video13,BirdDrone-Local,1540,0,0,0,0,0,0,0.0
video13,BirdDrone-Local,1541,0,0,0,0,0,0,0.0
video13,BirdDrone-Local,1542,1,1,0,0,1,0,0.2547273337841034
video13,BirdDrone-Local,1543,1,1,0,0,1,0,0.25228285789489746
video13,BirdDrone-Local,1544,0,0,0,0,0,0,0.0
video13,BirdDrone-Local,1545,0,0,0,0,0,0,0.0
video13,BirdDrone-Local,1546,0,0,0,0,0,0,0.0
video13,BirdDrone-Local,1547,0,0,0,0,0,0,0.0
video13,BirdDrone-Local,1548,0,0,0,0,0,0,0.0
video13,BirdDrone-Local,1549,0,0,0,0,0,0,0.0
video13,BirdDrone-Local,1550,1,1,0,0,1,0,0.2709352970123291
video13,BirdDrone-Local,1551,1,1,0,0,1,0,0.26054129004478455
video13,BirdDrone-Local,1552,2,2,0,0,2,0,0.2900504171848297
video13,BirdDrone-Local,1553,1,1,0,0,1,0,0.3444027304649353
video13,BirdDrone-Local,1554,1,1,0,0,0,0,0.5139238834381104
video13,BirdDrone-Local,1555,0,0,0,0,0,0,0.0
video13,BirdDrone-Local,1556,1,1,0,0,0,0,0.45325642824172974
video13,BirdDrone-Local,1557,1,1,0,0,0,0,0.5511109232902527
video13,BirdDrone-Local,1558,0,0,0,0,0,0,0.0
video13,BirdDrone-Local,1559,1,1,0,0,0,0,0.4714948534965515
video13,BirdDrone-Local,1560,0,0,0,0,0,0,0.0
video13,BirdDrone-Local,1561,1,1,0,0,0,0,0.4364880919456482
video13,BirdDrone-Local,1562,1,1,0,0,1,0,0.3333889842033386
video13,BirdDrone-Local,1563,1,1,0,0,0,0,0.3843618333339691
video13,BirdDrone-Local,1564,1,1,0,0,0,0,0.5923198461532593
video13,BirdDrone-Local,1565,1,1,0,0,0,0,0.5519402623176575
video13,BirdDrone-Local,1566,1,1,0,0,0,0,0.4700399935245514
video13,BirdDrone-Local,1567,1,1,0,0,0,0,0.49045535922050476
video13,BirdDrone-Local,1568,1,1,0,0,0,0,0.3807944655418396
video13,BirdDrone-Local,1569,1,1,0,0,0,0,0.4528997838497162
video13,BirdDrone-Local,1570,1,1,0,0,1,0,0.26420944929122925
video13,BirdDrone-Local,1571,1,1,0,0,1,0,0.3200731575489044
video13,BirdDrone-Local,1572,1,1,0,0,1,0,0.3047454059123993
video13,BirdDrone-Local,1573,1,1,0,0,1,0,0.267257422208786
video13,BirdDrone-Local,1574,1,1,0,0,1,0,0.29738542437553406
video13,BirdDrone-Local,1575,1,1,0,0,0,0,0.6546533107757568
video13,BirdDrone-Local,1576,1,1,0,0,0,0,0.64061039686203
video13,BirdDrone-Local,1577,1,1,0,0,0,0,0.6771584749221802
video13,BirdDrone-Local,1578,0,0,0,0,0,0,0.0
video13,BirdDrone-Local,1579,1,1,0,0,0,0,0.59294193983078
video13,BirdDrone-Local,1580,2,2,0,0,2,0,0.3284488618373871
video13,BirdDrone-Local,1581,2,2,0,0,2,0,0.27692288160324097
video13,BirdDrone-Local,1582,1,1,0,0,0,0,0.54549640417099
video13,BirdDrone-Local,1583,1,1,0,0,0,0,0.5281313061714172
video13,BirdDrone-Local,1584,1,1,0,0,0,0,0.37282490730285645
video13,BirdDrone-Local,1585,1,1,0,0,0,0,0.5712385773658752
video13,BirdDrone-Local,1586,1,1,0,0,0,0,0.5025954246520996
video13,BirdDrone-Local,1587,2,2,0,0,1,0,0.4545033872127533
video13,BirdDrone-Local,1588,2,2,0,0,1,0,0.3648122549057007
video13,BirdDrone-Local,1589,1,1,0,0,1,0,0.29539036750793457
video13,BirdDrone-Local,1590,1,1,0,0,1,0,0.3069222867488861
video13,BirdDrone-Local,1591,1,1,0,0,1,0,0.27924400568008423
video13,BirdDrone-Local,1592,1,1,0,0,1,0,0.295105516910553
video13,BirdDrone-Local,1593,2,2,0,0,1,0,0.430324524641037
video13,BirdDrone-Local,1594,0,0,0,0,0,0,0.0
video13,BirdDrone-Local,1595,1,1,0,0,0,0,0.35083457827568054
video13,BirdDrone-Local,1596,1,1,0,0,1,0,0.3002111613750458
video13,BirdDrone-Local,1597,1,1,0,0,0,0,0.384417325258255
video13,BirdDrone-Local,1598,1,1,0,0,1,0,0.3456648290157318
video13,BirdDrone-Local,1599,1,1,0,0,1,0,0.3100501596927643
video13,BirdDrone-Local,1600,0,0,0,0,0,0,0.0
video13,BirdDrone-Local,1601,0,0,0,0,0,0,0.0
video13,BirdDrone-Local,1602,2,2,0,0,2,0,0.25797826051712036
video13,BirdDrone-Local,1603,0,0,0,0,0,0,0.0
video13,BirdDrone-Local,1604,0,0,0,0,0,0,0.0
video13,BirdDrone-Local,1605,0,0,0,0,0,0,0.0
video13,BirdDrone-Local,1606,1,1,0,0,0,0,0.4216564893722534
video13,BirdDrone-Local,1607,1,1,0,0,0,0,0.510199785232544
video13,BirdDrone-Local,1608,1,1,0,0,0,0,0.37786951661109924
video13,BirdDrone-Local,1609,1,1,0,0,0,0,0.5092796087265015
video13,BirdDrone-Local,1610,0,0,0,0,0,0,0.0
video13,BirdDrone-Local,1611,1,1,0,0,0,0,0.4605743885040283
video13,BirdDrone-Local,1612,1,1,0,0,0,0,0.5976172685623169
video13,BirdDrone-Local,1613,1,1,0,0,0,0,0.5307272672653198
video13,BirdDrone-Local,1614,1,1,0,0,0,0,0.42906811833381653
video13,BirdDrone-Local,1615,1,1,0,0,0,0,0.3989432752132416
video13,BirdDrone-Local,1616,0,0,0,0,0,0,0.0
video13,BirdDrone-Local,1617,0,0,0,0,0,0,0.0
video13,BirdDrone-Local,1618,0,0,0,0,0,0,0.0
video13,BirdDrone-Local,1619,0,0,0,0,0,0,0.0
video13,BirdDrone-Local,1620,1,1,0,0,1,0,0.28546202182769775
video13,BirdDrone-Local,1621,0,0,0,0,0,0,0.0
video13,BirdDrone-Local,1622,0,0,0,0,0,0,0.0
video13,BirdDrone-Local,1623,0,0,0,0,0,0,0.0
video13,BirdDrone-Local,1624,1,1,0,0,1,0,0.2709752321243286
video13,BirdDrone-Local,1625,0,0,0,0,0,0,0.0
video13,BirdDrone-Local,1626,1,1,0,0,0,0,0.40573105216026306
video13,BirdDrone-Local,1627,0,0,0,0,0,0,0.0
video13,BirdDrone-Local,1628,0,0,0,0,0,0,0.0
video13,BirdDrone-Local,1629,0,0,0,0,0,0,0.0
video13,BirdDrone-Local,1630,0,0,0,0,0,0,0.0
video13,BirdDrone-Local,1631,0,0,0,0,0,0,0.0
video13,BirdDrone-Local,1632,0,0,0,0,0,0,0.0
video13,BirdDrone-Local,1633,0,0,0,0,0,0,0.0
video13,BirdDrone-Local,1634,0,0,0,0,0,0,0.0
video13,BirdDrone-Local,1635,0,0,0,0,0,0,0.0
video13,BirdDrone-Local,1636,0,0,0,0,0,0,0.0
video13,BirdDrone-Local,1637,0,0,0,0,0,0,0.0
video13,BirdDrone-Local,1638,0,0,0,0,0,0,0.0
video13,BirdDrone-Local,1639,0,0,0,0,0,0,0.0
video13,BirdDrone-Local,1640,0,0,0,0,0,0,0.0
video13,BirdDrone-Local,1641,1,1,0,0,0,0,0.40688613057136536
video13,BirdDrone-Local,1642,1,1,0,0,1,0,0.31639114022254944
video13,BirdDrone-Local,1643,1,1,0,0,0,0,0.443986713886261
video13,BirdDrone-Local,1644,1,1,0,0,0,0,0.5626412034034729
video13,BirdDrone-Local,1645,1,1,0,0,0,0,0.49219435453414917
video13,BirdDrone-Local,1646,0,0,0,0,0,0,0.0
video13,BirdDrone-Local,1647,0,0,0,0,0,0,0.0
video13,BirdDrone-Local,1648,0,0,0,0,0,0,0.0
video13,BirdDrone-Local,1649,0,0,0,0,0,0,0.0
video13,BirdDrone-Local,1650,0,0,0,0,0,0,0.0
video13,BirdDrone-Local,1651,0,0,0,0,0,0,0.0
video13,BirdDrone-Local,1652,0,0,0,0,0,0,0.0
video13,BirdDrone-Local,1653,0,0,0,0,0,0,0.0
video13,BirdDrone-Local,1654,0,0,0,0,0,0,0.0
video13,BirdDrone-Local,1655,0,0,0,0,0,0,0.0
video13,BirdDrone-Local,1656,0,0,0,0,0,0,0.0
video13,BirdDrone-Local,1657,0,0,0,0,0,0,0.0
video13,BirdDrone-Local,1658,0,0,0,0,0,0,0.0
video13,BirdDrone-Local,1659,0,0,0,0,0,0,0.0
video13,BirdDrone-Local,1660,0,0,0,0,0,0,0.0
video13,BirdDrone-Local,1661,0,0,0,0,0,0,0.0
video13,BirdDrone-Local,1662,0,0,0,0,0,0,0.0
video13,BirdDrone-Local,1663,0,0,0,0,0,0,0.0
video13,BirdDrone-Local,1664,0,0,0,0,0,0,0.0
video13,BirdDrone-Local,1665,0,0,0,0,0,0,0.0
video13,BirdDrone-Local,1666,0,0,0,0,0,0,0.0
video13,BirdDrone-Local,1667,0,0,0,0,0,0,0.0
video13,BirdDrone-Local,1668,0,0,0,0,0,0,0.0
video13,BirdDrone-Local,1669,0,0,0,0,0,0,0.0
video13,BirdDrone-Local,1670,0,0,0,0,0,0,0.0
video13,BirdDrone-Local,1671,0,0,0,0,0,0,0.0
video13,BirdDrone-Local,1672,0,0,0,0,0,0,0.0
video13,BirdDrone-Local,1673,0,0,0,0,0,0,0.0
video13,BirdDrone-Local,1674,0,0,0,0,0,0,0.0
video13,BirdDrone-Local,1675,0,0,0,0,0,0,0.0
video13,BirdDrone-Local,1676,0,0,0,0,0,0,0.0
video13,BirdDrone-Local,1677,0,0,0,0,0,0,0.0
video13,BirdDrone-Local,1678,0,0,0,0,0,0,0.0
video13,BirdDrone-Local,1679,0,0,0,0,0,0,0.0
video13,BirdDrone-Local,1680,0,0,0,0,0,0,0.0
video13,BirdDrone-Local,1681,0,0,0,0,0,0,0.0
video13,BirdDrone-Local,1682,0,0,0,0,0,0,0.0
video13,BirdDrone-Local,1683,0,0,0,0,0,0,0.0
video13,BirdDrone-Local,1684,0,0,0,0,0,0,0.0
video13,BirdDrone-Local,1685,0,0,0,0,0,0,0.0
video13,BirdDrone-Local,1686,0,0,0,0,0,0,0.0
video13,BirdDrone-Local,1687,0,0,0,0,0,0,0.0
video13,BirdDrone-Local,1688,0,0,0,0,0,0,0.0
video13,BirdDrone-Local,1689,0,0,0,0,0,0,0.0
video13,BirdDrone-Local,1690,0,0,0,0,0,0,0.0
video13,BirdDrone-Local,1691,0,0,0,0,0,0,0.0
video13,BirdDrone-Local,1692,0,0,0,0,0,0,0.0
video13,BirdDrone-Local,1693,0,0,0,0,0,0,0.0
video13,BirdDrone-Local,1694,0,0,0,0,0,0,0.0
video13,BirdDrone-Local,1695,0,0,0,0,0,0,0.0
video13,BirdDrone-Local,1696,0,0,0,0,0,0,0.0
video13,BirdDrone-Local,1697,0,0,0,0,0,0,0.0
video13,BirdDrone-Local,1698,0,0,0,0,0,0,0.0
video13,BirdDrone-Local,1699,0,0,0,0,0,0,0.0
video13,BirdDrone-Local,1700,0,0,0,0,0,0,0.0
video13,BirdDrone-Local,1701,0,0,0,0,0,0,0.0
video13,BirdDrone-Local,1702,0,0,0,0,0,0,0.0
video13,BirdDrone-Local,1703,0,0,0,0,0,0,0.0
video13,BirdDrone-Local,1704,0,0,0,0,0,0,0.0
video13,BirdDrone-Local,1705,0,0,0,0,0,0,0.0
video13,BirdDrone-Local,1706,0,0,0,0,0,0,0.0
video13,BirdDrone-Local,1707,0,0,0,0,0,0,0.0
video13,BirdDrone-Local,1708,0,0,0,0,0,0,0.0
video13,BirdDrone-Local,1709,0,0,0,0,0,0,0.0
video13,BirdDrone-Local,1710,0,0,0,0,0,0,0.0
video13,BirdDrone-Local,1711,0,0,0,0,0,0,0.0
video13,BirdDrone-Local,1712,0,0,0,0,0,0,0.0
video13,BirdDrone-Local,1713,0,0,0,0,0,0,0.0
video13,BirdDrone-Local,1714,0,0,0,0,0,0,0.0
video13,BirdDrone-Local,1715,0,0,0,0,0,0,0.0
video13,BirdDrone-Local,1716,0,0,0,0,0,0,0.0
video13,BirdDrone-Local,1717,0,0,0,0,0,0,0.0
video13,BirdDrone-Local,1718,0,0,0,0,0,0,0.0
video13,BirdDrone-Local,1719,0,0,0,0,0,0,0.0
video13,BirdDrone-Local,1720,0,0,0,0,0,0,0.0
video13,BirdDrone-Local,1721,0,0,0,0,0,0,0.0
video13,BirdDrone-Local,1722,0,0,0,0,0,0,0.0
video13,BirdDrone-Local,1723,0,0,0,0,0,0,0.0
video13,BirdDrone-Local,1724,0,0,0,0,0,0,0.0
video13,BirdDrone-Local,1725,0,0,0,0,0,0,0.0
video13,BirdDrone-Local,1726,0,0,0,0,0,0,0.0
video13,BirdDrone-Local,1727,0,0,0,0,0,0,0.0
video13,BirdDrone-Local,1728,0,0,0,0,0,0,0.0
video13,BirdDrone-Local,1729,0,0,0,0,0,0,0.0
video13,BirdDrone-Local,1730,0,0,0,0,0,0,0.0
video13,BirdDrone-Local,1731,0,0,0,0,0,0,0.0
video13,BirdDrone-Local,1732,0,0,0,0,0,0,0.0
video13,BirdDrone-Local,1733,0,0,0,0,0,0,0.0
video13,BirdDrone-Local,1734,0,0,0,0,0,0,0.0
video13,BirdDrone-Local,1735,0,0,0,0,0,0,0.0
video13,BirdDrone-Local,1736,0,0,0,0,0,0,0.0
video13,BirdDrone-Local,1737,0,0,0,0,0,0,0.0
video13,BirdDrone-Local,1738,0,0,0,0,0,0,0.0
video13,BirdDrone-Local,1739,0,0,0,0,0,0,0.0
video13,BirdDrone-Local,1740,0,0,0,0,0,0,0.0
video13,BirdDrone-Local,1741,0,0,0,0,0,0,0.0
video13,BirdDrone-Local,1742,0,0,0,0,0,0,0.0
video13,BirdDrone-Local,1743,0,0,0,0,0,0,0.0
video13,BirdDrone-Local,1744,0,0,0,0,0,0,0.0
video13,BirdDrone-Local,1745,1,1,0,0,1,0,0.3238227367401123
video13,BirdDrone-Local,1746,1,1,0,0,1,0,0.2977932095527649
video13,BirdDrone-Local,1747,1,1,0,0,1,0,0.25802361965179443
video13,BirdDrone-Local,1748,1,1,0,0,0,0,0.35624149441719055
video13,BirdDrone-Local,1749,1,1,0,0,1,0,0.2958498001098633
video13,BirdDrone-Local,1750,1,1,0,0,0,0,0.4888843297958374
video13,BirdDrone-Local,1751,1,1,0,0,0,0,0.4796173870563507
video13,BirdDrone-Local,1752,1,1,0,0,0,0,0.5144927501678467
video13,BirdDrone-Local,1753,1,1,0,0,0,0,0.5209885239601135
video13,BirdDrone-Local,1754,1,1,0,0,0,0,0.5353017449378967
video13,BirdDrone-Local,1755,1,1,0,0,1,0,0.2914549708366394
video13,BirdDrone-Local,1756,3,3,0,0,2,0,0.3694290220737457
video13,BirdDrone-Local,1757,1,1,0,0,1,0,0.2699604034423828
video13,BirdDrone-Local,1758,1,1,0,0,0,0,0.529040515422821
video13,BirdDrone-Local,1759,2,2,0,0,2,0,0.34135323762893677
video13,BirdDrone-Local,1760,0,0,0,0,0,0,0.0
video13,BirdDrone-Local,1761,0,0,0,0,0,0,0.0
video13,BirdDrone-Local,1762,0,0,0,0,0,0,0.0
video13,BirdDrone-Local,1763,0,0,0,0,0,0,0.0
video13,BirdDrone-Local,1764,0,0,0,0,0,0,0.0
video13,BirdDrone-Local,1765,0,0,0,0,0,0,0.0
video13,BirdDrone-Local,1766,0,0,0,0,0,0,0.0
video13,BirdDrone-Local,1767,1,1,0,0,0,0,0.4921669065952301
video13,BirdDrone-Local,1768,1,1,0,0,0,0,0.5125517845153809
video13,BirdDrone-Local,1769,1,1,0,0,0,0,0.47232264280319214
video13,BirdDrone-Local,1770,1,1,0,0,0,0,0.46123388409614563
video13,BirdDrone-Local,1771,1,1,0,0,0,0,0.45384421944618225
video13,BirdDrone-Local,1772,1,1,0,0,0,0,0.44829514622688293
video13,BirdDrone-Local,1773,1,1,0,0,1,0,0.2691323459148407
video13,BirdDrone-Local,1774,0,0,0,0,0,0,0.0
video13,BirdDrone-Local,1775,0,0,0,0,0,0,0.0
video13,BirdDrone-Local,1776,0,0,0,0,0,0,0.0
video13,BirdDrone-Local,1777,0,0,0,0,0,0,0.0
video13,BirdDrone-Local,1778,0,0,0,0,0,0,0.0
video13,BirdDrone-Local,1779,0,0,0,0,0,0,0.0
video13,BirdDrone-Local,1780,0,0,0,0,0,0,0.0
video13,BirdDrone-Local,1781,0,0,0,0,0,0,0.0
video13,BirdDrone-Local,1782,0,0,0,0,0,0,0.0
video13,BirdDrone-Local,1783,0,0,0,0,0,0,0.0
video13,BirdDrone-Local,1784,0,0,0,0,0,0,0.0
video13,BirdDrone-Local,1785,0,0,0,0,0,0,0.0
video13,BirdDrone-Local,1786,0,0,0,0,0,0,0.0
video13,BirdDrone-Local,1787,0,0,0,0,0,0,0.0
video13,BirdDrone-Local,1788,0,0,0,0,0,0,0.0
video13,BirdDrone-Local,1789,0,0,0,0,0,0,0.0
video13,BirdDrone-Local,1790,0,0,0,0,0,0,0.0
video13,BirdDrone-Local,1791,0,0,0,0,0,0,0.0
video13,BirdDrone-Local,1792,0,0,0,0,0,0,0.0
video13,BirdDrone-Local,1793,0,0,0,0,0,0,0.0
video13,BirdDrone-Local,1794,0,0,0,0,0,0,0.0
video13,BirdDrone-Local,1795,1,1,0,0,1,0,0.26467248797416687
video13,BirdDrone-Local,1796,1,1,0,0,0,0,0.5600432753562927
video13,BirdDrone-Local,1797,1,1,0,0,0,0,0.5682962536811829
video13,BirdDrone-Local,1798,1,1,0,0,0,0,0.582394540309906
video13,BirdDrone-Local,1799,1,1,0,0,0,0,0.497342586517334
video13,BirdDrone-Local,1800,1,1,0,0,0,0,0.4212574362754822
video13,BirdDrone-Local,1801,1,1,0,0,0,0,0.38512465357780457
video13,BirdDrone-Local,1802,0,0,0,0,0,0,0.0
video13,BirdDrone-Local,1803,1,1,0,0,1,0,0.291343629360199
video13,BirdDrone-Local,1804,0,0,0,0,0,0,0.0
video13,BirdDrone-Local,1805,1,1,0,0,1,0,0.2921249270439148
video13,BirdDrone-Local,1806,1,1,0,0,0,0,0.3576483726501465
video13,BirdDrone-Local,1807,0,0,0,0,0,0,0.0
video13,BirdDrone-Local,1808,0,0,0,0,0,0,0.0
video13,BirdDrone-Local,1809,0,0,0,0,0,0,0.0
video13,BirdDrone-Local,1810,0,0,0,0,0,0,0.0
video13,BirdDrone-Local,1811,0,0,0,0,0,0,0.0
video13,BirdDrone-Local,1812,0,0,0,0,0,0,0.0
video13,BirdDrone-Local,1813,0,0,0,0,0,0,0.0
video13,BirdDrone-Local,1814,0,0,0,0,0,0,0.0
video13,BirdDrone-Local,1815,0,0,0,0,0,0,0.0
video13,BirdDrone-Local,1816,0,0,0,0,0,0,0.0
video13,BirdDrone-Local,1817,0,0,0,0,0,0,0.0
video13,BirdDrone-Local,1818,0,0,0,0,0,0,0.0
video13,BirdDrone-Local,1819,0,0,0,0,0,0,0.0
video13,BirdDrone-Local,1820,1,1,0,0,0,0,0.5139210224151611
video13,BirdDrone-Local,1821,0,0,0,0,0,0,0.0
video13,BirdDrone-Local,1822,1,1,0,0,0,0,0.4530779719352722
video13,BirdDrone-Local,1823,1,1,0,0,1,0,0.30238544940948486
video13,BirdDrone-Local,1824,1,1,0,0,1,0,0.2902613580226898
video13,BirdDrone-Local,1825,1,1,0,0,0,0,0.5232119560241699
video13,BirdDrone-Local,1826,2,2,0,0,1,0,0.4922715127468109
video13,BirdDrone-Local,1827,2,2,0,0,2,0,0.2960145175457001
video13,BirdDrone-Local,1828,0,0,0,0,0,0,0.0
video13,BirdDrone-Local,1829,1,1,0,0,1,0,0.2649014890193939
video13,BirdDrone-Local,1830,1,1,0,0,1,0,0.2795410752296448
video13,BirdDrone-Local,1831,0,0,0,0,0,0,0.0
video13,BirdDrone-Local,1832,0,0,0,0,0,0,0.0
video13,BirdDrone-Local,1833,0,0,0,0,0,0,0.0
video13,BirdDrone-Local,1834,0,0,0,0,0,0,0.0
video13,BirdDrone-Local,1835,1,1,0,0,0,0,0.4653272032737732
video13,BirdDrone-Local,1836,1,1,0,0,1,0,0.30565401911735535
video13,BirdDrone-Local,1837,1,1,0,0,0,0,0.7246907353401184
video13,BirdDrone-Local,1838,2,2,0,0,1,0,0.7384978532791138
video13,BirdDrone-Local,1839,1,1,0,0,0,0,0.7532719373703003
video13,BirdDrone-Local,1840,1,1,0,0,0,0,0.7836344242095947
video13,BirdDrone-Local,1841,1,1,0,0,0,0,0.771530270576477
video13,BirdDrone-Local,1842,1,1,0,0,0,0,0.7240898013114929
video13,BirdDrone-Local,1843,2,2,0,0,1,0,0.6191850900650024
video13,BirdDrone-Local,1844,1,1,0,0,0,0,0.4520067572593689
video13,BirdDrone-Local,1845,2,2,0,0,1,0,0.5168983936309814
video13,BirdDrone-Local,1846,2,2,0,0,1,0,0.3751868009567261
video13,BirdDrone-Local,1847,2,2,0,0,1,0,0.5321868062019348
video13,BirdDrone-Local,1848,2,2,0,0,1,0,0.6116255521774292
video13,BirdDrone-Local,1849,2,2,0,0,1,0,0.5130547285079956
video13,BirdDrone-Local,1850,1,1,0,0,0,0,0.592822253704071
video13,BirdDrone-Local,1851,1,1,0,0,0,0,0.6248624324798584
video13,BirdDrone-Local,1852,1,1,0,0,0,0,0.6322721838951111
video13,BirdDrone-Local,1853,1,1,0,0,0,0,0.5454145669937134
video13,BirdDrone-Local,1854,1,1,0,0,0,0,0.6255860328674316
video13,BirdDrone-Local,1855,1,1,0,0,0,0,0.682535707950592
video13,BirdDrone-Local,1856,2,2,0,0,1,0,0.7227329015731812
video13,BirdDrone-Local,1857,1,1,0,0,0,0,0.6879167556762695
video13,BirdDrone-Local,1858,2,2,0,0,1,0,0.4246985614299774
video13,BirdDrone-Local,1859,1,1,0,0,0,0,0.6053462028503418
video13,BirdDrone-Local,1860,2,2,0,0,1,0,0.7188434600830078
video13,BirdDrone-Local,1861,1,1,0,0,0,0,0.7712618708610535
video13,BirdDrone-Local,1862,1,1,0,0,0,0,0.7646821141242981
video13,BirdDrone-Local,1863,1,1,0,0,0,0,0.7546272873878479
video13,BirdDrone-Local,1864,1,1,0,0,0,0,0.8091456294059753
video13,BirdDrone-Local,1865,1,1,0,0,0,0,0.7948030233383179
video13,BirdDrone-Local,1866,1,1,0,0,0,0,0.8164243698120117
video13,BirdDrone-Local,1867,1,1,0,0,0,0,0.7829405069351196
video13,BirdDrone-Local,1868,1,1,0,0,0,0,0.7560641169548035
video13,BirdDrone-Local,1869,1,1,0,0,0,0,0.7601564526557922
video13,BirdDrone-Local,1870,1,1,0,0,0,0,0.7264714241027832
video13,BirdDrone-Local,1871,1,1,0,0,0,0,0.711236298084259
video13,BirdDrone-Local,1872,1,1,0,0,0,0,0.6313248872756958
video13,BirdDrone-Local,1873,1,1,0,0,0,0,0.5998954176902771
video13,BirdDrone-Local,1874,2,2,0,0,1,0,0.5336338877677917
video13,BirdDrone-Local,1875,1,1,0,0,0,0,0.5982452630996704
video13,BirdDrone-Local,1876,1,1,0,0,0,0,0.5621346831321716
video13,BirdDrone-Local,1877,1,1,0,0,0,0,0.7076213955879211
video13,BirdDrone-Local,1878,1,1,0,0,0,0,0.7094250917434692
video13,BirdDrone-Local,1879,1,1,0,0,0,0,0.7150067687034607
video13,BirdDrone-Local,1880,1,1,0,0,0,0,0.6350522041320801
video13,BirdDrone-Local,1881,1,1,0,0,0,0,0.5877817869186401
video13,BirdDrone-Local,1882,1,1,0,0,0,0,0.6884679794311523
video13,BirdDrone-Local,1883,1,1,0,0,0,0,0.7112523317337036
video13,BirdDrone-Local,1884,1,1,0,0,0,0,0.5533605813980103
video13,BirdDrone-Local,1885,1,1,0,0,0,0,0.6482359170913696
video13,BirdDrone-Local,1886,1,1,0,0,0,0,0.7465080618858337
video13,BirdDrone-Local,1887,1,1,0,0,1,0,0.2991581857204437
video13,BirdDrone-Local,1888,1,1,0,0,0,0,0.4860365688800812
video13,BirdDrone-Local,1889,1,1,0,0,1,0,0.30391255021095276
video13,BirdDrone-Local,1890,2,2,0,0,1,0,0.37533387541770935
video13,BirdDrone-Local,1891,1,1,0,0,0,0,0.6719037890434265
video13,BirdDrone-Local,1892,1,1,0,0,0,0,0.6374119520187378
video13,BirdDrone-Local,1893,1,1,0,0,0,0,0.7113937139511108
video13,BirdDrone-Local,1894,1,1,0,0,0,0,0.6911755800247192
video13,BirdDrone-Local,1895,1,1,0,0,0,0,0.7312861084938049
video13,BirdDrone-Local,1896,1,1,0,0,0,0,0.5714284777641296
video13,BirdDrone-Local,1897,2,2,0,0,1,0,0.5510264039039612
video13,BirdDrone-Local,1898,2,2,0,0,1,0,0.480406790971756
video13,BirdDrone-Local,1899,1,1,0,0,0,0,0.5719001293182373
video13,BirdDrone-Local,1900,2,2,0,0,1,0,0.4384155571460724
video13,BirdDrone-Local,1901,2,2,0,0,0,0,0.5608169436454773
video13,BirdDrone-Local,1902,2,2,0,0,1,0,0.6581399440765381
video13,BirdDrone-Local,1903,2,2,0,0,1,0,0.6669922471046448
video13,BirdDrone-Local,1904,2,2,0,0,1,0,0.5931483507156372
video13,BirdDrone-Local,1905,1,1,0,0,1,0,0.2853108048439026
video13,BirdDrone-Local,1906,1,1,0,0,0,0,0.4367867410182953
video13,BirdDrone-Local,1907,1,1,0,0,0,0,0.6808966398239136
video13,BirdDrone-Local,1908,1,1,0,0,0,0,0.6043444275856018
video13,BirdDrone-Local,1909,1,1,0,0,0,0,0.5601546764373779
video13,BirdDrone-Local,1910,1,1,0,0,0,0,0.6884655952453613
video13,BirdDrone-Local,1911,1,1,0,0,0,0,0.5874176025390625
video13,BirdDrone-Local,1912,1,1,0,0,1,0,0.2857048511505127
video13,BirdDrone-Local,1913,1,1,0,0,0,0,0.6381409764289856
video13,BirdDrone-Local,1914,1,1,0,0,0,0,0.6617085933685303
