video,model,frame,detections,drone_det,bird_det,false_class,low_conf_fp,tp_iou,max_conf
video10,TriClass-Cloud,0,1,1,0,0,0,1,0.8675057291984558
video10,TriClass-Cloud,1,1,1,0,0,0,0,0.8712580800056458
video10,TriClass-Cloud,2,1,1,0,0,0,0,0.869129478931427
video10,TriClass-Cloud,3,1,1,0,0,0,0,0.8688287138938904
video10,TriClass-Cloud,4,1,1,0,0,0,0,0.8729209303855896
video10,TriClass-Cloud,5,1,1,0,0,0,0,0.8703886866569519
video10,TriClass-Cloud,6,1,1,0,0,0,0,0.8655993342399597
video10,TriClass-Cloud,7,1,1,0,0,0,0,0.8803961277008057
video10,TriClass-Cloud,8,1,1,0,0,0,0,0.8735058903694153
video10,TriClass-Cloud,9,1,1,0,0,0,0,0.88474041223526
video10,TriClass-Cloud,10,1,1,0,0,0,0,0.8777028322219849
video10,TriClass-Cloud,11,1,1,0,0,0,0,0.8788804411888123
video10,TriClass-Cloud,12,1,1,0,0,0,0,0.8836665153503418
video10,TriClass-Cloud,13,1,1,0,0,0,0,0.8525288105010986
video10,TriClass-Cloud,14,1,1,0,0,0,0,0.8649450540542603
video10,TriClass-Cloud,15,1,1,0,0,0,0,0.8674205541610718
video10,TriClass-Cloud,16,1,1,0,0,0,0,0.8688250184059143
video10,TriClass-Cloud,17,1,1,0,0,0,0,0.8482403755187988
video10,TriClass-Cloud,18,1,1,0,0,0,0,0.8528450131416321
video10,TriClass-Cloud,19,1,1,0,0,0,0,0.8441011309623718
video10,TriClass-Cloud,20,1,1,0,0,0,0,0.852634072303772
video10,TriClass-Cloud,21,1,1,0,0,0,0,0.8400183320045471
video10,TriClass-Cloud,22,1,1,0,0,0,0,0.872719407081604
video10,TriClass-Cloud,23,1,1,0,0,0,0,0.8647570610046387
video10,TriClass-Cloud,24,1,1,0,0,0,0,0.863923192024231
video10,TriClass-Cloud,25,1,1,0,0,0,0,0.7789903283119202
video10,TriClass-Cloud,26,1,1,0,0,0,0,0.8349682688713074
video10,TriClass-Cloud,27,1,1,0,0,0,0,0.8589560985565186
video10,TriClass-Cloud,28,1,1,0,0,0,0,0.6698490381240845
video10,TriClass-Cloud,29,1,1,0,0,0,0,0.8090232014656067
video10,TriClass-Cloud,30,1,1,0,0,0,0,0.7626910209655762
video10,TriClass-Cloud,31,1,1,0,0,0,0,0.6944320201873779
video10,TriClass-Cloud,32,1,1,0,0,0,0,0.8110354542732239
video10,TriClass-Cloud,33,1,1,0,0,0,0,0.8376025557518005
video10,TriClass-Cloud,34,1,1,0,0,0,0,0.8429691195487976
video10,TriClass-Cloud,35,1,1,0,0,0,0,0.8465686440467834
video10,TriClass-Cloud,36,1,1,0,0,0,0,0.8210663795471191
video10,TriClass-Cloud,37,1,1,0,0,0,0,0.8229415416717529
video10,TriClass-Cloud,38,1,1,0,0,0,0,0.8191895484924316
video10,TriClass-Cloud,39,1,1,0,0,0,0,0.8337485790252686
video10,TriClass-Cloud,40,1,1,0,0,0,0,0.7744184732437134
video10,TriClass-Cloud,41,1,1,0,0,0,0,0.8074654340744019
video10,TriClass-Cloud,42,1,1,0,0,0,0,0.8434662222862244
video10,TriClass-Cloud,43,1,1,0,0,0,0,0.8065746426582336
video10,TriClass-Cloud,44,1,1,0,0,0,0,0.832688570022583
video10,TriClass-Cloud,45,1,1,0,0,0,0,0.8558508157730103
video10,TriClass-Cloud,46,1,1,0,0,0,0,0.8647363185882568
video10,TriClass-Cloud,47,1,1,0,0,0,0,0.8693553805351257
video10,TriClass-Cloud,48,1,1,0,0,0,0,0.8648156523704529
video10,TriClass-Cloud,49,1,1,0,0,0,0,0.8511769771575928
video10,TriClass-Cloud,50,1,1,0,0,0,0,0.865778923034668
video10,TriClass-Cloud,51,1,1,0,0,0,0,0.8666747212409973
video10,TriClass-Cloud,52,1,1,0,0,0,0,0.8460458517074585
video10,TriClass-Cloud,53,1,1,0,0,0,0,0.8404566645622253
video10,TriClass-Cloud,54,1,1,0,0,0,0,0.83872389793396
video10,TriClass-Cloud,55,1,1,0,0,0,0,0.8465173840522766
video10,TriClass-Cloud,56,1,1,0,0,0,0,0.8456760048866272
video10,TriClass-Cloud,57,1,1,0,0,0,0,0.8348309993743896
video10,TriClass-Cloud,58,1,1,0,0,0,0,0.7541453838348389
video10,TriClass-Cloud,59,1,1,0,0,0,0,0.4691319167613983
video10,TriClass-Cloud,60,1,1,0,0,0,0,0.7927680015563965
video10,TriClass-Cloud,61,1,1,0,0,0,0,0.8019709587097168
video10,TriClass-Cloud,62,1,1,0,0,0,0,0.8068243861198425
video10,TriClass-Cloud,63,1,1,0,0,0,0,0.7697871327400208
video10,TriClass-Cloud,64,1,1,0,0,0,0,0.7083820104598999
video10,TriClass-Cloud,65,1,1,0,0,0,0,0.7298963069915771
video10,TriClass-Cloud,66,1,1,0,0,0,0,0.728847861289978
video10,TriClass-Cloud,67,1,1,0,0,0,0,0.7795985341072083
video10,TriClass-Cloud,68,1,1,0,0,0,0,0.7965327501296997
video10,TriClass-Cloud,69,1,1,0,0,0,0,0.8282365798950195
video10,TriClass-Cloud,70,1,1,0,0,0,0,0.8444814085960388
video10,TriClass-Cloud,71,1,1,0,0,0,0,0.8220064043998718
video10,TriClass-Cloud,72,1,1,0,0,0,0,0.8312661647796631
video10,TriClass-Cloud,73,1,1,0,0,0,0,0.8426384925842285
video10,TriClass-Cloud,74,1,1,0,0,0,0,0.8305160403251648
video10,TriClass-Cloud,75,1,1,0,0,0,0,0.781582772731781
video10,TriClass-Cloud,76,1,1,0,0,0,0,0.7912963032722473
video10,TriClass-Cloud,77,1,1,0,0,0,0,0.8222068548202515
video10,TriClass-Cloud,78,1,1,0,0,0,0,0.8243175148963928
video10,TriClass-Cloud,79,1,1,0,0,0,0,0.8412200212478638
video10,TriClass-Cloud,80,1,1,0,0,0,0,0.8295362591743469
video10,TriClass-Cloud,81,1,1,0,0,0,0,0.8218913674354553
video10,TriClass-Cloud,82,1,1,0,0,0,0,0.8324140906333923
video10,TriClass-Cloud,83,1,1,0,0,0,0,0.814360499382019
video10,TriClass-Cloud,84,1,1,0,0,0,0,0.8218228220939636
video10,TriClass-Cloud,85,1,1,0,0,0,0,0.8142814040184021
video10,TriClass-Cloud,86,1,1,0,0,0,0,0.8375521898269653
video10,TriClass-Cloud,87,1,1,0,0,0,0,0.8325405716896057
video10,TriClass-Cloud,88,1,1,0,0,0,0,0.8272796869277954
video10,TriClass-Cloud,89,1,1,0,0,0,0,0.8268171548843384
video10,TriClass-Cloud,90,1,1,0,0,0,0,0.7762964963912964
video10,TriClass-Cloud,91,1,1,0,0,0,0,0.7907727956771851
video10,TriClass-Cloud,92,1,1,0,0,0,0,0.791795015335083
video10,TriClass-Cloud,93,1,1,0,0,0,0,0.7715033888816833
video10,TriClass-Cloud,94,1,1,0,0,0,0,0.7966736555099487
video10,TriClass-Cloud,95,1,1,0,0,0,0,0.7929287552833557
video10,TriClass-Cloud,96,1,1,0,0,0,0,0.814696192741394
video10,TriClass-Cloud,97,1,1,0,0,0,0,0.8056510090827942
video10,TriClass-Cloud,98,1,1,0,0,0,0,0.8277180790901184
video10,TriClass-Cloud,99,1,1,0,0,0,0,0.8270139098167419
video10,TriClass-Cloud,100,1,1,0,0,0,0,0.8252849578857422
video10,TriClass-Cloud,101,1,1,0,0,0,0,0.801423192024231
video10,TriClass-Cloud,102,1,1,0,0,0,0,0.8013486266136169
video10,TriClass-Cloud,103,1,1,0,0,0,0,0.8017734289169312
video10,TriClass-Cloud,104,1,1,0,0,0,0,0.797789990901947
video10,TriClass-Cloud,105,1,1,0,0,0,0,0.8085855841636658
video10,TriClass-Cloud,106,1,1,0,0,0,0,0.7981465458869934
video10,TriClass-Cloud,107,1,1,0,0,0,0,0.7549788951873779
video10,TriClass-Cloud,108,1,1,0,0,0,0,0.8136522769927979
video10,TriClass-Cloud,109,1,1,0,0,0,0,0.7386040687561035
video10,TriClass-Cloud,110,1,1,0,0,0,0,0.7687758803367615
video10,TriClass-Cloud,111,1,1,0,0,0,0,0.8026023507118225
video10,TriClass-Cloud,112,1,1,0,0,0,0,0.8079734444618225
video10,TriClass-Cloud,113,1,1,0,0,0,0,0.808333158493042
video10,TriClass-Cloud,114,1,1,0,0,0,0,0.8043800592422485
video10,TriClass-Cloud,115,1,1,0,0,0,0,0.8010536432266235
video10,TriClass-Cloud,116,1,1,0,0,0,0,0.8273682594299316
video10,TriClass-Cloud,117,1,1,0,0,0,0,0.8001846671104431
video10,TriClass-Cloud,118,1,1,0,0,0,0,0.8085492849349976
video10,TriClass-Cloud,119,1,1,0,0,0,0,0.7999107241630554
video10,TriClass-Cloud,120,1,1,0,0,0,0,0.7723524570465088
video10,TriClass-Cloud,121,1,1,0,0,0,0,0.7602147459983826
video10,TriClass-Cloud,122,1,1,0,0,0,0,0.7712817192077637
video10,TriClass-Cloud,123,1,1,0,0,0,0,0.7778193950653076
video10,TriClass-Cloud,124,1,1,0,0,0,0,0.823483407497406
video10,TriClass-Cloud,125,1,1,0,0,0,0,0.8345715403556824
video10,TriClass-Cloud,126,1,1,0,0,0,0,0.8298653364181519
video10,TriClass-Cloud,127,1,1,0,0,0,0,0.8111398816108704
video10,TriClass-Cloud,128,1,1,0,0,0,0,0.8339974284172058
video10,TriClass-Cloud,129,1,1,0,0,0,0,0.8312022089958191
video10,TriClass-Cloud,130,1,1,0,0,0,0,0.8187800049781799
video10,TriClass-Cloud,131,1,1,0,0,0,0,0.8094961047172546
video10,TriClass-Cloud,132,1,1,0,0,0,0,0.8145291805267334
video10,TriClass-Cloud,133,1,1,0,0,0,0,0.7893732786178589
video10,TriClass-Cloud,134,1,1,0,0,0,0,0.8077433705329895
video10,TriClass-Cloud,135,1,1,0,0,0,0,0.8150715231895447
video10,TriClass-Cloud,136,1,1,0,0,0,0,0.8235225081443787
video10,TriClass-Cloud,137,1,1,0,0,0,0,0.805976927280426
video10,TriClass-Cloud,138,1,1,0,0,0,0,0.8225551247596741
video10,TriClass-Cloud,139,1,1,0,0,0,0,0.7950764894485474
video10,TriClass-Cloud,140,1,1,0,0,0,0,0.805275022983551
video10,TriClass-Cloud,141,1,1,0,0,0,0,0.8016691207885742
video10,TriClass-Cloud,142,1,1,0,0,0,0,0.8226434588432312
video10,TriClass-Cloud,143,1,1,0,0,0,0,0.7317948341369629
video10,TriClass-Cloud,144,1,1,0,0,0,0,0.781677782535553
video10,TriClass-Cloud,145,1,1,0,0,0,0,0.7817829251289368
video10,TriClass-Cloud,146,1,1,0,0,0,0,0.7706606984138489
video10,TriClass-Cloud,147,1,1,0,0,0,0,0.7260640263557434
video10,TriClass-Cloud,148,1,1,0,0,0,0,0.7539453506469727
video10,TriClass-Cloud,149,1,1,0,0,0,0,0.7132176756858826
video10,TriClass-Cloud,150,1,1,0,0,0,0,0.7192392349243164
video10,TriClass-Cloud,151,1,1,0,0,0,0,0.709376871585846
video10,TriClass-Cloud,152,1,1,0,0,0,0,0.7282559871673584
video10,TriClass-Cloud,153,1,1,0,0,0,0,0.796455442905426
video10,TriClass-Cloud,154,1,1,0,0,0,0,0.7854773998260498
video10,TriClass-Cloud,155,1,1,0,0,0,0,0.7732170224189758
video10,TriClass-Cloud,156,1,1,0,0,0,0,0.7943086624145508
video10,TriClass-Cloud,157,1,1,0,0,0,0,0.7929133772850037
video10,TriClass-Cloud,158,1,1,0,0,0,0,0.718233585357666
video10,TriClass-Cloud,159,1,1,0,0,0,0,0.8292531371116638
video10,TriClass-Cloud,160,1,1,0,0,0,0,0.8370564579963684
video10,TriClass-Cloud,161,1,1,0,0,0,0,0.7598903775215149
video10,TriClass-Cloud,162,1,1,0,0,0,0,0.8251283764839172
video10,TriClass-Cloud,163,1,1,0,0,0,0,0.8163777589797974
video10,TriClass-Cloud,164,1,1,0,0,0,0,0.8142901659011841
video10,TriClass-Cloud,165,1,1,0,0,0,0,0.8490710258483887
video10,TriClass-Cloud,166,1,1,0,0,0,0,0.8198778629302979
video10,TriClass-Cloud,167,1,1,0,0,0,0,0.8199690580368042
video10,TriClass-Cloud,168,1,1,0,0,0,0,0.8283447027206421
video10,TriClass-Cloud,169,1,1,0,0,0,0,0.8528855443000793
video10,TriClass-Cloud,170,1,1,0,0,0,0,0.8507955074310303
video10,TriClass-Cloud,171,1,1,0,0,0,0,0.8231502175331116
video10,TriClass-Cloud,172,1,1,0,0,0,0,0.8229418992996216
video10,TriClass-Cloud,173,1,1,0,0,0,0,0.8305718302726746
video10,TriClass-Cloud,174,1,1,0,0,0,0,0.8571595549583435
video10,TriClass-Cloud,175,1,1,0,0,0,0,0.833625078201294
video10,TriClass-Cloud,176,1,1,0,0,0,0,0.8357499837875366
video10,TriClass-Cloud,177,1,1,0,0,0,0,0.8237496018409729
video10,TriClass-Cloud,178,1,1,0,0,0,0,0.8349250555038452
video10,TriClass-Cloud,179,1,1,0,0,0,0,0.8210057020187378
video10,TriClass-Cloud,180,1,1,0,0,0,0,0.8240566253662109
video10,TriClass-Cloud,181,1,1,0,0,0,0,0.8268795013427734
video10,TriClass-Cloud,182,2,2,0,0,0,0,0.7158523201942444
video10,TriClass-Cloud,183,1,1,0,0,0,0,0.8606988787651062
video10,TriClass-Cloud,184,1,1,0,0,0,0,0.8480929732322693
video10,TriClass-Cloud,185,1,1,0,0,0,0,0.8321477174758911
video10,TriClass-Cloud,186,1,1,0,0,0,0,0.8415439128875732
video10,TriClass-Cloud,187,1,1,0,0,0,0,0.8676660060882568
video10,TriClass-Cloud,188,1,1,0,0,0,0,0.8468450903892517
video10,TriClass-Cloud,189,1,1,0,0,0,0,0.8513966202735901
video10,TriClass-Cloud,190,1,1,0,0,0,0,0.8326714634895325
video10,TriClass-Cloud,191,1,1,0,0,0,0,0.8251044750213623
video10,TriClass-Cloud,192,1,1,0,0,0,0,0.8168248534202576
video10,TriClass-Cloud,193,1,1,0,0,0,0,0.8154424428939819
video10,TriClass-Cloud,194,1,1,0,0,0,0,0.852891206741333
video10,TriClass-Cloud,195,1,1,0,0,0,0,0.8470976948738098
video10,TriClass-Cloud,196,1,1,0,0,0,0,0.8438392877578735
video10,TriClass-Cloud,197,1,1,0,0,0,0,0.8276059627532959
video10,TriClass-Cloud,198,1,1,0,0,0,0,0.8218587636947632
video10,TriClass-Cloud,199,1,1,0,0,0,0,0.8164217472076416
video10,TriClass-Cloud,200,1,1,0,0,0,0,0.8304010629653931
video10,TriClass-Cloud,201,1,1,0,0,0,0,0.8376757502555847
video10,TriClass-Cloud,202,1,1,0,0,0,0,0.833553671836853
video10,TriClass-Cloud,203,1,1,0,0,0,0,0.8366371989250183
video10,TriClass-Cloud,204,1,1,0,0,0,0,0.8549693822860718
video10,TriClass-Cloud,205,1,1,0,0,0,0,0.8453815579414368
video10,TriClass-Cloud,206,2,2,0,0,1,0,0.7670007944107056
video10,TriClass-Cloud,207,1,1,0,0,0,0,0.8587019443511963
video10,TriClass-Cloud,208,1,1,0,0,0,0,0.843098521232605
video10,TriClass-Cloud,209,1,1,0,0,0,0,0.828483521938324
video10,TriClass-Cloud,210,1,1,0,0,0,0,0.8531863689422607
video10,TriClass-Cloud,211,1,1,0,0,0,0,0.8414629697799683
video10,TriClass-Cloud,212,1,1,0,0,0,0,0.8361008167266846
video10,TriClass-Cloud,213,1,1,0,0,0,0,0.8288221955299377
video10,TriClass-Cloud,214,1,1,0,0,0,0,0.8203786611557007
video10,TriClass-Cloud,215,1,1,0,0,0,0,0.8132259845733643
video10,TriClass-Cloud,216,1,1,0,0,0,0,0.7950222492218018
video10,TriClass-Cloud,217,1,1,0,0,0,0,0.7871803045272827
video10,TriClass-Cloud,218,1,1,0,0,0,0,0.8055978417396545
video10,TriClass-Cloud,219,1,1,0,0,0,0,0.7864183187484741
video10,TriClass-Cloud,220,1,1,0,0,0,0,0.8285349607467651
video10,TriClass-Cloud,221,1,1,0,0,0,0,0.8256877660751343
video10,TriClass-Cloud,222,1,1,0,0,0,0,0.8212139010429382
video10,TriClass-Cloud,223,1,1,0,0,0,0,0.7890639305114746
video10,TriClass-Cloud,224,1,1,0,0,0,0,0.796177864074707
video10,TriClass-Cloud,225,1,1,0,0,0,0,0.792565107345581
video10,TriClass-Cloud,226,1,1,0,0,0,0,0.8081508874893188
video10,TriClass-Cloud,227,1,1,0,0,0,0,0.8018407225608826
video10,TriClass-Cloud,228,1,1,0,0,0,0,0.7956227660179138
video10,TriClass-Cloud,229,1,1,0,0,0,0,0.8221397995948792
video10,TriClass-Cloud,230,1,1,0,0,0,0,0.830641508102417
video10,TriClass-Cloud,231,1,1,0,0,0,0,0.8365692496299744
video10,TriClass-Cloud,232,1,1,0,0,0,0,0.8237768411636353
video10,TriClass-Cloud,233,1,1,0,0,0,0,0.8345454335212708
video10,TriClass-Cloud,234,1,1,0,0,0,0,0.8326306343078613
video10,TriClass-Cloud,235,1,1,0,0,0,0,0.8500350117683411
video10,TriClass-Cloud,236,1,1,0,0,0,0,0.8398930430412292
video10,TriClass-Cloud,237,1,1,0,0,0,0,0.8465298414230347
video10,TriClass-Cloud,238,1,1,0,0,0,0,0.8394591808319092
video10,TriClass-Cloud,239,1,1,0,0,0,0,0.8392555713653564
video10,TriClass-Cloud,240,1,1,0,0,0,0,0.85151207447052
video10,TriClass-Cloud,241,1,1,0,0,0,0,0.7467144727706909
video10,TriClass-Cloud,242,1,1,0,0,0,0,0.8161835670471191
video10,TriClass-Cloud,243,1,1,0,0,0,0,0.8130522966384888
video10,TriClass-Cloud,244,1,1,0,0,0,0,0.801622211933136
video10,TriClass-Cloud,245,1,1,0,0,0,0,0.8091637492179871
video10,TriClass-Cloud,246,1,1,0,0,0,0,0.8227858543395996
video10,TriClass-Cloud,247,1,1,0,0,0,0,0.8255053758621216
video10,TriClass-Cloud,248,1,1,0,0,0,0,0.8060735464096069
video10,TriClass-Cloud,249,1,1,0,0,0,0,0.8243167400360107
video10,TriClass-Cloud,250,1,1,0,0,0,0,0.8485903143882751
video10,TriClass-Cloud,251,1,1,0,0,0,0,0.8472523093223572
video10,TriClass-Cloud,252,1,1,0,0,0,0,0.840987503528595
video10,TriClass-Cloud,253,1,1,0,0,0,0,0.8159462809562683
video10,TriClass-Cloud,254,1,1,0,0,0,0,0.8300776481628418
video10,TriClass-Cloud,255,1,1,0,0,0,0,0.8213605880737305
video10,TriClass-Cloud,256,1,1,0,0,0,0,0.8133507966995239
video10,TriClass-Cloud,257,1,1,0,0,0,0,0.8184660077095032
video10,TriClass-Cloud,258,1,1,0,0,0,0,0.8388931155204773
video10,TriClass-Cloud,259,1,1,0,0,0,0,0.8495841026306152
video10,TriClass-Cloud,260,1,1,0,0,0,0,0.8410289883613586
video10,TriClass-Cloud,261,1,1,0,0,0,0,0.849032998085022
video10,TriClass-Cloud,262,1,1,0,0,0,0,0.8638447523117065
video10,TriClass-Cloud,263,1,1,0,0,0,0,0.8781492114067078
video10,TriClass-Cloud,264,1,1,0,0,0,0,0.8751992583274841
video10,TriClass-Cloud,265,1,1,0,0,0,0,0.8789620399475098
video10,TriClass-Cloud,266,1,1,0,0,0,0,0.8712018132209778
video10,TriClass-Cloud,267,1,1,0,0,0,0,0.8484422564506531
video10,TriClass-Cloud,268,1,1,0,0,0,0,0.8459879159927368
video10,TriClass-Cloud,269,1,1,0,0,0,0,0.83072429895401
video10,TriClass-Cloud,270,1,1,0,0,0,0,0.7799585461616516
video10,TriClass-Cloud,271,1,1,0,0,0,0,0.7892451286315918
video10,TriClass-Cloud,272,1,1,0,0,0,0,0.8272597789764404
video10,TriClass-Cloud,273,1,1,0,0,0,0,0.8305084705352783
video10,TriClass-Cloud,274,1,1,0,0,0,0,0.8445661067962646
video10,TriClass-Cloud,275,1,1,0,0,0,0,0.8417222499847412
video10,TriClass-Cloud,276,1,1,0,0,0,0,0.847868025302887
video10,TriClass-Cloud,277,1,1,0,0,0,0,0.8492565751075745
video10,TriClass-Cloud,278,1,1,0,0,0,0,0.8592361211776733
video10,TriClass-Cloud,279,1,1,0,0,0,0,0.847169816493988
video10,TriClass-Cloud,280,1,1,0,0,0,0,0.8363555073738098
video10,TriClass-Cloud,281,1,1,0,0,0,0,0.8356152772903442
video10,TriClass-Cloud,282,1,1,0,0,0,0,0.8362775444984436
video10,TriClass-Cloud,283,2,2,0,0,0,0,0.5601935982704163
video10,TriClass-Cloud,284,1,1,0,0,0,0,0.8354559540748596
video10,TriClass-Cloud,285,1,1,0,0,0,0,0.8417077660560608
video10,TriClass-Cloud,286,1,1,0,0,0,0,0.8338909149169922
video10,TriClass-Cloud,287,1,1,0,0,0,0,0.8316643834114075
video10,TriClass-Cloud,288,1,1,0,0,0,0,0.8239306211471558
video10,TriClass-Cloud,289,1,1,0,0,0,0,0.8371831774711609
video10,TriClass-Cloud,290,1,1,0,0,0,0,0.845781683921814
video10,TriClass-Cloud,291,1,1,0,0,0,0,0.8435797691345215
video10,TriClass-Cloud,292,1,1,0,0,0,0,0.8283597826957703
video10,TriClass-Cloud,293,1,1,0,0,0,0,0.8091461062431335
video10,TriClass-Cloud,294,1,1,0,0,0,0,0.8054735064506531
video10,TriClass-Cloud,295,1,1,0,0,0,0,0.8288536071777344
video10,TriClass-Cloud,296,1,1,0,0,0,0,0.8456043004989624
video10,TriClass-Cloud,297,1,1,0,0,0,0,0.8162711262702942
video10,TriClass-Cloud,298,1,1,0,0,0,0,0.8133300542831421
video10,TriClass-Cloud,299,1,1,0,0,0,0,0.8313467502593994
video10,TriClass-Cloud,300,1,1,0,0,0,0,0.8140960931777954
video10,TriClass-Cloud,301,1,1,0,0,0,0,0.8334408402442932
video10,TriClass-Cloud,302,1,1,0,0,0,0,0.8481840491294861
video10,TriClass-Cloud,303,1,1,0,0,0,0,0.829411506652832
video10,TriClass-Cloud,304,1,1,0,0,0,0,0.859611451625824
video10,TriClass-Cloud,305,1,1,0,0,0,0,0.8176383376121521
video10,TriClass-Cloud,306,1,1,0,0,0,0,0.8206921815872192
video10,TriClass-Cloud,307,1,1,0,0,0,0,0.8426713347434998
video10,TriClass-Cloud,308,1,1,0,0,0,0,0.837333083152771
video10,TriClass-Cloud,309,1,1,0,0,0,0,0.7820351719856262
video10,TriClass-Cloud,310,1,1,0,0,0,0,0.8170806765556335
video10,TriClass-Cloud,311,1,1,0,0,0,0,0.8396689891815186
video10,TriClass-Cloud,312,1,1,0,0,0,0,0.8574030995368958
video10,TriClass-Cloud,313,1,1,0,0,0,0,0.849395751953125
video10,TriClass-Cloud,314,1,1,0,0,0,0,0.8448684811592102
video10,TriClass-Cloud,315,1,1,0,0,0,0,0.842915415763855
video10,TriClass-Cloud,316,1,1,0,0,0,0,0.8193376064300537
video10,TriClass-Cloud,317,1,1,0,0,0,0,0.8185778856277466
video10,TriClass-Cloud,318,1,1,0,0,0,0,0.7897188663482666
video10,TriClass-Cloud,319,1,1,0,0,0,0,0.813118577003479
video10,TriClass-Cloud,320,1,1,0,0,0,0,0.7830125093460083
video10,TriClass-Cloud,321,1,1,0,0,0,0,0.7941558361053467
video10,TriClass-Cloud,322,1,1,0,0,0,0,0.8197603821754456
video10,TriClass-Cloud,323,1,1,0,0,0,0,0.8112610578536987
video10,TriClass-Cloud,324,1,1,0,0,0,0,0.8179703950881958
video10,TriClass-Cloud,325,1,1,0,0,0,0,0.8095424175262451
video10,TriClass-Cloud,326,1,1,0,0,0,0,0.8263401985168457
video10,TriClass-Cloud,327,1,1,0,0,0,0,0.8338497877120972
video10,TriClass-Cloud,328,1,1,0,0,0,0,0.7792640924453735
video10,TriClass-Cloud,329,1,1,0,0,0,0,0.8576338291168213
video10,TriClass-Cloud,330,1,1,0,0,0,0,0.8437073230743408
video10,TriClass-Cloud,331,1,1,0,0,0,0,0.8370870351791382
video10,TriClass-Cloud,332,1,1,0,0,0,0,0.8510886430740356
video10,TriClass-Cloud,333,1,1,0,0,0,0,0.8556287288665771
video10,TriClass-Cloud,334,1,1,0,0,0,0,0.8424763083457947
video10,TriClass-Cloud,335,1,1,0,0,0,0,0.8367823958396912
video10,TriClass-Cloud,336,1,1,0,0,0,0,0.8193680047988892
video10,TriClass-Cloud,337,1,1,0,0,0,0,0.8004370927810669
video10,TriClass-Cloud,338,1,1,0,0,0,0,0.8275434970855713
video10,TriClass-Cloud,339,1,1,0,0,0,0,0.8297885656356812
video10,TriClass-Cloud,340,1,1,0,0,0,0,0.8474336266517639
video10,TriClass-Cloud,341,1,1,0,0,0,0,0.8564956188201904
video10,TriClass-Cloud,342,1,1,0,0,0,0,0.8579300045967102
video10,TriClass-Cloud,343,1,1,0,0,0,0,0.8524467349052429
video10,TriClass-Cloud,344,1,1,0,0,0,0,0.85808265209198
video10,TriClass-Cloud,345,1,1,0,0,0,0,0.8669882416725159
video10,TriClass-Cloud,346,1,1,0,0,0,0,0.863469123840332
video10,TriClass-Cloud,347,2,2,0,0,0,0,0.732341468334198
video10,TriClass-Cloud,348,1,1,0,0,0,0,0.8660101294517517
video10,TriClass-Cloud,349,1,1,0,0,0,0,0.844233512878418
video10,TriClass-Cloud,350,1,1,0,0,0,0,0.8412850499153137
video10,TriClass-Cloud,351,1,1,0,0,0,0,0.8475139737129211
video10,TriClass-Cloud,352,1,1,0,0,0,0,0.8494108319282532
video10,TriClass-Cloud,353,1,1,0,0,0,0,0.8548910617828369
video10,TriClass-Cloud,354,1,1,0,0,0,0,0.8551827073097229
video10,TriClass-Cloud,355,1,1,0,0,0,0,0.8461350202560425
video10,TriClass-Cloud,356,1,1,0,0,0,0,0.8479284048080444
video10,TriClass-Cloud,357,1,1,0,0,0,0,0.837107241153717
video10,TriClass-Cloud,358,1,1,0,0,0,0,0.8482652902603149
video10,TriClass-Cloud,359,1,1,0,0,0,0,0.8418546319007874
video10,TriClass-Cloud,360,1,1,0,0,0,0,0.8399929404258728
video10,TriClass-Cloud,361,1,1,0,0,0,0,0.8468238115310669
video10,TriClass-Cloud,362,1,1,0,0,0,0,0.8342494964599609
video10,TriClass-Cloud,363,1,1,0,0,0,0,0.8445667028427124
video10,TriClass-Cloud,364,1,1,0,0,0,0,0.847338080406189
video10,TriClass-Cloud,365,1,1,0,0,0,0,0.8521718382835388
video10,TriClass-Cloud,366,1,1,0,0,0,0,0.7283053994178772
video10,TriClass-Cloud,367,1,1,0,0,0,0,0.8416575193405151
video10,TriClass-Cloud,368,1,1,0,0,0,0,0.8253778219223022
video10,TriClass-Cloud,369,1,1,0,0,0,0,0.7960485816001892
video10,TriClass-Cloud,370,1,1,0,0,0,0,0.8363420963287354
video10,TriClass-Cloud,371,1,1,0,0,0,0,0.8257371783256531
video10,TriClass-Cloud,372,1,1,0,0,0,0,0.6562474966049194
video10,TriClass-Cloud,373,1,1,0,0,0,0,0.8097301125526428
video10,TriClass-Cloud,374,1,1,0,0,0,0,0.8367940783500671
video10,TriClass-Cloud,375,1,1,0,0,0,0,0.8173057436943054
video10,TriClass-Cloud,376,1,1,0,0,0,0,0.7984493374824524
video10,TriClass-Cloud,377,1,1,0,0,0,0,0.8113437294960022
video10,TriClass-Cloud,378,1,1,0,0,0,0,0.8141590356826782
video10,TriClass-Cloud,379,1,1,0,0,0,0,0.8173485398292542
video10,TriClass-Cloud,380,1,1,0,0,0,0,0.8120662569999695
video10,TriClass-Cloud,381,1,1,0,0,0,0,0.8346760869026184
video10,TriClass-Cloud,382,1,1,0,0,0,0,0.8289108276367188
video10,TriClass-Cloud,383,1,1,0,0,0,0,0.8266183137893677
video10,TriClass-Cloud,384,1,1,0,0,0,0,0.8179527521133423
video10,TriClass-Cloud,385,1,1,0,0,0,0,0.8055685758590698
video10,TriClass-Cloud,386,1,1,0,0,0,0,0.8146167993545532
video10,TriClass-Cloud,387,1,1,0,0,0,0,0.8213138580322266
video10,TriClass-Cloud,388,1,1,0,0,0,0,0.8325750827789307
video10,TriClass-Cloud,389,1,1,0,0,0,0,0.8344694972038269
video10,TriClass-Cloud,390,1,1,0,0,0,0,0.7732792496681213
video10,TriClass-Cloud,391,1,1,0,0,0,0,0.7915928959846497
video10,TriClass-Cloud,392,1,1,0,0,0,0,0.784729540348053
video10,TriClass-Cloud,393,1,1,0,0,0,0,0.8179218173027039
video10,TriClass-Cloud,394,1,1,0,0,0,0,0.8535400032997131
video10,TriClass-Cloud,395,1,1,0,0,0,0,0.8537484407424927
video10,TriClass-Cloud,396,1,1,0,0,0,0,0.8385091423988342
video10,TriClass-Cloud,397,1,1,0,0,0,0,0.8353492617607117
video10,TriClass-Cloud,398,1,1,0,0,0,0,0.8345317244529724
video10,TriClass-Cloud,399,1,1,0,0,0,0,0.8421239256858826
video10,TriClass-Cloud,400,1,1,0,0,0,0,0.854731023311615
video10,TriClass-Cloud,401,1,1,0,0,0,0,0.8456886410713196
video10,TriClass-Cloud,402,1,1,0,0,0,0,0.8358389735221863
video10,TriClass-Cloud,403,1,1,0,0,0,0,0.8532115817070007
video10,TriClass-Cloud,404,1,1,0,0,0,0,0.8459195494651794
video10,TriClass-Cloud,405,1,1,0,0,0,0,0.8524920344352722
video10,TriClass-Cloud,406,1,1,0,0,0,0,0.8457444906234741
video10,TriClass-Cloud,407,1,1,0,0,0,0,0.8404473066329956
video10,TriClass-Cloud,408,1,1,0,0,0,0,0.8408713936805725
video10,TriClass-Cloud,409,1,1,0,0,0,0,0.8519691824913025
video10,TriClass-Cloud,410,1,1,0,0,0,0,0.860979437828064
video10,TriClass-Cloud,411,1,1,0,0,0,0,0.8170943856239319
video10,TriClass-Cloud,412,1,1,0,0,0,0,0.7776691317558289
video10,TriClass-Cloud,413,1,1,0,0,0,0,0.8106125593185425
video10,TriClass-Cloud,414,1,1,0,0,0,0,0.7939743399620056
video10,TriClass-Cloud,415,1,1,0,0,0,0,0.7878891229629517
video10,TriClass-Cloud,416,1,1,0,0,0,0,0.8394374847412109
video10,TriClass-Cloud,417,1,1,0,0,0,0,0.8166558742523193
video10,TriClass-Cloud,418,1,1,0,0,0,0,0.8068338632583618
video10,TriClass-Cloud,419,1,1,0,0,0,0,0.831551730632782
video10,TriClass-Cloud,420,1,1,0,0,0,0,0.8331700563430786
video10,TriClass-Cloud,421,1,1,0,0,0,0,0.5361857414245605
video10,TriClass-Cloud,422,2,2,0,0,2,0,0.34562790393829346
video10,TriClass-Cloud,423,1,1,0,0,0,0,0.35745492577552795
video10,TriClass-Cloud,424,1,1,0,0,0,0,0.45719870924949646
video10,TriClass-Cloud,425,1,1,0,0,0,0,0.8090256452560425
video10,TriClass-Cloud,426,1,1,0,0,0,0,0.7160313725471497
video10,TriClass-Cloud,427,1,1,0,0,0,0,0.5694131255149841
video10,TriClass-Cloud,428,1,1,0,0,0,0,0.42804330587387085
video10,TriClass-Cloud,429,1,1,0,0,0,0,0.7722349166870117
video10,TriClass-Cloud,430,1,1,0,0,1,0,0.3483298718929291
video10,TriClass-Cloud,431,2,2,0,0,2,0,0.3240768313407898
video10,TriClass-Cloud,432,2,2,0,0,1,0,0.4258423447608948
video10,TriClass-Cloud,433,1,1,0,0,0,0,0.7185935974121094
video10,TriClass-Cloud,434,1,1,0,0,0,0,0.6116890907287598
video10,TriClass-Cloud,435,1,1,0,0,0,0,0.8031032681465149
video10,TriClass-Cloud,436,1,1,0,0,0,0,0.7653646469116211
video10,TriClass-Cloud,437,1,1,0,0,0,0,0.789317786693573
video10,TriClass-Cloud,438,1,1,0,0,0,0,0.6707590818405151
video10,TriClass-Cloud,439,1,1,0,0,0,0,0.46961385011672974
video10,TriClass-Cloud,440,1,1,0,0,0,0,0.5798837542533875
video10,TriClass-Cloud,441,1,1,0,0,0,0,0.5517104268074036
video10,TriClass-Cloud,442,1,1,0,0,0,0,0.6862030029296875
video10,TriClass-Cloud,443,1,1,0,0,0,0,0.7861409187316895
video10,TriClass-Cloud,444,1,1,0,0,0,0,0.8071455359458923
video10,TriClass-Cloud,445,1,1,0,0,0,0,0.8016734719276428
video10,TriClass-Cloud,446,1,1,0,0,0,0,0.8162848353385925
video10,TriClass-Cloud,447,1,1,0,0,0,0,0.8149543404579163
video10,TriClass-Cloud,448,1,1,0,0,0,0,0.7998318076133728
video10,TriClass-Cloud,449,1,1,0,0,0,0,0.7562805414199829
video10,TriClass-Cloud,450,1,1,0,0,0,0,0.8144615888595581
video10,TriClass-Cloud,451,1,1,0,0,0,0,0.841666579246521
video10,TriClass-Cloud,452,1,1,0,0,0,0,0.79653400182724
video10,TriClass-Cloud,453,1,1,0,0,0,0,0.7989528775215149
video10,TriClass-Cloud,454,1,1,0,0,0,0,0.7612355947494507
video10,TriClass-Cloud,455,1,1,0,0,0,0,0.7824872136116028
video10,TriClass-Cloud,456,1,1,0,0,0,0,0.7553452849388123
video10,TriClass-Cloud,457,1,1,0,0,0,0,0.7210447788238525
video10,TriClass-Cloud,458,1,1,0,0,0,0,0.7158101797103882
video10,TriClass-Cloud,459,1,1,0,0,0,0,0.7308800220489502
video10,TriClass-Cloud,460,1,1,0,0,0,0,0.7963546514511108
video10,TriClass-Cloud,461,1,1,0,0,0,0,0.7908081412315369
video10,TriClass-Cloud,462,1,1,0,0,0,0,0.7929992079734802
video10,TriClass-Cloud,463,1,1,0,0,0,0,0.7877702116966248
video10,TriClass-Cloud,464,1,1,0,0,0,0,0.5806286334991455
video10,TriClass-Cloud,465,1,1,0,0,0,0,0.696188747882843
video10,TriClass-Cloud,466,1,1,0,0,0,0,0.7868727445602417
video10,TriClass-Cloud,467,1,1,0,0,0,0,0.8090887069702148
video10,TriClass-Cloud,468,1,1,0,0,0,0,0.750665545463562
video10,TriClass-Cloud,469,1,1,0,0,0,0,0.7711012363433838
video10,TriClass-Cloud,470,1,1,0,0,0,0,0.806378960609436
video10,TriClass-Cloud,471,1,1,0,0,0,0,0.766560971736908
video10,TriClass-Cloud,472,1,1,0,0,0,0,0.766741156578064
video10,TriClass-Cloud,473,1,1,0,0,0,0,0.7813573479652405
video10,TriClass-Cloud,474,1,1,0,0,0,0,0.782017171382904
video10,TriClass-Cloud,475,1,1,0,0,0,0,0.7901740074157715
video10,TriClass-Cloud,476,1,1,0,0,0,0,0.7653238773345947
video10,TriClass-Cloud,477,1,1,0,0,0,0,0.769115149974823
video10,TriClass-Cloud,478,1,1,0,0,0,0,0.794356107711792
video10,TriClass-Cloud,479,1,1,0,0,0,0,0.7918591499328613
video10,TriClass-Cloud,480,1,1,0,0,0,0,0.820178747177124
video10,TriClass-Cloud,481,1,1,0,0,0,0,0.8321316838264465
video10,TriClass-Cloud,482,1,1,0,0,0,0,0.8157318830490112
video10,TriClass-Cloud,483,1,1,0,0,0,0,0.7882100939750671
video10,TriClass-Cloud,484,1,1,0,0,0,0,0.7629717588424683
video10,TriClass-Cloud,485,1,1,0,0,0,0,0.7454635500907898
video10,TriClass-Cloud,486,1,1,0,0,0,0,0.7289857268333435
video10,TriClass-Cloud,487,1,1,0,0,0,0,0.7383832335472107
video10,TriClass-Cloud,488,1,1,0,0,0,0,0.7628216743469238
video10,TriClass-Cloud,489,1,1,0,0,0,0,0.7866467833518982
video10,TriClass-Cloud,490,1,1,0,0,0,0,0.7521880269050598
video10,TriClass-Cloud,491,1,1,0,0,0,0,0.7951382398605347
video10,TriClass-Cloud,492,1,1,0,0,0,0,0.7987901568412781
video10,TriClass-Cloud,493,1,1,0,0,0,0,0.8233544826507568
video10,TriClass-Cloud,494,1,1,0,0,0,0,0.8183313012123108
video10,TriClass-Cloud,495,1,1,0,0,0,0,0.855863094329834
video10,TriClass-Cloud,496,1,1,0,0,0,0,0.861895740032196
video10,TriClass-Cloud,497,1,1,0,0,0,0,0.8225377202033997
video10,TriClass-Cloud,498,1,1,0,0,0,0,0.8145480155944824
video10,TriClass-Cloud,499,1,1,0,0,0,0,0.8272209763526917
video10,TriClass-Cloud,500,1,1,0,0,0,0,0.8112035393714905
video10,TriClass-Cloud,501,1,1,0,0,0,0,0.8173004984855652
video10,TriClass-Cloud,502,1,1,0,0,0,0,0.8374249339103699
video10,TriClass-Cloud,503,1,1,0,0,0,0,0.8376643061637878
video10,TriClass-Cloud,504,2,2,0,0,0,0,0.7163620591163635
video10,TriClass-Cloud,505,1,1,0,0,0,0,0.828215479850769
video10,TriClass-Cloud,506,1,1,0,0,0,0,0.8054505586624146
video10,TriClass-Cloud,507,1,1,0,0,0,0,0.7764164209365845
video10,TriClass-Cloud,508,1,1,0,0,0,0,0.8027793765068054
video10,TriClass-Cloud,509,1,1,0,0,0,0,0.8030961155891418
video10,TriClass-Cloud,510,1,1,0,0,0,0,0.8310271501541138
video10,TriClass-Cloud,511,1,1,0,0,0,0,0.822502076625824
video10,TriClass-Cloud,512,1,1,0,0,0,0,0.8151655793190002
video10,TriClass-Cloud,513,1,1,0,0,0,0,0.7470943331718445
video10,TriClass-Cloud,514,1,1,0,0,0,0,0.8311636447906494
video10,TriClass-Cloud,515,1,1,0,0,0,0,0.8273535370826721
video10,TriClass-Cloud,516,1,1,0,0,0,0,0.8027640581130981
video10,TriClass-Cloud,517,1,1,0,0,0,0,0.7966811060905457
video10,TriClass-Cloud,518,1,1,0,0,0,0,0.6953158378601074
video10,TriClass-Cloud,519,1,1,0,0,0,0,0.6655660271644592
video10,TriClass-Cloud,520,1,1,0,0,0,0,0.724162220954895
video10,TriClass-Cloud,521,1,1,0,0,0,0,0.661594033241272
video10,TriClass-Cloud,522,1,1,0,0,0,0,0.627172589302063
video10,TriClass-Cloud,523,1,1,0,0,0,0,0.6488038897514343
video10,TriClass-Cloud,524,1,1,0,0,0,0,0.7658219337463379
video10,TriClass-Cloud,525,1,1,0,0,0,0,0.77704918384552
video10,TriClass-Cloud,526,1,1,0,0,0,0,0.8093549609184265
video10,TriClass-Cloud,527,1,1,0,0,0,0,0.7891021370887756
video10,TriClass-Cloud,528,1,1,0,0,0,0,0.7299432158470154
video10,TriClass-Cloud,529,1,1,0,0,0,0,0.7792572379112244
video10,TriClass-Cloud,530,1,1,0,0,0,0,0.8114160895347595
video10,TriClass-Cloud,531,1,1,0,0,0,0,0.8391923904418945
video10,TriClass-Cloud,532,1,1,0,0,0,0,0.8359106779098511
video10,TriClass-Cloud,533,1,1,0,0,0,0,0.8437196016311646
video10,TriClass-Cloud,534,1,1,0,0,0,0,0.83841872215271
video10,TriClass-Cloud,535,1,1,0,0,0,0,0.8506534695625305
video10,TriClass-Cloud,536,1,1,0,0,0,0,0.8279513120651245
video10,TriClass-Cloud,537,1,1,0,0,0,0,0.8043962717056274
video10,TriClass-Cloud,538,1,1,0,0,0,0,0.8155890107154846
video10,TriClass-Cloud,539,1,1,0,0,0,0,0.7031302452087402
video10,TriClass-Cloud,540,1,1,0,0,0,0,0.8114588856697083
video10,TriClass-Cloud,541,1,1,0,0,0,0,0.7962813377380371
video10,TriClass-Cloud,542,1,1,0,0,0,0,0.8234648704528809
video10,TriClass-Cloud,543,1,1,0,0,0,0,0.8295435309410095
video10,TriClass-Cloud,544,1,1,0,0,0,0,0.8321812152862549
video10,TriClass-Cloud,545,1,1,0,0,0,0,0.8293784260749817
video10,TriClass-Cloud,546,1,1,0,0,0,0,0.8231999278068542
video10,TriClass-Cloud,547,1,1,0,0,0,0,0.7983043789863586
video10,TriClass-Cloud,548,1,1,0,0,0,0,0.8261907696723938
video10,TriClass-Cloud,549,1,1,0,0,0,0,0.8319619297981262
video10,TriClass-Cloud,550,1,1,0,0,0,0,0.8418508768081665
video10,TriClass-Cloud,551,1,1,0,0,0,0,0.8450806736946106
video10,TriClass-Cloud,552,1,1,0,0,0,0,0.8179847598075867
video10,TriClass-Cloud,553,1,1,0,0,0,0,0.854373037815094
video10,TriClass-Cloud,554,1,1,0,0,0,0,0.8417020440101624
video10,TriClass-Cloud,555,1,1,0,0,0,0,0.8422539234161377
video10,TriClass-Cloud,556,1,1,0,0,0,0,0.8289068937301636
video10,TriClass-Cloud,557,1,1,0,0,0,0,0.8292995691299438
video10,TriClass-Cloud,558,1,1,0,0,0,0,0.8250381350517273
video10,TriClass-Cloud,559,1,1,0,0,0,0,0.8512100577354431
video10,TriClass-Cloud,560,1,1,0,0,0,0,0.8261024951934814
video10,TriClass-Cloud,561,1,1,0,0,0,0,0.5594491958618164
video10,TriClass-Cloud,562,1,1,0,0,0,0,0.7481945753097534
video10,TriClass-Cloud,563,1,1,0,0,1,0,0.3061116337776184
video10,TriClass-Cloud,564,0,0,0,0,0,0,0.0
video10,TriClass-Cloud,565,0,0,0,0,0,0,0.0
video10,TriClass-Cloud,566,0,0,0,0,0,0,0.0
video10,TriClass-Cloud,567,0,0,0,0,0,0,0.0
video10,TriClass-Cloud,568,0,0,0,0,0,0,0.0
video10,TriClass-Cloud,569,0,0,0,0,0,0,0.0
video10,TriClass-Cloud,570,0,0,0,0,0,0,0.0
video10,TriClass-Cloud,571,0,0,0,0,0,0,0.0
video10,TriClass-Cloud,572,0,0,0,0,0,0,0.0
video10,TriClass-Cloud,573,0,0,0,0,0,0,0.0
video10,TriClass-Cloud,574,0,0,0,0,0,0,0.0
video10,TriClass-Cloud,575,0,0,0,0,0,0,0.0
video10,TriClass-Cloud,576,0,0,0,0,0,0,0.0
video10,TriClass-Cloud,577,0,0,0,0,0,0,0.0
video10,TriClass-Cloud,578,0,0,0,0,0,0,0.0
video10,TriClass-Cloud,579,0,0,0,0,0,0,0.0
video10,TriClass-Cloud,580,0,0,0,0,0,0,0.0
video10,TriClass-Cloud,581,0,0,0,0,0,0,0.0
video10,TriClass-Cloud,582,0,0,0,0,0,0,0.0
video10,TriClass-Cloud,583,0,0,0,0,0,0,0.0
video10,TriClass-Cloud,584,0,0,0,0,0,0,0.0
video10,TriClass-Cloud,585,0,0,0,0,0,0,0.0
video10,TriClass-Cloud,586,0,0,0,0,0,0,0.0
video10,TriClass-Cloud,587,0,0,0,0,0,0,0.0
video10,TriClass-Cloud,588,0,0,0,0,0,0,0.0
video10,TriClass-Cloud,589,0,0,0,0,0,0,0.0
video10,TriClass-Cloud,590,0,0,0,0,0,0,0.0
video10,TriClass-Cloud,591,0,0,0,0,0,0,0.0
video10,TriClass-Cloud,592,0,0,0,0,0,0,0.0
video10,TriClass-Cloud,593,0,0,0,0,0,0,0.0
video10,TriClass-Cloud,594,0,0,0,0,0,0,0.0
video10,TriClass-Cloud,595,0,0,0,0,0,0,0.0
video10,TriClass-Cloud,596,0,0,0,0,0,0,0.0
video10,TriClass-Cloud,597,0,0,0,0,0,0,0.0
video10,TriClass-Cloud,598,0,0,0,0,0,0,0.0
video10,TriClass-Cloud,599,0,0,0,0,0,0,0.0
video10,TriClass-Cloud,600,0,0,0,0,0,0,0.0
video10,TriClass-Cloud,601,1,1,0,0,0,0,0.6600285768508911
video10,TriClass-Cloud,602,1,1,0,0,0,0,0.7683103680610657
video10,TriClass-Cloud,603,1,1,0,0,0,0,0.6076549887657166
video10,TriClass-Cloud,604,0,0,0,0,0,0,0.0
video10,TriClass-Cloud,605,0,0,0,0,0,0,0.0
video10,TriClass-Cloud,606,1,1,0,0,0,0,0.5358500480651855
video10,TriClass-Cloud,607,1,1,0,0,0,0,0.44089600443840027
video10,TriClass-Cloud,608,1,1,0,0,0,0,0.6538650989532471
video10,TriClass-Cloud,609,1,1,0,0,0,0,0.4954468011856079
video10,TriClass-Cloud,610,1,1,0,0,0,0,0.7152814865112305
video10,TriClass-Cloud,611,2,2,0,0,1,0,0.5573298335075378
video10,TriClass-Cloud,612,0,0,0,0,0,0,0.0
video10,TriClass-Cloud,613,1,1,0,0,1,0,0.3011765480041504
video10,TriClass-Cloud,614,1,1,0,0,1,0,0.3062378466129303
video10,TriClass-Cloud,615,1,1,0,0,0,0,0.6553289294242859
video10,TriClass-Cloud,616,1,1,0,0,0,0,0.6241052746772766
video10,TriClass-Cloud,617,1,1,0,0,0,0,0.6905920505523682
video10,TriClass-Cloud,618,1,1,0,0,0,0,0.6488584280014038
video10,TriClass-Cloud,619,1,1,0,0,0,0,0.6115965247154236
video10,TriClass-Cloud,620,1,1,0,0,0,0,0.6435447335243225
video10,TriClass-Cloud,621,1,1,0,0,0,0,0.6614310145378113
video10,TriClass-Cloud,622,1,1,0,0,0,0,0.7154783606529236
video10,TriClass-Cloud,623,1,1,0,0,0,0,0.6244239211082458
video10,TriClass-Cloud,624,1,1,0,0,0,0,0.6375862956047058
video10,TriClass-Cloud,625,1,1,0,0,0,0,0.5330599546432495
video10,TriClass-Cloud,626,1,1,0,0,0,0,0.5656282305717468
video10,TriClass-Cloud,627,1,1,0,0,0,0,0.5317437052726746
video10,TriClass-Cloud,628,1,1,0,0,0,0,0.6235827803611755
video10,TriClass-Cloud,629,1,1,0,0,0,0,0.6328613758087158
video10,TriClass-Cloud,630,1,1,0,0,0,0,0.5983592867851257
video10,TriClass-Cloud,631,1,1,0,0,0,0,0.6912661790847778
video10,TriClass-Cloud,632,1,1,0,0,0,0,0.5162814259529114
video10,TriClass-Cloud,633,1,1,0,0,0,0,0.4132101833820343
video10,TriClass-Cloud,634,1,1,0,0,0,0,0.4737304151058197
video10,TriClass-Cloud,635,0,0,0,0,0,0,0.0
video10,TriClass-Cloud,636,0,0,0,0,0,0,0.0
video10,TriClass-Cloud,637,0,0,0,0,0,0,0.0
video10,TriClass-Cloud,638,0,0,0,0,0,0,0.0
video10,TriClass-Cloud,639,0,0,0,0,0,0,0.0
video10,TriClass-Cloud,640,0,0,0,0,0,0,0.0
video10,TriClass-Cloud,641,0,0,0,0,0,0,0.0
video10,TriClass-Cloud,642,0,0,0,0,0,0,0.0
video10,TriClass-Cloud,643,0,0,0,0,0,0,0.0
video10,TriClass-Cloud,644,0,0,0,0,0,0,0.0
video10,TriClass-Cloud,645,0,0,0,0,0,0,0.0
video10,TriClass-Cloud,646,0,0,0,0,0,0,0.0
video10,TriClass-Cloud,647,0,0,0,0,0,0,0.0
video10,TriClass-Cloud,648,0,0,0,0,0,0,0.0
video10,TriClass-Cloud,649,0,0,0,0,0,0,0.0
video10,TriClass-Cloud,650,0,0,0,0,0,0,0.0
video10,TriClass-Cloud,651,0,0,0,0,0,0,0.0
video10,TriClass-Cloud,652,0,0,0,0,0,0,0.0
video10,TriClass-Cloud,653,0,0,0,0,0,0,0.0
video10,TriClass-Cloud,654,1,1,0,0,1,0,0.27601197361946106
video10,TriClass-Cloud,655,1,1,0,0,1,0,0.3002292811870575
video10,TriClass-Cloud,656,1,1,0,0,1,0,0.27408620715141296
video10,TriClass-Cloud,657,2,2,0,0,2,0,0.2928442656993866
video10,TriClass-Cloud,658,1,1,0,0,0,0,0.5022270679473877
video10,TriClass-Cloud,659,1,1,0,0,0,0,0.5782000422477722
video10,TriClass-Cloud,660,1,1,0,0,0,0,0.4820442795753479
video10,TriClass-Cloud,661,1,1,0,0,0,0,0.6364078521728516
video10,TriClass-Cloud,662,1,1,0,0,0,0,0.5831955075263977
video10,TriClass-Cloud,663,1,1,0,0,0,0,0.571903645992279
video10,TriClass-Cloud,664,1,1,0,0,0,0,0.5184723734855652
video10,TriClass-Cloud,665,1,1,0,0,0,0,0.5093620419502258
video10,TriClass-Cloud,666,2,2,0,0,1,0,0.4158502221107483
video10,TriClass-Cloud,667,2,2,0,0,0,0,0.37880754470825195
video10,TriClass-Cloud,668,1,1,0,0,0,0,0.49066391587257385
video10,TriClass-Cloud,669,1,1,0,0,0,0,0.5074493288993835
video10,TriClass-Cloud,670,1,1,0,0,0,0,0.4553414583206177
video10,TriClass-Cloud,671,1,1,0,0,0,0,0.4075332283973694
video10,TriClass-Cloud,672,2,2,0,0,2,0,0.3345753252506256
video10,TriClass-Cloud,673,2,2,0,0,1,0,0.3802807927131653
video10,TriClass-Cloud,674,1,1,0,0,0,0,0.4208422303199768
video10,TriClass-Cloud,675,1,1,0,0,0,0,0.46895259618759155
video10,TriClass-Cloud,676,1,1,0,0,0,0,0.47192975878715515
video10,TriClass-Cloud,677,1,1,0,0,0,0,0.5489559173583984
video10,TriClass-Cloud,678,1,1,0,0,0,0,0.5190290212631226
video10,TriClass-Cloud,679,1,1,0,0,0,0,0.6423895359039307
video10,TriClass-Cloud,680,1,1,0,0,0,0,0.6096848249435425
video10,TriClass-Cloud,681,1,1,0,0,0,0,0.6296838521957397
video10,TriClass-Cloud,682,1,1,0,0,0,0,0.5050962567329407
video10,TriClass-Cloud,683,1,1,0,0,0,0,0.5180881023406982
video10,TriClass-Cloud,684,1,1,0,0,0,0,0.5438772439956665
video10,TriClass-Cloud,685,1,1,0,0,0,0,0.5032324194908142
video10,TriClass-Cloud,686,2,2,0,0,1,0,0.38540515303611755
video10,TriClass-Cloud,687,2,2,0,0,1,0,0.45234349370002747
video10,TriClass-Cloud,688,2,2,0,0,2,0,0.3347194194793701
video10,TriClass-Cloud,689,1,1,0,0,0,0,0.4754447340965271
video10,TriClass-Cloud,690,2,2,0,0,1,0,0.36298373341560364
video10,TriClass-Cloud,691,1,1,0,0,0,0,0.5388190150260925
video10,TriClass-Cloud,692,2,2,0,0,1,0,0.3905545771121979
video10,TriClass-Cloud,693,1,1,0,0,0,0,0.4735112488269806
video10,TriClass-Cloud,694,1,1,0,0,0,0,0.4504237771034241
video10,TriClass-Cloud,695,1,1,0,0,0,0,0.40595299005508423
video10,TriClass-Cloud,696,2,2,0,0,1,0,0.3979932367801666
video10,TriClass-Cloud,697,1,1,0,0,0,0,0.3839899003505707
video10,TriClass-Cloud,698,1,1,0,0,0,0,0.4516370892524719
video10,TriClass-Cloud,699,1,1,0,0,0,0,0.41112610697746277
video10,TriClass-Cloud,700,1,1,0,0,0,0,0.585981547832489
video10,TriClass-Cloud,701,1,1,0,0,0,0,0.5066567063331604
video10,TriClass-Cloud,702,1,1,0,0,0,0,0.6141589879989624
video10,TriClass-Cloud,703,2,2,0,0,1,0,0.4217911660671234
video10,TriClass-Cloud,704,2,2,0,0,1,0,0.4207102060317993
video10,TriClass-Cloud,705,1,1,0,0,0,0,0.48257604241371155
video10,TriClass-Cloud,706,1,1,0,0,1,0,0.3278821110725403
video10,TriClass-Cloud,707,1,1,0,0,1,0,0.3390486240386963
video10,TriClass-Cloud,708,1,1,0,0,0,0,0.5516740083694458
video10,TriClass-Cloud,709,1,1,0,0,0,0,0.5317406058311462
video10,TriClass-Cloud,710,2,2,0,0,1,0,0.44662976264953613
video10,TriClass-Cloud,711,1,1,0,0,0,0,0.3917780816555023
video10,TriClass-Cloud,712,1,1,0,0,0,0,0.3706227242946625
video10,TriClass-Cloud,713,0,0,0,0,0,0,0.0
video10,TriClass-Cloud,714,2,2,0,0,1,0,0.413381963968277
video10,TriClass-Cloud,715,1,1,0,0,1,0,0.3064500093460083
video10,TriClass-Cloud,716,1,1,0,0,0,0,0.3551056385040283
video10,TriClass-Cloud,717,0,0,0,0,0,0,0.0
video10,TriClass-Cloud,718,1,1,0,0,0,0,0.4053434729576111
video10,TriClass-Cloud,719,1,1,0,0,1,0,0.3380805253982544
video10,TriClass-Cloud,720,0,0,0,0,0,0,0.0
video10,TriClass-Cloud,721,0,0,0,0,0,0,0.0
video10,TriClass-Cloud,722,1,1,0,0,0,0,0.5205429792404175
video10,TriClass-Cloud,723,1,1,0,0,0,0,0.36841723322868347
video10,TriClass-Cloud,724,0,0,0,0,0,0,0.0
video10,TriClass-Cloud,725,0,0,0,0,0,0,0.0
video10,TriClass-Cloud,726,0,0,0,0,0,0,0.0
video10,TriClass-Cloud,727,0,0,0,0,0,0,0.0
video10,TriClass-Cloud,728,0,0,0,0,0,0,0.0
video10,TriClass-Cloud,729,0,0,0,0,0,0,0.0
video10,TriClass-Cloud,730,0,0,0,0,0,0,0.0
video10,TriClass-Cloud,731,1,1,0,0,1,0,0.25286245346069336
video10,TriClass-Cloud,732,0,0,0,0,0,0,0.0
video10,TriClass-Cloud,733,1,1,0,0,0,0,0.3790667653083801
video10,TriClass-Cloud,734,2,2,0,0,1,0,0.36392632126808167
video10,TriClass-Cloud,735,1,1,0,0,0,0,0.44575992226600647
video10,TriClass-Cloud,736,1,1,0,0,1,0,0.26351723074913025
video10,TriClass-Cloud,737,1,1,0,0,0,0,0.3739854395389557
video10,TriClass-Cloud,738,1,1,0,0,0,0,0.5987746119499207
video10,TriClass-Cloud,739,1,1,0,0,0,0,0.6406072974205017
video10,TriClass-Cloud,740,1,1,0,0,0,0,0.5242609977722168
video10,TriClass-Cloud,741,0,0,0,0,0,0,0.0
video10,TriClass-Cloud,742,0,0,0,0,0,0,0.0
video10,TriClass-Cloud,743,1,1,0,0,0,0,0.3649424612522125
video10,TriClass-Cloud,744,2,2,0,0,1,0,0.4044954478740692
video10,TriClass-Cloud,745,2,2,0,0,1,0,0.39525315165519714
video10,TriClass-Cloud,746,1,1,0,0,0,0,0.5791923999786377
video10,TriClass-Cloud,747,1,1,0,0,0,0,0.48124241828918457
video10,TriClass-Cloud,748,2,2,0,0,1,0,0.4566168189048767
video10,TriClass-Cloud,749,1,1,0,0,0,0,0.39883267879486084
video10,TriClass-Cloud,750,2,2,0,0,0,0,0.3805723190307617
video10,TriClass-Cloud,751,2,2,0,0,1,0,0.3555997610092163
video10,TriClass-Cloud,752,1,1,0,0,0,0,0.4979057312011719
video10,TriClass-Cloud,753,2,2,0,0,0,0,0.39348331093788147
video10,TriClass-Cloud,754,1,1,0,0,0,0,0.4505097568035126
video10,TriClass-Cloud,755,1,1,0,0,0,0,0.37106138467788696
video10,TriClass-Cloud,756,1,1,0,0,0,0,0.40400663018226624
video10,TriClass-Cloud,757,2,2,0,0,1,0,0.35791364312171936
video10,TriClass-Cloud,758,1,1,0,0,1,0,0.3041439950466156
video10,TriClass-Cloud,759,0,0,0,0,0,0,0.0
video10,TriClass-Cloud,760,1,1,0,0,1,0,0.2524625062942505
video10,TriClass-Cloud,761,1,1,0,0,0,0,0.44034355878829956
video10,TriClass-Cloud,762,1,1,0,0,0,0,0.39166438579559326
video10,TriClass-Cloud,763,1,1,0,0,1,0,0.33104538917541504
video10,TriClass-Cloud,764,1,1,0,0,1,0,0.34693294763565063
video10,TriClass-Cloud,765,1,1,0,0,1,0,0.3468603491783142
video10,TriClass-Cloud,766,1,1,0,0,1,0,0.29624292254447937
video10,TriClass-Cloud,767,1,1,0,0,1,0,0.31148380041122437
video10,TriClass-Cloud,768,1,1,0,0,1,0,0.2923300862312317
video10,TriClass-Cloud,769,1,1,0,0,0,0,0.44365447759628296
video10,TriClass-Cloud,770,1,1,0,0,0,0,0.4270603060722351
video10,TriClass-Cloud,771,2,2,0,0,1,0,0.36407050490379333
video10,TriClass-Cloud,772,2,2,0,0,1,0,0.36113932728767395
video10,TriClass-Cloud,773,1,1,0,0,0,0,0.45232969522476196
video10,TriClass-Cloud,774,2,2,0,0,1,0,0.39065030217170715
video10,TriClass-Cloud,775,2,2,0,0,2,0,0.33824896812438965
video10,TriClass-Cloud,776,1,1,0,0,0,0,0.6284604072570801
video10,TriClass-Cloud,777,1,1,0,0,0,0,0.5459129810333252
video10,TriClass-Cloud,778,1,1,0,0,0,0,0.41688796877861023
video10,TriClass-Cloud,779,1,1,0,0,0,0,0.38977107405662537
video10,TriClass-Cloud,780,2,2,0,0,2,0,0.33421096205711365
video10,TriClass-Cloud,781,2,2,0,0,1,0,0.3700808584690094
video10,TriClass-Cloud,782,2,2,0,0,1,0,0.388198584318161
video10,TriClass-Cloud,783,2,2,0,0,2,0,0.33830904960632324
video10,TriClass-Cloud,784,1,1,0,0,0,0,0.5716415643692017
video10,TriClass-Cloud,785,1,1,0,0,0,0,0.5691224932670593
video10,TriClass-Cloud,786,1,1,0,0,0,0,0.6326703429222107
video10,TriClass-Cloud,787,1,1,0,0,0,0,0.5891232490539551
video10,TriClass-Cloud,788,1,1,0,0,0,0,0.4973100423812866
video10,TriClass-Cloud,789,1,1,0,0,0,0,0.6394911408424377
video10,TriClass-Cloud,790,2,2,0,0,1,0,0.396677166223526
video10,TriClass-Cloud,791,1,1,0,0,0,0,0.5695983171463013
video10,TriClass-Cloud,792,1,1,0,0,0,0,0.598382294178009
video10,TriClass-Cloud,793,2,2,0,0,1,0,0.4096333086490631
video10,TriClass-Cloud,794,1,1,0,0,0,0,0.5013482570648193
video10,TriClass-Cloud,795,1,1,0,0,0,0,0.6553002595901489
video10,TriClass-Cloud,796,1,1,0,0,0,0,0.46096205711364746
video10,TriClass-Cloud,797,1,1,0,0,0,0,0.41736310720443726
video10,TriClass-Cloud,798,2,2,0,0,1,0,0.4018102288246155
video10,TriClass-Cloud,799,1,1,0,0,0,0,0.6599639654159546
video10,TriClass-Cloud,800,1,1,0,0,0,0,0.6939617395401001
video10,TriClass-Cloud,801,1,1,0,0,0,0,0.5857744812965393
video10,TriClass-Cloud,802,1,1,0,0,0,0,0.6675001382827759
video10,TriClass-Cloud,803,1,1,0,0,0,0,0.4958336055278778
video10,TriClass-Cloud,804,1,1,0,0,0,0,0.4801430404186249
video10,TriClass-Cloud,805,1,1,0,0,0,0,0.4032866060733795
video10,TriClass-Cloud,806,2,2,0,0,2,0,0.34942758083343506
video10,TriClass-Cloud,807,1,1,0,0,0,0,0.5241687893867493
video10,TriClass-Cloud,808,1,1,0,0,0,0,0.6276674270629883
video10,TriClass-Cloud,809,1,1,0,0,0,0,0.4709254801273346
video10,TriClass-Cloud,810,1,1,0,0,0,0,0.5098183751106262
video10,TriClass-Cloud,811,2,2,0,0,1,0,0.37816122174263
video10,TriClass-Cloud,812,2,2,0,0,1,0,0.38934755325317383
video10,TriClass-Cloud,813,1,1,0,0,0,0,0.3536798357963562
video10,TriClass-Cloud,814,0,0,0,0,0,0,0.0
video10,TriClass-Cloud,815,0,0,0,0,0,0,0.0
video10,TriClass-Cloud,816,1,1,0,0,1,0,0.31602543592453003
video10,TriClass-Cloud,817,1,1,0,0,1,0,0.29056745767593384
video10,TriClass-Cloud,818,1,1,0,0,1,0,0.31284400820732117
video10,TriClass-Cloud,819,1,1,0,0,1,0,0.3131818473339081
video10,TriClass-Cloud,820,1,1,0,0,1,0,0.29795676469802856
video10,TriClass-Cloud,821,0,0,0,0,0,0,0.0
video10,TriClass-Cloud,822,1,1,0,0,0,0,0.36314940452575684
video10,TriClass-Cloud,823,1,1,0,0,1,0,0.3320838212966919
video10,TriClass-Cloud,824,2,2,0,0,2,0,0.28284239768981934
video10,TriClass-Cloud,825,1,1,0,0,1,0,0.3442595303058624
video10,TriClass-Cloud,826,1,1,0,0,1,0,0.3283344507217407
video10,TriClass-Cloud,827,1,1,0,0,0,0,0.5039967894554138
video10,TriClass-Cloud,828,1,1,0,0,0,0,0.475699245929718
video10,TriClass-Cloud,829,1,1,0,0,0,0,0.3957328796386719
video10,TriClass-Cloud,830,1,1,0,0,0,0,0.5460554957389832
video10,TriClass-Cloud,831,1,1,0,0,0,0,0.6003787517547607
video10,TriClass-Cloud,832,1,1,0,0,0,0,0.6401148438453674
video10,TriClass-Cloud,833,1,1,0,0,0,0,0.6303850412368774
video10,TriClass-Cloud,834,1,1,0,0,0,0,0.563401460647583
video10,TriClass-Cloud,835,1,1,0,0,0,0,0.487766832113266
video10,TriClass-Cloud,836,1,1,0,0,0,0,0.6796929836273193
video10,TriClass-Cloud,837,1,1,0,0,0,0,0.6977356672286987
video10,TriClass-Cloud,838,1,1,0,0,0,0,0.5396732091903687
video10,TriClass-Cloud,839,2,2,0,0,2,0,0.3349650502204895
video10,TriClass-Cloud,840,1,1,0,0,0,0,0.4331912398338318
video10,TriClass-Cloud,841,1,1,0,0,0,0,0.5013557076454163
video10,TriClass-Cloud,842,2,2,0,0,1,0,0.43998560309410095
video10,TriClass-Cloud,843,1,1,0,0,0,0,0.580195963382721
video10,TriClass-Cloud,844,1,1,0,0,0,0,0.5340372920036316
video10,TriClass-Cloud,845,2,2,0,0,2,0,0.3445877432823181
video10,TriClass-Cloud,846,2,2,0,0,1,0,0.3796692490577698
video10,TriClass-Cloud,847,1,1,0,0,0,0,0.48384347558021545
video10,TriClass-Cloud,848,2,2,0,0,1,0,0.38613730669021606
video10,TriClass-Cloud,849,2,2,0,0,2,0,0.34208497405052185
video10,TriClass-Cloud,850,1,1,0,0,0,0,0.4861733317375183
video10,TriClass-Cloud,851,2,2,0,0,2,0,0.31279051303863525
video10,TriClass-Cloud,852,1,1,0,0,0,0,0.3785198926925659
video10,TriClass-Cloud,853,1,1,0,0,0,0,0.36423060297966003
video10,TriClass-Cloud,854,1,1,0,0,0,0,0.4124296009540558
video10,TriClass-Cloud,855,1,1,0,0,0,0,0.40807977318763733
video10,TriClass-Cloud,856,1,1,0,0,0,0,0.43988460302352905
video10,TriClass-Cloud,857,1,1,0,0,1,0,0.34883660078048706
video10,TriClass-Cloud,858,1,1,0,0,1,0,0.3043731153011322
video10,TriClass-Cloud,859,1,1,0,0,0,0,0.5320694446563721
video10,TriClass-Cloud,860,1,1,0,0,0,0,0.5193966031074524
video10,TriClass-Cloud,861,1,1,0,0,0,0,0.3616591691970825
video10,TriClass-Cloud,862,1,1,0,0,0,0,0.3712923526763916
video10,TriClass-Cloud,863,2,2,0,0,2,0,0.26071450114250183
video10,TriClass-Cloud,864,1,1,0,0,1,0,0.26751354336738586
video10,TriClass-Cloud,865,1,1,0,0,1,0,0.27852001786231995
video10,TriClass-Cloud,866,1,1,0,0,1,0,0.3219376802444458
video10,TriClass-Cloud,867,1,1,0,0,1,0,0.2946974039077759
video10,TriClass-Cloud,868,1,1,0,0,0,0,0.5172680020332336
video10,TriClass-Cloud,869,1,1,0,0,0,0,0.5943663716316223
video10,TriClass-Cloud,870,1,1,0,0,0,0,0.38404345512390137
video10,TriClass-Cloud,871,0,0,0,0,0,0,0.0
video10,TriClass-Cloud,872,1,1,0,0,1,0,0.2677758038043976
video10,TriClass-Cloud,873,1,1,0,0,0,0,0.6655976176261902
video10,TriClass-Cloud,874,1,1,0,0,0,0,0.7086116671562195
video10,TriClass-Cloud,875,1,1,0,0,0,0,0.6442970037460327
video10,TriClass-Cloud,876,1,1,0,0,0,0,0.4874778091907501
video10,TriClass-Cloud,877,1,1,0,0,0,0,0.5334982872009277
video10,TriClass-Cloud,878,1,1,0,0,0,0,0.5468931794166565
video10,TriClass-Cloud,879,1,1,0,0,0,0,0.5267759561538696
video10,TriClass-Cloud,880,1,1,0,0,0,0,0.576362669467926
video10,TriClass-Cloud,881,1,1,0,0,0,0,0.42878809571266174
video10,TriClass-Cloud,882,1,1,0,0,1,0,0.30549201369285583
video10,TriClass-Cloud,883,1,1,0,0,0,0,0.5671520233154297
video10,TriClass-Cloud,884,1,1,0,0,0,0,0.43711259961128235
video10,TriClass-Cloud,885,1,1,0,0,0,0,0.5579045414924622
video10,TriClass-Cloud,886,1,1,0,0,0,0,0.5484052300453186
video10,TriClass-Cloud,887,1,1,0,0,0,0,0.478519082069397
video10,TriClass-Cloud,888,1,1,0,0,0,0,0.7686953544616699
video10,TriClass-Cloud,889,1,1,0,0,0,0,0.48470595479011536
video10,TriClass-Cloud,890,1,1,0,0,0,0,0.46524152159690857
video10,TriClass-Cloud,891,1,1,0,0,0,0,0.6142534613609314
video10,TriClass-Cloud,892,1,1,0,0,1,0,0.3119942247867584
video10,TriClass-Cloud,893,1,1,0,0,0,0,0.5263801217079163
video10,TriClass-Cloud,894,1,1,0,0,0,0,0.6502267718315125
video10,TriClass-Cloud,895,1,1,0,0,0,0,0.6459829807281494
video10,TriClass-Cloud,896,1,1,0,0,0,0,0.7157989144325256
video10,TriClass-Cloud,897,1,1,0,0,0,0,0.3808075189590454
video10,TriClass-Cloud,898,1,1,0,0,1,0,0.303331196308136
video10,TriClass-Cloud,899,1,1,0,0,0,0,0.5413861274719238
video10,TriClass-Cloud,900,2,2,0,0,0,0,0.4042517840862274
video10,TriClass-Cloud,901,2,2,0,0,1,0,0.43191468715667725
video10,TriClass-Cloud,902,2,2,0,0,1,0,0.3876497745513916
video10,TriClass-Cloud,903,2,2,0,0,1,0,0.5432640314102173
video10,TriClass-Cloud,904,2,2,0,0,1,0,0.47973886132240295
video10,TriClass-Cloud,905,1,1,0,0,0,0,0.5862494111061096
video10,TriClass-Cloud,906,1,1,0,0,0,0,0.5069958567619324
video10,TriClass-Cloud,907,1,1,0,0,0,0,0.5171284079551697
video10,TriClass-Cloud,908,1,1,0,0,0,0,0.6937566995620728
video10,TriClass-Cloud,909,1,1,0,0,0,0,0.5958490371704102
video10,TriClass-Cloud,910,1,1,0,0,0,0,0.5748786926269531
video10,TriClass-Cloud,911,1,1,0,0,0,0,0.6275233626365662
video10,TriClass-Cloud,912,1,1,0,0,0,0,0.696649432182312
video10,TriClass-Cloud,913,1,1,0,0,0,0,0.7051429748535156
video10,TriClass-Cloud,914,1,1,0,0,0,0,0.44108930230140686
video10,TriClass-Cloud,915,1,1,0,0,0,0,0.739533007144928
video10,TriClass-Cloud,916,1,1,0,0,0,0,0.7481403350830078
video10,TriClass-Cloud,917,1,1,0,0,0,0,0.7319666147232056
video10,TriClass-Cloud,918,1,1,0,0,0,0,0.7476544380187988
video10,TriClass-Cloud,919,1,1,0,0,0,0,0.6865437626838684
video10,TriClass-Cloud,920,1,1,0,0,0,0,0.5883084535598755
video10,TriClass-Cloud,921,1,1,0,0,0,0,0.5593140125274658
video10,TriClass-Cloud,922,1,1,0,0,0,0,0.4923459589481354
video10,TriClass-Cloud,923,1,1,0,0,0,0,0.6132094264030457
video10,TriClass-Cloud,924,2,2,0,0,0,0,0.6338187456130981
video10,TriClass-Cloud,925,1,1,0,0,0,0,0.8024294376373291
video10,TriClass-Cloud,926,1,1,0,0,0,0,0.705976665019989
video10,TriClass-Cloud,927,1,1,0,0,0,0,0.7618075013160706
video10,TriClass-Cloud,928,1,1,0,0,0,0,0.8094186782836914
video10,TriClass-Cloud,929,1,1,0,0,0,0,0.7544471025466919
video10,TriClass-Cloud,930,1,1,0,0,0,0,0.7607933878898621
video10,TriClass-Cloud,931,1,1,0,0,0,0,0.6719917058944702
video10,TriClass-Cloud,932,1,1,0,0,0,0,0.669700026512146
video10,TriClass-Cloud,933,1,1,0,0,0,0,0.7294232249259949
video10,TriClass-Cloud,934,1,1,0,0,0,0,0.7447468638420105
video10,TriClass-Cloud,935,1,1,0,0,0,0,0.705633282661438
video10,TriClass-Cloud,936,1,1,0,0,0,0,0.6451135873794556
video10,TriClass-Cloud,937,1,1,0,0,0,0,0.6487951278686523
video10,TriClass-Cloud,938,1,1,0,0,0,0,0.642533004283905
video10,TriClass-Cloud,939,1,1,0,0,0,0,0.6766459941864014
video10,TriClass-Cloud,940,1,1,0,0,0,0,0.7092437744140625
video10,TriClass-Cloud,941,1,1,0,0,0,0,0.7535355687141418
video10,TriClass-Cloud,942,1,1,0,0,0,0,0.7542455792427063
video10,TriClass-Cloud,943,1,1,0,0,0,0,0.7076622247695923
video10,TriClass-Cloud,944,1,1,0,0,0,0,0.7318835258483887
video10,TriClass-Cloud,945,1,1,0,0,0,0,0.6322630643844604
video10,TriClass-Cloud,946,1,1,0,0,0,0,0.6673390865325928
video10,TriClass-Cloud,947,1,1,0,0,0,0,0.7042050361633301
video10,TriClass-Cloud,948,1,1,0,0,0,0,0.7291309833526611
video10,TriClass-Cloud,949,1,1,0,0,0,0,0.698384702205658
video10,TriClass-Cloud,950,1,1,0,0,0,0,0.5959640145301819
video10,TriClass-Cloud,951,1,1,0,0,0,0,0.6949275732040405
video10,TriClass-Cloud,952,1,1,0,0,0,0,0.6042693853378296
video10,TriClass-Cloud,953,1,1,0,0,0,0,0.823343813419342
video10,TriClass-Cloud,954,1,1,0,0,0,0,0.8304829597473145
video10,TriClass-Cloud,955,1,1,0,0,0,0,0.8148911595344543
video10,TriClass-Cloud,956,1,1,0,0,0,0,0.8146280646324158
video10,TriClass-Cloud,957,1,1,0,0,0,0,0.8118905425071716
video10,TriClass-Cloud,958,1,1,0,0,0,0,0.8261290192604065
video10,TriClass-Cloud,959,1,1,0,0,0,0,0.8299192786216736
video10,TriClass-Cloud,960,1,1,0,0,0,0,0.8179986476898193
video10,TriClass-Cloud,961,2,2,0,0,0,0,0.517686128616333
video10,TriClass-Cloud,962,1,1,0,0,0,0,0.798980176448822
video10,TriClass-Cloud,963,1,1,0,0,0,0,0.8091564178466797
video10,TriClass-Cloud,964,1,1,0,0,0,0,0.8406032919883728
video10,TriClass-Cloud,965,1,1,0,0,0,0,0.7836751937866211
video10,TriClass-Cloud,966,1,1,0,0,0,0,0.8212804794311523
video10,TriClass-Cloud,967,1,1,0,0,0,0,0.8258430361747742
video10,TriClass-Cloud,968,1,1,0,0,0,0,0.8065401315689087
video10,TriClass-Cloud,969,1,1,0,0,0,0,0.7745477557182312
video10,TriClass-Cloud,970,1,1,0,0,0,0,0.7849459052085876
video10,TriClass-Cloud,971,1,1,0,0,0,0,0.8127226829528809
video10,TriClass-Cloud,972,1,1,0,0,0,0,0.8066937327384949
video10,TriClass-Cloud,973,1,1,0,0,0,0,0.8041647672653198
video10,TriClass-Cloud,974,1,1,0,0,0,0,0.7947571873664856
video10,TriClass-Cloud,975,1,1,0,0,0,0,0.7727504372596741
video10,TriClass-Cloud,976,1,1,0,0,0,0,0.7587254047393799
video10,TriClass-Cloud,977,1,1,0,0,0,0,0.7807855606079102
video10,TriClass-Cloud,978,1,1,0,0,0,0,0.7807081937789917
video10,TriClass-Cloud,979,1,1,0,0,0,0,0.7999983429908752
video10,TriClass-Cloud,980,1,1,0,0,0,0,0.8086510300636292
video10,TriClass-Cloud,981,1,1,0,0,0,0,0.8099218606948853
video10,TriClass-Cloud,982,1,1,0,0,0,0,0.811084508895874
video10,TriClass-Cloud,983,1,1,0,0,0,0,0.8041089773178101
video10,TriClass-Cloud,984,1,1,0,0,0,0,0.793256938457489
video10,TriClass-Cloud,985,1,1,0,0,0,0,0.7916509509086609
video10,TriClass-Cloud,986,1,1,0,0,0,0,0.7808064818382263
video10,TriClass-Cloud,987,1,1,0,0,0,0,0.8040952682495117
video10,TriClass-Cloud,988,1,1,0,0,0,0,0.7620230913162231
video10,TriClass-Cloud,989,1,1,0,0,0,0,0.7673660516738892
video10,TriClass-Cloud,990,1,1,0,0,0,0,0.7323309779167175
video10,TriClass-Cloud,991,1,1,0,0,0,0,0.755017101764679
video10,TriClass-Cloud,992,1,1,0,0,0,0,0.7856187224388123
video10,TriClass-Cloud,993,1,1,0,0,0,0,0.8394040465354919
video10,TriClass-Cloud,994,1,1,0,0,0,0,0.7847468256950378
video10,TriClass-Cloud,995,1,1,0,0,0,0,0.7841789722442627
video10,TriClass-Cloud,996,1,1,0,0,0,0,0.7705909013748169
video10,TriClass-Cloud,997,1,1,0,0,0,0,0.7628102898597717
video10,TriClass-Cloud,998,1,1,0,0,0,0,0.7630519270896912
video10,TriClass-Cloud,999,1,1,0,0,0,0,0.7195406556129456
video10,TriClass-Cloud,1000,1,1,0,0,0,0,0.7529581785202026
video10,TriClass-Cloud,1001,1,1,0,0,0,0,0.7482215166091919
video10,TriClass-Cloud,1002,1,1,0,0,0,0,0.759050726890564
video10,TriClass-Cloud,1003,1,1,0,0,0,0,0.6555439829826355
video10,TriClass-Cloud,1004,1,1,0,0,0,0,0.7495713829994202
video10,TriClass-Cloud,1005,1,1,0,0,0,0,0.5995966792106628
video10,TriClass-Cloud,1006,1,1,0,0,0,0,0.38702401518821716
video10,TriClass-Cloud,1007,0,0,0,0,0,0,0.0
video10,TriClass-Cloud,1008,0,0,0,0,0,0,0.0
video10,TriClass-Cloud,1009,1,1,0,0,0,0,0.5068528652191162
video10,TriClass-Cloud,1010,1,1,0,0,0,0,0.5091554522514343
video10,TriClass-Cloud,1011,0,0,0,0,0,0,0.0
video10,TriClass-Cloud,1012,1,1,0,0,0,0,0.3953898251056671
video10,TriClass-Cloud,1013,1,1,0,0,0,0,0.7493982315063477
video10,TriClass-Cloud,1014,1,1,0,0,0,0,0.8115115761756897
video10,TriClass-Cloud,1015,1,1,0,0,0,0,0.7295989990234375
video10,TriClass-Cloud,1016,1,1,0,0,0,0,0.7358096241950989
video10,TriClass-Cloud,1017,1,1,0,0,0,0,0.5316861867904663
video10,TriClass-Cloud,1018,1,1,0,0,0,0,0.7334918975830078
video10,TriClass-Cloud,1019,1,1,0,0,0,0,0.6868896484375
video10,TriClass-Cloud,1020,1,1,0,0,0,0,0.7635414004325867
video10,TriClass-Cloud,1021,1,1,0,0,0,0,0.8244075179100037
video10,TriClass-Cloud,1022,1,1,0,0,0,0,0.7421889305114746
video10,TriClass-Cloud,1023,1,1,0,0,0,0,0.7723348140716553
video10,TriClass-Cloud,1024,1,1,0,0,0,0,0.7137622237205505
video10,TriClass-Cloud,1025,1,1,0,0,0,0,0.7127709984779358
video10,TriClass-Cloud,1026,1,1,0,0,0,0,0.6594253182411194
video10,TriClass-Cloud,1027,1,1,0,0,0,0,0.6231088638305664
video10,TriClass-Cloud,1028,1,1,0,0,0,0,0.7778107523918152
video10,TriClass-Cloud,1029,1,1,0,0,0,0,0.721796452999115
video10,TriClass-Cloud,1030,1,1,0,0,0,0,0.77694171667099
video10,TriClass-Cloud,1031,1,1,0,0,0,0,0.7928075790405273
video10,TriClass-Cloud,1032,1,1,0,0,0,0,0.8106593489646912
video10,TriClass-Cloud,1033,1,1,0,0,0,0,0.8107472658157349
video10,TriClass-Cloud,1034,1,1,0,0,0,0,0.778628945350647
video10,TriClass-Cloud,1035,1,1,0,0,0,0,0.7650318741798401
video10,TriClass-Cloud,1036,1,1,0,0,0,0,0.8161540627479553
video10,TriClass-Cloud,1037,1,1,0,0,0,0,0.8060038685798645
video10,TriClass-Cloud,1038,1,1,0,0,0,0,0.8223802447319031
video10,TriClass-Cloud,1039,1,1,0,0,0,0,0.8379814028739929
video10,TriClass-Cloud,1040,1,1,0,0,0,0,0.8087565302848816
video10,TriClass-Cloud,1041,1,1,0,0,0,0,0.7970256209373474
video10,TriClass-Cloud,1042,1,1,0,0,0,0,0.7447408437728882
video10,TriClass-Cloud,1043,1,1,0,0,0,0,0.7102943658828735
video10,TriClass-Cloud,1044,1,1,0,0,0,0,0.7091977596282959
video10,TriClass-Cloud,1045,1,1,0,0,0,0,0.7438151240348816
video10,TriClass-Cloud,1046,1,1,0,0,0,0,0.741793155670166
video10,TriClass-Cloud,1047,1,1,0,0,0,0,0.748580813407898
video10,TriClass-Cloud,1048,1,1,0,0,0,0,0.7570043802261353
video10,TriClass-Cloud,1049,1,1,0,0,0,0,0.7533440589904785
video10,TriClass-Cloud,1050,1,1,0,0,0,0,0.6954649090766907
video10,TriClass-Cloud,1051,1,1,0,0,0,0,0.699776828289032
video10,TriClass-Cloud,1052,1,1,0,0,0,0,0.5988244414329529
video10,TriClass-Cloud,1053,1,1,0,0,0,0,0.6317660808563232
video10,TriClass-Cloud,1054,1,1,0,0,0,0,0.6059733629226685
video10,TriClass-Cloud,1055,1,1,0,0,0,0,0.5204355120658875
video10,TriClass-Cloud,1056,1,1,0,0,0,0,0.5610365867614746
video10,TriClass-Cloud,1057,1,1,0,0,0,0,0.513323962688446
video10,TriClass-Cloud,1058,1,1,0,0,0,0,0.5384615659713745
video10,TriClass-Cloud,1059,1,1,0,0,0,0,0.5403521060943604
video10,TriClass-Cloud,1060,1,1,0,0,0,0,0.46004581451416016
video10,TriClass-Cloud,1061,1,1,0,0,0,0,0.5282449126243591
video10,TriClass-Cloud,1062,1,1,0,0,0,0,0.5310727953910828
video10,TriClass-Cloud,1063,1,1,0,0,0,0,0.5988829731941223
video10,TriClass-Cloud,1064,1,1,0,0,0,0,0.6475042104721069
video10,TriClass-Cloud,1065,1,1,0,0,0,0,0.6817392110824585
video10,TriClass-Cloud,1066,1,1,0,0,0,0,0.573415994644165
video10,TriClass-Cloud,1067,1,1,0,0,0,0,0.6073787212371826
video10,TriClass-Cloud,1068,1,1,0,0,0,0,0.6227120757102966
video10,TriClass-Cloud,1069,1,1,0,0,0,0,0.5624628663063049
video10,TriClass-Cloud,1070,1,1,0,0,0,0,0.571343183517456
video10,TriClass-Cloud,1071,1,1,0,0,0,0,0.6085379719734192
video10,TriClass-Cloud,1072,1,1,0,0,0,0,0.6408331990242004
video10,TriClass-Cloud,1073,1,1,0,0,0,0,0.6881979703903198
video10,TriClass-Cloud,1074,1,1,0,0,0,0,0.7313240170478821
video10,TriClass-Cloud,1075,1,1,0,0,0,0,0.5753430128097534
video10,TriClass-Cloud,1076,1,1,0,0,0,0,0.7038311958312988
video10,TriClass-Cloud,1077,1,1,0,0,0,0,0.6996365189552307
video10,TriClass-Cloud,1078,1,1,0,0,0,0,0.6729096174240112
video10,TriClass-Cloud,1079,1,1,0,0,0,0,0.6881437301635742
video10,TriClass-Cloud,1080,1,1,0,0,0,0,0.5454975366592407
video10,TriClass-Cloud,1081,1,1,0,0,0,0,0.5022166967391968
video10,TriClass-Cloud,1082,2,2,0,0,1,0,0.37588340044021606
video10,TriClass-Cloud,1083,0,0,0,0,0,0,0.0
video10,TriClass-Cloud,1084,2,2,0,0,1,0,0.42548444867134094
video10,TriClass-Cloud,1085,2,2,0,0,1,0,0.39129438996315
video10,TriClass-Cloud,1086,2,2,0,0,2,0,0.3475058674812317
video10,TriClass-Cloud,1087,1,1,0,0,0,0,0.42093101143836975
video10,TriClass-Cloud,1088,1,1,0,0,0,0,0.5438868999481201
video10,TriClass-Cloud,1089,1,1,0,0,0,0,0.5617039203643799
video10,TriClass-Cloud,1090,1,1,0,0,0,0,0.49606382846832275
video10,TriClass-Cloud,1091,2,2,0,0,1,0,0.3800196647644043
video10,TriClass-Cloud,1092,2,2,0,0,1,0,0.38490015268325806
video10,TriClass-Cloud,1093,1,1,0,0,0,0,0.44489598274230957
video10,TriClass-Cloud,1094,2,2,0,0,2,0,0.33209577202796936
video10,TriClass-Cloud,1095,2,2,0,0,1,0,0.4357990622520447
video10,TriClass-Cloud,1096,2,2,0,0,1,0,0.4745940864086151
video10,TriClass-Cloud,1097,1,1,0,0,0,0,0.469269335269928
video10,TriClass-Cloud,1098,1,1,0,0,0,0,0.4509715735912323
video10,TriClass-Cloud,1099,1,1,0,0,0,0,0.5294938683509827
video10,TriClass-Cloud,1100,1,1,0,0,0,0,0.5644572377204895
video10,TriClass-Cloud,1101,1,1,0,0,0,0,0.5067345499992371
video10,TriClass-Cloud,1102,1,1,0,0,0,0,0.5507232546806335
video10,TriClass-Cloud,1103,2,2,0,0,1,0,0.48783546686172485
video10,TriClass-Cloud,1104,1,1,0,0,0,0,0.6546101570129395
video10,TriClass-Cloud,1105,1,1,0,0,0,0,0.6618471145629883
video10,TriClass-Cloud,1106,2,2,0,0,0,0,0.43044427037239075
video10,TriClass-Cloud,1107,2,2,0,0,1,0,0.5222795009613037
video10,TriClass-Cloud,1108,2,2,0,0,1,0,0.47578319907188416
video10,TriClass-Cloud,1109,1,1,0,0,0,0,0.632197380065918
video10,TriClass-Cloud,1110,1,1,0,0,0,0,0.6333146095275879
video10,TriClass-Cloud,1111,1,1,0,0,0,0,0.6302221417427063
video10,TriClass-Cloud,1112,1,1,0,0,0,0,0.5961374640464783
video10,TriClass-Cloud,1113,1,1,0,0,0,0,0.6720768213272095
video10,TriClass-Cloud,1114,1,1,0,0,0,0,0.6434726715087891
video10,TriClass-Cloud,1115,1,1,0,0,0,0,0.5718182325363159
video10,TriClass-Cloud,1116,1,1,0,0,0,0,0.5055367946624756
video10,TriClass-Cloud,1117,2,2,0,0,1,0,0.4865604639053345
video10,TriClass-Cloud,1118,2,2,0,0,1,0,0.39150598645210266
video10,TriClass-Cloud,1119,1,1,0,0,0,0,0.4855894446372986
video10,TriClass-Cloud,1120,2,2,0,0,1,0,0.3573046922683716
video10,TriClass-Cloud,1121,2,2,0,0,1,0,0.36945971846580505
video10,TriClass-Cloud,1122,2,2,0,0,1,0,0.39979860186576843
video10,TriClass-Cloud,1123,1,1,0,0,0,0,0.46694695949554443
video10,TriClass-Cloud,1124,1,1,0,0,0,0,0.4256516396999359
video10,TriClass-Cloud,1125,2,2,0,0,2,0,0.2900683879852295
video10,TriClass-Cloud,1126,1,1,0,0,1,0,0.3376257121562958
video10,TriClass-Cloud,1127,1,1,0,0,1,0,0.33739665150642395
video10,TriClass-Cloud,1128,1,1,0,0,1,0,0.32399222254753113
video10,TriClass-Cloud,1129,1,1,0,0,1,0,0.334715336561203
video10,TriClass-Cloud,1130,1,1,0,0,0,0,0.4130708575248718
video10,TriClass-Cloud,1131,1,1,0,0,0,0,0.44382402300834656
video10,TriClass-Cloud,1132,2,2,0,0,1,0,0.3667920231819153
video10,TriClass-Cloud,1133,2,2,0,0,1,0,0.38148078322410583
video10,TriClass-Cloud,1134,2,2,0,0,1,0,0.4050719738006592
video10,TriClass-Cloud,1135,1,1,0,0,1,0,0.31254568696022034
video10,TriClass-Cloud,1136,2,2,0,0,1,0,0.36244070529937744
video10,TriClass-Cloud,1137,1,1,0,0,0,0,0.5350319743156433
video10,TriClass-Cloud,1138,1,1,0,0,0,0,0.4840233027935028
video10,TriClass-Cloud,1139,1,1,0,0,0,0,0.47806912660598755
video10,TriClass-Cloud,1140,2,2,0,0,2,0,0.3467586040496826
video10,TriClass-Cloud,1141,2,2,0,0,1,0,0.3681771755218506
video10,TriClass-Cloud,1142,1,1,0,0,0,0,0.3890463411808014
video10,TriClass-Cloud,1143,0,0,0,0,0,0,0.0
video10,TriClass-Cloud,1144,1,1,0,0,1,0,0.25762224197387695
video10,TriClass-Cloud,1145,1,1,0,0,1,0,0.32633665204048157
video10,TriClass-Cloud,1146,0,0,0,0,0,0,0.0
video10,TriClass-Cloud,1147,1,1,0,0,1,0,0.27047663927078247
video10,TriClass-Cloud,1148,1,1,0,0,1,0,0.3180394172668457
video10,TriClass-Cloud,1149,0,0,0,0,0,0,0.0
video10,TriClass-Cloud,1150,0,0,0,0,0,0,0.0
video10,TriClass-Cloud,1151,1,1,0,0,0,0,0.5540431141853333
video10,TriClass-Cloud,1152,1,1,0,0,0,0,0.4917295277118683
video10,TriClass-Cloud,1153,1,1,0,0,0,0,0.5965006351470947
video10,TriClass-Cloud,1154,1,1,0,0,0,0,0.555998682975769
video10,TriClass-Cloud,1155,2,2,0,0,1,0,0.39696526527404785
video10,TriClass-Cloud,1156,1,1,0,0,0,0,0.40399137139320374
video10,TriClass-Cloud,1157,1,1,0,0,0,0,0.4676826298236847
video10,TriClass-Cloud,1158,1,1,0,0,0,0,0.5162084102630615
video10,TriClass-Cloud,1159,1,1,0,0,0,0,0.5515989661216736
video10,TriClass-Cloud,1160,1,1,0,0,0,0,0.537609338760376
video10,TriClass-Cloud,1161,1,1,0,0,0,0,0.4721162021160126
video10,TriClass-Cloud,1162,1,1,0,0,0,0,0.4403625428676605
video10,TriClass-Cloud,1163,1,1,0,0,0,0,0.45975515246391296
video10,TriClass-Cloud,1164,1,1,0,0,0,0,0.5175135135650635
video10,TriClass-Cloud,1165,1,1,0,0,0,0,0.5039288401603699
video10,TriClass-Cloud,1166,1,1,0,0,0,0,0.43262627720832825
video10,TriClass-Cloud,1167,1,1,0,0,0,0,0.4841335415840149
video10,TriClass-Cloud,1168,1,1,0,0,0,0,0.4867759644985199
video10,TriClass-Cloud,1169,1,1,0,0,0,0,0.5270799994468689
video10,TriClass-Cloud,1170,1,1,0,0,0,0,0.4702787697315216
video10,TriClass-Cloud,1171,1,1,0,0,0,0,0.4304392337799072
video10,TriClass-Cloud,1172,1,1,0,0,1,0,0.31072676181793213
video10,TriClass-Cloud,1173,1,1,0,0,0,0,0.3588370382785797
video10,TriClass-Cloud,1174,1,1,0,0,0,0,0.42803046107292175
video10,TriClass-Cloud,1175,1,1,0,0,0,0,0.4063026010990143
video10,TriClass-Cloud,1176,1,1,0,0,0,0,0.4008221924304962
video10,TriClass-Cloud,1177,1,1,0,0,1,0,0.32193654775619507
video10,TriClass-Cloud,1178,2,2,0,0,2,0,0.2752488851547241
video10,TriClass-Cloud,1179,2,2,0,0,2,0,0.3169782757759094
video10,TriClass-Cloud,1180,1,1,0,0,1,0,0.28228119015693665
video10,TriClass-Cloud,1181,1,1,0,0,0,0,0.40434595942497253
video10,TriClass-Cloud,1182,1,1,0,0,0,0,0.4373874366283417
video10,TriClass-Cloud,1183,2,2,0,0,1,0,0.38304704427719116
video10,TriClass-Cloud,1184,2,2,0,0,2,0,0.34480488300323486
video10,TriClass-Cloud,1185,1,1,0,0,0,0,0.4837152361869812
video10,TriClass-Cloud,1186,1,1,0,0,0,0,0.44182565808296204
video10,TriClass-Cloud,1187,1,1,0,0,0,0,0.5818816423416138
video10,TriClass-Cloud,1188,1,1,0,0,0,0,0.6183263659477234
video10,TriClass-Cloud,1189,1,1,0,0,0,0,0.6068375706672668
video10,TriClass-Cloud,1190,1,1,0,0,0,0,0.6395032405853271
video10,TriClass-Cloud,1191,1,1,0,0,0,0,0.5866345763206482
video10,TriClass-Cloud,1192,1,1,0,0,0,0,0.6243021488189697
video10,TriClass-Cloud,1193,1,1,0,0,0,0,0.5882136821746826
video10,TriClass-Cloud,1194,1,1,0,0,0,0,0.6755558252334595
video10,TriClass-Cloud,1195,1,1,0,0,0,0,0.6318303942680359
video10,TriClass-Cloud,1196,1,1,0,0,0,0,0.5169024467468262
video10,TriClass-Cloud,1197,2,2,0,0,1,0,0.4535718262195587
video10,TriClass-Cloud,1198,2,2,0,0,1,0,0.4680752754211426
video10,TriClass-Cloud,1199,2,2,0,0,1,0,0.45119428634643555
video10,TriClass-Cloud,1200,2,2,0,0,0,0,0.41691091656684875
video10,TriClass-Cloud,1201,0,0,0,0,0,0,0.0
video10,TriClass-Cloud,1202,1,1,0,0,0,0,0.40608546137809753
video10,TriClass-Cloud,1203,1,1,0,0,0,0,0.6695545315742493
video10,TriClass-Cloud,1204,1,1,0,0,0,0,0.7480799555778503
video10,TriClass-Cloud,1205,1,1,0,0,0,0,0.7668401002883911
video10,TriClass-Cloud,1206,1,1,0,0,0,0,0.7343207001686096
video10,TriClass-Cloud,1207,1,1,0,0,0,0,0.67174232006073
video10,TriClass-Cloud,1208,1,1,0,0,0,0,0.7508285641670227
video10,TriClass-Cloud,1209,1,1,0,0,0,0,0.7716577649116516
video10,TriClass-Cloud,1210,1,1,0,0,0,0,0.7047746777534485
video10,TriClass-Cloud,1211,1,1,0,0,0,0,0.763498067855835
video10,TriClass-Cloud,1212,1,1,0,0,0,0,0.7067220211029053
video10,TriClass-Cloud,1213,1,1,0,0,0,0,0.6497683525085449
video10,TriClass-Cloud,1214,1,1,0,0,0,0,0.5704792737960815
video10,TriClass-Cloud,1215,1,1,0,0,0,0,0.5807644724845886
video10,TriClass-Cloud,1216,1,1,0,0,0,0,0.5065292119979858
video10,TriClass-Cloud,1217,0,0,0,0,0,0,0.0
video10,TriClass-Cloud,1218,1,1,0,0,1,0,0.2638870179653168
video10,TriClass-Cloud,1219,1,1,0,0,1,0,0.2951218783855438
video10,TriClass-Cloud,1220,1,1,0,0,0,0,0.6234028339385986
video10,TriClass-Cloud,1221,1,1,0,0,0,0,0.5416451692581177
video10,TriClass-Cloud,1222,1,1,0,0,0,0,0.5628418326377869
video10,TriClass-Cloud,1223,1,1,0,0,0,0,0.635278046131134
video10,TriClass-Cloud,1224,1,1,0,0,0,0,0.5540432929992676
video10,TriClass-Cloud,1225,1,1,0,0,0,0,0.6372129917144775
video10,TriClass-Cloud,1226,1,1,0,0,0,0,0.7008671760559082
video10,TriClass-Cloud,1227,1,1,0,0,0,0,0.7997359037399292
video10,TriClass-Cloud,1228,1,1,0,0,0,0,0.7909975647926331
video10,TriClass-Cloud,1229,1,1,0,0,0,0,0.8530250191688538
video10,TriClass-Cloud,1230,1,1,0,0,0,0,0.8688048720359802
video10,TriClass-Cloud,1231,1,1,0,0,0,0,0.7927222847938538
video10,TriClass-Cloud,1232,1,1,0,0,0,0,0.8621273636817932
video10,TriClass-Cloud,1233,1,1,0,0,0,0,0.8103004097938538
video10,TriClass-Cloud,1234,1,1,0,0,0,0,0.8496370911598206
video10,TriClass-Cloud,1235,1,1,0,0,0,0,0.8714913725852966
video10,TriClass-Cloud,1236,1,1,0,0,0,0,0.8586461544036865
video10,TriClass-Cloud,1237,1,1,0,0,0,0,0.8723463416099548
video10,TriClass-Cloud,1238,1,1,0,0,0,0,0.8706221580505371
video10,TriClass-Cloud,1239,1,1,0,0,0,0,0.8559005856513977
video10,TriClass-Cloud,1240,1,1,0,0,0,0,0.8680300116539001
video10,TriClass-Cloud,1241,1,1,0,0,0,0,0.8533841371536255
video10,TriClass-Cloud,1242,1,1,0,0,0,0,0.8553562760353088
video10,TriClass-Cloud,1243,1,1,0,0,0,0,0.8466854691505432
video10,TriClass-Cloud,1244,1,1,0,0,0,0,0.8197414875030518
video10,TriClass-Cloud,1245,1,1,0,0,0,0,0.8133537173271179
video10,TriClass-Cloud,1246,1,1,0,0,0,0,0.8221568465232849
video10,TriClass-Cloud,1247,1,1,0,0,0,0,0.8198765516281128
video10,TriClass-Cloud,1248,1,1,0,0,0,0,0.8200585842132568
video10,TriClass-Cloud,1249,1,1,0,0,0,0,0.8224380016326904
video10,TriClass-Cloud,1250,1,1,0,0,0,0,0.8299300670623779
video10,TriClass-Cloud,1251,1,1,0,0,0,0,0.8138530254364014
video10,TriClass-Cloud,1252,1,1,0,0,0,0,0.8348857164382935
video10,TriClass-Cloud,1253,1,1,0,0,0,0,0.836613655090332
video10,TriClass-Cloud,1254,1,1,0,0,0,0,0.8341925144195557
video10,TriClass-Cloud,1255,1,1,0,0,0,0,0.8355192542076111
video10,TriClass-Cloud,1256,1,1,0,0,0,0,0.8361825942993164
video10,TriClass-Cloud,1257,1,1,0,0,0,0,0.8384639620780945
video10,TriClass-Cloud,1258,1,1,0,0,0,0,0.8520495295524597
video10,TriClass-Cloud,1259,1,1,0,0,0,0,0.8536506295204163
video10,TriClass-Cloud,1260,1,1,0,0,0,0,0.8576256632804871
video10,TriClass-Cloud,1261,1,1,0,0,0,0,0.854984700679779
video10,TriClass-Cloud,1262,1,1,0,0,0,0,0.8606472015380859
video10,TriClass-Cloud,1263,1,1,0,0,0,0,0.8630109429359436
video10,TriClass-Cloud,1264,1,1,0,0,0,0,0.8660471439361572
video10,TriClass-Cloud,1265,1,1,0,0,0,0,0.861517071723938
video10,TriClass-Cloud,1266,1,1,0,0,0,0,0.8492412567138672
video10,TriClass-Cloud,1267,1,1,0,0,0,0,0.8635130524635315
video10,TriClass-Cloud,1268,1,1,0,0,0,0,0.8702448606491089
video10,TriClass-Cloud,1269,1,1,0,0,0,0,0.8631218671798706
video10,TriClass-Cloud,1270,1,1,0,0,0,0,0.8230852484703064
video10,TriClass-Cloud,1271,1,1,0,0,0,0,0.843334972858429
video10,TriClass-Cloud,1272,1,1,0,0,0,0,0.8485809564590454
video10,TriClass-Cloud,1273,1,1,0,0,0,0,0.8588811755180359
video10,TriClass-Cloud,1274,1,1,0,0,0,0,0.79808109998703
video10,TriClass-Cloud,1275,1,1,0,0,0,0,0.8214960694313049
video10,TriClass-Cloud,1276,1,1,0,0,0,0,0.8462059497833252
video10,TriClass-Cloud,1277,1,1,0,0,0,0,0.8255969882011414
video10,TriClass-Cloud,1278,1,1,0,0,0,0,0.8475270867347717
video10,TriClass-Cloud,1279,1,1,0,0,0,0,0.8637716174125671
video10,TriClass-Cloud,1280,1,1,0,0,0,0,0.8539365530014038
video10,TriClass-Cloud,1281,1,1,0,0,0,0,0.8265206813812256
video10,TriClass-Cloud,1282,1,1,0,0,0,0,0.8146223425865173
video10,TriClass-Cloud,1283,1,1,0,0,0,0,0.8488070368766785
video10,TriClass-Cloud,1284,1,1,0,0,0,0,0.7688047289848328
video10,TriClass-Cloud,1285,1,1,0,0,0,0,0.7798584699630737
video10,TriClass-Cloud,1286,1,1,0,0,0,0,0.7781996130943298
video10,TriClass-Cloud,1287,1,1,0,0,0,0,0.7928728461265564
video10,TriClass-Cloud,1288,1,1,0,0,0,0,0.7865193486213684
video10,TriClass-Cloud,1289,1,1,0,0,0,0,0.7716106176376343
video10,TriClass-Cloud,1290,1,1,0,0,0,0,0.7894858121871948
video10,TriClass-Cloud,1291,1,1,0,0,0,0,0.8002319931983948
video10,TriClass-Cloud,1292,1,1,0,0,0,0,0.776978075504303
video10,TriClass-Cloud,1293,1,1,0,0,0,0,0.701451301574707
video10,TriClass-Cloud,1294,1,1,0,0,0,0,0.7370066046714783
video10,TriClass-Cloud,1295,1,1,0,0,0,0,0.649133563041687
video10,TriClass-Cloud,1296,1,1,0,0,0,0,0.687860369682312
video10,TriClass-Cloud,1297,1,1,0,0,0,0,0.7375105619430542
video10,TriClass-Cloud,1298,1,1,0,0,0,0,0.6276983022689819
video10,TriClass-Cloud,1299,1,1,0,0,0,0,0.6342542171478271
video10,TriClass-Cloud,1300,1,1,0,0,0,0,0.6959096789360046
video10,TriClass-Cloud,1301,1,1,0,0,0,0,0.6841531991958618
video10,TriClass-Cloud,1302,1,1,0,0,0,0,0.6564003825187683
video10,TriClass-Cloud,1303,1,1,0,0,0,0,0.6407386064529419
video10,TriClass-Cloud,1304,1,1,0,0,0,0,0.6654630899429321
video10,TriClass-Cloud,1305,1,1,0,0,0,0,0.6305999159812927
video10,TriClass-Cloud,1306,1,1,0,0,0,0,0.7279845476150513
video10,TriClass-Cloud,1307,1,1,0,0,0,0,0.566392719745636
video10,TriClass-Cloud,1308,1,1,0,0,0,0,0.5562609434127808
video10,TriClass-Cloud,1309,1,1,0,0,0,0,0.6177875995635986
video10,TriClass-Cloud,1310,1,1,0,0,0,0,0.6201204657554626
video10,TriClass-Cloud,1311,1,1,0,0,0,0,0.6944022178649902
video10,TriClass-Cloud,1312,1,1,0,0,0,0,0.6982028484344482
video10,TriClass-Cloud,1313,1,1,0,0,0,0,0.6272080540657043
video10,TriClass-Cloud,1314,1,1,0,0,0,0,0.6743029356002808
video10,TriClass-Cloud,1315,1,1,0,0,0,0,0.7735038995742798
video10,TriClass-Cloud,1316,1,1,0,0,0,0,0.7212342023849487
video10,TriClass-Cloud,1317,1,1,0,0,0,0,0.7142132520675659
video10,TriClass-Cloud,1318,1,1,0,0,0,0,0.6989210247993469
video10,TriClass-Cloud,1319,1,1,0,0,0,0,0.6409592032432556
video10,TriClass-Cloud,1320,1,1,0,0,0,0,0.5883744955062866
video10,TriClass-Cloud,1321,1,1,0,0,0,0,0.5152736306190491
video10,TriClass-Cloud,1322,1,1,0,0,0,0,0.5204097032546997
video10,TriClass-Cloud,1323,1,1,0,0,0,0,0.5469988584518433
video10,TriClass-Cloud,1324,1,1,0,0,0,0,0.5025697350502014
video10,TriClass-Cloud,1325,1,1,0,0,0,0,0.4603019058704376
video10,TriClass-Cloud,1326,1,1,0,0,0,0,0.5404819250106812
video10,TriClass-Cloud,1327,1,1,0,0,0,0,0.5464158058166504
video10,TriClass-Cloud,1328,1,1,0,0,0,0,0.4987906217575073
video10,TriClass-Cloud,1329,1,1,0,0,0,0,0.46645230054855347
video10,TriClass-Cloud,1330,1,1,0,0,0,0,0.455507755279541
video10,TriClass-Cloud,1331,1,1,0,0,0,0,0.42627352476119995
video10,TriClass-Cloud,1332,1,1,0,0,1,0,0.29982414841651917
video10,TriClass-Cloud,1333,1,1,0,0,1,0,0.2592243254184723
video10,TriClass-Cloud,1334,1,1,0,0,0,0,0.4120081663131714
video10,TriClass-Cloud,1335,1,1,0,0,0,0,0.5939646363258362
video10,TriClass-Cloud,1336,1,1,0,0,0,0,0.7451322674751282
video10,TriClass-Cloud,1337,1,1,0,0,0,0,0.7890965938568115
video10,TriClass-Cloud,1338,1,1,0,0,0,0,0.8358266949653625
video10,TriClass-Cloud,1339,1,1,0,0,0,0,0.8225685954093933
video10,TriClass-Cloud,1340,1,1,0,0,0,0,0.849428117275238
video10,TriClass-Cloud,1341,1,1,0,0,0,0,0.85085529088974
video10,TriClass-Cloud,1342,1,1,0,0,0,0,0.8044046759605408
video10,TriClass-Cloud,1343,1,1,0,0,0,0,0.8298314213752747
video10,TriClass-Cloud,1344,1,1,0,0,0,0,0.8419365882873535
video10,TriClass-Cloud,1345,1,1,0,0,0,0,0.8336150050163269
video10,TriClass-Cloud,1346,1,1,0,0,0,0,0.8328089714050293
video10,TriClass-Cloud,1347,1,1,0,0,0,0,0.8024417161941528
video10,TriClass-Cloud,1348,1,1,0,0,0,0,0.7236734628677368
video10,TriClass-Cloud,1349,1,1,0,0,0,0,0.6978362202644348
video10,TriClass-Cloud,1350,1,1,0,0,0,0,0.7281202673912048
video10,TriClass-Cloud,1351,1,1,0,0,0,0,0.8214932084083557
video10,TriClass-Cloud,1352,1,1,0,0,0,0,0.8520285487174988
video10,TriClass-Cloud,1353,1,1,0,0,0,0,0.8590360283851624
video10,TriClass-Cloud,1354,1,1,0,0,0,0,0.8589789271354675
video10,TriClass-Cloud,1355,1,1,0,0,0,0,0.8562136888504028
video10,TriClass-Cloud,1356,1,1,0,0,0,0,0.7493454217910767
video10,TriClass-Cloud,1357,1,1,0,0,0,0,0.8154035210609436
video10,TriClass-Cloud,1358,1,1,0,0,0,0,0.8444223999977112
video10,TriClass-Cloud,1359,1,1,0,0,0,0,0.8472039103507996
video10,TriClass-Cloud,1360,1,1,0,0,0,0,0.8383592963218689
video10,TriClass-Cloud,1361,1,1,0,0,0,0,0.7279444932937622
video10,TriClass-Cloud,1362,2,2,0,0,0,0,0.6640525460243225
video10,TriClass-Cloud,1363,1,1,0,0,0,0,0.8088350892066956
video10,TriClass-Cloud,1364,1,1,0,0,0,0,0.8461320400238037
video10,TriClass-Cloud,1365,2,2,0,0,1,0,0.6684777736663818
video10,TriClass-Cloud,1366,1,1,0,0,0,0,0.8490042090415955
video10,TriClass-Cloud,1367,1,1,0,0,0,0,0.857483983039856
video10,TriClass-Cloud,1368,1,1,0,0,0,0,0.8420794606208801
video10,TriClass-Cloud,1369,2,2,0,0,0,0,0.5301666259765625
video10,TriClass-Cloud,1370,1,1,0,0,0,0,0.851085364818573
video10,TriClass-Cloud,1371,1,1,0,0,0,0,0.8263631463050842
video10,TriClass-Cloud,1372,1,1,0,0,0,0,0.6298092007637024
video10,TriClass-Cloud,1373,1,1,0,0,0,0,0.8614435195922852
video10,TriClass-Cloud,1374,1,1,0,0,0,0,0.7254120111465454
video10,TriClass-Cloud,1375,1,1,0,0,0,0,0.6906672716140747
video10,TriClass-Cloud,1376,1,1,0,0,0,0,0.8352887034416199
video10,TriClass-Cloud,1377,1,1,0,0,0,0,0.8416953086853027
video10,TriClass-Cloud,1378,1,1,0,0,0,0,0.6774123907089233
video10,TriClass-Cloud,1379,1,1,0,0,0,0,0.8506603837013245
video10,TriClass-Cloud,1380,1,1,0,0,0,0,0.85428386926651
video10,TriClass-Cloud,1381,1,1,0,0,0,0,0.854304313659668
video10,TriClass-Cloud,1382,1,1,0,0,0,0,0.8491631150245667
video10,TriClass-Cloud,1383,1,1,0,0,0,0,0.8451809883117676
video10,TriClass-Cloud,1384,1,1,0,0,0,0,0.8599839210510254
video10,TriClass-Cloud,1385,1,1,0,0,0,0,0.8667244911193848
video10,TriClass-Cloud,1386,1,1,0,0,0,0,0.8686313033103943
video10,TriClass-Cloud,1387,1,1,0,0,0,0,0.874144971370697
video10,TriClass-Cloud,1388,1,1,0,0,0,0,0.864698052406311
video10,TriClass-Cloud,1389,1,1,0,0,0,0,0.8617954254150391
video10,TriClass-Cloud,1390,1,1,0,0,0,0,0.8445505499839783
video10,TriClass-Cloud,1391,1,1,0,0,0,0,0.8477771282196045
video10,TriClass-Cloud,1392,1,1,0,0,0,0,0.8552030324935913
video10,TriClass-Cloud,1393,1,1,0,0,0,0,0.7978858351707458
video10,TriClass-Cloud,1394,1,1,0,0,0,0,0.7919462323188782
video10,TriClass-Cloud,1395,1,1,0,0,0,0,0.7632274031639099
video10,TriClass-Cloud,1396,1,1,0,0,0,0,0.7956500053405762
video10,TriClass-Cloud,1397,1,1,0,0,0,0,0.8033834099769592
video10,TriClass-Cloud,1398,1,1,0,0,0,0,0.8008323311805725
video10,TriClass-Cloud,1399,1,1,0,0,0,0,0.7789992094039917
video10,TriClass-Cloud,1400,1,1,0,0,0,0,0.7914400696754456
video10,TriClass-Cloud,1401,1,1,0,0,0,0,0.8195229172706604
video10,TriClass-Cloud,1402,1,1,0,0,0,0,0.8297356367111206
video10,TriClass-Cloud,1403,1,1,0,0,0,0,0.802043616771698
video10,TriClass-Cloud,1404,1,1,0,0,0,0,0.7824206352233887
video10,TriClass-Cloud,1405,1,1,0,0,0,0,0.7802882790565491
video10,TriClass-Cloud,1406,1,1,0,0,0,0,0.8119490742683411
video10,TriClass-Cloud,1407,1,1,0,0,0,0,0.8077078461647034
video10,TriClass-Cloud,1408,1,1,0,0,0,0,0.7949355244636536
video10,TriClass-Cloud,1409,1,1,0,0,0,0,0.7705440521240234
video10,TriClass-Cloud,1410,1,1,0,0,0,0,0.78226637840271
video10,TriClass-Cloud,1411,1,1,0,0,0,0,0.8118124008178711
video10,TriClass-Cloud,1412,1,1,0,0,0,0,0.8259359002113342
video10,TriClass-Cloud,1413,1,1,0,0,0,0,0.8234060406684875
video10,TriClass-Cloud,1414,1,1,0,0,0,0,0.8036494851112366
video10,TriClass-Cloud,1415,1,1,0,0,0,0,0.7785041332244873
video10,TriClass-Cloud,1416,1,1,0,0,0,0,0.8352308869361877
video10,TriClass-Cloud,1417,1,1,0,0,0,0,0.8382347822189331
video10,TriClass-Cloud,1418,1,1,0,0,0,0,0.8269818425178528
video10,TriClass-Cloud,1419,1,1,0,0,0,0,0.838371753692627
video10,TriClass-Cloud,1420,1,1,0,0,0,0,0.791407585144043
video10,TriClass-Cloud,1421,2,2,0,0,1,0,0.7053560614585876
video10,TriClass-Cloud,1422,2,2,0,0,0,0,0.594689667224884
video10,TriClass-Cloud,1423,1,1,0,0,0,0,0.7962484955787659
video10,TriClass-Cloud,1424,1,1,0,0,0,0,0.765852689743042
video10,TriClass-Cloud,1425,1,1,0,0,0,0,0.8086256980895996
video10,TriClass-Cloud,1426,1,1,0,0,0,0,0.8112620711326599
video10,TriClass-Cloud,1427,1,1,0,0,0,0,0.8192684650421143
video10,TriClass-Cloud,1428,1,1,0,0,0,0,0.8250495791435242
video10,TriClass-Cloud,1429,1,1,0,0,0,0,0.8329552412033081
video10,TriClass-Cloud,1430,1,1,0,0,0,0,0.8372848033905029
video10,TriClass-Cloud,1431,1,1,0,0,0,0,0.830776035785675
video10,TriClass-Cloud,1432,1,1,0,0,0,0,0.8376054167747498
video10,TriClass-Cloud,1433,1,1,0,0,0,0,0.8252192139625549
video10,TriClass-Cloud,1434,1,1,0,0,0,0,0.8009588122367859
video10,TriClass-Cloud,1435,1,1,0,0,0,0,0.7869693040847778
video10,TriClass-Cloud,1436,1,1,0,0,0,0,0.7870364785194397
video10,TriClass-Cloud,1437,1,1,0,0,0,0,0.7926765084266663
video10,TriClass-Cloud,1438,1,1,0,0,0,0,0.7842133641242981
video10,TriClass-Cloud,1439,1,1,0,0,0,0,0.7737907767295837
video10,TriClass-Cloud,1440,1,1,0,0,0,0,0.8159971833229065
video10,TriClass-Cloud,1441,1,1,0,0,0,0,0.817604660987854
video10,TriClass-Cloud,1442,1,1,0,0,0,0,0.820353627204895
video10,TriClass-Cloud,1443,1,1,0,0,0,0,0.8232250213623047
video10,TriClass-Cloud,1444,1,1,0,0,0,0,0.8229290843009949
video10,TriClass-Cloud,1445,1,1,0,0,0,0,0.836946964263916
video10,TriClass-Cloud,1446,1,1,0,0,0,0,0.7690145373344421
video10,TriClass-Cloud,1447,1,1,0,0,0,0,0.7743582725524902
video10,TriClass-Cloud,1448,1,1,0,0,0,0,0.7732371091842651
video10,TriClass-Cloud,1449,1,1,0,0,0,0,0.7620384693145752
video10,TriClass-Cloud,1450,1,1,0,0,0,0,0.8196016550064087
video10,TriClass-Cloud,1451,1,1,0,0,0,0,0.8239501118659973
video10,TriClass-Cloud,1452,1,1,0,0,0,0,0.8325091600418091
video10,TriClass-Cloud,1453,1,1,0,0,0,0,0.8165152072906494
video10,TriClass-Cloud,1454,1,1,0,0,0,0,0.7969586849212646
video10,TriClass-Cloud,1455,1,1,0,0,0,0,0.7913874983787537
video10,TriClass-Cloud,1456,1,1,0,0,0,0,0.7650099396705627
video10,TriClass-Cloud,1457,1,1,0,0,0,0,0.7849765419960022
video10,TriClass-Cloud,1458,1,1,0,0,0,0,0.7779868245124817
video10,TriClass-Cloud,1459,1,1,0,0,0,0,0.7727920413017273
video10,TriClass-Cloud,1460,1,1,0,0,0,0,0.7911652326583862
video10,TriClass-Cloud,1461,1,1,0,0,0,0,0.7227771878242493
video10,TriClass-Cloud,1462,1,1,0,0,0,0,0.7459710240364075
video10,TriClass-Cloud,1463,1,1,0,0,0,0,0.8116916418075562
video10,TriClass-Cloud,1464,1,1,0,0,0,0,0.8041592240333557
video10,TriClass-Cloud,1465,1,1,0,0,0,0,0.8005944490432739
video10,TriClass-Cloud,1466,1,1,0,0,0,0,0.7920482754707336
video10,TriClass-Cloud,1467,1,1,0,0,0,0,0.7919411659240723
video10,TriClass-Cloud,1468,1,1,0,0,0,0,0.8177035450935364
video10,TriClass-Cloud,1469,1,1,0,0,0,0,0.8250946998596191
video10,TriClass-Cloud,1470,1,1,0,0,0,0,0.8209474086761475
video10,TriClass-Cloud,1471,1,1,0,0,0,0,0.8016772270202637
video10,TriClass-Cloud,1472,1,1,0,0,0,0,0.7793251276016235
video10,TriClass-Cloud,1473,1,1,0,0,0,0,0.7799314856529236
video10,TriClass-Cloud,1474,1,1,0,0,0,0,0.7988417744636536
video10,TriClass-Cloud,1475,1,1,0,0,0,0,0.7836706638336182
video10,TriClass-Cloud,1476,1,1,0,0,0,0,0.7783427834510803
video10,TriClass-Cloud,1477,1,1,0,0,0,0,0.7749267220497131
video10,TriClass-Cloud,1478,1,1,0,0,0,0,0.7495035529136658
video10,TriClass-Cloud,1479,1,1,0,0,0,0,0.7594757080078125
video10,TriClass-Cloud,1480,1,1,0,0,0,0,0.7231159210205078
video10,TriClass-Cloud,1481,1,1,0,0,0,0,0.7746829390525818
video10,TriClass-Cloud,1482,1,1,0,0,0,0,0.7720118761062622
video10,TriClass-Cloud,1483,1,1,0,0,0,0,0.7279087901115417
video10,TriClass-Cloud,1484,1,1,0,0,0,0,0.7270811200141907
video10,TriClass-Cloud,1485,1,1,0,0,0,0,0.7535994648933411
video10,TriClass-Cloud,1486,1,1,0,0,0,0,0.7391470670700073
video10,TriClass-Cloud,1487,1,1,0,0,0,0,0.7205188274383545
video10,TriClass-Cloud,1488,1,1,0,0,0,0,0.6487224102020264
video10,TriClass-Cloud,1489,1,1,0,0,0,0,0.7051701545715332
video10,TriClass-Cloud,1490,1,1,0,0,0,0,0.698638379573822
video10,TriClass-Cloud,1491,1,1,0,0,0,0,0.7532766461372375
video10,TriClass-Cloud,1492,1,1,0,0,0,0,0.7371021509170532
video10,TriClass-Cloud,1493,1,1,0,0,0,0,0.756430983543396
video10,TriClass-Cloud,1494,1,1,0,0,0,0,0.7285363674163818
video10,TriClass-Cloud,1495,1,1,0,0,0,0,0.7905642986297607
video10,TriClass-Cloud,1496,1,1,0,0,0,0,0.7976488471031189
video10,TriClass-Cloud,1497,1,1,0,0,0,0,0.7667039632797241
video10,TriClass-Cloud,1498,1,1,0,0,0,0,0.7973864674568176
video10,TriClass-Cloud,1499,1,1,0,0,0,0,0.7921475172042847
video10,TriClass-Cloud,1500,1,1,0,0,0,0,0.8243794441223145
video10,TriClass-Cloud,1501,1,1,0,0,0,0,0.8196077942848206
video10,TriClass-Cloud,1502,1,1,0,0,0,0,0.7909248471260071
video10,TriClass-Cloud,1503,1,1,0,0,0,0,0.8053184151649475
video10,TriClass-Cloud,1504,1,1,0,0,0,0,0.7802917957305908
video10,TriClass-Cloud,1505,1,1,0,0,0,0,0.7154635787010193
video10,TriClass-Cloud,1506,1,1,0,0,0,0,0.7636049389839172
video10,TriClass-Cloud,1507,1,1,0,0,0,0,0.7470869421958923
video10,TriClass-Cloud,1508,1,1,0,0,0,0,0.7858619689941406
video10,TriClass-Cloud,1509,1,1,0,0,0,0,0.7788062691688538
video10,TriClass-Cloud,1510,1,1,0,0,0,0,0.7725738883018494
video10,TriClass-Cloud,1511,1,1,0,0,0,0,0.7972411513328552
video10,TriClass-Cloud,1512,1,1,0,0,0,0,0.7936757206916809
video10,TriClass-Cloud,1513,1,1,0,0,0,0,0.7837952375411987
video10,TriClass-Cloud,1514,1,1,0,0,0,0,0.779660165309906
video10,TriClass-Cloud,1515,1,1,0,0,0,0,0.7640512585639954
video10,TriClass-Cloud,1516,1,1,0,0,0,0,0.7639896869659424
video10,TriClass-Cloud,1517,1,1,0,0,0,0,0.8079056739807129
video10,TriClass-Cloud,1518,1,1,0,0,0,0,0.7802222371101379
video10,TriClass-Cloud,1519,1,1,0,0,0,0,0.732649564743042
video10,TriClass-Cloud,1520,1,1,0,0,0,0,0.7016821503639221
video10,TriClass-Cloud,1521,1,1,0,0,0,0,0.7919923663139343
video10,TriClass-Cloud,1522,1,1,0,0,0,0,0.7859662771224976
video10,TriClass-Cloud,1523,1,1,0,0,0,0,0.7922018766403198
video10,TriClass-Cloud,1524,1,1,0,0,0,0,0.8021189570426941
video10,TriClass-Cloud,1525,1,1,0,0,0,0,0.8195093870162964
video10,TriClass-Cloud,1526,1,1,0,0,0,0,0.8220956921577454
video10,TriClass-Cloud,1527,1,1,0,0,0,0,0.8309097290039062
video10,TriClass-Cloud,1528,1,1,0,0,0,0,0.7908726334571838
video10,TriClass-Cloud,1529,1,1,0,0,0,0,0.7570528388023376
video10,TriClass-Cloud,1530,1,1,0,0,0,0,0.7359912991523743
video10,TriClass-Cloud,1531,1,1,0,0,0,0,0.8106932640075684
video10,TriClass-Cloud,1532,1,1,0,0,0,0,0.8341956734657288
video10,TriClass-Cloud,1533,1,1,0,0,0,0,0.8393001556396484
video10,TriClass-Cloud,1534,1,1,0,0,0,0,0.8367263078689575
video10,TriClass-Cloud,1535,1,1,0,0,0,0,0.825960636138916
video10,TriClass-Cloud,1536,1,1,0,0,0,0,0.7082504034042358
video10,TriClass-Cloud,1537,1,1,0,0,0,0,0.7325003147125244
video10,TriClass-Cloud,1538,1,1,0,0,0,0,0.8178701400756836
video10,TriClass-Cloud,1539,1,1,0,0,0,0,0.8241699934005737
video10,TriClass-Cloud,1540,1,1,0,0,0,0,0.8267006278038025
video10,TriClass-Cloud,1541,1,1,0,0,0,0,0.6987196207046509
video10,TriClass-Cloud,1542,1,1,0,0,0,0,0.5249588489532471
video10,TriClass-Cloud,1543,1,1,0,0,0,0,0.7280364632606506
video10,TriClass-Cloud,1544,1,1,0,0,0,0,0.583446741104126
video10,TriClass-Cloud,1545,1,1,0,0,0,0,0.35649412870407104
video10,TriClass-Cloud,1546,1,1,0,0,0,0,0.7806876301765442
video10,TriClass-Cloud,1547,1,1,0,0,0,0,0.7865123748779297
video10,TriClass-Cloud,1548,1,1,0,0,0,0,0.7962612509727478
video10,TriClass-Cloud,1549,1,1,0,0,0,0,0.3813401758670807
video10,TriClass-Cloud,1550,0,0,0,0,0,0,0.0
video10,TriClass-Cloud,1551,1,1,0,0,0,0,0.4997345507144928
video10,TriClass-Cloud,1552,1,1,0,0,0,0,0.4175693690776825
video10,TriClass-Cloud,1553,1,1,0,0,0,0,0.7719902396202087
video10,TriClass-Cloud,1554,1,1,0,0,1,0,0.3396610617637634
video10,TriClass-Cloud,1555,1,1,0,0,0,0,0.8102927803993225
video10,TriClass-Cloud,1556,1,1,0,0,0,0,0.629761278629303
video10,TriClass-Cloud,1557,1,1,0,0,0,0,0.6512678861618042
video10,TriClass-Cloud,1558,1,1,0,0,0,0,0.3961707055568695
video10,TriClass-Cloud,1559,1,1,0,0,0,0,0.8339932560920715
video10,TriClass-Cloud,1560,1,1,0,0,0,0,0.811833381652832
video10,TriClass-Cloud,1561,1,1,0,0,0,0,0.8102927803993225
video10,TriClass-Cloud,1562,1,1,0,0,0,0,0.7975586652755737
video10,TriClass-Cloud,1563,1,1,0,0,0,0,0.8037534356117249
video10,TriClass-Cloud,1564,1,1,0,0,0,0,0.7993595600128174
video10,TriClass-Cloud,1565,1,1,0,0,0,0,0.8153854608535767
video10,TriClass-Cloud,1566,1,1,0,0,0,0,0.824894368648529
video10,TriClass-Cloud,1567,1,1,0,0,0,0,0.8278375864028931
video10,TriClass-Cloud,1568,1,1,0,0,0,0,0.8349453806877136
video10,TriClass-Cloud,1569,1,1,0,0,0,0,0.8346567749977112
video10,TriClass-Cloud,1570,1,1,0,0,0,0,0.8268547654151917
video10,TriClass-Cloud,1571,1,1,0,0,0,0,0.8424615859985352
video10,TriClass-Cloud,1572,1,1,0,0,0,0,0.8525232672691345
video10,TriClass-Cloud,1573,1,1,0,0,0,0,0.8333495855331421
video10,TriClass-Cloud,1574,1,1,0,0,0,0,0.8305769562721252
video10,TriClass-Cloud,1575,2,2,0,0,0,0,0.4462686777114868
video10,TriClass-Cloud,1576,2,2,0,0,1,0,0.4624166488647461
video10,TriClass-Cloud,1577,1,1,0,0,0,0,0.8094802498817444
video10,TriClass-Cloud,1578,1,1,0,0,0,0,0.844946026802063
video10,TriClass-Cloud,1579,1,1,0,0,0,0,0.593655526638031
video10,TriClass-Cloud,1580,1,1,0,0,0,0,0.8209078907966614
video10,TriClass-Cloud,1581,1,1,0,0,0,0,0.7927799820899963
video10,TriClass-Cloud,1582,1,1,0,0,0,0,0.75721275806427
video10,TriClass-Cloud,1583,1,1,0,0,0,0,0.7761889696121216
video10,TriClass-Cloud,1584,1,1,0,0,0,0,0.8078179955482483
video10,TriClass-Cloud,1585,1,1,0,0,0,0,0.8360291719436646
video10,TriClass-Cloud,1586,1,1,0,0,0,0,0.82059246301651
video10,TriClass-Cloud,1587,1,1,0,0,0,0,0.83246248960495
video10,TriClass-Cloud,1588,1,1,0,0,0,0,0.7970272302627563
video10,TriClass-Cloud,1589,1,1,0,0,0,0,0.8376798629760742
video10,TriClass-Cloud,1590,1,1,0,0,0,0,0.7970878481864929
video10,TriClass-Cloud,1591,1,1,0,0,0,0,0.7620030641555786
video10,TriClass-Cloud,1592,1,1,0,0,0,0,0.7903205156326294
video10,TriClass-Cloud,1593,1,1,0,0,0,0,0.7589848041534424
video10,TriClass-Cloud,1594,1,1,0,0,0,0,0.5213008522987366
video10,TriClass-Cloud,1595,1,1,0,0,0,0,0.8510631918907166
video10,TriClass-Cloud,1596,1,1,0,0,0,0,0.8476552367210388
video10,TriClass-Cloud,1597,1,1,0,0,0,0,0.8738882541656494
video10,TriClass-Cloud,1598,1,1,0,0,0,0,0.8633774518966675
video10,TriClass-Cloud,1599,1,1,0,0,0,0,0.8454289436340332
video10,TriClass-Cloud,1600,1,1,0,0,0,0,0.8294485211372375
video10,TriClass-Cloud,1601,1,1,0,0,0,0,0.8372829556465149
video10,TriClass-Cloud,1602,1,1,0,0,0,0,0.8474332094192505
video10,TriClass-Cloud,1603,1,1,0,0,0,0,0.6503538489341736
video10,TriClass-Cloud,1604,1,1,0,0,0,0,0.8201259970664978
video10,TriClass-Cloud,1605,1,1,0,0,0,0,0.814007580280304
video10,TriClass-Cloud,1606,1,1,0,0,0,0,0.8425723910331726
video10,TriClass-Cloud,1607,1,1,0,0,0,0,0.8336642384529114
video10,TriClass-Cloud,1608,1,1,0,0,0,0,0.8248699307441711
video10,TriClass-Cloud,1609,1,1,0,0,0,0,0.8571877479553223
video10,TriClass-Cloud,1610,1,1,0,0,0,0,0.8442851901054382
video10,TriClass-Cloud,1611,1,1,0,0,0,0,0.853784441947937
video10,TriClass-Cloud,1612,1,1,0,0,0,0,0.8298773765563965
video10,TriClass-Cloud,1613,1,1,0,0,0,0,0.8403288722038269
video10,TriClass-Cloud,1614,1,1,0,0,0,0,0.8316935896873474
video10,TriClass-Cloud,1615,1,1,0,0,0,0,0.8525901436805725
video10,TriClass-Cloud,1616,1,1,0,0,0,0,0.8481046557426453
video10,TriClass-Cloud,1617,1,1,0,0,0,0,0.8504557609558105
video10,TriClass-Cloud,1618,1,1,0,0,0,0,0.836383044719696
video10,TriClass-Cloud,1619,1,1,0,0,0,0,0.8513428568840027
video10,TriClass-Cloud,1620,1,1,0,0,0,0,0.8455560207366943
video10,TriClass-Cloud,1621,1,1,0,0,0,0,0.8449177742004395
video10,TriClass-Cloud,1622,1,1,0,0,0,0,0.8377599716186523
video10,TriClass-Cloud,1623,1,1,0,0,0,0,0.8512461185455322
video10,TriClass-Cloud,1624,1,1,0,0,0,0,0.8317772746086121
video10,TriClass-Cloud,1625,1,1,0,0,0,0,0.8187376260757446
video10,TriClass-Cloud,1626,1,1,0,0,0,0,0.8012911677360535
video10,TriClass-Cloud,1627,1,1,0,0,0,0,0.7413678169250488
video10,TriClass-Cloud,1628,1,1,0,0,0,0,0.7949057221412659
video10,TriClass-Cloud,1629,1,1,0,0,0,0,0.8132253289222717
video10,TriClass-Cloud,1630,1,1,0,0,0,0,0.8108552098274231
video10,TriClass-Cloud,1631,1,1,0,0,0,0,0.8103144764900208
video10,TriClass-Cloud,1632,1,1,0,0,0,0,0.8229374289512634
video10,TriClass-Cloud,1633,1,1,0,0,0,0,0.7970808744430542
video10,TriClass-Cloud,1634,1,1,0,0,0,0,0.7937222719192505
video10,TriClass-Cloud,1635,1,1,0,0,0,0,0.8338778018951416
video10,TriClass-Cloud,1636,1,1,0,0,0,0,0.8245641589164734
video10,TriClass-Cloud,1637,1,1,0,0,0,0,0.7483937740325928
video10,TriClass-Cloud,1638,2,2,0,0,0,0,0.7078773975372314
video10,TriClass-Cloud,1639,1,1,0,0,0,0,0.8409329652786255
video10,TriClass-Cloud,1640,1,1,0,0,0,0,0.8364035487174988
video10,TriClass-Cloud,1641,1,1,0,0,0,0,0.8271891474723816
video10,TriClass-Cloud,1642,1,1,0,0,0,0,0.6901758313179016
video10,TriClass-Cloud,1643,1,1,0,0,0,0,0.671559751033783
video10,TriClass-Cloud,1644,1,1,0,0,0,0,0.7381808757781982
video10,TriClass-Cloud,1645,1,1,0,0,0,0,0.7787624001502991
video10,TriClass-Cloud,1646,1,1,0,0,0,0,0.8020309209823608
video10,TriClass-Cloud,1647,1,1,0,0,0,0,0.7836995720863342
video10,TriClass-Cloud,1648,1,1,0,0,0,0,0.7555299401283264
video10,TriClass-Cloud,1649,1,1,0,0,0,0,0.6506597995758057
video10,TriClass-Cloud,1650,1,1,0,0,0,0,0.7911350727081299
video10,TriClass-Cloud,1651,1,1,0,0,0,0,0.8237371444702148
video10,TriClass-Cloud,1652,1,1,0,0,0,0,0.808490514755249
video10,TriClass-Cloud,1653,1,1,0,0,0,0,0.8112625479698181
video10,TriClass-Cloud,1654,1,1,0,0,0,0,0.8268966674804688
video10,TriClass-Cloud,1655,1,1,0,0,0,0,0.8498983383178711
video10,TriClass-Cloud,1656,1,1,0,0,0,0,0.8553348779678345
video10,TriClass-Cloud,1657,1,1,0,0,0,0,0.8677378296852112
video10,TriClass-Cloud,1658,1,1,0,0,0,0,0.8523623943328857
video10,TriClass-Cloud,1659,1,1,0,0,0,0,0.8444124460220337
video10,TriClass-Cloud,1660,1,1,0,0,0,0,0.8343353867530823
video10,TriClass-Cloud,1661,1,1,0,0,0,0,0.8257809281349182
video10,TriClass-Cloud,1662,1,1,0,0,0,0,0.8162994384765625
video10,TriClass-Cloud,1663,1,1,0,0,0,0,0.8370491862297058
video10,TriClass-Cloud,1664,1,1,0,0,0,0,0.817304790019989
video10,TriClass-Cloud,1665,1,1,0,0,0,0,0.8073980212211609
video10,TriClass-Cloud,1666,1,1,0,0,0,0,0.7967265248298645
video10,TriClass-Cloud,1667,1,1,0,0,0,0,0.8170943856239319
video10,TriClass-Cloud,1668,1,1,0,0,0,0,0.8250882029533386
video10,TriClass-Cloud,1669,1,1,0,0,0,0,0.8300299644470215
video10,TriClass-Cloud,1670,1,1,0,0,0,0,0.82808518409729
video10,TriClass-Cloud,1671,1,1,0,0,0,0,0.8356350064277649
video10,TriClass-Cloud,1672,1,1,0,0,0,0,0.8374840021133423
video10,TriClass-Cloud,1673,1,1,0,0,0,0,0.8328405022621155
video10,TriClass-Cloud,1674,1,1,0,0,0,0,0.839026927947998
video10,TriClass-Cloud,1675,1,1,0,0,0,0,0.8383274674415588
video10,TriClass-Cloud,1676,1,1,0,0,0,0,0.8373289108276367
video10,TriClass-Cloud,1677,1,1,0,0,0,0,0.8451375365257263
video10,TriClass-Cloud,1678,1,1,0,0,0,0,0.8468391299247742
video10,TriClass-Cloud,1679,1,1,0,0,0,0,0.847187876701355
video10,TriClass-Cloud,1680,1,1,0,0,0,0,0.8527239561080933
video10,TriClass-Cloud,1681,1,1,0,0,0,0,0.8520499467849731
video10,TriClass-Cloud,1682,1,1,0,0,0,0,0.8548375368118286
video10,TriClass-Cloud,1683,1,1,0,0,0,0,0.8495748043060303
video10,TriClass-Cloud,1684,1,1,0,0,0,0,0.8495284914970398
video10,TriClass-Cloud,1685,1,1,0,0,0,0,0.8597468733787537
video10,TriClass-Cloud,1686,1,1,0,0,0,0,0.8530821204185486
video10,TriClass-Cloud,1687,1,1,0,0,0,0,0.8511458039283752
video10,TriClass-Cloud,1688,1,1,0,0,0,0,0.842869758605957
video10,TriClass-Cloud,1689,1,1,0,0,0,0,0.8532289862632751
video10,TriClass-Cloud,1690,1,1,0,0,0,0,0.8462969660758972
video10,TriClass-Cloud,1691,1,1,0,0,0,0,0.8434528708457947
video10,TriClass-Cloud,1692,1,1,0,0,0,0,0.8409122824668884
video10,TriClass-Cloud,1693,1,1,0,0,0,0,0.852124035358429
video10,TriClass-Cloud,1694,1,1,0,0,0,0,0.855172336101532
video10,TriClass-Cloud,1695,1,1,0,0,0,0,0.8547800779342651
video10,TriClass-Cloud,1696,1,1,0,0,0,0,0.8392167091369629
video10,TriClass-Cloud,1697,1,1,0,0,0,0,0.8403194546699524
video10,TriClass-Cloud,1698,1,1,0,0,0,0,0.8396720886230469
video10,TriClass-Cloud,1699,1,1,0,0,0,0,0.8357529044151306
video10,TriClass-Cloud,1700,1,1,0,0,0,0,0.837492823600769
video10,TriClass-Cloud,1701,1,1,0,0,0,0,0.7986844778060913
video10,TriClass-Cloud,1702,1,1,0,0,0,0,0.87281733751297
video10,TriClass-Cloud,1703,1,1,0,0,0,0,0.8729197978973389
video10,TriClass-Cloud,1704,1,1,0,0,0,0,0.8582363724708557
video10,TriClass-Cloud,1705,1,1,0,0,0,0,0.8636523485183716
video10,TriClass-Cloud,1706,1,1,0,0,0,0,0.8574879169464111
video10,TriClass-Cloud,1707,1,1,0,0,0,0,0.8623139262199402
video10,TriClass-Cloud,1708,1,1,0,0,0,0,0.8499848246574402
video10,TriClass-Cloud,1709,1,1,0,0,0,0,0.8498566746711731
video10,TriClass-Cloud,1710,1,1,0,0,0,0,0.8447773456573486
video10,TriClass-Cloud,1711,1,1,0,0,0,0,0.8500258326530457
video10,TriClass-Cloud,1712,1,1,0,0,0,0,0.8522973656654358
video10,TriClass-Cloud,1713,1,1,0,0,0,0,0.8509681224822998
video10,TriClass-Cloud,1714,1,1,0,0,0,0,0.850294291973114
video10,TriClass-Cloud,1715,1,1,0,0,0,0,0.855667769908905
video10,TriClass-Cloud,1716,1,1,0,0,0,0,0.8577468395233154
video10,TriClass-Cloud,1717,1,1,0,0,0,0,0.8626462817192078
video10,TriClass-Cloud,1718,1,1,0,0,0,0,0.8638415336608887
video10,TriClass-Cloud,1719,1,1,0,0,0,0,0.8660637140274048
video10,TriClass-Cloud,1720,1,1,0,0,0,0,0.8625534176826477
video10,TriClass-Cloud,1721,1,1,0,0,0,0,0.8556811809539795
video10,TriClass-Cloud,1722,1,1,0,0,0,0,0.8636831641197205
video10,TriClass-Cloud,1723,1,1,0,0,0,0,0.8611771464347839
video10,TriClass-Cloud,1724,1,1,0,0,0,0,0.8579532504081726
video10,TriClass-Cloud,1725,1,1,0,0,0,0,0.8527051210403442
video10,TriClass-Cloud,1726,1,1,0,0,0,0,0.8581920266151428
video10,TriClass-Cloud,1727,1,1,0,0,0,0,0.8637422919273376
video10,TriClass-Cloud,1728,1,1,0,0,0,0,0.8567017912864685
video10,TriClass-Cloud,1729,1,1,0,0,0,0,0.8553428053855896
video10,TriClass-Cloud,1730,1,1,0,0,0,0,0.8561890125274658
video10,TriClass-Cloud,1731,1,1,0,0,0,0,0.8559995293617249
video10,TriClass-Cloud,1732,1,1,0,0,0,0,0.8533434271812439
video10,TriClass-Cloud,1733,1,1,0,0,0,0,0.8570297360420227
video10,TriClass-Cloud,1734,1,1,0,0,0,0,0.8582571744918823
video10,TriClass-Cloud,1735,1,1,0,0,0,0,0.8533399105072021
video10,TriClass-Cloud,1736,1,1,0,0,0,0,0.8476517796516418
video10,TriClass-Cloud,1737,1,1,0,0,0,0,0.8483050465583801
video10,TriClass-Cloud,1738,1,1,0,0,0,0,0.8559377789497375
video10,TriClass-Cloud,1739,1,1,0,0,0,0,0.8499151468276978
video10,TriClass-Cloud,1740,1,1,0,0,0,0,0.8444007635116577
video10,TriClass-Cloud,1741,1,1,0,0,0,0,0.8357512950897217
video10,TriClass-Cloud,1742,1,1,0,0,0,0,0.8151695132255554
video10,TriClass-Cloud,1743,1,1,0,0,0,0,0.8116500973701477
video10,TriClass-Cloud,1744,1,1,0,0,0,0,0.7950899600982666
video10,TriClass-Cloud,1745,1,1,0,0,0,0,0.8396942019462585
video10,TriClass-Cloud,1746,1,1,0,0,0,0,0.8501080870628357
video10,TriClass-Cloud,1747,1,1,0,0,0,0,0.8384866714477539
video10,TriClass-Cloud,1748,1,1,0,0,0,0,0.7595251202583313
video10,TriClass-Cloud,1749,1,1,0,0,0,0,0.742547869682312
video10,TriClass-Cloud,1750,1,1,0,0,1,0,0.261597216129303
video10,TriClass-Cloud,1751,1,1,0,0,0,0,0.633377730846405
video10,TriClass-Cloud,1752,1,1,0,0,0,0,0.6512301564216614
video10,TriClass-Cloud,1753,1,1,0,0,0,0,0.56235671043396
video10,TriClass-Cloud,1754,1,1,0,0,0,0,0.6673818230628967
video10,TriClass-Cloud,1755,1,1,0,0,0,0,0.6963391900062561
video10,TriClass-Cloud,1756,1,1,0,0,0,0,0.49458047747612
video10,TriClass-Cloud,1757,2,2,0,0,2,0,0.2617213726043701
video10,TriClass-Cloud,1758,1,1,0,0,1,0,0.2794771194458008
video10,TriClass-Cloud,1759,1,1,0,0,0,0,0.5388779640197754
video10,TriClass-Cloud,1760,2,2,0,0,1,0,0.4402584433555603
video10,TriClass-Cloud,1761,2,2,0,0,1,0,0.42380961775779724
video10,TriClass-Cloud,1762,2,2,0,0,1,0,0.40621453523635864
video10,TriClass-Cloud,1763,0,0,0,0,0,0,0.0
video10,TriClass-Cloud,1764,0,0,0,0,0,0,0.0
video10,TriClass-Cloud,1765,0,0,0,0,0,0,0.0
video10,TriClass-Cloud,1766,0,0,0,0,0,0,0.0
video10,TriClass-Cloud,1767,1,1,0,0,1,0,0.3237716853618622
video10,TriClass-Cloud,1768,1,1,0,0,1,0,0.3129730820655823
video10,TriClass-Cloud,1769,0,0,0,0,0,0,0.0
video10,TriClass-Cloud,1770,1,1,0,0,0,0,0.42726776003837585
video10,TriClass-Cloud,1771,1,1,0,0,0,0,0.6889395117759705
video10,TriClass-Cloud,1772,1,1,0,0,0,0,0.7132461667060852
video10,TriClass-Cloud,1773,0,0,0,0,0,0,0.0
video10,TriClass-Cloud,1774,0,0,0,0,0,0,0.0
video10,TriClass-Cloud,1775,0,0,0,0,0,0,0.0
video10,TriClass-Cloud,1776,0,0,0,0,0,0,0.0
video10,TriClass-Cloud,1777,0,0,0,0,0,0,0.0
video10,TriClass-Cloud,1778,1,1,0,0,0,0,0.5064507722854614
video10,TriClass-Cloud,1779,1,1,0,0,1,0,0.2582513391971588
video10,TriClass-Cloud,1780,1,1,0,0,0,0,0.40908268094062805
video10,TriClass-Cloud,1781,0,0,0,0,0,0,0.0
video10,TriClass-Cloud,1782,1,1,0,0,0,0,0.3603188991546631
video10,TriClass-Cloud,1783,1,1,0,0,0,0,0.6968966722488403
video10,TriClass-Cloud,1784,1,1,0,0,0,0,0.506253182888031
video10,TriClass-Cloud,1785,1,1,0,0,0,0,0.4132946729660034
video10,TriClass-Cloud,1786,1,1,0,0,0,0,0.6550111174583435
video10,TriClass-Cloud,1787,2,2,0,0,1,0,0.41306111216545105
video10,TriClass-Cloud,1788,1,1,0,0,0,0,0.5021123886108398
video10,TriClass-Cloud,1789,1,1,0,0,0,0,0.4651279151439667
video10,TriClass-Cloud,1790,1,1,0,0,0,0,0.6458324790000916
video10,TriClass-Cloud,1791,1,1,0,0,0,0,0.6006889343261719
video10,TriClass-Cloud,1792,2,2,0,0,1,0,0.37854140996932983
video10,TriClass-Cloud,1793,1,1,0,0,0,0,0.6393750905990601
video10,TriClass-Cloud,1794,1,1,0,0,0,0,0.619530200958252
video10,TriClass-Cloud,1795,1,1,0,0,0,0,0.6186314821243286
video10,TriClass-Cloud,1796,1,1,0,0,0,0,0.7303580641746521
video10,TriClass-Cloud,1797,1,1,0,0,0,0,0.37775471806526184
video10,TriClass-Cloud,1798,1,1,0,0,0,0,0.5242048501968384
video10,TriClass-Cloud,1799,1,1,0,0,0,0,0.4117621183395386
video10,TriClass-Cloud,1800,1,1,0,0,0,0,0.5024409294128418
video10,TriClass-Cloud,1801,1,1,0,0,0,0,0.5757100582122803
video10,TriClass-Cloud,1802,1,1,0,0,1,0,0.34082460403442383
video10,TriClass-Cloud,1803,0,0,0,0,0,0,0.0
video10,TriClass-Cloud,1804,0,0,0,0,0,0,0.0
video10,TriClass-Cloud,1805,0,0,0,0,0,0,0.0
video10,TriClass-Cloud,1806,0,0,0,0,0,0,0.0
video10,TriClass-Cloud,1807,0,0,0,0,0,0,0.0
video10,TriClass-Cloud,1808,0,0,0,0,0,0,0.0
video10,TriClass-Cloud,1809,0,0,0,0,0,0,0.0
video10,TriClass-Cloud,1810,0,0,0,0,0,0,0.0
video10,TriClass-Cloud,1811,0,0,0,0,0,0,0.0
video10,TriClass-Cloud,1812,0,0,0,0,0,0,0.0
video10,TriClass-Cloud,1813,0,0,0,0,0,0,0.0
video10,TriClass-Cloud,1814,1,1,0,0,1,0,0.3275550603866577
video10,TriClass-Cloud,1815,0,0,0,0,0,0,0.0
video10,TriClass-Cloud,1816,1,1,0,0,1,0,0.2646499276161194
video10,TriClass-Cloud,1817,1,1,0,0,0,0,0.7399362325668335
video10,TriClass-Cloud,1818,1,1,0,0,0,0,0.7133157849311829
video10,TriClass-Cloud,1819,1,1,0,0,0,0,0.5847117304801941
video10,TriClass-Cloud,1820,1,1,0,0,0,0,0.5935570597648621
video10,TriClass-Cloud,1821,1,1,0,0,0,0,0.5264702439308167
video10,TriClass-Cloud,1822,1,1,0,0,1,0,0.2599227726459503
video10,TriClass-Cloud,1823,1,1,0,0,1,0,0.33933025598526
video10,TriClass-Cloud,1824,0,0,0,0,0,0,0.0
video10,TriClass-Cloud,1825,0,0,0,0,0,0,0.0
video10,TriClass-Cloud,1826,1,1,0,0,1,0,0.2739468812942505
video10,TriClass-Cloud,1827,1,1,0,0,1,0,0.30588388442993164
video10,TriClass-Cloud,1828,0,0,0,0,0,0,0.0
video10,TriClass-Cloud,1829,1,1,0,0,1,0,0.2708488404750824
video10,TriClass-Cloud,1830,1,1,0,0,0,0,0.39881473779678345
video10,TriClass-Cloud,1831,1,1,0,0,0,0,0.4045625627040863
video10,TriClass-Cloud,1832,1,1,0,0,1,0,0.3166097104549408
video10,TriClass-Cloud,1833,1,1,0,0,0,0,0.3898041844367981
video10,TriClass-Cloud,1834,1,1,0,0,0,0,0.4935201108455658
video10,TriClass-Cloud,1835,1,1,0,0,0,0,0.5954776406288147
video10,TriClass-Cloud,1836,1,1,0,0,0,0,0.5527410507202148
video10,TriClass-Cloud,1837,1,1,0,0,0,0,0.5507011413574219
video10,TriClass-Cloud,1838,1,1,0,0,1,0,0.3464391231536865
video10,TriClass-Cloud,1839,1,1,0,0,0,0,0.7067079544067383
video10,TriClass-Cloud,1840,1,1,0,0,0,0,0.6377291083335876
video10,TriClass-Cloud,1841,1,1,0,0,0,0,0.4439148008823395
video10,TriClass-Cloud,1842,1,1,0,0,0,0,0.7256376147270203
video10,TriClass-Cloud,1843,1,1,0,0,0,0,0.7246754765510559
video10,TriClass-Cloud,1844,1,1,0,0,0,0,0.7207897305488586
video10,TriClass-Cloud,1845,1,1,0,0,0,0,0.6364027261734009
video10,TriClass-Cloud,1846,1,1,0,0,0,0,0.5416340231895447
video10,TriClass-Cloud,1847,1,1,0,0,0,0,0.7144836783409119
video10,TriClass-Cloud,1848,1,1,0,0,0,0,0.6218670010566711
video10,TriClass-Cloud,1849,0,0,0,0,0,0,0.0
video10,TriClass-Cloud,1850,1,1,0,0,0,0,0.6469419598579407
video10,TriClass-Cloud,1851,1,1,0,0,0,0,0.792190432548523
video10,TriClass-Cloud,1852,1,1,0,0,0,0,0.7848644852638245
video10,TriClass-Cloud,1853,1,1,0,0,0,0,0.7233121395111084
video10,TriClass-Cloud,1854,1,1,0,0,0,0,0.7724250555038452
video10,TriClass-Cloud,1855,1,1,0,0,0,0,0.8081825375556946
video10,TriClass-Cloud,1856,1,1,0,0,0,0,0.7759559750556946
video10,TriClass-Cloud,1857,1,1,0,0,0,0,0.7945456504821777
video10,TriClass-Cloud,1858,1,1,0,0,0,0,0.7328321933746338
video10,TriClass-Cloud,1859,1,1,0,0,0,0,0.7460060119628906
video10,TriClass-Cloud,1860,1,1,0,0,0,0,0.7723137736320496
video10,TriClass-Cloud,1861,1,1,0,0,0,0,0.7370729446411133
video10,TriClass-Cloud,1862,1,1,0,0,0,0,0.7623283863067627
video10,TriClass-Cloud,1863,1,1,0,0,0,0,0.72601717710495
video10,TriClass-Cloud,1864,1,1,0,0,0,0,0.7109736800193787
video10,TriClass-Cloud,1865,1,1,0,0,0,0,0.745581328868866
video10,TriClass-Cloud,1866,1,1,0,0,0,0,0.7010683417320251
video10,TriClass-Cloud,1867,1,1,0,0,0,0,0.7075734734535217
video10,TriClass-Cloud,1868,1,1,0,0,0,0,0.8039647340774536
video10,TriClass-Cloud,1869,1,1,0,0,0,0,0.7756698727607727
video10,TriClass-Cloud,1870,1,1,0,0,0,0,0.6769140362739563
video10,TriClass-Cloud,1871,1,1,0,0,0,0,0.47450679540634155
video10,TriClass-Cloud,1872,1,1,0,0,0,0,0.3580213487148285
video10,TriClass-Cloud,1873,1,1,0,0,1,0,0.30773109197616577
video10,TriClass-Cloud,1874,1,1,0,0,0,0,0.4415551722049713
video10,TriClass-Cloud,1875,1,1,0,0,0,0,0.5305768847465515
video10,TriClass-Cloud,1876,1,1,0,0,0,0,0.45587417483329773
video10,TriClass-Cloud,1877,0,0,0,0,0,0,0.0
video10,TriClass-Cloud,1878,1,1,0,0,0,0,0.3747386336326599
video10,TriClass-Cloud,1879,1,1,0,0,0,0,0.45923393964767456
video10,TriClass-Cloud,1880,1,1,0,0,0,0,0.5162994265556335
video10,TriClass-Cloud,1881,1,1,0,0,0,0,0.37476736307144165
video10,TriClass-Cloud,1882,1,1,0,0,1,0,0.3036716878414154
video10,TriClass-Cloud,1883,0,0,0,0,0,0,0.0
video10,TriClass-Cloud,1884,1,1,0,0,1,0,0.3430289328098297
video10,TriClass-Cloud,1885,1,1,0,0,1,0,0.2812378406524658
video10,TriClass-Cloud,1886,0,0,0,0,0,0,0.0
video10,TriClass-Cloud,1887,0,0,0,0,0,0,0.0
video10,TriClass-Cloud,1888,0,0,0,0,0,0,0.0
video10,TriClass-Cloud,1889,0,0,0,0,0,0,0.0
video10,TriClass-Cloud,1890,0,0,0,0,0,0,0.0
video10,TriClass-Cloud,1891,0,0,0,0,0,0,0.0
video10,TriClass-Cloud,1892,0,0,0,0,0,0,0.0
video10,TriClass-Cloud,1893,0,0,0,0,0,0,0.0
video10,TriClass-Cloud,1894,0,0,0,0,0,0,0.0
video10,TriClass-Cloud,1895,0,0,0,0,0,0,0.0
video10,TriClass-Cloud,1896,0,0,0,0,0,0,0.0
video10,TriClass-Cloud,1897,0,0,0,0,0,0,0.0
video10,TriClass-Cloud,1898,0,0,0,0,0,0,0.0
video10,TriClass-Cloud,1899,0,0,0,0,0,0,0.0
video10,TriClass-Cloud,1900,0,0,0,0,0,0,0.0
video10,TriClass-Cloud,1901,0,0,0,0,0,0,0.0
video10,TriClass-Cloud,1902,0,0,0,0,0,0,0.0
video10,TriClass-Cloud,1903,0,0,0,0,0,0,0.0
video10,TriClass-Cloud,1904,0,0,0,0,0,0,0.0
video10,TriClass-Cloud,1905,0,0,0,0,0,0,0.0
video10,TriClass-Cloud,1906,0,0,0,0,0,0,0.0
video10,TriClass-Cloud,1907,0,0,0,0,0,0,0.0
video10,TriClass-Cloud,1908,0,0,0,0,0,0,0.0
video10,TriClass-Cloud,1909,0,0,0,0,0,0,0.0
video10,TriClass-Cloud,1910,0,0,0,0,0,0,0.0
video10,TriClass-Cloud,1911,0,0,0,0,0,0,0.0
video10,TriClass-Cloud,1912,0,0,0,0,0,0,0.0
video10,TriClass-Cloud,1913,1,1,0,0,0,0,0.39961105585098267
video10,TriClass-Cloud,1914,1,1,0,0,0,0,0.37545910477638245
video10,TriClass-Cloud,1915,1,1,0,0,0,0,0.5712002515792847
video10,TriClass-Cloud,1916,1,1,0,0,0,0,0.360590398311615
video10,TriClass-Cloud,1917,1,1,0,0,1,0,0.2553824484348297
video10,TriClass-Cloud,1918,1,1,0,0,0,0,0.5334084033966064
video10,TriClass-Cloud,1919,0,0,0,0,0,0,0.0
video10,TriClass-Cloud,1920,0,0,0,0,0,0,0.0
video10,TriClass-Cloud,1921,0,0,0,0,0,0,0.0
video10,TriClass-Cloud,1922,0,0,0,0,0,0,0.0
video10,TriClass-Cloud,1923,0,0,0,0,0,0,0.0
video10,TriClass-Cloud,1924,0,0,0,0,0,0,0.0
video10,TriClass-Cloud,1925,0,0,0,0,0,0,0.0
video10,TriClass-Cloud,1926,1,1,0,0,0,0,0.4500217139720917
video10,TriClass-Cloud,1927,1,1,0,0,0,0,0.5508374571800232
video10,TriClass-Cloud,1928,1,1,0,0,0,0,0.46759018301963806
video10,TriClass-Cloud,1929,1,1,0,0,0,0,0.5418139696121216
video10,TriClass-Cloud,1930,1,1,0,0,0,0,0.44515755772590637
video10,TriClass-Cloud,1931,1,1,0,0,0,0,0.5516437888145447
video10,TriClass-Cloud,1932,1,1,0,0,0,0,0.7474572658538818
video10,TriClass-Cloud,1933,1,1,0,0,0,0,0.739088237285614
video10,TriClass-Cloud,1934,1,1,0,0,0,0,0.7274175882339478
video10,TriClass-Cloud,1935,1,1,0,0,0,0,0.7705983519554138
video10,TriClass-Cloud,1936,1,1,0,0,0,0,0.6241874694824219
video10,TriClass-Cloud,1937,1,1,0,0,0,0,0.4423810541629791
video10,TriClass-Cloud,1938,1,1,0,0,0,0,0.37335649132728577
video10,TriClass-Cloud,1939,1,1,0,0,0,0,0.5112781524658203
video10,TriClass-Cloud,1940,1,1,0,0,0,0,0.713935136795044
video10,TriClass-Cloud,1941,0,0,0,0,0,0,0.0
video10,TriClass-Cloud,1942,2,2,0,0,1,0,0.4052778482437134
video10,TriClass-Cloud,1943,1,1,0,0,0,0,0.49384796619415283
video10,TriClass-Cloud,1944,1,1,0,0,0,0,0.4108864665031433
video10,TriClass-Cloud,1945,1,1,0,0,0,0,0.5674790143966675
video10,TriClass-Cloud,1946,1,1,0,0,0,0,0.6576579809188843
video10,TriClass-Cloud,1947,1,1,0,0,0,0,0.7025812268257141
video10,TriClass-Cloud,1948,1,1,0,0,0,0,0.7649897336959839
video10,TriClass-Cloud,1949,1,1,0,0,0,0,0.723178505897522
video10,TriClass-Cloud,1950,1,1,0,0,0,0,0.7181922793388367
video10,TriClass-Cloud,1951,1,1,0,0,0,0,0.7723113298416138
video10,TriClass-Cloud,1952,1,1,0,0,0,0,0.7664421796798706
video10,TriClass-Cloud,1953,1,1,0,0,0,0,0.7802664041519165
video10,TriClass-Cloud,1954,1,1,0,0,0,0,0.7122747302055359
video10,TriClass-Cloud,1955,1,1,0,0,0,0,0.6007122993469238
video10,TriClass-Cloud,1956,1,1,0,0,0,0,0.5814412236213684
video10,TriClass-Cloud,1957,1,1,0,0,0,0,0.7250016927719116
video10,TriClass-Cloud,1958,1,1,0,0,0,0,0.7283133864402771
video10,TriClass-Cloud,1959,1,1,0,0,0,0,0.7349393963813782
video10,TriClass-Cloud,1960,1,1,0,0,0,0,0.7111873030662537
video10,TriClass-Cloud,1961,1,1,0,0,0,0,0.8318051099777222
video10,TriClass-Cloud,1962,1,1,0,0,0,0,0.7839099764823914
video10,TriClass-Cloud,1963,1,1,0,0,0,0,0.7900115251541138
video10,TriClass-Cloud,1964,1,1,0,0,0,0,0.7909665107727051
video10,TriClass-Cloud,1965,1,1,0,0,0,0,0.7783997058868408
video10,TriClass-Cloud,1966,1,1,0,0,0,0,0.7458845973014832
video10,TriClass-Cloud,1967,1,1,0,0,0,0,0.785955548286438
video10,TriClass-Cloud,1968,1,1,0,0,0,0,0.8321595788002014
video10,TriClass-Cloud,1969,1,1,0,0,0,0,0.8330860137939453
video10,TriClass-Cloud,1970,1,1,0,0,0,0,0.7277071475982666
video10,TriClass-Cloud,1971,1,1,0,0,0,0,0.7285669445991516
video10,TriClass-Cloud,1972,1,1,0,0,0,0,0.6694735288619995
video10,TriClass-Cloud,1973,1,1,0,0,0,0,0.72726970911026
video10,TriClass-Cloud,1974,1,1,0,0,0,0,0.8259519934654236
video10,TriClass-Cloud,1975,1,1,0,0,0,0,0.8478373885154724
video10,TriClass-Cloud,1976,1,1,0,0,0,0,0.7782568335533142
video10,TriClass-Cloud,1977,1,1,0,0,0,0,0.7052025198936462
video10,TriClass-Cloud,1978,2,2,0,0,1,0,0.38256123661994934
video10,TriClass-Cloud,1979,1,1,0,0,0,0,0.5250896215438843
video10,TriClass-Cloud,1980,1,1,0,0,0,0,0.6689829230308533
video10,TriClass-Cloud,1981,1,1,0,0,0,0,0.7863637208938599
video10,TriClass-Cloud,1982,1,1,0,0,0,0,0.762574315071106
video10,TriClass-Cloud,1983,1,1,0,0,0,0,0.3761097490787506
video10,TriClass-Cloud,1984,1,1,0,0,0,0,0.37557920813560486
video10,TriClass-Cloud,1985,1,1,0,0,0,0,0.5597610473632812
video10,TriClass-Cloud,1986,1,1,0,0,1,0,0.26761913299560547
video10,TriClass-Cloud,1987,1,1,0,0,0,0,0.4601912796497345
video10,TriClass-Cloud,1988,1,1,0,0,0,0,0.8307915925979614
video10,TriClass-Cloud,1989,1,1,0,0,0,0,0.6556911468505859
video10,TriClass-Cloud,1990,1,1,0,0,0,0,0.6868260502815247
video10,TriClass-Cloud,1991,1,1,0,0,0,0,0.7528390288352966
video10,TriClass-Cloud,1992,1,1,0,0,0,0,0.6970664858818054
video10,TriClass-Cloud,1993,1,1,0,0,0,0,0.686184823513031
video10,TriClass-Cloud,1994,1,1,0,0,0,0,0.76175457239151
video10,TriClass-Cloud,1995,1,1,0,0,0,0,0.8148807883262634
video10,TriClass-Cloud,1996,1,1,0,0,0,0,0.8217846751213074
video10,TriClass-Cloud,1997,1,1,0,0,0,0,0.7793057560920715
video10,TriClass-Cloud,1998,1,1,0,0,0,0,0.7186958193778992
video10,TriClass-Cloud,1999,1,1,0,0,0,0,0.8152721524238586
video10,TriClass-Cloud,2000,1,1,0,0,0,0,0.8101411461830139
video10,TriClass-Cloud,2001,1,1,0,0,0,0,0.7967681884765625
video10,TriClass-Cloud,2002,1,1,0,0,0,0,0.7690520882606506
video10,TriClass-Cloud,2003,1,1,0,0,0,0,0.7311961650848389
video10,TriClass-Cloud,2004,1,1,0,0,0,0,0.7561011910438538
video10,TriClass-Cloud,2005,1,1,0,0,0,0,0.7986549139022827
video10,TriClass-Cloud,2006,1,1,0,0,0,0,0.7986603379249573
video10,TriClass-Cloud,2007,1,1,0,0,0,0,0.787416398525238
video10,TriClass-Cloud,2008,1,1,0,0,0,0,0.7863694429397583
video10,TriClass-Cloud,2009,1,1,0,0,0,0,0.7543166875839233
video10,TriClass-Cloud,2010,1,1,0,0,0,0,0.7142747044563293
video10,TriClass-Cloud,2011,1,1,0,0,0,0,0.7574700117111206
video10,TriClass-Cloud,2012,1,1,0,0,0,0,0.7748684883117676
video10,TriClass-Cloud,2013,1,1,0,0,0,0,0.7937889695167542
video10,TriClass-Cloud,2014,1,1,0,0,0,0,0.7728753089904785
video10,TriClass-Cloud,2015,1,1,0,0,0,0,0.7563906311988831
video10,TriClass-Cloud,2016,1,1,0,0,0,0,0.7461833953857422
video10,TriClass-Cloud,2017,1,1,0,0,0,0,0.7513728141784668
video10,TriClass-Cloud,2018,1,1,0,0,0,0,0.7208989262580872
video10,TriClass-Cloud,2019,1,1,0,0,0,0,0.7364681363105774
video10,TriClass-Cloud,2020,1,1,0,0,0,0,0.79959636926651
video10,TriClass-Cloud,2021,1,1,0,0,0,0,0.8012405633926392
video10,TriClass-Cloud,2022,1,1,0,0,0,0,0.7592836022377014
video10,TriClass-Cloud,2023,1,1,0,0,0,0,0.7691252827644348
video10,TriClass-Cloud,2024,1,1,0,0,0,0,0.7921907305717468
video10,TriClass-Cloud,2025,1,1,0,0,0,0,0.7972462177276611
video10,TriClass-Cloud,2026,1,1,0,0,0,0,0.8175956010818481
video10,TriClass-Cloud,2027,1,1,0,0,0,0,0.7292445302009583
video10,TriClass-Cloud,2028,1,1,0,0,0,0,0.7840914726257324
video10,TriClass-Cloud,2029,1,1,0,0,0,0,0.8081964254379272
video10,TriClass-Cloud,2030,1,1,0,0,0,0,0.8071465492248535
video10,TriClass-Cloud,2031,1,1,0,0,0,0,0.7879388332366943
video10,TriClass-Cloud,2032,1,1,0,0,0,0,0.8263193368911743
video10,TriClass-Cloud,2033,1,1,0,0,0,0,0.7490344643592834
video10,TriClass-Cloud,2034,1,1,0,0,0,0,0.788072943687439
video10,TriClass-Cloud,2035,1,1,0,0,0,0,0.7749162316322327
video10,TriClass-Cloud,2036,1,1,0,0,0,0,0.7981099486351013
video10,TriClass-Cloud,2037,1,1,0,0,0,0,0.7470499873161316
video10,TriClass-Cloud,2038,1,1,0,0,0,0,0.769271194934845
video10,TriClass-Cloud,2039,1,1,0,0,0,0,0.7446944117546082
video10,TriClass-Cloud,2040,1,1,0,0,0,0,0.6323550939559937
video10,TriClass-Cloud,2041,1,1,0,0,0,0,0.7904068231582642
video10,TriClass-Cloud,2042,1,1,0,0,0,0,0.6626229882240295
video10,TriClass-Cloud,2043,1,1,0,0,0,0,0.5677346587181091
video10,TriClass-Cloud,2044,1,1,0,0,0,0,0.6393334865570068
video10,TriClass-Cloud,2045,1,1,0,0,0,0,0.5839229822158813
video10,TriClass-Cloud,2046,1,1,0,0,0,0,0.5759770274162292
video10,TriClass-Cloud,2047,1,1,0,0,0,0,0.42765581607818604
video10,TriClass-Cloud,2048,1,1,0,0,0,0,0.5503907203674316
video10,TriClass-Cloud,2049,1,1,0,0,0,0,0.5451483130455017
video10,TriClass-Cloud,2050,1,1,0,0,0,0,0.6433231830596924
video10,TriClass-Cloud,2051,1,1,0,0,0,0,0.7642551064491272
video10,TriClass-Cloud,2052,1,1,0,0,0,0,0.7748484015464783
video10,TriClass-Cloud,2053,1,1,0,0,0,0,0.6464905142784119
video10,TriClass-Cloud,2054,1,1,0,0,0,0,0.49680787324905396
video10,TriClass-Cloud,2055,1,1,0,0,0,0,0.49127644300460815
video10,TriClass-Cloud,2056,1,1,0,0,0,0,0.5401532053947449
video10,TriClass-Cloud,2057,1,1,0,0,0,0,0.7231512665748596
video10,TriClass-Cloud,2058,1,1,0,0,0,0,0.6714575290679932
video10,TriClass-Cloud,2059,1,1,0,0,0,0,0.7659586668014526
video10,TriClass-Cloud,2060,1,1,0,0,0,0,0.7431957125663757
video10,TriClass-Cloud,2061,1,1,0,0,0,0,0.7996436357498169
video10,TriClass-Cloud,2062,1,1,0,0,0,0,0.7750489115715027
video10,TriClass-Cloud,2063,1,1,0,0,0,0,0.7015392184257507
video10,TriClass-Cloud,2064,1,1,0,0,0,0,0.7449889183044434
video10,TriClass-Cloud,2065,1,1,0,0,0,0,0.7307546734809875
video10,TriClass-Cloud,2066,1,1,0,0,0,0,0.7046291828155518
video10,TriClass-Cloud,2067,1,1,0,0,0,0,0.728604257106781
video10,TriClass-Cloud,2068,1,1,0,0,0,0,0.6652869582176208
video10,TriClass-Cloud,2069,1,1,0,0,0,0,0.7432087659835815
video10,TriClass-Cloud,2070,1,1,0,0,1,0,0.3095441460609436
video10,TriClass-Cloud,2071,1,1,0,0,1,0,0.25059905648231506
video10,TriClass-Cloud,2072,0,0,0,0,0,0,0.0
video10,TriClass-Cloud,2073,1,1,0,0,0,0,0.5093213319778442
video10,TriClass-Cloud,2074,1,1,0,0,0,0,0.7223330736160278
video10,TriClass-Cloud,2075,1,1,0,0,0,0,0.6935037970542908
video10,TriClass-Cloud,2076,1,1,0,0,0,0,0.7815486192703247
video10,TriClass-Cloud,2077,1,1,0,0,0,0,0.8048631548881531
video10,TriClass-Cloud,2078,1,1,0,0,0,0,0.677763819694519
video10,TriClass-Cloud,2079,1,1,0,0,0,0,0.37156596779823303
video10,TriClass-Cloud,2080,1,1,0,0,0,0,0.4688113331794739
video10,TriClass-Cloud,2081,1,1,0,0,0,0,0.42990705370903015
video10,TriClass-Cloud,2082,1,1,0,0,0,0,0.6172460913658142
video10,TriClass-Cloud,2083,1,1,0,0,0,0,0.6752382516860962
video10,TriClass-Cloud,2084,1,1,0,0,0,0,0.651057243347168
video10,TriClass-Cloud,2085,1,1,0,0,0,0,0.5339129567146301
video10,TriClass-Cloud,2086,1,1,0,0,0,0,0.5093308687210083
video10,TriClass-Cloud,2087,1,1,0,0,0,0,0.563538670539856
video10,TriClass-Cloud,2088,1,1,0,0,1,0,0.250578373670578
video10,TriClass-Cloud,2089,1,1,0,0,0,0,0.6166937947273254
video10,TriClass-Cloud,2090,0,0,0,0,0,0,0.0
video10,TriClass-Cloud,2091,1,1,0,0,0,0,0.4393756687641144
video10,TriClass-Cloud,2092,0,0,0,0,0,0,0.0
video10,TriClass-Cloud,2093,1,1,0,0,0,0,0.7148168683052063
video10,TriClass-Cloud,2094,1,1,0,0,0,0,0.5985807776451111
video10,TriClass-Cloud,2095,1,1,0,0,0,0,0.749767005443573
video10,TriClass-Cloud,2096,1,1,0,0,0,0,0.6217894554138184
video10,TriClass-Cloud,2097,1,1,0,0,0,0,0.6171210408210754
video10,TriClass-Cloud,2098,1,1,0,0,0,0,0.592090904712677
video10,TriClass-Cloud,2099,1,1,0,0,0,0,0.6392585039138794
video10,TriClass-Cloud,2100,2,2,0,0,2,0,0.33661913871765137
video10,TriClass-Cloud,2101,1,1,0,0,0,0,0.45788463950157166
video10,TriClass-Cloud,2102,1,1,0,0,0,0,0.4911365211009979
video10,TriClass-Cloud,2103,1,1,0,0,1,0,0.293514221906662
video10,TriClass-Cloud,2104,1,1,0,0,0,0,0.4810921847820282
video10,TriClass-Cloud,2105,1,1,0,0,0,0,0.5237064957618713
video10,TriClass-Cloud,2106,0,0,0,0,0,0,0.0
video10,TriClass-Cloud,2107,1,1,0,0,0,0,0.544295072555542
video10,TriClass-Cloud,2108,1,1,0,0,0,0,0.38427743315696716
video10,TriClass-Cloud,2109,1,1,0,0,0,0,0.35866624116897583
video10,TriClass-Cloud,2110,1,1,0,0,1,0,0.3087696433067322
video10,TriClass-Cloud,2111,1,1,0,0,1,0,0.29325878620147705
video10,TriClass-Cloud,2112,1,1,0,0,0,0,0.3974262475967407
video10,TriClass-Cloud,2113,2,2,0,0,2,0,0.31837090849876404
video10,TriClass-Cloud,2114,1,1,0,0,0,0,0.49796247482299805
video10,TriClass-Cloud,2115,0,0,0,0,0,0,0.0
video10,TriClass-Cloud,2116,1,1,0,0,0,0,0.36724644899368286
video10,TriClass-Cloud,2117,1,1,0,0,1,0,0.31293362379074097
video10,TriClass-Cloud,2118,1,1,0,0,0,0,0.44783616065979004
video10,TriClass-Cloud,2119,1,1,0,0,1,0,0.26253432035446167
video10,TriClass-Cloud,2120,1,1,0,0,0,0,0.46484604477882385
video10,TriClass-Cloud,2121,1,1,0,0,1,0,0.3024405837059021
video10,TriClass-Cloud,2122,2,2,0,0,2,0,0.26226839423179626
video10,TriClass-Cloud,2123,1,1,0,0,1,0,0.33680975437164307
video10,TriClass-Cloud,2124,1,1,0,0,0,0,0.36431077122688293
video10,TriClass-Cloud,2125,1,1,0,0,0,0,0.5512682199478149
video10,TriClass-Cloud,2126,1,1,0,0,0,0,0.57956862449646
video10,TriClass-Cloud,2127,1,1,0,0,1,0,0.34892207384109497
video10,TriClass-Cloud,2128,1,1,0,0,1,0,0.2606770992279053
video10,TriClass-Cloud,2129,0,0,0,0,0,0,0.0
video10,TriClass-Cloud,2130,0,0,0,0,0,0,0.0
video10,TriClass-Cloud,2131,0,0,0,0,0,0,0.0
video10,TriClass-Cloud,2132,1,1,0,0,1,0,0.3213786780834198
video10,TriClass-Cloud,2133,1,1,0,0,1,0,0.29834261536598206
video10,TriClass-Cloud,2134,0,0,0,0,0,0,0.0
video10,TriClass-Cloud,2135,1,1,0,0,1,0,0.3054921329021454
video10,TriClass-Cloud,2136,0,0,0,0,0,0,0.0
video10,TriClass-Cloud,2137,0,0,0,0,0,0,0.0
video10,TriClass-Cloud,2138,0,0,0,0,0,0,0.0
video10,TriClass-Cloud,2139,0,0,0,0,0,0,0.0
video10,TriClass-Cloud,2140,1,1,0,0,0,0,0.41867661476135254
video10,TriClass-Cloud,2141,1,1,0,0,0,0,0.4065643548965454
video10,TriClass-Cloud,2142,1,1,0,0,1,0,0.3403303623199463
video10,TriClass-Cloud,2143,2,2,0,0,1,0,0.4118672013282776
video10,TriClass-Cloud,2144,2,2,0,0,1,0,0.3525830805301666
video10,TriClass-Cloud,2145,1,1,0,0,0,0,0.5074085593223572
video10,TriClass-Cloud,2146,0,0,0,0,0,0,0.0
video10,TriClass-Cloud,2147,1,1,0,0,1,0,0.32259538769721985
video10,TriClass-Cloud,2148,1,1,0,0,0,0,0.517888069152832
video10,TriClass-Cloud,2149,1,1,0,0,0,0,0.5403625965118408
video10,TriClass-Cloud,2150,1,1,0,0,1,0,0.25964272022247314
video10,TriClass-Cloud,2151,2,2,0,0,2,0,0.29596930742263794
video10,TriClass-Cloud,2152,1,1,0,0,0,0,0.3796914517879486
video10,TriClass-Cloud,2153,0,0,0,0,0,0,0.0
video10,TriClass-Cloud,2154,0,0,0,0,0,0,0.0
video10,TriClass-Cloud,2155,0,0,0,0,0,0,0.0
video10,TriClass-Cloud,2156,1,1,0,0,0,0,0.4341529607772827
video10,TriClass-Cloud,2157,1,1,0,0,0,0,0.43712979555130005
video10,TriClass-Cloud,2158,1,1,0,0,0,0,0.5526156425476074
video10,TriClass-Cloud,2159,1,1,0,0,0,0,0.4865906238555908
video10,TriClass-Cloud,2160,2,2,0,0,1,0,0.3770741820335388
video10,TriClass-Cloud,2161,1,1,0,0,0,0,0.46785643696784973
video10,TriClass-Cloud,2162,1,1,0,0,0,0,0.42534905672073364
video10,TriClass-Cloud,2163,1,1,0,0,0,0,0.6089977025985718
video10,TriClass-Cloud,2164,1,1,0,0,0,0,0.6792249083518982
video10,TriClass-Cloud,2165,1,1,0,0,0,0,0.38507968187332153
video10,TriClass-Cloud,2166,0,0,0,0,0,0,0.0
video10,TriClass-Cloud,2167,0,0,0,0,0,0,0.0
video10,TriClass-Cloud,2168,1,1,0,0,0,0,0.35184285044670105
video10,TriClass-Cloud,2169,1,1,0,0,0,0,0.47113269567489624
video10,TriClass-Cloud,2170,0,0,0,0,0,0,0.0
video10,TriClass-Cloud,2171,1,1,0,0,1,0,0.30246248841285706
video10,TriClass-Cloud,2172,0,0,0,0,0,0,0.0
video10,TriClass-Cloud,2173,0,0,0,0,0,0,0.0
video10,TriClass-Cloud,2174,0,0,0,0,0,0,0.0
video10,TriClass-Cloud,2175,1,1,0,0,1,0,0.3215186595916748
video10,TriClass-Cloud,2176,1,1,0,0,0,0,0.4279204308986664
video10,TriClass-Cloud,2177,2,2,0,0,1,0,0.37567177414894104
video10,TriClass-Cloud,2178,1,1,0,0,1,0,0.28761789202690125
video10,TriClass-Cloud,2179,2,2,0,0,2,0,0.3095293641090393
video10,TriClass-Cloud,2180,0,0,0,0,0,0,0.0
video10,TriClass-Cloud,2181,1,1,0,0,1,0,0.3276132345199585
video10,TriClass-Cloud,2182,1,1,0,0,0,0,0.36064207553863525
video10,TriClass-Cloud,2183,1,1,0,0,0,0,0.35992705821990967
video10,TriClass-Cloud,2184,1,1,0,0,1,0,0.30280566215515137
video10,TriClass-Cloud,2185,1,1,0,0,1,0,0.34763073921203613
video10,TriClass-Cloud,2186,1,1,0,0,0,0,0.3508044183254242
video10,TriClass-Cloud,2187,1,1,0,0,0,0,0.41268134117126465
video10,TriClass-Cloud,2188,1,1,0,0,1,0,0.26581430435180664
video10,TriClass-Cloud,2189,1,1,0,0,1,0,0.28069087862968445
video10,TriClass-Cloud,2190,0,0,0,0,0,0,0.0
video10,TriClass-Cloud,2191,1,1,0,0,0,0,0.38862231373786926
video10,TriClass-Cloud,2192,2,2,0,0,2,0,0.34019315242767334
video10,TriClass-Cloud,2193,1,1,0,0,0,0,0.4713781476020813
video10,TriClass-Cloud,2194,1,1,0,0,0,0,0.508649468421936
video10,TriClass-Cloud,2195,1,1,0,0,0,0,0.46231114864349365
video10,TriClass-Cloud,2196,2,2,0,0,1,0,0.4317411482334137
video10,TriClass-Cloud,2197,1,1,0,0,0,0,0.46907705068588257
video10,TriClass-Cloud,2198,1,1,0,0,0,0,0.5172722935676575
video10,TriClass-Cloud,2199,1,1,0,0,0,0,0.5997580289840698
video10,TriClass-Cloud,2200,2,2,0,0,1,0,0.5088315606117249
video10,TriClass-Cloud,2201,1,1,0,0,0,0,0.521879255771637
video10,TriClass-Cloud,2202,1,1,0,0,0,0,0.47869613766670227
video10,TriClass-Cloud,2203,1,1,0,0,0,0,0.4267456829547882
video10,TriClass-Cloud,2204,1,1,0,0,0,0,0.4983260929584503
video10,TriClass-Cloud,2205,1,1,0,0,0,0,0.35425329208374023
video10,TriClass-Cloud,2206,1,1,0,0,0,0,0.35941100120544434
video10,TriClass-Cloud,2207,1,1,0,0,1,0,0.3417532444000244
video10,TriClass-Cloud,2208,1,1,0,0,1,0,0.3329889476299286
video10,TriClass-Cloud,2209,1,1,0,0,1,0,0.3232138156890869
video10,TriClass-Cloud,2210,2,2,0,0,2,0,0.3246699869632721
video10,TriClass-Cloud,2211,1,1,0,0,0,0,0.3533501625061035
video10,TriClass-Cloud,2212,1,1,0,0,0,0,0.4275914132595062
video10,TriClass-Cloud,2213,1,1,0,0,0,0,0.549422025680542
video10,TriClass-Cloud,2214,1,1,0,0,0,0,0.5392125844955444
video10,TriClass-Cloud,2215,1,1,0,0,0,0,0.4476736783981323
video10,TriClass-Cloud,2216,1,1,0,0,1,0,0.33286842703819275
video10,TriClass-Cloud,2217,1,1,0,0,0,0,0.3874560594558716
video10,TriClass-Cloud,2218,1,1,0,0,0,0,0.3829384446144104
video10,TriClass-Cloud,2219,1,1,0,0,0,0,0.38072264194488525
video10,TriClass-Cloud,2220,1,1,0,0,0,0,0.4360197186470032
video10,TriClass-Cloud,2221,2,2,0,0,2,0,0.2667034864425659
video10,TriClass-Cloud,2222,1,1,0,0,1,0,0.34161296486854553
video10,TriClass-Cloud,2223,1,1,0,0,0,0,0.4069351255893707
video10,TriClass-Cloud,2224,1,1,0,0,0,0,0.4222677946090698
video10,TriClass-Cloud,2225,1,1,0,0,1,0,0.31614696979522705
video10,TriClass-Cloud,2226,1,1,0,0,0,0,0.38145309686660767
video10,TriClass-Cloud,2227,1,1,0,0,0,0,0.49641069769859314
video10,TriClass-Cloud,2228,1,1,0,0,0,0,0.5124552845954895
video10,TriClass-Cloud,2229,1,1,0,0,0,0,0.5692237019538879
video10,TriClass-Cloud,2230,1,1,0,0,0,0,0.702002227306366
video10,TriClass-Cloud,2231,1,1,0,0,0,0,0.653370201587677
video10,TriClass-Cloud,2232,1,1,0,0,0,0,0.7158311605453491
video10,TriClass-Cloud,2233,1,1,0,0,0,0,0.7222745418548584
video10,TriClass-Cloud,2234,1,1,0,0,0,0,0.7575814723968506
video10,TriClass-Cloud,2235,1,1,0,0,0,0,0.7239205837249756
video10,TriClass-Cloud,2236,1,1,0,0,0,0,0.726323664188385
video10,TriClass-Cloud,2237,1,1,0,0,0,0,0.7015511989593506
video10,TriClass-Cloud,2238,1,1,0,0,0,0,0.6630817651748657
video10,TriClass-Cloud,2239,1,1,0,0,0,0,0.669532835483551
video10,TriClass-Cloud,2240,1,1,0,0,0,0,0.7095557451248169
video10,TriClass-Cloud,2241,1,1,0,0,0,0,0.7718532681465149
video10,TriClass-Cloud,2242,1,1,0,0,0,0,0.801771879196167
video10,TriClass-Cloud,2243,1,1,0,0,0,0,0.8069723844528198
video10,TriClass-Cloud,2244,1,1,0,0,0,0,0.7941031455993652
video10,TriClass-Cloud,2245,1,1,0,0,0,0,0.8183438777923584
video10,TriClass-Cloud,2246,1,1,0,0,0,0,0.788311779499054
video10,TriClass-Cloud,2247,1,1,0,0,0,0,0.7351680397987366
video10,TriClass-Cloud,2248,1,1,0,0,0,0,0.637010931968689
video10,TriClass-Cloud,2249,1,1,0,0,0,0,0.48613232374191284
video10,TriClass-Cloud,2250,1,1,0,0,0,0,0.7959803938865662
video10,TriClass-Cloud,2251,1,1,0,0,0,0,0.6119177341461182
video10,TriClass-Cloud,2252,1,1,0,0,0,0,0.48350289463996887
video10,TriClass-Cloud,2253,1,1,0,0,0,0,0.3597111105918884
video10,TriClass-Cloud,2254,1,1,0,0,0,0,0.3819076418876648
video10,TriClass-Cloud,2255,1,1,0,0,0,0,0.7032323479652405
video10,TriClass-Cloud,2256,1,1,0,0,0,0,0.7020328044891357
video10,TriClass-Cloud,2257,1,1,0,0,0,0,0.8130311965942383
video10,TriClass-Cloud,2258,1,1,0,0,0,0,0.680036723613739
video10,TriClass-Cloud,2259,1,1,0,0,0,0,0.5176735520362854
video10,TriClass-Cloud,2260,1,1,0,0,0,0,0.4039897620677948
video10,TriClass-Cloud,2261,1,1,0,0,0,0,0.40949541330337524
video10,TriClass-Cloud,2262,1,1,0,0,0,0,0.6634888648986816
video10,TriClass-Cloud,2263,1,1,0,0,0,0,0.7430799007415771
video10,TriClass-Cloud,2264,1,1,0,0,0,0,0.7140498757362366
video10,TriClass-Cloud,2265,1,1,0,0,0,0,0.4649693965911865
video10,TriClass-Cloud,2266,1,1,0,0,0,0,0.5444525480270386
video10,TriClass-Cloud,2267,1,1,0,0,0,0,0.4652858078479767
video10,TriClass-Cloud,2268,0,0,0,0,0,0,0.0
video10,TriClass-Cloud,2269,1,1,0,0,0,0,0.6160510182380676
video10,TriClass-Cloud,2270,1,1,0,0,0,0,0.7083649039268494
video10,TriClass-Cloud,2271,1,1,0,0,0,0,0.6511726975440979
video10,TriClass-Cloud,2272,2,2,0,0,1,0,0.5038184523582458
video10,TriClass-Cloud,2273,1,1,0,0,0,0,0.41321754455566406
video10,TriClass-Cloud,2274,1,1,0,0,0,0,0.4003784954547882
video10,TriClass-Cloud,2275,1,1,0,0,0,0,0.40138646960258484
video10,TriClass-Cloud,2276,1,1,0,0,1,0,0.3156720995903015
video10,TriClass-Cloud,2277,1,1,0,0,1,0,0.3153356611728668
video10,TriClass-Cloud,2278,0,0,0,0,0,0,0.0
video10,TriClass-Cloud,2279,1,1,0,0,0,0,0.5093792080879211
video10,TriClass-Cloud,2280,1,1,0,0,0,0,0.3616744875907898
video10,TriClass-Cloud,2281,0,0,0,0,0,0,0.0
video10,TriClass-Cloud,2282,1,1,0,0,1,0,0.2715551257133484
video10,TriClass-Cloud,2283,1,1,0,0,1,0,0.29103320837020874
video10,TriClass-Cloud,2284,1,1,0,0,0,0,0.3767857253551483
video10,TriClass-Cloud,2285,1,1,0,0,0,0,0.5375788807868958
video10,TriClass-Cloud,2286,1,1,0,0,0,0,0.6876746416091919
video10,TriClass-Cloud,2287,1,1,0,0,0,0,0.68636554479599
video10,TriClass-Cloud,2288,1,1,0,0,0,0,0.5314280390739441
video10,TriClass-Cloud,2289,1,1,0,0,0,0,0.7835462689399719
video10,TriClass-Cloud,2290,1,1,0,0,0,0,0.7988085150718689
video10,TriClass-Cloud,2291,1,1,0,0,0,0,0.7195953726768494
video10,TriClass-Cloud,2292,1,1,0,0,0,0,0.8110244274139404
video10,TriClass-Cloud,2293,1,1,0,0,0,0,0.7309610843658447
video10,TriClass-Cloud,2294,1,1,0,0,0,0,0.784430205821991
video10,TriClass-Cloud,2295,1,1,0,0,0,0,0.8037974834442139
video10,TriClass-Cloud,2296,1,1,0,0,1,0,0.28630661964416504
video10,TriClass-Cloud,2297,0,0,0,0,0,0,0.0
video10,TriClass-Cloud,2298,1,1,0,0,0,0,0.710030198097229
video10,TriClass-Cloud,2299,1,1,0,0,0,0,0.6303683519363403
video10,TriClass-Cloud,2300,0,0,0,0,0,0,0.0
video10,TriClass-Cloud,2301,1,1,0,0,1,0,0.28221821784973145
video10,TriClass-Cloud,2302,0,0,0,0,0,0,0.0
video10,TriClass-Cloud,2303,0,0,0,0,0,0,0.0
video10,TriClass-Cloud,2304,0,0,0,0,0,0,0.0
video10,TriClass-Cloud,2305,0,0,0,0,0,0,0.0
video10,TriClass-Cloud,2306,0,0,0,0,0,0,0.0
video10,TriClass-Cloud,2307,0,0,0,0,0,0,0.0
video10,TriClass-Cloud,2308,0,0,0,0,0,0,0.0
video10,TriClass-Cloud,2309,0,0,0,0,0,0,0.0
video10,TriClass-Cloud,2310,0,0,0,0,0,0,0.0
video10,TriClass-Cloud,2311,0,0,0,0,0,0,0.0
video10,TriClass-Cloud,2312,0,0,0,0,0,0,0.0
video10,TriClass-Cloud,2313,0,0,0,0,0,0,0.0
video10,TriClass-Cloud,2314,0,0,0,0,0,0,0.0
video10,TriClass-Cloud,2315,0,0,0,0,0,0,0.0
video10,TriClass-Cloud,2316,0,0,0,0,0,0,0.0
video10,TriClass-Cloud,2317,0,0,0,0,0,0,0.0
video10,TriClass-Cloud,2318,0,0,0,0,0,0,0.0
video10,TriClass-Cloud,2319,0,0,0,0,0,0,0.0
video10,TriClass-Cloud,2320,0,0,0,0,0,0,0.0
video10,TriClass-Cloud,2321,0,0,0,0,0,0,0.0
video10,TriClass-Cloud,2322,0,0,0,0,0,0,0.0
video10,TriClass-Cloud,2323,0,0,0,0,0,0,0.0
video10,TriClass-Cloud,2324,0,0,0,0,0,0,0.0
video10,TriClass-Cloud,2325,0,0,0,0,0,0,0.0
video10,TriClass-Cloud,2326,0,0,0,0,0,0,0.0
video10,TriClass-Cloud,2327,0,0,0,0,0,0,0.0
video10,TriClass-Cloud,2328,0,0,0,0,0,0,0.0
video10,TriClass-Cloud,2329,0,0,0,0,0,0,0.0
video10,TriClass-Cloud,2330,0,0,0,0,0,0,0.0
video10,TriClass-Cloud,2331,0,0,0,0,0,0,0.0
video10,TriClass-Cloud,2332,0,0,0,0,0,0,0.0
video10,TriClass-Cloud,2333,0,0,0,0,0,0,0.0
video10,TriClass-Cloud,2334,0,0,0,0,0,0,0.0
video10,TriClass-Cloud,2335,0,0,0,0,0,0,0.0
video10,TriClass-Cloud,2336,0,0,0,0,0,0,0.0
video10,TriClass-Cloud,2337,0,0,0,0,0,0,0.0
video10,TriClass-Cloud,2338,0,0,0,0,0,0,0.0
video10,TriClass-Cloud,2339,0,0,0,0,0,0,0.0
video10,TriClass-Cloud,2340,0,0,0,0,0,0,0.0
video10,TriClass-Cloud,2341,0,0,0,0,0,0,0.0
video10,TriClass-Cloud,2342,0,0,0,0,0,0,0.0
video10,TriClass-Cloud,2343,0,0,0,0,0,0,0.0
video10,TriClass-Cloud,2344,0,0,0,0,0,0,0.0
video10,TriClass-Cloud,2345,0,0,0,0,0,0,0.0
video10,TriClass-Cloud,2346,0,0,0,0,0,0,0.0
video10,TriClass-Cloud,2347,0,0,0,0,0,0,0.0
video10,TriClass-Cloud,2348,0,0,0,0,0,0,0.0
video10,TriClass-Cloud,2349,0,0,0,0,0,0,0.0
video10,TriClass-Cloud,2350,0,0,0,0,0,0,0.0
video10,TriClass-Cloud,2351,0,0,0,0,0,0,0.0
video10,TriClass-Cloud,2352,0,0,0,0,0,0,0.0
video10,TriClass-Cloud,2353,0,0,0,0,0,0,0.0
video10,TriClass-Cloud,2354,0,0,0,0,0,0,0.0
video10,TriClass-Cloud,2355,0,0,0,0,0,0,0.0
video10,TriClass-Cloud,2356,0,0,0,0,0,0,0.0
video10,TriClass-Cloud,2357,0,0,0,0,0,0,0.0
video10,TriClass-Cloud,2358,0,0,0,0,0,0,0.0
video10,TriClass-Cloud,2359,0,0,0,0,0,0,0.0
video10,TriClass-Cloud,2360,0,0,0,0,0,0,0.0
video10,TriClass-Cloud,2361,0,0,0,0,0,0,0.0
video10,TriClass-Cloud,2362,0,0,0,0,0,0,0.0
video10,TriClass-Cloud,2363,0,0,0,0,0,0,0.0
video10,TriClass-Cloud,2364,0,0,0,0,0,0,0.0
video10,TriClass-Cloud,2365,0,0,0,0,0,0,0.0
video10,TriClass-Cloud,2366,0,0,0,0,0,0,0.0
video10,TriClass-Cloud,2367,0,0,0,0,0,0,0.0
video10,TriClass-Cloud,2368,0,0,0,0,0,0,0.0
video10,TriClass-Cloud,2369,0,0,0,0,0,0,0.0
video10,TriClass-Cloud,2370,0,0,0,0,0,0,0.0
video10,TriClass-Cloud,2371,0,0,0,0,0,0,0.0
video10,TriClass-Cloud,2372,0,0,0,0,0,0,0.0
video10,TriClass-Cloud,2373,0,0,0,0,0,0,0.0
video10,TriClass-Cloud,2374,0,0,0,0,0,0,0.0
video10,TriClass-Cloud,2375,0,0,0,0,0,0,0.0
video10,TriClass-Cloud,2376,0,0,0,0,0,0,0.0
video10,TriClass-Cloud,2377,0,0,0,0,0,0,0.0
video10,TriClass-Cloud,2378,0,0,0,0,0,0,0.0
video10,TriClass-Cloud,2379,0,0,0,0,0,0,0.0
video10,TriClass-Cloud,2380,0,0,0,0,0,0,0.0
video10,TriClass-Cloud,2381,0,0,0,0,0,0,0.0
video10,TriClass-Cloud,2382,0,0,0,0,0,0,0.0
video10,TriClass-Cloud,2383,0,0,0,0,0,0,0.0
video10,TriClass-Cloud,2384,0,0,0,0,0,0,0.0
video10,TriClass-Cloud,2385,0,0,0,0,0,0,0.0
video10,TriClass-Cloud,2386,0,0,0,0,0,0,0.0
video10,TriClass-Cloud,2387,0,0,0,0,0,0,0.0
video10,TriClass-Cloud,2388,0,0,0,0,0,0,0.0
video10,TriClass-Cloud,2389,0,0,0,0,0,0,0.0
video10,TriClass-Cloud,2390,0,0,0,0,0,0,0.0
video10,TriClass-Cloud,2391,0,0,0,0,0,0,0.0
video10,TriClass-Cloud,2392,0,0,0,0,0,0,0.0
video10,TriClass-Cloud,2393,0,0,0,0,0,0,0.0
video10,TriClass-Cloud,2394,0,0,0,0,0,0,0.0
video10,TriClass-Cloud,2395,0,0,0,0,0,0,0.0
video10,TriClass-Cloud,2396,0,0,0,0,0,0,0.0
video10,TriClass-Cloud,2397,0,0,0,0,0,0,0.0
video10,TriClass-Cloud,2398,0,0,0,0,0,0,0.0
video10,TriClass-Cloud,2399,0,0,0,0,0,0,0.0
video10,TriClass-Cloud,2400,0,0,0,0,0,0,0.0
video10,TriClass-Cloud,2401,0,0,0,0,0,0,0.0
video10,TriClass-Cloud,2402,0,0,0,0,0,0,0.0
video10,TriClass-Cloud,2403,0,0,0,0,0,0,0.0
video10,TriClass-Cloud,2404,0,0,0,0,0,0,0.0
video10,TriClass-Cloud,2405,0,0,0,0,0,0,0.0
video10,TriClass-Cloud,2406,0,0,0,0,0,0,0.0
video10,TriClass-Cloud,2407,0,0,0,0,0,0,0.0
video10,TriClass-Cloud,2408,0,0,0,0,0,0,0.0
video10,TriClass-Cloud,2409,0,0,0,0,0,0,0.0
video10,TriClass-Cloud,2410,0,0,0,0,0,0,0.0
video10,TriClass-Cloud,2411,0,0,0,0,0,0,0.0
video10,TriClass-Cloud,2412,0,0,0,0,0,0,0.0
video10,TriClass-Cloud,2413,0,0,0,0,0,0,0.0
video10,TriClass-Cloud,2414,0,0,0,0,0,0,0.0
video10,TriClass-Cloud,2415,0,0,0,0,0,0,0.0
video10,TriClass-Cloud,2416,0,0,0,0,0,0,0.0
video10,TriClass-Cloud,2417,0,0,0,0,0,0,0.0
video10,TriClass-Cloud,2418,0,0,0,0,0,0,0.0
video10,TriClass-Cloud,2419,0,0,0,0,0,0,0.0
video10,TriClass-Cloud,2420,0,0,0,0,0,0,0.0
video10,TriClass-Cloud,2421,0,0,0,0,0,0,0.0
video10,TriClass-Cloud,2422,0,0,0,0,0,0,0.0
video10,TriClass-Cloud,2423,0,0,0,0,0,0,0.0
video10,TriClass-Cloud,2424,0,0,0,0,0,0,0.0
video10,TriClass-Cloud,2425,0,0,0,0,0,0,0.0
video10,TriClass-Cloud,2426,0,0,0,0,0,0,0.0
video10,TriClass-Cloud,2427,0,0,0,0,0,0,0.0
video10,TriClass-Cloud,2428,0,0,0,0,0,0,0.0
video10,TriClass-Cloud,2429,0,0,0,0,0,0,0.0
video10,TriClass-Cloud,2430,0,0,0,0,0,0,0.0
video10,TriClass-Cloud,2431,0,0,0,0,0,0,0.0
video10,TriClass-Cloud,2432,0,0,0,0,0,0,0.0
video10,TriClass-Cloud,2433,0,0,0,0,0,0,0.0
video10,TriClass-Cloud,2434,0,0,0,0,0,0,0.0
video10,TriClass-Cloud,2435,0,0,0,0,0,0,0.0
video10,TriClass-Cloud,2436,0,0,0,0,0,0,0.0
video10,TriClass-Cloud,2437,0,0,0,0,0,0,0.0
video10,TriClass-Cloud,2438,0,0,0,0,0,0,0.0
video10,TriClass-Cloud,2439,0,0,0,0,0,0,0.0
video10,TriClass-Cloud,2440,0,0,0,0,0,0,0.0
video10,TriClass-Cloud,2441,0,0,0,0,0,0,0.0
video10,TriClass-Cloud,2442,0,0,0,0,0,0,0.0
video10,TriClass-Cloud,2443,0,0,0,0,0,0,0.0
video10,TriClass-Cloud,2444,0,0,0,0,0,0,0.0
video10,TriClass-Cloud,2445,0,0,0,0,0,0,0.0
video10,TriClass-Cloud,2446,0,0,0,0,0,0,0.0
video10,TriClass-Cloud,2447,0,0,0,0,0,0,0.0
video10,TriClass-Cloud,2448,0,0,0,0,0,0,0.0
video10,TriClass-Cloud,2449,0,0,0,0,0,0,0.0
video10,TriClass-Cloud,2450,0,0,0,0,0,0,0.0
video10,TriClass-Cloud,2451,0,0,0,0,0,0,0.0
video10,TriClass-Cloud,2452,0,0,0,0,0,0,0.0
video10,TriClass-Cloud,2453,0,0,0,0,0,0,0.0
video10,TriClass-Cloud,2454,0,0,0,0,0,0,0.0
video10,TriClass-Cloud,2455,0,0,0,0,0,0,0.0
video10,TriClass-Cloud,2456,0,0,0,0,0,0,0.0
video10,TriClass-Cloud,2457,0,0,0,0,0,0,0.0
video10,TriClass-Cloud,2458,0,0,0,0,0,0,0.0
video10,TriClass-Cloud,2459,0,0,0,0,0,0,0.0
video10,TriClass-Cloud,2460,0,0,0,0,0,0,0.0
video10,TriClass-Cloud,2461,0,0,0,0,0,0,0.0
video10,TriClass-Cloud,2462,0,0,0,0,0,0,0.0
video10,TriClass-Cloud,2463,0,0,0,0,0,0,0.0
video10,TriClass-Cloud,2464,0,0,0,0,0,0,0.0
video10,TriClass-Cloud,2465,0,0,0,0,0,0,0.0
video10,TriClass-Cloud,2466,0,0,0,0,0,0,0.0
video10,TriClass-Cloud,2467,0,0,0,0,0,0,0.0
video10,TriClass-Cloud,2468,0,0,0,0,0,0,0.0
video10,TriClass-Cloud,2469,0,0,0,0,0,0,0.0
video10,TriClass-Cloud,2470,0,0,0,0,0,0,0.0
video10,TriClass-Cloud,2471,0,0,0,0,0,0,0.0
video10,TriClass-Cloud,2472,0,0,0,0,0,0,0.0
video10,TriClass-Cloud,2473,0,0,0,0,0,0,0.0
video10,TriClass-Cloud,2474,0,0,0,0,0,0,0.0
video10,TriClass-Cloud,2475,0,0,0,0,0,0,0.0
video10,TriClass-Cloud,2476,0,0,0,0,0,0,0.0
video10,TriClass-Cloud,2477,0,0,0,0,0,0,0.0
video10,TriClass-Cloud,2478,0,0,0,0,0,0,0.0
video10,TriClass-Cloud,2479,0,0,0,0,0,0,0.0
video10,TriClass-Cloud,2480,0,0,0,0,0,0,0.0
video10,TriClass-Cloud,2481,0,0,0,0,0,0,0.0
video10,TriClass-Cloud,2482,0,0,0,0,0,0,0.0
video10,TriClass-Cloud,2483,0,0,0,0,0,0,0.0
video10,TriClass-Cloud,2484,0,0,0,0,0,0,0.0
video10,TriClass-Cloud,2485,0,0,0,0,0,0,0.0
video10,TriClass-Cloud,2486,0,0,0,0,0,0,0.0
video10,TriClass-Cloud,2487,0,0,0,0,0,0,0.0
video10,TriClass-Cloud,2488,0,0,0,0,0,0,0.0
video10,TriClass-Cloud,2489,0,0,0,0,0,0,0.0
video10,TriClass-Cloud,2490,0,0,0,0,0,0,0.0
video10,TriClass-Cloud,2491,0,0,0,0,0,0,0.0
video10,TriClass-Cloud,2492,0,0,0,0,0,0,0.0
video10,TriClass-Cloud,2493,0,0,0,0,0,0,0.0
video10,TriClass-Cloud,2494,0,0,0,0,0,0,0.0
video10,TriClass-Cloud,2495,0,0,0,0,0,0,0.0
video10,TriClass-Cloud,2496,0,0,0,0,0,0,0.0
video10,TriClass-Cloud,2497,0,0,0,0,0,0,0.0
video10,TriClass-Cloud,2498,0,0,0,0,0,0,0.0
video10,TriClass-Cloud,2499,0,0,0,0,0,0,0.0
video10,TriClass-Cloud,2500,0,0,0,0,0,0,0.0
video10,TriClass-Cloud,2501,0,0,0,0,0,0,0.0
video10,TriClass-Cloud,2502,0,0,0,0,0,0,0.0
video10,TriClass-Cloud,2503,0,0,0,0,0,0,0.0
video10,TriClass-Cloud,2504,0,0,0,0,0,0,0.0
video10,TriClass-Cloud,2505,0,0,0,0,0,0,0.0
video10,TriClass-Cloud,2506,0,0,0,0,0,0,0.0
video10,TriClass-Cloud,2507,0,0,0,0,0,0,0.0
video10,TriClass-Cloud,2508,0,0,0,0,0,0,0.0
video10,TriClass-Cloud,2509,0,0,0,0,0,0,0.0
video10,TriClass-Cloud,2510,0,0,0,0,0,0,0.0
video10,TriClass-Cloud,2511,0,0,0,0,0,0,0.0
video10,TriClass-Cloud,2512,0,0,0,0,0,0,0.0
video10,TriClass-Cloud,2513,0,0,0,0,0,0,0.0
video10,TriClass-Cloud,2514,0,0,0,0,0,0,0.0
video10,TriClass-Cloud,2515,0,0,0,0,0,0,0.0
video10,TriClass-Cloud,2516,0,0,0,0,0,0,0.0
video10,TriClass-Cloud,2517,0,0,0,0,0,0,0.0
video10,TriClass-Cloud,2518,0,0,0,0,0,0,0.0
video10,TriClass-Cloud,2519,0,0,0,0,0,0,0.0
video10,TriClass-Cloud,2520,0,0,0,0,0,0,0.0
video10,TriClass-Cloud,2521,0,0,0,0,0,0,0.0
video10,TriClass-Cloud,2522,0,0,0,0,0,0,0.0
video10,TriClass-Cloud,2523,0,0,0,0,0,0,0.0
video10,TriClass-Cloud,2524,0,0,0,0,0,0,0.0
video10,TriClass-Cloud,2525,0,0,0,0,0,0,0.0
video10,TriClass-Cloud,2526,0,0,0,0,0,0,0.0
video10,TriClass-Cloud,2527,0,0,0,0,0,0,0.0
video10,TriClass-Cloud,2528,0,0,0,0,0,0,0.0
video10,TriClass-Cloud,2529,0,0,0,0,0,0,0.0
video10,TriClass-Cloud,2530,0,0,0,0,0,0,0.0
video10,TriClass-Cloud,2531,0,0,0,0,0,0,0.0
video10,TriClass-Cloud,2532,0,0,0,0,0,0,0.0
video10,TriClass-Cloud,2533,0,0,0,0,0,0,0.0
video10,TriClass-Cloud,2534,0,0,0,0,0,0,0.0
video10,TriClass-Cloud,2535,0,0,0,0,0,0,0.0
video10,TriClass-Cloud,2536,0,0,0,0,0,0,0.0
video10,TriClass-Cloud,2537,0,0,0,0,0,0,0.0
video10,TriClass-Cloud,2538,0,0,0,0,0,0,0.0
video10,TriClass-Cloud,2539,0,0,0,0,0,0,0.0
video10,TriClass-Cloud,2540,0,0,0,0,0,0,0.0
video10,TriClass-Cloud,2541,0,0,0,0,0,0,0.0
video10,TriClass-Cloud,2542,0,0,0,0,0,0,0.0
video10,TriClass-Cloud,2543,0,0,0,0,0,0,0.0
video10,TriClass-Cloud,2544,0,0,0,0,0,0,0.0
video10,TriClass-Cloud,2545,0,0,0,0,0,0,0.0
video10,TriClass-Cloud,2546,0,0,0,0,0,0,0.0
video10,TriClass-Cloud,2547,0,0,0,0,0,0,0.0
video10,TriClass-Cloud,2548,0,0,0,0,0,0,0.0
video10,TriClass-Cloud,2549,0,0,0,0,0,0,0.0
video10,TriClass-Cloud,2550,0,0,0,0,0,0,0.0
video10,TriClass-Cloud,2551,0,0,0,0,0,0,0.0
video10,TriClass-Cloud,2552,0,0,0,0,0,0,0.0
video10,TriClass-Cloud,2553,0,0,0,0,0,0,0.0
video10,TriClass-Cloud,2554,0,0,0,0,0,0,0.0
video10,TriClass-Cloud,2555,0,0,0,0,0,0,0.0
video10,TriClass-Cloud,2556,0,0,0,0,0,0,0.0
video10,TriClass-Cloud,2557,0,0,0,0,0,0,0.0
video10,TriClass-Cloud,2558,0,0,0,0,0,0,0.0
video10,TriClass-Cloud,2559,0,0,0,0,0,0,0.0
video10,TriClass-Cloud,2560,0,0,0,0,0,0,0.0
video10,TriClass-Cloud,2561,0,0,0,0,0,0,0.0
video10,TriClass-Cloud,2562,0,0,0,0,0,0,0.0
video10,TriClass-Cloud,2563,0,0,0,0,0,0,0.0
video10,TriClass-Cloud,2564,0,0,0,0,0,0,0.0
video10,TriClass-Cloud,2565,0,0,0,0,0,0,0.0
video10,TriClass-Cloud,2566,0,0,0,0,0,0,0.0
video10,TriClass-Cloud,2567,0,0,0,0,0,0,0.0
video10,TriClass-Cloud,2568,0,0,0,0,0,0,0.0
video10,TriClass-Cloud,2569,0,0,0,0,0,0,0.0
video10,TriClass-Cloud,2570,0,0,0,0,0,0,0.0
video10,TriClass-Cloud,2571,0,0,0,0,0,0,0.0
video10,TriClass-Cloud,2572,0,0,0,0,0,0,0.0
video10,TriClass-Cloud,2573,0,0,0,0,0,0,0.0
video10,TriClass-Cloud,2574,0,0,0,0,0,0,0.0
video10,TriClass-Cloud,2575,0,0,0,0,0,0,0.0
video10,TriClass-Cloud,2576,0,0,0,0,0,0,0.0
video10,TriClass-Cloud,2577,0,0,0,0,0,0,0.0
video10,TriClass-Cloud,2578,0,0,0,0,0,0,0.0
video10,TriClass-Cloud,2579,0,0,0,0,0,0,0.0
video10,TriClass-Cloud,2580,0,0,0,0,0,0,0.0
video10,TriClass-Cloud,2581,0,0,0,0,0,0,0.0
video10,TriClass-Cloud,2582,0,0,0,0,0,0,0.0
video10,TriClass-Cloud,2583,0,0,0,0,0,0,0.0
video10,TriClass-Cloud,2584,0,0,0,0,0,0,0.0
video10,TriClass-Cloud,2585,0,0,0,0,0,0,0.0
video10,TriClass-Cloud,2586,0,0,0,0,0,0,0.0
video10,TriClass-Cloud,2587,0,0,0,0,0,0,0.0
video10,TriClass-Cloud,2588,0,0,0,0,0,0,0.0
video10,TriClass-Cloud,2589,0,0,0,0,0,0,0.0
video10,TriClass-Cloud,2590,0,0,0,0,0,0,0.0
video10,TriClass-Cloud,2591,0,0,0,0,0,0,0.0
video10,TriClass-Cloud,2592,0,0,0,0,0,0,0.0
video10,TriClass-Cloud,2593,0,0,0,0,0,0,0.0
video10,TriClass-Cloud,2594,0,0,0,0,0,0,0.0
video10,TriClass-Cloud,2595,0,0,0,0,0,0,0.0
video10,TriClass-Cloud,2596,0,0,0,0,0,0,0.0
video10,TriClass-Cloud,2597,0,0,0,0,0,0,0.0
video10,TriClass-Cloud,2598,0,0,0,0,0,0,0.0
video10,TriClass-Cloud,2599,0,0,0,0,0,0,0.0
video10,TriClass-Cloud,2600,0,0,0,0,0,0,0.0
video10,TriClass-Cloud,2601,0,0,0,0,0,0,0.0
video10,TriClass-Cloud,2602,0,0,0,0,0,0,0.0
video10,TriClass-Cloud,2603,0,0,0,0,0,0,0.0
video10,TriClass-Cloud,2604,0,0,0,0,0,0,0.0
video10,TriClass-Cloud,2605,0,0,0,0,0,0,0.0
video10,TriClass-Cloud,2606,0,0,0,0,0,0,0.0
video10,TriClass-Cloud,2607,0,0,0,0,0,0,0.0
video10,TriClass-Cloud,2608,0,0,0,0,0,0,0.0
video10,TriClass-Cloud,2609,0,0,0,0,0,0,0.0
video10,TriClass-Cloud,2610,0,0,0,0,0,0,0.0
video10,TriClass-Cloud,2611,0,0,0,0,0,0,0.0
video10,TriClass-Cloud,2612,0,0,0,0,0,0,0.0
video10,TriClass-Cloud,2613,0,0,0,0,0,0,0.0
video10,TriClass-Cloud,2614,0,0,0,0,0,0,0.0
video10,TriClass-Cloud,2615,0,0,0,0,0,0,0.0
video10,TriClass-Cloud,2616,0,0,0,0,0,0,0.0
video10,TriClass-Cloud,2617,0,0,0,0,0,0,0.0
video10,TriClass-Cloud,2618,0,0,0,0,0,0,0.0
video10,TriClass-Cloud,2619,0,0,0,0,0,0,0.0
video10,TriClass-Cloud,2620,0,0,0,0,0,0,0.0
video10,TriClass-Cloud,2621,0,0,0,0,0,0,0.0
video10,TriClass-Cloud,2622,0,0,0,0,0,0,0.0
video10,TriClass-Cloud,2623,0,0,0,0,0,0,0.0
video10,TriClass-Cloud,2624,0,0,0,0,0,0,0.0
video10,TriClass-Cloud,2625,0,0,0,0,0,0,0.0
video10,TriClass-Cloud,2626,0,0,0,0,0,0,0.0
video10,TriClass-Cloud,2627,0,0,0,0,0,0,0.0
video10,TriClass-Cloud,2628,0,0,0,0,0,0,0.0
video10,TriClass-Cloud,2629,0,0,0,0,0,0,0.0
video10,TriClass-Cloud,2630,0,0,0,0,0,0,0.0
video10,TriClass-Cloud,2631,0,0,0,0,0,0,0.0
video10,TriClass-Cloud,2632,0,0,0,0,0,0,0.0
video10,TriClass-Cloud,2633,0,0,0,0,0,0,0.0
video10,TriClass-Cloud,2634,0,0,0,0,0,0,0.0
