video,model,frame,detections,drone_det,bird_det,false_class,low_conf_fp,tp_iou,max_conf
video09,BirdDrone-Local-FT,0,1,1,0,0,0,1,0.9208409786224365
video09,BirdDrone-Local-FT,1,1,1,0,0,0,0,0.9232102632522583
video09,BirdDrone-Local-FT,2,1,1,0,0,0,0,0.9244904518127441
video09,BirdDrone-Local-FT,3,1,1,0,0,0,0,0.8851795792579651
video09,BirdDrone-Local-FT,4,1,1,0,0,0,0,0.9082627892494202
video09,BirdDrone-Local-FT,5,1,1,0,0,0,0,0.9114593863487244
video09,BirdDrone-Local-FT,6,1,1,0,0,0,0,0.9091299772262573
video09,BirdDrone-Local-FT,7,1,1,0,0,0,0,0.9079254865646362
video09,BirdDrone-Local-FT,8,1,1,0,0,0,0,0.9038115739822388
video09,BirdDrone-Local-FT,9,1,1,0,0,0,0,0.903935968875885
video09,BirdDrone-Local-FT,10,1,1,0,0,0,0,0.9098111391067505
video09,BirdDrone-Local-FT,11,1,1,0,0,0,0,0.9133666753768921
video09,BirdDrone-Local-FT,12,1,1,0,0,0,0,0.9150488376617432
video09,BirdDrone-Local-FT,13,1,1,0,0,0,0,0.9202607274055481
video09,BirdDrone-Local-FT,14,1,1,0,0,0,0,0.9225116968154907
video09,BirdDrone-Local-FT,15,1,1,0,0,0,0,0.92709881067276
video09,BirdDrone-Local-FT,16,1,1,0,0,0,0,0.9282588362693787
video09,BirdDrone-Local-FT,17,1,1,0,0,0,0,0.9252322316169739
video09,BirdDrone-Local-FT,18,1,1,0,0,0,0,0.9054539203643799
video09,BirdDrone-Local-FT,19,1,1,0,0,0,0,0.899745762348175
video09,BirdDrone-Local-FT,20,1,1,0,0,0,0,0.9027434587478638
video09,BirdDrone-Local-FT,21,1,1,0,0,0,0,0.8970258235931396
video09,BirdDrone-Local-FT,22,1,1,0,0,0,0,0.8958719372749329
video09,BirdDrone-Local-FT,23,1,1,0,0,0,0,0.8963434100151062
video09,BirdDrone-Local-FT,24,1,1,0,0,0,0,0.893281102180481
video09,BirdDrone-Local-FT,25,1,1,0,0,0,0,0.9014309048652649
video09,BirdDrone-Local-FT,26,1,1,0,0,0,0,0.9097505807876587
video09,BirdDrone-Local-FT,27,1,1,0,0,0,0,0.915242075920105
video09,BirdDrone-Local-FT,28,1,1,0,0,0,0,0.9215629696846008
video09,BirdDrone-Local-FT,29,1,1,0,0,0,0,0.922296941280365
video09,BirdDrone-Local-FT,30,1,1,0,0,0,0,0.9240285158157349
video09,BirdDrone-Local-FT,31,1,1,0,0,0,0,0.8899273872375488
video09,BirdDrone-Local-FT,32,1,1,0,0,0,0,0.9093894958496094
video09,BirdDrone-Local-FT,33,1,1,0,0,0,0,0.9038417935371399
video09,BirdDrone-Local-FT,34,1,1,0,0,0,0,0.9105244278907776
video09,BirdDrone-Local-FT,35,1,1,0,0,0,0,0.9016204476356506
video09,BirdDrone-Local-FT,36,1,1,0,0,0,0,0.9053950309753418
video09,BirdDrone-Local-FT,37,1,1,0,0,0,0,0.9039998650550842
video09,BirdDrone-Local-FT,38,1,1,0,0,0,0,0.9070994257926941
video09,BirdDrone-Local-FT,39,1,1,0,0,0,0,0.910798192024231
video09,BirdDrone-Local-FT,40,1,1,0,0,0,0,0.9040001630783081
video09,BirdDrone-Local-FT,41,1,1,0,0,0,0,0.9127253890037537
video09,BirdDrone-Local-FT,42,1,1,0,0,0,0,0.9073060750961304
video09,BirdDrone-Local-FT,43,1,1,0,0,0,0,0.9198563694953918
video09,BirdDrone-Local-FT,44,1,1,0,0,0,0,0.9167178273200989
video09,BirdDrone-Local-FT,45,1,1,0,0,0,0,0.9220077395439148
video09,BirdDrone-Local-FT,46,1,1,0,0,0,0,0.9225326776504517
video09,BirdDrone-Local-FT,47,1,1,0,0,0,0,0.9168909788131714
video09,BirdDrone-Local-FT,48,1,1,0,0,0,0,0.9193840622901917
video09,BirdDrone-Local-FT,49,1,1,0,0,0,0,0.9051676988601685
video09,BirdDrone-Local-FT,50,1,1,0,0,0,0,0.8993379473686218
video09,BirdDrone-Local-FT,51,1,1,0,0,0,0,0.9017441272735596
video09,BirdDrone-Local-FT,52,1,1,0,0,0,0,0.9020981788635254
video09,BirdDrone-Local-FT,53,1,1,0,0,0,0,0.9031248092651367
video09,BirdDrone-Local-FT,54,1,1,0,0,0,0,0.9007660150527954
video09,BirdDrone-Local-FT,55,1,1,0,0,0,0,0.9002901315689087
video09,BirdDrone-Local-FT,56,1,1,0,0,0,0,0.9011945128440857
video09,BirdDrone-Local-FT,57,1,1,0,0,0,0,0.8902578949928284
video09,BirdDrone-Local-FT,58,1,1,0,0,0,0,0.8990752696990967
video09,BirdDrone-Local-FT,59,1,1,0,0,0,0,0.8995155096054077
video09,BirdDrone-Local-FT,60,1,1,0,0,0,0,0.9028705358505249
video09,BirdDrone-Local-FT,61,1,1,0,0,0,0,0.9074451327323914
video09,BirdDrone-Local-FT,62,1,1,0,0,0,0,0.9077258706092834
video09,BirdDrone-Local-FT,63,1,1,0,0,0,0,0.911917507648468
video09,BirdDrone-Local-FT,64,1,1,0,0,0,0,0.9187347888946533
video09,BirdDrone-Local-FT,65,1,1,0,0,0,0,0.9196479320526123
video09,BirdDrone-Local-FT,66,1,1,0,0,0,0,0.9237390160560608
video09,BirdDrone-Local-FT,67,1,1,0,0,0,0,0.9201036691665649
video09,BirdDrone-Local-FT,68,1,1,0,0,0,0,0.9274508357048035
video09,BirdDrone-Local-FT,69,1,1,0,0,0,0,0.922654926776886
video09,BirdDrone-Local-FT,70,1,1,0,0,0,0,0.9139111042022705
video09,BirdDrone-Local-FT,71,1,1,0,0,0,0,0.9084824323654175
video09,BirdDrone-Local-FT,72,1,1,0,0,0,0,0.9020688533782959
video09,BirdDrone-Local-FT,73,1,1,0,0,0,0,0.9086304306983948
video09,BirdDrone-Local-FT,74,1,1,0,0,0,0,0.9136673212051392
video09,BirdDrone-Local-FT,75,1,1,0,0,0,0,0.9065993428230286
video09,BirdDrone-Local-FT,76,1,1,0,0,0,0,0.9084866046905518
video09,BirdDrone-Local-FT,77,1,1,0,0,0,0,0.9019582867622375
video09,BirdDrone-Local-FT,78,1,1,0,0,0,0,0.9059463739395142
video09,BirdDrone-Local-FT,79,1,1,0,0,0,0,0.9029721617698669
video09,BirdDrone-Local-FT,80,1,1,0,0,0,0,0.9083664417266846
video09,BirdDrone-Local-FT,81,1,1,0,0,0,0,0.9137860536575317
video09,BirdDrone-Local-FT,82,1,1,0,0,0,0,0.9119366407394409
video09,BirdDrone-Local-FT,83,1,1,0,0,0,0,0.9151291251182556
video09,BirdDrone-Local-FT,84,1,1,0,0,0,0,0.9188668131828308
video09,BirdDrone-Local-FT,85,2,2,0,0,0,0,0.8808515071868896
video09,BirdDrone-Local-FT,86,2,2,0,0,0,0,0.8783647418022156
video09,BirdDrone-Local-FT,87,2,2,0,0,0,0,0.8777009844779968
video09,BirdDrone-Local-FT,88,1,1,0,0,0,0,0.9248749017715454
video09,BirdDrone-Local-FT,89,1,1,0,0,0,0,0.9271206259727478
video09,BirdDrone-Local-FT,90,1,1,0,0,0,0,0.8358688354492188
video09,BirdDrone-Local-FT,91,1,1,0,0,0,0,0.9044803977012634
video09,BirdDrone-Local-FT,92,1,1,0,0,0,0,0.9018200039863586
video09,BirdDrone-Local-FT,93,1,1,0,0,0,0,0.9059346914291382
video09,BirdDrone-Local-FT,94,1,1,0,0,0,0,0.8970343470573425
video09,BirdDrone-Local-FT,95,1,1,0,0,0,0,0.9061794281005859
video09,BirdDrone-Local-FT,96,1,1,0,0,0,0,0.9050516486167908
video09,BirdDrone-Local-FT,97,1,1,0,0,0,0,0.8958002924919128
video09,BirdDrone-Local-FT,98,1,1,0,0,0,0,0.9036981463432312
video09,BirdDrone-Local-FT,99,1,1,0,0,0,0,0.9044585824012756
video09,BirdDrone-Local-FT,100,1,1,0,0,0,0,0.9064837694168091
video09,BirdDrone-Local-FT,101,1,1,0,0,0,0,0.9062827825546265
video09,BirdDrone-Local-FT,102,1,1,0,0,0,0,0.920709490776062
video09,BirdDrone-Local-FT,103,1,1,0,0,0,0,0.884696364402771
video09,BirdDrone-Local-FT,104,1,1,0,0,0,0,0.9169880151748657
video09,BirdDrone-Local-FT,105,1,1,0,0,0,0,0.9147413372993469
video09,BirdDrone-Local-FT,106,1,1,0,0,0,0,0.9108706712722778
video09,BirdDrone-Local-FT,107,1,1,0,0,0,0,0.9223871827125549
video09,BirdDrone-Local-FT,108,1,1,0,0,0,0,0.9290440082550049
video09,BirdDrone-Local-FT,109,1,1,0,0,0,0,0.909477949142456
video09,BirdDrone-Local-FT,110,1,1,0,0,0,0,0.8979431986808777
video09,BirdDrone-Local-FT,111,1,1,0,0,0,0,0.9061416387557983
video09,BirdDrone-Local-FT,112,1,1,0,0,0,0,0.9038060307502747
video09,BirdDrone-Local-FT,113,1,1,0,0,0,0,0.9037434458732605
video09,BirdDrone-Local-FT,114,1,1,0,0,0,0,0.9074528217315674
video09,BirdDrone-Local-FT,115,1,1,0,0,0,0,0.905948281288147
video09,BirdDrone-Local-FT,116,1,1,0,0,0,0,0.8967493772506714
video09,BirdDrone-Local-FT,117,1,1,0,0,0,0,0.903767466545105
video09,BirdDrone-Local-FT,118,1,1,0,0,0,0,0.9024487137794495
video09,BirdDrone-Local-FT,119,1,1,0,0,0,0,0.901828944683075
video09,BirdDrone-Local-FT,120,1,1,0,0,0,0,0.9012071490287781
video09,BirdDrone-Local-FT,121,1,1,0,0,0,0,0.9013182520866394
video09,BirdDrone-Local-FT,122,1,1,0,0,0,0,0.9033876061439514
video09,BirdDrone-Local-FT,123,1,1,0,0,0,0,0.9021660685539246
video09,BirdDrone-Local-FT,124,1,1,0,0,0,0,0.9038205742835999
video09,BirdDrone-Local-FT,125,1,1,0,0,0,0,0.9092296957969666
video09,BirdDrone-Local-FT,126,1,1,0,0,0,0,0.9129019975662231
video09,BirdDrone-Local-FT,127,1,1,0,0,0,0,0.9123945832252502
video09,BirdDrone-Local-FT,128,1,1,0,0,0,0,0.9143843054771423
video09,BirdDrone-Local-FT,129,1,1,0,0,0,0,0.9180651307106018
video09,BirdDrone-Local-FT,130,1,1,0,0,0,0,0.915183961391449
video09,BirdDrone-Local-FT,131,1,1,0,0,0,0,0.9172960519790649
video09,BirdDrone-Local-FT,132,1,1,0,0,0,0,0.9149618148803711
video09,BirdDrone-Local-FT,133,1,1,0,0,0,0,0.899100661277771
video09,BirdDrone-Local-FT,134,1,1,0,0,0,0,0.8996426463127136
video09,BirdDrone-Local-FT,135,1,1,0,0,0,0,0.8958795666694641
video09,BirdDrone-Local-FT,136,1,1,0,0,0,0,0.8995060324668884
video09,BirdDrone-Local-FT,137,1,1,0,0,0,0,0.8943610191345215
video09,BirdDrone-Local-FT,138,1,1,0,0,0,0,0.8862124681472778
video09,BirdDrone-Local-FT,139,1,1,0,0,0,0,0.8848615884780884
video09,BirdDrone-Local-FT,140,1,1,0,0,0,0,0.8825364708900452
video09,BirdDrone-Local-FT,141,1,1,0,0,0,0,0.8675879240036011
video09,BirdDrone-Local-FT,142,1,1,0,0,0,0,0.8697372674942017
video09,BirdDrone-Local-FT,143,1,1,0,0,0,0,0.8639623522758484
video09,BirdDrone-Local-FT,144,1,1,0,0,0,0,0.8661897778511047
video09,BirdDrone-Local-FT,145,1,1,0,0,0,0,0.8568952083587646
video09,BirdDrone-Local-FT,146,1,1,0,0,0,0,0.8687576055526733
video09,BirdDrone-Local-FT,147,1,1,0,0,0,0,0.8521403670310974
video09,BirdDrone-Local-FT,148,1,1,0,0,0,0,0.8344137072563171
video09,BirdDrone-Local-FT,149,1,1,0,0,0,0,0.8557599186897278
video09,BirdDrone-Local-FT,150,1,1,0,0,0,0,0.8143648505210876
video09,BirdDrone-Local-FT,151,1,1,0,0,0,0,0.7861072421073914
video09,BirdDrone-Local-FT,152,1,1,0,0,0,0,0.7555309534072876
video09,BirdDrone-Local-FT,153,1,1,0,0,0,0,0.7478275299072266
video09,BirdDrone-Local-FT,154,1,1,0,0,1,0,0.27204787731170654
video09,BirdDrone-Local-FT,155,0,0,0,0,0,0,0.0
video09,BirdDrone-Local-FT,156,1,1,0,0,1,0,0.30362239480018616
video09,BirdDrone-Local-FT,157,0,0,0,0,0,0,0.0
video09,BirdDrone-Local-FT,158,0,0,0,0,0,0,0.0
video09,BirdDrone-Local-FT,159,0,0,0,0,0,0,0.0
video09,BirdDrone-Local-FT,160,0,0,0,0,0,0,0.0
video09,BirdDrone-Local-FT,161,0,0,0,0,0,0,0.0
video09,BirdDrone-Local-FT,162,0,0,0,0,0,0,0.0
video09,BirdDrone-Local-FT,163,0,0,0,0,0,0,0.0
video09,BirdDrone-Local-FT,164,0,0,0,0,0,0,0.0
video09,BirdDrone-Local-FT,165,0,0,0,0,0,0,0.0
video09,BirdDrone-Local-FT,166,0,0,0,0,0,0,0.0
video09,BirdDrone-Local-FT,167,0,0,0,0,0,0,0.0
video09,BirdDrone-Local-FT,168,0,0,0,0,0,0,0.0
video09,BirdDrone-Local-FT,169,0,0,0,0,0,0,0.0
video09,BirdDrone-Local-FT,170,0,0,0,0,0,0,0.0
video09,BirdDrone-Local-FT,171,0,0,0,0,0,0,0.0
video09,BirdDrone-Local-FT,172,0,0,0,0,0,0,0.0
video09,BirdDrone-Local-FT,173,0,0,0,0,0,0,0.0
video09,BirdDrone-Local-FT,174,0,0,0,0,0,0,0.0
video09,BirdDrone-Local-FT,175,0,0,0,0,0,0,0.0
video09,BirdDrone-Local-FT,176,0,0,0,0,0,0,0.0
video09,BirdDrone-Local-FT,177,0,0,0,0,0,0,0.0
video09,BirdDrone-Local-FT,178,0,0,0,0,0,0,0.0
video09,BirdDrone-Local-FT,179,0,0,0,0,0,0,0.0
video09,BirdDrone-Local-FT,180,0,0,0,0,0,0,0.0
video09,BirdDrone-Local-FT,181,0,0,0,0,0,0,0.0
video09,BirdDrone-Local-FT,182,0,0,0,0,0,0,0.0
video09,BirdDrone-Local-FT,183,0,0,0,0,0,0,0.0
video09,BirdDrone-Local-FT,184,0,0,0,0,0,0,0.0
video09,BirdDrone-Local-FT,185,0,0,0,0,0,0,0.0
video09,BirdDrone-Local-FT,186,0,0,0,0,0,0,0.0
video09,BirdDrone-Local-FT,187,0,0,0,0,0,0,0.0
video09,BirdDrone-Local-FT,188,0,0,0,0,0,0,0.0
video09,BirdDrone-Local-FT,189,0,0,0,0,0,0,0.0
video09,BirdDrone-Local-FT,190,0,0,0,0,0,0,0.0
video09,BirdDrone-Local-FT,191,0,0,0,0,0,0,0.0
video09,BirdDrone-Local-FT,192,0,0,0,0,0,0,0.0
video09,BirdDrone-Local-FT,193,0,0,0,0,0,0,0.0
video09,BirdDrone-Local-FT,194,0,0,0,0,0,0,0.0
video09,BirdDrone-Local-FT,195,0,0,0,0,0,0,0.0
video09,BirdDrone-Local-FT,196,0,0,0,0,0,0,0.0
video09,BirdDrone-Local-FT,197,0,0,0,0,0,0,0.0
video09,BirdDrone-Local-FT,198,0,0,0,0,0,0,0.0
video09,BirdDrone-Local-FT,199,0,0,0,0,0,0,0.0
video09,BirdDrone-Local-FT,200,0,0,0,0,0,0,0.0
video09,BirdDrone-Local-FT,201,0,0,0,0,0,0,0.0
video09,BirdDrone-Local-FT,202,0,0,0,0,0,0,0.0
video09,BirdDrone-Local-FT,203,0,0,0,0,0,0,0.0
video09,BirdDrone-Local-FT,204,0,0,0,0,0,0,0.0
video09,BirdDrone-Local-FT,205,0,0,0,0,0,0,0.0
video09,BirdDrone-Local-FT,206,0,0,0,0,0,0,0.0
video09,BirdDrone-Local-FT,207,0,0,0,0,0,0,0.0
video09,BirdDrone-Local-FT,208,0,0,0,0,0,0,0.0
video09,BirdDrone-Local-FT,209,0,0,0,0,0,0,0.0
video09,BirdDrone-Local-FT,210,0,0,0,0,0,0,0.0
video09,BirdDrone-Local-FT,211,0,0,0,0,0,0,0.0
video09,BirdDrone-Local-FT,212,0,0,0,0,0,0,0.0
video09,BirdDrone-Local-FT,213,0,0,0,0,0,0,0.0
video09,BirdDrone-Local-FT,214,0,0,0,0,0,0,0.0
video09,BirdDrone-Local-FT,215,0,0,0,0,0,0,0.0
video09,BirdDrone-Local-FT,216,0,0,0,0,0,0,0.0
video09,BirdDrone-Local-FT,217,0,0,0,0,0,0,0.0
video09,BirdDrone-Local-FT,218,0,0,0,0,0,0,0.0
video09,BirdDrone-Local-FT,219,0,0,0,0,0,0,0.0
video09,BirdDrone-Local-FT,220,0,0,0,0,0,0,0.0
video09,BirdDrone-Local-FT,221,0,0,0,0,0,0,0.0
video09,BirdDrone-Local-FT,222,0,0,0,0,0,0,0.0
video09,BirdDrone-Local-FT,223,0,0,0,0,0,0,0.0
video09,BirdDrone-Local-FT,224,0,0,0,0,0,0,0.0
video09,BirdDrone-Local-FT,225,0,0,0,0,0,0,0.0
video09,BirdDrone-Local-FT,226,0,0,0,0,0,0,0.0
video09,BirdDrone-Local-FT,227,0,0,0,0,0,0,0.0
video09,BirdDrone-Local-FT,228,0,0,0,0,0,0,0.0
video09,BirdDrone-Local-FT,229,0,0,0,0,0,0,0.0
video09,BirdDrone-Local-FT,230,0,0,0,0,0,0,0.0
video09,BirdDrone-Local-FT,231,0,0,0,0,0,0,0.0
video09,BirdDrone-Local-FT,232,0,0,0,0,0,0,0.0
video09,BirdDrone-Local-FT,233,0,0,0,0,0,0,0.0
video09,BirdDrone-Local-FT,234,0,0,0,0,0,0,0.0
video09,BirdDrone-Local-FT,235,0,0,0,0,0,0,0.0
video09,BirdDrone-Local-FT,236,0,0,0,0,0,0,0.0
video09,BirdDrone-Local-FT,237,0,0,0,0,0,0,0.0
video09,BirdDrone-Local-FT,238,0,0,0,0,0,0,0.0
video09,BirdDrone-Local-FT,239,0,0,0,0,0,0,0.0
video09,BirdDrone-Local-FT,240,1,1,0,0,1,0,0.34033048152923584
video09,BirdDrone-Local-FT,241,0,0,0,0,0,0,0.0
video09,BirdDrone-Local-FT,242,0,0,0,0,0,0,0.0
video09,BirdDrone-Local-FT,243,0,0,0,0,0,0,0.0
video09,BirdDrone-Local-FT,244,0,0,0,0,0,0,0.0
video09,BirdDrone-Local-FT,245,0,0,0,0,0,0,0.0
video09,BirdDrone-Local-FT,246,0,0,0,0,0,0,0.0
video09,BirdDrone-Local-FT,247,0,0,0,0,0,0,0.0
video09,BirdDrone-Local-FT,248,0,0,0,0,0,0,0.0
video09,BirdDrone-Local-FT,249,0,0,0,0,0,0,0.0
video09,BirdDrone-Local-FT,250,0,0,0,0,0,0,0.0
video09,BirdDrone-Local-FT,251,0,0,0,0,0,0,0.0
video09,BirdDrone-Local-FT,252,0,0,0,0,0,0,0.0
video09,BirdDrone-Local-FT,253,0,0,0,0,0,0,0.0
video09,BirdDrone-Local-FT,254,0,0,0,0,0,0,0.0
video09,BirdDrone-Local-FT,255,0,0,0,0,0,0,0.0
video09,BirdDrone-Local-FT,256,0,0,0,0,0,0,0.0
video09,BirdDrone-Local-FT,257,0,0,0,0,0,0,0.0
video09,BirdDrone-Local-FT,258,0,0,0,0,0,0,0.0
video09,BirdDrone-Local-FT,259,0,0,0,0,0,0,0.0
video09,BirdDrone-Local-FT,260,1,1,0,0,1,0,0.3129871189594269
video09,BirdDrone-Local-FT,261,1,1,0,0,0,0,0.4003664553165436
video09,BirdDrone-Local-FT,262,1,1,0,0,0,0,0.3556479811668396
video09,BirdDrone-Local-FT,263,1,1,0,0,0,0,0.3705424964427948
video09,BirdDrone-Local-FT,264,2,2,0,0,1,0,0.3572663366794586
video09,BirdDrone-Local-FT,265,1,1,0,0,0,0,0.3528456687927246
video09,BirdDrone-Local-FT,266,1,1,0,0,0,0,0.38576847314834595
video09,BirdDrone-Local-FT,267,1,1,0,0,0,0,0.42796674370765686
video09,BirdDrone-Local-FT,268,2,2,0,0,1,0,0.4350457489490509
video09,BirdDrone-Local-FT,269,2,2,0,0,1,0,0.36820223927497864
video09,BirdDrone-Local-FT,270,2,2,0,0,1,0,0.4723868668079376
video09,BirdDrone-Local-FT,271,2,2,0,0,1,0,0.47775381803512573
video09,BirdDrone-Local-FT,272,1,1,0,0,0,0,0.3800951838493347
video09,BirdDrone-Local-FT,273,1,1,0,0,0,0,0.4829370081424713
video09,BirdDrone-Local-FT,274,1,1,0,0,1,0,0.3051356375217438
video09,BirdDrone-Local-FT,275,1,1,0,0,0,0,0.6301890015602112
video09,BirdDrone-Local-FT,276,1,1,0,0,0,0,0.4979891777038574
video09,BirdDrone-Local-FT,277,1,1,0,0,0,0,0.48683685064315796
video09,BirdDrone-Local-FT,278,1,1,0,0,0,0,0.6892431378364563
video09,BirdDrone-Local-FT,279,2,2,0,0,2,0,0.2937292456626892
video09,BirdDrone-Local-FT,280,2,2,0,0,1,0,0.5411422252655029
video09,BirdDrone-Local-FT,281,1,1,0,0,0,0,0.6411538124084473
video09,BirdDrone-Local-FT,282,1,1,0,0,0,0,0.6945462822914124
video09,BirdDrone-Local-FT,283,1,1,0,0,0,0,0.6121113300323486
video09,BirdDrone-Local-FT,284,1,1,0,0,0,0,0.7094395756721497
video09,BirdDrone-Local-FT,285,0,0,0,0,0,0,0.0
video09,BirdDrone-Local-FT,286,1,1,0,0,0,0,0.5543593168258667
video09,BirdDrone-Local-FT,287,1,1,0,0,0,0,0.7387697696685791
video09,BirdDrone-Local-FT,288,1,1,0,0,0,0,0.654396653175354
video09,BirdDrone-Local-FT,289,1,1,0,0,1,0,0.3121512830257416
video09,BirdDrone-Local-FT,290,1,1,0,0,1,0,0.3172270953655243
video09,BirdDrone-Local-FT,291,1,1,0,0,1,0,0.2966229319572449
video09,BirdDrone-Local-FT,292,1,1,0,0,0,0,0.6111845970153809
video09,BirdDrone-Local-FT,293,1,1,0,0,0,0,0.5205634236335754
video09,BirdDrone-Local-FT,294,1,1,0,0,0,0,0.7030658721923828
video09,BirdDrone-Local-FT,295,1,1,0,0,0,0,0.7228144407272339
video09,BirdDrone-Local-FT,296,1,1,0,0,0,0,0.7126098275184631
video09,BirdDrone-Local-FT,297,1,1,0,0,0,0,0.6890870332717896
video09,BirdDrone-Local-FT,298,1,1,0,0,0,0,0.7909594774246216
video09,BirdDrone-Local-FT,299,1,1,0,0,0,0,0.7235811352729797
video09,BirdDrone-Local-FT,300,1,1,0,0,0,0,0.5711923241615295
video09,BirdDrone-Local-FT,301,1,1,0,0,0,0,0.7995771765708923
video09,BirdDrone-Local-FT,302,1,1,0,0,0,0,0.7765325903892517
video09,BirdDrone-Local-FT,303,1,1,0,0,0,0,0.8213093280792236
video09,BirdDrone-Local-FT,304,1,1,0,0,0,0,0.8215949535369873
video09,BirdDrone-Local-FT,305,1,1,0,0,0,0,0.8406957983970642
video09,BirdDrone-Local-FT,306,1,1,0,0,0,0,0.852271556854248
video09,BirdDrone-Local-FT,307,1,1,0,0,0,0,0.8592045307159424
video09,BirdDrone-Local-FT,308,1,1,0,0,0,0,0.8756555914878845
video09,BirdDrone-Local-FT,309,1,1,0,0,0,0,0.8675963878631592
video09,BirdDrone-Local-FT,310,1,1,0,0,0,0,0.8684509992599487
video09,BirdDrone-Local-FT,311,1,1,0,0,0,0,0.8446809649467468
video09,BirdDrone-Local-FT,312,1,1,0,0,0,0,0.864601194858551
video09,BirdDrone-Local-FT,313,1,1,0,0,0,0,0.852519154548645
video09,BirdDrone-Local-FT,314,1,1,0,0,0,0,0.8616312146186829
video09,BirdDrone-Local-FT,315,1,1,0,0,0,0,0.8485366702079773
video09,BirdDrone-Local-FT,316,1,1,0,0,0,0,0.8325573205947876
video09,BirdDrone-Local-FT,317,1,1,0,0,0,0,0.7421103119850159
video09,BirdDrone-Local-FT,318,1,1,0,0,0,0,0.8359806537628174
video09,BirdDrone-Local-FT,319,1,1,0,0,0,0,0.8218289017677307
video09,BirdDrone-Local-FT,320,2,2,0,0,0,0,0.8415656685829163
video09,BirdDrone-Local-FT,321,1,1,0,0,0,0,0.8924873471260071
video09,BirdDrone-Local-FT,322,1,1,0,0,0,0,0.880462646484375
video09,BirdDrone-Local-FT,323,1,1,0,0,0,0,0.8860165476799011
video09,BirdDrone-Local-FT,324,1,1,0,0,0,0,0.8926324248313904
video09,BirdDrone-Local-FT,325,1,1,0,0,0,0,0.8982678055763245
video09,BirdDrone-Local-FT,326,1,1,0,0,0,0,0.8889408111572266
video09,BirdDrone-Local-FT,327,1,1,0,0,0,0,0.8931151032447815
video09,BirdDrone-Local-FT,328,1,1,0,0,0,0,0.8906086087226868
video09,BirdDrone-Local-FT,329,1,1,0,0,0,0,0.8683467507362366
video09,BirdDrone-Local-FT,330,1,1,0,0,0,0,0.8769279718399048
video09,BirdDrone-Local-FT,331,1,1,0,0,0,0,0.8746356964111328
video09,BirdDrone-Local-FT,332,1,1,0,0,0,0,0.849294126033783
video09,BirdDrone-Local-FT,333,2,2,0,0,0,0,0.8240222930908203
video09,BirdDrone-Local-FT,334,1,1,0,0,0,0,0.8367388248443604
video09,BirdDrone-Local-FT,335,1,1,0,0,0,0,0.8174017071723938
video09,BirdDrone-Local-FT,336,1,1,0,0,0,0,0.796971321105957
video09,BirdDrone-Local-FT,337,1,1,0,0,0,0,0.8071988224983215
video09,BirdDrone-Local-FT,338,1,1,0,0,0,0,0.7792637944221497
video09,BirdDrone-Local-FT,339,1,1,0,0,0,0,0.7469265460968018
video09,BirdDrone-Local-FT,340,1,1,0,0,0,0,0.7431896924972534
video09,BirdDrone-Local-FT,341,1,1,0,0,0,0,0.7685328722000122
video09,BirdDrone-Local-FT,342,1,1,0,0,0,0,0.8002511858940125
video09,BirdDrone-Local-FT,343,1,1,0,0,0,0,0.7982282638549805
video09,BirdDrone-Local-FT,344,1,1,0,0,0,0,0.761206865310669
video09,BirdDrone-Local-FT,345,2,2,0,0,1,0,0.6566944122314453
video09,BirdDrone-Local-FT,346,1,1,0,0,0,0,0.6749942898750305
video09,BirdDrone-Local-FT,347,1,1,0,0,0,0,0.6783003211021423
video09,BirdDrone-Local-FT,348,1,1,0,0,0,0,0.4880312979221344
video09,BirdDrone-Local-FT,349,1,1,0,0,0,0,0.4408237040042877
video09,BirdDrone-Local-FT,350,1,1,0,0,0,0,0.35505250096321106
video09,BirdDrone-Local-FT,351,1,1,0,0,1,0,0.2806813418865204
video09,BirdDrone-Local-FT,352,0,0,0,0,0,0,0.0
video09,BirdDrone-Local-FT,353,0,0,0,0,0,0,0.0
video09,BirdDrone-Local-FT,354,0,0,0,0,0,0,0.0
video09,BirdDrone-Local-FT,355,0,0,0,0,0,0,0.0
video09,BirdDrone-Local-FT,356,0,0,0,0,0,0,0.0
video09,BirdDrone-Local-FT,357,0,0,0,0,0,0,0.0
video09,BirdDrone-Local-FT,358,0,0,0,0,0,0,0.0
video09,BirdDrone-Local-FT,359,0,0,0,0,0,0,0.0
video09,BirdDrone-Local-FT,360,0,0,0,0,0,0,0.0
video09,BirdDrone-Local-FT,361,0,0,0,0,0,0,0.0
video09,BirdDrone-Local-FT,362,0,0,0,0,0,0,0.0
video09,BirdDrone-Local-FT,363,0,0,0,0,0,0,0.0
video09,BirdDrone-Local-FT,364,0,0,0,0,0,0,0.0
video09,BirdDrone-Local-FT,365,0,0,0,0,0,0,0.0
video09,BirdDrone-Local-FT,366,0,0,0,0,0,0,0.0
video09,BirdDrone-Local-FT,367,0,0,0,0,0,0,0.0
video09,BirdDrone-Local-FT,368,0,0,0,0,0,0,0.0
video09,BirdDrone-Local-FT,369,0,0,0,0,0,0,0.0
video09,BirdDrone-Local-FT,370,0,0,0,0,0,0,0.0
video09,BirdDrone-Local-FT,371,0,0,0,0,0,0,0.0
video09,BirdDrone-Local-FT,372,0,0,0,0,0,0,0.0
video09,BirdDrone-Local-FT,373,0,0,0,0,0,0,0.0
video09,BirdDrone-Local-FT,374,0,0,0,0,0,0,0.0
video09,BirdDrone-Local-FT,375,0,0,0,0,0,0,0.0
video09,BirdDrone-Local-FT,376,0,0,0,0,0,0,0.0
video09,BirdDrone-Local-FT,377,0,0,0,0,0,0,0.0
video09,BirdDrone-Local-FT,378,0,0,0,0,0,0,0.0
video09,BirdDrone-Local-FT,379,0,0,0,0,0,0,0.0
video09,BirdDrone-Local-FT,380,0,0,0,0,0,0,0.0
video09,BirdDrone-Local-FT,381,0,0,0,0,0,0,0.0
video09,BirdDrone-Local-FT,382,0,0,0,0,0,0,0.0
video09,BirdDrone-Local-FT,383,0,0,0,0,0,0,0.0
video09,BirdDrone-Local-FT,384,0,0,0,0,0,0,0.0
video09,BirdDrone-Local-FT,385,0,0,0,0,0,0,0.0
video09,BirdDrone-Local-FT,386,0,0,0,0,0,0,0.0
video09,BirdDrone-Local-FT,387,0,0,0,0,0,0,0.0
video09,BirdDrone-Local-FT,388,0,0,0,0,0,0,0.0
video09,BirdDrone-Local-FT,389,0,0,0,0,0,0,0.0
video09,BirdDrone-Local-FT,390,0,0,0,0,0,0,0.0
video09,BirdDrone-Local-FT,391,0,0,0,0,0,0,0.0
video09,BirdDrone-Local-FT,392,0,0,0,0,0,0,0.0
video09,BirdDrone-Local-FT,393,0,0,0,0,0,0,0.0
video09,BirdDrone-Local-FT,394,0,0,0,0,0,0,0.0
video09,BirdDrone-Local-FT,395,0,0,0,0,0,0,0.0
video09,BirdDrone-Local-FT,396,0,0,0,0,0,0,0.0
video09,BirdDrone-Local-FT,397,0,0,0,0,0,0,0.0
video09,BirdDrone-Local-FT,398,0,0,0,0,0,0,0.0
video09,BirdDrone-Local-FT,399,0,0,0,0,0,0,0.0
video09,BirdDrone-Local-FT,400,0,0,0,0,0,0,0.0
video09,BirdDrone-Local-FT,401,0,0,0,0,0,0,0.0
video09,BirdDrone-Local-FT,402,0,0,0,0,0,0,0.0
video09,BirdDrone-Local-FT,403,0,0,0,0,0,0,0.0
video09,BirdDrone-Local-FT,404,0,0,0,0,0,0,0.0
video09,BirdDrone-Local-FT,405,0,0,0,0,0,0,0.0
video09,BirdDrone-Local-FT,406,0,0,0,0,0,0,0.0
video09,BirdDrone-Local-FT,407,0,0,0,0,0,0,0.0
video09,BirdDrone-Local-FT,408,0,0,0,0,0,0,0.0
video09,BirdDrone-Local-FT,409,0,0,0,0,0,0,0.0
video09,BirdDrone-Local-FT,410,0,0,0,0,0,0,0.0
video09,BirdDrone-Local-FT,411,0,0,0,0,0,0,0.0
video09,BirdDrone-Local-FT,412,0,0,0,0,0,0,0.0
video09,BirdDrone-Local-FT,413,0,0,0,0,0,0,0.0
video09,BirdDrone-Local-FT,414,0,0,0,0,0,0,0.0
video09,BirdDrone-Local-FT,415,0,0,0,0,0,0,0.0
video09,BirdDrone-Local-FT,416,0,0,0,0,0,0,0.0
video09,BirdDrone-Local-FT,417,0,0,0,0,0,0,0.0
video09,BirdDrone-Local-FT,418,0,0,0,0,0,0,0.0
video09,BirdDrone-Local-FT,419,0,0,0,0,0,0,0.0
video09,BirdDrone-Local-FT,420,0,0,0,0,0,0,0.0
video09,BirdDrone-Local-FT,421,0,0,0,0,0,0,0.0
video09,BirdDrone-Local-FT,422,0,0,0,0,0,0,0.0
video09,BirdDrone-Local-FT,423,0,0,0,0,0,0,0.0
video09,BirdDrone-Local-FT,424,0,0,0,0,0,0,0.0
video09,BirdDrone-Local-FT,425,0,0,0,0,0,0,0.0
video09,BirdDrone-Local-FT,426,0,0,0,0,0,0,0.0
video09,BirdDrone-Local-FT,427,0,0,0,0,0,0,0.0
video09,BirdDrone-Local-FT,428,0,0,0,0,0,0,0.0
video09,BirdDrone-Local-FT,429,0,0,0,0,0,0,0.0
video09,BirdDrone-Local-FT,430,0,0,0,0,0,0,0.0
video09,BirdDrone-Local-FT,431,0,0,0,0,0,0,0.0
video09,BirdDrone-Local-FT,432,0,0,0,0,0,0,0.0
video09,BirdDrone-Local-FT,433,0,0,0,0,0,0,0.0
video09,BirdDrone-Local-FT,434,0,0,0,0,0,0,0.0
video09,BirdDrone-Local-FT,435,0,0,0,0,0,0,0.0
video09,BirdDrone-Local-FT,436,0,0,0,0,0,0,0.0
video09,BirdDrone-Local-FT,437,0,0,0,0,0,0,0.0
video09,BirdDrone-Local-FT,438,0,0,0,0,0,0,0.0
video09,BirdDrone-Local-FT,439,0,0,0,0,0,0,0.0
video09,BirdDrone-Local-FT,440,0,0,0,0,0,0,0.0
video09,BirdDrone-Local-FT,441,0,0,0,0,0,0,0.0
video09,BirdDrone-Local-FT,442,0,0,0,0,0,0,0.0
video09,BirdDrone-Local-FT,443,0,0,0,0,0,0,0.0
video09,BirdDrone-Local-FT,444,0,0,0,0,0,0,0.0
video09,BirdDrone-Local-FT,445,0,0,0,0,0,0,0.0
video09,BirdDrone-Local-FT,446,0,0,0,0,0,0,0.0
video09,BirdDrone-Local-FT,447,0,0,0,0,0,0,0.0
video09,BirdDrone-Local-FT,448,0,0,0,0,0,0,0.0
video09,BirdDrone-Local-FT,449,0,0,0,0,0,0,0.0
video09,BirdDrone-Local-FT,450,0,0,0,0,0,0,0.0
video09,BirdDrone-Local-FT,451,0,0,0,0,0,0,0.0
video09,BirdDrone-Local-FT,452,0,0,0,0,0,0,0.0
video09,BirdDrone-Local-FT,453,0,0,0,0,0,0,0.0
video09,BirdDrone-Local-FT,454,0,0,0,0,0,0,0.0
video09,BirdDrone-Local-FT,455,0,0,0,0,0,0,0.0
video09,BirdDrone-Local-FT,456,0,0,0,0,0,0,0.0
video09,BirdDrone-Local-FT,457,0,0,0,0,0,0,0.0
video09,BirdDrone-Local-FT,458,0,0,0,0,0,0,0.0
video09,BirdDrone-Local-FT,459,0,0,0,0,0,0,0.0
video09,BirdDrone-Local-FT,460,0,0,0,0,0,0,0.0
video09,BirdDrone-Local-FT,461,0,0,0,0,0,0,0.0
video09,BirdDrone-Local-FT,462,0,0,0,0,0,0,0.0
video09,BirdDrone-Local-FT,463,0,0,0,0,0,0,0.0
video09,BirdDrone-Local-FT,464,0,0,0,0,0,0,0.0
video09,BirdDrone-Local-FT,465,0,0,0,0,0,0,0.0
video09,BirdDrone-Local-FT,466,0,0,0,0,0,0,0.0
video09,BirdDrone-Local-FT,467,0,0,0,0,0,0,0.0
video09,BirdDrone-Local-FT,468,0,0,0,0,0,0,0.0
video09,BirdDrone-Local-FT,469,0,0,0,0,0,0,0.0
video09,BirdDrone-Local-FT,470,0,0,0,0,0,0,0.0
video09,BirdDrone-Local-FT,471,0,0,0,0,0,0,0.0
video09,BirdDrone-Local-FT,472,0,0,0,0,0,0,0.0
video09,BirdDrone-Local-FT,473,0,0,0,0,0,0,0.0
video09,BirdDrone-Local-FT,474,0,0,0,0,0,0,0.0
video09,BirdDrone-Local-FT,475,0,0,0,0,0,0,0.0
video09,BirdDrone-Local-FT,476,0,0,0,0,0,0,0.0
video09,BirdDrone-Local-FT,477,0,0,0,0,0,0,0.0
video09,BirdDrone-Local-FT,478,0,0,0,0,0,0,0.0
video09,BirdDrone-Local-FT,479,0,0,0,0,0,0,0.0
video09,BirdDrone-Local-FT,480,0,0,0,0,0,0,0.0
video09,BirdDrone-Local-FT,481,0,0,0,0,0,0,0.0
video09,BirdDrone-Local-FT,482,0,0,0,0,0,0,0.0
video09,BirdDrone-Local-FT,483,0,0,0,0,0,0,0.0
video09,BirdDrone-Local-FT,484,0,0,0,0,0,0,0.0
video09,BirdDrone-Local-FT,485,0,0,0,0,0,0,0.0
video09,BirdDrone-Local-FT,486,0,0,0,0,0,0,0.0
video09,BirdDrone-Local-FT,487,0,0,0,0,0,0,0.0
video09,BirdDrone-Local-FT,488,0,0,0,0,0,0,0.0
video09,BirdDrone-Local-FT,489,0,0,0,0,0,0,0.0
video09,BirdDrone-Local-FT,490,0,0,0,0,0,0,0.0
video09,BirdDrone-Local-FT,491,0,0,0,0,0,0,0.0
video09,BirdDrone-Local-FT,492,0,0,0,0,0,0,0.0
video09,BirdDrone-Local-FT,493,0,0,0,0,0,0,0.0
video09,BirdDrone-Local-FT,494,0,0,0,0,0,0,0.0
video09,BirdDrone-Local-FT,495,0,0,0,0,0,0,0.0
video09,BirdDrone-Local-FT,496,0,0,0,0,0,0,0.0
video09,BirdDrone-Local-FT,497,0,0,0,0,0,0,0.0
video09,BirdDrone-Local-FT,498,0,0,0,0,0,0,0.0
video09,BirdDrone-Local-FT,499,0,0,0,0,0,0,0.0
video09,BirdDrone-Local-FT,500,0,0,0,0,0,0,0.0
video09,BirdDrone-Local-FT,501,0,0,0,0,0,0,0.0
video09,BirdDrone-Local-FT,502,0,0,0,0,0,0,0.0
video09,BirdDrone-Local-FT,503,0,0,0,0,0,0,0.0
video09,BirdDrone-Local-FT,504,0,0,0,0,0,0,0.0
video09,BirdDrone-Local-FT,505,0,0,0,0,0,0,0.0
video09,BirdDrone-Local-FT,506,0,0,0,0,0,0,0.0
video09,BirdDrone-Local-FT,507,0,0,0,0,0,0,0.0
video09,BirdDrone-Local-FT,508,0,0,0,0,0,0,0.0
video09,BirdDrone-Local-FT,509,0,0,0,0,0,0,0.0
video09,BirdDrone-Local-FT,510,0,0,0,0,0,0,0.0
video09,BirdDrone-Local-FT,511,0,0,0,0,0,0,0.0
video09,BirdDrone-Local-FT,512,0,0,0,0,0,0,0.0
video09,BirdDrone-Local-FT,513,0,0,0,0,0,0,0.0
video09,BirdDrone-Local-FT,514,0,0,0,0,0,0,0.0
video09,BirdDrone-Local-FT,515,0,0,0,0,0,0,0.0
video09,BirdDrone-Local-FT,516,0,0,0,0,0,0,0.0
video09,BirdDrone-Local-FT,517,0,0,0,0,0,0,0.0
video09,BirdDrone-Local-FT,518,0,0,0,0,0,0,0.0
video09,BirdDrone-Local-FT,519,0,0,0,0,0,0,0.0
video09,BirdDrone-Local-FT,520,0,0,0,0,0,0,0.0
video09,BirdDrone-Local-FT,521,0,0,0,0,0,0,0.0
video09,BirdDrone-Local-FT,522,0,0,0,0,0,0,0.0
video09,BirdDrone-Local-FT,523,0,0,0,0,0,0,0.0
video09,BirdDrone-Local-FT,524,0,0,0,0,0,0,0.0
video09,BirdDrone-Local-FT,525,0,0,0,0,0,0,0.0
video09,BirdDrone-Local-FT,526,0,0,0,0,0,0,0.0
video09,BirdDrone-Local-FT,527,0,0,0,0,0,0,0.0
video09,BirdDrone-Local-FT,528,0,0,0,0,0,0,0.0
video09,BirdDrone-Local-FT,529,0,0,0,0,0,0,0.0
video09,BirdDrone-Local-FT,530,0,0,0,0,0,0,0.0
video09,BirdDrone-Local-FT,531,0,0,0,0,0,0,0.0
video09,BirdDrone-Local-FT,532,0,0,0,0,0,0,0.0
video09,BirdDrone-Local-FT,533,0,0,0,0,0,0,0.0
video09,BirdDrone-Local-FT,534,0,0,0,0,0,0,0.0
video09,BirdDrone-Local-FT,535,0,0,0,0,0,0,0.0
video09,BirdDrone-Local-FT,536,0,0,0,0,0,0,0.0
video09,BirdDrone-Local-FT,537,0,0,0,0,0,0,0.0
video09,BirdDrone-Local-FT,538,0,0,0,0,0,0,0.0
video09,BirdDrone-Local-FT,539,0,0,0,0,0,0,0.0
video09,BirdDrone-Local-FT,540,0,0,0,0,0,0,0.0
video09,BirdDrone-Local-FT,541,0,0,0,0,0,0,0.0
video09,BirdDrone-Local-FT,542,0,0,0,0,0,0,0.0
video09,BirdDrone-Local-FT,543,0,0,0,0,0,0,0.0
video09,BirdDrone-Local-FT,544,0,0,0,0,0,0,0.0
video09,BirdDrone-Local-FT,545,0,0,0,0,0,0,0.0
video09,BirdDrone-Local-FT,546,0,0,0,0,0,0,0.0
video09,BirdDrone-Local-FT,547,0,0,0,0,0,0,0.0
video09,BirdDrone-Local-FT,548,0,0,0,0,0,0,0.0
video09,BirdDrone-Local-FT,549,0,0,0,0,0,0,0.0
video09,BirdDrone-Local-FT,550,0,0,0,0,0,0,0.0
video09,BirdDrone-Local-FT,551,0,0,0,0,0,0,0.0
video09,BirdDrone-Local-FT,552,0,0,0,0,0,0,0.0
video09,BirdDrone-Local-FT,553,0,0,0,0,0,0,0.0
video09,BirdDrone-Local-FT,554,0,0,0,0,0,0,0.0
video09,BirdDrone-Local-FT,555,0,0,0,0,0,0,0.0
video09,BirdDrone-Local-FT,556,0,0,0,0,0,0,0.0
video09,BirdDrone-Local-FT,557,0,0,0,0,0,0,0.0
video09,BirdDrone-Local-FT,558,0,0,0,0,0,0,0.0
video09,BirdDrone-Local-FT,559,0,0,0,0,0,0,0.0
video09,BirdDrone-Local-FT,560,0,0,0,0,0,0,0.0
video09,BirdDrone-Local-FT,561,0,0,0,0,0,0,0.0
video09,BirdDrone-Local-FT,562,0,0,0,0,0,0,0.0
video09,BirdDrone-Local-FT,563,0,0,0,0,0,0,0.0
video09,BirdDrone-Local-FT,564,0,0,0,0,0,0,0.0
video09,BirdDrone-Local-FT,565,0,0,0,0,0,0,0.0
video09,BirdDrone-Local-FT,566,0,0,0,0,0,0,0.0
video09,BirdDrone-Local-FT,567,0,0,0,0,0,0,0.0
video09,BirdDrone-Local-FT,568,0,0,0,0,0,0,0.0
video09,BirdDrone-Local-FT,569,0,0,0,0,0,0,0.0
video09,BirdDrone-Local-FT,570,0,0,0,0,0,0,0.0
video09,BirdDrone-Local-FT,571,0,0,0,0,0,0,0.0
video09,BirdDrone-Local-FT,572,0,0,0,0,0,0,0.0
video09,BirdDrone-Local-FT,573,0,0,0,0,0,0,0.0
video09,BirdDrone-Local-FT,574,0,0,0,0,0,0,0.0
video09,BirdDrone-Local-FT,575,0,0,0,0,0,0,0.0
video09,BirdDrone-Local-FT,576,0,0,0,0,0,0,0.0
video09,BirdDrone-Local-FT,577,0,0,0,0,0,0,0.0
video09,BirdDrone-Local-FT,578,0,0,0,0,0,0,0.0
video09,BirdDrone-Local-FT,579,0,0,0,0,0,0,0.0
video09,BirdDrone-Local-FT,580,0,0,0,0,0,0,0.0
video09,BirdDrone-Local-FT,581,0,0,0,0,0,0,0.0
video09,BirdDrone-Local-FT,582,0,0,0,0,0,0,0.0
video09,BirdDrone-Local-FT,583,0,0,0,0,0,0,0.0
video09,BirdDrone-Local-FT,584,0,0,0,0,0,0,0.0
video09,BirdDrone-Local-FT,585,0,0,0,0,0,0,0.0
video09,BirdDrone-Local-FT,586,0,0,0,0,0,0,0.0
video09,BirdDrone-Local-FT,587,0,0,0,0,0,0,0.0
video09,BirdDrone-Local-FT,588,0,0,0,0,0,0,0.0
video09,BirdDrone-Local-FT,589,0,0,0,0,0,0,0.0
video09,BirdDrone-Local-FT,590,0,0,0,0,0,0,0.0
video09,BirdDrone-Local-FT,591,0,0,0,0,0,0,0.0
video09,BirdDrone-Local-FT,592,0,0,0,0,0,0,0.0
video09,BirdDrone-Local-FT,593,0,0,0,0,0,0,0.0
video09,BirdDrone-Local-FT,594,0,0,0,0,0,0,0.0
video09,BirdDrone-Local-FT,595,0,0,0,0,0,0,0.0
video09,BirdDrone-Local-FT,596,0,0,0,0,0,0,0.0
video09,BirdDrone-Local-FT,597,0,0,0,0,0,0,0.0
video09,BirdDrone-Local-FT,598,0,0,0,0,0,0,0.0
video09,BirdDrone-Local-FT,599,0,0,0,0,0,0,0.0
video09,BirdDrone-Local-FT,600,0,0,0,0,0,0,0.0
video09,BirdDrone-Local-FT,601,0,0,0,0,0,0,0.0
video09,BirdDrone-Local-FT,602,0,0,0,0,0,0,0.0
video09,BirdDrone-Local-FT,603,0,0,0,0,0,0,0.0
video09,BirdDrone-Local-FT,604,0,0,0,0,0,0,0.0
video09,BirdDrone-Local-FT,605,0,0,0,0,0,0,0.0
video09,BirdDrone-Local-FT,606,0,0,0,0,0,0,0.0
video09,BirdDrone-Local-FT,607,0,0,0,0,0,0,0.0
video09,BirdDrone-Local-FT,608,0,0,0,0,0,0,0.0
video09,BirdDrone-Local-FT,609,0,0,0,0,0,0,0.0
video09,BirdDrone-Local-FT,610,0,0,0,0,0,0,0.0
video09,BirdDrone-Local-FT,611,0,0,0,0,0,0,0.0
video09,BirdDrone-Local-FT,612,0,0,0,0,0,0,0.0
video09,BirdDrone-Local-FT,613,0,0,0,0,0,0,0.0
video09,BirdDrone-Local-FT,614,0,0,0,0,0,0,0.0
video09,BirdDrone-Local-FT,615,0,0,0,0,0,0,0.0
video09,BirdDrone-Local-FT,616,0,0,0,0,0,0,0.0
video09,BirdDrone-Local-FT,617,0,0,0,0,0,0,0.0
video09,BirdDrone-Local-FT,618,0,0,0,0,0,0,0.0
video09,BirdDrone-Local-FT,619,0,0,0,0,0,0,0.0
video09,BirdDrone-Local-FT,620,0,0,0,0,0,0,0.0
video09,BirdDrone-Local-FT,621,0,0,0,0,0,0,0.0
video09,BirdDrone-Local-FT,622,0,0,0,0,0,0,0.0
video09,BirdDrone-Local-FT,623,0,0,0,0,0,0,0.0
video09,BirdDrone-Local-FT,624,0,0,0,0,0,0,0.0
video09,BirdDrone-Local-FT,625,0,0,0,0,0,0,0.0
video09,BirdDrone-Local-FT,626,0,0,0,0,0,0,0.0
video09,BirdDrone-Local-FT,627,0,0,0,0,0,0,0.0
video09,BirdDrone-Local-FT,628,0,0,0,0,0,0,0.0
video09,BirdDrone-Local-FT,629,0,0,0,0,0,0,0.0
video09,BirdDrone-Local-FT,630,0,0,0,0,0,0,0.0
video09,BirdDrone-Local-FT,631,0,0,0,0,0,0,0.0
video09,BirdDrone-Local-FT,632,0,0,0,0,0,0,0.0
video09,BirdDrone-Local-FT,633,0,0,0,0,0,0,0.0
video09,BirdDrone-Local-FT,634,0,0,0,0,0,0,0.0
video09,BirdDrone-Local-FT,635,0,0,0,0,0,0,0.0
video09,BirdDrone-Local-FT,636,0,0,0,0,0,0,0.0
video09,BirdDrone-Local-FT,637,0,0,0,0,0,0,0.0
video09,BirdDrone-Local-FT,638,0,0,0,0,0,0,0.0
video09,BirdDrone-Local-FT,639,0,0,0,0,0,0,0.0
video09,BirdDrone-Local-FT,640,0,0,0,0,0,0,0.0
video09,BirdDrone-Local-FT,641,0,0,0,0,0,0,0.0
video09,BirdDrone-Local-FT,642,0,0,0,0,0,0,0.0
video09,BirdDrone-Local-FT,643,0,0,0,0,0,0,0.0
video09,BirdDrone-Local-FT,644,0,0,0,0,0,0,0.0
video09,BirdDrone-Local-FT,645,0,0,0,0,0,0,0.0
video09,BirdDrone-Local-FT,646,0,0,0,0,0,0,0.0
video09,BirdDrone-Local-FT,647,0,0,0,0,0,0,0.0
video09,BirdDrone-Local-FT,648,0,0,0,0,0,0,0.0
video09,BirdDrone-Local-FT,649,0,0,0,0,0,0,0.0
video09,BirdDrone-Local-FT,650,0,0,0,0,0,0,0.0
video09,BirdDrone-Local-FT,651,0,0,0,0,0,0,0.0
video09,BirdDrone-Local-FT,652,0,0,0,0,0,0,0.0
video09,BirdDrone-Local-FT,653,0,0,0,0,0,0,0.0
video09,BirdDrone-Local-FT,654,0,0,0,0,0,0,0.0
video09,BirdDrone-Local-FT,655,0,0,0,0,0,0,0.0
video09,BirdDrone-Local-FT,656,0,0,0,0,0,0,0.0
video09,BirdDrone-Local-FT,657,0,0,0,0,0,0,0.0
video09,BirdDrone-Local-FT,658,0,0,0,0,0,0,0.0
video09,BirdDrone-Local-FT,659,0,0,0,0,0,0,0.0
video09,BirdDrone-Local-FT,660,0,0,0,0,0,0,0.0
video09,BirdDrone-Local-FT,661,0,0,0,0,0,0,0.0
video09,BirdDrone-Local-FT,662,0,0,0,0,0,0,0.0
video09,BirdDrone-Local-FT,663,0,0,0,0,0,0,0.0
video09,BirdDrone-Local-FT,664,0,0,0,0,0,0,0.0
video09,BirdDrone-Local-FT,665,0,0,0,0,0,0,0.0
video09,BirdDrone-Local-FT,666,0,0,0,0,0,0,0.0
video09,BirdDrone-Local-FT,667,0,0,0,0,0,0,0.0
video09,BirdDrone-Local-FT,668,0,0,0,0,0,0,0.0
video09,BirdDrone-Local-FT,669,0,0,0,0,0,0,0.0
video09,BirdDrone-Local-FT,670,0,0,0,0,0,0,0.0
video09,BirdDrone-Local-FT,671,0,0,0,0,0,0,0.0
video09,BirdDrone-Local-FT,672,0,0,0,0,0,0,0.0
video09,BirdDrone-Local-FT,673,0,0,0,0,0,0,0.0
video09,BirdDrone-Local-FT,674,0,0,0,0,0,0,0.0
video09,BirdDrone-Local-FT,675,0,0,0,0,0,0,0.0
video09,BirdDrone-Local-FT,676,0,0,0,0,0,0,0.0
video09,BirdDrone-Local-FT,677,0,0,0,0,0,0,0.0
video09,BirdDrone-Local-FT,678,0,0,0,0,0,0,0.0
video09,BirdDrone-Local-FT,679,0,0,0,0,0,0,0.0
video09,BirdDrone-Local-FT,680,0,0,0,0,0,0,0.0
video09,BirdDrone-Local-FT,681,0,0,0,0,0,0,0.0
video09,BirdDrone-Local-FT,682,0,0,0,0,0,0,0.0
video09,BirdDrone-Local-FT,683,0,0,0,0,0,0,0.0
video09,BirdDrone-Local-FT,684,0,0,0,0,0,0,0.0
video09,BirdDrone-Local-FT,685,0,0,0,0,0,0,0.0
video09,BirdDrone-Local-FT,686,0,0,0,0,0,0,0.0
video09,BirdDrone-Local-FT,687,0,0,0,0,0,0,0.0
video09,BirdDrone-Local-FT,688,0,0,0,0,0,0,0.0
video09,BirdDrone-Local-FT,689,0,0,0,0,0,0,0.0
video09,BirdDrone-Local-FT,690,0,0,0,0,0,0,0.0
video09,BirdDrone-Local-FT,691,0,0,0,0,0,0,0.0
video09,BirdDrone-Local-FT,692,0,0,0,0,0,0,0.0
video09,BirdDrone-Local-FT,693,0,0,0,0,0,0,0.0
video09,BirdDrone-Local-FT,694,0,0,0,0,0,0,0.0
video09,BirdDrone-Local-FT,695,0,0,0,0,0,0,0.0
video09,BirdDrone-Local-FT,696,0,0,0,0,0,0,0.0
video09,BirdDrone-Local-FT,697,0,0,0,0,0,0,0.0
video09,BirdDrone-Local-FT,698,0,0,0,0,0,0,0.0
video09,BirdDrone-Local-FT,699,0,0,0,0,0,0,0.0
video09,BirdDrone-Local-FT,700,0,0,0,0,0,0,0.0
video09,BirdDrone-Local-FT,701,0,0,0,0,0,0,0.0
video09,BirdDrone-Local-FT,702,0,0,0,0,0,0,0.0
video09,BirdDrone-Local-FT,703,0,0,0,0,0,0,0.0
video09,BirdDrone-Local-FT,704,0,0,0,0,0,0,0.0
video09,BirdDrone-Local-FT,705,0,0,0,0,0,0,0.0
video09,BirdDrone-Local-FT,706,0,0,0,0,0,0,0.0
video09,BirdDrone-Local-FT,707,0,0,0,0,0,0,0.0
video09,BirdDrone-Local-FT,708,0,0,0,0,0,0,0.0
video09,BirdDrone-Local-FT,709,0,0,0,0,0,0,0.0
video09,BirdDrone-Local-FT,710,0,0,0,0,0,0,0.0
video09,BirdDrone-Local-FT,711,0,0,0,0,0,0,0.0
video09,BirdDrone-Local-FT,712,0,0,0,0,0,0,0.0
video09,BirdDrone-Local-FT,713,0,0,0,0,0,0,0.0
video09,BirdDrone-Local-FT,714,0,0,0,0,0,0,0.0
video09,BirdDrone-Local-FT,715,0,0,0,0,0,0,0.0
video09,BirdDrone-Local-FT,716,0,0,0,0,0,0,0.0
video09,BirdDrone-Local-FT,717,0,0,0,0,0,0,0.0
video09,BirdDrone-Local-FT,718,0,0,0,0,0,0,0.0
video09,BirdDrone-Local-FT,719,0,0,0,0,0,0,0.0
video09,BirdDrone-Local-FT,720,0,0,0,0,0,0,0.0
video09,BirdDrone-Local-FT,721,0,0,0,0,0,0,0.0
video09,BirdDrone-Local-FT,722,0,0,0,0,0,0,0.0
video09,BirdDrone-Local-FT,723,0,0,0,0,0,0,0.0
video09,BirdDrone-Local-FT,724,0,0,0,0,0,0,0.0
video09,BirdDrone-Local-FT,725,0,0,0,0,0,0,0.0
video09,BirdDrone-Local-FT,726,0,0,0,0,0,0,0.0
video09,BirdDrone-Local-FT,727,0,0,0,0,0,0,0.0
video09,BirdDrone-Local-FT,728,0,0,0,0,0,0,0.0
video09,BirdDrone-Local-FT,729,0,0,0,0,0,0,0.0
video09,BirdDrone-Local-FT,730,0,0,0,0,0,0,0.0
video09,BirdDrone-Local-FT,731,0,0,0,0,0,0,0.0
video09,BirdDrone-Local-FT,732,0,0,0,0,0,0,0.0
video09,BirdDrone-Local-FT,733,0,0,0,0,0,0,0.0
video09,BirdDrone-Local-FT,734,0,0,0,0,0,0,0.0
video09,BirdDrone-Local-FT,735,0,0,0,0,0,0,0.0
video09,BirdDrone-Local-FT,736,0,0,0,0,0,0,0.0
video09,BirdDrone-Local-FT,737,0,0,0,0,0,0,0.0
video09,BirdDrone-Local-FT,738,0,0,0,0,0,0,0.0
video09,BirdDrone-Local-FT,739,0,0,0,0,0,0,0.0
video09,BirdDrone-Local-FT,740,0,0,0,0,0,0,0.0
video09,BirdDrone-Local-FT,741,0,0,0,0,0,0,0.0
video09,BirdDrone-Local-FT,742,0,0,0,0,0,0,0.0
video09,BirdDrone-Local-FT,743,0,0,0,0,0,0,0.0
video09,BirdDrone-Local-FT,744,0,0,0,0,0,0,0.0
video09,BirdDrone-Local-FT,745,0,0,0,0,0,0,0.0
video09,BirdDrone-Local-FT,746,0,0,0,0,0,0,0.0
video09,BirdDrone-Local-FT,747,0,0,0,0,0,0,0.0
video09,BirdDrone-Local-FT,748,0,0,0,0,0,0,0.0
video09,BirdDrone-Local-FT,749,0,0,0,0,0,0,0.0
video09,BirdDrone-Local-FT,750,0,0,0,0,0,0,0.0
video09,BirdDrone-Local-FT,751,0,0,0,0,0,0,0.0
video09,BirdDrone-Local-FT,752,0,0,0,0,0,0,0.0
video09,BirdDrone-Local-FT,753,0,0,0,0,0,0,0.0
video09,BirdDrone-Local-FT,754,0,0,0,0,0,0,0.0
video09,BirdDrone-Local-FT,755,0,0,0,0,0,0,0.0
video09,BirdDrone-Local-FT,756,0,0,0,0,0,0,0.0
video09,BirdDrone-Local-FT,757,0,0,0,0,0,0,0.0
video09,BirdDrone-Local-FT,758,0,0,0,0,0,0,0.0
video09,BirdDrone-Local-FT,759,0,0,0,0,0,0,0.0
video09,BirdDrone-Local-FT,760,0,0,0,0,0,0,0.0
video09,BirdDrone-Local-FT,761,0,0,0,0,0,0,0.0
video09,BirdDrone-Local-FT,762,0,0,0,0,0,0,0.0
video09,BirdDrone-Local-FT,763,0,0,0,0,0,0,0.0
video09,BirdDrone-Local-FT,764,0,0,0,0,0,0,0.0
video09,BirdDrone-Local-FT,765,0,0,0,0,0,0,0.0
video09,BirdDrone-Local-FT,766,0,0,0,0,0,0,0.0
video09,BirdDrone-Local-FT,767,0,0,0,0,0,0,0.0
video09,BirdDrone-Local-FT,768,0,0,0,0,0,0,0.0
video09,BirdDrone-Local-FT,769,0,0,0,0,0,0,0.0
video09,BirdDrone-Local-FT,770,0,0,0,0,0,0,0.0
video09,BirdDrone-Local-FT,771,0,0,0,0,0,0,0.0
video09,BirdDrone-Local-FT,772,0,0,0,0,0,0,0.0
video09,BirdDrone-Local-FT,773,0,0,0,0,0,0,0.0
video09,BirdDrone-Local-FT,774,0,0,0,0,0,0,0.0
video09,BirdDrone-Local-FT,775,0,0,0,0,0,0,0.0
video09,BirdDrone-Local-FT,776,0,0,0,0,0,0,0.0
video09,BirdDrone-Local-FT,777,0,0,0,0,0,0,0.0
video09,BirdDrone-Local-FT,778,0,0,0,0,0,0,0.0
video09,BirdDrone-Local-FT,779,0,0,0,0,0,0,0.0
video09,BirdDrone-Local-FT,780,0,0,0,0,0,0,0.0
video09,BirdDrone-Local-FT,781,0,0,0,0,0,0,0.0
video09,BirdDrone-Local-FT,782,0,0,0,0,0,0,0.0
video09,BirdDrone-Local-FT,783,0,0,0,0,0,0,0.0
video09,BirdDrone-Local-FT,784,0,0,0,0,0,0,0.0
video09,BirdDrone-Local-FT,785,0,0,0,0,0,0,0.0
video09,BirdDrone-Local-FT,786,0,0,0,0,0,0,0.0
video09,BirdDrone-Local-FT,787,0,0,0,0,0,0,0.0
video09,BirdDrone-Local-FT,788,0,0,0,0,0,0,0.0
video09,BirdDrone-Local-FT,789,0,0,0,0,0,0,0.0
video09,BirdDrone-Local-FT,790,0,0,0,0,0,0,0.0
video09,BirdDrone-Local-FT,791,0,0,0,0,0,0,0.0
video09,BirdDrone-Local-FT,792,0,0,0,0,0,0,0.0
video09,BirdDrone-Local-FT,793,0,0,0,0,0,0,0.0
video09,BirdDrone-Local-FT,794,0,0,0,0,0,0,0.0
video09,BirdDrone-Local-FT,795,0,0,0,0,0,0,0.0
video09,BirdDrone-Local-FT,796,0,0,0,0,0,0,0.0
video09,BirdDrone-Local-FT,797,0,0,0,0,0,0,0.0
video09,BirdDrone-Local-FT,798,0,0,0,0,0,0,0.0
video09,BirdDrone-Local-FT,799,0,0,0,0,0,0,0.0
video09,BirdDrone-Local-FT,800,0,0,0,0,0,0,0.0
video09,BirdDrone-Local-FT,801,0,0,0,0,0,0,0.0
video09,BirdDrone-Local-FT,802,0,0,0,0,0,0,0.0
video09,BirdDrone-Local-FT,803,0,0,0,0,0,0,0.0
video09,BirdDrone-Local-FT,804,0,0,0,0,0,0,0.0
video09,BirdDrone-Local-FT,805,0,0,0,0,0,0,0.0
video09,BirdDrone-Local-FT,806,0,0,0,0,0,0,0.0
video09,BirdDrone-Local-FT,807,0,0,0,0,0,0,0.0
video09,BirdDrone-Local-FT,808,0,0,0,0,0,0,0.0
video09,BirdDrone-Local-FT,809,0,0,0,0,0,0,0.0
video09,BirdDrone-Local-FT,810,0,0,0,0,0,0,0.0
video09,BirdDrone-Local-FT,811,0,0,0,0,0,0,0.0
video09,BirdDrone-Local-FT,812,0,0,0,0,0,0,0.0
video09,BirdDrone-Local-FT,813,0,0,0,0,0,0,0.0
video09,BirdDrone-Local-FT,814,0,0,0,0,0,0,0.0
video09,BirdDrone-Local-FT,815,0,0,0,0,0,0,0.0
video09,BirdDrone-Local-FT,816,0,0,0,0,0,0,0.0
video09,BirdDrone-Local-FT,817,0,0,0,0,0,0,0.0
video09,BirdDrone-Local-FT,818,0,0,0,0,0,0,0.0
video09,BirdDrone-Local-FT,819,0,0,0,0,0,0,0.0
video09,BirdDrone-Local-FT,820,0,0,0,0,0,0,0.0
video09,BirdDrone-Local-FT,821,0,0,0,0,0,0,0.0
video09,BirdDrone-Local-FT,822,0,0,0,0,0,0,0.0
video09,BirdDrone-Local-FT,823,0,0,0,0,0,0,0.0
video09,BirdDrone-Local-FT,824,0,0,0,0,0,0,0.0
video09,BirdDrone-Local-FT,825,0,0,0,0,0,0,0.0
video09,BirdDrone-Local-FT,826,0,0,0,0,0,0,0.0
video09,BirdDrone-Local-FT,827,0,0,0,0,0,0,0.0
video09,BirdDrone-Local-FT,828,0,0,0,0,0,0,0.0
video09,BirdDrone-Local-FT,829,0,0,0,0,0,0,0.0
video09,BirdDrone-Local-FT,830,0,0,0,0,0,0,0.0
video09,BirdDrone-Local-FT,831,0,0,0,0,0,0,0.0
video09,BirdDrone-Local-FT,832,0,0,0,0,0,0,0.0
video09,BirdDrone-Local-FT,833,0,0,0,0,0,0,0.0
video09,BirdDrone-Local-FT,834,0,0,0,0,0,0,0.0
video09,BirdDrone-Local-FT,835,0,0,0,0,0,0,0.0
video09,BirdDrone-Local-FT,836,0,0,0,0,0,0,0.0
video09,BirdDrone-Local-FT,837,0,0,0,0,0,0,0.0
video09,BirdDrone-Local-FT,838,0,0,0,0,0,0,0.0
video09,BirdDrone-Local-FT,839,0,0,0,0,0,0,0.0
video09,BirdDrone-Local-FT,840,0,0,0,0,0,0,0.0
video09,BirdDrone-Local-FT,841,0,0,0,0,0,0,0.0
video09,BirdDrone-Local-FT,842,0,0,0,0,0,0,0.0
video09,BirdDrone-Local-FT,843,0,0,0,0,0,0,0.0
video09,BirdDrone-Local-FT,844,0,0,0,0,0,0,0.0
video09,BirdDrone-Local-FT,845,0,0,0,0,0,0,0.0
video09,BirdDrone-Local-FT,846,0,0,0,0,0,0,0.0
video09,BirdDrone-Local-FT,847,0,0,0,0,0,0,0.0
video09,BirdDrone-Local-FT,848,0,0,0,0,0,0,0.0
video09,BirdDrone-Local-FT,849,0,0,0,0,0,0,0.0
video09,BirdDrone-Local-FT,850,0,0,0,0,0,0,0.0
video09,BirdDrone-Local-FT,851,0,0,0,0,0,0,0.0
video09,BirdDrone-Local-FT,852,0,0,0,0,0,0,0.0
video09,BirdDrone-Local-FT,853,0,0,0,0,0,0,0.0
video09,BirdDrone-Local-FT,854,0,0,0,0,0,0,0.0
video09,BirdDrone-Local-FT,855,0,0,0,0,0,0,0.0
video09,BirdDrone-Local-FT,856,0,0,0,0,0,0,0.0
video09,BirdDrone-Local-FT,857,0,0,0,0,0,0,0.0
video09,BirdDrone-Local-FT,858,0,0,0,0,0,0,0.0
video09,BirdDrone-Local-FT,859,0,0,0,0,0,0,0.0
video09,BirdDrone-Local-FT,860,0,0,0,0,0,0,0.0
video09,BirdDrone-Local-FT,861,0,0,0,0,0,0,0.0
video09,BirdDrone-Local-FT,862,0,0,0,0,0,0,0.0
video09,BirdDrone-Local-FT,863,0,0,0,0,0,0,0.0
video09,BirdDrone-Local-FT,864,0,0,0,0,0,0,0.0
video09,BirdDrone-Local-FT,865,0,0,0,0,0,0,0.0
video09,BirdDrone-Local-FT,866,0,0,0,0,0,0,0.0
video09,BirdDrone-Local-FT,867,0,0,0,0,0,0,0.0
video09,BirdDrone-Local-FT,868,0,0,0,0,0,0,0.0
video09,BirdDrone-Local-FT,869,0,0,0,0,0,0,0.0
video09,BirdDrone-Local-FT,870,0,0,0,0,0,0,0.0
video09,BirdDrone-Local-FT,871,0,0,0,0,0,0,0.0
video09,BirdDrone-Local-FT,872,0,0,0,0,0,0,0.0
video09,BirdDrone-Local-FT,873,0,0,0,0,0,0,0.0
video09,BirdDrone-Local-FT,874,0,0,0,0,0,0,0.0
video09,BirdDrone-Local-FT,875,0,0,0,0,0,0,0.0
video09,BirdDrone-Local-FT,876,0,0,0,0,0,0,0.0
video09,BirdDrone-Local-FT,877,0,0,0,0,0,0,0.0
video09,BirdDrone-Local-FT,878,0,0,0,0,0,0,0.0
video09,BirdDrone-Local-FT,879,0,0,0,0,0,0,0.0
video09,BirdDrone-Local-FT,880,0,0,0,0,0,0,0.0
video09,BirdDrone-Local-FT,881,0,0,0,0,0,0,0.0
video09,BirdDrone-Local-FT,882,0,0,0,0,0,0,0.0
video09,BirdDrone-Local-FT,883,0,0,0,0,0,0,0.0
video09,BirdDrone-Local-FT,884,0,0,0,0,0,0,0.0
video09,BirdDrone-Local-FT,885,0,0,0,0,0,0,0.0
video09,BirdDrone-Local-FT,886,0,0,0,0,0,0,0.0
video09,BirdDrone-Local-FT,887,0,0,0,0,0,0,0.0
video09,BirdDrone-Local-FT,888,0,0,0,0,0,0,0.0
video09,BirdDrone-Local-FT,889,0,0,0,0,0,0,0.0
video09,BirdDrone-Local-FT,890,0,0,0,0,0,0,0.0
video09,BirdDrone-Local-FT,891,0,0,0,0,0,0,0.0
video09,BirdDrone-Local-FT,892,0,0,0,0,0,0,0.0
video09,BirdDrone-Local-FT,893,0,0,0,0,0,0,0.0
video09,BirdDrone-Local-FT,894,0,0,0,0,0,0,0.0
video09,BirdDrone-Local-FT,895,0,0,0,0,0,0,0.0
video09,BirdDrone-Local-FT,896,0,0,0,0,0,0,0.0
video09,BirdDrone-Local-FT,897,0,0,0,0,0,0,0.0
video09,BirdDrone-Local-FT,898,0,0,0,0,0,0,0.0
video09,BirdDrone-Local-FT,899,0,0,0,0,0,0,0.0
video09,BirdDrone-Local-FT,900,0,0,0,0,0,0,0.0
video09,BirdDrone-Local-FT,901,0,0,0,0,0,0,0.0
video09,BirdDrone-Local-FT,902,0,0,0,0,0,0,0.0
video09,BirdDrone-Local-FT,903,0,0,0,0,0,0,0.0
video09,BirdDrone-Local-FT,904,0,0,0,0,0,0,0.0
video09,BirdDrone-Local-FT,905,0,0,0,0,0,0,0.0
video09,BirdDrone-Local-FT,906,0,0,0,0,0,0,0.0
video09,BirdDrone-Local-FT,907,0,0,0,0,0,0,0.0
video09,BirdDrone-Local-FT,908,0,0,0,0,0,0,0.0
video09,BirdDrone-Local-FT,909,0,0,0,0,0,0,0.0
video09,BirdDrone-Local-FT,910,0,0,0,0,0,0,0.0
video09,BirdDrone-Local-FT,911,0,0,0,0,0,0,0.0
video09,BirdDrone-Local-FT,912,0,0,0,0,0,0,0.0
video09,BirdDrone-Local-FT,913,0,0,0,0,0,0,0.0
video09,BirdDrone-Local-FT,914,0,0,0,0,0,0,0.0
video09,BirdDrone-Local-FT,915,0,0,0,0,0,0,0.0
video09,BirdDrone-Local-FT,916,0,0,0,0,0,0,0.0
video09,BirdDrone-Local-FT,917,0,0,0,0,0,0,0.0
video09,BirdDrone-Local-FT,918,0,0,0,0,0,0,0.0
video09,BirdDrone-Local-FT,919,0,0,0,0,0,0,0.0
video09,BirdDrone-Local-FT,920,0,0,0,0,0,0,0.0
video09,BirdDrone-Local-FT,921,0,0,0,0,0,0,0.0
video09,BirdDrone-Local-FT,922,0,0,0,0,0,0,0.0
video09,BirdDrone-Local-FT,923,0,0,0,0,0,0,0.0
video09,BirdDrone-Local-FT,924,0,0,0,0,0,0,0.0
video09,BirdDrone-Local-FT,925,0,0,0,0,0,0,0.0
video09,BirdDrone-Local-FT,926,0,0,0,0,0,0,0.0
video09,BirdDrone-Local-FT,927,0,0,0,0,0,0,0.0
video09,BirdDrone-Local-FT,928,0,0,0,0,0,0,0.0
video09,BirdDrone-Local-FT,929,0,0,0,0,0,0,0.0
video09,BirdDrone-Local-FT,930,0,0,0,0,0,0,0.0
video09,BirdDrone-Local-FT,931,0,0,0,0,0,0,0.0
video09,BirdDrone-Local-FT,932,0,0,0,0,0,0,0.0
video09,BirdDrone-Local-FT,933,0,0,0,0,0,0,0.0
video09,BirdDrone-Local-FT,934,0,0,0,0,0,0,0.0
video09,BirdDrone-Local-FT,935,0,0,0,0,0,0,0.0
video09,BirdDrone-Local-FT,936,0,0,0,0,0,0,0.0
video09,BirdDrone-Local-FT,937,0,0,0,0,0,0,0.0
video09,BirdDrone-Local-FT,938,0,0,0,0,0,0,0.0
video09,BirdDrone-Local-FT,939,0,0,0,0,0,0,0.0
video09,BirdDrone-Local-FT,940,0,0,0,0,0,0,0.0
video09,BirdDrone-Local-FT,941,0,0,0,0,0,0,0.0
video09,BirdDrone-Local-FT,942,0,0,0,0,0,0,0.0
video09,BirdDrone-Local-FT,943,0,0,0,0,0,0,0.0
video09,BirdDrone-Local-FT,944,0,0,0,0,0,0,0.0
video09,BirdDrone-Local-FT,945,0,0,0,0,0,0,0.0
video09,BirdDrone-Local-FT,946,0,0,0,0,0,0,0.0
video09,BirdDrone-Local-FT,947,0,0,0,0,0,0,0.0
video09,BirdDrone-Local-FT,948,0,0,0,0,0,0,0.0
video09,BirdDrone-Local-FT,949,0,0,0,0,0,0,0.0
video09,BirdDrone-Local-FT,950,0,0,0,0,0,0,0.0
video09,BirdDrone-Local-FT,951,0,0,0,0,0,0,0.0
video09,BirdDrone-Local-FT,952,0,0,0,0,0,0,0.0
video09,BirdDrone-Local-FT,953,0,0,0,0,0,0,0.0
video09,BirdDrone-Local-FT,954,0,0,0,0,0,0,0.0
video09,BirdDrone-Local-FT,955,0,0,0,0,0,0,0.0
video09,BirdDrone-Local-FT,956,0,0,0,0,0,0,0.0
video09,BirdDrone-Local-FT,957,0,0,0,0,0,0,0.0
video09,BirdDrone-Local-FT,958,0,0,0,0,0,0,0.0
video09,BirdDrone-Local-FT,959,0,0,0,0,0,0,0.0
video09,BirdDrone-Local-FT,960,0,0,0,0,0,0,0.0
video09,BirdDrone-Local-FT,961,0,0,0,0,0,0,0.0
video09,BirdDrone-Local-FT,962,0,0,0,0,0,0,0.0
video09,BirdDrone-Local-FT,963,0,0,0,0,0,0,0.0
video09,BirdDrone-Local-FT,964,0,0,0,0,0,0,0.0
video09,BirdDrone-Local-FT,965,0,0,0,0,0,0,0.0
video09,BirdDrone-Local-FT,966,0,0,0,0,0,0,0.0
video09,BirdDrone-Local-FT,967,0,0,0,0,0,0,0.0
video09,BirdDrone-Local-FT,968,0,0,0,0,0,0,0.0
video09,BirdDrone-Local-FT,969,0,0,0,0,0,0,0.0
video09,BirdDrone-Local-FT,970,0,0,0,0,0,0,0.0
video09,BirdDrone-Local-FT,971,0,0,0,0,0,0,0.0
video09,BirdDrone-Local-FT,972,0,0,0,0,0,0,0.0
video09,BirdDrone-Local-FT,973,0,0,0,0,0,0,0.0
video09,BirdDrone-Local-FT,974,0,0,0,0,0,0,0.0
video09,BirdDrone-Local-FT,975,0,0,0,0,0,0,0.0
video09,BirdDrone-Local-FT,976,0,0,0,0,0,0,0.0
video09,BirdDrone-Local-FT,977,0,0,0,0,0,0,0.0
video09,BirdDrone-Local-FT,978,0,0,0,0,0,0,0.0
video09,BirdDrone-Local-FT,979,0,0,0,0,0,0,0.0
video09,BirdDrone-Local-FT,980,0,0,0,0,0,0,0.0
video09,BirdDrone-Local-FT,981,0,0,0,0,0,0,0.0
video09,BirdDrone-Local-FT,982,0,0,0,0,0,0,0.0
video09,BirdDrone-Local-FT,983,0,0,0,0,0,0,0.0
video09,BirdDrone-Local-FT,984,0,0,0,0,0,0,0.0
video09,BirdDrone-Local-FT,985,0,0,0,0,0,0,0.0
video09,BirdDrone-Local-FT,986,0,0,0,0,0,0,0.0
video09,BirdDrone-Local-FT,987,0,0,0,0,0,0,0.0
video09,BirdDrone-Local-FT,988,0,0,0,0,0,0,0.0
video09,BirdDrone-Local-FT,989,0,0,0,0,0,0,0.0
video09,BirdDrone-Local-FT,990,0,0,0,0,0,0,0.0
video09,BirdDrone-Local-FT,991,0,0,0,0,0,0,0.0
video09,BirdDrone-Local-FT,992,0,0,0,0,0,0,0.0
video09,BirdDrone-Local-FT,993,0,0,0,0,0,0,0.0
video09,BirdDrone-Local-FT,994,0,0,0,0,0,0,0.0
video09,BirdDrone-Local-FT,995,0,0,0,0,0,0,0.0
video09,BirdDrone-Local-FT,996,0,0,0,0,0,0,0.0
video09,BirdDrone-Local-FT,997,0,0,0,0,0,0,0.0
video09,BirdDrone-Local-FT,998,0,0,0,0,0,0,0.0
video09,BirdDrone-Local-FT,999,0,0,0,0,0,0,0.0
video09,BirdDrone-Local-FT,1000,0,0,0,0,0,0,0.0
video09,BirdDrone-Local-FT,1001,0,0,0,0,0,0,0.0
video09,BirdDrone-Local-FT,1002,0,0,0,0,0,0,0.0
video09,BirdDrone-Local-FT,1003,0,0,0,0,0,0,0.0
video09,BirdDrone-Local-FT,1004,0,0,0,0,0,0,0.0
video09,BirdDrone-Local-FT,1005,0,0,0,0,0,0,0.0
video09,BirdDrone-Local-FT,1006,0,0,0,0,0,0,0.0
video09,BirdDrone-Local-FT,1007,0,0,0,0,0,0,0.0
video09,BirdDrone-Local-FT,1008,0,0,0,0,0,0,0.0
video09,BirdDrone-Local-FT,1009,0,0,0,0,0,0,0.0
video09,BirdDrone-Local-FT,1010,0,0,0,0,0,0,0.0
video09,BirdDrone-Local-FT,1011,0,0,0,0,0,0,0.0
video09,BirdDrone-Local-FT,1012,0,0,0,0,0,0,0.0
video09,BirdDrone-Local-FT,1013,0,0,0,0,0,0,0.0
video09,BirdDrone-Local-FT,1014,0,0,0,0,0,0,0.0
video09,BirdDrone-Local-FT,1015,0,0,0,0,0,0,0.0
video09,BirdDrone-Local-FT,1016,0,0,0,0,0,0,0.0
video09,BirdDrone-Local-FT,1017,0,0,0,0,0,0,0.0
video09,BirdDrone-Local-FT,1018,0,0,0,0,0,0,0.0
video09,BirdDrone-Local-FT,1019,0,0,0,0,0,0,0.0
video09,BirdDrone-Local-FT,1020,0,0,0,0,0,0,0.0
video09,BirdDrone-Local-FT,1021,0,0,0,0,0,0,0.0
video09,BirdDrone-Local-FT,1022,0,0,0,0,0,0,0.0
video09,BirdDrone-Local-FT,1023,0,0,0,0,0,0,0.0
video09,BirdDrone-Local-FT,1024,0,0,0,0,0,0,0.0
video09,BirdDrone-Local-FT,1025,0,0,0,0,0,0,0.0
video09,BirdDrone-Local-FT,1026,0,0,0,0,0,0,0.0
video09,BirdDrone-Local-FT,1027,0,0,0,0,0,0,0.0
video09,BirdDrone-Local-FT,1028,0,0,0,0,0,0,0.0
video09,BirdDrone-Local-FT,1029,0,0,0,0,0,0,0.0
video09,BirdDrone-Local-FT,1030,0,0,0,0,0,0,0.0
video09,BirdDrone-Local-FT,1031,0,0,0,0,0,0,0.0
video09,BirdDrone-Local-FT,1032,0,0,0,0,0,0,0.0
video09,BirdDrone-Local-FT,1033,0,0,0,0,0,0,0.0
video09,BirdDrone-Local-FT,1034,0,0,0,0,0,0,0.0
video09,BirdDrone-Local-FT,1035,0,0,0,0,0,0,0.0
video09,BirdDrone-Local-FT,1036,0,0,0,0,0,0,0.0
video09,BirdDrone-Local-FT,1037,0,0,0,0,0,0,0.0
video09,BirdDrone-Local-FT,1038,0,0,0,0,0,0,0.0
video09,BirdDrone-Local-FT,1039,0,0,0,0,0,0,0.0
video09,BirdDrone-Local-FT,1040,0,0,0,0,0,0,0.0
video09,BirdDrone-Local-FT,1041,0,0,0,0,0,0,0.0
video09,BirdDrone-Local-FT,1042,0,0,0,0,0,0,0.0
video09,BirdDrone-Local-FT,1043,0,0,0,0,0,0,0.0
video09,BirdDrone-Local-FT,1044,0,0,0,0,0,0,0.0
video09,BirdDrone-Local-FT,1045,0,0,0,0,0,0,0.0
video09,BirdDrone-Local-FT,1046,0,0,0,0,0,0,0.0
video09,BirdDrone-Local-FT,1047,0,0,0,0,0,0,0.0
video09,BirdDrone-Local-FT,1048,0,0,0,0,0,0,0.0
video09,BirdDrone-Local-FT,1049,0,0,0,0,0,0,0.0
video09,BirdDrone-Local-FT,1050,0,0,0,0,0,0,0.0
video09,BirdDrone-Local-FT,1051,0,0,0,0,0,0,0.0
video09,BirdDrone-Local-FT,1052,0,0,0,0,0,0,0.0
video09,BirdDrone-Local-FT,1053,0,0,0,0,0,0,0.0
video09,BirdDrone-Local-FT,1054,0,0,0,0,0,0,0.0
video09,BirdDrone-Local-FT,1055,0,0,0,0,0,0,0.0
video09,BirdDrone-Local-FT,1056,0,0,0,0,0,0,0.0
video09,BirdDrone-Local-FT,1057,0,0,0,0,0,0,0.0
video09,BirdDrone-Local-FT,1058,0,0,0,0,0,0,0.0
video09,BirdDrone-Local-FT,1059,0,0,0,0,0,0,0.0
video09,BirdDrone-Local-FT,1060,0,0,0,0,0,0,0.0
video09,BirdDrone-Local-FT,1061,0,0,0,0,0,0,0.0
video09,BirdDrone-Local-FT,1062,0,0,0,0,0,0,0.0
video09,BirdDrone-Local-FT,1063,0,0,0,0,0,0,0.0
video09,BirdDrone-Local-FT,1064,0,0,0,0,0,0,0.0
video09,BirdDrone-Local-FT,1065,0,0,0,0,0,0,0.0
video09,BirdDrone-Local-FT,1066,0,0,0,0,0,0,0.0
video09,BirdDrone-Local-FT,1067,0,0,0,0,0,0,0.0
video09,BirdDrone-Local-FT,1068,0,0,0,0,0,0,0.0
video09,BirdDrone-Local-FT,1069,0,0,0,0,0,0,0.0
video09,BirdDrone-Local-FT,1070,0,0,0,0,0,0,0.0
video09,BirdDrone-Local-FT,1071,0,0,0,0,0,0,0.0
video09,BirdDrone-Local-FT,1072,0,0,0,0,0,0,0.0
video09,BirdDrone-Local-FT,1073,0,0,0,0,0,0,0.0
video09,BirdDrone-Local-FT,1074,0,0,0,0,0,0,0.0
video09,BirdDrone-Local-FT,1075,0,0,0,0,0,0,0.0
video09,BirdDrone-Local-FT,1076,0,0,0,0,0,0,0.0
video09,BirdDrone-Local-FT,1077,0,0,0,0,0,0,0.0
video09,BirdDrone-Local-FT,1078,0,0,0,0,0,0,0.0
video09,BirdDrone-Local-FT,1079,0,0,0,0,0,0,0.0
video09,BirdDrone-Local-FT,1080,0,0,0,0,0,0,0.0
video09,BirdDrone-Local-FT,1081,0,0,0,0,0,0,0.0
video09,BirdDrone-Local-FT,1082,0,0,0,0,0,0,0.0
video09,BirdDrone-Local-FT,1083,0,0,0,0,0,0,0.0
video09,BirdDrone-Local-FT,1084,0,0,0,0,0,0,0.0
video09,BirdDrone-Local-FT,1085,0,0,0,0,0,0,0.0
video09,BirdDrone-Local-FT,1086,0,0,0,0,0,0,0.0
video09,BirdDrone-Local-FT,1087,0,0,0,0,0,0,0.0
video09,BirdDrone-Local-FT,1088,0,0,0,0,0,0,0.0
video09,BirdDrone-Local-FT,1089,0,0,0,0,0,0,0.0
video09,BirdDrone-Local-FT,1090,0,0,0,0,0,0,0.0
video09,BirdDrone-Local-FT,1091,0,0,0,0,0,0,0.0
video09,BirdDrone-Local-FT,1092,0,0,0,0,0,0,0.0
video09,BirdDrone-Local-FT,1093,0,0,0,0,0,0,0.0
video09,BirdDrone-Local-FT,1094,0,0,0,0,0,0,0.0
video09,BirdDrone-Local-FT,1095,0,0,0,0,0,0,0.0
video09,BirdDrone-Local-FT,1096,0,0,0,0,0,0,0.0
video09,BirdDrone-Local-FT,1097,0,0,0,0,0,0,0.0
video09,BirdDrone-Local-FT,1098,0,0,0,0,0,0,0.0
video09,BirdDrone-Local-FT,1099,0,0,0,0,0,0,0.0
video09,BirdDrone-Local-FT,1100,0,0,0,0,0,0,0.0
video09,BirdDrone-Local-FT,1101,0,0,0,0,0,0,0.0
video09,BirdDrone-Local-FT,1102,0,0,0,0,0,0,0.0
video09,BirdDrone-Local-FT,1103,0,0,0,0,0,0,0.0
video09,BirdDrone-Local-FT,1104,0,0,0,0,0,0,0.0
video09,BirdDrone-Local-FT,1105,0,0,0,0,0,0,0.0
video09,BirdDrone-Local-FT,1106,0,0,0,0,0,0,0.0
video09,BirdDrone-Local-FT,1107,0,0,0,0,0,0,0.0
video09,BirdDrone-Local-FT,1108,0,0,0,0,0,0,0.0
video09,BirdDrone-Local-FT,1109,0,0,0,0,0,0,0.0
video09,BirdDrone-Local-FT,1110,0,0,0,0,0,0,0.0
video09,BirdDrone-Local-FT,1111,0,0,0,0,0,0,0.0
video09,BirdDrone-Local-FT,1112,0,0,0,0,0,0,0.0
video09,BirdDrone-Local-FT,1113,0,0,0,0,0,0,0.0
video09,BirdDrone-Local-FT,1114,0,0,0,0,0,0,0.0
video09,BirdDrone-Local-FT,1115,0,0,0,0,0,0,0.0
video09,BirdDrone-Local-FT,1116,0,0,0,0,0,0,0.0
video09,BirdDrone-Local-FT,1117,0,0,0,0,0,0,0.0
video09,BirdDrone-Local-FT,1118,0,0,0,0,0,0,0.0
video09,BirdDrone-Local-FT,1119,0,0,0,0,0,0,0.0
video09,BirdDrone-Local-FT,1120,0,0,0,0,0,0,0.0
video09,BirdDrone-Local-FT,1121,0,0,0,0,0,0,0.0
video09,BirdDrone-Local-FT,1122,1,1,0,0,1,0,0.3274786174297333
video09,BirdDrone-Local-FT,1123,1,1,0,0,0,0,0.4002103805541992
video09,BirdDrone-Local-FT,1124,1,1,0,0,0,0,0.5256558060646057
video09,BirdDrone-Local-FT,1125,1,1,0,0,0,0,0.5584716200828552
video09,BirdDrone-Local-FT,1126,1,1,0,0,0,0,0.5286826491355896
video09,BirdDrone-Local-FT,1127,1,1,0,0,0,0,0.5226387977600098
video09,BirdDrone-Local-FT,1128,1,1,0,0,0,0,0.5795115232467651
video09,BirdDrone-Local-FT,1129,1,1,0,0,0,0,0.47767406702041626
video09,BirdDrone-Local-FT,1130,1,1,0,0,0,0,0.5504568219184875
video09,BirdDrone-Local-FT,1131,1,1,0,0,0,0,0.529140293598175
video09,BirdDrone-Local-FT,1132,1,1,0,0,0,0,0.6455058455467224
video09,BirdDrone-Local-FT,1133,1,1,0,0,0,0,0.585522472858429
video09,BirdDrone-Local-FT,1134,1,1,0,0,0,0,0.663939893245697
video09,BirdDrone-Local-FT,1135,1,1,0,0,0,0,0.6392778754234314
video09,BirdDrone-Local-FT,1136,1,1,0,0,0,0,0.7083367109298706
video09,BirdDrone-Local-FT,1137,1,1,0,0,0,0,0.7533956170082092
video09,BirdDrone-Local-FT,1138,1,1,0,0,0,0,0.754242479801178
video09,BirdDrone-Local-FT,1139,1,1,0,0,0,0,0.7778412103652954
video09,BirdDrone-Local-FT,1140,1,1,0,0,0,0,0.8132102489471436
video09,BirdDrone-Local-FT,1141,1,1,0,0,0,0,0.8057056665420532
video09,BirdDrone-Local-FT,1142,1,1,0,0,0,0,0.8475773930549622
video09,BirdDrone-Local-FT,1143,1,1,0,0,0,0,0.8361133337020874
video09,BirdDrone-Local-FT,1144,1,1,0,0,0,0,0.8451078534126282
video09,BirdDrone-Local-FT,1145,1,1,0,0,0,0,0.8378601670265198
video09,BirdDrone-Local-FT,1146,1,1,0,0,0,0,0.841172993183136
video09,BirdDrone-Local-FT,1147,1,1,0,0,0,0,0.8369063138961792
video09,BirdDrone-Local-FT,1148,1,1,0,0,0,0,0.84169602394104
video09,BirdDrone-Local-FT,1149,1,1,0,0,0,0,0.8357130885124207
video09,BirdDrone-Local-FT,1150,1,1,0,0,0,0,0.8359305262565613
video09,BirdDrone-Local-FT,1151,1,1,0,0,0,0,0.8455354571342468
video09,BirdDrone-Local-FT,1152,1,1,0,0,0,0,0.8535748720169067
video09,BirdDrone-Local-FT,1153,1,1,0,0,0,0,0.8637897968292236
video09,BirdDrone-Local-FT,1154,1,1,0,0,0,0,0.8846433162689209
video09,BirdDrone-Local-FT,1155,1,1,0,0,0,0,0.8879881501197815
video09,BirdDrone-Local-FT,1156,1,1,0,0,0,0,0.8834459185600281
video09,BirdDrone-Local-FT,1157,1,1,0,0,0,0,0.8860864639282227
video09,BirdDrone-Local-FT,1158,1,1,0,0,0,0,0.8844518065452576
video09,BirdDrone-Local-FT,1159,1,1,0,0,0,0,0.877250611782074
video09,BirdDrone-Local-FT,1160,1,1,0,0,0,0,0.8716213703155518
video09,BirdDrone-Local-FT,1161,1,1,0,0,0,0,0.8549586534500122
video09,BirdDrone-Local-FT,1162,1,1,0,0,0,0,0.8596187829971313
video09,BirdDrone-Local-FT,1163,1,1,0,0,0,0,0.858793318271637
video09,BirdDrone-Local-FT,1164,1,1,0,0,0,0,0.8418463468551636
video09,BirdDrone-Local-FT,1165,1,1,0,0,0,0,0.843488335609436
video09,BirdDrone-Local-FT,1166,1,1,0,0,0,0,0.8493700623512268
video09,BirdDrone-Local-FT,1167,1,1,0,0,0,0,0.836735725402832
video09,BirdDrone-Local-FT,1168,1,1,0,0,0,0,0.8323091268539429
video09,BirdDrone-Local-FT,1169,1,1,0,0,0,0,0.8290226459503174
video09,BirdDrone-Local-FT,1170,1,1,0,0,0,0,0.8595790863037109
video09,BirdDrone-Local-FT,1171,1,1,0,0,0,0,0.8566851615905762
video09,BirdDrone-Local-FT,1172,1,1,0,0,0,0,0.8580816388130188
video09,BirdDrone-Local-FT,1173,1,1,0,0,0,0,0.8534123301506042
video09,BirdDrone-Local-FT,1174,1,1,0,0,0,0,0.8596628308296204
video09,BirdDrone-Local-FT,1175,1,1,0,0,0,0,0.8560835123062134
video09,BirdDrone-Local-FT,1176,1,1,0,0,0,0,0.868453323841095
video09,BirdDrone-Local-FT,1177,1,1,0,0,0,0,0.870530903339386
video09,BirdDrone-Local-FT,1178,1,1,0,0,0,0,0.8502088785171509
video09,BirdDrone-Local-FT,1179,1,1,0,0,0,0,0.8829250335693359
video09,BirdDrone-Local-FT,1180,1,1,0,0,0,0,0.8746061325073242
video09,BirdDrone-Local-FT,1181,1,1,0,0,0,0,0.881502628326416
video09,BirdDrone-Local-FT,1182,1,1,0,0,0,0,0.8819504976272583
video09,BirdDrone-Local-FT,1183,1,1,0,0,0,0,0.8795138597488403
video09,BirdDrone-Local-FT,1184,1,1,0,0,0,0,0.8449719548225403
video09,BirdDrone-Local-FT,1185,1,1,0,0,0,0,0.8930589556694031
video09,BirdDrone-Local-FT,1186,1,1,0,0,0,0,0.8965373039245605
video09,BirdDrone-Local-FT,1187,1,1,0,0,0,0,0.8945223689079285
video09,BirdDrone-Local-FT,1188,1,1,0,0,0,0,0.8976662158966064
video09,BirdDrone-Local-FT,1189,1,1,0,0,0,0,0.9035152792930603
video09,BirdDrone-Local-FT,1190,1,1,0,0,0,0,0.8974007368087769
video09,BirdDrone-Local-FT,1191,1,1,0,0,0,0,0.9028531312942505
video09,BirdDrone-Local-FT,1192,1,1,0,0,0,0,0.8880181908607483
video09,BirdDrone-Local-FT,1193,1,1,0,0,0,0,0.8877818584442139
video09,BirdDrone-Local-FT,1194,1,1,0,0,0,0,0.8849865794181824
video09,BirdDrone-Local-FT,1195,1,1,0,0,0,0,0.8870439529418945
video09,BirdDrone-Local-FT,1196,1,1,0,0,0,0,0.8922237157821655
video09,BirdDrone-Local-FT,1197,1,1,0,0,0,0,0.8905256390571594
video09,BirdDrone-Local-FT,1198,1,1,0,0,0,0,0.905158519744873
video09,BirdDrone-Local-FT,1199,1,1,0,0,0,0,0.9048655033111572
video09,BirdDrone-Local-FT,1200,1,1,0,0,0,0,0.905910313129425
video09,BirdDrone-Local-FT,1201,1,1,0,0,0,0,0.9003314971923828
video09,BirdDrone-Local-FT,1202,1,1,0,0,0,0,0.8870125412940979
video09,BirdDrone-Local-FT,1203,1,1,0,0,0,0,0.8816630840301514
video09,BirdDrone-Local-FT,1204,1,1,0,0,0,0,0.8855661749839783
video09,BirdDrone-Local-FT,1205,1,1,0,0,0,0,0.8805948495864868
video09,BirdDrone-Local-FT,1206,1,1,0,0,0,0,0.8882846236228943
video09,BirdDrone-Local-FT,1207,1,1,0,0,0,0,0.8816773295402527
video09,BirdDrone-Local-FT,1208,1,1,0,0,0,0,0.8991404175758362
video09,BirdDrone-Local-FT,1209,1,1,0,0,0,0,0.9058886766433716
video09,BirdDrone-Local-FT,1210,1,1,0,0,0,0,0.9041103720664978
video09,BirdDrone-Local-FT,1211,1,1,0,0,0,0,0.8980824947357178
video09,BirdDrone-Local-FT,1212,1,1,0,0,0,0,0.896221935749054
video09,BirdDrone-Local-FT,1213,1,1,0,0,0,0,0.8942570090293884
video09,BirdDrone-Local-FT,1214,1,1,0,0,0,0,0.8912267684936523
video09,BirdDrone-Local-FT,1215,1,1,0,0,0,0,0.892665684223175
video09,BirdDrone-Local-FT,1216,2,2,0,0,0,0,0.7633435130119324
video09,BirdDrone-Local-FT,1217,1,1,0,0,0,0,0.9107502102851868
video09,BirdDrone-Local-FT,1218,1,1,0,0,0,0,0.9105907678604126
video09,BirdDrone-Local-FT,1219,1,1,0,0,0,0,0.9032570719718933
video09,BirdDrone-Local-FT,1220,1,1,0,0,0,0,0.8891998529434204
video09,BirdDrone-Local-FT,1221,1,1,0,0,0,0,0.8822659254074097
video09,BirdDrone-Local-FT,1222,1,1,0,0,0,0,0.8829175233840942
video09,BirdDrone-Local-FT,1223,1,1,0,0,0,0,0.8869878053665161
video09,BirdDrone-Local-FT,1224,1,1,0,0,0,0,0.9016826748847961
video09,BirdDrone-Local-FT,1225,1,1,0,0,0,0,0.9017460346221924
video09,BirdDrone-Local-FT,1226,1,1,0,0,0,0,0.9025390148162842
video09,BirdDrone-Local-FT,1227,1,1,0,0,0,0,0.8949106931686401
video09,BirdDrone-Local-FT,1228,1,1,0,0,0,0,0.8933857679367065
video09,BirdDrone-Local-FT,1229,1,1,0,0,0,0,0.8884022831916809
video09,BirdDrone-Local-FT,1230,1,1,0,0,0,0,0.893589973449707
video09,BirdDrone-Local-FT,1231,1,1,0,0,0,0,0.9132294654846191
video09,BirdDrone-Local-FT,1232,1,1,0,0,0,0,0.911899983882904
video09,BirdDrone-Local-FT,1233,1,1,0,0,0,0,0.9121177196502686
video09,BirdDrone-Local-FT,1234,1,1,0,0,0,0,0.9031411409378052
video09,BirdDrone-Local-FT,1235,1,1,0,0,0,0,0.8934928774833679
video09,BirdDrone-Local-FT,1236,1,1,0,0,0,0,0.8860659599304199
video09,BirdDrone-Local-FT,1237,1,1,0,0,0,0,0.8927370309829712
video09,BirdDrone-Local-FT,1238,1,1,0,0,0,0,0.9016099572181702
video09,BirdDrone-Local-FT,1239,1,1,0,0,0,0,0.9118041396141052
video09,BirdDrone-Local-FT,1240,1,1,0,0,0,0,0.9006539583206177
video09,BirdDrone-Local-FT,1241,1,1,0,0,0,0,0.9007989168167114
video09,BirdDrone-Local-FT,1242,1,1,0,0,0,0,0.8942856788635254
video09,BirdDrone-Local-FT,1243,1,1,0,0,0,0,0.8938242793083191
video09,BirdDrone-Local-FT,1244,1,1,0,0,0,0,0.8984991312026978
video09,BirdDrone-Local-FT,1245,1,1,0,0,0,0,0.9117842316627502
video09,BirdDrone-Local-FT,1246,1,1,0,0,0,0,0.9128121137619019
video09,BirdDrone-Local-FT,1247,1,1,0,0,0,0,0.911423921585083
video09,BirdDrone-Local-FT,1248,1,1,0,0,0,0,0.8930017948150635
video09,BirdDrone-Local-FT,1249,1,1,0,0,0,0,0.8933162689208984
video09,BirdDrone-Local-FT,1250,1,1,0,0,0,0,0.8922967910766602
video09,BirdDrone-Local-FT,1251,1,1,0,0,0,0,0.901648223400116
video09,BirdDrone-Local-FT,1252,1,1,0,0,0,0,0.9055874943733215
video09,BirdDrone-Local-FT,1253,1,1,0,0,0,0,0.9059629440307617
video09,BirdDrone-Local-FT,1254,1,1,0,0,0,0,0.9013036489486694
video09,BirdDrone-Local-FT,1255,1,1,0,0,0,0,0.900084912776947
video09,BirdDrone-Local-FT,1256,1,1,0,0,0,0,0.8955180644989014
video09,BirdDrone-Local-FT,1257,1,1,0,0,0,0,0.9008947014808655
video09,BirdDrone-Local-FT,1258,1,1,0,0,0,0,0.90641188621521
video09,BirdDrone-Local-FT,1259,1,1,0,0,0,0,0.9116644263267517
video09,BirdDrone-Local-FT,1260,1,1,0,0,0,0,0.9107722640037537
video09,BirdDrone-Local-FT,1261,1,1,0,0,0,0,0.9064697623252869
video09,BirdDrone-Local-FT,1262,1,1,0,0,0,0,0.901096761226654
video09,BirdDrone-Local-FT,1263,1,1,0,0,0,0,0.9033262133598328
video09,BirdDrone-Local-FT,1264,1,1,0,0,0,0,0.907455325126648
video09,BirdDrone-Local-FT,1265,1,1,0,0,0,0,0.9117389917373657
video09,BirdDrone-Local-FT,1266,1,1,0,0,0,0,0.9092883467674255
video09,BirdDrone-Local-FT,1267,1,1,0,0,0,0,0.9112566709518433
video09,BirdDrone-Local-FT,1268,1,1,0,0,0,0,0.9069202542304993
video09,BirdDrone-Local-FT,1269,1,1,0,0,0,0,0.9054539203643799
video09,BirdDrone-Local-FT,1270,1,1,0,0,0,0,0.9003899097442627
video09,BirdDrone-Local-FT,1271,1,1,0,0,0,0,0.9025387763977051
video09,BirdDrone-Local-FT,1272,1,1,0,0,0,0,0.8996434807777405
video09,BirdDrone-Local-FT,1273,1,1,0,0,0,0,0.9007455110549927
video09,BirdDrone-Local-FT,1274,1,1,0,0,0,0,0.9033549427986145
video09,BirdDrone-Local-FT,1275,1,1,0,0,0,0,0.9117486476898193
video09,BirdDrone-Local-FT,1276,1,1,0,0,0,0,0.9044266939163208
video09,BirdDrone-Local-FT,1277,1,1,0,0,0,0,0.8353260159492493
video09,BirdDrone-Local-FT,1278,1,1,0,0,0,0,0.9202239513397217
video09,BirdDrone-Local-FT,1279,1,1,0,0,0,0,0.921911358833313
video09,BirdDrone-Local-FT,1280,1,1,0,0,0,0,0.9195430874824524
video09,BirdDrone-Local-FT,1281,1,1,0,0,0,0,0.9163639545440674
video09,BirdDrone-Local-FT,1282,1,1,0,0,0,0,0.9131011962890625
video09,BirdDrone-Local-FT,1283,1,1,0,0,0,0,0.9143253564834595
video09,BirdDrone-Local-FT,1284,1,1,0,0,0,0,0.9210696816444397
video09,BirdDrone-Local-FT,1285,1,1,0,0,0,0,0.9194876551628113
video09,BirdDrone-Local-FT,1286,1,1,0,0,0,0,0.9174649715423584
video09,BirdDrone-Local-FT,1287,1,1,0,0,0,0,0.9186306595802307
video09,BirdDrone-Local-FT,1288,1,1,0,0,0,0,0.9181813597679138
video09,BirdDrone-Local-FT,1289,1,1,0,0,0,0,0.9207639694213867
video09,BirdDrone-Local-FT,1290,1,1,0,0,0,0,0.9204298257827759
video09,BirdDrone-Local-FT,1291,1,1,0,0,0,0,0.9190090298652649
video09,BirdDrone-Local-FT,1292,1,1,0,0,0,0,0.9218772053718567
video09,BirdDrone-Local-FT,1293,1,1,0,0,0,0,0.921951413154602
video09,BirdDrone-Local-FT,1294,1,1,0,0,0,0,0.9208852648735046
video09,BirdDrone-Local-FT,1295,1,1,0,0,0,0,0.9220429062843323
video09,BirdDrone-Local-FT,1296,1,1,0,0,0,0,0.9181798696517944
video09,BirdDrone-Local-FT,1297,1,1,0,0,0,0,0.9161320328712463
video09,BirdDrone-Local-FT,1298,1,1,0,0,0,0,0.9130197167396545
video09,BirdDrone-Local-FT,1299,1,1,0,0,0,0,0.9097186923027039
video09,BirdDrone-Local-FT,1300,1,1,0,0,0,0,0.9041412472724915
video09,BirdDrone-Local-FT,1301,1,1,0,0,0,0,0.8951247334480286
video09,BirdDrone-Local-FT,1302,1,1,0,0,0,0,0.8903310298919678
video09,BirdDrone-Local-FT,1303,1,1,0,0,0,0,0.8864639401435852
video09,BirdDrone-Local-FT,1304,1,1,0,0,0,0,0.8886188268661499
video09,BirdDrone-Local-FT,1305,1,1,0,0,0,0,0.887393593788147
video09,BirdDrone-Local-FT,1306,1,1,0,0,0,0,0.8907041549682617
video09,BirdDrone-Local-FT,1307,1,1,0,0,0,0,0.8874035477638245
video09,BirdDrone-Local-FT,1308,1,1,0,0,0,0,0.8747530579566956
video09,BirdDrone-Local-FT,1309,1,1,0,0,0,0,0.850226640701294
video09,BirdDrone-Local-FT,1310,1,1,0,0,0,0,0.8884453773498535
video09,BirdDrone-Local-FT,1311,1,1,0,0,0,0,0.8981196284294128
video09,BirdDrone-Local-FT,1312,1,1,0,0,0,0,0.8924428224563599
video09,BirdDrone-Local-FT,1313,1,1,0,0,0,0,0.8843759298324585
video09,BirdDrone-Local-FT,1314,1,1,0,0,0,0,0.8832906484603882
video09,BirdDrone-Local-FT,1315,1,1,0,0,0,0,0.8939427733421326
video09,BirdDrone-Local-FT,1316,1,1,0,0,0,0,0.8964248299598694
video09,BirdDrone-Local-FT,1317,1,1,0,0,0,0,0.8874065279960632
video09,BirdDrone-Local-FT,1318,1,1,0,0,0,0,0.8758683204650879
video09,BirdDrone-Local-FT,1319,1,1,0,0,0,0,0.8897305130958557
video09,BirdDrone-Local-FT,1320,1,1,0,0,0,0,0.8840015530586243
video09,BirdDrone-Local-FT,1321,1,1,0,0,0,0,0.8872707486152649
video09,BirdDrone-Local-FT,1322,1,1,0,0,0,0,0.8881211280822754
video09,BirdDrone-Local-FT,1323,1,1,0,0,0,0,0.8915728330612183
video09,BirdDrone-Local-FT,1324,1,1,0,0,0,0,0.8820225596427917
video09,BirdDrone-Local-FT,1325,1,1,0,0,0,0,0.8986378312110901
video09,BirdDrone-Local-FT,1326,1,1,0,0,0,0,0.8945115804672241
video09,BirdDrone-Local-FT,1327,1,1,0,0,0,0,0.8954061269760132
video09,BirdDrone-Local-FT,1328,1,1,0,0,0,0,0.8334384560585022
video09,BirdDrone-Local-FT,1329,1,1,0,0,0,0,0.9161269664764404
video09,BirdDrone-Local-FT,1330,1,1,0,0,0,0,0.901900589466095
video09,BirdDrone-Local-FT,1331,1,1,0,0,0,0,0.890949547290802
video09,BirdDrone-Local-FT,1332,1,1,0,0,0,0,0.8858320713043213
video09,BirdDrone-Local-FT,1333,1,1,0,0,0,0,0.9129638075828552
video09,BirdDrone-Local-FT,1334,1,1,0,0,0,0,0.911817729473114
video09,BirdDrone-Local-FT,1335,1,1,0,0,0,0,0.9011498093605042
video09,BirdDrone-Local-FT,1336,1,1,0,0,0,0,0.9099826812744141
video09,BirdDrone-Local-FT,1337,1,1,0,0,0,0,0.9085471630096436
video09,BirdDrone-Local-FT,1338,1,1,0,0,0,0,0.8992300033569336
video09,BirdDrone-Local-FT,1339,1,1,0,0,0,0,0.8989381790161133
video09,BirdDrone-Local-FT,1340,1,1,0,0,0,0,0.9090748429298401
video09,BirdDrone-Local-FT,1341,1,1,0,0,0,0,0.9172637462615967
video09,BirdDrone-Local-FT,1342,1,1,0,0,0,0,0.9128711223602295
video09,BirdDrone-Local-FT,1343,1,1,0,0,0,0,0.9078025221824646
video09,BirdDrone-Local-FT,1344,1,1,0,0,0,0,0.9155617356300354
video09,BirdDrone-Local-FT,1345,1,1,0,0,0,0,0.9187504649162292
video09,BirdDrone-Local-FT,1346,1,1,0,0,0,0,0.9056690335273743
video09,BirdDrone-Local-FT,1347,1,1,0,0,0,0,0.9053195118904114
video09,BirdDrone-Local-FT,1348,1,1,0,0,0,0,0.9170249700546265
video09,BirdDrone-Local-FT,1349,1,1,0,0,0,0,0.9221621751785278
video09,BirdDrone-Local-FT,1350,1,1,0,0,0,0,0.9129862189292908
video09,BirdDrone-Local-FT,1351,1,1,0,0,0,0,0.9103298187255859
video09,BirdDrone-Local-FT,1352,1,1,0,0,0,0,0.9135834574699402
video09,BirdDrone-Local-FT,1353,1,1,0,0,0,0,0.9101800322532654
video09,BirdDrone-Local-FT,1354,1,1,0,0,0,0,0.9049437046051025
video09,BirdDrone-Local-FT,1355,1,1,0,0,0,0,0.905585527420044
video09,BirdDrone-Local-FT,1356,1,1,0,0,0,0,0.9180601835250854
video09,BirdDrone-Local-FT,1357,1,1,0,0,0,0,0.9164461493492126
video09,BirdDrone-Local-FT,1358,1,1,0,0,0,0,0.9078364968299866
video09,BirdDrone-Local-FT,1359,1,1,0,0,0,0,0.9025204181671143
video09,BirdDrone-Local-FT,1360,1,1,0,0,0,0,0.9007931351661682
video09,BirdDrone-Local-FT,1361,1,1,0,0,0,0,0.891637921333313
video09,BirdDrone-Local-FT,1362,1,1,0,0,0,0,0.8955357670783997
video09,BirdDrone-Local-FT,1363,1,1,0,0,0,0,0.8950531482696533
video09,BirdDrone-Local-FT,1364,1,1,0,0,0,0,0.9063205718994141
video09,BirdDrone-Local-FT,1365,2,2,0,0,0,0,0.8089144825935364
video09,BirdDrone-Local-FT,1366,1,1,0,0,0,0,0.9052010178565979
video09,BirdDrone-Local-FT,1367,1,1,0,0,0,0,0.9061160683631897
video09,BirdDrone-Local-FT,1368,1,1,0,0,0,0,0.8960224390029907
video09,BirdDrone-Local-FT,1369,1,1,0,0,0,0,0.8945595622062683
video09,BirdDrone-Local-FT,1370,1,1,0,0,0,0,0.8910318613052368
video09,BirdDrone-Local-FT,1371,1,1,0,0,0,0,0.8989578485488892
video09,BirdDrone-Local-FT,1372,1,1,0,0,0,0,0.9016761779785156
video09,BirdDrone-Local-FT,1373,1,1,0,0,0,0,0.9044331312179565
video09,BirdDrone-Local-FT,1374,1,1,0,0,0,0,0.8969610929489136
video09,BirdDrone-Local-FT,1375,1,1,0,0,0,0,0.8964397311210632
video09,BirdDrone-Local-FT,1376,1,1,0,0,0,0,0.8662455081939697
video09,BirdDrone-Local-FT,1377,1,1,0,0,0,0,0.8902831077575684
video09,BirdDrone-Local-FT,1378,1,1,0,0,0,0,0.897287905216217
video09,BirdDrone-Local-FT,1379,1,1,0,0,0,0,0.9032164216041565
video09,BirdDrone-Local-FT,1380,1,1,0,0,0,0,0.882436215877533
video09,BirdDrone-Local-FT,1381,1,1,0,0,0,0,0.9015907645225525
video09,BirdDrone-Local-FT,1382,1,1,0,0,0,0,0.9038271903991699
video09,BirdDrone-Local-FT,1383,1,1,0,0,0,0,0.9023110270500183
video09,BirdDrone-Local-FT,1384,1,1,0,0,0,0,0.896899938583374
video09,BirdDrone-Local-FT,1385,1,1,0,0,0,0,0.897478461265564
video09,BirdDrone-Local-FT,1386,1,1,0,0,0,0,0.9115628600120544
video09,BirdDrone-Local-FT,1387,1,1,0,0,0,0,0.9114868640899658
video09,BirdDrone-Local-FT,1388,1,1,0,0,0,0,0.9032647609710693
video09,BirdDrone-Local-FT,1389,1,1,0,0,0,0,0.9002729058265686
video09,BirdDrone-Local-FT,1390,1,1,0,0,0,0,0.907038152217865
video09,BirdDrone-Local-FT,1391,1,1,0,0,0,0,0.9028976559638977
video09,BirdDrone-Local-FT,1392,1,1,0,0,0,0,0.8993663191795349
video09,BirdDrone-Local-FT,1393,1,1,0,0,0,0,0.900576114654541
video09,BirdDrone-Local-FT,1394,1,1,0,0,0,0,0.9055767059326172
video09,BirdDrone-Local-FT,1395,1,1,0,0,0,0,0.9005112648010254
video09,BirdDrone-Local-FT,1396,1,1,0,0,0,0,0.8993011116981506
video09,BirdDrone-Local-FT,1397,1,1,0,0,0,0,0.8960252404212952
video09,BirdDrone-Local-FT,1398,1,1,0,0,0,0,0.9068329334259033
video09,BirdDrone-Local-FT,1399,1,1,0,0,0,0,0.9099677801132202
video09,BirdDrone-Local-FT,1400,1,1,0,0,0,0,0.9018181562423706
video09,BirdDrone-Local-FT,1401,1,1,0,0,0,0,0.9006842970848083
video09,BirdDrone-Local-FT,1402,1,1,0,0,0,0,0.919039249420166
video09,BirdDrone-Local-FT,1403,1,1,0,0,0,0,0.9022985100746155
video09,BirdDrone-Local-FT,1404,1,1,0,0,0,0,0.8945764303207397
video09,BirdDrone-Local-FT,1405,1,1,0,0,0,0,0.9027450680732727
video09,BirdDrone-Local-FT,1406,2,2,0,0,0,0,0.508068323135376
video09,BirdDrone-Local-FT,1407,1,1,0,0,0,0,0.9035921692848206
video09,BirdDrone-Local-FT,1408,1,1,0,0,0,0,0.9035526514053345
video09,BirdDrone-Local-FT,1409,1,1,0,0,0,0,0.8705471754074097
video09,BirdDrone-Local-FT,1410,1,1,0,0,0,0,0.8782400488853455
video09,BirdDrone-Local-FT,1411,1,1,0,0,0,0,0.9020054936408997
video09,BirdDrone-Local-FT,1412,1,1,0,0,0,0,0.9040663838386536
video09,BirdDrone-Local-FT,1413,1,1,0,0,0,0,0.9255561828613281
video09,BirdDrone-Local-FT,1414,1,1,0,0,0,0,0.8909482359886169
video09,BirdDrone-Local-FT,1415,1,1,0,0,0,0,0.9004475474357605
video09,BirdDrone-Local-FT,1416,1,1,0,0,0,0,0.9142832159996033
video09,BirdDrone-Local-FT,1417,1,1,0,0,0,0,0.9171943068504333
video09,BirdDrone-Local-FT,1418,2,2,0,0,0,0,0.6896233558654785
video09,BirdDrone-Local-FT,1419,1,1,0,0,0,0,0.901286780834198
video09,BirdDrone-Local-FT,1420,1,1,0,0,0,0,0.8751873970031738
video09,BirdDrone-Local-FT,1421,1,1,0,0,0,0,0.9042792320251465
video09,BirdDrone-Local-FT,1422,1,1,0,0,0,0,0.9012958407402039
video09,BirdDrone-Local-FT,1423,1,1,0,0,0,0,0.9036404490470886
video09,BirdDrone-Local-FT,1424,1,1,0,0,0,0,0.8967083692550659
video09,BirdDrone-Local-FT,1425,1,1,0,0,0,0,0.9096536636352539
video09,BirdDrone-Local-FT,1426,1,1,0,0,0,0,0.8994684219360352
video09,BirdDrone-Local-FT,1427,1,1,0,0,0,0,0.906466543674469
video09,BirdDrone-Local-FT,1428,1,1,0,0,0,0,0.9012197852134705
video09,BirdDrone-Local-FT,1429,2,2,0,0,0,0,0.7950404286384583
video09,BirdDrone-Local-FT,1430,1,1,0,0,0,0,0.9056500196456909
video09,BirdDrone-Local-FT,1431,1,1,0,0,0,0,0.9174743890762329
video09,BirdDrone-Local-FT,1432,1,1,0,0,0,0,0.923964262008667
video09,BirdDrone-Local-FT,1433,1,1,0,0,0,0,0.9105516076087952
video09,BirdDrone-Local-FT,1434,1,1,0,0,0,0,0.911439061164856
video09,BirdDrone-Local-FT,1435,1,1,0,0,0,0,0.9110152125358582
video09,BirdDrone-Local-FT,1436,1,1,0,0,0,0,0.9094510078430176
video09,BirdDrone-Local-FT,1437,1,1,0,0,0,0,0.9178934693336487
video09,BirdDrone-Local-FT,1438,1,1,0,0,0,0,0.9118618369102478
video09,BirdDrone-Local-FT,1439,1,1,0,0,0,0,0.909649133682251
video09,BirdDrone-Local-FT,1440,1,1,0,0,0,0,0.9030882716178894
video09,BirdDrone-Local-FT,1441,1,1,0,0,0,0,0.903333306312561
video09,BirdDrone-Local-FT,1442,1,1,0,0,0,0,0.9048137664794922
video09,BirdDrone-Local-FT,1443,1,1,0,0,0,0,0.9054474830627441
video09,BirdDrone-Local-FT,1444,1,1,0,0,0,0,0.9072745442390442
video09,BirdDrone-Local-FT,1445,1,1,0,0,0,0,0.9098255634307861
video09,BirdDrone-Local-FT,1446,1,1,0,0,0,0,0.9103769063949585
video09,BirdDrone-Local-FT,1447,1,1,0,0,0,0,0.9098336696624756
video09,BirdDrone-Local-FT,1448,1,1,0,0,0,0,0.9146321415901184
video09,BirdDrone-Local-FT,1449,1,1,0,0,0,0,0.9123614430427551
video09,BirdDrone-Local-FT,1450,1,1,0,0,0,0,0.9134935736656189
video09,BirdDrone-Local-FT,1451,1,1,0,0,0,0,0.9177125096321106
video09,BirdDrone-Local-FT,1452,1,1,0,0,0,0,0.915677547454834
video09,BirdDrone-Local-FT,1453,1,1,0,0,0,0,0.9084895253181458
video09,BirdDrone-Local-FT,1454,1,1,0,0,0,0,0.9048323035240173
video09,BirdDrone-Local-FT,1455,1,1,0,0,0,0,0.9089166522026062
video09,BirdDrone-Local-FT,1456,1,1,0,0,0,0,0.9146999716758728
video09,BirdDrone-Local-FT,1457,1,1,0,0,0,0,0.9167470932006836
video09,BirdDrone-Local-FT,1458,1,1,0,0,0,0,0.9140162467956543
video09,BirdDrone-Local-FT,1459,1,1,0,0,0,0,0.9132512211799622
video09,BirdDrone-Local-FT,1460,1,1,0,0,0,0,0.9106823205947876
video09,BirdDrone-Local-FT,1461,1,1,0,0,0,0,0.9109301567077637
video09,BirdDrone-Local-FT,1462,1,1,0,0,0,0,0.911519467830658
video09,BirdDrone-Local-FT,1463,1,1,0,0,0,0,0.9078084230422974
video09,BirdDrone-Local-FT,1464,1,1,0,0,0,0,0.9093964099884033
video09,BirdDrone-Local-FT,1465,1,1,0,0,0,0,0.9075093269348145
video09,BirdDrone-Local-FT,1466,1,1,0,0,0,0,0.9103524088859558
video09,BirdDrone-Local-FT,1467,1,1,0,0,0,0,0.9089993834495544
video09,BirdDrone-Local-FT,1468,1,1,0,0,0,0,0.9089556336402893
video09,BirdDrone-Local-FT,1469,1,1,0,0,0,0,0.9079469442367554
video09,BirdDrone-Local-FT,1470,1,1,0,0,0,0,0.9083698987960815
video09,BirdDrone-Local-FT,1471,1,1,0,0,0,0,0.9067580103874207
video09,BirdDrone-Local-FT,1472,1,1,0,0,0,0,0.9041978716850281
video09,BirdDrone-Local-FT,1473,1,1,0,0,0,0,0.9047762751579285
video09,BirdDrone-Local-FT,1474,1,1,0,0,0,0,0.904405415058136
video09,BirdDrone-Local-FT,1475,1,1,0,0,0,0,0.9059248566627502
video09,BirdDrone-Local-FT,1476,1,1,0,0,0,0,0.9032800197601318
video09,BirdDrone-Local-FT,1477,1,1,0,0,0,0,0.9020668268203735
video09,BirdDrone-Local-FT,1478,1,1,0,0,0,0,0.9006914496421814
video09,BirdDrone-Local-FT,1479,1,1,0,0,0,0,0.9035726189613342
video09,BirdDrone-Local-FT,1480,1,1,0,0,0,0,0.8987061977386475
video09,BirdDrone-Local-FT,1481,1,1,0,0,0,0,0.8987348079681396
video09,BirdDrone-Local-FT,1482,1,1,0,0,0,0,0.8950673341751099
video09,BirdDrone-Local-FT,1483,1,1,0,0,0,0,0.897294282913208
video09,BirdDrone-Local-FT,1484,1,1,0,0,0,0,0.8953454494476318
video09,BirdDrone-Local-FT,1485,1,1,0,0,0,0,0.9007399082183838
video09,BirdDrone-Local-FT,1486,1,1,0,0,0,0,0.8994278311729431
video09,BirdDrone-Local-FT,1487,1,1,0,0,0,0,0.8979809880256653
video09,BirdDrone-Local-FT,1488,1,1,0,0,0,0,0.8999186754226685
video09,BirdDrone-Local-FT,1489,1,1,0,0,0,0,0.8972885608673096
video09,BirdDrone-Local-FT,1490,1,1,0,0,0,0,0.8970863819122314
video09,BirdDrone-Local-FT,1491,1,1,0,0,0,0,0.8940824866294861
video09,BirdDrone-Local-FT,1492,1,1,0,0,0,0,0.85866779088974
video09,BirdDrone-Local-FT,1493,1,1,0,0,0,0,0.9024274945259094
video09,BirdDrone-Local-FT,1494,1,1,0,0,0,0,0.8971386551856995
video09,BirdDrone-Local-FT,1495,1,1,0,0,0,0,0.8966928124427795
video09,BirdDrone-Local-FT,1496,1,1,0,0,0,0,0.895490825176239
video09,BirdDrone-Local-FT,1497,1,1,0,0,0,0,0.8950588703155518
video09,BirdDrone-Local-FT,1498,1,1,0,0,0,0,0.8960770964622498
video09,BirdDrone-Local-FT,1499,1,1,0,0,0,0,0.894987165927887
video09,BirdDrone-Local-FT,1500,1,1,0,0,0,0,0.8977035880088806
video09,BirdDrone-Local-FT,1501,1,1,0,0,0,0,0.9037354588508606
video09,BirdDrone-Local-FT,1502,1,1,0,0,0,0,0.9046687483787537
video09,BirdDrone-Local-FT,1503,1,1,0,0,0,0,0.9080591797828674
video09,BirdDrone-Local-FT,1504,1,1,0,0,0,0,0.9080591797828674
video09,BirdDrone-Local-FT,1505,1,1,0,0,0,0,0.9123628735542297
video09,BirdDrone-Local-FT,1506,1,1,0,0,0,0,0.9097957611083984
video09,BirdDrone-Local-FT,1507,1,1,0,0,0,0,0.9087479710578918
video09,BirdDrone-Local-FT,1508,1,1,0,0,0,0,0.9071454405784607
video09,BirdDrone-Local-FT,1509,1,1,0,0,0,0,0.9106525778770447
video09,BirdDrone-Local-FT,1510,1,1,0,0,0,0,0.911404013633728
video09,BirdDrone-Local-FT,1511,1,1,0,0,0,0,0.9084603786468506
video09,BirdDrone-Local-FT,1512,1,1,0,0,0,0,0.9049302339553833
video09,BirdDrone-Local-FT,1513,1,1,0,0,0,0,0.910099446773529
video09,BirdDrone-Local-FT,1514,1,1,0,0,0,0,0.9099497199058533
video09,BirdDrone-Local-FT,1515,1,1,0,0,0,0,0.905569851398468
video09,BirdDrone-Local-FT,1516,1,1,0,0,0,0,0.9027052521705627
video09,BirdDrone-Local-FT,1517,1,1,0,0,0,0,0.904376745223999
video09,BirdDrone-Local-FT,1518,1,1,0,0,0,0,0.9078453183174133
video09,BirdDrone-Local-FT,1519,1,1,0,0,0,0,0.9072476625442505
video09,BirdDrone-Local-FT,1520,1,1,0,0,0,0,0.9067339897155762
video09,BirdDrone-Local-FT,1521,1,1,0,0,0,0,0.9017164707183838
video09,BirdDrone-Local-FT,1522,1,1,0,0,0,0,0.9058790802955627
video09,BirdDrone-Local-FT,1523,1,1,0,0,0,0,0.9062159061431885
video09,BirdDrone-Local-FT,1524,1,1,0,0,0,0,0.9104772210121155
video09,BirdDrone-Local-FT,1525,1,1,0,0,0,0,0.9077657461166382
video09,BirdDrone-Local-FT,1526,1,1,0,0,0,0,0.9055929780006409
video09,BirdDrone-Local-FT,1527,1,1,0,0,0,0,0.9101938009262085
video09,BirdDrone-Local-FT,1528,1,1,0,0,0,0,0.9135255217552185
video09,BirdDrone-Local-FT,1529,1,1,0,0,0,0,0.9220948815345764
video09,BirdDrone-Local-FT,1530,1,1,0,0,0,0,0.9220024347305298
video09,BirdDrone-Local-FT,1531,1,1,0,0,0,0,0.9212620854377747
video09,BirdDrone-Local-FT,1532,1,1,0,0,0,0,0.9178802967071533
video09,BirdDrone-Local-FT,1533,1,1,0,0,0,0,0.9139953255653381
video09,BirdDrone-Local-FT,1534,1,1,0,0,0,0,0.9139806628227234
video09,BirdDrone-Local-FT,1535,1,1,0,0,0,0,0.9137541055679321
video09,BirdDrone-Local-FT,1536,1,1,0,0,0,0,0.9090529680252075
video09,BirdDrone-Local-FT,1537,1,1,0,0,0,0,0.9039679169654846
video09,BirdDrone-Local-FT,1538,1,1,0,0,0,0,0.9021748900413513
video09,BirdDrone-Local-FT,1539,1,1,0,0,0,0,0.9017639756202698
video09,BirdDrone-Local-FT,1540,1,1,0,0,0,0,0.903464674949646
video09,BirdDrone-Local-FT,1541,1,1,0,0,0,0,0.9045473337173462
video09,BirdDrone-Local-FT,1542,1,1,0,0,0,0,0.9031010866165161
video09,BirdDrone-Local-FT,1543,1,1,0,0,0,0,0.9114447236061096
video09,BirdDrone-Local-FT,1544,1,1,0,0,0,0,0.9064052104949951
video09,BirdDrone-Local-FT,1545,1,1,0,0,0,0,0.9175271987915039
video09,BirdDrone-Local-FT,1546,1,1,0,0,0,0,0.9162037968635559
video09,BirdDrone-Local-FT,1547,1,1,0,0,0,0,0.9169960021972656
video09,BirdDrone-Local-FT,1548,1,1,0,0,0,0,0.9178584218025208
video09,BirdDrone-Local-FT,1549,1,1,0,0,0,0,0.9155445098876953
video09,BirdDrone-Local-FT,1550,1,1,0,0,0,0,0.913371741771698
video09,BirdDrone-Local-FT,1551,1,1,0,0,0,0,0.9187498688697815
video09,BirdDrone-Local-FT,1552,1,1,0,0,0,0,0.9109002351760864
video09,BirdDrone-Local-FT,1553,1,1,0,0,0,0,0.911494791507721
video09,BirdDrone-Local-FT,1554,1,1,0,0,0,0,0.910406768321991
video09,BirdDrone-Local-FT,1555,1,1,0,0,0,0,0.9130704402923584
video09,BirdDrone-Local-FT,1556,1,1,0,0,0,0,0.9160133004188538
video09,BirdDrone-Local-FT,1557,1,1,0,0,0,0,0.9164888858795166
video09,BirdDrone-Local-FT,1558,1,1,0,0,0,0,0.9160102009773254
video09,BirdDrone-Local-FT,1559,1,1,0,0,0,0,0.9094412922859192
video09,BirdDrone-Local-FT,1560,1,1,0,0,0,0,0.909912109375
video09,BirdDrone-Local-FT,1561,1,1,0,0,0,0,0.908104419708252
video09,BirdDrone-Local-FT,1562,1,1,0,0,0,0,0.9092360138893127
video09,BirdDrone-Local-FT,1563,1,1,0,0,0,0,0.9020453095436096
video09,BirdDrone-Local-FT,1564,1,1,0,0,0,0,0.9006993174552917
video09,BirdDrone-Local-FT,1565,1,1,0,0,0,0,0.9042900800704956
video09,BirdDrone-Local-FT,1566,1,1,0,0,0,0,0.9072380661964417
video09,BirdDrone-Local-FT,1567,1,1,0,0,0,0,0.8800682425498962
video09,BirdDrone-Local-FT,1568,2,2,0,0,0,0,0.6532763838768005
video09,BirdDrone-Local-FT,1569,1,1,0,0,0,0,0.9288380742073059
video09,BirdDrone-Local-FT,1570,1,1,0,0,0,0,0.9269347190856934
video09,BirdDrone-Local-FT,1571,1,1,0,0,0,0,0.9295649528503418
video09,BirdDrone-Local-FT,1572,1,1,0,0,0,0,0.9306738972663879
video09,BirdDrone-Local-FT,1573,1,1,0,0,0,0,0.9305557012557983
video09,BirdDrone-Local-FT,1574,1,1,0,0,0,0,0.9252135753631592
video09,BirdDrone-Local-FT,1575,1,1,0,0,0,0,0.923669159412384
video09,BirdDrone-Local-FT,1576,1,1,0,0,0,0,0.9179767966270447
video09,BirdDrone-Local-FT,1577,1,1,0,0,0,0,0.911909818649292
video09,BirdDrone-Local-FT,1578,1,1,0,0,0,0,0.9065996408462524
video09,BirdDrone-Local-FT,1579,1,1,0,0,0,0,0.9047399759292603
video09,BirdDrone-Local-FT,1580,1,1,0,0,0,0,0.7675355672836304
video09,BirdDrone-Local-FT,1581,1,1,0,0,0,0,0.8669394850730896
video09,BirdDrone-Local-FT,1582,1,1,0,0,0,0,0.8836861252784729
video09,BirdDrone-Local-FT,1583,2,2,0,0,1,0,0.5271639227867126
video09,BirdDrone-Local-FT,1584,1,1,0,0,0,0,0.9091547131538391
video09,BirdDrone-Local-FT,1585,1,1,0,0,0,0,0.9130048155784607
video09,BirdDrone-Local-FT,1586,1,1,0,0,0,0,0.9117377996444702
video09,BirdDrone-Local-FT,1587,1,1,0,0,0,0,0.8951820731163025
video09,BirdDrone-Local-FT,1588,1,1,0,0,0,0,0.9106206297874451
video09,BirdDrone-Local-FT,1589,1,1,0,0,0,0,0.912619411945343
video09,BirdDrone-Local-FT,1590,1,1,0,0,0,0,0.9061701893806458
video09,BirdDrone-Local-FT,1591,1,1,0,0,0,0,0.9081289768218994
video09,BirdDrone-Local-FT,1592,1,1,0,0,0,0,0.9087377190589905
video09,BirdDrone-Local-FT,1593,1,1,0,0,0,0,0.9095590114593506
video09,BirdDrone-Local-FT,1594,1,1,0,0,0,0,0.909446656703949
video09,BirdDrone-Local-FT,1595,1,1,0,0,0,0,0.9057746529579163
video09,BirdDrone-Local-FT,1596,1,1,0,0,0,0,0.9046071171760559
video09,BirdDrone-Local-FT,1597,1,1,0,0,0,0,0.9049922227859497
video09,BirdDrone-Local-FT,1598,1,1,0,0,0,0,0.8983983993530273
video09,BirdDrone-Local-FT,1599,1,1,0,0,0,0,0.9005058407783508
video09,BirdDrone-Local-FT,1600,1,1,0,0,0,0,0.9019320011138916
video09,BirdDrone-Local-FT,1601,1,1,0,0,0,0,0.8948900699615479
video09,BirdDrone-Local-FT,1602,1,1,0,0,0,0,0.899679958820343
video09,BirdDrone-Local-FT,1603,1,1,0,0,0,0,0.89817214012146
video09,BirdDrone-Local-FT,1604,1,1,0,0,0,0,0.8949295878410339
video09,BirdDrone-Local-FT,1605,1,1,0,0,0,0,0.8948339819908142
video09,BirdDrone-Local-FT,1606,1,1,0,0,0,0,0.8954340815544128
video09,BirdDrone-Local-FT,1607,1,1,0,0,0,0,0.8960660099983215
video09,BirdDrone-Local-FT,1608,1,1,0,0,0,0,0.8965292572975159
video09,BirdDrone-Local-FT,1609,1,1,0,0,0,0,0.8961310982704163
video09,BirdDrone-Local-FT,1610,1,1,0,0,0,0,0.9037403464317322
video09,BirdDrone-Local-FT,1611,1,1,0,0,0,0,0.9071987271308899
video09,BirdDrone-Local-FT,1612,1,1,0,0,0,0,0.9029870629310608
video09,BirdDrone-Local-FT,1613,1,1,0,0,0,0,0.9018685817718506
video09,BirdDrone-Local-FT,1614,1,1,0,0,0,0,0.9046187996864319
video09,BirdDrone-Local-FT,1615,1,1,0,0,0,0,0.9031466841697693
video09,BirdDrone-Local-FT,1616,1,1,0,0,0,0,0.9063097238540649
video09,BirdDrone-Local-FT,1617,1,1,0,0,0,0,0.9059290885925293
video09,BirdDrone-Local-FT,1618,1,1,0,0,0,0,0.8999029397964478
video09,BirdDrone-Local-FT,1619,1,1,0,0,0,0,0.8957344889640808
video09,BirdDrone-Local-FT,1620,1,1,0,0,0,0,0.9053773283958435
video09,BirdDrone-Local-FT,1621,1,1,0,0,0,0,0.8981273174285889
video09,BirdDrone-Local-FT,1622,1,1,0,0,0,0,0.9001230597496033
video09,BirdDrone-Local-FT,1623,1,1,0,0,0,0,0.8956519365310669
video09,BirdDrone-Local-FT,1624,1,1,0,0,0,0,0.8985773921012878
video09,BirdDrone-Local-FT,1625,1,1,0,0,0,0,0.8905411958694458
video09,BirdDrone-Local-FT,1626,1,1,0,0,0,0,0.8911557793617249
video09,BirdDrone-Local-FT,1627,1,1,0,0,0,0,0.8943458199501038
video09,BirdDrone-Local-FT,1628,1,1,0,0,0,0,0.8962810635566711
video09,BirdDrone-Local-FT,1629,1,1,0,0,0,0,0.9032259583473206
video09,BirdDrone-Local-FT,1630,1,1,0,0,0,0,0.9034580588340759
video09,BirdDrone-Local-FT,1631,1,1,0,0,0,0,0.9129028916358948
video09,BirdDrone-Local-FT,1632,1,1,0,0,0,0,0.9068556427955627
video09,BirdDrone-Local-FT,1633,2,2,0,0,1,0,0.8003484606742859
video09,BirdDrone-Local-FT,1634,1,1,0,0,0,0,0.9059149026870728
video09,BirdDrone-Local-FT,1635,1,1,0,0,0,0,0.9070296883583069
video09,BirdDrone-Local-FT,1636,1,1,0,0,0,0,0.9000086188316345
video09,BirdDrone-Local-FT,1637,1,1,0,0,0,0,0.8952112197875977
video09,BirdDrone-Local-FT,1638,1,1,0,0,0,0,0.8940907716751099
video09,BirdDrone-Local-FT,1639,1,1,0,0,0,0,0.8949662446975708
video09,BirdDrone-Local-FT,1640,1,1,0,0,0,0,0.8928136825561523
video09,BirdDrone-Local-FT,1641,1,1,0,0,0,0,0.8966732621192932
video09,BirdDrone-Local-FT,1642,1,1,0,0,0,0,0.9029890298843384
video09,BirdDrone-Local-FT,1643,1,1,0,0,0,0,0.891029953956604
video09,BirdDrone-Local-FT,1644,1,1,0,0,0,0,0.9014516472816467
video09,BirdDrone-Local-FT,1645,1,1,0,0,0,0,0.8987687826156616
video09,BirdDrone-Local-FT,1646,1,1,0,0,0,0,0.8934645056724548
video09,BirdDrone-Local-FT,1647,1,1,0,0,0,0,0.8897861242294312
video09,BirdDrone-Local-FT,1648,1,1,0,0,0,0,0.8994680643081665
video09,BirdDrone-Local-FT,1649,1,1,0,0,0,0,0.9068616628646851
video09,BirdDrone-Local-FT,1650,1,1,0,0,0,0,0.9101824164390564
video09,BirdDrone-Local-FT,1651,1,1,0,0,0,0,0.9140982031822205
video09,BirdDrone-Local-FT,1652,1,1,0,0,0,0,0.8996462821960449
video09,BirdDrone-Local-FT,1653,1,1,0,0,0,0,0.9073787927627563
video09,BirdDrone-Local-FT,1654,1,1,0,0,0,0,0.9009171724319458
video09,BirdDrone-Local-FT,1655,1,1,0,0,0,0,0.8960950374603271
video09,BirdDrone-Local-FT,1656,1,1,0,0,0,0,0.9017402529716492
video09,BirdDrone-Local-FT,1657,1,1,0,0,0,0,0.909865140914917
video09,BirdDrone-Local-FT,1658,1,1,0,0,0,0,0.9037657976150513
video09,BirdDrone-Local-FT,1659,1,1,0,0,0,0,0.8994999527931213
video09,BirdDrone-Local-FT,1660,1,1,0,0,0,0,0.8961685299873352
video09,BirdDrone-Local-FT,1661,1,1,0,0,0,0,0.90427166223526
video09,BirdDrone-Local-FT,1662,1,1,0,0,0,0,0.900987982749939
video09,BirdDrone-Local-FT,1663,1,1,0,0,0,0,0.8942822217941284
video09,BirdDrone-Local-FT,1664,1,1,0,0,0,0,0.9020372033119202
video09,BirdDrone-Local-FT,1665,1,1,0,0,0,0,0.9072141051292419
video09,BirdDrone-Local-FT,1666,1,1,0,0,0,0,0.9096933603286743
video09,BirdDrone-Local-FT,1667,1,1,0,0,0,0,0.9029579758644104
video09,BirdDrone-Local-FT,1668,1,1,0,0,0,0,0.9102174639701843
video09,BirdDrone-Local-FT,1669,1,1,0,0,0,0,0.9033148288726807
video09,BirdDrone-Local-FT,1670,1,1,0,0,0,0,0.9032225608825684
video09,BirdDrone-Local-FT,1671,1,1,0,0,0,0,0.8985053896903992
video09,BirdDrone-Local-FT,1672,1,1,0,0,0,0,0.9040251970291138
video09,BirdDrone-Local-FT,1673,1,1,0,0,0,0,0.9049986600875854
video09,BirdDrone-Local-FT,1674,1,1,0,0,0,0,0.905661404132843
video09,BirdDrone-Local-FT,1675,1,1,0,0,0,0,0.8790005445480347
video09,BirdDrone-Local-FT,1676,1,1,0,0,0,0,0.9038650393486023
video09,BirdDrone-Local-FT,1677,1,1,0,0,0,0,0.9001489877700806
video09,BirdDrone-Local-FT,1678,1,1,0,0,0,0,0.9009534120559692
video09,BirdDrone-Local-FT,1679,1,1,0,0,0,0,0.9070459604263306
video09,BirdDrone-Local-FT,1680,1,1,0,0,0,0,0.9097647666931152
video09,BirdDrone-Local-FT,1681,1,1,0,0,0,0,0.912902295589447
video09,BirdDrone-Local-FT,1682,1,1,0,0,0,0,0.9152355790138245
video09,BirdDrone-Local-FT,1683,1,1,0,0,0,0,0.911310613155365
video09,BirdDrone-Local-FT,1684,1,1,0,0,0,0,0.9080066680908203
video09,BirdDrone-Local-FT,1685,1,1,0,0,0,0,0.8968508839607239
video09,BirdDrone-Local-FT,1686,1,1,0,0,0,0,0.9012231826782227
video09,BirdDrone-Local-FT,1687,1,1,0,0,0,0,0.9047258496284485
video09,BirdDrone-Local-FT,1688,1,1,0,0,0,0,0.9032341241836548
video09,BirdDrone-Local-FT,1689,1,1,0,0,0,0,0.9068586230278015
video09,BirdDrone-Local-FT,1690,1,1,0,0,0,0,0.9020417928695679
video09,BirdDrone-Local-FT,1691,1,1,0,0,0,0,0.9011991620063782
video09,BirdDrone-Local-FT,1692,1,1,0,0,0,0,0.8950414657592773
video09,BirdDrone-Local-FT,1693,1,1,0,0,0,0,0.8936218619346619
video09,BirdDrone-Local-FT,1694,1,1,0,0,0,0,0.901134729385376
video09,BirdDrone-Local-FT,1695,1,1,0,0,0,0,0.9048581719398499
video09,BirdDrone-Local-FT,1696,1,1,0,0,0,0,0.908820629119873
video09,BirdDrone-Local-FT,1697,1,1,0,0,0,0,0.9078826904296875
video09,BirdDrone-Local-FT,1698,1,1,0,0,0,0,0.9100542664527893
video09,BirdDrone-Local-FT,1699,1,1,0,0,0,0,0.9010217785835266
video09,BirdDrone-Local-FT,1700,1,1,0,0,0,0,0.8939573764801025
video09,BirdDrone-Local-FT,1701,1,1,0,0,0,0,0.9021205902099609
video09,BirdDrone-Local-FT,1702,1,1,0,0,0,0,0.9038146138191223
video09,BirdDrone-Local-FT,1703,1,1,0,0,0,0,0.8943852186203003
video09,BirdDrone-Local-FT,1704,1,1,0,0,0,0,0.8996860384941101
video09,BirdDrone-Local-FT,1705,1,1,0,0,0,0,0.9100776314735413
video09,BirdDrone-Local-FT,1706,1,1,0,0,0,0,0.8998481631278992
video09,BirdDrone-Local-FT,1707,1,1,0,0,0,0,0.894608199596405
video09,BirdDrone-Local-FT,1708,1,1,0,0,0,0,0.8991438746452332
video09,BirdDrone-Local-FT,1709,1,1,0,0,0,0,0.9070688486099243
video09,BirdDrone-Local-FT,1710,1,1,0,0,0,0,0.9087579250335693
video09,BirdDrone-Local-FT,1711,1,1,0,0,0,0,0.9119415879249573
video09,BirdDrone-Local-FT,1712,1,1,0,0,0,0,0.7659878134727478
video09,BirdDrone-Local-FT,1713,1,1,0,0,0,0,0.9077258706092834
video09,BirdDrone-Local-FT,1714,1,1,0,0,0,0,0.9002165198326111
video09,BirdDrone-Local-FT,1715,1,1,0,0,0,0,0.9011664390563965
video09,BirdDrone-Local-FT,1716,1,1,0,0,0,0,0.9094226360321045
video09,BirdDrone-Local-FT,1717,1,1,0,0,0,0,0.907809853553772
video09,BirdDrone-Local-FT,1718,1,1,0,0,0,0,0.8998767733573914
video09,BirdDrone-Local-FT,1719,1,1,0,0,0,0,0.8995397686958313
video09,BirdDrone-Local-FT,1720,1,1,0,0,0,0,0.905619740486145
video09,BirdDrone-Local-FT,1721,1,1,0,0,0,0,0.9028747081756592
video09,BirdDrone-Local-FT,1722,1,1,0,0,0,0,0.8936120271682739
video09,BirdDrone-Local-FT,1723,1,1,0,0,0,0,0.8999611139297485
video09,BirdDrone-Local-FT,1724,1,1,0,0,0,0,0.9028238654136658
video09,BirdDrone-Local-FT,1725,1,1,0,0,0,0,0.9080535769462585
video09,BirdDrone-Local-FT,1726,1,1,0,0,0,0,0.9125844836235046
video09,BirdDrone-Local-FT,1727,1,1,0,0,0,0,0.9122966527938843
video09,BirdDrone-Local-FT,1728,1,1,0,0,0,0,0.9146523475646973
video09,BirdDrone-Local-FT,1729,1,1,0,0,0,0,0.9106498956680298
video09,BirdDrone-Local-FT,1730,1,1,0,0,0,0,0.9088335037231445
video09,BirdDrone-Local-FT,1731,1,1,0,0,0,0,0.9083494544029236
video09,BirdDrone-Local-FT,1732,1,1,0,0,0,0,0.9026140570640564
video09,BirdDrone-Local-FT,1733,1,1,0,0,0,0,0.9019471406936646
video09,BirdDrone-Local-FT,1734,1,1,0,0,0,0,0.9028195142745972
video09,BirdDrone-Local-FT,1735,1,1,0,0,0,0,0.9068408608436584
video09,BirdDrone-Local-FT,1736,1,1,0,0,0,0,0.9027575254440308
video09,BirdDrone-Local-FT,1737,1,1,0,0,0,0,0.9084510803222656
video09,BirdDrone-Local-FT,1738,1,1,0,0,0,0,0.9028606414794922
video09,BirdDrone-Local-FT,1739,1,1,0,0,0,0,0.9062559008598328
video09,BirdDrone-Local-FT,1740,1,1,0,0,0,0,0.9032735228538513
video09,BirdDrone-Local-FT,1741,1,1,0,0,0,0,0.896483838558197
video09,BirdDrone-Local-FT,1742,1,1,0,0,0,0,0.9022533893585205
video09,BirdDrone-Local-FT,1743,1,1,0,0,0,0,0.8983637690544128
video09,BirdDrone-Local-FT,1744,1,1,0,0,0,0,0.9019573330879211
video09,BirdDrone-Local-FT,1745,1,1,0,0,0,0,0.9020722508430481
video09,BirdDrone-Local-FT,1746,1,1,0,0,0,0,0.9054244160652161
video09,BirdDrone-Local-FT,1747,1,1,0,0,0,0,0.9064213633537292
video09,BirdDrone-Local-FT,1748,1,1,0,0,0,0,0.9061792492866516
video09,BirdDrone-Local-FT,1749,1,1,0,0,0,0,0.8948363065719604
video09,BirdDrone-Local-FT,1750,1,1,0,0,0,0,0.8981688618659973
video09,BirdDrone-Local-FT,1751,1,1,0,0,0,0,0.8970760107040405
video09,BirdDrone-Local-FT,1752,1,1,0,0,0,0,0.9003708958625793
video09,BirdDrone-Local-FT,1753,1,1,0,0,0,0,0.9014667868614197
video09,BirdDrone-Local-FT,1754,1,1,0,0,0,0,0.902280867099762
video09,BirdDrone-Local-FT,1755,1,1,0,0,0,0,0.899389922618866
video09,BirdDrone-Local-FT,1756,1,1,0,0,0,0,0.9035819172859192
video09,BirdDrone-Local-FT,1757,1,1,0,0,0,0,0.9043266177177429
video09,BirdDrone-Local-FT,1758,1,1,0,0,0,0,0.9074416756629944
video09,BirdDrone-Local-FT,1759,1,1,0,0,0,0,0.905623733997345
video09,BirdDrone-Local-FT,1760,1,1,0,0,0,0,0.9052456021308899
video09,BirdDrone-Local-FT,1761,1,1,0,0,0,0,0.9051681756973267
video09,BirdDrone-Local-FT,1762,1,1,0,0,0,0,0.9061606526374817
video09,BirdDrone-Local-FT,1763,1,1,0,0,0,0,0.905351996421814
video09,BirdDrone-Local-FT,1764,1,1,0,0,0,0,0.9066399335861206
video09,BirdDrone-Local-FT,1765,1,1,0,0,0,0,0.9061184525489807
video09,BirdDrone-Local-FT,1766,1,1,0,0,0,0,0.9054245352745056
video09,BirdDrone-Local-FT,1767,1,1,0,0,0,0,0.9068715572357178
video09,BirdDrone-Local-FT,1768,1,1,0,0,0,0,0.9046372175216675
video09,BirdDrone-Local-FT,1769,1,1,0,0,0,0,0.905898928642273
video09,BirdDrone-Local-FT,1770,1,1,0,0,0,0,0.9052180647850037
video09,BirdDrone-Local-FT,1771,1,1,0,0,0,0,0.9058020114898682
video09,BirdDrone-Local-FT,1772,1,1,0,0,0,0,0.9052414298057556
video09,BirdDrone-Local-FT,1773,1,1,0,0,0,0,0.9055371284484863
video09,BirdDrone-Local-FT,1774,1,1,0,0,0,0,0.9038281440734863
video09,BirdDrone-Local-FT,1775,1,1,0,0,0,0,0.9077581167221069
video09,BirdDrone-Local-FT,1776,1,1,0,0,0,0,0.9074880480766296
video09,BirdDrone-Local-FT,1777,1,1,0,0,0,0,0.907534658908844
video09,BirdDrone-Local-FT,1778,1,1,0,0,0,0,0.9050670862197876
video09,BirdDrone-Local-FT,1779,1,1,0,0,0,0,0.9047658443450928
video09,BirdDrone-Local-FT,1780,1,1,0,0,0,0,0.9062178134918213
video09,BirdDrone-Local-FT,1781,1,1,0,0,0,0,0.9076445698738098
video09,BirdDrone-Local-FT,1782,1,1,0,0,0,0,0.9071696996688843
video09,BirdDrone-Local-FT,1783,1,1,0,0,0,0,0.9109992980957031
video09,BirdDrone-Local-FT,1784,1,1,0,0,0,0,0.9104925394058228
video09,BirdDrone-Local-FT,1785,1,1,0,0,0,0,0.9115555286407471
video09,BirdDrone-Local-FT,1786,1,1,0,0,0,0,0.9122012257575989
video09,BirdDrone-Local-FT,1787,1,1,0,0,0,0,0.9145147800445557
video09,BirdDrone-Local-FT,1788,1,1,0,0,0,0,0.9123361706733704
video09,BirdDrone-Local-FT,1789,1,1,0,0,0,0,0.9130721092224121
video09,BirdDrone-Local-FT,1790,1,1,0,0,0,0,0.9123330116271973
video09,BirdDrone-Local-FT,1791,1,1,0,0,0,0,0.9154688715934753
video09,BirdDrone-Local-FT,1792,1,1,0,0,0,0,0.9176359176635742
video09,BirdDrone-Local-FT,1793,1,1,0,0,0,0,0.9118626117706299
video09,BirdDrone-Local-FT,1794,1,1,0,0,0,0,0.9145958423614502
video09,BirdDrone-Local-FT,1795,1,1,0,0,0,0,0.9095145463943481
video09,BirdDrone-Local-FT,1796,1,1,0,0,0,0,0.9017266631126404
video09,BirdDrone-Local-FT,1797,1,1,0,0,0,0,0.8941036462783813
video09,BirdDrone-Local-FT,1798,1,1,0,0,0,0,0.9079119563102722
video09,BirdDrone-Local-FT,1799,1,1,0,0,0,0,0.9074798226356506
video09,BirdDrone-Local-FT,1800,1,1,0,0,0,0,0.904780387878418
video09,BirdDrone-Local-FT,1801,1,1,0,0,0,0,0.8909392356872559
video09,BirdDrone-Local-FT,1802,1,1,0,0,0,0,0.9001686573028564
video09,BirdDrone-Local-FT,1803,1,1,0,0,0,0,0.8925440311431885
video09,BirdDrone-Local-FT,1804,1,1,0,0,0,0,0.8940433859825134
video09,BirdDrone-Local-FT,1805,1,1,0,0,0,0,0.9010329842567444
video09,BirdDrone-Local-FT,1806,1,1,0,0,0,0,0.9016947746276855
video09,BirdDrone-Local-FT,1807,1,1,0,0,0,0,0.9159194827079773
video09,BirdDrone-Local-FT,1808,1,1,0,0,0,0,0.9108592867851257
video09,BirdDrone-Local-FT,1809,1,1,0,0,0,0,0.8976593017578125
video09,BirdDrone-Local-FT,1810,1,1,0,0,0,0,0.896765410900116
video09,BirdDrone-Local-FT,1811,1,1,0,0,0,0,0.8914952278137207
video09,BirdDrone-Local-FT,1812,1,1,0,0,0,0,0.8853810429573059
video09,BirdDrone-Local-FT,1813,1,1,0,0,0,0,0.9087866544723511
video09,BirdDrone-Local-FT,1814,1,1,0,0,0,0,0.8937592506408691
video09,BirdDrone-Local-FT,1815,1,1,0,0,0,0,0.8906709551811218
video09,BirdDrone-Local-FT,1816,1,1,0,0,0,0,0.9052533507347107
video09,BirdDrone-Local-FT,1817,1,1,0,0,0,0,0.9085655808448792
video09,BirdDrone-Local-FT,1818,1,1,0,0,0,0,0.9105290174484253
video09,BirdDrone-Local-FT,1819,1,1,0,0,0,0,0.91322261095047
video09,BirdDrone-Local-FT,1820,1,1,0,0,0,0,0.9136769771575928
video09,BirdDrone-Local-FT,1821,1,1,0,0,0,0,0.9094882011413574
video09,BirdDrone-Local-FT,1822,1,1,0,0,0,0,0.904554009437561
video09,BirdDrone-Local-FT,1823,1,1,0,0,0,0,0.9030049443244934
video09,BirdDrone-Local-FT,1824,1,1,0,0,0,0,0.9021821618080139
video09,BirdDrone-Local-FT,1825,1,1,0,0,0,0,0.9040631055831909
video09,BirdDrone-Local-FT,1826,1,1,0,0,0,0,0.9048349261283875
video09,BirdDrone-Local-FT,1827,1,1,0,0,0,0,0.9006642699241638
video09,BirdDrone-Local-FT,1828,1,1,0,0,0,0,0.9020978808403015
video09,BirdDrone-Local-FT,1829,1,1,0,0,0,0,0.903233528137207
video09,BirdDrone-Local-FT,1830,1,1,0,0,0,0,0.9040067791938782
video09,BirdDrone-Local-FT,1831,1,1,0,0,0,0,0.898327648639679
video09,BirdDrone-Local-FT,1832,1,1,0,0,0,0,0.8975977301597595
video09,BirdDrone-Local-FT,1833,1,1,0,0,0,0,0.8984323740005493
video09,BirdDrone-Local-FT,1834,1,1,0,0,0,0,0.899890661239624
video09,BirdDrone-Local-FT,1835,1,1,0,0,0,0,0.899020254611969
video09,BirdDrone-Local-FT,1836,1,1,0,0,0,0,0.9040750861167908
video09,BirdDrone-Local-FT,1837,1,1,0,0,0,0,0.8993685245513916
video09,BirdDrone-Local-FT,1838,1,1,0,0,0,0,0.902538001537323
video09,BirdDrone-Local-FT,1839,2,2,0,0,0,0,0.743960440158844
video09,BirdDrone-Local-FT,1840,1,1,0,0,0,0,0.9103122353553772
video09,BirdDrone-Local-FT,1841,1,1,0,0,0,0,0.903419017791748
video09,BirdDrone-Local-FT,1842,1,1,0,0,0,0,0.9031276106834412
video09,BirdDrone-Local-FT,1843,1,1,0,0,0,0,0.9023838639259338
video09,BirdDrone-Local-FT,1844,1,1,0,0,0,0,0.9023374319076538
video09,BirdDrone-Local-FT,1845,1,1,0,0,0,0,0.9037416577339172
video09,BirdDrone-Local-FT,1846,1,1,0,0,0,0,0.8989619612693787
video09,BirdDrone-Local-FT,1847,1,1,0,0,0,0,0.9042177200317383
video09,BirdDrone-Local-FT,1848,1,1,0,0,0,0,0.9084485173225403
video09,BirdDrone-Local-FT,1849,1,1,0,0,0,0,0.9113959074020386
video09,BirdDrone-Local-FT,1850,1,1,0,0,0,0,0.9120005965232849
video09,BirdDrone-Local-FT,1851,1,1,0,0,0,0,0.9154830574989319
video09,BirdDrone-Local-FT,1852,1,1,0,0,0,0,0.9154528975486755
video09,BirdDrone-Local-FT,1853,1,1,0,0,0,0,0.9165478348731995
video09,BirdDrone-Local-FT,1854,1,1,0,0,0,0,0.9169140458106995
video09,BirdDrone-Local-FT,1855,1,1,0,0,0,0,0.9149900078773499
video09,BirdDrone-Local-FT,1856,1,1,0,0,0,0,0.9073377847671509
video09,BirdDrone-Local-FT,1857,1,1,0,0,0,0,0.9102407693862915
video09,BirdDrone-Local-FT,1858,1,1,0,0,0,0,0.9138612151145935
video09,BirdDrone-Local-FT,1859,1,1,0,0,0,0,0.9155398011207581
video09,BirdDrone-Local-FT,1860,1,1,0,0,0,0,0.9162102937698364
video09,BirdDrone-Local-FT,1861,1,1,0,0,0,0,0.9072259068489075
video09,BirdDrone-Local-FT,1862,1,1,0,0,0,0,0.8939158320426941
video09,BirdDrone-Local-FT,1863,1,1,0,0,0,0,0.9014094471931458
video09,BirdDrone-Local-FT,1864,1,1,0,0,0,0,0.9048141241073608
video09,BirdDrone-Local-FT,1865,1,1,0,0,0,0,0.9022155404090881
video09,BirdDrone-Local-FT,1866,1,1,0,0,0,0,0.9022902846336365
video09,BirdDrone-Local-FT,1867,1,1,0,0,0,0,0.9039968252182007
video09,BirdDrone-Local-FT,1868,1,1,0,0,0,0,0.9082868099212646
video09,BirdDrone-Local-FT,1869,1,1,0,0,0,0,0.7570889592170715
video09,BirdDrone-Local-FT,1870,1,1,0,0,0,0,0.913281261920929
video09,BirdDrone-Local-FT,1871,1,1,0,0,0,0,0.9157629013061523
video09,BirdDrone-Local-FT,1872,1,1,0,0,0,0,0.9129664897918701
video09,BirdDrone-Local-FT,1873,1,1,0,0,0,0,0.876963198184967
video09,BirdDrone-Local-FT,1874,1,1,0,0,0,0,0.9037583470344543
video09,BirdDrone-Local-FT,1875,1,1,0,0,0,0,0.9142873883247375
video09,BirdDrone-Local-FT,1876,1,1,0,0,0,0,0.9095433354377747
video09,BirdDrone-Local-FT,1877,1,1,0,0,0,0,0.9050499796867371
video09,BirdDrone-Local-FT,1878,1,1,0,0,0,0,0.9097429513931274
video09,BirdDrone-Local-FT,1879,1,1,0,0,0,0,0.8905056715011597
video09,BirdDrone-Local-FT,1880,1,1,0,0,0,0,0.9118170142173767
video09,BirdDrone-Local-FT,1881,1,1,0,0,0,0,0.9156646728515625
video09,BirdDrone-Local-FT,1882,1,1,0,0,0,0,0.9191046357154846
video09,BirdDrone-Local-FT,1883,1,1,0,0,0,0,0.9165348410606384
video09,BirdDrone-Local-FT,1884,1,1,0,0,0,0,0.9204301238059998
video09,BirdDrone-Local-FT,1885,1,1,0,0,0,0,0.912635326385498
video09,BirdDrone-Local-FT,1886,2,2,0,0,0,0,0.8927474021911621
video09,BirdDrone-Local-FT,1887,1,1,0,0,0,0,0.9285598397254944
video09,BirdDrone-Local-FT,1888,1,1,0,0,0,0,0.9283813834190369
video09,BirdDrone-Local-FT,1889,1,1,0,0,0,0,0.9227040410041809
video09,BirdDrone-Local-FT,1890,1,1,0,0,0,0,0.8969681262969971
video09,BirdDrone-Local-FT,1891,1,1,0,0,0,0,0.8863151669502258
video09,BirdDrone-Local-FT,1892,1,1,0,0,0,0,0.8746989369392395
video09,BirdDrone-Local-FT,1893,1,1,0,0,0,0,0.8963821530342102
video09,BirdDrone-Local-FT,1894,1,1,0,0,0,0,0.9060872197151184
video09,BirdDrone-Local-FT,1895,1,1,0,0,0,0,0.900111198425293
video09,BirdDrone-Local-FT,1896,1,1,0,0,0,0,0.9016516208648682
video09,BirdDrone-Local-FT,1897,1,1,0,0,0,0,0.8773472309112549
video09,BirdDrone-Local-FT,1898,1,1,0,0,0,0,0.901343047618866
video09,BirdDrone-Local-FT,1899,1,1,0,0,0,0,0.9036410450935364
video09,BirdDrone-Local-FT,1900,1,1,0,0,0,0,0.9065723419189453
video09,BirdDrone-Local-FT,1901,1,1,0,0,0,0,0.9103779196739197
video09,BirdDrone-Local-FT,1902,1,1,0,0,0,0,0.9094627499580383
video09,BirdDrone-Local-FT,1903,1,1,0,0,0,0,0.9145943522453308
video09,BirdDrone-Local-FT,1904,1,1,0,0,0,0,0.9183579087257385
video09,BirdDrone-Local-FT,1905,1,1,0,0,0,0,0.9241848587989807
video09,BirdDrone-Local-FT,1906,1,1,0,0,0,0,0.9219217300415039
video09,BirdDrone-Local-FT,1907,1,1,0,0,0,0,0.9252856969833374
video09,BirdDrone-Local-FT,1908,1,1,0,0,0,0,0.918380618095398
video09,BirdDrone-Local-FT,1909,1,1,0,0,0,0,0.8957245349884033
video09,BirdDrone-Local-FT,1910,1,1,0,0,0,0,0.8900831341743469
video09,BirdDrone-Local-FT,1911,1,1,0,0,0,0,0.8994776606559753
video09,BirdDrone-Local-FT,1912,1,1,0,0,0,0,0.892947793006897
video09,BirdDrone-Local-FT,1913,1,1,0,0,0,0,0.8986181616783142
video09,BirdDrone-Local-FT,1914,1,1,0,0,0,0,0.8945401906967163
video09,BirdDrone-Local-FT,1915,1,1,0,0,0,0,0.8963164687156677
video09,BirdDrone-Local-FT,1916,1,1,0,0,0,0,0.8933386206626892
video09,BirdDrone-Local-FT,1917,1,1,0,0,0,0,0.8912351131439209
video09,BirdDrone-Local-FT,1918,1,1,0,0,0,0,0.8974910378456116
video09,BirdDrone-Local-FT,1919,1,1,0,0,0,0,0.9004882574081421
video09,BirdDrone-Local-FT,1920,1,1,0,0,0,0,0.9102018475532532
video09,BirdDrone-Local-FT,1921,1,1,0,0,0,0,0.9141086935997009
video09,BirdDrone-Local-FT,1922,1,1,0,0,0,0,0.9158062934875488
video09,BirdDrone-Local-FT,1923,1,1,0,0,0,0,0.9206550121307373
video09,BirdDrone-Local-FT,1924,1,1,0,0,0,0,0.9209198951721191
video09,BirdDrone-Local-FT,1925,1,1,0,0,0,0,0.9175669550895691
video09,BirdDrone-Local-FT,1926,1,1,0,0,0,0,0.9147710800170898
video09,BirdDrone-Local-FT,1927,1,1,0,0,0,0,0.8918373584747314
video09,BirdDrone-Local-FT,1928,1,1,0,0,0,0,0.9025494456291199
video09,BirdDrone-Local-FT,1929,1,1,0,0,0,0,0.9035307168960571
video09,BirdDrone-Local-FT,1930,1,1,0,0,0,0,0.9035013318061829
video09,BirdDrone-Local-FT,1931,1,1,0,0,0,0,0.9064313769340515
video09,BirdDrone-Local-FT,1932,1,1,0,0,0,0,0.9048459529876709
video09,BirdDrone-Local-FT,1933,1,1,0,0,0,0,0.9019054174423218
video09,BirdDrone-Local-FT,1934,1,1,0,0,0,0,0.9022519588470459
video09,BirdDrone-Local-FT,1935,1,1,0,0,0,0,0.9018311500549316
video09,BirdDrone-Local-FT,1936,1,1,0,0,0,0,0.9081933498382568
video09,BirdDrone-Local-FT,1937,1,1,0,0,0,0,0.9056019186973572
video09,BirdDrone-Local-FT,1938,1,1,0,0,0,0,0.9062197804450989
video09,BirdDrone-Local-FT,1939,1,1,0,0,0,0,0.9106090664863586
video09,BirdDrone-Local-FT,1940,1,1,0,0,0,0,0.9155521392822266
video09,BirdDrone-Local-FT,1941,1,1,0,0,0,0,0.9171178340911865
video09,BirdDrone-Local-FT,1942,1,1,0,0,0,0,0.9187334775924683
video09,BirdDrone-Local-FT,1943,1,1,0,0,0,0,0.9163879752159119
video09,BirdDrone-Local-FT,1944,1,1,0,0,0,0,0.9191468954086304
video09,BirdDrone-Local-FT,1945,1,1,0,0,0,0,0.9164679646492004
video09,BirdDrone-Local-FT,1946,1,1,0,0,0,0,0.9223631620407104
video09,BirdDrone-Local-FT,1947,1,1,0,0,0,0,0.9229010939598083
video09,BirdDrone-Local-FT,1948,1,1,0,0,0,0,0.9093266129493713
video09,BirdDrone-Local-FT,1949,2,2,0,0,0,0,0.8215104937553406
video09,BirdDrone-Local-FT,1950,1,1,0,0,0,0,0.9051644802093506
video09,BirdDrone-Local-FT,1951,1,1,0,0,0,0,0.9206730127334595
video09,BirdDrone-Local-FT,1952,1,1,0,0,0,0,0.9203218221664429
video09,BirdDrone-Local-FT,1953,1,1,0,0,0,0,0.9155235290527344
video09,BirdDrone-Local-FT,1954,1,1,0,0,0,0,0.9167088270187378
video09,BirdDrone-Local-FT,1955,1,1,0,0,0,0,0.9175379276275635
video09,BirdDrone-Local-FT,1956,1,1,0,0,0,0,0.9150828123092651
video09,BirdDrone-Local-FT,1957,1,1,0,0,0,0,0.916111946105957
video09,BirdDrone-Local-FT,1958,1,1,0,0,0,0,0.9186226725578308
video09,BirdDrone-Local-FT,1959,1,1,0,0,0,0,0.91859370470047
video09,BirdDrone-Local-FT,1960,1,1,0,0,0,0,0.9158872961997986
video09,BirdDrone-Local-FT,1961,1,1,0,0,0,0,0.9215754270553589
video09,BirdDrone-Local-FT,1962,1,1,0,0,0,0,0.9246104955673218
video09,BirdDrone-Local-FT,1963,1,1,0,0,0,0,0.9199188947677612
video09,BirdDrone-Local-FT,1964,1,1,0,0,0,0,0.9181722402572632
video09,BirdDrone-Local-FT,1965,1,1,0,0,0,0,0.9219518899917603
video09,BirdDrone-Local-FT,1966,1,1,0,0,0,0,0.923694372177124
video09,BirdDrone-Local-FT,1967,1,1,0,0,0,0,0.9201629757881165
video09,BirdDrone-Local-FT,1968,1,1,0,0,0,0,0.9171801805496216
video09,BirdDrone-Local-FT,1969,1,1,0,0,0,0,0.9150413870811462
video09,BirdDrone-Local-FT,1970,1,1,0,0,0,0,0.9135681986808777
video09,BirdDrone-Local-FT,1971,1,1,0,0,0,0,0.9169486165046692
video09,BirdDrone-Local-FT,1972,1,1,0,0,0,0,0.9185856580734253
video09,BirdDrone-Local-FT,1973,1,1,0,0,0,0,0.9120302796363831
video09,BirdDrone-Local-FT,1974,1,1,0,0,0,0,0.9092392921447754
video09,BirdDrone-Local-FT,1975,1,1,0,0,0,0,0.9060624837875366
video09,BirdDrone-Local-FT,1976,1,1,0,0,0,0,0.9081295728683472
video09,BirdDrone-Local-FT,1977,1,1,0,0,0,0,0.9057909846305847
video09,BirdDrone-Local-FT,1978,1,1,0,0,0,0,0.9069424271583557
video09,BirdDrone-Local-FT,1979,1,1,0,0,0,0,0.9074599742889404
video09,BirdDrone-Local-FT,1980,1,1,0,0,0,0,0.9091507196426392
video09,BirdDrone-Local-FT,1981,1,1,0,0,0,0,0.906337559223175
video09,BirdDrone-Local-FT,1982,1,1,0,0,0,0,0.910530686378479
video09,BirdDrone-Local-FT,1983,1,1,0,0,0,0,0.910239577293396
video09,BirdDrone-Local-FT,1984,1,1,0,0,0,0,0.9072279334068298
video09,BirdDrone-Local-FT,1985,1,1,0,0,0,0,0.905889093875885
video09,BirdDrone-Local-FT,1986,1,1,0,0,0,0,0.9042455554008484
video09,BirdDrone-Local-FT,1987,1,1,0,0,0,0,0.9053860306739807
video09,BirdDrone-Local-FT,1988,1,1,0,0,0,0,0.9041931629180908
video09,BirdDrone-Local-FT,1989,1,1,0,0,0,0,0.8992526531219482
video09,BirdDrone-Local-FT,1990,1,1,0,0,0,0,0.9034281969070435
video09,BirdDrone-Local-FT,1991,1,1,0,0,0,0,0.9101018309593201
video09,BirdDrone-Local-FT,1992,1,1,0,0,0,0,0.91152024269104
video09,BirdDrone-Local-FT,1993,1,1,0,0,0,0,0.9144578576087952
video09,BirdDrone-Local-FT,1994,1,1,0,0,0,0,0.9186500310897827
video09,BirdDrone-Local-FT,1995,1,1,0,0,0,0,0.9133553504943848
video09,BirdDrone-Local-FT,1996,1,1,0,0,0,0,0.9196568131446838
video09,BirdDrone-Local-FT,1997,1,1,0,0,0,0,0.9236851930618286
video09,BirdDrone-Local-FT,1998,1,1,0,0,0,0,0.9171810150146484
video09,BirdDrone-Local-FT,1999,1,1,0,0,0,0,0.9208058714866638
video09,BirdDrone-Local-FT,2000,1,1,0,0,0,0,0.9197548031806946
video09,BirdDrone-Local-FT,2001,1,1,0,0,0,0,0.9188697338104248
video09,BirdDrone-Local-FT,2002,1,1,0,0,0,0,0.9189414978027344
video09,BirdDrone-Local-FT,2003,1,1,0,0,0,0,0.914193868637085
video09,BirdDrone-Local-FT,2004,1,1,0,0,0,0,0.9107149243354797
video09,BirdDrone-Local-FT,2005,1,1,0,0,0,0,0.903743326663971
video09,BirdDrone-Local-FT,2006,1,1,0,0,0,0,0.9045491814613342
video09,BirdDrone-Local-FT,2007,1,1,0,0,0,0,0.8989178538322449
video09,BirdDrone-Local-FT,2008,1,1,0,0,0,0,0.8988891839981079
video09,BirdDrone-Local-FT,2009,1,1,0,0,0,0,0.8985218405723572
video09,BirdDrone-Local-FT,2010,1,1,0,0,0,0,0.9034356474876404
video09,BirdDrone-Local-FT,2011,1,1,0,0,0,0,0.909818172454834
video09,BirdDrone-Local-FT,2012,1,1,0,0,0,0,0.9127634167671204
video09,BirdDrone-Local-FT,2013,1,1,0,0,0,0,0.9196456074714661
video09,BirdDrone-Local-FT,2014,1,1,0,0,0,0,0.9215593338012695
video09,BirdDrone-Local-FT,2015,1,1,0,0,0,0,0.9225437045097351
video09,BirdDrone-Local-FT,2016,1,1,0,0,0,0,0.9187654852867126
video09,BirdDrone-Local-FT,2017,1,1,0,0,0,0,0.9157804846763611
video09,BirdDrone-Local-FT,2018,1,1,0,0,0,0,0.9093083739280701
video09,BirdDrone-Local-FT,2019,1,1,0,0,0,0,0.9077274203300476
video09,BirdDrone-Local-FT,2020,1,1,0,0,0,0,0.9014882445335388
video09,BirdDrone-Local-FT,2021,1,1,0,0,0,0,0.9017801880836487
video09,BirdDrone-Local-FT,2022,1,1,0,0,0,0,0.9034826755523682
video09,BirdDrone-Local-FT,2023,1,1,0,0,0,0,0.9067272543907166
video09,BirdDrone-Local-FT,2024,1,1,0,0,0,0,0.9108436107635498
video09,BirdDrone-Local-FT,2025,1,1,0,0,0,0,0.9196165800094604
video09,BirdDrone-Local-FT,2026,1,1,0,0,0,0,0.9248916506767273
video09,BirdDrone-Local-FT,2027,1,1,0,0,0,0,0.9235855340957642
video09,BirdDrone-Local-FT,2028,1,1,0,0,0,0,0.923455536365509
video09,BirdDrone-Local-FT,2029,1,1,0,0,0,0,0.9168568253517151
video09,BirdDrone-Local-FT,2030,1,1,0,0,0,0,0.9141645431518555
video09,BirdDrone-Local-FT,2031,1,1,0,0,0,0,0.9099664688110352
video09,BirdDrone-Local-FT,2032,1,1,0,0,0,0,0.9092228412628174
video09,BirdDrone-Local-FT,2033,1,1,0,0,0,0,0.9108796715736389
video09,BirdDrone-Local-FT,2034,1,1,0,0,0,0,0.9107457995414734
video09,BirdDrone-Local-FT,2035,1,1,0,0,0,0,0.9123939871788025
video09,BirdDrone-Local-FT,2036,1,1,0,0,0,0,0.9127371311187744
video09,BirdDrone-Local-FT,2037,1,1,0,0,0,0,0.9152402281761169
video09,BirdDrone-Local-FT,2038,1,1,0,0,0,0,0.9191945195198059
video09,BirdDrone-Local-FT,2039,1,1,0,0,0,0,0.9222303032875061
video09,BirdDrone-Local-FT,2040,1,1,0,0,0,0,0.9223594069480896
video09,BirdDrone-Local-FT,2041,1,1,0,0,0,0,0.9210781455039978
video09,BirdDrone-Local-FT,2042,1,1,0,0,0,0,0.9187384247779846
video09,BirdDrone-Local-FT,2043,1,1,0,0,0,0,0.915963888168335
video09,BirdDrone-Local-FT,2044,1,1,0,0,0,0,0.9171224236488342
video09,BirdDrone-Local-FT,2045,1,1,0,0,0,0,0.913729190826416
video09,BirdDrone-Local-FT,2046,1,1,0,0,0,0,0.9088017344474792
video09,BirdDrone-Local-FT,2047,1,1,0,0,0,0,0.9041585922241211
video09,BirdDrone-Local-FT,2048,1,1,0,0,0,0,0.8994690179824829
video09,BirdDrone-Local-FT,2049,1,1,0,0,0,0,0.8993098139762878
video09,BirdDrone-Local-FT,2050,1,1,0,0,0,0,0.881180465221405
video09,BirdDrone-Local-FT,2051,1,1,0,0,0,0,0.8743517994880676
video09,BirdDrone-Local-FT,2052,1,1,0,0,0,0,0.8823972344398499
video09,BirdDrone-Local-FT,2053,1,1,0,0,0,0,0.8850080370903015
video09,BirdDrone-Local-FT,2054,1,1,0,0,0,0,0.8837209343910217
video09,BirdDrone-Local-FT,2055,1,1,0,0,0,0,0.8921844363212585
video09,BirdDrone-Local-FT,2056,1,1,0,0,0,0,0.8918992877006531
video09,BirdDrone-Local-FT,2057,1,1,0,0,0,0,0.888777494430542
video09,BirdDrone-Local-FT,2058,1,1,0,0,0,0,0.8890551924705505
video09,BirdDrone-Local-FT,2059,1,1,0,0,0,0,0.8919161558151245
video09,BirdDrone-Local-FT,2060,1,1,0,0,0,0,0.8917811512947083
video09,BirdDrone-Local-FT,2061,1,1,0,0,0,0,0.8898404836654663
video09,BirdDrone-Local-FT,2062,1,1,0,0,0,0,0.8861179947853088
video09,BirdDrone-Local-FT,2063,1,1,0,0,0,0,0.8859272599220276
video09,BirdDrone-Local-FT,2064,1,1,0,0,0,0,0.886228084564209
video09,BirdDrone-Local-FT,2065,1,1,0,0,0,0,0.8864420056343079
video09,BirdDrone-Local-FT,2066,1,1,0,0,0,0,0.888475775718689
video09,BirdDrone-Local-FT,2067,1,1,0,0,0,0,0.8885143399238586
video09,BirdDrone-Local-FT,2068,1,1,0,0,0,0,0.8897379636764526
video09,BirdDrone-Local-FT,2069,1,1,0,0,0,0,0.8889492750167847
video09,BirdDrone-Local-FT,2070,1,1,0,0,0,0,0.8875155448913574
video09,BirdDrone-Local-FT,2071,1,1,0,0,0,0,0.8857215046882629
video09,BirdDrone-Local-FT,2072,1,1,0,0,0,0,0.8856202960014343
video09,BirdDrone-Local-FT,2073,1,1,0,0,0,0,0.8875917196273804
video09,BirdDrone-Local-FT,2074,1,1,0,0,0,0,0.8877825736999512
video09,BirdDrone-Local-FT,2075,1,1,0,0,0,0,0.888541579246521
video09,BirdDrone-Local-FT,2076,1,1,0,0,0,0,0.889963686466217
video09,BirdDrone-Local-FT,2077,1,1,0,0,0,0,0.888796865940094
video09,BirdDrone-Local-FT,2078,1,1,0,0,0,0,0.8892394304275513
video09,BirdDrone-Local-FT,2079,1,1,0,0,0,0,0.8870787620544434
video09,BirdDrone-Local-FT,2080,1,1,0,0,0,0,0.888248860836029
video09,BirdDrone-Local-FT,2081,1,1,0,0,0,0,0.8873105049133301
video09,BirdDrone-Local-FT,2082,1,1,0,0,0,0,0.8885796070098877
video09,BirdDrone-Local-FT,2083,1,1,0,0,0,0,0.8867847919464111
video09,BirdDrone-Local-FT,2084,1,1,0,0,0,0,0.8892315030097961
video09,BirdDrone-Local-FT,2085,1,1,0,0,0,0,0.8895474672317505
video09,BirdDrone-Local-FT,2086,1,1,0,0,0,0,0.891268253326416
video09,BirdDrone-Local-FT,2087,1,1,0,0,0,0,0.8934749960899353
video09,BirdDrone-Local-FT,2088,1,1,0,0,0,0,0.8909973502159119
video09,BirdDrone-Local-FT,2089,1,1,0,0,0,0,0.8887854814529419
video09,BirdDrone-Local-FT,2090,1,1,0,0,0,0,0.8892474174499512
video09,BirdDrone-Local-FT,2091,1,1,0,0,0,0,0.8906546831130981
video09,BirdDrone-Local-FT,2092,1,1,0,0,0,0,0.8915215730667114
video09,BirdDrone-Local-FT,2093,1,1,0,0,0,0,0.8899483680725098
video09,BirdDrone-Local-FT,2094,1,1,0,0,0,0,0.8913536071777344
video09,BirdDrone-Local-FT,2095,1,1,0,0,0,0,0.8918156623840332
video09,BirdDrone-Local-FT,2096,1,1,0,0,0,0,0.8909793496131897
video09,BirdDrone-Local-FT,2097,1,1,0,0,0,0,0.8908746838569641
video09,BirdDrone-Local-FT,2098,1,1,0,0,0,0,0.8926714658737183
video09,BirdDrone-Local-FT,2099,1,1,0,0,0,0,0.894122302532196
video09,BirdDrone-Local-FT,2100,1,1,0,0,0,0,0.8936236500740051
video09,BirdDrone-Local-FT,2101,1,1,0,0,0,0,0.8951295614242554
video09,BirdDrone-Local-FT,2102,1,1,0,0,0,0,0.8951040506362915
video09,BirdDrone-Local-FT,2103,1,1,0,0,0,0,0.8971702456474304
video09,BirdDrone-Local-FT,2104,1,1,0,0,0,0,0.8978278040885925
video09,BirdDrone-Local-FT,2105,1,1,0,0,0,0,0.8980875015258789
video09,BirdDrone-Local-FT,2106,1,1,0,0,0,0,0.8979712128639221
video09,BirdDrone-Local-FT,2107,1,1,0,0,0,0,0.8972399830818176
video09,BirdDrone-Local-FT,2108,1,1,0,0,0,0,0.8966469168663025
video09,BirdDrone-Local-FT,2109,1,1,0,0,0,0,0.8958077430725098
video09,BirdDrone-Local-FT,2110,1,1,0,0,0,0,0.8954365253448486
video09,BirdDrone-Local-FT,2111,1,1,0,0,0,0,0.8965097665786743
video09,BirdDrone-Local-FT,2112,1,1,0,0,0,0,0.8960795998573303
video09,BirdDrone-Local-FT,2113,1,1,0,0,0,0,0.8974480032920837
video09,BirdDrone-Local-FT,2114,1,1,0,0,0,0,0.8973438143730164
video09,BirdDrone-Local-FT,2115,1,1,0,0,0,0,0.8971540927886963
video09,BirdDrone-Local-FT,2116,1,1,0,0,0,0,0.8937278985977173
video09,BirdDrone-Local-FT,2117,1,1,0,0,0,0,0.8947853446006775
video09,BirdDrone-Local-FT,2118,1,1,0,0,0,0,0.8916488289833069
video09,BirdDrone-Local-FT,2119,1,1,0,0,0,0,0.8918123245239258
video09,BirdDrone-Local-FT,2120,1,1,0,0,0,0,0.8938934206962585
video09,BirdDrone-Local-FT,2121,1,1,0,0,0,0,0.8910725712776184
video09,BirdDrone-Local-FT,2122,1,1,0,0,0,0,0.8902266025543213
video09,BirdDrone-Local-FT,2123,1,1,0,0,0,0,0.8883649110794067
video09,BirdDrone-Local-FT,2124,1,1,0,0,0,0,0.885099470615387
video09,BirdDrone-Local-FT,2125,1,1,0,0,0,0,0.8874430656433105
video09,BirdDrone-Local-FT,2126,1,1,0,0,0,0,0.8887474536895752
video09,BirdDrone-Local-FT,2127,1,1,0,0,0,0,0.8889731168746948
video09,BirdDrone-Local-FT,2128,1,1,0,0,0,0,0.8906222581863403
video09,BirdDrone-Local-FT,2129,1,1,0,0,0,0,0.8924164772033691
video09,BirdDrone-Local-FT,2130,1,1,0,0,0,0,0.8925588130950928
video09,BirdDrone-Local-FT,2131,1,1,0,0,0,0,0.8946642279624939
video09,BirdDrone-Local-FT,2132,1,1,0,0,0,0,0.8949571847915649
video09,BirdDrone-Local-FT,2133,1,1,0,0,0,0,0.895700216293335
video09,BirdDrone-Local-FT,2134,1,1,0,0,0,0,0.8986933827400208
video09,BirdDrone-Local-FT,2135,1,1,0,0,0,0,0.8994515538215637
video09,BirdDrone-Local-FT,2136,1,1,0,0,0,0,0.9044629335403442
video09,BirdDrone-Local-FT,2137,1,1,0,0,0,0,0.905068576335907
video09,BirdDrone-Local-FT,2138,1,1,0,0,0,0,0.905431866645813
video09,BirdDrone-Local-FT,2139,1,1,0,0,0,0,0.9028569459915161
video09,BirdDrone-Local-FT,2140,1,1,0,0,0,0,0.9028403162956238
video09,BirdDrone-Local-FT,2141,1,1,0,0,0,0,0.9044923186302185
video09,BirdDrone-Local-FT,2142,1,1,0,0,0,0,0.9036961197853088
video09,BirdDrone-Local-FT,2143,1,1,0,0,0,0,0.9017751216888428
video09,BirdDrone-Local-FT,2144,1,1,0,0,0,0,0.9041231870651245
video09,BirdDrone-Local-FT,2145,1,1,0,0,0,0,0.9045621156692505
video09,BirdDrone-Local-FT,2146,1,1,0,0,0,0,0.9023284316062927
video09,BirdDrone-Local-FT,2147,1,1,0,0,0,0,0.90083247423172
video09,BirdDrone-Local-FT,2148,1,1,0,0,0,0,0.901072084903717
video09,BirdDrone-Local-FT,2149,1,1,0,0,0,0,0.9018837213516235
video09,BirdDrone-Local-FT,2150,1,1,0,0,0,0,0.9036989212036133
video09,BirdDrone-Local-FT,2151,1,1,0,0,0,0,0.9078002572059631
video09,BirdDrone-Local-FT,2152,1,1,0,0,0,0,0.9090459942817688
video09,BirdDrone-Local-FT,2153,1,1,0,0,0,0,0.9104637503623962
video09,BirdDrone-Local-FT,2154,1,1,0,0,0,0,0.9069483280181885
video09,BirdDrone-Local-FT,2155,1,1,0,0,0,0,0.9109123349189758
video09,BirdDrone-Local-FT,2156,1,1,0,0,0,0,0.9125789999961853
video09,BirdDrone-Local-FT,2157,1,1,0,0,0,0,0.9109418988227844
video09,BirdDrone-Local-FT,2158,1,1,0,0,0,0,0.919366717338562
video09,BirdDrone-Local-FT,2159,1,1,0,0,0,0,0.9170700907707214
video09,BirdDrone-Local-FT,2160,1,1,0,0,0,0,0.9172595143318176
video09,BirdDrone-Local-FT,2161,1,1,0,0,0,0,0.8825269937515259
video09,BirdDrone-Local-FT,2162,1,1,0,0,0,0,0.9085598587989807
video09,BirdDrone-Local-FT,2163,1,1,0,0,0,0,0.9088606834411621
video09,BirdDrone-Local-FT,2164,1,1,0,0,0,0,0.9083948135375977
video09,BirdDrone-Local-FT,2165,1,1,0,0,0,0,0.9121716618537903
video09,BirdDrone-Local-FT,2166,1,1,0,0,0,0,0.914785623550415
video09,BirdDrone-Local-FT,2167,1,1,0,0,0,0,0.9198180437088013
video09,BirdDrone-Local-FT,2168,1,1,0,0,0,0,0.9254594445228577
video09,BirdDrone-Local-FT,2169,1,1,0,0,0,0,0.9057188034057617
video09,BirdDrone-Local-FT,2170,1,1,0,0,0,0,0.9128437042236328
video09,BirdDrone-Local-FT,2171,1,1,0,0,0,0,0.9024416208267212
video09,BirdDrone-Local-FT,2172,2,2,0,0,0,0,0.7877258658409119
video09,BirdDrone-Local-FT,2173,1,1,0,0,0,0,0.9174184203147888
video09,BirdDrone-Local-FT,2174,1,1,0,0,0,0,0.9045202136039734
video09,BirdDrone-Local-FT,2175,1,1,0,0,0,0,0.896314263343811
video09,BirdDrone-Local-FT,2176,1,1,0,0,0,0,0.8824788928031921
video09,BirdDrone-Local-FT,2177,1,1,0,0,0,0,0.8876913785934448
video09,BirdDrone-Local-FT,2178,1,1,0,0,0,0,0.8883863687515259
video09,BirdDrone-Local-FT,2179,1,1,0,0,0,0,0.8918209671974182
video09,BirdDrone-Local-FT,2180,1,1,0,0,0,0,0.8979607224464417
video09,BirdDrone-Local-FT,2181,1,1,0,0,0,0,0.9085090160369873
video09,BirdDrone-Local-FT,2182,1,1,0,0,0,0,0.9069613814353943
video09,BirdDrone-Local-FT,2183,1,1,0,0,0,0,0.9056225419044495
video09,BirdDrone-Local-FT,2184,1,1,0,0,0,0,0.9146179556846619
video09,BirdDrone-Local-FT,2185,1,1,0,0,0,0,0.9139171838760376
video09,BirdDrone-Local-FT,2186,1,1,0,0,0,0,0.9192026853561401
video09,BirdDrone-Local-FT,2187,1,1,0,0,0,0,0.9219309091567993
video09,BirdDrone-Local-FT,2188,2,2,0,0,0,0,0.5675424933433533
video09,BirdDrone-Local-FT,2189,1,1,0,0,0,0,0.9022101163864136
video09,BirdDrone-Local-FT,2190,1,1,0,0,0,0,0.9050736427307129
video09,BirdDrone-Local-FT,2191,1,1,0,0,0,0,0.8981061577796936
video09,BirdDrone-Local-FT,2192,1,1,0,0,0,0,0.902909517288208
video09,BirdDrone-Local-FT,2193,1,1,0,0,0,0,0.9100974202156067
video09,BirdDrone-Local-FT,2194,1,1,0,0,0,0,0.9067758917808533
video09,BirdDrone-Local-FT,2195,1,1,0,0,0,0,0.9128491282463074
video09,BirdDrone-Local-FT,2196,1,1,0,0,0,0,0.9197297096252441
video09,BirdDrone-Local-FT,2197,1,1,0,0,0,0,0.9179049730300903
video09,BirdDrone-Local-FT,2198,1,1,0,0,0,0,0.912420928478241
video09,BirdDrone-Local-FT,2199,1,1,0,0,0,0,0.9152514338493347
video09,BirdDrone-Local-FT,2200,1,1,0,0,0,0,0.8866741061210632
video09,BirdDrone-Local-FT,2201,1,1,0,0,0,0,0.9057552814483643
video09,BirdDrone-Local-FT,2202,1,1,0,0,0,0,0.9063928723335266
video09,BirdDrone-Local-FT,2203,1,1,0,0,0,0,0.8894855976104736
video09,BirdDrone-Local-FT,2204,1,1,0,0,0,0,0.8999227285385132
video09,BirdDrone-Local-FT,2205,1,1,0,0,0,0,0.895995020866394
video09,BirdDrone-Local-FT,2206,1,1,0,0,0,0,0.8978331089019775
video09,BirdDrone-Local-FT,2207,1,1,0,0,0,0,0.9046609401702881
video09,BirdDrone-Local-FT,2208,1,1,0,0,0,0,0.8994235992431641
video09,BirdDrone-Local-FT,2209,1,1,0,0,0,0,0.8989167213439941
video09,BirdDrone-Local-FT,2210,2,2,0,0,1,0,0.8781110644340515
video09,BirdDrone-Local-FT,2211,2,2,0,0,1,0,0.8749691843986511
video09,BirdDrone-Local-FT,2212,1,1,0,0,0,0,0.8159542679786682
video09,BirdDrone-Local-FT,2213,1,1,0,0,0,0,0.9063597917556763
video09,BirdDrone-Local-FT,2214,1,1,0,0,0,0,0.9083582758903503
video09,BirdDrone-Local-FT,2215,1,1,0,0,0,0,0.9141930341720581
video09,BirdDrone-Local-FT,2216,1,1,0,0,0,0,0.9051347970962524
video09,BirdDrone-Local-FT,2217,2,2,0,0,0,0,0.8699266910552979
video09,BirdDrone-Local-FT,2218,2,2,0,0,0,0,0.5648860335350037
video09,BirdDrone-Local-FT,2219,1,1,0,0,0,0,0.552396833896637
video09,BirdDrone-Local-FT,2220,1,1,0,0,0,0,0.3996839225292206
video09,BirdDrone-Local-FT,2221,1,1,0,0,0,0,0.49241310358047485
video09,BirdDrone-Local-FT,2222,1,1,0,0,0,0,0.8552559614181519
video09,BirdDrone-Local-FT,2223,1,1,0,0,0,0,0.8554596304893494
video09,BirdDrone-Local-FT,2224,1,1,0,0,0,0,0.8484230637550354
video09,BirdDrone-Local-FT,2225,1,1,0,0,0,0,0.8713558316230774
video09,BirdDrone-Local-FT,2226,2,2,0,0,0,0,0.8137513399124146
video09,BirdDrone-Local-FT,2227,2,2,0,0,0,0,0.8600167632102966
video09,BirdDrone-Local-FT,2228,2,2,0,0,0,0,0.8729379177093506
video09,BirdDrone-Local-FT,2229,1,1,0,0,0,0,0.8679426312446594
video09,BirdDrone-Local-FT,2230,1,1,0,0,0,0,0.888388991355896
video09,BirdDrone-Local-FT,2231,1,1,0,0,0,0,0.8912826776504517
video09,BirdDrone-Local-FT,2232,1,1,0,0,0,0,0.8831591606140137
video09,BirdDrone-Local-FT,2233,2,2,0,0,1,0,0.8348448872566223
video09,BirdDrone-Local-FT,2234,1,1,0,0,0,0,0.8476600050926208
video09,BirdDrone-Local-FT,2235,1,1,0,0,0,0,0.8430686593055725
video09,BirdDrone-Local-FT,2236,1,1,0,0,0,0,0.8994277119636536
video09,BirdDrone-Local-FT,2237,1,1,0,0,0,0,0.9112250208854675
video09,BirdDrone-Local-FT,2238,1,1,0,0,0,0,0.8980510830879211
video09,BirdDrone-Local-FT,2239,1,1,0,0,0,0,0.9087055325508118
video09,BirdDrone-Local-FT,2240,2,2,0,0,1,0,0.9166586995124817
video09,BirdDrone-Local-FT,2241,1,1,0,0,0,0,0.9220061898231506
video09,BirdDrone-Local-FT,2242,1,1,0,0,0,0,0.9243637323379517
video09,BirdDrone-Local-FT,2243,2,2,0,0,1,0,0.9269049167633057
video09,BirdDrone-Local-FT,2244,1,1,0,0,0,0,0.9242305755615234
video09,BirdDrone-Local-FT,2245,1,1,0,0,0,0,0.9245507717132568
video09,BirdDrone-Local-FT,2246,1,1,0,0,0,0,0.9274675250053406
video09,BirdDrone-Local-FT,2247,1,1,0,0,0,0,0.9286279082298279
video09,BirdDrone-Local-FT,2248,1,1,0,0,0,0,0.9286577105522156
video09,BirdDrone-Local-FT,2249,2,2,0,0,0,0,0.9267122745513916
video09,BirdDrone-Local-FT,2250,2,2,0,0,0,0,0.9254150390625
video09,BirdDrone-Local-FT,2251,2,2,0,0,1,0,0.9239590167999268
video09,BirdDrone-Local-FT,2252,1,1,0,0,0,0,0.918381929397583
video09,BirdDrone-Local-FT,2253,1,1,0,0,0,0,0.919165849685669
video09,BirdDrone-Local-FT,2254,1,1,0,0,0,0,0.9076557755470276
video09,BirdDrone-Local-FT,2255,1,1,0,0,0,0,0.9057870507240295
video09,BirdDrone-Local-FT,2256,2,2,0,0,1,0,0.8898070454597473
video09,BirdDrone-Local-FT,2257,2,2,0,0,1,0,0.8940157890319824
video09,BirdDrone-Local-FT,2258,1,1,0,0,0,0,0.9054763317108154
video09,BirdDrone-Local-FT,2259,2,2,0,0,1,0,0.9070078134536743
video09,BirdDrone-Local-FT,2260,1,1,0,0,0,0,0.9132460355758667
video09,BirdDrone-Local-FT,2261,2,2,0,0,1,0,0.9033294320106506
video09,BirdDrone-Local-FT,2262,2,2,0,0,0,0,0.8960683345794678
video09,BirdDrone-Local-FT,2263,1,1,0,0,0,0,0.9056829810142517
video09,BirdDrone-Local-FT,2264,2,2,0,0,1,0,0.8947937488555908
video09,BirdDrone-Local-FT,2265,1,1,0,0,0,0,0.8827725648880005
video09,BirdDrone-Local-FT,2266,1,1,0,0,0,0,0.9072524905204773
video09,BirdDrone-Local-FT,2267,1,1,0,0,0,0,0.8990983366966248
video09,BirdDrone-Local-FT,2268,1,1,0,0,0,0,0.8992403149604797
video09,BirdDrone-Local-FT,2269,1,1,0,0,0,0,0.9100544452667236
video09,BirdDrone-Local-FT,2270,1,1,0,0,0,0,0.9142504334449768
video09,BirdDrone-Local-FT,2271,1,1,0,0,0,0,0.9030233025550842
video09,BirdDrone-Local-FT,2272,1,1,0,0,0,0,0.9059485793113708
video09,BirdDrone-Local-FT,2273,1,1,0,0,0,0,0.9107704162597656
video09,BirdDrone-Local-FT,2274,1,1,0,0,0,0,0.9092276692390442
video09,BirdDrone-Local-FT,2275,1,1,0,0,0,0,0.9088155031204224
video09,BirdDrone-Local-FT,2276,1,1,0,0,0,0,0.9153823852539062
video09,BirdDrone-Local-FT,2277,1,1,0,0,0,0,0.912246584892273
video09,BirdDrone-Local-FT,2278,1,1,0,0,0,0,0.9135826230049133
video09,BirdDrone-Local-FT,2279,1,1,0,0,0,0,0.909589946269989
video09,BirdDrone-Local-FT,2280,1,1,0,0,0,0,0.9134856462478638
video09,BirdDrone-Local-FT,2281,1,1,0,0,0,0,0.9119798541069031
video09,BirdDrone-Local-FT,2282,1,1,0,0,0,0,0.9187096953392029
video09,BirdDrone-Local-FT,2283,1,1,0,0,0,0,0.9193547368049622
video09,BirdDrone-Local-FT,2284,1,1,0,0,0,0,0.9127247929573059
video09,BirdDrone-Local-FT,2285,1,1,0,0,0,0,0.9206913113594055
video09,BirdDrone-Local-FT,2286,1,1,0,0,0,0,0.9180710315704346
video09,BirdDrone-Local-FT,2287,1,1,0,0,0,0,0.926960289478302
video09,BirdDrone-Local-FT,2288,1,1,0,0,0,0,0.9191049337387085
video09,BirdDrone-Local-FT,2289,1,1,0,0,0,0,0.9151614904403687
video09,BirdDrone-Local-FT,2290,1,1,0,0,0,0,0.919460117816925
video09,BirdDrone-Local-FT,2291,1,1,0,0,0,0,0.9218306541442871
video09,BirdDrone-Local-FT,2292,1,1,0,0,0,0,0.9163657426834106
video09,BirdDrone-Local-FT,2293,1,1,0,0,0,0,0.9043956398963928
video09,BirdDrone-Local-FT,2294,1,1,0,0,0,0,0.9107054471969604
video09,BirdDrone-Local-FT,2295,1,1,0,0,0,0,0.9123684763908386
video09,BirdDrone-Local-FT,2296,1,1,0,0,0,0,0.9168158173561096
video09,BirdDrone-Local-FT,2297,1,1,0,0,0,0,0.9193299412727356
video09,BirdDrone-Local-FT,2298,1,1,0,0,0,0,0.9174150824546814
video09,BirdDrone-Local-FT,2299,1,1,0,0,0,0,0.9005030989646912
video09,BirdDrone-Local-FT,2300,1,1,0,0,0,0,0.8801883459091187
video09,BirdDrone-Local-FT,2301,1,1,0,0,0,0,0.7717205286026001
video09,BirdDrone-Local-FT,2302,1,1,0,0,0,0,0.9186853766441345
video09,BirdDrone-Local-FT,2303,1,1,0,0,0,0,0.9374414682388306
video09,BirdDrone-Local-FT,2304,1,1,0,0,0,0,0.938223123550415
video09,BirdDrone-Local-FT,2305,1,1,0,0,0,0,0.9389890432357788
video09,BirdDrone-Local-FT,2306,1,1,0,0,0,0,0.9432024955749512
video09,BirdDrone-Local-FT,2307,1,1,0,0,0,0,0.943885862827301
video09,BirdDrone-Local-FT,2308,1,1,0,0,0,0,0.9458895325660706
video09,BirdDrone-Local-FT,2309,1,1,0,0,0,0,0.9452354311943054
video09,BirdDrone-Local-FT,2310,1,1,0,0,0,0,0.9458047151565552
video09,BirdDrone-Local-FT,2311,1,1,0,0,0,0,0.9457098245620728
video09,BirdDrone-Local-FT,2312,1,1,0,0,0,0,0.9473248720169067
video09,BirdDrone-Local-FT,2313,1,1,0,0,0,0,0.947776198387146
video09,BirdDrone-Local-FT,2314,1,1,0,0,0,0,0.9484550952911377
video09,BirdDrone-Local-FT,2315,1,1,0,0,0,0,0.947320282459259
video09,BirdDrone-Local-FT,2316,1,1,0,0,0,0,0.9449650645256042
video09,BirdDrone-Local-FT,2317,1,1,0,0,0,0,0.94938725233078
video09,BirdDrone-Local-FT,2318,1,1,0,0,0,0,0.9491726756095886
video09,BirdDrone-Local-FT,2319,1,1,0,0,0,0,0.948383092880249
video09,BirdDrone-Local-FT,2320,1,1,0,0,0,0,0.94290691614151
video09,BirdDrone-Local-FT,2321,1,1,0,0,0,0,0.9396187663078308
video09,BirdDrone-Local-FT,2322,1,1,0,0,0,0,0.9428344964981079
video09,BirdDrone-Local-FT,2323,1,1,0,0,0,0,0.9422374367713928
video09,BirdDrone-Local-FT,2324,1,1,0,0,0,0,0.9352794289588928
video09,BirdDrone-Local-FT,2325,1,1,0,0,0,0,0.932646632194519
video09,BirdDrone-Local-FT,2326,1,1,0,0,0,0,0.93366539478302
video09,BirdDrone-Local-FT,2327,1,1,0,0,0,0,0.9299243688583374
video09,BirdDrone-Local-FT,2328,1,1,0,0,0,0,0.9315022230148315
video09,BirdDrone-Local-FT,2329,1,1,0,0,0,0,0.9341666102409363
video09,BirdDrone-Local-FT,2330,1,1,0,0,0,0,0.9329966902732849
video09,BirdDrone-Local-FT,2331,1,1,0,0,0,0,0.9344486594200134
video09,BirdDrone-Local-FT,2332,1,1,0,0,0,0,0.9346413612365723
video09,BirdDrone-Local-FT,2333,1,1,0,0,0,0,0.9379814267158508
video09,BirdDrone-Local-FT,2334,1,1,0,0,0,0,0.9446936845779419
video09,BirdDrone-Local-FT,2335,1,1,0,0,0,0,0.9463472962379456
video09,BirdDrone-Local-FT,2336,1,1,0,0,0,0,0.9482024908065796
video09,BirdDrone-Local-FT,2337,1,1,0,0,0,0,0.9491715431213379
video09,BirdDrone-Local-FT,2338,1,1,0,0,0,0,0.9474490880966187
video09,BirdDrone-Local-FT,2339,1,1,0,0,0,0,0.8973533511161804
video09,BirdDrone-Local-FT,2340,1,1,0,0,0,0,0.6512758135795593
video09,BirdDrone-Local-FT,2341,1,1,0,0,0,0,0.9415811896324158
video09,BirdDrone-Local-FT,2342,1,1,0,0,0,0,0.9416238069534302
video09,BirdDrone-Local-FT,2343,1,1,0,0,0,0,0.942828357219696
video09,BirdDrone-Local-FT,2344,1,1,0,0,0,0,0.9443646669387817
video09,BirdDrone-Local-FT,2345,1,1,0,0,0,0,0.9429761171340942
video09,BirdDrone-Local-FT,2346,1,1,0,0,0,0,0.9435526728630066
video09,BirdDrone-Local-FT,2347,1,1,0,0,0,0,0.9430703520774841
video09,BirdDrone-Local-FT,2348,1,1,0,0,0,0,0.9467818140983582
video09,BirdDrone-Local-FT,2349,1,1,0,0,0,0,0.9483115077018738
video09,BirdDrone-Local-FT,2350,1,1,0,0,0,0,0.9500483870506287
video09,BirdDrone-Local-FT,2351,1,1,0,0,0,0,0.9508193135261536
video09,BirdDrone-Local-FT,2352,1,1,0,0,0,0,0.9490714073181152
video09,BirdDrone-Local-FT,2353,1,1,0,0,0,0,0.9466665983200073
video09,BirdDrone-Local-FT,2354,1,1,0,0,0,0,0.9429069757461548
video09,BirdDrone-Local-FT,2355,1,1,0,0,0,0,0.9400995373725891
video09,BirdDrone-Local-FT,2356,1,1,0,0,0,0,0.9402558207511902
video09,BirdDrone-Local-FT,2357,1,1,0,0,0,0,0.9380925893783569
video09,BirdDrone-Local-FT,2358,1,1,0,0,0,0,0.9363653659820557
video09,BirdDrone-Local-FT,2359,1,1,0,0,0,0,0.9364196062088013
video09,BirdDrone-Local-FT,2360,1,1,0,0,0,0,0.9359593987464905
video09,BirdDrone-Local-FT,2361,1,1,0,0,0,0,0.9385159015655518
video09,BirdDrone-Local-FT,2362,1,1,0,0,0,0,0.9397674798965454
video09,BirdDrone-Local-FT,2363,1,1,0,0,0,0,0.9424740672111511
video09,BirdDrone-Local-FT,2364,1,1,0,0,0,0,0.9437696933746338
video09,BirdDrone-Local-FT,2365,1,1,0,0,0,0,0.9434781670570374
video09,BirdDrone-Local-FT,2366,1,1,0,0,0,0,0.8745012879371643
video09,BirdDrone-Local-FT,2367,1,1,0,0,0,0,0.9480394124984741
video09,BirdDrone-Local-FT,2368,1,1,0,0,0,0,0.9454324245452881
video09,BirdDrone-Local-FT,2369,1,1,0,0,0,0,0.9445171356201172
video09,BirdDrone-Local-FT,2370,1,1,0,0,0,0,0.9448050260543823
video09,BirdDrone-Local-FT,2371,1,1,0,0,0,0,0.9427629113197327
video09,BirdDrone-Local-FT,2372,1,1,0,0,0,0,0.945147693157196
video09,BirdDrone-Local-FT,2373,1,1,0,0,0,0,0.9462832808494568
video09,BirdDrone-Local-FT,2374,1,1,0,0,0,0,0.9477820992469788
video09,BirdDrone-Local-FT,2375,1,1,0,0,0,0,0.95046067237854
video09,BirdDrone-Local-FT,2376,1,1,0,0,0,0,0.9508509635925293
video09,BirdDrone-Local-FT,2377,1,1,0,0,0,0,0.949030876159668
video09,BirdDrone-Local-FT,2378,1,1,0,0,0,0,0.9481556415557861
video09,BirdDrone-Local-FT,2379,1,1,0,0,0,0,0.943636417388916
video09,BirdDrone-Local-FT,2380,1,1,0,0,0,0,0.9416527152061462
video09,BirdDrone-Local-FT,2381,1,1,0,0,0,0,0.9415411353111267
video09,BirdDrone-Local-FT,2382,1,1,0,0,0,0,0.9402415156364441
video09,BirdDrone-Local-FT,2383,1,1,0,0,0,0,0.9379183053970337
video09,BirdDrone-Local-FT,2384,1,1,0,0,0,0,0.9384588599205017
video09,BirdDrone-Local-FT,2385,1,1,0,0,0,0,0.9416157603263855
video09,BirdDrone-Local-FT,2386,1,1,0,0,0,0,0.9409266710281372
video09,BirdDrone-Local-FT,2387,1,1,0,0,0,0,0.9404001235961914
video09,BirdDrone-Local-FT,2388,1,1,0,0,0,0,0.9417737722396851
video09,BirdDrone-Local-FT,2389,1,1,0,0,0,0,0.9184287786483765
video09,BirdDrone-Local-FT,2390,1,1,0,0,0,0,0.9255093932151794
video09,BirdDrone-Local-FT,2391,1,1,0,0,0,0,0.9427623748779297
video09,BirdDrone-Local-FT,2392,1,1,0,0,0,0,0.9361882209777832
video09,BirdDrone-Local-FT,2393,1,1,0,0,0,0,0.9352082014083862
video09,BirdDrone-Local-FT,2394,1,1,0,0,0,0,0.9357866644859314
video09,BirdDrone-Local-FT,2395,1,1,0,0,0,0,0.9383145570755005
video09,BirdDrone-Local-FT,2396,1,1,0,0,0,0,0.9412698149681091
video09,BirdDrone-Local-FT,2397,1,1,0,0,0,0,0.9438093900680542
video09,BirdDrone-Local-FT,2398,1,1,0,0,0,0,0.9459202289581299
video09,BirdDrone-Local-FT,2399,1,1,0,0,0,0,0.9461970329284668
video09,BirdDrone-Local-FT,2400,1,1,0,0,0,0,0.9445492625236511
video09,BirdDrone-Local-FT,2401,1,1,0,0,0,0,0.9418912529945374
video09,BirdDrone-Local-FT,2402,1,1,0,0,0,0,0.9395942091941833
video09,BirdDrone-Local-FT,2403,1,1,0,0,0,0,0.9396209716796875
video09,BirdDrone-Local-FT,2404,1,1,0,0,0,0,0.9396933913230896
video09,BirdDrone-Local-FT,2405,1,1,0,0,0,0,0.9165840148925781
video09,BirdDrone-Local-FT,2406,1,1,0,0,0,0,0.5855197310447693
video09,BirdDrone-Local-FT,2407,1,1,0,0,0,0,0.9348421692848206
video09,BirdDrone-Local-FT,2408,1,1,0,0,0,0,0.9281412363052368
video09,BirdDrone-Local-FT,2409,2,2,0,0,1,0,0.8563360571861267
video09,BirdDrone-Local-FT,2410,1,1,0,0,0,0,0.9336084127426147
video09,BirdDrone-Local-FT,2411,1,1,0,0,0,0,0.9311381578445435
video09,BirdDrone-Local-FT,2412,1,1,0,0,0,0,0.924902617931366
video09,BirdDrone-Local-FT,2413,1,1,0,0,0,0,0.9234614968299866
video09,BirdDrone-Local-FT,2414,1,1,0,0,0,0,0.9244077801704407
video09,BirdDrone-Local-FT,2415,1,1,0,0,0,0,0.924595296382904
video09,BirdDrone-Local-FT,2416,1,1,0,0,0,0,0.9305427074432373
video09,BirdDrone-Local-FT,2417,1,1,0,0,0,0,0.9299164414405823
video09,BirdDrone-Local-FT,2418,1,1,0,0,0,0,0.9320531487464905
video09,BirdDrone-Local-FT,2419,1,1,0,0,0,0,0.9317812919616699
video09,BirdDrone-Local-FT,2420,1,1,0,0,0,0,0.933971107006073
video09,BirdDrone-Local-FT,2421,1,1,0,0,0,0,0.9354768395423889
video09,BirdDrone-Local-FT,2422,1,1,0,0,0,0,0.9353657364845276
video09,BirdDrone-Local-FT,2423,1,1,0,0,0,0,0.9356853365898132
video09,BirdDrone-Local-FT,2424,1,1,0,0,0,0,0.9343016743659973
video09,BirdDrone-Local-FT,2425,1,1,0,0,0,0,0.930446207523346
video09,BirdDrone-Local-FT,2426,1,1,0,0,0,0,0.9321860671043396
video09,BirdDrone-Local-FT,2427,1,1,0,0,0,0,0.928238570690155
video09,BirdDrone-Local-FT,2428,1,1,0,0,0,0,0.9302197098731995
video09,BirdDrone-Local-FT,2429,1,1,0,0,0,0,0.9304401278495789
video09,BirdDrone-Local-FT,2430,1,1,0,0,0,0,0.9268164038658142
video09,BirdDrone-Local-FT,2431,1,1,0,0,0,0,0.9280716180801392
video09,BirdDrone-Local-FT,2432,1,1,0,0,0,0,0.9263948202133179
video09,BirdDrone-Local-FT,2433,1,1,0,0,0,0,0.922875702381134
video09,BirdDrone-Local-FT,2434,1,1,0,0,0,0,0.9216125011444092
video09,BirdDrone-Local-FT,2435,1,1,0,0,0,0,0.9177994728088379
video09,BirdDrone-Local-FT,2436,1,1,0,0,0,0,0.917665421962738
video09,BirdDrone-Local-FT,2437,1,1,0,0,0,0,0.9177194237709045
video09,BirdDrone-Local-FT,2438,1,1,0,0,0,0,0.9155994057655334
video09,BirdDrone-Local-FT,2439,1,1,0,0,0,0,0.911597728729248
video09,BirdDrone-Local-FT,2440,1,1,0,0,0,0,0.9105706214904785
video09,BirdDrone-Local-FT,2441,1,1,0,0,0,0,0.9131894707679749
video09,BirdDrone-Local-FT,2442,1,1,0,0,0,0,0.9092506170272827
video09,BirdDrone-Local-FT,2443,1,1,0,0,0,0,0.9088473916053772
video09,BirdDrone-Local-FT,2444,1,1,0,0,0,0,0.9066046476364136
video09,BirdDrone-Local-FT,2445,1,1,0,0,0,0,0.9085646271705627
video09,BirdDrone-Local-FT,2446,1,1,0,0,0,0,0.9078342318534851
video09,BirdDrone-Local-FT,2447,1,1,0,0,0,0,0.908801257610321
video09,BirdDrone-Local-FT,2448,1,1,0,0,0,0,0.9091720581054688
video09,BirdDrone-Local-FT,2449,1,1,0,0,0,0,0.9091477394104004
video09,BirdDrone-Local-FT,2450,1,1,0,0,0,0,0.9115768074989319
video09,BirdDrone-Local-FT,2451,1,1,0,0,0,0,0.9110642671585083
video09,BirdDrone-Local-FT,2452,1,1,0,0,0,0,0.9110185503959656
video09,BirdDrone-Local-FT,2453,1,1,0,0,0,0,0.9108296632766724
video09,BirdDrone-Local-FT,2454,1,1,0,0,0,0,0.9104740619659424
video09,BirdDrone-Local-FT,2455,1,1,0,0,0,0,0.9102715849876404
video09,BirdDrone-Local-FT,2456,1,1,0,0,0,0,0.9108812808990479
video09,BirdDrone-Local-FT,2457,1,1,0,0,0,0,0.9171043038368225
video09,BirdDrone-Local-FT,2458,1,1,0,0,0,0,0.9160422086715698
video09,BirdDrone-Local-FT,2459,1,1,0,0,0,0,0.9172369837760925
video09,BirdDrone-Local-FT,2460,1,1,0,0,0,0,0.9256995916366577
video09,BirdDrone-Local-FT,2461,1,1,0,0,0,0,0.9266571998596191
video09,BirdDrone-Local-FT,2462,1,1,0,0,0,0,0.9303768277168274
video09,BirdDrone-Local-FT,2463,1,1,0,0,0,0,0.9280264973640442
video09,BirdDrone-Local-FT,2464,1,1,0,0,0,0,0.9303941130638123
video09,BirdDrone-Local-FT,2465,1,1,0,0,0,0,0.9286538362503052
video09,BirdDrone-Local-FT,2466,1,1,0,0,0,0,0.9314208626747131
video09,BirdDrone-Local-FT,2467,1,1,0,0,0,0,0.9306820631027222
video09,BirdDrone-Local-FT,2468,1,1,0,0,0,0,0.9323033094406128
video09,BirdDrone-Local-FT,2469,1,1,0,0,0,0,0.93527752161026
video09,BirdDrone-Local-FT,2470,1,1,0,0,0,0,0.9341055750846863
video09,BirdDrone-Local-FT,2471,1,1,0,0,0,0,0.9357409477233887
video09,BirdDrone-Local-FT,2472,1,1,0,0,0,0,0.9326170682907104
video09,BirdDrone-Local-FT,2473,1,1,0,0,0,0,0.9328135848045349
video09,BirdDrone-Local-FT,2474,1,1,0,0,0,0,0.9338563084602356
video09,BirdDrone-Local-FT,2475,1,1,0,0,0,0,0.935364305973053
video09,BirdDrone-Local-FT,2476,1,1,0,0,0,0,0.9328564405441284
video09,BirdDrone-Local-FT,2477,1,1,0,0,0,0,0.9322898387908936
video09,BirdDrone-Local-FT,2478,1,1,0,0,0,0,0.9319566488265991
video09,BirdDrone-Local-FT,2479,1,1,0,0,0,0,0.9317606687545776
video09,BirdDrone-Local-FT,2480,1,1,0,0,0,0,0.9302583336830139
video09,BirdDrone-Local-FT,2481,1,1,0,0,0,0,0.9287826418876648
video09,BirdDrone-Local-FT,2482,1,1,0,0,0,0,0.9280802011489868
video09,BirdDrone-Local-FT,2483,1,1,0,0,0,0,0.93109530210495
video09,BirdDrone-Local-FT,2484,1,1,0,0,0,0,0.9345300197601318
video09,BirdDrone-Local-FT,2485,1,1,0,0,0,0,0.9441604614257812
video09,BirdDrone-Local-FT,2486,1,1,0,0,0,0,0.7864139676094055
video09,BirdDrone-Local-FT,2487,1,1,0,0,0,0,0.9300112128257751
video09,BirdDrone-Local-FT,2488,1,1,0,0,0,0,0.9333090782165527
video09,BirdDrone-Local-FT,2489,1,1,0,0,0,0,0.9320520162582397
video09,BirdDrone-Local-FT,2490,1,1,0,0,0,0,0.9310941696166992
video09,BirdDrone-Local-FT,2491,1,1,0,0,0,0,0.9328506588935852
video09,BirdDrone-Local-FT,2492,1,1,0,0,0,0,0.9317103028297424
video09,BirdDrone-Local-FT,2493,1,1,0,0,0,0,0.9327160120010376
video09,BirdDrone-Local-FT,2494,1,1,0,0,0,0,0.9318587183952332
video09,BirdDrone-Local-FT,2495,1,1,0,0,0,0,0.9309685826301575
video09,BirdDrone-Local-FT,2496,1,1,0,0,0,0,0.9323301911354065
video09,BirdDrone-Local-FT,2497,1,1,0,0,0,0,0.9351593255996704
video09,BirdDrone-Local-FT,2498,1,1,0,0,0,0,0.9392837882041931
video09,BirdDrone-Local-FT,2499,1,1,0,0,0,0,0.9405182003974915
