video,model,frame,detections,drone_det,bird_det,false_class,low_conf_fp,tp_iou,max_conf
video10,BirdDrone-Local-FT,0,1,1,0,0,0,1,0.907031774520874
video10,BirdDrone-Local-FT,1,1,1,0,0,0,0,0.9148420095443726
video10,BirdDrone-Local-FT,2,1,1,0,0,0,0,0.9146161675453186
video10,BirdDrone-Local-FT,3,1,1,0,0,0,0,0.9147505164146423
video10,BirdDrone-Local-FT,4,1,1,0,0,0,0,0.9142627120018005
video10,BirdDrone-Local-FT,5,1,1,0,0,0,0,0.9160566926002502
video10,BirdDrone-Local-FT,6,1,1,0,0,0,0,0.9161038398742676
video10,BirdDrone-Local-FT,7,1,1,0,0,0,0,0.9145947098731995
video10,BirdDrone-Local-FT,8,1,1,0,0,0,0,0.9188406467437744
video10,BirdDrone-Local-FT,9,1,1,0,0,0,0,0.9206952452659607
video10,BirdDrone-Local-FT,10,1,1,0,0,0,0,0.9240520000457764
video10,BirdDrone-Local-FT,11,1,1,0,0,0,0,0.9159291982650757
video10,BirdDrone-Local-FT,12,1,1,0,0,0,0,0.9013967514038086
video10,BirdDrone-Local-FT,13,1,1,0,0,0,0,0.8959444761276245
video10,BirdDrone-Local-FT,14,1,1,0,0,0,0,0.8921921253204346
video10,BirdDrone-Local-FT,15,1,1,0,0,0,0,0.8934957385063171
video10,BirdDrone-Local-FT,16,1,1,0,0,0,0,0.9013590812683105
video10,BirdDrone-Local-FT,17,1,1,0,0,0,0,0.9071838855743408
video10,BirdDrone-Local-FT,18,1,1,0,0,0,0,0.9205207228660583
video10,BirdDrone-Local-FT,19,1,1,0,0,0,0,0.9198314547538757
video10,BirdDrone-Local-FT,20,1,1,0,0,0,0,0.9200023412704468
video10,BirdDrone-Local-FT,21,1,1,0,0,0,0,0.9178705215454102
video10,BirdDrone-Local-FT,22,1,1,0,0,0,0,0.9210654497146606
video10,BirdDrone-Local-FT,23,1,1,0,0,0,0,0.9151620864868164
video10,BirdDrone-Local-FT,24,2,2,0,0,0,0,0.763617753982544
video10,BirdDrone-Local-FT,25,1,1,0,0,0,0,0.8643984198570251
video10,BirdDrone-Local-FT,26,1,1,0,0,0,0,0.8797840476036072
video10,BirdDrone-Local-FT,27,1,1,0,0,0,0,0.8865375518798828
video10,BirdDrone-Local-FT,28,1,1,0,0,0,0,0.8944075107574463
video10,BirdDrone-Local-FT,29,1,1,0,0,0,0,0.9030266404151917
video10,BirdDrone-Local-FT,30,1,1,0,0,0,0,0.9048972129821777
video10,BirdDrone-Local-FT,31,1,1,0,0,0,0,0.9181395769119263
video10,BirdDrone-Local-FT,32,1,1,0,0,0,0,0.908240556716919
video10,BirdDrone-Local-FT,33,1,1,0,0,0,0,0.8917132019996643
video10,BirdDrone-Local-FT,34,1,1,0,0,0,0,0.8991072773933411
video10,BirdDrone-Local-FT,35,1,1,0,0,0,0,0.9055887460708618
video10,BirdDrone-Local-FT,36,1,1,0,0,0,0,0.9079086184501648
video10,BirdDrone-Local-FT,37,1,1,0,0,0,0,0.9160314798355103
video10,BirdDrone-Local-FT,38,1,1,0,0,0,0,0.9197374582290649
video10,BirdDrone-Local-FT,39,1,1,0,0,0,0,0.9160301089286804
video10,BirdDrone-Local-FT,40,1,1,0,0,0,0,0.9221912026405334
video10,BirdDrone-Local-FT,41,1,1,0,0,0,0,0.9256454110145569
video10,BirdDrone-Local-FT,42,1,1,0,0,0,0,0.9220987558364868
video10,BirdDrone-Local-FT,43,1,1,0,0,0,0,0.9240750074386597
video10,BirdDrone-Local-FT,44,1,1,0,0,0,0,0.9258818626403809
video10,BirdDrone-Local-FT,45,1,1,0,0,0,0,0.9200195074081421
video10,BirdDrone-Local-FT,46,1,1,0,0,0,0,0.9102511405944824
video10,BirdDrone-Local-FT,47,1,1,0,0,0,0,0.9126642346382141
video10,BirdDrone-Local-FT,48,1,1,0,0,0,0,0.8968298435211182
video10,BirdDrone-Local-FT,49,1,1,0,0,0,0,0.9021313190460205
video10,BirdDrone-Local-FT,50,1,1,0,0,0,0,0.907235324382782
video10,BirdDrone-Local-FT,51,1,1,0,0,0,0,0.9053729176521301
video10,BirdDrone-Local-FT,52,1,1,0,0,0,0,0.9061700105667114
video10,BirdDrone-Local-FT,53,1,1,0,0,0,0,0.918272078037262
video10,BirdDrone-Local-FT,54,1,1,0,0,0,0,0.9132869243621826
video10,BirdDrone-Local-FT,55,1,1,0,0,0,0,0.8853473663330078
video10,BirdDrone-Local-FT,56,2,2,0,0,0,0,0.8867029547691345
video10,BirdDrone-Local-FT,57,1,1,0,0,0,0,0.8421899080276489
video10,BirdDrone-Local-FT,58,1,1,0,0,0,0,0.8782985210418701
video10,BirdDrone-Local-FT,59,1,1,0,0,0,0,0.883147120475769
video10,BirdDrone-Local-FT,60,1,1,0,0,0,0,0.8887214660644531
video10,BirdDrone-Local-FT,61,1,1,0,0,0,0,0.881930410861969
video10,BirdDrone-Local-FT,62,1,1,0,0,0,0,0.8840877413749695
video10,BirdDrone-Local-FT,63,1,1,0,0,0,0,0.8939655423164368
video10,BirdDrone-Local-FT,64,1,1,0,0,0,0,0.9008568525314331
video10,BirdDrone-Local-FT,65,1,1,0,0,0,0,0.9036789536476135
video10,BirdDrone-Local-FT,66,1,1,0,0,0,0,0.8980661034584045
video10,BirdDrone-Local-FT,67,1,1,0,0,0,0,0.8888087272644043
video10,BirdDrone-Local-FT,68,1,1,0,0,0,0,0.888873279094696
video10,BirdDrone-Local-FT,69,1,1,0,0,0,0,0.8464533090591431
video10,BirdDrone-Local-FT,70,1,1,0,0,0,0,0.8749265670776367
video10,BirdDrone-Local-FT,71,1,1,0,0,0,0,0.8765972852706909
video10,BirdDrone-Local-FT,72,1,1,0,0,0,0,0.8806043267250061
video10,BirdDrone-Local-FT,73,1,1,0,0,0,0,0.8819836378097534
video10,BirdDrone-Local-FT,74,1,1,0,0,0,0,0.888094425201416
video10,BirdDrone-Local-FT,75,1,1,0,0,0,0,0.8955966830253601
video10,BirdDrone-Local-FT,76,1,1,0,0,0,0,0.8930634260177612
video10,BirdDrone-Local-FT,77,1,1,0,0,0,0,0.8934489488601685
video10,BirdDrone-Local-FT,78,1,1,0,0,0,0,0.8969373106956482
video10,BirdDrone-Local-FT,79,1,1,0,0,0,0,0.8952934741973877
video10,BirdDrone-Local-FT,80,1,1,0,0,0,0,0.8952255249023438
video10,BirdDrone-Local-FT,81,1,1,0,0,0,0,0.8961966037750244
video10,BirdDrone-Local-FT,82,1,1,0,0,0,0,0.8944442272186279
video10,BirdDrone-Local-FT,83,1,1,0,0,0,0,0.8955222964286804
video10,BirdDrone-Local-FT,84,1,1,0,0,0,0,0.8965551853179932
video10,BirdDrone-Local-FT,85,1,1,0,0,0,0,0.8992345929145813
video10,BirdDrone-Local-FT,86,1,1,0,0,0,0,0.9013857841491699
video10,BirdDrone-Local-FT,87,1,1,0,0,0,0,0.9006631374359131
video10,BirdDrone-Local-FT,88,1,1,0,0,0,0,0.9017643928527832
video10,BirdDrone-Local-FT,89,1,1,0,0,0,0,0.9019036889076233
video10,BirdDrone-Local-FT,90,1,1,0,0,0,0,0.8970613479614258
video10,BirdDrone-Local-FT,91,1,1,0,0,0,0,0.897050678730011
video10,BirdDrone-Local-FT,92,1,1,0,0,0,0,0.8987482786178589
video10,BirdDrone-Local-FT,93,1,1,0,0,0,0,0.8970393538475037
video10,BirdDrone-Local-FT,94,1,1,0,0,0,0,0.8971265554428101
video10,BirdDrone-Local-FT,95,1,1,0,0,0,0,0.8970510959625244
video10,BirdDrone-Local-FT,96,1,1,0,0,0,0,0.8973391056060791
video10,BirdDrone-Local-FT,97,1,1,0,0,0,0,0.8969507217407227
video10,BirdDrone-Local-FT,98,1,1,0,0,0,0,0.8996381759643555
video10,BirdDrone-Local-FT,99,1,1,0,0,0,0,0.9000257253646851
video10,BirdDrone-Local-FT,100,1,1,0,0,0,0,0.8985527157783508
video10,BirdDrone-Local-FT,101,1,1,0,0,0,0,0.8978115320205688
video10,BirdDrone-Local-FT,102,1,1,0,0,0,0,0.8989919424057007
video10,BirdDrone-Local-FT,103,1,1,0,0,0,0,0.898960530757904
video10,BirdDrone-Local-FT,104,1,1,0,0,0,0,0.9003921747207642
video10,BirdDrone-Local-FT,105,1,1,0,0,0,0,0.8994731307029724
video10,BirdDrone-Local-FT,106,1,1,0,0,0,0,0.8969582915306091
video10,BirdDrone-Local-FT,107,1,1,0,0,0,0,0.8952528834342957
video10,BirdDrone-Local-FT,108,1,1,0,0,0,0,0.9004290103912354
video10,BirdDrone-Local-FT,109,1,1,0,0,0,0,0.9037243723869324
video10,BirdDrone-Local-FT,110,1,1,0,0,0,0,0.9075065851211548
video10,BirdDrone-Local-FT,111,1,1,0,0,0,0,0.9108221530914307
video10,BirdDrone-Local-FT,112,1,1,0,0,0,0,0.9103474617004395
video10,BirdDrone-Local-FT,113,1,1,0,0,0,0,0.902637779712677
video10,BirdDrone-Local-FT,114,1,1,0,0,0,0,0.8990041613578796
video10,BirdDrone-Local-FT,115,1,1,0,0,0,0,0.8987715840339661
video10,BirdDrone-Local-FT,116,1,1,0,0,0,0,0.9042466878890991
video10,BirdDrone-Local-FT,117,1,1,0,0,0,0,0.9020988345146179
video10,BirdDrone-Local-FT,118,1,1,0,0,0,0,0.9033858776092529
video10,BirdDrone-Local-FT,119,1,1,0,0,0,0,0.8995199203491211
video10,BirdDrone-Local-FT,120,1,1,0,0,0,0,0.8986055850982666
video10,BirdDrone-Local-FT,121,1,1,0,0,0,0,0.8956071138381958
video10,BirdDrone-Local-FT,122,1,1,0,0,0,0,0.8978537321090698
video10,BirdDrone-Local-FT,123,1,1,0,0,0,0,0.8963396549224854
video10,BirdDrone-Local-FT,124,1,1,0,0,0,0,0.8972854018211365
video10,BirdDrone-Local-FT,125,1,1,0,0,0,0,0.898409903049469
video10,BirdDrone-Local-FT,126,1,1,0,0,0,0,0.8953611254692078
video10,BirdDrone-Local-FT,127,1,1,0,0,0,0,0.8991526961326599
video10,BirdDrone-Local-FT,128,1,1,0,0,0,0,0.8982377052307129
video10,BirdDrone-Local-FT,129,1,1,0,0,0,0,0.8983063101768494
video10,BirdDrone-Local-FT,130,1,1,0,0,0,0,0.9022683501243591
video10,BirdDrone-Local-FT,131,1,1,0,0,0,0,0.8969191908836365
video10,BirdDrone-Local-FT,132,1,1,0,0,0,0,0.8959528803825378
video10,BirdDrone-Local-FT,133,1,1,0,0,0,0,0.9027953147888184
video10,BirdDrone-Local-FT,134,2,2,0,0,1,0,0.9011571407318115
video10,BirdDrone-Local-FT,135,1,1,0,0,0,0,0.9027692079544067
video10,BirdDrone-Local-FT,136,1,1,0,0,0,0,0.9118764996528625
video10,BirdDrone-Local-FT,137,1,1,0,0,0,0,0.9065667390823364
video10,BirdDrone-Local-FT,138,1,1,0,0,0,0,0.9044029712677002
video10,BirdDrone-Local-FT,139,1,1,0,0,0,0,0.9119207859039307
video10,BirdDrone-Local-FT,140,1,1,0,0,0,0,0.9042755365371704
video10,BirdDrone-Local-FT,141,1,1,0,0,0,0,0.9014975428581238
video10,BirdDrone-Local-FT,142,1,1,0,0,0,0,0.9011569023132324
video10,BirdDrone-Local-FT,143,1,1,0,0,0,0,0.9030704498291016
video10,BirdDrone-Local-FT,144,1,1,0,0,0,0,0.8998831510543823
video10,BirdDrone-Local-FT,145,1,1,0,0,0,0,0.9002794027328491
video10,BirdDrone-Local-FT,146,1,1,0,0,0,0,0.9030073881149292
video10,BirdDrone-Local-FT,147,1,1,0,0,0,0,0.9050838947296143
video10,BirdDrone-Local-FT,148,1,1,0,0,0,0,0.9159227013587952
video10,BirdDrone-Local-FT,149,1,1,0,0,0,0,0.9112400412559509
video10,BirdDrone-Local-FT,150,1,1,0,0,0,0,0.915617048740387
video10,BirdDrone-Local-FT,151,2,2,0,0,0,0,0.8977044224739075
video10,BirdDrone-Local-FT,152,1,1,0,0,0,0,0.9160921573638916
video10,BirdDrone-Local-FT,153,1,1,0,0,0,0,0.9086753129959106
video10,BirdDrone-Local-FT,154,1,1,0,0,0,0,0.9077914953231812
video10,BirdDrone-Local-FT,155,1,1,0,0,0,0,0.9027767777442932
video10,BirdDrone-Local-FT,156,1,1,0,0,0,0,0.9034488797187805
video10,BirdDrone-Local-FT,157,1,1,0,0,0,0,0.9154155254364014
video10,BirdDrone-Local-FT,158,1,1,0,0,0,0,0.9153649806976318
video10,BirdDrone-Local-FT,159,1,1,0,0,0,0,0.9136195182800293
video10,BirdDrone-Local-FT,160,1,1,0,0,0,0,0.9021422863006592
video10,BirdDrone-Local-FT,161,1,1,0,0,0,0,0.9015456438064575
video10,BirdDrone-Local-FT,162,1,1,0,0,0,0,0.9051682949066162
video10,BirdDrone-Local-FT,163,1,1,0,0,0,0,0.9069173336029053
video10,BirdDrone-Local-FT,164,1,1,0,0,0,0,0.9066324830055237
video10,BirdDrone-Local-FT,165,1,1,0,0,0,0,0.9129071831703186
video10,BirdDrone-Local-FT,166,1,1,0,0,0,0,0.9046624898910522
video10,BirdDrone-Local-FT,167,1,1,0,0,0,0,0.9126038551330566
video10,BirdDrone-Local-FT,168,1,1,0,0,0,0,0.9156574606895447
video10,BirdDrone-Local-FT,169,1,1,0,0,0,0,0.9210663437843323
video10,BirdDrone-Local-FT,170,1,1,0,0,0,0,0.9111443161964417
video10,BirdDrone-Local-FT,171,1,1,0,0,0,0,0.8983626961708069
video10,BirdDrone-Local-FT,172,1,1,0,0,0,0,0.8979359269142151
video10,BirdDrone-Local-FT,173,1,1,0,0,0,0,0.9004366397857666
video10,BirdDrone-Local-FT,174,1,1,0,0,0,0,0.9238156080245972
video10,BirdDrone-Local-FT,175,1,1,0,0,0,0,0.8912816047668457
video10,BirdDrone-Local-FT,176,1,1,0,0,0,0,0.8939706683158875
video10,BirdDrone-Local-FT,177,1,1,0,0,0,0,0.8993691802024841
video10,BirdDrone-Local-FT,178,1,1,0,0,0,0,0.9097975492477417
video10,BirdDrone-Local-FT,179,1,1,0,0,0,0,0.8957242369651794
video10,BirdDrone-Local-FT,180,1,1,0,0,0,0,0.9024393558502197
video10,BirdDrone-Local-FT,181,1,1,0,0,0,0,0.9092069864273071
video10,BirdDrone-Local-FT,182,1,1,0,0,0,0,0.9052284359931946
video10,BirdDrone-Local-FT,183,2,2,0,0,0,0,0.8999607563018799
video10,BirdDrone-Local-FT,184,1,1,0,0,0,0,0.9042357802391052
video10,BirdDrone-Local-FT,185,1,1,0,0,0,0,0.9107213616371155
video10,BirdDrone-Local-FT,186,3,3,0,0,0,0,0.8484553098678589
video10,BirdDrone-Local-FT,187,2,2,0,0,1,0,0.9007226228713989
video10,BirdDrone-Local-FT,188,1,1,0,0,0,0,0.9006983637809753
video10,BirdDrone-Local-FT,189,2,2,0,0,1,0,0.9063246250152588
video10,BirdDrone-Local-FT,190,1,1,0,0,0,0,0.913431704044342
video10,BirdDrone-Local-FT,191,1,1,0,0,0,0,0.9179109930992126
video10,BirdDrone-Local-FT,192,1,1,0,0,0,0,0.9118645787239075
video10,BirdDrone-Local-FT,193,1,1,0,0,0,0,0.9021354913711548
video10,BirdDrone-Local-FT,194,1,1,0,0,0,0,0.9006633162498474
video10,BirdDrone-Local-FT,195,1,1,0,0,0,0,0.9027343988418579
video10,BirdDrone-Local-FT,196,1,1,0,0,0,0,0.9013420939445496
video10,BirdDrone-Local-FT,197,1,1,0,0,0,0,0.9069616198539734
video10,BirdDrone-Local-FT,198,1,1,0,0,0,0,0.9115059971809387
video10,BirdDrone-Local-FT,199,1,1,0,0,0,0,0.9091036915779114
video10,BirdDrone-Local-FT,200,1,1,0,0,0,0,0.9109088778495789
video10,BirdDrone-Local-FT,201,1,1,0,0,0,0,0.8763089179992676
video10,BirdDrone-Local-FT,202,1,1,0,0,0,0,0.9055065512657166
video10,BirdDrone-Local-FT,203,1,1,0,0,0,0,0.9236891865730286
video10,BirdDrone-Local-FT,204,1,1,0,0,0,0,0.9193674325942993
video10,BirdDrone-Local-FT,205,2,2,0,0,1,0,0.8842061758041382
video10,BirdDrone-Local-FT,206,1,1,0,0,0,0,0.9127859473228455
video10,BirdDrone-Local-FT,207,2,2,0,0,1,0,0.8309632539749146
video10,BirdDrone-Local-FT,208,1,1,0,0,0,0,0.8521523475646973
video10,BirdDrone-Local-FT,209,1,1,0,0,0,0,0.8753173351287842
video10,BirdDrone-Local-FT,210,2,2,0,0,0,0,0.6419363617897034
video10,BirdDrone-Local-FT,211,1,1,0,0,0,0,0.9007616639137268
video10,BirdDrone-Local-FT,212,1,1,0,0,0,0,0.9140321612358093
video10,BirdDrone-Local-FT,213,1,1,0,0,0,0,0.9090313911437988
video10,BirdDrone-Local-FT,214,1,1,0,0,0,0,0.9107845425605774
video10,BirdDrone-Local-FT,215,1,1,0,0,0,0,0.908935546875
video10,BirdDrone-Local-FT,216,1,1,0,0,0,0,0.911785900592804
video10,BirdDrone-Local-FT,217,1,1,0,0,0,0,0.9108753204345703
video10,BirdDrone-Local-FT,218,1,1,0,0,0,0,0.9095520973205566
video10,BirdDrone-Local-FT,219,1,1,0,0,0,0,0.9108226299285889
video10,BirdDrone-Local-FT,220,1,1,0,0,0,0,0.9124234914779663
video10,BirdDrone-Local-FT,221,1,1,0,0,0,0,0.9138935804367065
video10,BirdDrone-Local-FT,222,1,1,0,0,0,0,0.9137135148048401
video10,BirdDrone-Local-FT,223,1,1,0,0,0,0,0.9127389788627625
video10,BirdDrone-Local-FT,224,1,1,0,0,0,0,0.9110702276229858
video10,BirdDrone-Local-FT,225,1,1,0,0,0,0,0.9077998399734497
video10,BirdDrone-Local-FT,226,1,1,0,0,0,0,0.9072678685188293
video10,BirdDrone-Local-FT,227,1,1,0,0,0,0,0.9086511135101318
video10,BirdDrone-Local-FT,228,1,1,0,0,0,0,0.9121639132499695
video10,BirdDrone-Local-FT,229,1,1,0,0,0,0,0.9117370247840881
video10,BirdDrone-Local-FT,230,1,1,0,0,0,0,0.9118277430534363
video10,BirdDrone-Local-FT,231,1,1,0,0,0,0,0.911691427230835
video10,BirdDrone-Local-FT,232,1,1,0,0,0,0,0.9139428734779358
video10,BirdDrone-Local-FT,233,1,1,0,0,0,0,0.9115448594093323
video10,BirdDrone-Local-FT,234,1,1,0,0,0,0,0.918347954750061
video10,BirdDrone-Local-FT,235,1,1,0,0,0,0,0.9219890832901001
video10,BirdDrone-Local-FT,236,1,1,0,0,0,0,0.9213632345199585
video10,BirdDrone-Local-FT,237,1,1,0,0,0,0,0.919981062412262
video10,BirdDrone-Local-FT,238,1,1,0,0,0,0,0.9195470213890076
video10,BirdDrone-Local-FT,239,1,1,0,0,0,0,0.9215958714485168
video10,BirdDrone-Local-FT,240,1,1,0,0,0,0,0.9238813519477844
video10,BirdDrone-Local-FT,241,1,1,0,0,0,0,0.9094933271408081
video10,BirdDrone-Local-FT,242,1,1,0,0,0,0,0.9282455444335938
video10,BirdDrone-Local-FT,243,1,1,0,0,0,0,0.9246062636375427
video10,BirdDrone-Local-FT,244,1,1,0,0,0,0,0.928484320640564
video10,BirdDrone-Local-FT,245,1,1,0,0,0,0,0.9282909631729126
video10,BirdDrone-Local-FT,246,1,1,0,0,0,0,0.9304332137107849
video10,BirdDrone-Local-FT,247,1,1,0,0,0,0,0.9309988617897034
video10,BirdDrone-Local-FT,248,1,1,0,0,0,0,0.9293327331542969
video10,BirdDrone-Local-FT,249,1,1,0,0,0,0,0.9274723529815674
video10,BirdDrone-Local-FT,250,1,1,0,0,0,0,0.9261034727096558
video10,BirdDrone-Local-FT,251,1,1,0,0,0,0,0.9234514236450195
video10,BirdDrone-Local-FT,252,1,1,0,0,0,0,0.9232791662216187
video10,BirdDrone-Local-FT,253,1,1,0,0,0,0,0.9240152835845947
video10,BirdDrone-Local-FT,254,1,1,0,0,0,0,0.920280396938324
video10,BirdDrone-Local-FT,255,1,1,0,0,0,0,0.9169071316719055
video10,BirdDrone-Local-FT,256,1,1,0,0,0,0,0.9126193523406982
video10,BirdDrone-Local-FT,257,1,1,0,0,0,0,0.9130335450172424
video10,BirdDrone-Local-FT,258,1,1,0,0,0,0,0.9136179685592651
video10,BirdDrone-Local-FT,259,1,1,0,0,0,0,0.911948561668396
video10,BirdDrone-Local-FT,260,1,1,0,0,0,0,0.9123175144195557
video10,BirdDrone-Local-FT,261,1,1,0,0,0,0,0.9138083457946777
video10,BirdDrone-Local-FT,262,1,1,0,0,0,0,0.9195724129676819
video10,BirdDrone-Local-FT,263,2,2,0,0,0,0,0.871314287185669
video10,BirdDrone-Local-FT,264,1,1,0,0,0,0,0.9281728267669678
video10,BirdDrone-Local-FT,265,1,1,0,0,0,0,0.9232910871505737
video10,BirdDrone-Local-FT,266,1,1,0,0,0,0,0.9244817495346069
video10,BirdDrone-Local-FT,267,1,1,0,0,0,0,0.922958254814148
video10,BirdDrone-Local-FT,268,1,1,0,0,0,0,0.9200465083122253
video10,BirdDrone-Local-FT,269,1,1,0,0,0,0,0.9183327555656433
video10,BirdDrone-Local-FT,270,1,1,0,0,0,0,0.8997798562049866
video10,BirdDrone-Local-FT,271,1,1,0,0,0,0,0.9027600288391113
video10,BirdDrone-Local-FT,272,1,1,0,0,0,0,0.8890795707702637
video10,BirdDrone-Local-FT,273,1,1,0,0,0,0,0.8882400393486023
video10,BirdDrone-Local-FT,274,1,1,0,0,0,0,0.8875004649162292
video10,BirdDrone-Local-FT,275,1,1,0,0,0,0,0.8893091678619385
video10,BirdDrone-Local-FT,276,1,1,0,0,0,0,0.8872116804122925
video10,BirdDrone-Local-FT,277,1,1,0,0,0,0,0.8845239877700806
video10,BirdDrone-Local-FT,278,1,1,0,0,0,0,0.880822479724884
video10,BirdDrone-Local-FT,279,1,1,0,0,0,0,0.8860569000244141
video10,BirdDrone-Local-FT,280,1,1,0,0,0,0,0.887614369392395
video10,BirdDrone-Local-FT,281,1,1,0,0,0,0,0.889923632144928
video10,BirdDrone-Local-FT,282,1,1,0,0,0,0,0.8867031335830688
video10,BirdDrone-Local-FT,283,1,1,0,0,0,0,0.882921040058136
video10,BirdDrone-Local-FT,284,1,1,0,0,0,0,0.8812434077262878
video10,BirdDrone-Local-FT,285,1,1,0,0,0,0,0.8820241689682007
video10,BirdDrone-Local-FT,286,1,1,0,0,0,0,0.8819797039031982
video10,BirdDrone-Local-FT,287,1,1,0,0,0,0,0.8802629113197327
video10,BirdDrone-Local-FT,288,1,1,0,0,0,0,0.8845855593681335
video10,BirdDrone-Local-FT,289,1,1,0,0,0,0,0.8822201490402222
video10,BirdDrone-Local-FT,290,1,1,0,0,0,0,0.8800921440124512
video10,BirdDrone-Local-FT,291,1,1,0,0,0,0,0.879641592502594
video10,BirdDrone-Local-FT,292,1,1,0,0,0,0,0.8715175986289978
video10,BirdDrone-Local-FT,293,1,1,0,0,0,0,0.8766589164733887
video10,BirdDrone-Local-FT,294,1,1,0,0,0,0,0.8776747584342957
video10,BirdDrone-Local-FT,295,1,1,0,0,0,0,0.8753926753997803
video10,BirdDrone-Local-FT,296,1,1,0,0,0,0,0.8834115266799927
video10,BirdDrone-Local-FT,297,1,1,0,0,0,0,0.8940162658691406
video10,BirdDrone-Local-FT,298,1,1,0,0,0,0,0.8914730548858643
video10,BirdDrone-Local-FT,299,1,1,0,0,0,0,0.8874574303627014
video10,BirdDrone-Local-FT,300,1,1,0,0,0,0,0.8794334530830383
video10,BirdDrone-Local-FT,301,1,1,0,0,0,0,0.8787766098976135
video10,BirdDrone-Local-FT,302,1,1,0,0,0,0,0.8619945645332336
video10,BirdDrone-Local-FT,303,1,1,0,0,0,0,0.8962229490280151
video10,BirdDrone-Local-FT,304,1,1,0,0,0,0,0.8779411315917969
video10,BirdDrone-Local-FT,305,1,1,0,0,0,0,0.8873083591461182
video10,BirdDrone-Local-FT,306,1,1,0,0,0,0,0.8527920842170715
video10,BirdDrone-Local-FT,307,1,1,0,0,0,0,0.8957153558731079
video10,BirdDrone-Local-FT,308,1,1,0,0,0,0,0.9098689556121826
video10,BirdDrone-Local-FT,309,1,1,0,0,0,0,0.9053487777709961
video10,BirdDrone-Local-FT,310,1,1,0,0,0,0,0.912685751914978
video10,BirdDrone-Local-FT,311,1,1,0,0,0,0,0.9119495153427124
video10,BirdDrone-Local-FT,312,1,1,0,0,0,0,0.9005624651908875
video10,BirdDrone-Local-FT,313,1,1,0,0,0,0,0.8962316513061523
video10,BirdDrone-Local-FT,314,1,1,0,0,0,0,0.8887693881988525
video10,BirdDrone-Local-FT,315,1,1,0,0,0,0,0.8976923227310181
video10,BirdDrone-Local-FT,316,1,1,0,0,0,0,0.9035983681678772
video10,BirdDrone-Local-FT,317,1,1,0,0,0,0,0.9107171297073364
video10,BirdDrone-Local-FT,318,1,1,0,0,0,0,0.9025166630744934
video10,BirdDrone-Local-FT,319,1,1,0,0,0,0,0.9065662622451782
video10,BirdDrone-Local-FT,320,1,1,0,0,0,0,0.9054949879646301
video10,BirdDrone-Local-FT,321,1,1,0,0,0,0,0.8981911540031433
video10,BirdDrone-Local-FT,322,1,1,0,0,0,0,0.8993082642555237
video10,BirdDrone-Local-FT,323,1,1,0,0,0,0,0.8993822932243347
video10,BirdDrone-Local-FT,324,1,1,0,0,0,0,0.8982838988304138
video10,BirdDrone-Local-FT,325,1,1,0,0,0,0,0.9017320871353149
video10,BirdDrone-Local-FT,326,1,1,0,0,0,0,0.9015173316001892
video10,BirdDrone-Local-FT,327,1,1,0,0,0,0,0.900092363357544
video10,BirdDrone-Local-FT,328,1,1,0,0,0,0,0.899582028388977
video10,BirdDrone-Local-FT,329,1,1,0,0,0,0,0.8921056985855103
video10,BirdDrone-Local-FT,330,1,1,0,0,0,0,0.90257328748703
video10,BirdDrone-Local-FT,331,1,1,0,0,0,0,0.8946161270141602
video10,BirdDrone-Local-FT,332,1,1,0,0,0,0,0.88731849193573
video10,BirdDrone-Local-FT,333,1,1,0,0,0,0,0.8907871246337891
video10,BirdDrone-Local-FT,334,1,1,0,0,0,0,0.8893451690673828
video10,BirdDrone-Local-FT,335,1,1,0,0,0,0,0.8875370621681213
video10,BirdDrone-Local-FT,336,1,1,0,0,0,0,0.8910847902297974
video10,BirdDrone-Local-FT,337,1,1,0,0,0,0,0.8891984224319458
video10,BirdDrone-Local-FT,338,1,1,0,0,0,0,0.8862972259521484
video10,BirdDrone-Local-FT,339,1,1,0,0,0,0,0.8861081600189209
video10,BirdDrone-Local-FT,340,1,1,0,0,0,0,0.8842716217041016
video10,BirdDrone-Local-FT,341,1,1,0,0,0,0,0.8869504332542419
video10,BirdDrone-Local-FT,342,1,1,0,0,0,0,0.8896332383155823
video10,BirdDrone-Local-FT,343,1,1,0,0,0,0,0.8902072310447693
video10,BirdDrone-Local-FT,344,1,1,0,0,0,0,0.8885987997055054
video10,BirdDrone-Local-FT,345,1,1,0,0,0,0,0.8859049081802368
video10,BirdDrone-Local-FT,346,1,1,0,0,0,0,0.8874193429946899
video10,BirdDrone-Local-FT,347,1,1,0,0,0,0,0.8958377838134766
video10,BirdDrone-Local-FT,348,1,1,0,0,0,0,0.8982840776443481
video10,BirdDrone-Local-FT,349,1,1,0,0,0,0,0.8707396388053894
video10,BirdDrone-Local-FT,350,1,1,0,0,0,0,0.8898278474807739
video10,BirdDrone-Local-FT,351,1,1,0,0,0,0,0.9054785966873169
video10,BirdDrone-Local-FT,352,1,1,0,0,0,0,0.913011908531189
video10,BirdDrone-Local-FT,353,1,1,0,0,0,0,0.9074008464813232
video10,BirdDrone-Local-FT,354,1,1,0,0,0,0,0.9074461460113525
video10,BirdDrone-Local-FT,355,1,1,0,0,0,0,0.9030231237411499
video10,BirdDrone-Local-FT,356,1,1,0,0,0,0,0.9046964645385742
video10,BirdDrone-Local-FT,357,1,1,0,0,0,0,0.8979486227035522
video10,BirdDrone-Local-FT,358,1,1,0,0,0,0,0.8944591283798218
video10,BirdDrone-Local-FT,359,1,1,0,0,0,0,0.8850197196006775
video10,BirdDrone-Local-FT,360,1,1,0,0,0,0,0.8781794309616089
video10,BirdDrone-Local-FT,361,1,1,0,0,0,0,0.8831576704978943
video10,BirdDrone-Local-FT,362,1,1,0,0,0,0,0.8822618126869202
video10,BirdDrone-Local-FT,363,1,1,0,0,0,0,0.8878781795501709
video10,BirdDrone-Local-FT,364,1,1,0,0,0,0,0.888211727142334
video10,BirdDrone-Local-FT,365,1,1,0,0,0,0,0.8829821944236755
video10,BirdDrone-Local-FT,366,1,1,0,0,0,0,0.8785509467124939
video10,BirdDrone-Local-FT,367,1,1,0,0,0,0,0.8720901608467102
video10,BirdDrone-Local-FT,368,1,1,0,0,0,0,0.862206757068634
video10,BirdDrone-Local-FT,369,1,1,0,0,0,0,0.869829535484314
video10,BirdDrone-Local-FT,370,1,1,0,0,0,0,0.8781822919845581
video10,BirdDrone-Local-FT,371,1,1,0,0,0,0,0.8887690305709839
video10,BirdDrone-Local-FT,372,1,1,0,0,0,0,0.8829999566078186
video10,BirdDrone-Local-FT,373,1,1,0,0,0,0,0.8918588161468506
video10,BirdDrone-Local-FT,374,1,1,0,0,0,0,0.8983783721923828
video10,BirdDrone-Local-FT,375,1,1,0,0,0,0,0.8988564014434814
video10,BirdDrone-Local-FT,376,1,1,0,0,0,0,0.898091733455658
video10,BirdDrone-Local-FT,377,1,1,0,0,0,0,0.8939586877822876
video10,BirdDrone-Local-FT,378,1,1,0,0,0,0,0.8909551501274109
video10,BirdDrone-Local-FT,379,1,1,0,0,0,0,0.8961591720581055
video10,BirdDrone-Local-FT,380,1,1,0,0,0,0,0.9012728929519653
video10,BirdDrone-Local-FT,381,1,1,0,0,0,0,0.8991261720657349
video10,BirdDrone-Local-FT,382,1,1,0,0,0,0,0.8954553604125977
video10,BirdDrone-Local-FT,383,1,1,0,0,0,0,0.8986378312110901
video10,BirdDrone-Local-FT,384,1,1,0,0,0,0,0.9033364653587341
video10,BirdDrone-Local-FT,385,1,1,0,0,0,0,0.9063088297843933
video10,BirdDrone-Local-FT,386,1,1,0,0,0,0,0.9084391593933105
video10,BirdDrone-Local-FT,387,1,1,0,0,0,0,0.9112058281898499
video10,BirdDrone-Local-FT,388,1,1,0,0,0,0,0.9096118807792664
video10,BirdDrone-Local-FT,389,1,1,0,0,0,0,0.9143624305725098
video10,BirdDrone-Local-FT,390,1,1,0,0,0,0,0.9202176332473755
video10,BirdDrone-Local-FT,391,1,1,0,0,0,0,0.9263651371002197
video10,BirdDrone-Local-FT,392,1,1,0,0,0,0,0.9176000356674194
video10,BirdDrone-Local-FT,393,2,2,0,0,0,0,0.7512080669403076
video10,BirdDrone-Local-FT,394,1,1,0,0,0,0,0.9113526940345764
video10,BirdDrone-Local-FT,395,1,1,0,0,0,0,0.9060260653495789
video10,BirdDrone-Local-FT,396,1,1,0,0,0,0,0.8923237323760986
video10,BirdDrone-Local-FT,397,1,1,0,0,0,0,0.8912619352340698
video10,BirdDrone-Local-FT,398,1,1,0,0,0,0,0.8865216374397278
video10,BirdDrone-Local-FT,399,1,1,0,0,0,0,0.8946693539619446
video10,BirdDrone-Local-FT,400,1,1,0,0,0,0,0.9056209325790405
video10,BirdDrone-Local-FT,401,1,1,0,0,0,0,0.9074872732162476
video10,BirdDrone-Local-FT,402,1,1,0,0,0,0,0.9015252590179443
video10,BirdDrone-Local-FT,403,1,1,0,0,0,0,0.8957590460777283
video10,BirdDrone-Local-FT,404,1,1,0,0,0,0,0.8949034214019775
video10,BirdDrone-Local-FT,405,1,1,0,0,0,0,0.896170437335968
video10,BirdDrone-Local-FT,406,1,1,0,0,0,0,0.8939915895462036
video10,BirdDrone-Local-FT,407,1,1,0,0,0,0,0.8896029591560364
video10,BirdDrone-Local-FT,408,1,1,0,0,0,0,0.8929611444473267
video10,BirdDrone-Local-FT,409,1,1,0,0,0,0,0.9001691341400146
video10,BirdDrone-Local-FT,410,2,2,0,0,1,0,0.7687777876853943
video10,BirdDrone-Local-FT,411,1,1,0,0,0,0,0.8843344449996948
video10,BirdDrone-Local-FT,412,1,1,0,0,0,0,0.8834314942359924
video10,BirdDrone-Local-FT,413,1,1,0,0,0,0,0.8832730054855347
video10,BirdDrone-Local-FT,414,1,1,0,0,0,0,0.8927251696586609
video10,BirdDrone-Local-FT,415,1,1,0,0,0,0,0.8990244269371033
video10,BirdDrone-Local-FT,416,1,1,0,0,0,0,0.8925339579582214
video10,BirdDrone-Local-FT,417,1,1,0,0,0,0,0.88250333070755
video10,BirdDrone-Local-FT,418,1,1,0,0,0,0,0.8949823975563049
video10,BirdDrone-Local-FT,419,1,1,0,0,0,0,0.9034011363983154
video10,BirdDrone-Local-FT,420,1,1,0,0,0,0,0.9099246263504028
video10,BirdDrone-Local-FT,421,1,1,0,0,0,0,0.8766384124755859
video10,BirdDrone-Local-FT,422,1,1,0,0,0,0,0.885539710521698
video10,BirdDrone-Local-FT,423,1,1,0,0,0,0,0.8956011533737183
video10,BirdDrone-Local-FT,424,1,1,0,0,0,0,0.9123009443283081
video10,BirdDrone-Local-FT,425,1,1,0,0,0,0,0.8980849385261536
video10,BirdDrone-Local-FT,426,1,1,0,0,0,0,0.8751642107963562
video10,BirdDrone-Local-FT,427,1,1,0,0,0,0,0.8387752175331116
video10,BirdDrone-Local-FT,428,1,1,0,0,0,0,0.8895445466041565
video10,BirdDrone-Local-FT,429,1,1,0,0,0,0,0.8974785208702087
video10,BirdDrone-Local-FT,430,1,1,0,0,0,0,0.8916186094284058
video10,BirdDrone-Local-FT,431,1,1,0,0,0,0,0.8969149589538574
video10,BirdDrone-Local-FT,432,1,1,0,0,0,0,0.9074505567550659
video10,BirdDrone-Local-FT,433,2,2,0,0,1,0,0.8587096929550171
video10,BirdDrone-Local-FT,434,1,1,0,0,0,0,0.8973164558410645
video10,BirdDrone-Local-FT,435,1,1,0,0,0,0,0.8974220752716064
video10,BirdDrone-Local-FT,436,1,1,0,0,0,0,0.9119538068771362
video10,BirdDrone-Local-FT,437,1,1,0,0,0,0,0.9193764925003052
video10,BirdDrone-Local-FT,438,1,1,0,0,0,0,0.9011285305023193
video10,BirdDrone-Local-FT,439,1,1,0,0,0,0,0.9071622490882874
video10,BirdDrone-Local-FT,440,1,1,0,0,0,0,0.9126553535461426
video10,BirdDrone-Local-FT,441,1,1,0,0,0,0,0.921843409538269
video10,BirdDrone-Local-FT,442,1,1,0,0,0,0,0.91911780834198
video10,BirdDrone-Local-FT,443,1,1,0,0,0,0,0.9175226092338562
video10,BirdDrone-Local-FT,444,1,1,0,0,0,0,0.9062490463256836
video10,BirdDrone-Local-FT,445,1,1,0,0,0,0,0.9108145833015442
video10,BirdDrone-Local-FT,446,1,1,0,0,0,0,0.9044368267059326
video10,BirdDrone-Local-FT,447,1,1,0,0,0,0,0.9043357968330383
video10,BirdDrone-Local-FT,448,1,1,0,0,0,0,0.9099510908126831
video10,BirdDrone-Local-FT,449,1,1,0,0,0,0,0.922050416469574
video10,BirdDrone-Local-FT,450,1,1,0,0,0,0,0.9149530529975891
video10,BirdDrone-Local-FT,451,1,1,0,0,0,0,0.9085922837257385
video10,BirdDrone-Local-FT,452,1,1,0,0,0,0,0.8980457782745361
video10,BirdDrone-Local-FT,453,1,1,0,0,0,0,0.9055894017219543
video10,BirdDrone-Local-FT,454,1,1,0,0,0,0,0.905657947063446
video10,BirdDrone-Local-FT,455,1,1,0,0,0,0,0.8987861275672913
video10,BirdDrone-Local-FT,456,1,1,0,0,0,0,0.9020227789878845
video10,BirdDrone-Local-FT,457,1,1,0,0,0,0,0.8987525701522827
video10,BirdDrone-Local-FT,458,1,1,0,0,0,0,0.907425582408905
video10,BirdDrone-Local-FT,459,1,1,0,0,0,0,0.896454393863678
video10,BirdDrone-Local-FT,460,1,1,0,0,0,0,0.9132387042045593
video10,BirdDrone-Local-FT,461,1,1,0,0,0,0,0.9041595458984375
video10,BirdDrone-Local-FT,462,1,1,0,0,0,0,0.9092466831207275
video10,BirdDrone-Local-FT,463,1,1,0,0,0,0,0.9094408750534058
video10,BirdDrone-Local-FT,464,1,1,0,0,0,0,0.9081897139549255
video10,BirdDrone-Local-FT,465,1,1,0,0,0,0,0.9128841161727905
video10,BirdDrone-Local-FT,466,1,1,0,0,0,0,0.9116876721382141
video10,BirdDrone-Local-FT,467,1,1,0,0,0,0,0.9106459021568298
video10,BirdDrone-Local-FT,468,1,1,0,0,0,0,0.9068946838378906
video10,BirdDrone-Local-FT,469,1,1,0,0,0,0,0.9073401093482971
video10,BirdDrone-Local-FT,470,1,1,0,0,0,0,0.9070147275924683
video10,BirdDrone-Local-FT,471,1,1,0,0,0,0,0.9097610116004944
video10,BirdDrone-Local-FT,472,1,1,0,0,0,0,0.9083422422409058
video10,BirdDrone-Local-FT,473,1,1,0,0,0,0,0.9050776362419128
video10,BirdDrone-Local-FT,474,1,1,0,0,0,0,0.9042361974716187
video10,BirdDrone-Local-FT,475,1,1,0,0,0,0,0.9079821109771729
video10,BirdDrone-Local-FT,476,1,1,0,0,0,0,0.9107710123062134
video10,BirdDrone-Local-FT,477,1,1,0,0,0,0,0.906398355960846
video10,BirdDrone-Local-FT,478,1,1,0,0,0,0,0.9102904796600342
video10,BirdDrone-Local-FT,479,1,1,0,0,0,0,0.9122437834739685
video10,BirdDrone-Local-FT,480,1,1,0,0,0,0,0.9069843292236328
video10,BirdDrone-Local-FT,481,1,1,0,0,0,0,0.9073737859725952
video10,BirdDrone-Local-FT,482,1,1,0,0,0,0,0.9060250520706177
video10,BirdDrone-Local-FT,483,1,1,0,0,0,0,0.9102862477302551
video10,BirdDrone-Local-FT,484,1,1,0,0,0,0,0.9088295698165894
video10,BirdDrone-Local-FT,485,1,1,0,0,0,0,0.9080501198768616
video10,BirdDrone-Local-FT,486,1,1,0,0,0,0,0.8935405015945435
video10,BirdDrone-Local-FT,487,1,1,0,0,0,0,0.8878950476646423
video10,BirdDrone-Local-FT,488,1,1,0,0,0,0,0.8844022154808044
video10,BirdDrone-Local-FT,489,1,1,0,0,0,0,0.8838080763816833
video10,BirdDrone-Local-FT,490,1,1,0,0,0,0,0.8868849277496338
video10,BirdDrone-Local-FT,491,1,1,0,0,0,0,0.8873040676116943
video10,BirdDrone-Local-FT,492,1,1,0,0,0,0,0.8924790024757385
video10,BirdDrone-Local-FT,493,1,1,0,0,0,0,0.9014245271682739
video10,BirdDrone-Local-FT,494,1,1,0,0,0,0,0.8976098299026489
video10,BirdDrone-Local-FT,495,1,1,0,0,0,0,0.8958864808082581
video10,BirdDrone-Local-FT,496,1,1,0,0,0,0,0.8530097007751465
video10,BirdDrone-Local-FT,497,1,1,0,0,0,0,0.8784552216529846
video10,BirdDrone-Local-FT,498,1,1,0,0,0,0,0.8869001865386963
video10,BirdDrone-Local-FT,499,1,1,0,0,0,0,0.8792693018913269
video10,BirdDrone-Local-FT,500,1,1,0,0,0,0,0.8935709595680237
video10,BirdDrone-Local-FT,501,1,1,0,0,0,0,0.9005585312843323
video10,BirdDrone-Local-FT,502,1,1,0,0,0,0,0.9077111482620239
video10,BirdDrone-Local-FT,503,1,1,0,0,0,0,0.7956401109695435
video10,BirdDrone-Local-FT,504,1,1,0,0,0,0,0.9010475873947144
video10,BirdDrone-Local-FT,505,1,1,0,0,0,0,0.8951297402381897
video10,BirdDrone-Local-FT,506,1,1,0,0,0,0,0.8888290524482727
video10,BirdDrone-Local-FT,507,1,1,0,0,0,0,0.8934102654457092
video10,BirdDrone-Local-FT,508,1,1,0,0,0,0,0.9014438986778259
video10,BirdDrone-Local-FT,509,1,1,0,0,0,0,0.9075960516929626
video10,BirdDrone-Local-FT,510,1,1,0,0,0,0,0.9121150374412537
video10,BirdDrone-Local-FT,511,1,1,0,0,0,0,0.9112280011177063
video10,BirdDrone-Local-FT,512,1,1,0,0,0,0,0.9075379967689514
video10,BirdDrone-Local-FT,513,1,1,0,0,0,0,0.9006394147872925
video10,BirdDrone-Local-FT,514,1,1,0,0,0,0,0.8925744295120239
video10,BirdDrone-Local-FT,515,1,1,0,0,0,0,0.8977409601211548
video10,BirdDrone-Local-FT,516,1,1,0,0,0,0,0.906140923500061
video10,BirdDrone-Local-FT,517,1,1,0,0,0,0,0.894750714302063
video10,BirdDrone-Local-FT,518,1,1,0,0,0,0,0.8843490481376648
video10,BirdDrone-Local-FT,519,1,1,0,0,0,0,0.9101153612136841
video10,BirdDrone-Local-FT,520,1,1,0,0,0,0,0.9075733423233032
video10,BirdDrone-Local-FT,521,1,1,0,0,0,0,0.918074369430542
video10,BirdDrone-Local-FT,522,1,1,0,0,0,0,0.9153287410736084
video10,BirdDrone-Local-FT,523,1,1,0,0,0,0,0.9192572832107544
video10,BirdDrone-Local-FT,524,1,1,0,0,0,0,0.9152175784111023
video10,BirdDrone-Local-FT,525,1,1,0,0,0,0,0.9171705842018127
video10,BirdDrone-Local-FT,526,1,1,0,0,0,0,0.916256844997406
video10,BirdDrone-Local-FT,527,1,1,0,0,0,0,0.9225130081176758
video10,BirdDrone-Local-FT,528,1,1,0,0,0,0,0.928435742855072
video10,BirdDrone-Local-FT,529,1,1,0,0,0,0,0.9249847531318665
video10,BirdDrone-Local-FT,530,1,1,0,0,0,0,0.9247511029243469
video10,BirdDrone-Local-FT,531,1,1,0,0,0,0,0.9261577725410461
video10,BirdDrone-Local-FT,532,1,1,0,0,0,0,0.9246768355369568
video10,BirdDrone-Local-FT,533,1,1,0,0,0,0,0.9226609468460083
video10,BirdDrone-Local-FT,534,1,1,0,0,0,0,0.9200129508972168
video10,BirdDrone-Local-FT,535,1,1,0,0,0,0,0.9295724034309387
video10,BirdDrone-Local-FT,536,1,1,0,0,0,0,0.9295417666435242
video10,BirdDrone-Local-FT,537,1,1,0,0,0,0,0.9330019950866699
video10,BirdDrone-Local-FT,538,1,1,0,0,0,0,0.9299315810203552
video10,BirdDrone-Local-FT,539,1,1,0,0,0,0,0.9214935302734375
video10,BirdDrone-Local-FT,540,1,1,0,0,0,0,0.925859272480011
video10,BirdDrone-Local-FT,541,1,1,0,0,0,0,0.9111666083335876
video10,BirdDrone-Local-FT,542,1,1,0,0,0,0,0.9162610173225403
video10,BirdDrone-Local-FT,543,1,1,0,0,0,0,0.9126852750778198
video10,BirdDrone-Local-FT,544,1,1,0,0,0,0,0.9109457731246948
video10,BirdDrone-Local-FT,545,1,1,0,0,0,0,0.9007439017295837
video10,BirdDrone-Local-FT,546,1,1,0,0,0,0,0.908180296421051
video10,BirdDrone-Local-FT,547,1,1,0,0,0,0,0.8992136716842651
video10,BirdDrone-Local-FT,548,1,1,0,0,0,0,0.8943427801132202
video10,BirdDrone-Local-FT,549,1,1,0,0,0,0,0.8905866742134094
video10,BirdDrone-Local-FT,550,1,1,0,0,0,0,0.8829824328422546
video10,BirdDrone-Local-FT,551,1,1,0,0,0,0,0.9016390442848206
video10,BirdDrone-Local-FT,552,1,1,0,0,0,0,0.8989903330802917
video10,BirdDrone-Local-FT,553,1,1,0,0,0,0,0.9008475542068481
video10,BirdDrone-Local-FT,554,1,1,0,0,0,0,0.9002901911735535
video10,BirdDrone-Local-FT,555,1,1,0,0,0,0,0.9029950499534607
video10,BirdDrone-Local-FT,556,1,1,0,0,0,0,0.9033058881759644
video10,BirdDrone-Local-FT,557,1,1,0,0,0,0,0.9063566327095032
video10,BirdDrone-Local-FT,558,1,1,0,0,0,0,0.9010989665985107
video10,BirdDrone-Local-FT,559,1,1,0,0,0,0,0.8983156681060791
video10,BirdDrone-Local-FT,560,1,1,0,0,0,0,0.893197774887085
video10,BirdDrone-Local-FT,561,1,1,0,0,0,0,0.8789200186729431
video10,BirdDrone-Local-FT,562,1,1,0,0,0,0,0.8609235286712646
video10,BirdDrone-Local-FT,563,1,1,0,0,0,0,0.739956796169281
video10,BirdDrone-Local-FT,564,1,1,0,0,0,0,0.7994017601013184
video10,BirdDrone-Local-FT,565,1,1,0,0,0,0,0.36890333890914917
video10,BirdDrone-Local-FT,566,1,1,0,0,0,0,0.4082293212413788
video10,BirdDrone-Local-FT,567,0,0,0,0,0,0,0.0
video10,BirdDrone-Local-FT,568,1,1,0,0,0,0,0.7389886975288391
video10,BirdDrone-Local-FT,569,1,1,0,0,0,0,0.5277334451675415
video10,BirdDrone-Local-FT,570,0,0,0,0,0,0,0.0
video10,BirdDrone-Local-FT,571,0,0,0,0,0,0,0.0
video10,BirdDrone-Local-FT,572,0,0,0,0,0,0,0.0
video10,BirdDrone-Local-FT,573,0,0,0,0,0,0,0.0
video10,BirdDrone-Local-FT,574,0,0,0,0,0,0,0.0
video10,BirdDrone-Local-FT,575,0,0,0,0,0,0,0.0
video10,BirdDrone-Local-FT,576,0,0,0,0,0,0,0.0
video10,BirdDrone-Local-FT,577,0,0,0,0,0,0,0.0
video10,BirdDrone-Local-FT,578,0,0,0,0,0,0,0.0
video10,BirdDrone-Local-FT,579,0,0,0,0,0,0,0.0
video10,BirdDrone-Local-FT,580,1,1,0,0,0,0,0.5299645066261292
video10,BirdDrone-Local-FT,581,1,1,0,0,0,0,0.6048509478569031
video10,BirdDrone-Local-FT,582,1,1,0,0,0,0,0.7637113928794861
video10,BirdDrone-Local-FT,583,1,1,0,0,0,0,0.6968257427215576
video10,BirdDrone-Local-FT,584,1,1,0,0,0,0,0.6886405944824219
video10,BirdDrone-Local-FT,585,1,1,0,0,0,0,0.6529078483581543
video10,BirdDrone-Local-FT,586,1,1,0,0,0,0,0.821155846118927
video10,BirdDrone-Local-FT,587,1,1,0,0,0,0,0.8673322796821594
video10,BirdDrone-Local-FT,588,1,1,0,0,0,0,0.7539694309234619
video10,BirdDrone-Local-FT,589,1,1,0,0,0,0,0.5304635763168335
video10,BirdDrone-Local-FT,590,2,2,0,0,0,0,0.7487848997116089
video10,BirdDrone-Local-FT,591,2,2,0,0,0,0,0.7844166159629822
video10,BirdDrone-Local-FT,592,1,1,0,0,0,0,0.8147150874137878
video10,BirdDrone-Local-FT,593,1,1,0,0,0,0,0.8374086618423462
video10,BirdDrone-Local-FT,594,1,1,0,0,0,0,0.7723456025123596
video10,BirdDrone-Local-FT,595,1,1,0,0,0,0,0.6580454707145691
video10,BirdDrone-Local-FT,596,1,1,0,0,1,0,0.29667752981185913
video10,BirdDrone-Local-FT,597,1,1,0,0,0,0,0.6185410618782043
video10,BirdDrone-Local-FT,598,2,2,0,0,0,0,0.6495113372802734
video10,BirdDrone-Local-FT,599,1,1,0,0,0,0,0.8486890196800232
video10,BirdDrone-Local-FT,600,1,1,0,0,0,0,0.8653386831283569
video10,BirdDrone-Local-FT,601,1,1,0,0,0,0,0.8774936199188232
video10,BirdDrone-Local-FT,602,1,1,0,0,0,0,0.8758612871170044
video10,BirdDrone-Local-FT,603,1,1,0,0,0,0,0.7460559010505676
video10,BirdDrone-Local-FT,604,1,1,0,0,0,0,0.8711931109428406
video10,BirdDrone-Local-FT,605,1,1,0,0,0,0,0.8888921141624451
video10,BirdDrone-Local-FT,606,1,1,0,0,0,0,0.8910636901855469
video10,BirdDrone-Local-FT,607,1,1,0,0,0,0,0.8752262592315674
video10,BirdDrone-Local-FT,608,1,1,0,0,0,0,0.8859443068504333
video10,BirdDrone-Local-FT,609,2,2,0,0,1,0,0.8165069818496704
video10,BirdDrone-Local-FT,610,1,1,0,0,0,0,0.8835758566856384
video10,BirdDrone-Local-FT,611,2,2,0,0,1,0,0.8236281275749207
video10,BirdDrone-Local-FT,612,2,2,0,0,1,0,0.8190493583679199
video10,BirdDrone-Local-FT,613,1,1,0,0,0,0,0.8684385418891907
video10,BirdDrone-Local-FT,614,1,1,0,0,0,0,0.8553073406219482
video10,BirdDrone-Local-FT,615,1,1,0,0,0,0,0.8526768684387207
video10,BirdDrone-Local-FT,616,1,1,0,0,0,0,0.8671313524246216
video10,BirdDrone-Local-FT,617,1,1,0,0,0,0,0.8599154949188232
video10,BirdDrone-Local-FT,618,1,1,0,0,0,0,0.8701766133308411
video10,BirdDrone-Local-FT,619,1,1,0,0,0,0,0.8670346736907959
video10,BirdDrone-Local-FT,620,1,1,0,0,0,0,0.8485526442527771
video10,BirdDrone-Local-FT,621,1,1,0,0,0,0,0.8641384243965149
video10,BirdDrone-Local-FT,622,1,1,0,0,0,0,0.8753854632377625
video10,BirdDrone-Local-FT,623,1,1,0,0,0,0,0.8711675405502319
video10,BirdDrone-Local-FT,624,1,1,0,0,0,0,0.8718456625938416
video10,BirdDrone-Local-FT,625,1,1,0,0,0,0,0.8606346249580383
video10,BirdDrone-Local-FT,626,1,1,0,0,0,0,0.8587847948074341
video10,BirdDrone-Local-FT,627,1,1,0,0,0,0,0.8706213235855103
video10,BirdDrone-Local-FT,628,1,1,0,0,0,0,0.857805073261261
video10,BirdDrone-Local-FT,629,1,1,0,0,0,0,0.8701360821723938
video10,BirdDrone-Local-FT,630,1,1,0,0,0,0,0.8899939656257629
video10,BirdDrone-Local-FT,631,1,1,0,0,0,0,0.885631263256073
video10,BirdDrone-Local-FT,632,1,1,0,0,0,0,0.8821897506713867
video10,BirdDrone-Local-FT,633,1,1,0,0,0,0,0.8889333605766296
video10,BirdDrone-Local-FT,634,1,1,0,0,0,0,0.8903397917747498
video10,BirdDrone-Local-FT,635,1,1,0,0,0,0,0.8892847299575806
video10,BirdDrone-Local-FT,636,1,1,0,0,0,0,0.8774794340133667
video10,BirdDrone-Local-FT,637,1,1,0,0,0,0,0.8634130954742432
video10,BirdDrone-Local-FT,638,1,1,0,0,0,0,0.8807997107505798
video10,BirdDrone-Local-FT,639,1,1,0,0,0,0,0.8844071626663208
video10,BirdDrone-Local-FT,640,1,1,0,0,0,0,0.8998628854751587
video10,BirdDrone-Local-FT,641,1,1,0,0,0,0,0.8973526954650879
video10,BirdDrone-Local-FT,642,1,1,0,0,0,0,0.8966730833053589
video10,BirdDrone-Local-FT,643,1,1,0,0,0,0,0.8932563662528992
video10,BirdDrone-Local-FT,644,1,1,0,0,0,0,0.8937239050865173
video10,BirdDrone-Local-FT,645,1,1,0,0,0,0,0.8884485960006714
video10,BirdDrone-Local-FT,646,1,1,0,0,0,0,0.8963054418563843
video10,BirdDrone-Local-FT,647,1,1,0,0,0,0,0.8986199498176575
video10,BirdDrone-Local-FT,648,1,1,0,0,0,0,0.8964530825614929
video10,BirdDrone-Local-FT,649,1,1,0,0,0,0,0.884188711643219
video10,BirdDrone-Local-FT,650,1,1,0,0,0,0,0.8910524845123291
video10,BirdDrone-Local-FT,651,1,1,0,0,0,0,0.8864879608154297
video10,BirdDrone-Local-FT,652,1,1,0,0,0,0,0.8856369853019714
video10,BirdDrone-Local-FT,653,1,1,0,0,0,0,0.8822461366653442
video10,BirdDrone-Local-FT,654,1,1,0,0,0,0,0.8857077360153198
video10,BirdDrone-Local-FT,655,1,1,0,0,0,0,0.8932322859764099
video10,BirdDrone-Local-FT,656,1,1,0,0,0,0,0.8942129611968994
video10,BirdDrone-Local-FT,657,1,1,0,0,0,0,0.8949133157730103
video10,BirdDrone-Local-FT,658,1,1,0,0,0,0,0.8918675184249878
video10,BirdDrone-Local-FT,659,1,1,0,0,0,0,0.8940341472625732
video10,BirdDrone-Local-FT,660,1,1,0,0,0,0,0.8969623446464539
video10,BirdDrone-Local-FT,661,1,1,0,0,0,0,0.8949824571609497
video10,BirdDrone-Local-FT,662,1,1,0,0,0,0,0.8960103988647461
video10,BirdDrone-Local-FT,663,1,1,0,0,0,0,0.8978101015090942
video10,BirdDrone-Local-FT,664,1,1,0,0,0,0,0.8974417448043823
video10,BirdDrone-Local-FT,665,1,1,0,0,0,0,0.8966609239578247
video10,BirdDrone-Local-FT,666,1,1,0,0,0,0,0.8958853483200073
video10,BirdDrone-Local-FT,667,1,1,0,0,0,0,0.8972415924072266
video10,BirdDrone-Local-FT,668,1,1,0,0,0,0,0.8935711979866028
video10,BirdDrone-Local-FT,669,1,1,0,0,0,0,0.8899126052856445
video10,BirdDrone-Local-FT,670,1,1,0,0,0,0,0.8803839087486267
video10,BirdDrone-Local-FT,671,1,1,0,0,0,0,0.8811007738113403
video10,BirdDrone-Local-FT,672,1,1,0,0,0,0,0.8807770609855652
video10,BirdDrone-Local-FT,673,1,1,0,0,0,0,0.8789745569229126
video10,BirdDrone-Local-FT,674,1,1,0,0,0,0,0.8775439858436584
video10,BirdDrone-Local-FT,675,1,1,0,0,0,0,0.878239095211029
video10,BirdDrone-Local-FT,676,1,1,0,0,0,0,0.8793668746948242
video10,BirdDrone-Local-FT,677,1,1,0,0,0,0,0.8789193034172058
video10,BirdDrone-Local-FT,678,1,1,0,0,0,0,0.8795698285102844
video10,BirdDrone-Local-FT,679,1,1,0,0,0,0,0.8747007846832275
video10,BirdDrone-Local-FT,680,1,1,0,0,0,0,0.8760127425193787
video10,BirdDrone-Local-FT,681,1,1,0,0,0,0,0.8808692097663879
video10,BirdDrone-Local-FT,682,1,1,0,0,0,0,0.8796992301940918
video10,BirdDrone-Local-FT,683,1,1,0,0,0,0,0.8777955770492554
video10,BirdDrone-Local-FT,684,1,1,0,0,0,0,0.8767560124397278
video10,BirdDrone-Local-FT,685,1,1,0,0,0,0,0.8736810088157654
video10,BirdDrone-Local-FT,686,1,1,0,0,0,0,0.8851121664047241
video10,BirdDrone-Local-FT,687,1,1,0,0,0,0,0.8858897686004639
video10,BirdDrone-Local-FT,688,1,1,0,0,0,0,0.8838403224945068
video10,BirdDrone-Local-FT,689,1,1,0,0,0,0,0.8888458609580994
video10,BirdDrone-Local-FT,690,1,1,0,0,0,0,0.8891872763633728
video10,BirdDrone-Local-FT,691,1,1,0,0,0,0,0.8896706700325012
video10,BirdDrone-Local-FT,692,1,1,0,0,0,0,0.8902239799499512
video10,BirdDrone-Local-FT,693,1,1,0,0,0,0,0.8910413384437561
video10,BirdDrone-Local-FT,694,1,1,0,0,0,0,0.8881213665008545
video10,BirdDrone-Local-FT,695,1,1,0,0,0,0,0.8889369368553162
video10,BirdDrone-Local-FT,696,1,1,0,0,0,0,0.8853165507316589
video10,BirdDrone-Local-FT,697,1,1,0,0,0,0,0.8869268894195557
video10,BirdDrone-Local-FT,698,1,1,0,0,0,0,0.8903729915618896
video10,BirdDrone-Local-FT,699,1,1,0,0,0,0,0.8913360834121704
video10,BirdDrone-Local-FT,700,1,1,0,0,0,0,0.8888004422187805
video10,BirdDrone-Local-FT,701,1,1,0,0,0,0,0.9009080529212952
video10,BirdDrone-Local-FT,702,1,1,0,0,0,0,0.9040299654006958
video10,BirdDrone-Local-FT,703,1,1,0,0,0,0,0.9013804793357849
video10,BirdDrone-Local-FT,704,1,1,0,0,0,0,0.8990582227706909
video10,BirdDrone-Local-FT,705,1,1,0,0,0,0,0.8888843655586243
video10,BirdDrone-Local-FT,706,1,1,0,0,0,0,0.880393385887146
video10,BirdDrone-Local-FT,707,1,1,0,0,0,0,0.8723899126052856
video10,BirdDrone-Local-FT,708,1,1,0,0,0,0,0.8706852197647095
video10,BirdDrone-Local-FT,709,1,1,0,0,0,0,0.8725574016571045
video10,BirdDrone-Local-FT,710,1,1,0,0,0,0,0.8793439269065857
video10,BirdDrone-Local-FT,711,1,1,0,0,0,0,0.8769044876098633
video10,BirdDrone-Local-FT,712,1,1,0,0,0,0,0.8637504577636719
video10,BirdDrone-Local-FT,713,1,1,0,0,0,0,0.826066255569458
video10,BirdDrone-Local-FT,714,1,1,0,0,0,0,0.8525675535202026
video10,BirdDrone-Local-FT,715,1,1,0,0,0,0,0.8668531179428101
video10,BirdDrone-Local-FT,716,1,1,0,0,0,0,0.8568915724754333
video10,BirdDrone-Local-FT,717,1,1,0,0,0,0,0.8332515954971313
video10,BirdDrone-Local-FT,718,1,1,0,0,0,0,0.874962329864502
video10,BirdDrone-Local-FT,719,1,1,0,0,0,0,0.8636712431907654
video10,BirdDrone-Local-FT,720,1,1,0,0,0,0,0.8620309829711914
video10,BirdDrone-Local-FT,721,1,1,0,0,0,0,0.8604392409324646
video10,BirdDrone-Local-FT,722,1,1,0,0,0,0,0.8870208859443665
video10,BirdDrone-Local-FT,723,1,1,0,0,0,0,0.8855513334274292
video10,BirdDrone-Local-FT,724,1,1,0,0,0,0,0.8861566781997681
video10,BirdDrone-Local-FT,725,1,1,0,0,0,0,0.8997710943222046
video10,BirdDrone-Local-FT,726,1,1,0,0,0,0,0.8984801769256592
video10,BirdDrone-Local-FT,727,1,1,0,0,0,0,0.8878015875816345
video10,BirdDrone-Local-FT,728,1,1,0,0,0,0,0.8862766027450562
video10,BirdDrone-Local-FT,729,1,1,0,0,0,0,0.8892011642456055
video10,BirdDrone-Local-FT,730,1,1,0,0,0,0,0.8988635540008545
video10,BirdDrone-Local-FT,731,1,1,0,0,0,0,0.8999646902084351
video10,BirdDrone-Local-FT,732,1,1,0,0,0,0,0.8877639174461365
video10,BirdDrone-Local-FT,733,1,1,0,0,0,0,0.8843921422958374
video10,BirdDrone-Local-FT,734,1,1,0,0,0,0,0.8990180492401123
video10,BirdDrone-Local-FT,735,1,1,0,0,0,0,0.887451171875
video10,BirdDrone-Local-FT,736,1,1,0,0,0,0,0.8754240274429321
video10,BirdDrone-Local-FT,737,1,1,0,0,0,0,0.885310173034668
video10,BirdDrone-Local-FT,738,1,1,0,0,0,0,0.8846616148948669
video10,BirdDrone-Local-FT,739,1,1,0,0,0,0,0.8990191221237183
video10,BirdDrone-Local-FT,740,1,1,0,0,0,0,0.8985620737075806
video10,BirdDrone-Local-FT,741,1,1,0,0,0,0,0.8824310302734375
video10,BirdDrone-Local-FT,742,1,1,0,0,0,0,0.8766017556190491
video10,BirdDrone-Local-FT,743,1,1,0,0,0,0,0.8683658838272095
video10,BirdDrone-Local-FT,744,1,1,0,0,0,0,0.8719417452812195
video10,BirdDrone-Local-FT,745,1,1,0,0,0,0,0.8743642568588257
video10,BirdDrone-Local-FT,746,1,1,0,0,0,0,0.8778502345085144
video10,BirdDrone-Local-FT,747,1,1,0,0,0,0,0.8769625425338745
video10,BirdDrone-Local-FT,748,1,1,0,0,0,0,0.8799399137496948
video10,BirdDrone-Local-FT,749,1,1,0,0,0,0,0.8752186298370361
video10,BirdDrone-Local-FT,750,1,1,0,0,0,0,0.8818814754486084
video10,BirdDrone-Local-FT,751,1,1,0,0,0,0,0.8814581632614136
video10,BirdDrone-Local-FT,752,1,1,0,0,0,0,0.8807958364486694
video10,BirdDrone-Local-FT,753,1,1,0,0,0,0,0.8782934546470642
video10,BirdDrone-Local-FT,754,1,1,0,0,0,0,0.868080735206604
video10,BirdDrone-Local-FT,755,1,1,0,0,0,0,0.8706662654876709
video10,BirdDrone-Local-FT,756,1,1,0,0,0,0,0.8744645118713379
video10,BirdDrone-Local-FT,757,1,1,0,0,0,0,0.8800725936889648
video10,BirdDrone-Local-FT,758,1,1,0,0,0,0,0.8838832378387451
video10,BirdDrone-Local-FT,759,1,1,0,0,0,0,0.8903337717056274
video10,BirdDrone-Local-FT,760,1,1,0,0,0,0,0.8818557858467102
video10,BirdDrone-Local-FT,761,1,1,0,0,0,0,0.8770796060562134
video10,BirdDrone-Local-FT,762,1,1,0,0,0,0,0.8741772174835205
video10,BirdDrone-Local-FT,763,1,1,0,0,0,0,0.8853896260261536
video10,BirdDrone-Local-FT,764,1,1,0,0,0,0,0.8792401552200317
video10,BirdDrone-Local-FT,765,1,1,0,0,0,0,0.887113094329834
video10,BirdDrone-Local-FT,766,1,1,0,0,0,0,0.8887718319892883
video10,BirdDrone-Local-FT,767,1,1,0,0,0,0,0.8895006775856018
video10,BirdDrone-Local-FT,768,1,1,0,0,0,0,0.8929092884063721
video10,BirdDrone-Local-FT,769,1,1,0,0,0,0,0.885734498500824
video10,BirdDrone-Local-FT,770,1,1,0,0,0,0,0.8828554153442383
video10,BirdDrone-Local-FT,771,1,1,0,0,0,0,0.8959457874298096
video10,BirdDrone-Local-FT,772,1,1,0,0,0,0,0.8893569111824036
video10,BirdDrone-Local-FT,773,1,1,0,0,0,0,0.8926826119422913
video10,BirdDrone-Local-FT,774,1,1,0,0,0,0,0.8916571736335754
video10,BirdDrone-Local-FT,775,1,1,0,0,0,0,0.908623456954956
video10,BirdDrone-Local-FT,776,2,2,0,0,0,0,0.7610740065574646
video10,BirdDrone-Local-FT,777,2,2,0,0,0,0,0.7815077900886536
video10,BirdDrone-Local-FT,778,1,1,0,0,0,0,0.9027003049850464
video10,BirdDrone-Local-FT,779,1,1,0,0,0,0,0.8954806327819824
video10,BirdDrone-Local-FT,780,1,1,0,0,0,0,0.8921488523483276
video10,BirdDrone-Local-FT,781,1,1,0,0,0,0,0.8936671614646912
video10,BirdDrone-Local-FT,782,1,1,0,0,0,0,0.89557945728302
video10,BirdDrone-Local-FT,783,1,1,0,0,0,0,0.8939328789710999
video10,BirdDrone-Local-FT,784,1,1,0,0,0,0,0.8926125764846802
video10,BirdDrone-Local-FT,785,1,1,0,0,0,0,0.8930038809776306
video10,BirdDrone-Local-FT,786,1,1,0,0,0,0,0.8972235918045044
video10,BirdDrone-Local-FT,787,1,1,0,0,0,0,0.8969831466674805
video10,BirdDrone-Local-FT,788,1,1,0,0,0,0,0.9017537236213684
video10,BirdDrone-Local-FT,789,1,1,0,0,0,0,0.9072190523147583
video10,BirdDrone-Local-FT,790,1,1,0,0,0,0,0.9066321849822998
video10,BirdDrone-Local-FT,791,1,1,0,0,0,0,0.9072551131248474
video10,BirdDrone-Local-FT,792,1,1,0,0,0,0,0.9051396250724792
video10,BirdDrone-Local-FT,793,1,1,0,0,0,0,0.9047842025756836
video10,BirdDrone-Local-FT,794,1,1,0,0,0,0,0.8984368443489075
video10,BirdDrone-Local-FT,795,2,2,0,0,0,0,0.6890187859535217
video10,BirdDrone-Local-FT,796,1,1,0,0,0,0,0.8967006802558899
video10,BirdDrone-Local-FT,797,1,1,0,0,0,0,0.8894997835159302
video10,BirdDrone-Local-FT,798,1,1,0,0,0,0,0.8925576210021973
video10,BirdDrone-Local-FT,799,1,1,0,0,0,0,0.905689537525177
video10,BirdDrone-Local-FT,800,1,1,0,0,0,0,0.9069448709487915
video10,BirdDrone-Local-FT,801,1,1,0,0,0,0,0.912142813205719
video10,BirdDrone-Local-FT,802,1,1,0,0,0,0,0.9108296632766724
video10,BirdDrone-Local-FT,803,1,1,0,0,0,0,0.9098140001296997
video10,BirdDrone-Local-FT,804,1,1,0,0,0,0,0.9087492227554321
video10,BirdDrone-Local-FT,805,1,1,0,0,0,0,0.9030447006225586
video10,BirdDrone-Local-FT,806,1,1,0,0,0,0,0.8940514922142029
video10,BirdDrone-Local-FT,807,1,1,0,0,0,0,0.8918978571891785
video10,BirdDrone-Local-FT,808,1,1,0,0,0,0,0.8736022114753723
video10,BirdDrone-Local-FT,809,1,1,0,0,0,0,0.8606781959533691
video10,BirdDrone-Local-FT,810,1,1,0,0,0,0,0.8719443678855896
video10,BirdDrone-Local-FT,811,1,1,0,0,0,0,0.8825244903564453
video10,BirdDrone-Local-FT,812,1,1,0,0,0,0,0.8999090194702148
video10,BirdDrone-Local-FT,813,1,1,0,0,0,0,0.9044545292854309
video10,BirdDrone-Local-FT,814,1,1,0,0,0,0,0.9008077383041382
video10,BirdDrone-Local-FT,815,1,1,0,0,0,0,0.9041621088981628
video10,BirdDrone-Local-FT,816,1,1,0,0,0,0,0.897502064704895
video10,BirdDrone-Local-FT,817,1,1,0,0,0,0,0.8903406262397766
video10,BirdDrone-Local-FT,818,1,1,0,0,0,0,0.8938876986503601
video10,BirdDrone-Local-FT,819,1,1,0,0,0,0,0.8929517269134521
video10,BirdDrone-Local-FT,820,1,1,0,0,0,0,0.8920314908027649
video10,BirdDrone-Local-FT,821,1,1,0,0,0,0,0.8944526314735413
video10,BirdDrone-Local-FT,822,1,1,0,0,0,0,0.8916745781898499
video10,BirdDrone-Local-FT,823,1,1,0,0,0,0,0.890393853187561
video10,BirdDrone-Local-FT,824,1,1,0,0,0,0,0.8956774473190308
video10,BirdDrone-Local-FT,825,1,1,0,0,0,0,0.8979986906051636
video10,BirdDrone-Local-FT,826,1,1,0,0,0,0,0.8987820744514465
video10,BirdDrone-Local-FT,827,1,1,0,0,0,0,0.9026791453361511
video10,BirdDrone-Local-FT,828,1,1,0,0,0,0,0.9018856287002563
video10,BirdDrone-Local-FT,829,1,1,0,0,0,0,0.9022039771080017
video10,BirdDrone-Local-FT,830,1,1,0,0,0,0,0.902003288269043
video10,BirdDrone-Local-FT,831,1,1,0,0,0,0,0.9004614353179932
video10,BirdDrone-Local-FT,832,1,1,0,0,0,0,0.9007765650749207
video10,BirdDrone-Local-FT,833,1,1,0,0,0,0,0.8950909376144409
video10,BirdDrone-Local-FT,834,1,1,0,0,0,0,0.8994244337081909
video10,BirdDrone-Local-FT,835,1,1,0,0,0,0,0.9022558927536011
video10,BirdDrone-Local-FT,836,1,1,0,0,0,0,0.9043875932693481
video10,BirdDrone-Local-FT,837,1,1,0,0,0,0,0.9027897119522095
video10,BirdDrone-Local-FT,838,1,1,0,0,0,0,0.9003685712814331
video10,BirdDrone-Local-FT,839,1,1,0,0,0,0,0.9002710580825806
video10,BirdDrone-Local-FT,840,1,1,0,0,0,0,0.9006162285804749
video10,BirdDrone-Local-FT,841,1,1,0,0,0,0,0.8980677127838135
video10,BirdDrone-Local-FT,842,1,1,0,0,0,0,0.8932239413261414
video10,BirdDrone-Local-FT,843,1,1,0,0,0,0,0.8940957188606262
video10,BirdDrone-Local-FT,844,1,1,0,0,0,0,0.8999878764152527
video10,BirdDrone-Local-FT,845,1,1,0,0,0,0,0.8998408317565918
video10,BirdDrone-Local-FT,846,1,1,0,0,0,0,0.8907637596130371
video10,BirdDrone-Local-FT,847,1,1,0,0,0,0,0.8883693814277649
video10,BirdDrone-Local-FT,848,1,1,0,0,0,0,0.899691641330719
video10,BirdDrone-Local-FT,849,1,1,0,0,0,0,0.898827314376831
video10,BirdDrone-Local-FT,850,1,1,0,0,0,0,0.8951335549354553
video10,BirdDrone-Local-FT,851,1,1,0,0,0,0,0.8988222479820251
video10,BirdDrone-Local-FT,852,1,1,0,0,0,0,0.8954693078994751
video10,BirdDrone-Local-FT,853,1,1,0,0,0,0,0.8887892365455627
video10,BirdDrone-Local-FT,854,1,1,0,0,0,0,0.893222987651825
video10,BirdDrone-Local-FT,855,1,1,0,0,0,0,0.8894819021224976
video10,BirdDrone-Local-FT,856,1,1,0,0,0,0,0.8855470418930054
video10,BirdDrone-Local-FT,857,1,1,0,0,0,0,0.857153594493866
video10,BirdDrone-Local-FT,858,1,1,0,0,0,0,0.8722577095031738
video10,BirdDrone-Local-FT,859,1,1,0,0,0,0,0.874129593372345
video10,BirdDrone-Local-FT,860,1,1,0,0,0,0,0.8812800645828247
video10,BirdDrone-Local-FT,861,1,1,0,0,0,0,0.8758641481399536
video10,BirdDrone-Local-FT,862,1,1,0,0,0,0,0.8793221116065979
video10,BirdDrone-Local-FT,863,1,1,0,0,0,0,0.8761264681816101
video10,BirdDrone-Local-FT,864,1,1,0,0,0,0,0.8709330558776855
video10,BirdDrone-Local-FT,865,1,1,0,0,0,0,0.870270311832428
video10,BirdDrone-Local-FT,866,1,1,0,0,0,0,0.8784882426261902
video10,BirdDrone-Local-FT,867,1,1,0,0,0,0,0.8744646906852722
video10,BirdDrone-Local-FT,868,1,1,0,0,0,0,0.8783871531486511
video10,BirdDrone-Local-FT,869,1,1,0,0,0,0,0.8852819800376892
video10,BirdDrone-Local-FT,870,1,1,0,0,0,0,0.8792350888252258
video10,BirdDrone-Local-FT,871,1,1,0,0,0,0,0.8754323124885559
video10,BirdDrone-Local-FT,872,1,1,0,0,0,0,0.8897103071212769
video10,BirdDrone-Local-FT,873,1,1,0,0,0,0,0.8968990445137024
video10,BirdDrone-Local-FT,874,1,1,0,0,0,0,0.8965809941291809
video10,BirdDrone-Local-FT,875,1,1,0,0,0,0,0.8905419707298279
video10,BirdDrone-Local-FT,876,1,1,0,0,0,0,0.897188663482666
video10,BirdDrone-Local-FT,877,1,1,0,0,0,0,0.9022884964942932
video10,BirdDrone-Local-FT,878,1,1,0,0,0,0,0.8998146057128906
video10,BirdDrone-Local-FT,879,1,1,0,0,0,0,0.8746182322502136
video10,BirdDrone-Local-FT,880,1,1,0,0,0,0,0.8680070638656616
video10,BirdDrone-Local-FT,881,1,1,0,0,0,0,0.8693564534187317
video10,BirdDrone-Local-FT,882,1,1,0,0,0,0,0.8790152072906494
video10,BirdDrone-Local-FT,883,1,1,0,0,0,0,0.8957133293151855
video10,BirdDrone-Local-FT,884,1,1,0,0,0,0,0.8956623673439026
video10,BirdDrone-Local-FT,885,1,1,0,0,0,0,0.8951466083526611
video10,BirdDrone-Local-FT,886,1,1,0,0,0,0,0.8859443068504333
video10,BirdDrone-Local-FT,887,1,1,0,0,0,0,0.9003812670707703
video10,BirdDrone-Local-FT,888,2,2,0,0,0,0,0.808816134929657
video10,BirdDrone-Local-FT,889,1,1,0,0,0,0,0.8963533639907837
video10,BirdDrone-Local-FT,890,1,1,0,0,0,0,0.8850304484367371
video10,BirdDrone-Local-FT,891,1,1,0,0,0,0,0.856024980545044
video10,BirdDrone-Local-FT,892,1,1,0,0,0,0,0.8821549415588379
video10,BirdDrone-Local-FT,893,1,1,0,0,0,0,0.8646148443222046
video10,BirdDrone-Local-FT,894,1,1,0,0,0,0,0.8860830068588257
video10,BirdDrone-Local-FT,895,1,1,0,0,0,0,0.8927431106567383
video10,BirdDrone-Local-FT,896,1,1,0,0,0,0,0.8957544565200806
video10,BirdDrone-Local-FT,897,1,1,0,0,0,0,0.895801842212677
video10,BirdDrone-Local-FT,898,1,1,0,0,0,0,0.8850327730178833
video10,BirdDrone-Local-FT,899,1,1,0,0,0,0,0.9046189188957214
video10,BirdDrone-Local-FT,900,1,1,0,0,0,0,0.9012419581413269
video10,BirdDrone-Local-FT,901,1,1,0,0,0,0,0.9210157990455627
video10,BirdDrone-Local-FT,902,1,1,0,0,0,0,0.907730221748352
video10,BirdDrone-Local-FT,903,1,1,0,0,0,0,0.9141309857368469
video10,BirdDrone-Local-FT,904,1,1,0,0,0,0,0.8890807032585144
video10,BirdDrone-Local-FT,905,2,2,0,0,0,0,0.5016183853149414
video10,BirdDrone-Local-FT,906,1,1,0,0,0,0,0.8940459489822388
video10,BirdDrone-Local-FT,907,1,1,0,0,0,0,0.8722137212753296
video10,BirdDrone-Local-FT,908,1,1,0,0,0,0,0.8228983879089355
video10,BirdDrone-Local-FT,909,1,1,0,0,0,0,0.37263205647468567
video10,BirdDrone-Local-FT,910,1,1,0,0,0,0,0.41838935017585754
video10,BirdDrone-Local-FT,911,1,1,0,0,0,0,0.5795788764953613
video10,BirdDrone-Local-FT,912,1,1,0,0,0,0,0.41313186287879944
video10,BirdDrone-Local-FT,913,1,1,0,0,0,0,0.6673727631568909
video10,BirdDrone-Local-FT,914,1,1,0,0,1,0,0.267705500125885
video10,BirdDrone-Local-FT,915,1,1,0,0,0,0,0.6607254147529602
video10,BirdDrone-Local-FT,916,2,2,0,0,0,0,0.6356112360954285
video10,BirdDrone-Local-FT,917,1,1,0,0,0,0,0.6261703968048096
video10,BirdDrone-Local-FT,918,1,1,0,0,0,0,0.6416833400726318
video10,BirdDrone-Local-FT,919,1,1,0,0,0,0,0.8401292562484741
video10,BirdDrone-Local-FT,920,1,1,0,0,0,0,0.7920761108398438
video10,BirdDrone-Local-FT,921,1,1,0,0,0,0,0.8186167478561401
video10,BirdDrone-Local-FT,922,1,1,0,0,0,0,0.6086113452911377
video10,BirdDrone-Local-FT,923,1,1,0,0,0,0,0.4579954445362091
video10,BirdDrone-Local-FT,924,1,1,0,0,0,0,0.8293519616127014
video10,BirdDrone-Local-FT,925,1,1,0,0,0,0,0.8695597648620605
video10,BirdDrone-Local-FT,926,1,1,0,0,0,0,0.8676892518997192
video10,BirdDrone-Local-FT,927,1,1,0,0,0,0,0.8606805205345154
video10,BirdDrone-Local-FT,928,1,1,0,0,0,0,0.8839937448501587
video10,BirdDrone-Local-FT,929,1,1,0,0,0,0,0.8768539428710938
video10,BirdDrone-Local-FT,930,1,1,0,0,0,0,0.8893001079559326
video10,BirdDrone-Local-FT,931,1,1,0,0,0,0,0.8945856094360352
video10,BirdDrone-Local-FT,932,1,1,0,0,0,0,0.9006330370903015
video10,BirdDrone-Local-FT,933,1,1,0,0,0,0,0.8942362070083618
video10,BirdDrone-Local-FT,934,1,1,0,0,0,0,0.8835357427597046
video10,BirdDrone-Local-FT,935,1,1,0,0,0,0,0.8832469582557678
video10,BirdDrone-Local-FT,936,1,1,0,0,0,0,0.7713746428489685
video10,BirdDrone-Local-FT,937,1,1,0,0,0,0,0.8102332949638367
video10,BirdDrone-Local-FT,938,1,1,0,0,0,0,0.8252681493759155
video10,BirdDrone-Local-FT,939,1,1,0,0,0,0,0.8131816387176514
video10,BirdDrone-Local-FT,940,1,1,0,0,0,0,0.8447625041007996
video10,BirdDrone-Local-FT,941,1,1,0,0,0,0,0.8686825633049011
video10,BirdDrone-Local-FT,942,1,1,0,0,0,0,0.8634257912635803
video10,BirdDrone-Local-FT,943,1,1,0,0,0,0,0.8442011475563049
video10,BirdDrone-Local-FT,944,1,1,0,0,0,0,0.8202575445175171
video10,BirdDrone-Local-FT,945,1,1,0,0,0,0,0.7964118719100952
video10,BirdDrone-Local-FT,946,1,1,0,0,0,0,0.8796437978744507
video10,BirdDrone-Local-FT,947,1,1,0,0,0,0,0.8788071274757385
video10,BirdDrone-Local-FT,948,1,1,0,0,0,0,0.866074800491333
video10,BirdDrone-Local-FT,949,1,1,0,0,0,0,0.865043580532074
video10,BirdDrone-Local-FT,950,1,1,0,0,0,0,0.8497160077095032
video10,BirdDrone-Local-FT,951,1,1,0,0,0,0,0.8569545149803162
video10,BirdDrone-Local-FT,952,1,1,0,0,0,0,0.8517496585845947
video10,BirdDrone-Local-FT,953,1,1,0,0,0,0,0.860721230506897
video10,BirdDrone-Local-FT,954,1,1,0,0,0,0,0.8347339630126953
video10,BirdDrone-Local-FT,955,1,1,0,0,0,0,0.785335123538971
video10,BirdDrone-Local-FT,956,1,1,0,0,0,0,0.7709184885025024
video10,BirdDrone-Local-FT,957,1,1,0,0,0,0,0.7468120455741882
video10,BirdDrone-Local-FT,958,1,1,0,0,0,0,0.7389363050460815
video10,BirdDrone-Local-FT,959,1,1,0,0,0,0,0.7194697260856628
video10,BirdDrone-Local-FT,960,1,1,0,0,0,0,0.5631672739982605
video10,BirdDrone-Local-FT,961,1,1,0,0,0,0,0.7157883048057556
video10,BirdDrone-Local-FT,962,1,1,0,0,0,0,0.5823391079902649
video10,BirdDrone-Local-FT,963,1,1,0,0,0,0,0.6471686959266663
video10,BirdDrone-Local-FT,964,1,1,0,0,0,0,0.6666093468666077
video10,BirdDrone-Local-FT,965,0,0,0,0,0,0,0.0
video10,BirdDrone-Local-FT,966,1,1,0,0,0,0,0.41351252794265747
video10,BirdDrone-Local-FT,967,1,1,0,0,0,0,0.5866796374320984
video10,BirdDrone-Local-FT,968,0,0,0,0,0,0,0.0
video10,BirdDrone-Local-FT,969,0,0,0,0,0,0,0.0
video10,BirdDrone-Local-FT,970,0,0,0,0,0,0,0.0
video10,BirdDrone-Local-FT,971,1,1,0,0,0,0,0.37390953302383423
video10,BirdDrone-Local-FT,972,1,1,0,0,1,0,0.33502548933029175
video10,BirdDrone-Local-FT,973,1,1,0,0,1,0,0.27552369236946106
video10,BirdDrone-Local-FT,974,0,0,0,0,0,0,0.0
video10,BirdDrone-Local-FT,975,0,0,0,0,0,0,0.0
video10,BirdDrone-Local-FT,976,0,0,0,0,0,0,0.0
video10,BirdDrone-Local-FT,977,0,0,0,0,0,0,0.0
video10,BirdDrone-Local-FT,978,0,0,0,0,0,0,0.0
video10,BirdDrone-Local-FT,979,0,0,0,0,0,0,0.0
video10,BirdDrone-Local-FT,980,1,1,0,0,1,0,0.3458738625049591
video10,BirdDrone-Local-FT,981,0,0,0,0,0,0,0.0
video10,BirdDrone-Local-FT,982,0,0,0,0,0,0,0.0
video10,BirdDrone-Local-FT,983,0,0,0,0,0,0,0.0
video10,BirdDrone-Local-FT,984,0,0,0,0,0,0,0.0
video10,BirdDrone-Local-FT,985,0,0,0,0,0,0,0.0
video10,BirdDrone-Local-FT,986,0,0,0,0,0,0,0.0
video10,BirdDrone-Local-FT,987,0,0,0,0,0,0,0.0
video10,BirdDrone-Local-FT,988,1,1,0,0,1,0,0.27067500352859497
video10,BirdDrone-Local-FT,989,1,1,0,0,1,0,0.26855385303497314
video10,BirdDrone-Local-FT,990,1,1,0,0,1,0,0.275465726852417
video10,BirdDrone-Local-FT,991,1,1,0,0,0,0,0.40425795316696167
video10,BirdDrone-Local-FT,992,0,0,0,0,0,0,0.0
video10,BirdDrone-Local-FT,993,0,0,0,0,0,0,0.0
video10,BirdDrone-Local-FT,994,1,1,0,0,1,0,0.31985101103782654
video10,BirdDrone-Local-FT,995,0,0,0,0,0,0,0.0
video10,BirdDrone-Local-FT,996,1,1,0,0,1,0,0.3140813708305359
video10,BirdDrone-Local-FT,997,0,0,0,0,0,0,0.0
video10,BirdDrone-Local-FT,998,1,1,0,0,0,0,0.5652945637702942
video10,BirdDrone-Local-FT,999,0,0,0,0,0,0,0.0
video10,BirdDrone-Local-FT,1000,0,0,0,0,0,0,0.0
video10,BirdDrone-Local-FT,1001,0,0,0,0,0,0,0.0
video10,BirdDrone-Local-FT,1002,0,0,0,0,0,0,0.0
video10,BirdDrone-Local-FT,1003,0,0,0,0,0,0,0.0
video10,BirdDrone-Local-FT,1004,0,0,0,0,0,0,0.0
video10,BirdDrone-Local-FT,1005,0,0,0,0,0,0,0.0
video10,BirdDrone-Local-FT,1006,0,0,0,0,0,0,0.0
video10,BirdDrone-Local-FT,1007,2,2,0,0,1,0,0.35313481092453003
video10,BirdDrone-Local-FT,1008,2,2,0,0,2,0,0.2927546203136444
video10,BirdDrone-Local-FT,1009,1,1,0,0,0,0,0.5641289949417114
video10,BirdDrone-Local-FT,1010,1,1,0,0,0,0,0.47282373905181885
video10,BirdDrone-Local-FT,1011,1,1,0,0,0,0,0.35637447237968445
video10,BirdDrone-Local-FT,1012,2,2,0,0,2,0,0.295591801404953
video10,BirdDrone-Local-FT,1013,1,1,0,0,0,0,0.3659517467021942
video10,BirdDrone-Local-FT,1014,1,1,0,0,1,0,0.3221816122531891
video10,BirdDrone-Local-FT,1015,2,2,0,0,1,0,0.619206428527832
video10,BirdDrone-Local-FT,1016,2,2,0,0,0,0,0.51731276512146
video10,BirdDrone-Local-FT,1017,1,1,0,0,0,0,0.773451030254364
video10,BirdDrone-Local-FT,1018,1,1,0,0,0,0,0.8335786461830139
video10,BirdDrone-Local-FT,1019,1,1,0,0,0,0,0.8032370805740356
video10,BirdDrone-Local-FT,1020,2,2,0,0,0,0,0.7414820790290833
video10,BirdDrone-Local-FT,1021,1,1,0,0,0,0,0.8443852066993713
video10,BirdDrone-Local-FT,1022,1,1,0,0,0,0,0.8578767776489258
video10,BirdDrone-Local-FT,1023,1,1,0,0,0,0,0.8369963765144348
video10,BirdDrone-Local-FT,1024,1,1,0,0,0,0,0.8735145926475525
video10,BirdDrone-Local-FT,1025,1,1,0,0,0,0,0.8691545128822327
video10,BirdDrone-Local-FT,1026,1,1,0,0,0,0,0.8764860033988953
video10,BirdDrone-Local-FT,1027,1,1,0,0,0,0,0.8656691908836365
video10,BirdDrone-Local-FT,1028,1,1,0,0,0,0,0.8851526975631714
video10,BirdDrone-Local-FT,1029,1,1,0,0,0,0,0.8680887222290039
video10,BirdDrone-Local-FT,1030,1,1,0,0,0,0,0.8268572092056274
video10,BirdDrone-Local-FT,1031,1,1,0,0,0,0,0.8490316271781921
video10,BirdDrone-Local-FT,1032,1,1,0,0,0,0,0.8638682961463928
video10,BirdDrone-Local-FT,1033,1,1,0,0,0,0,0.8629329800605774
video10,BirdDrone-Local-FT,1034,1,1,0,0,0,0,0.8669672012329102
video10,BirdDrone-Local-FT,1035,1,1,0,0,0,0,0.8741039633750916
video10,BirdDrone-Local-FT,1036,1,1,0,0,0,0,0.8772086501121521
video10,BirdDrone-Local-FT,1037,1,1,0,0,0,0,0.8787553310394287
video10,BirdDrone-Local-FT,1038,1,1,0,0,0,0,0.880589485168457
video10,BirdDrone-Local-FT,1039,1,1,0,0,0,0,0.8745080828666687
video10,BirdDrone-Local-FT,1040,1,1,0,0,0,0,0.8668164014816284
video10,BirdDrone-Local-FT,1041,1,1,0,0,0,0,0.853919506072998
video10,BirdDrone-Local-FT,1042,1,1,0,0,0,0,0.8376228213310242
video10,BirdDrone-Local-FT,1043,1,1,0,0,0,0,0.8616442084312439
video10,BirdDrone-Local-FT,1044,1,1,0,0,0,0,0.862800657749176
video10,BirdDrone-Local-FT,1045,1,1,0,0,0,0,0.8755191564559937
video10,BirdDrone-Local-FT,1046,1,1,0,0,0,0,0.8915008902549744
video10,BirdDrone-Local-FT,1047,1,1,0,0,0,0,0.8928537368774414
video10,BirdDrone-Local-FT,1048,1,1,0,0,0,0,0.9004132151603699
video10,BirdDrone-Local-FT,1049,1,1,0,0,0,0,0.9016404151916504
video10,BirdDrone-Local-FT,1050,1,1,0,0,0,0,0.9032738208770752
video10,BirdDrone-Local-FT,1051,1,1,0,0,0,0,0.9048447012901306
video10,BirdDrone-Local-FT,1052,1,1,0,0,0,0,0.9042666554450989
video10,BirdDrone-Local-FT,1053,1,1,0,0,0,0,0.9039222002029419
video10,BirdDrone-Local-FT,1054,1,1,0,0,0,0,0.8995278477668762
video10,BirdDrone-Local-FT,1055,1,1,0,0,0,0,0.893858790397644
video10,BirdDrone-Local-FT,1056,1,1,0,0,0,0,0.8934602737426758
video10,BirdDrone-Local-FT,1057,1,1,0,0,0,0,0.8920627236366272
video10,BirdDrone-Local-FT,1058,1,1,0,0,0,0,0.8952651023864746
video10,BirdDrone-Local-FT,1059,1,1,0,0,0,0,0.8949659466743469
video10,BirdDrone-Local-FT,1060,1,1,0,0,0,0,0.8993901014328003
video10,BirdDrone-Local-FT,1061,1,1,0,0,0,0,0.8995604515075684
video10,BirdDrone-Local-FT,1062,1,1,0,0,0,0,0.9011074900627136
video10,BirdDrone-Local-FT,1063,1,1,0,0,0,0,0.8964192271232605
video10,BirdDrone-Local-FT,1064,1,1,0,0,0,0,0.8960163593292236
video10,BirdDrone-Local-FT,1065,1,1,0,0,0,0,0.8957808613777161
video10,BirdDrone-Local-FT,1066,1,1,0,0,0,0,0.8979392051696777
video10,BirdDrone-Local-FT,1067,1,1,0,0,0,0,0.8930311799049377
video10,BirdDrone-Local-FT,1068,1,1,0,0,0,0,0.8940040469169617
video10,BirdDrone-Local-FT,1069,1,1,0,0,0,0,0.8892654180526733
video10,BirdDrone-Local-FT,1070,1,1,0,0,0,0,0.8871713876724243
video10,BirdDrone-Local-FT,1071,1,1,0,0,0,0,0.8926491737365723
video10,BirdDrone-Local-FT,1072,1,1,0,0,0,0,0.8973800539970398
video10,BirdDrone-Local-FT,1073,1,1,0,0,0,0,0.8953373432159424
video10,BirdDrone-Local-FT,1074,1,1,0,0,0,0,0.8961083889007568
video10,BirdDrone-Local-FT,1075,1,1,0,0,0,0,0.8966932892799377
video10,BirdDrone-Local-FT,1076,1,1,0,0,0,0,0.8997368216514587
video10,BirdDrone-Local-FT,1077,1,1,0,0,0,0,0.8983051776885986
video10,BirdDrone-Local-FT,1078,1,1,0,0,0,0,0.8997851610183716
video10,BirdDrone-Local-FT,1079,1,1,0,0,0,0,0.8981131911277771
video10,BirdDrone-Local-FT,1080,1,1,0,0,0,0,0.8948844075202942
video10,BirdDrone-Local-FT,1081,1,1,0,0,0,0,0.8923910856246948
video10,BirdDrone-Local-FT,1082,1,1,0,0,0,0,0.8851577639579773
video10,BirdDrone-Local-FT,1083,1,1,0,0,0,0,0.8789241909980774
video10,BirdDrone-Local-FT,1084,1,1,0,0,0,0,0.8708922266960144
video10,BirdDrone-Local-FT,1085,1,1,0,0,0,0,0.8721970319747925
video10,BirdDrone-Local-FT,1086,1,1,0,0,0,0,0.6156805753707886
video10,BirdDrone-Local-FT,1087,1,1,0,0,0,0,0.8540279865264893
video10,BirdDrone-Local-FT,1088,1,1,0,0,0,0,0.8682832717895508
video10,BirdDrone-Local-FT,1089,1,1,0,0,0,0,0.870518147945404
video10,BirdDrone-Local-FT,1090,1,1,0,0,0,0,0.8670181632041931
video10,BirdDrone-Local-FT,1091,1,1,0,0,0,0,0.868532657623291
video10,BirdDrone-Local-FT,1092,1,1,0,0,0,0,0.8609892725944519
video10,BirdDrone-Local-FT,1093,1,1,0,0,0,0,0.8376262187957764
video10,BirdDrone-Local-FT,1094,1,1,0,0,0,0,0.8486382961273193
video10,BirdDrone-Local-FT,1095,1,1,0,0,0,0,0.866449773311615
video10,BirdDrone-Local-FT,1096,1,1,0,0,0,0,0.8711551427841187
video10,BirdDrone-Local-FT,1097,1,1,0,0,0,0,0.8790076971054077
video10,BirdDrone-Local-FT,1098,1,1,0,0,0,0,0.885466456413269
video10,BirdDrone-Local-FT,1099,1,1,0,0,0,0,0.8915641903877258
video10,BirdDrone-Local-FT,1100,1,1,0,0,0,0,0.8919190764427185
video10,BirdDrone-Local-FT,1101,1,1,0,0,0,0,0.8865635991096497
video10,BirdDrone-Local-FT,1102,1,1,0,0,0,0,0.8845728039741516
video10,BirdDrone-Local-FT,1103,1,1,0,0,0,0,0.8799818158149719
video10,BirdDrone-Local-FT,1104,1,1,0,0,0,0,0.8811572194099426
video10,BirdDrone-Local-FT,1105,1,1,0,0,0,0,0.8862028121948242
video10,BirdDrone-Local-FT,1106,1,1,0,0,0,0,0.883438229560852
video10,BirdDrone-Local-FT,1107,1,1,0,0,0,0,0.8819068670272827
video10,BirdDrone-Local-FT,1108,1,1,0,0,0,0,0.8853107690811157
video10,BirdDrone-Local-FT,1109,1,1,0,0,0,0,0.8841926455497742
video10,BirdDrone-Local-FT,1110,1,1,0,0,0,0,0.8805744051933289
video10,BirdDrone-Local-FT,1111,1,1,0,0,0,0,0.8796343207359314
video10,BirdDrone-Local-FT,1112,1,1,0,0,0,0,0.877491295337677
video10,BirdDrone-Local-FT,1113,1,1,0,0,0,0,0.877957820892334
video10,BirdDrone-Local-FT,1114,1,1,0,0,0,0,0.882933497428894
video10,BirdDrone-Local-FT,1115,1,1,0,0,0,0,0.8839009404182434
video10,BirdDrone-Local-FT,1116,1,1,0,0,0,0,0.8925577998161316
video10,BirdDrone-Local-FT,1117,1,1,0,0,0,0,0.9014176726341248
video10,BirdDrone-Local-FT,1118,1,1,0,0,0,0,0.8992540836334229
video10,BirdDrone-Local-FT,1119,1,1,0,0,0,0,0.8934123516082764
video10,BirdDrone-Local-FT,1120,1,1,0,0,0,0,0.9012254476547241
video10,BirdDrone-Local-FT,1121,1,1,0,0,0,0,0.9080340266227722
video10,BirdDrone-Local-FT,1122,1,1,0,0,0,0,0.8943563103675842
video10,BirdDrone-Local-FT,1123,1,1,0,0,0,0,0.9073349237442017
video10,BirdDrone-Local-FT,1124,1,1,0,0,0,0,0.8919302225112915
video10,BirdDrone-Local-FT,1125,1,1,0,0,0,0,0.9161398410797119
video10,BirdDrone-Local-FT,1126,1,1,0,0,0,0,0.9132778644561768
video10,BirdDrone-Local-FT,1127,1,1,0,0,0,0,0.9179356098175049
video10,BirdDrone-Local-FT,1128,1,1,0,0,0,0,0.9069564342498779
video10,BirdDrone-Local-FT,1129,1,1,0,0,0,0,0.8822164535522461
video10,BirdDrone-Local-FT,1130,1,1,0,0,0,0,0.8665053248405457
video10,BirdDrone-Local-FT,1131,1,1,0,0,0,0,0.8910725712776184
video10,BirdDrone-Local-FT,1132,1,1,0,0,0,0,0.905088484287262
video10,BirdDrone-Local-FT,1133,1,1,0,0,0,0,0.9050890803337097
video10,BirdDrone-Local-FT,1134,1,1,0,0,0,0,0.901171863079071
video10,BirdDrone-Local-FT,1135,1,1,0,0,0,0,0.9036652445793152
video10,BirdDrone-Local-FT,1136,1,1,0,0,0,0,0.9077022075653076
video10,BirdDrone-Local-FT,1137,1,1,0,0,0,0,0.9166748523712158
video10,BirdDrone-Local-FT,1138,1,1,0,0,0,0,0.9107614159584045
video10,BirdDrone-Local-FT,1139,1,1,0,0,0,0,0.9100478291511536
video10,BirdDrone-Local-FT,1140,1,1,0,0,0,0,0.9081948399543762
video10,BirdDrone-Local-FT,1141,1,1,0,0,0,0,0.9066992998123169
video10,BirdDrone-Local-FT,1142,1,1,0,0,0,0,0.9111078381538391
video10,BirdDrone-Local-FT,1143,1,1,0,0,0,0,0.9133898615837097
video10,BirdDrone-Local-FT,1144,1,1,0,0,0,0,0.9088700413703918
video10,BirdDrone-Local-FT,1145,1,1,0,0,0,0,0.907077968120575
video10,BirdDrone-Local-FT,1146,1,1,0,0,0,0,0.9051427841186523
video10,BirdDrone-Local-FT,1147,1,1,0,0,0,0,0.904751718044281
video10,BirdDrone-Local-FT,1148,1,1,0,0,0,0,0.8998318910598755
video10,BirdDrone-Local-FT,1149,1,1,0,0,0,0,0.9001045227050781
video10,BirdDrone-Local-FT,1150,1,1,0,0,0,0,0.9009932279586792
video10,BirdDrone-Local-FT,1151,1,1,0,0,0,0,0.8982535004615784
video10,BirdDrone-Local-FT,1152,1,1,0,0,0,0,0.8972393274307251
video10,BirdDrone-Local-FT,1153,1,1,0,0,0,0,0.9010938405990601
video10,BirdDrone-Local-FT,1154,1,1,0,0,0,0,0.9013980627059937
video10,BirdDrone-Local-FT,1155,1,1,0,0,0,0,0.8970886468887329
video10,BirdDrone-Local-FT,1156,1,1,0,0,0,0,0.8995978832244873
video10,BirdDrone-Local-FT,1157,1,1,0,0,0,0,0.8918259739875793
video10,BirdDrone-Local-FT,1158,1,1,0,0,0,0,0.8916712999343872
video10,BirdDrone-Local-FT,1159,1,1,0,0,0,0,0.8788496851921082
video10,BirdDrone-Local-FT,1160,1,1,0,0,0,0,0.8837884664535522
video10,BirdDrone-Local-FT,1161,1,1,0,0,0,0,0.8843526840209961
video10,BirdDrone-Local-FT,1162,1,1,0,0,0,0,0.8830775618553162
video10,BirdDrone-Local-FT,1163,2,2,0,0,0,0,0.609546422958374
video10,BirdDrone-Local-FT,1164,2,2,0,0,1,0,0.8136178851127625
video10,BirdDrone-Local-FT,1165,1,1,0,0,0,0,0.840370774269104
video10,BirdDrone-Local-FT,1166,1,1,0,0,0,0,0.8483980894088745
video10,BirdDrone-Local-FT,1167,1,1,0,0,0,0,0.8266671299934387
video10,BirdDrone-Local-FT,1168,1,1,0,0,0,0,0.8833495378494263
video10,BirdDrone-Local-FT,1169,1,1,0,0,0,0,0.8846101760864258
video10,BirdDrone-Local-FT,1170,1,1,0,0,0,0,0.8911250829696655
video10,BirdDrone-Local-FT,1171,1,1,0,0,0,0,0.8914467096328735
video10,BirdDrone-Local-FT,1172,1,1,0,0,0,0,0.888109564781189
video10,BirdDrone-Local-FT,1173,1,1,0,0,0,0,0.8863371014595032
video10,BirdDrone-Local-FT,1174,1,1,0,0,0,0,0.8942959904670715
video10,BirdDrone-Local-FT,1175,1,1,0,0,0,0,0.8915168046951294
video10,BirdDrone-Local-FT,1176,1,1,0,0,0,0,0.8861076235771179
video10,BirdDrone-Local-FT,1177,1,1,0,0,0,0,0.8890185356140137
video10,BirdDrone-Local-FT,1178,1,1,0,0,0,0,0.8825606107711792
video10,BirdDrone-Local-FT,1179,1,1,0,0,0,0,0.8842138051986694
video10,BirdDrone-Local-FT,1180,1,1,0,0,0,0,0.8839634656906128
video10,BirdDrone-Local-FT,1181,1,1,0,0,0,0,0.8956248760223389
video10,BirdDrone-Local-FT,1182,1,1,0,0,0,0,0.9047491550445557
video10,BirdDrone-Local-FT,1183,1,1,0,0,0,0,0.9003499150276184
video10,BirdDrone-Local-FT,1184,1,1,0,0,0,0,0.8930984735488892
video10,BirdDrone-Local-FT,1185,2,2,0,0,0,0,0.6896519064903259
video10,BirdDrone-Local-FT,1186,1,1,0,0,0,0,0.8972744345664978
video10,BirdDrone-Local-FT,1187,1,1,0,0,0,0,0.9009631872177124
video10,BirdDrone-Local-FT,1188,1,1,0,0,0,0,0.893488883972168
video10,BirdDrone-Local-FT,1189,1,1,0,0,0,0,0.8922376036643982
video10,BirdDrone-Local-FT,1190,1,1,0,0,0,0,0.8913300037384033
video10,BirdDrone-Local-FT,1191,1,1,0,0,0,0,0.9179649353027344
video10,BirdDrone-Local-FT,1192,1,1,0,0,0,0,0.9053283929824829
video10,BirdDrone-Local-FT,1193,1,1,0,0,0,0,0.9068591594696045
video10,BirdDrone-Local-FT,1194,1,1,0,0,0,0,0.9024893641471863
video10,BirdDrone-Local-FT,1195,1,1,0,0,0,0,0.9030948877334595
video10,BirdDrone-Local-FT,1196,1,1,0,0,0,0,0.8997979760169983
video10,BirdDrone-Local-FT,1197,1,1,0,0,0,0,0.9022850394248962
video10,BirdDrone-Local-FT,1198,1,1,0,0,0,0,0.8996479511260986
video10,BirdDrone-Local-FT,1199,1,1,0,0,0,0,0.8925625681877136
video10,BirdDrone-Local-FT,1200,1,1,0,0,0,0,0.8850283026695251
video10,BirdDrone-Local-FT,1201,1,1,0,0,0,0,0.8816076517105103
video10,BirdDrone-Local-FT,1202,1,1,0,0,0,0,0.8770778179168701
video10,BirdDrone-Local-FT,1203,1,1,0,0,0,0,0.8580124974250793
video10,BirdDrone-Local-FT,1204,1,1,0,0,0,0,0.8831043243408203
video10,BirdDrone-Local-FT,1205,1,1,0,0,0,0,0.9029454588890076
video10,BirdDrone-Local-FT,1206,1,1,0,0,0,0,0.903482973575592
video10,BirdDrone-Local-FT,1207,1,1,0,0,0,0,0.9012398719787598
video10,BirdDrone-Local-FT,1208,1,1,0,0,0,0,0.8850205540657043
video10,BirdDrone-Local-FT,1209,1,1,0,0,0,0,0.9013640880584717
video10,BirdDrone-Local-FT,1210,1,1,0,0,0,0,0.9083943963050842
video10,BirdDrone-Local-FT,1211,1,1,0,0,0,0,0.9046075940132141
video10,BirdDrone-Local-FT,1212,1,1,0,0,0,0,0.8910855650901794
video10,BirdDrone-Local-FT,1213,1,1,0,0,0,0,0.8855302929878235
video10,BirdDrone-Local-FT,1214,1,1,0,0,0,0,0.87615567445755
video10,BirdDrone-Local-FT,1215,1,1,0,0,0,0,0.8745967149734497
video10,BirdDrone-Local-FT,1216,1,1,0,0,0,0,0.8865562677383423
video10,BirdDrone-Local-FT,1217,1,1,0,0,0,0,0.8975797295570374
video10,BirdDrone-Local-FT,1218,1,1,0,0,0,0,0.8691843152046204
video10,BirdDrone-Local-FT,1219,1,1,0,0,0,0,0.8583817481994629
video10,BirdDrone-Local-FT,1220,2,2,0,0,0,0,0.8098528981208801
video10,BirdDrone-Local-FT,1221,1,1,0,0,0,0,0.8355739712715149
video10,BirdDrone-Local-FT,1222,1,1,0,0,0,0,0.7299993634223938
video10,BirdDrone-Local-FT,1223,1,1,0,0,0,0,0.7172730565071106
video10,BirdDrone-Local-FT,1224,1,1,0,0,0,0,0.8493049740791321
video10,BirdDrone-Local-FT,1225,1,1,0,0,0,0,0.7997488975524902
video10,BirdDrone-Local-FT,1226,1,1,0,0,0,0,0.82201087474823
video10,BirdDrone-Local-FT,1227,1,1,0,0,0,0,0.8438953161239624
video10,BirdDrone-Local-FT,1228,1,1,0,0,0,0,0.8572264313697815
video10,BirdDrone-Local-FT,1229,1,1,0,0,0,0,0.8498131036758423
video10,BirdDrone-Local-FT,1230,1,1,0,0,0,0,0.877770185470581
video10,BirdDrone-Local-FT,1231,1,1,0,0,0,0,0.8747570514678955
video10,BirdDrone-Local-FT,1232,1,1,0,0,0,0,0.8516966104507446
video10,BirdDrone-Local-FT,1233,1,1,0,0,0,0,0.8641734719276428
video10,BirdDrone-Local-FT,1234,1,1,0,0,0,0,0.8812092542648315
video10,BirdDrone-Local-FT,1235,1,1,0,0,0,0,0.8669221997261047
video10,BirdDrone-Local-FT,1236,1,1,0,0,0,0,0.8837791681289673
video10,BirdDrone-Local-FT,1237,1,1,0,0,0,0,0.879316508769989
video10,BirdDrone-Local-FT,1238,1,1,0,0,0,0,0.8738677501678467
video10,BirdDrone-Local-FT,1239,1,1,0,0,0,0,0.8741815090179443
video10,BirdDrone-Local-FT,1240,1,1,0,0,0,0,0.8751506805419922
video10,BirdDrone-Local-FT,1241,1,1,0,0,0,0,0.8634761571884155
video10,BirdDrone-Local-FT,1242,1,1,0,0,0,0,0.8630592823028564
video10,BirdDrone-Local-FT,1243,1,1,0,0,0,0,0.8736384510993958
video10,BirdDrone-Local-FT,1244,1,1,0,0,0,0,0.8692412972450256
video10,BirdDrone-Local-FT,1245,1,1,0,0,0,0,0.8722373247146606
video10,BirdDrone-Local-FT,1246,1,1,0,0,0,0,0.8663728833198547
video10,BirdDrone-Local-FT,1247,1,1,0,0,0,0,0.8681964874267578
video10,BirdDrone-Local-FT,1248,1,1,0,0,0,0,0.8728076219558716
video10,BirdDrone-Local-FT,1249,1,1,0,0,0,0,0.8704749941825867
video10,BirdDrone-Local-FT,1250,1,1,0,0,0,0,0.8711990118026733
video10,BirdDrone-Local-FT,1251,1,1,0,0,0,0,0.8697408437728882
video10,BirdDrone-Local-FT,1252,1,1,0,0,0,0,0.870617687702179
video10,BirdDrone-Local-FT,1253,1,1,0,0,0,0,0.8632378578186035
video10,BirdDrone-Local-FT,1254,1,1,0,0,0,0,0.8663610219955444
video10,BirdDrone-Local-FT,1255,1,1,0,0,0,0,0.8664954304695129
video10,BirdDrone-Local-FT,1256,1,1,0,0,0,0,0.8635603785514832
video10,BirdDrone-Local-FT,1257,1,1,0,0,0,0,0.8611475825309753
video10,BirdDrone-Local-FT,1258,1,1,0,0,0,0,0.8580570816993713
video10,BirdDrone-Local-FT,1259,1,1,0,0,0,0,0.8406776785850525
video10,BirdDrone-Local-FT,1260,1,1,0,0,0,0,0.8402374386787415
video10,BirdDrone-Local-FT,1261,1,1,0,0,0,0,0.8305299878120422
video10,BirdDrone-Local-FT,1262,1,1,0,0,0,0,0.8500590324401855
video10,BirdDrone-Local-FT,1263,1,1,0,0,0,0,0.8631289005279541
video10,BirdDrone-Local-FT,1264,1,1,0,0,0,0,0.8440643548965454
video10,BirdDrone-Local-FT,1265,1,1,0,0,0,0,0.8594629764556885
video10,BirdDrone-Local-FT,1266,1,1,0,0,0,0,0.8619768619537354
video10,BirdDrone-Local-FT,1267,1,1,0,0,0,0,0.8644088506698608
video10,BirdDrone-Local-FT,1268,1,1,0,0,0,0,0.8780563473701477
video10,BirdDrone-Local-FT,1269,1,1,0,0,0,0,0.8639696836471558
video10,BirdDrone-Local-FT,1270,1,1,0,0,0,0,0.8556445837020874
video10,BirdDrone-Local-FT,1271,1,1,0,0,0,0,0.8642914295196533
video10,BirdDrone-Local-FT,1272,1,1,0,0,0,0,0.8452169299125671
video10,BirdDrone-Local-FT,1273,1,1,0,0,0,0,0.846924901008606
video10,BirdDrone-Local-FT,1274,1,1,0,0,0,0,0.8089848160743713
video10,BirdDrone-Local-FT,1275,1,1,0,0,0,0,0.840050220489502
video10,BirdDrone-Local-FT,1276,1,1,0,0,0,0,0.8406662940979004
video10,BirdDrone-Local-FT,1277,1,1,0,0,0,0,0.8469428420066833
video10,BirdDrone-Local-FT,1278,1,1,0,0,0,0,0.8391056656837463
video10,BirdDrone-Local-FT,1279,1,1,0,0,0,0,0.8316428065299988
video10,BirdDrone-Local-FT,1280,1,1,0,0,0,0,0.8105723261833191
video10,BirdDrone-Local-FT,1281,1,1,0,0,0,0,0.8329681158065796
video10,BirdDrone-Local-FT,1282,1,1,0,0,0,0,0.8479222655296326
video10,BirdDrone-Local-FT,1283,1,1,0,0,0,0,0.8681499361991882
video10,BirdDrone-Local-FT,1284,1,1,0,0,0,0,0.8678508996963501
video10,BirdDrone-Local-FT,1285,1,1,0,0,0,0,0.851028561592102
video10,BirdDrone-Local-FT,1286,1,1,0,0,0,0,0.8299899697303772
video10,BirdDrone-Local-FT,1287,1,1,0,0,0,0,0.8151168823242188
video10,BirdDrone-Local-FT,1288,1,1,0,0,0,0,0.7860511541366577
video10,BirdDrone-Local-FT,1289,1,1,0,0,0,0,0.8012046813964844
video10,BirdDrone-Local-FT,1290,1,1,0,0,0,0,0.83594810962677
video10,BirdDrone-Local-FT,1291,1,1,0,0,0,0,0.7991945147514343
video10,BirdDrone-Local-FT,1292,1,1,0,0,0,0,0.7553508877754211
video10,BirdDrone-Local-FT,1293,1,1,0,0,0,0,0.6772364377975464
video10,BirdDrone-Local-FT,1294,1,1,0,0,0,0,0.48745131492614746
video10,BirdDrone-Local-FT,1295,1,1,0,0,0,0,0.436885267496109
video10,BirdDrone-Local-FT,1296,1,1,0,0,0,0,0.4459008574485779
video10,BirdDrone-Local-FT,1297,1,1,0,0,0,0,0.405792236328125
video10,BirdDrone-Local-FT,1298,1,1,0,0,0,0,0.3991929888725281
video10,BirdDrone-Local-FT,1299,1,1,0,0,0,0,0.5130926370620728
video10,BirdDrone-Local-FT,1300,1,1,0,0,0,0,0.7258225083351135
video10,BirdDrone-Local-FT,1301,1,1,0,0,0,0,0.41890817880630493
video10,BirdDrone-Local-FT,1302,1,1,0,0,1,0,0.2854117155075073
video10,BirdDrone-Local-FT,1303,0,0,0,0,0,0,0.0
video10,BirdDrone-Local-FT,1304,0,0,0,0,0,0,0.0
video10,BirdDrone-Local-FT,1305,0,0,0,0,0,0,0.0
video10,BirdDrone-Local-FT,1306,0,0,0,0,0,0,0.0
video10,BirdDrone-Local-FT,1307,0,0,0,0,0,0,0.0
video10,BirdDrone-Local-FT,1308,1,1,0,0,1,0,0.26548564434051514
video10,BirdDrone-Local-FT,1309,0,0,0,0,0,0,0.0
video10,BirdDrone-Local-FT,1310,0,0,0,0,0,0,0.0
video10,BirdDrone-Local-FT,1311,0,0,0,0,0,0,0.0
video10,BirdDrone-Local-FT,1312,0,0,0,0,0,0,0.0
video10,BirdDrone-Local-FT,1313,0,0,0,0,0,0,0.0
video10,BirdDrone-Local-FT,1314,0,0,0,0,0,0,0.0
video10,BirdDrone-Local-FT,1315,0,0,0,0,0,0,0.0
video10,BirdDrone-Local-FT,1316,0,0,0,0,0,0,0.0
video10,BirdDrone-Local-FT,1317,0,0,0,0,0,0,0.0
video10,BirdDrone-Local-FT,1318,0,0,0,0,0,0,0.0
video10,BirdDrone-Local-FT,1319,0,0,0,0,0,0,0.0
video10,BirdDrone-Local-FT,1320,0,0,0,0,0,0,0.0
video10,BirdDrone-Local-FT,1321,0,0,0,0,0,0,0.0
video10,BirdDrone-Local-FT,1322,0,0,0,0,0,0,0.0
video10,BirdDrone-Local-FT,1323,1,1,0,0,1,0,0.34340882301330566
video10,BirdDrone-Local-FT,1324,0,0,0,0,0,0,0.0
video10,BirdDrone-Local-FT,1325,0,0,0,0,0,0,0.0
video10,BirdDrone-Local-FT,1326,1,1,0,0,1,0,0.25824257731437683
video10,BirdDrone-Local-FT,1327,1,1,0,0,1,0,0.2847682535648346
video10,BirdDrone-Local-FT,1328,1,1,0,0,0,0,0.46505245566368103
video10,BirdDrone-Local-FT,1329,1,1,0,0,0,0,0.4058866500854492
video10,BirdDrone-Local-FT,1330,1,1,0,0,0,0,0.555627167224884
video10,BirdDrone-Local-FT,1331,1,1,0,0,0,0,0.6474952697753906
video10,BirdDrone-Local-FT,1332,1,1,0,0,0,0,0.6604788899421692
video10,BirdDrone-Local-FT,1333,1,1,0,0,0,0,0.6140993237495422
video10,BirdDrone-Local-FT,1334,1,1,0,0,0,0,0.5737892985343933
video10,BirdDrone-Local-FT,1335,1,1,0,0,0,0,0.5820688605308533
video10,BirdDrone-Local-FT,1336,1,1,0,0,0,0,0.5705026388168335
video10,BirdDrone-Local-FT,1337,1,1,0,0,0,0,0.48122575879096985
video10,BirdDrone-Local-FT,1338,2,2,0,0,2,0,0.2813624143600464
video10,BirdDrone-Local-FT,1339,1,1,0,0,0,0,0.562068521976471
video10,BirdDrone-Local-FT,1340,1,1,0,0,0,0,0.5732337832450867
video10,BirdDrone-Local-FT,1341,1,1,0,0,0,0,0.749683678150177
video10,BirdDrone-Local-FT,1342,1,1,0,0,0,0,0.7320814728736877
video10,BirdDrone-Local-FT,1343,1,1,0,0,0,0,0.5403019189834595
video10,BirdDrone-Local-FT,1344,1,1,0,0,0,0,0.5660960674285889
video10,BirdDrone-Local-FT,1345,1,1,0,0,0,0,0.42994725704193115
video10,BirdDrone-Local-FT,1346,1,1,0,0,0,0,0.685847282409668
video10,BirdDrone-Local-FT,1347,1,1,0,0,0,0,0.6917426586151123
video10,BirdDrone-Local-FT,1348,1,1,0,0,0,0,0.7413471937179565
video10,BirdDrone-Local-FT,1349,1,1,0,0,0,0,0.7941602468490601
video10,BirdDrone-Local-FT,1350,1,1,0,0,0,0,0.7856614589691162
video10,BirdDrone-Local-FT,1351,1,1,0,0,0,0,0.808194100856781
video10,BirdDrone-Local-FT,1352,1,1,0,0,0,0,0.7665331959724426
video10,BirdDrone-Local-FT,1353,1,1,0,0,0,0,0.700676441192627
video10,BirdDrone-Local-FT,1354,1,1,0,0,0,0,0.798143744468689
video10,BirdDrone-Local-FT,1355,1,1,0,0,0,0,0.8278787136077881
video10,BirdDrone-Local-FT,1356,1,1,0,0,0,0,0.8308837413787842
video10,BirdDrone-Local-FT,1357,1,1,0,0,0,0,0.8699634671211243
video10,BirdDrone-Local-FT,1358,1,1,0,0,0,0,0.867768406867981
video10,BirdDrone-Local-FT,1359,1,1,0,0,0,0,0.786665678024292
video10,BirdDrone-Local-FT,1360,1,1,0,0,0,0,0.8274518847465515
video10,BirdDrone-Local-FT,1361,1,1,0,0,0,0,0.7527875304222107
video10,BirdDrone-Local-FT,1362,1,1,0,0,0,0,0.7535350322723389
video10,BirdDrone-Local-FT,1363,2,2,0,0,1,0,0.702752411365509
video10,BirdDrone-Local-FT,1364,1,1,0,0,0,0,0.8402261734008789
video10,BirdDrone-Local-FT,1365,1,1,0,0,0,0,0.8871351480484009
video10,BirdDrone-Local-FT,1366,1,1,0,0,0,0,0.8841416835784912
video10,BirdDrone-Local-FT,1367,1,1,0,0,0,0,0.8891648650169373
video10,BirdDrone-Local-FT,1368,1,1,0,0,0,0,0.9034668207168579
video10,BirdDrone-Local-FT,1369,1,1,0,0,0,0,0.8953205943107605
video10,BirdDrone-Local-FT,1370,1,1,0,0,0,0,0.8834782838821411
video10,BirdDrone-Local-FT,1371,1,1,0,0,0,0,0.8878108859062195
video10,BirdDrone-Local-FT,1372,1,1,0,0,0,0,0.8797215819358826
video10,BirdDrone-Local-FT,1373,1,1,0,0,0,0,0.9031652808189392
video10,BirdDrone-Local-FT,1374,1,1,0,0,0,0,0.8987788558006287
video10,BirdDrone-Local-FT,1375,1,1,0,0,0,0,0.8944103717803955
video10,BirdDrone-Local-FT,1376,1,1,0,0,0,0,0.8911850452423096
video10,BirdDrone-Local-FT,1377,1,1,0,0,0,0,0.892727792263031
video10,BirdDrone-Local-FT,1378,1,1,0,0,0,0,0.9035540819168091
video10,BirdDrone-Local-FT,1379,1,1,0,0,0,0,0.9009304046630859
video10,BirdDrone-Local-FT,1380,1,1,0,0,0,0,0.9048168063163757
video10,BirdDrone-Local-FT,1381,1,1,0,0,0,0,0.879974365234375
video10,BirdDrone-Local-FT,1382,1,1,0,0,0,0,0.8776512145996094
video10,BirdDrone-Local-FT,1383,1,1,0,0,0,0,0.8912218809127808
video10,BirdDrone-Local-FT,1384,1,1,0,0,0,0,0.8925892114639282
video10,BirdDrone-Local-FT,1385,1,1,0,0,0,0,0.8981210589408875
video10,BirdDrone-Local-FT,1386,1,1,0,0,0,0,0.8980216383934021
video10,BirdDrone-Local-FT,1387,1,1,0,0,0,0,0.8959208130836487
video10,BirdDrone-Local-FT,1388,1,1,0,0,0,0,0.9039129018783569
video10,BirdDrone-Local-FT,1389,1,1,0,0,0,0,0.8934445381164551
video10,BirdDrone-Local-FT,1390,1,1,0,0,0,0,0.8838983178138733
video10,BirdDrone-Local-FT,1391,1,1,0,0,0,0,0.8919536471366882
video10,BirdDrone-Local-FT,1392,1,1,0,0,0,0,0.8934580683708191
video10,BirdDrone-Local-FT,1393,1,1,0,0,0,0,0.8907430171966553
video10,BirdDrone-Local-FT,1394,1,1,0,0,0,0,0.887301504611969
video10,BirdDrone-Local-FT,1395,1,1,0,0,0,0,0.891142725944519
video10,BirdDrone-Local-FT,1396,1,1,0,0,0,0,0.8921349048614502
video10,BirdDrone-Local-FT,1397,1,1,0,0,0,0,0.8909556865692139
video10,BirdDrone-Local-FT,1398,1,1,0,0,0,0,0.8893788456916809
video10,BirdDrone-Local-FT,1399,1,1,0,0,0,0,0.8921310305595398
video10,BirdDrone-Local-FT,1400,1,1,0,0,0,0,0.8899848461151123
video10,BirdDrone-Local-FT,1401,1,1,0,0,0,0,0.8976708054542542
video10,BirdDrone-Local-FT,1402,1,1,0,0,0,0,0.8971034288406372
video10,BirdDrone-Local-FT,1403,1,1,0,0,0,0,0.9010734558105469
video10,BirdDrone-Local-FT,1404,1,1,0,0,0,0,0.8968656659126282
video10,BirdDrone-Local-FT,1405,1,1,0,0,0,0,0.8996400237083435
video10,BirdDrone-Local-FT,1406,1,1,0,0,0,0,0.8983577489852905
video10,BirdDrone-Local-FT,1407,1,1,0,0,0,0,0.8961617350578308
video10,BirdDrone-Local-FT,1408,1,1,0,0,0,0,0.893409788608551
video10,BirdDrone-Local-FT,1409,1,1,0,0,0,0,0.8929407596588135
video10,BirdDrone-Local-FT,1410,1,1,0,0,0,0,0.8962891697883606
video10,BirdDrone-Local-FT,1411,1,1,0,0,0,0,0.8954787850379944
video10,BirdDrone-Local-FT,1412,1,1,0,0,0,0,0.8958299160003662
video10,BirdDrone-Local-FT,1413,1,1,0,0,0,0,0.8960765600204468
video10,BirdDrone-Local-FT,1414,1,1,0,0,0,0,0.896875262260437
video10,BirdDrone-Local-FT,1415,1,1,0,0,0,0,0.8950914144515991
video10,BirdDrone-Local-FT,1416,1,1,0,0,0,0,0.8975151181221008
video10,BirdDrone-Local-FT,1417,1,1,0,0,0,0,0.8975176215171814
video10,BirdDrone-Local-FT,1418,1,1,0,0,0,0,0.8979588150978088
video10,BirdDrone-Local-FT,1419,1,1,0,0,0,0,0.8986506462097168
video10,BirdDrone-Local-FT,1420,1,1,0,0,0,0,0.8972561359405518
video10,BirdDrone-Local-FT,1421,1,1,0,0,0,0,0.8963214755058289
video10,BirdDrone-Local-FT,1422,1,1,0,0,0,0,0.8980728983879089
video10,BirdDrone-Local-FT,1423,1,1,0,0,0,0,0.8965124487876892
video10,BirdDrone-Local-FT,1424,1,1,0,0,0,0,0.898173987865448
video10,BirdDrone-Local-FT,1425,1,1,0,0,0,0,0.891372799873352
video10,BirdDrone-Local-FT,1426,1,1,0,0,0,0,0.8912615180015564
video10,BirdDrone-Local-FT,1427,1,1,0,0,0,0,0.8926568627357483
video10,BirdDrone-Local-FT,1428,1,1,0,0,0,0,0.8916556239128113
video10,BirdDrone-Local-FT,1429,1,1,0,0,0,0,0.8953856229782104
video10,BirdDrone-Local-FT,1430,1,1,0,0,0,0,0.8933364748954773
video10,BirdDrone-Local-FT,1431,1,1,0,0,0,0,0.8951418399810791
video10,BirdDrone-Local-FT,1432,1,1,0,0,0,0,0.9015206098556519
video10,BirdDrone-Local-FT,1433,1,1,0,0,0,0,0.8982326984405518
video10,BirdDrone-Local-FT,1434,1,1,0,0,0,0,0.9078213572502136
video10,BirdDrone-Local-FT,1435,2,2,0,0,0,0,0.6985598206520081
video10,BirdDrone-Local-FT,1436,1,1,0,0,0,0,0.9050484299659729
video10,BirdDrone-Local-FT,1437,1,1,0,0,0,0,0.9032688140869141
video10,BirdDrone-Local-FT,1438,1,1,0,0,0,0,0.9085435271263123
video10,BirdDrone-Local-FT,1439,1,1,0,0,0,0,0.9073312878608704
video10,BirdDrone-Local-FT,1440,1,1,0,0,0,0,0.9085710048675537
video10,BirdDrone-Local-FT,1441,1,1,0,0,0,0,0.9098702669143677
video10,BirdDrone-Local-FT,1442,1,1,0,0,0,0,0.9131773710250854
video10,BirdDrone-Local-FT,1443,1,1,0,0,0,0,0.9141789078712463
video10,BirdDrone-Local-FT,1444,1,1,0,0,0,0,0.9134424924850464
video10,BirdDrone-Local-FT,1445,1,1,0,0,0,0,0.9150545597076416
video10,BirdDrone-Local-FT,1446,1,1,0,0,0,0,0.9159713983535767
video10,BirdDrone-Local-FT,1447,1,1,0,0,0,0,0.9173898100852966
video10,BirdDrone-Local-FT,1448,1,1,0,0,0,0,0.9177924990653992
video10,BirdDrone-Local-FT,1449,1,1,0,0,0,0,0.9155084490776062
video10,BirdDrone-Local-FT,1450,1,1,0,0,0,0,0.9126852750778198
video10,BirdDrone-Local-FT,1451,1,1,0,0,0,0,0.9100543260574341
video10,BirdDrone-Local-FT,1452,1,1,0,0,0,0,0.9083178639411926
video10,BirdDrone-Local-FT,1453,1,1,0,0,0,0,0.9109187722206116
video10,BirdDrone-Local-FT,1454,1,1,0,0,0,0,0.9062021374702454
video10,BirdDrone-Local-FT,1455,1,1,0,0,0,0,0.9049369692802429
video10,BirdDrone-Local-FT,1456,1,1,0,0,0,0,0.9097010493278503
video10,BirdDrone-Local-FT,1457,1,1,0,0,0,0,0.9079632759094238
video10,BirdDrone-Local-FT,1458,1,1,0,0,0,0,0.9082475304603577
video10,BirdDrone-Local-FT,1459,1,1,0,0,0,0,0.9104392528533936
video10,BirdDrone-Local-FT,1460,1,1,0,0,0,0,0.908271849155426
video10,BirdDrone-Local-FT,1461,1,1,0,0,0,0,0.9052137136459351
video10,BirdDrone-Local-FT,1462,1,1,0,0,0,0,0.9086424708366394
video10,BirdDrone-Local-FT,1463,1,1,0,0,0,0,0.9071700572967529
video10,BirdDrone-Local-FT,1464,1,1,0,0,0,0,0.9042538404464722
video10,BirdDrone-Local-FT,1465,1,1,0,0,0,0,0.9068394899368286
video10,BirdDrone-Local-FT,1466,1,1,0,0,0,0,0.9023298025131226
video10,BirdDrone-Local-FT,1467,1,1,0,0,0,0,0.9038885235786438
video10,BirdDrone-Local-FT,1468,1,1,0,0,0,0,0.9020084142684937
video10,BirdDrone-Local-FT,1469,1,1,0,0,0,0,0.9015927910804749
video10,BirdDrone-Local-FT,1470,1,1,0,0,0,0,0.9035603404045105
video10,BirdDrone-Local-FT,1471,1,1,0,0,0,0,0.9030477404594421
video10,BirdDrone-Local-FT,1472,1,1,0,0,0,0,0.8997834324836731
video10,BirdDrone-Local-FT,1473,1,1,0,0,0,0,0.9014582633972168
video10,BirdDrone-Local-FT,1474,1,1,0,0,0,0,0.8993110656738281
video10,BirdDrone-Local-FT,1475,1,1,0,0,0,0,0.8990124464035034
video10,BirdDrone-Local-FT,1476,1,1,0,0,0,0,0.9003610610961914
video10,BirdDrone-Local-FT,1477,1,1,0,0,0,0,0.900078535079956
video10,BirdDrone-Local-FT,1478,1,1,0,0,0,0,0.8970113396644592
video10,BirdDrone-Local-FT,1479,1,1,0,0,0,0,0.8982464671134949
video10,BirdDrone-Local-FT,1480,1,1,0,0,0,0,0.8967433571815491
video10,BirdDrone-Local-FT,1481,1,1,0,0,0,0,0.8968366384506226
video10,BirdDrone-Local-FT,1482,1,1,0,0,0,0,0.8973464369773865
video10,BirdDrone-Local-FT,1483,1,1,0,0,0,0,0.8974868059158325
video10,BirdDrone-Local-FT,1484,1,1,0,0,0,0,0.8980721235275269
video10,BirdDrone-Local-FT,1485,1,1,0,0,0,0,0.8978431820869446
video10,BirdDrone-Local-FT,1486,1,1,0,0,0,0,0.9002638459205627
video10,BirdDrone-Local-FT,1487,1,1,0,0,0,0,0.8959960341453552
video10,BirdDrone-Local-FT,1488,1,1,0,0,0,0,0.8926317095756531
video10,BirdDrone-Local-FT,1489,1,1,0,0,0,0,0.8991392850875854
video10,BirdDrone-Local-FT,1490,1,1,0,0,0,0,0.8999552726745605
video10,BirdDrone-Local-FT,1491,1,1,0,0,0,0,0.9021539092063904
video10,BirdDrone-Local-FT,1492,1,1,0,0,0,0,0.9021339416503906
video10,BirdDrone-Local-FT,1493,1,1,0,0,0,0,0.9004908204078674
video10,BirdDrone-Local-FT,1494,1,1,0,0,0,0,0.8990775942802429
video10,BirdDrone-Local-FT,1495,1,1,0,0,0,0,0.898350179195404
video10,BirdDrone-Local-FT,1496,1,1,0,0,0,0,0.8917851448059082
video10,BirdDrone-Local-FT,1497,1,1,0,0,0,0,0.8912039995193481
video10,BirdDrone-Local-FT,1498,1,1,0,0,0,0,0.8950489163398743
video10,BirdDrone-Local-FT,1499,1,1,0,0,0,0,0.896836519241333
video10,BirdDrone-Local-FT,1500,1,1,0,0,0,0,0.8950836062431335
video10,BirdDrone-Local-FT,1501,1,1,0,0,0,0,0.895561933517456
video10,BirdDrone-Local-FT,1502,1,1,0,0,0,0,0.8972873091697693
video10,BirdDrone-Local-FT,1503,1,1,0,0,0,0,0.8977466225624084
video10,BirdDrone-Local-FT,1504,1,1,0,0,0,0,0.8974140286445618
video10,BirdDrone-Local-FT,1505,1,1,0,0,0,0,0.8997862339019775
video10,BirdDrone-Local-FT,1506,1,1,0,0,0,0,0.8976569771766663
video10,BirdDrone-Local-FT,1507,1,1,0,0,0,0,0.8976362347602844
video10,BirdDrone-Local-FT,1508,1,1,0,0,0,0,0.8947542905807495
video10,BirdDrone-Local-FT,1509,1,1,0,0,0,0,0.8918479681015015
video10,BirdDrone-Local-FT,1510,1,1,0,0,0,0,0.8983453512191772
video10,BirdDrone-Local-FT,1511,1,1,0,0,0,0,0.8979422450065613
video10,BirdDrone-Local-FT,1512,1,1,0,0,0,0,0.8996847867965698
video10,BirdDrone-Local-FT,1513,1,1,0,0,0,0,0.8989027142524719
video10,BirdDrone-Local-FT,1514,1,1,0,0,0,0,0.8993591666221619
video10,BirdDrone-Local-FT,1515,1,1,0,0,0,0,0.9001268744468689
video10,BirdDrone-Local-FT,1516,1,1,0,0,0,0,0.9015454053878784
video10,BirdDrone-Local-FT,1517,1,1,0,0,0,0,0.8986309170722961
video10,BirdDrone-Local-FT,1518,1,1,0,0,0,0,0.8974827527999878
video10,BirdDrone-Local-FT,1519,1,1,0,0,0,0,0.8998757004737854
video10,BirdDrone-Local-FT,1520,1,1,0,0,0,0,0.8994128704071045
video10,BirdDrone-Local-FT,1521,1,1,0,0,0,0,0.8987255096435547
video10,BirdDrone-Local-FT,1522,1,1,0,0,0,0,0.898796796798706
video10,BirdDrone-Local-FT,1523,1,1,0,0,0,0,0.9005904197692871
video10,BirdDrone-Local-FT,1524,1,1,0,0,0,0,0.9004130363464355
video10,BirdDrone-Local-FT,1525,1,1,0,0,0,0,0.8994565606117249
video10,BirdDrone-Local-FT,1526,1,1,0,0,0,0,0.8983365297317505
video10,BirdDrone-Local-FT,1527,1,1,0,0,0,0,0.8979005217552185
video10,BirdDrone-Local-FT,1528,1,1,0,0,0,0,0.8992878198623657
video10,BirdDrone-Local-FT,1529,1,1,0,0,0,0,0.8973036408424377
video10,BirdDrone-Local-FT,1530,1,1,0,0,0,0,0.899043083190918
video10,BirdDrone-Local-FT,1531,1,1,0,0,0,0,0.8993769884109497
video10,BirdDrone-Local-FT,1532,1,1,0,0,0,0,0.8967504501342773
video10,BirdDrone-Local-FT,1533,1,1,0,0,0,0,0.898364245891571
video10,BirdDrone-Local-FT,1534,1,1,0,0,0,0,0.898625910282135
video10,BirdDrone-Local-FT,1535,1,1,0,0,0,0,0.8984465599060059
video10,BirdDrone-Local-FT,1536,1,1,0,0,0,0,0.9018204212188721
video10,BirdDrone-Local-FT,1537,1,1,0,0,0,0,0.9037071466445923
video10,BirdDrone-Local-FT,1538,1,1,0,0,0,0,0.9046025276184082
video10,BirdDrone-Local-FT,1539,1,1,0,0,0,0,0.9021252393722534
video10,BirdDrone-Local-FT,1540,1,1,0,0,0,0,0.9037657976150513
video10,BirdDrone-Local-FT,1541,1,1,0,0,0,0,0.9037598967552185
video10,BirdDrone-Local-FT,1542,1,1,0,0,0,0,0.9038423895835876
video10,BirdDrone-Local-FT,1543,1,1,0,0,0,0,0.9009274840354919
video10,BirdDrone-Local-FT,1544,1,1,0,0,0,0,0.898337185382843
video10,BirdDrone-Local-FT,1545,1,1,0,0,0,0,0.8984241485595703
video10,BirdDrone-Local-FT,1546,1,1,0,0,0,0,0.8994295597076416
video10,BirdDrone-Local-FT,1547,1,1,0,0,0,0,0.8956721425056458
video10,BirdDrone-Local-FT,1548,1,1,0,0,0,0,0.8970504999160767
video10,BirdDrone-Local-FT,1549,1,1,0,0,0,0,0.8968194723129272
video10,BirdDrone-Local-FT,1550,1,1,0,0,0,0,0.8992854952812195
video10,BirdDrone-Local-FT,1551,1,1,0,0,0,0,0.8987998962402344
video10,BirdDrone-Local-FT,1552,1,1,0,0,0,0,0.8999068737030029
video10,BirdDrone-Local-FT,1553,1,1,0,0,0,0,0.8987185955047607
video10,BirdDrone-Local-FT,1554,1,1,0,0,0,0,0.8967548608779907
video10,BirdDrone-Local-FT,1555,1,1,0,0,0,0,0.8953384757041931
video10,BirdDrone-Local-FT,1556,1,1,0,0,0,0,0.8919862508773804
video10,BirdDrone-Local-FT,1557,1,1,0,0,0,0,0.8923022747039795
video10,BirdDrone-Local-FT,1558,1,1,0,0,0,0,0.8856697082519531
video10,BirdDrone-Local-FT,1559,1,1,0,0,0,0,0.8860899209976196
video10,BirdDrone-Local-FT,1560,1,1,0,0,0,0,0.8884559273719788
video10,BirdDrone-Local-FT,1561,1,1,0,0,0,0,0.8891329169273376
video10,BirdDrone-Local-FT,1562,1,1,0,0,0,0,0.8883277773857117
video10,BirdDrone-Local-FT,1563,1,1,0,0,0,0,0.8888334035873413
video10,BirdDrone-Local-FT,1564,1,1,0,0,0,0,0.8874553442001343
video10,BirdDrone-Local-FT,1565,1,1,0,0,0,0,0.8877580761909485
video10,BirdDrone-Local-FT,1566,1,1,0,0,0,0,0.8856961727142334
video10,BirdDrone-Local-FT,1567,1,1,0,0,0,0,0.8877069354057312
video10,BirdDrone-Local-FT,1568,1,1,0,0,0,0,0.8841813802719116
video10,BirdDrone-Local-FT,1569,1,1,0,0,0,0,0.8841946721076965
video10,BirdDrone-Local-FT,1570,1,1,0,0,0,0,0.8859822154045105
video10,BirdDrone-Local-FT,1571,1,1,0,0,0,0,0.8854954242706299
video10,BirdDrone-Local-FT,1572,1,1,0,0,0,0,0.8841692805290222
video10,BirdDrone-Local-FT,1573,1,1,0,0,0,0,0.8843855261802673
video10,BirdDrone-Local-FT,1574,1,1,0,0,0,0,0.8831667304039001
video10,BirdDrone-Local-FT,1575,1,1,0,0,0,0,0.8874807953834534
video10,BirdDrone-Local-FT,1576,1,1,0,0,0,0,0.8880788683891296
video10,BirdDrone-Local-FT,1577,1,1,0,0,0,0,0.8821256160736084
video10,BirdDrone-Local-FT,1578,1,1,0,0,0,0,0.8817907571792603
video10,BirdDrone-Local-FT,1579,1,1,0,0,0,0,0.8845739960670471
video10,BirdDrone-Local-FT,1580,1,1,0,0,0,0,0.884906530380249
video10,BirdDrone-Local-FT,1581,1,1,0,0,0,0,0.8865247964859009
video10,BirdDrone-Local-FT,1582,1,1,0,0,0,0,0.8890743851661682
video10,BirdDrone-Local-FT,1583,1,1,0,0,0,0,0.8848893642425537
video10,BirdDrone-Local-FT,1584,1,1,0,0,0,0,0.8869858384132385
video10,BirdDrone-Local-FT,1585,1,1,0,0,0,0,0.8857128024101257
video10,BirdDrone-Local-FT,1586,1,1,0,0,0,0,0.8818247318267822
video10,BirdDrone-Local-FT,1587,1,1,0,0,0,0,0.8832738399505615
video10,BirdDrone-Local-FT,1588,1,1,0,0,0,0,0.8895163536071777
video10,BirdDrone-Local-FT,1589,1,1,0,0,0,0,0.8935990929603577
video10,BirdDrone-Local-FT,1590,1,1,0,0,0,0,0.8929715752601624
video10,BirdDrone-Local-FT,1591,1,1,0,0,0,0,0.8861951231956482
video10,BirdDrone-Local-FT,1592,1,1,0,0,0,0,0.8860418200492859
video10,BirdDrone-Local-FT,1593,1,1,0,0,0,0,0.8877406716346741
video10,BirdDrone-Local-FT,1594,1,1,0,0,0,0,0.8874650597572327
video10,BirdDrone-Local-FT,1595,1,1,0,0,0,0,0.88460373878479
video10,BirdDrone-Local-FT,1596,1,1,0,0,0,0,0.8865431547164917
video10,BirdDrone-Local-FT,1597,1,1,0,0,0,0,0.8814501166343689
video10,BirdDrone-Local-FT,1598,1,1,0,0,0,0,0.8777322173118591
video10,BirdDrone-Local-FT,1599,1,1,0,0,0,0,0.8818516135215759
video10,BirdDrone-Local-FT,1600,1,1,0,0,0,0,0.8839014172554016
video10,BirdDrone-Local-FT,1601,1,1,0,0,0,0,0.8925416469573975
video10,BirdDrone-Local-FT,1602,1,1,0,0,0,0,0.8904243111610413
video10,BirdDrone-Local-FT,1603,1,1,0,0,0,0,0.8884902000427246
video10,BirdDrone-Local-FT,1604,1,1,0,0,0,0,0.8870809078216553
video10,BirdDrone-Local-FT,1605,1,1,0,0,0,0,0.9035273194313049
video10,BirdDrone-Local-FT,1606,1,1,0,0,0,0,0.8126767873764038
video10,BirdDrone-Local-FT,1607,1,1,0,0,0,0,0.8884527087211609
video10,BirdDrone-Local-FT,1608,1,1,0,0,0,0,0.882374107837677
video10,BirdDrone-Local-FT,1609,1,1,0,0,0,0,0.8933149576187134
video10,BirdDrone-Local-FT,1610,1,1,0,0,0,0,0.9137774109840393
video10,BirdDrone-Local-FT,1611,1,1,0,0,0,0,0.901373028755188
video10,BirdDrone-Local-FT,1612,1,1,0,0,0,0,0.904794454574585
video10,BirdDrone-Local-FT,1613,1,1,0,0,0,0,0.9161335229873657
video10,BirdDrone-Local-FT,1614,1,1,0,0,0,0,0.9148598313331604
video10,BirdDrone-Local-FT,1615,1,1,0,0,0,0,0.8855217695236206
video10,BirdDrone-Local-FT,1616,1,1,0,0,0,0,0.8909441232681274
video10,BirdDrone-Local-FT,1617,1,1,0,0,0,0,0.9068779349327087
video10,BirdDrone-Local-FT,1618,1,1,0,0,0,0,0.866374671459198
video10,BirdDrone-Local-FT,1619,1,1,0,0,0,0,0.8603395819664001
video10,BirdDrone-Local-FT,1620,1,1,0,0,0,0,0.8099348545074463
video10,BirdDrone-Local-FT,1621,1,1,0,0,0,0,0.775248110294342
video10,BirdDrone-Local-FT,1622,1,1,0,0,0,0,0.8123811483383179
video10,BirdDrone-Local-FT,1623,1,1,0,0,0,0,0.862585723400116
video10,BirdDrone-Local-FT,1624,1,1,0,0,0,0,0.8477786779403687
video10,BirdDrone-Local-FT,1625,1,1,0,0,0,0,0.8130536675453186
video10,BirdDrone-Local-FT,1626,1,1,0,0,0,0,0.718051016330719
video10,BirdDrone-Local-FT,1627,1,1,0,0,0,0,0.6998156905174255
video10,BirdDrone-Local-FT,1628,1,1,0,0,1,0,0.28401753306388855
video10,BirdDrone-Local-FT,1629,1,1,0,0,0,0,0.6134600043296814
video10,BirdDrone-Local-FT,1630,1,1,0,0,0,0,0.6230199337005615
video10,BirdDrone-Local-FT,1631,1,1,0,0,0,0,0.6101245880126953
video10,BirdDrone-Local-FT,1632,1,1,0,0,0,0,0.6361668705940247
video10,BirdDrone-Local-FT,1633,1,1,0,0,0,0,0.6214991807937622
video10,BirdDrone-Local-FT,1634,1,1,0,0,0,0,0.7088792324066162
video10,BirdDrone-Local-FT,1635,1,1,0,0,0,0,0.7782956957817078
video10,BirdDrone-Local-FT,1636,1,1,0,0,0,0,0.7544221878051758
video10,BirdDrone-Local-FT,1637,1,1,0,0,0,0,0.7331250309944153
video10,BirdDrone-Local-FT,1638,1,1,0,0,0,0,0.7202407121658325
video10,BirdDrone-Local-FT,1639,1,1,0,0,0,0,0.6973143219947815
video10,BirdDrone-Local-FT,1640,1,1,0,0,0,0,0.7157105207443237
video10,BirdDrone-Local-FT,1641,1,1,0,0,0,0,0.7082622051239014
video10,BirdDrone-Local-FT,1642,1,1,0,0,0,0,0.6802396774291992
video10,BirdDrone-Local-FT,1643,1,1,0,0,0,0,0.7126803994178772
video10,BirdDrone-Local-FT,1644,1,1,0,0,0,0,0.7359643578529358
video10,BirdDrone-Local-FT,1645,1,1,0,0,0,0,0.7560431957244873
video10,BirdDrone-Local-FT,1646,1,1,0,0,0,0,0.7748170495033264
video10,BirdDrone-Local-FT,1647,1,1,0,0,0,0,0.7932458519935608
video10,BirdDrone-Local-FT,1648,1,1,0,0,0,0,0.8055718541145325
video10,BirdDrone-Local-FT,1649,1,1,0,0,0,0,0.8047550916671753
video10,BirdDrone-Local-FT,1650,1,1,0,0,0,0,0.8082473278045654
video10,BirdDrone-Local-FT,1651,1,1,0,0,0,0,0.8212226033210754
video10,BirdDrone-Local-FT,1652,1,1,0,0,0,0,0.8175546526908875
video10,BirdDrone-Local-FT,1653,1,1,0,0,0,0,0.8166339993476868
video10,BirdDrone-Local-FT,1654,1,1,0,0,0,0,0.8315313458442688
video10,BirdDrone-Local-FT,1655,1,1,0,0,0,0,0.8399636149406433
video10,BirdDrone-Local-FT,1656,1,1,0,0,0,0,0.8344703912734985
video10,BirdDrone-Local-FT,1657,1,1,0,0,0,0,0.8206250071525574
video10,BirdDrone-Local-FT,1658,1,1,0,0,0,0,0.8178814649581909
video10,BirdDrone-Local-FT,1659,1,1,0,0,0,0,0.8325726985931396
video10,BirdDrone-Local-FT,1660,1,1,0,0,0,0,0.8351673483848572
video10,BirdDrone-Local-FT,1661,1,1,0,0,0,0,0.8310703635215759
video10,BirdDrone-Local-FT,1662,1,1,0,0,0,0,0.8303886651992798
video10,BirdDrone-Local-FT,1663,1,1,0,0,0,0,0.827997624874115
video10,BirdDrone-Local-FT,1664,1,1,0,0,0,0,0.8121069669723511
video10,BirdDrone-Local-FT,1665,1,1,0,0,0,0,0.8160046935081482
video10,BirdDrone-Local-FT,1666,1,1,0,0,0,0,0.7970593571662903
video10,BirdDrone-Local-FT,1667,1,1,0,0,0,0,0.8102751970291138
video10,BirdDrone-Local-FT,1668,1,1,0,0,0,0,0.8117243647575378
video10,BirdDrone-Local-FT,1669,1,1,0,0,0,0,0.8153016567230225
video10,BirdDrone-Local-FT,1670,1,1,0,0,0,0,0.8223702907562256
video10,BirdDrone-Local-FT,1671,1,1,0,0,0,0,0.8194065093994141
video10,BirdDrone-Local-FT,1672,1,1,0,0,0,0,0.8253988027572632
video10,BirdDrone-Local-FT,1673,1,1,0,0,0,0,0.8421812653541565
video10,BirdDrone-Local-FT,1674,1,1,0,0,0,0,0.8327943682670593
video10,BirdDrone-Local-FT,1675,1,1,0,0,0,0,0.8172627687454224
video10,BirdDrone-Local-FT,1676,1,1,0,0,0,0,0.8086044192314148
video10,BirdDrone-Local-FT,1677,1,1,0,0,0,0,0.8016964197158813
video10,BirdDrone-Local-FT,1678,1,1,0,0,0,0,0.7847420573234558
video10,BirdDrone-Local-FT,1679,1,1,0,0,0,0,0.7927564382553101
video10,BirdDrone-Local-FT,1680,1,1,0,0,0,0,0.7816734313964844
video10,BirdDrone-Local-FT,1681,1,1,0,0,0,0,0.783424437046051
video10,BirdDrone-Local-FT,1682,1,1,0,0,0,0,0.7825729250907898
video10,BirdDrone-Local-FT,1683,1,1,0,0,0,0,0.7877024412155151
video10,BirdDrone-Local-FT,1684,1,1,0,0,0,0,0.8124827146530151
video10,BirdDrone-Local-FT,1685,1,1,0,0,0,0,0.8305472731590271
video10,BirdDrone-Local-FT,1686,1,1,0,0,0,0,0.8070670962333679
video10,BirdDrone-Local-FT,1687,1,1,0,0,0,0,0.7703490257263184
video10,BirdDrone-Local-FT,1688,1,1,0,0,0,0,0.8045394420623779
video10,BirdDrone-Local-FT,1689,1,1,0,0,0,0,0.8091112375259399
video10,BirdDrone-Local-FT,1690,1,1,0,0,0,0,0.7635660767555237
video10,BirdDrone-Local-FT,1691,1,1,0,0,0,0,0.8271286487579346
video10,BirdDrone-Local-FT,1692,1,1,0,0,0,0,0.8136078119277954
video10,BirdDrone-Local-FT,1693,1,1,0,0,0,0,0.8403313755989075
video10,BirdDrone-Local-FT,1694,1,1,0,0,0,0,0.8406022787094116
video10,BirdDrone-Local-FT,1695,1,1,0,0,0,0,0.8429651856422424
video10,BirdDrone-Local-FT,1696,1,1,0,0,0,0,0.8341338634490967
video10,BirdDrone-Local-FT,1697,1,1,0,0,0,0,0.8363421559333801
video10,BirdDrone-Local-FT,1698,1,1,0,0,0,0,0.8497475385665894
video10,BirdDrone-Local-FT,1699,1,1,0,0,0,0,0.8122389316558838
video10,BirdDrone-Local-FT,1700,1,1,0,0,0,0,0.8559238314628601
video10,BirdDrone-Local-FT,1701,1,1,0,0,0,0,0.8522537350654602
video10,BirdDrone-Local-FT,1702,1,1,0,0,0,0,0.8601136207580566
video10,BirdDrone-Local-FT,1703,1,1,0,0,0,0,0.8550791144371033
video10,BirdDrone-Local-FT,1704,1,1,0,0,0,0,0.8656463027000427
video10,BirdDrone-Local-FT,1705,1,1,0,0,0,0,0.8722489476203918
video10,BirdDrone-Local-FT,1706,1,1,0,0,0,0,0.8417085409164429
video10,BirdDrone-Local-FT,1707,1,1,0,0,0,0,0.8526235818862915
video10,BirdDrone-Local-FT,1708,1,1,0,0,0,0,0.8311246633529663
video10,BirdDrone-Local-FT,1709,1,1,0,0,0,0,0.8388381600379944
video10,BirdDrone-Local-FT,1710,1,1,0,0,0,0,0.8426831960678101
video10,BirdDrone-Local-FT,1711,1,1,0,0,0,0,0.8332310914993286
video10,BirdDrone-Local-FT,1712,1,1,0,0,0,0,0.8406015038490295
video10,BirdDrone-Local-FT,1713,1,1,0,0,0,0,0.8486708998680115
video10,BirdDrone-Local-FT,1714,1,1,0,0,0,0,0.846441388130188
video10,BirdDrone-Local-FT,1715,1,1,0,0,0,0,0.8300708532333374
video10,BirdDrone-Local-FT,1716,1,1,0,0,0,0,0.8363479375839233
video10,BirdDrone-Local-FT,1717,1,1,0,0,0,0,0.83287113904953
video10,BirdDrone-Local-FT,1718,1,1,0,0,0,0,0.8271880745887756
video10,BirdDrone-Local-FT,1719,1,1,0,0,0,0,0.8381780385971069
video10,BirdDrone-Local-FT,1720,1,1,0,0,0,0,0.8437588214874268
video10,BirdDrone-Local-FT,1721,1,1,0,0,0,0,0.8268705010414124
video10,BirdDrone-Local-FT,1722,1,1,0,0,0,0,0.8273524045944214
video10,BirdDrone-Local-FT,1723,1,1,0,0,0,0,0.8217805027961731
video10,BirdDrone-Local-FT,1724,1,1,0,0,0,0,0.8108179569244385
video10,BirdDrone-Local-FT,1725,1,1,0,0,0,0,0.8112637400627136
video10,BirdDrone-Local-FT,1726,1,1,0,0,0,0,0.814261794090271
video10,BirdDrone-Local-FT,1727,1,1,0,0,0,0,0.8186216950416565
video10,BirdDrone-Local-FT,1728,1,1,0,0,0,0,0.8198399543762207
video10,BirdDrone-Local-FT,1729,1,1,0,0,0,0,0.8241441249847412
video10,BirdDrone-Local-FT,1730,1,1,0,0,0,0,0.8273428678512573
video10,BirdDrone-Local-FT,1731,1,1,0,0,0,0,0.834702730178833
video10,BirdDrone-Local-FT,1732,1,1,0,0,0,0,0.8404368162155151
video10,BirdDrone-Local-FT,1733,1,1,0,0,0,0,0.8270087838172913
video10,BirdDrone-Local-FT,1734,1,1,0,0,0,0,0.8202410936355591
video10,BirdDrone-Local-FT,1735,1,1,0,0,0,0,0.8165576457977295
video10,BirdDrone-Local-FT,1736,1,1,0,0,0,0,0.809974193572998
video10,BirdDrone-Local-FT,1737,1,1,0,0,0,0,0.8159559369087219
video10,BirdDrone-Local-FT,1738,1,1,0,0,0,0,0.8326791524887085
video10,BirdDrone-Local-FT,1739,1,1,0,0,0,0,0.8292185664176941
video10,BirdDrone-Local-FT,1740,1,1,0,0,0,0,0.8169170022010803
video10,BirdDrone-Local-FT,1741,1,1,0,0,0,0,0.8130542039871216
video10,BirdDrone-Local-FT,1742,1,1,0,0,0,0,0.8097778558731079
video10,BirdDrone-Local-FT,1743,1,1,0,0,0,0,0.8147701025009155
video10,BirdDrone-Local-FT,1744,1,1,0,0,0,0,0.7585284113883972
video10,BirdDrone-Local-FT,1745,1,1,0,0,0,0,0.7962666749954224
video10,BirdDrone-Local-FT,1746,1,1,0,0,0,0,0.821079432964325
video10,BirdDrone-Local-FT,1747,1,1,0,0,0,0,0.8310136795043945
video10,BirdDrone-Local-FT,1748,1,1,0,0,0,0,0.8364880084991455
video10,BirdDrone-Local-FT,1749,1,1,0,0,0,0,0.6963440179824829
video10,BirdDrone-Local-FT,1750,2,2,0,0,1,0,0.7415950894355774
video10,BirdDrone-Local-FT,1751,1,1,0,0,0,0,0.7395938634872437
video10,BirdDrone-Local-FT,1752,1,1,0,0,0,0,0.6741213202476501
video10,BirdDrone-Local-FT,1753,1,1,0,0,0,0,0.7794868350028992
video10,BirdDrone-Local-FT,1754,1,1,0,0,0,0,0.7653548717498779
video10,BirdDrone-Local-FT,1755,1,1,0,0,0,0,0.6515194177627563
video10,BirdDrone-Local-FT,1756,1,1,0,0,0,0,0.8474809527397156
video10,BirdDrone-Local-FT,1757,1,1,0,0,0,0,0.7575597167015076
video10,BirdDrone-Local-FT,1758,1,1,0,0,0,0,0.8422423005104065
video10,BirdDrone-Local-FT,1759,1,1,0,0,0,0,0.8897698521614075
video10,BirdDrone-Local-FT,1760,1,1,0,0,0,0,0.8407369256019592
video10,BirdDrone-Local-FT,1761,1,1,0,0,0,0,0.7597887516021729
video10,BirdDrone-Local-FT,1762,1,1,0,0,0,0,0.7180938720703125
video10,BirdDrone-Local-FT,1763,2,2,0,0,1,0,0.5068030953407288
video10,BirdDrone-Local-FT,1764,2,2,0,0,1,0,0.43626779317855835
video10,BirdDrone-Local-FT,1765,1,1,0,0,1,0,0.31306177377700806
video10,BirdDrone-Local-FT,1766,1,1,0,0,0,0,0.35952749848365784
video10,BirdDrone-Local-FT,1767,1,1,0,0,0,0,0.4270148277282715
video10,BirdDrone-Local-FT,1768,0,0,0,0,0,0,0.0
video10,BirdDrone-Local-FT,1769,0,0,0,0,0,0,0.0
video10,BirdDrone-Local-FT,1770,0,0,0,0,0,0,0.0
video10,BirdDrone-Local-FT,1771,0,0,0,0,0,0,0.0
video10,BirdDrone-Local-FT,1772,0,0,0,0,0,0,0.0
video10,BirdDrone-Local-FT,1773,0,0,0,0,0,0,0.0
video10,BirdDrone-Local-FT,1774,0,0,0,0,0,0,0.0
video10,BirdDrone-Local-FT,1775,0,0,0,0,0,0,0.0
video10,BirdDrone-Local-FT,1776,0,0,0,0,0,0,0.0
video10,BirdDrone-Local-FT,1777,0,0,0,0,0,0,0.0
video10,BirdDrone-Local-FT,1778,0,0,0,0,0,0,0.0
video10,BirdDrone-Local-FT,1779,1,1,0,0,0,0,0.5411213636398315
video10,BirdDrone-Local-FT,1780,1,1,0,0,1,0,0.3152979910373688
video10,BirdDrone-Local-FT,1781,1,1,0,0,0,0,0.7545806169509888
video10,BirdDrone-Local-FT,1782,1,1,0,0,0,0,0.7103198766708374
video10,BirdDrone-Local-FT,1783,1,1,0,0,0,0,0.8157115578651428
video10,BirdDrone-Local-FT,1784,1,1,0,0,0,0,0.7981878519058228
video10,BirdDrone-Local-FT,1785,1,1,0,0,0,0,0.8365333676338196
video10,BirdDrone-Local-FT,1786,1,1,0,0,0,0,0.7758848667144775
video10,BirdDrone-Local-FT,1787,1,1,0,0,0,0,0.8209642171859741
video10,BirdDrone-Local-FT,1788,1,1,0,0,0,0,0.8511382341384888
video10,BirdDrone-Local-FT,1789,1,1,0,0,0,0,0.8133300542831421
video10,BirdDrone-Local-FT,1790,1,1,0,0,0,0,0.7170351147651672
video10,BirdDrone-Local-FT,1791,1,1,0,0,0,0,0.7966989874839783
video10,BirdDrone-Local-FT,1792,1,1,0,0,0,0,0.8551796078681946
video10,BirdDrone-Local-FT,1793,1,1,0,0,0,0,0.861486554145813
video10,BirdDrone-Local-FT,1794,1,1,0,0,0,0,0.7410354614257812
video10,BirdDrone-Local-FT,1795,1,1,0,0,0,0,0.53462153673172
video10,BirdDrone-Local-FT,1796,0,0,0,0,0,0,0.0
video10,BirdDrone-Local-FT,1797,0,0,0,0,0,0,0.0
video10,BirdDrone-Local-FT,1798,1,1,0,0,0,0,0.8057750463485718
video10,BirdDrone-Local-FT,1799,1,1,0,0,0,0,0.7225441932678223
video10,BirdDrone-Local-FT,1800,1,1,0,0,0,0,0.8379794955253601
video10,BirdDrone-Local-FT,1801,1,1,0,0,0,0,0.8373705148696899
video10,BirdDrone-Local-FT,1802,1,1,0,0,0,0,0.832344651222229
video10,BirdDrone-Local-FT,1803,1,1,0,0,0,0,0.7383987307548523
video10,BirdDrone-Local-FT,1804,1,1,0,0,0,0,0.5292196869850159
video10,BirdDrone-Local-FT,1805,1,1,0,0,0,0,0.6052144765853882
video10,BirdDrone-Local-FT,1806,1,1,0,0,0,0,0.6845816373825073
video10,BirdDrone-Local-FT,1807,1,1,0,0,0,0,0.5736000537872314
video10,BirdDrone-Local-FT,1808,1,1,0,0,0,0,0.5151411294937134
video10,BirdDrone-Local-FT,1809,1,1,0,0,0,0,0.5139605402946472
video10,BirdDrone-Local-FT,1810,1,1,0,0,0,0,0.3762454688549042
video10,BirdDrone-Local-FT,1811,1,1,0,0,0,0,0.6420963406562805
video10,BirdDrone-Local-FT,1812,1,1,0,0,0,0,0.7560757398605347
video10,BirdDrone-Local-FT,1813,1,1,0,0,0,0,0.6410314440727234
video10,BirdDrone-Local-FT,1814,1,1,0,0,0,0,0.8063544034957886
video10,BirdDrone-Local-FT,1815,1,1,0,0,0,0,0.6946041584014893
video10,BirdDrone-Local-FT,1816,1,1,0,0,0,0,0.468664288520813
video10,BirdDrone-Local-FT,1817,1,1,0,0,1,0,0.3118695914745331
video10,BirdDrone-Local-FT,1818,1,1,0,0,0,0,0.4942796528339386
video10,BirdDrone-Local-FT,1819,1,1,0,0,0,0,0.8195548057556152
video10,BirdDrone-Local-FT,1820,1,1,0,0,0,0,0.8222602009773254
video10,BirdDrone-Local-FT,1821,1,1,0,0,0,0,0.7755882143974304
video10,BirdDrone-Local-FT,1822,1,1,0,0,0,0,0.8252018690109253
video10,BirdDrone-Local-FT,1823,1,1,0,0,0,0,0.6984479427337646
video10,BirdDrone-Local-FT,1824,1,1,0,0,0,0,0.6452526450157166
video10,BirdDrone-Local-FT,1825,1,1,0,0,0,0,0.6558659672737122
video10,BirdDrone-Local-FT,1826,1,1,0,0,0,0,0.6560641527175903
video10,BirdDrone-Local-FT,1827,1,1,0,0,0,0,0.6890289783477783
video10,BirdDrone-Local-FT,1828,1,1,0,0,0,0,0.6769249439239502
video10,BirdDrone-Local-FT,1829,1,1,0,0,0,0,0.6532263159751892
video10,BirdDrone-Local-FT,1830,1,1,0,0,0,0,0.7428956031799316
video10,BirdDrone-Local-FT,1831,1,1,0,0,0,0,0.7021225094795227
video10,BirdDrone-Local-FT,1832,1,1,0,0,0,0,0.722743034362793
video10,BirdDrone-Local-FT,1833,1,1,0,0,0,0,0.699184238910675
video10,BirdDrone-Local-FT,1834,1,1,0,0,0,0,0.6064360737800598
video10,BirdDrone-Local-FT,1835,1,1,0,0,0,0,0.7914308905601501
video10,BirdDrone-Local-FT,1836,1,1,0,0,0,0,0.8458397388458252
video10,BirdDrone-Local-FT,1837,1,1,0,0,0,0,0.8021287322044373
video10,BirdDrone-Local-FT,1838,1,1,0,0,0,0,0.702904224395752
video10,BirdDrone-Local-FT,1839,1,1,0,0,0,0,0.7714472413063049
video10,BirdDrone-Local-FT,1840,1,1,0,0,0,0,0.8359196782112122
video10,BirdDrone-Local-FT,1841,1,1,0,0,0,0,0.5362697243690491
video10,BirdDrone-Local-FT,1842,1,1,0,0,0,0,0.589568018913269
video10,BirdDrone-Local-FT,1843,1,1,0,0,0,0,0.8260073065757751
video10,BirdDrone-Local-FT,1844,1,1,0,0,0,0,0.655602216720581
video10,BirdDrone-Local-FT,1845,1,1,0,0,0,0,0.7713197469711304
video10,BirdDrone-Local-FT,1846,1,1,0,0,0,0,0.8910189867019653
video10,BirdDrone-Local-FT,1847,1,1,0,0,0,0,0.8504151105880737
video10,BirdDrone-Local-FT,1848,1,1,0,0,0,0,0.8418563008308411
video10,BirdDrone-Local-FT,1849,1,1,0,0,0,0,0.8527251482009888
video10,BirdDrone-Local-FT,1850,1,1,0,0,0,0,0.8835746049880981
video10,BirdDrone-Local-FT,1851,1,1,0,0,0,0,0.8778629302978516
video10,BirdDrone-Local-FT,1852,1,1,0,0,0,0,0.8937186598777771
video10,BirdDrone-Local-FT,1853,1,1,0,0,0,0,0.8366303443908691
video10,BirdDrone-Local-FT,1854,1,1,0,0,0,0,0.845198929309845
video10,BirdDrone-Local-FT,1855,1,1,0,0,0,0,0.8197843432426453
video10,BirdDrone-Local-FT,1856,1,1,0,0,0,0,0.8233542442321777
video10,BirdDrone-Local-FT,1857,1,1,0,0,0,0,0.8315756916999817
video10,BirdDrone-Local-FT,1858,1,1,0,0,0,0,0.8291153907775879
video10,BirdDrone-Local-FT,1859,1,1,0,0,0,0,0.843683660030365
video10,BirdDrone-Local-FT,1860,1,1,0,0,0,0,0.8399059772491455
video10,BirdDrone-Local-FT,1861,1,1,0,0,0,0,0.8503773808479309
video10,BirdDrone-Local-FT,1862,1,1,0,0,0,0,0.8513153791427612
video10,BirdDrone-Local-FT,1863,1,1,0,0,0,0,0.8564456105232239
video10,BirdDrone-Local-FT,1864,1,1,0,0,0,0,0.8527340888977051
video10,BirdDrone-Local-FT,1865,1,1,0,0,0,0,0.8258875012397766
video10,BirdDrone-Local-FT,1866,1,1,0,0,0,0,0.8168962001800537
video10,BirdDrone-Local-FT,1867,1,1,0,0,0,0,0.7879107594490051
video10,BirdDrone-Local-FT,1868,1,1,0,0,0,0,0.7909536957740784
video10,BirdDrone-Local-FT,1869,1,1,0,0,0,0,0.8148844838142395
video10,BirdDrone-Local-FT,1870,1,1,0,0,0,0,0.8043713569641113
video10,BirdDrone-Local-FT,1871,1,1,0,0,0,0,0.7879984378814697
video10,BirdDrone-Local-FT,1872,1,1,0,0,0,0,0.7885943055152893
video10,BirdDrone-Local-FT,1873,1,1,0,0,0,0,0.7602927684783936
video10,BirdDrone-Local-FT,1874,1,1,0,0,0,0,0.7849819660186768
video10,BirdDrone-Local-FT,1875,1,1,0,0,0,0,0.8097740411758423
video10,BirdDrone-Local-FT,1876,1,1,0,0,0,0,0.830480694770813
video10,BirdDrone-Local-FT,1877,1,1,0,0,0,0,0.8252922296524048
video10,BirdDrone-Local-FT,1878,1,1,0,0,0,0,0.8215259313583374
video10,BirdDrone-Local-FT,1879,1,1,0,0,0,0,0.8271490931510925
video10,BirdDrone-Local-FT,1880,1,1,0,0,0,0,0.8442758917808533
video10,BirdDrone-Local-FT,1881,1,1,0,0,0,0,0.8229763507843018
video10,BirdDrone-Local-FT,1882,1,1,0,0,0,0,0.8271499276161194
video10,BirdDrone-Local-FT,1883,1,1,0,0,0,0,0.8248760104179382
video10,BirdDrone-Local-FT,1884,1,1,0,0,0,0,0.8265798091888428
video10,BirdDrone-Local-FT,1885,1,1,0,0,0,0,0.8147407174110413
video10,BirdDrone-Local-FT,1886,1,1,0,0,0,0,0.7934635877609253
video10,BirdDrone-Local-FT,1887,1,1,0,0,0,0,0.7568615674972534
video10,BirdDrone-Local-FT,1888,1,1,0,0,0,0,0.7358444929122925
video10,BirdDrone-Local-FT,1889,1,1,0,0,0,0,0.7365493774414062
video10,BirdDrone-Local-FT,1890,1,1,0,0,0,0,0.7292419075965881
video10,BirdDrone-Local-FT,1891,1,1,0,0,0,0,0.7303672432899475
video10,BirdDrone-Local-FT,1892,1,1,0,0,0,0,0.6590139269828796
video10,BirdDrone-Local-FT,1893,1,1,0,0,0,0,0.6571944952011108
video10,BirdDrone-Local-FT,1894,1,1,0,0,0,0,0.5682520270347595
video10,BirdDrone-Local-FT,1895,1,1,0,0,0,0,0.6155860424041748
video10,BirdDrone-Local-FT,1896,1,1,0,0,0,0,0.6724128127098083
video10,BirdDrone-Local-FT,1897,1,1,0,0,0,0,0.703799843788147
video10,BirdDrone-Local-FT,1898,1,1,0,0,0,0,0.6823980212211609
video10,BirdDrone-Local-FT,1899,1,1,0,0,0,0,0.6536228060722351
video10,BirdDrone-Local-FT,1900,1,1,0,0,0,0,0.6663445830345154
video10,BirdDrone-Local-FT,1901,1,1,0,0,0,0,0.7930606007575989
video10,BirdDrone-Local-FT,1902,1,1,0,0,0,0,0.7896240949630737
video10,BirdDrone-Local-FT,1903,1,1,0,0,0,0,0.7859229445457458
video10,BirdDrone-Local-FT,1904,1,1,0,0,0,0,0.7980106472969055
video10,BirdDrone-Local-FT,1905,1,1,0,0,0,0,0.7424004077911377
video10,BirdDrone-Local-FT,1906,1,1,0,0,0,0,0.7545633316040039
video10,BirdDrone-Local-FT,1907,1,1,0,0,0,0,0.7001991868019104
video10,BirdDrone-Local-FT,1908,1,1,0,0,0,0,0.5944094657897949
video10,BirdDrone-Local-FT,1909,1,1,0,0,0,0,0.8601565361022949
video10,BirdDrone-Local-FT,1910,1,1,0,0,0,0,0.8338764905929565
video10,BirdDrone-Local-FT,1911,1,1,0,0,0,0,0.8426650166511536
video10,BirdDrone-Local-FT,1912,1,1,0,0,0,0,0.7610028982162476
video10,BirdDrone-Local-FT,1913,1,1,0,0,0,0,0.7184653282165527
video10,BirdDrone-Local-FT,1914,1,1,0,0,0,0,0.6063723564147949
video10,BirdDrone-Local-FT,1915,0,0,0,0,0,0,0.0
video10,BirdDrone-Local-FT,1916,1,1,0,0,1,0,0.3429412543773651
video10,BirdDrone-Local-FT,1917,1,1,0,0,1,0,0.2771982252597809
video10,BirdDrone-Local-FT,1918,1,1,0,0,0,0,0.5032972693443298
video10,BirdDrone-Local-FT,1919,0,0,0,0,0,0,0.0
video10,BirdDrone-Local-FT,1920,0,0,0,0,0,0,0.0
video10,BirdDrone-Local-FT,1921,1,1,0,0,0,0,0.5654084086418152
video10,BirdDrone-Local-FT,1922,1,1,0,0,0,0,0.5073421001434326
video10,BirdDrone-Local-FT,1923,0,0,0,0,0,0,0.0
video10,BirdDrone-Local-FT,1924,1,1,0,0,0,0,0.6630488038063049
video10,BirdDrone-Local-FT,1925,1,1,0,0,0,0,0.7572895288467407
video10,BirdDrone-Local-FT,1926,1,1,0,0,0,0,0.7601476907730103
video10,BirdDrone-Local-FT,1927,1,1,0,0,0,0,0.7893067002296448
video10,BirdDrone-Local-FT,1928,1,1,0,0,0,0,0.8383021354675293
video10,BirdDrone-Local-FT,1929,1,1,0,0,0,0,0.8464052081108093
video10,BirdDrone-Local-FT,1930,1,1,0,0,0,0,0.8563364148139954
video10,BirdDrone-Local-FT,1931,1,1,0,0,0,0,0.8635274767875671
video10,BirdDrone-Local-FT,1932,1,1,0,0,0,0,0.8716967701911926
video10,BirdDrone-Local-FT,1933,1,1,0,0,0,0,0.844261884689331
video10,BirdDrone-Local-FT,1934,1,1,0,0,0,0,0.8689385056495667
video10,BirdDrone-Local-FT,1935,1,1,0,0,0,0,0.8765572309494019
video10,BirdDrone-Local-FT,1936,1,1,0,0,0,0,0.8925868272781372
video10,BirdDrone-Local-FT,1937,1,1,0,0,0,0,0.9006308317184448
video10,BirdDrone-Local-FT,1938,1,1,0,0,0,0,0.8966732621192932
video10,BirdDrone-Local-FT,1939,1,1,0,0,0,0,0.8871156573295593
video10,BirdDrone-Local-FT,1940,1,1,0,0,0,0,0.8852607011795044
video10,BirdDrone-Local-FT,1941,1,1,0,0,0,0,0.886835515499115
video10,BirdDrone-Local-FT,1942,1,1,0,0,0,0,0.904422402381897
video10,BirdDrone-Local-FT,1943,1,1,0,0,0,0,0.8893282413482666
video10,BirdDrone-Local-FT,1944,1,1,0,0,0,0,0.8859812617301941
video10,BirdDrone-Local-FT,1945,1,1,0,0,0,0,0.8894640207290649
video10,BirdDrone-Local-FT,1946,1,1,0,0,0,0,0.8795961141586304
video10,BirdDrone-Local-FT,1947,1,1,0,0,0,0,0.8580890893936157
video10,BirdDrone-Local-FT,1948,1,1,0,0,0,0,0.8802599310874939
video10,BirdDrone-Local-FT,1949,1,1,0,0,0,0,0.8720837235450745
video10,BirdDrone-Local-FT,1950,1,1,0,0,0,0,0.8937217593193054
video10,BirdDrone-Local-FT,1951,1,1,0,0,0,0,0.894067108631134
video10,BirdDrone-Local-FT,1952,1,1,0,0,0,0,0.9003434777259827
video10,BirdDrone-Local-FT,1953,1,1,0,0,0,0,0.8993964791297913
video10,BirdDrone-Local-FT,1954,1,1,0,0,0,0,0.8795666098594666
video10,BirdDrone-Local-FT,1955,1,1,0,0,0,0,0.8782768249511719
video10,BirdDrone-Local-FT,1956,1,1,0,0,0,0,0.8793007135391235
video10,BirdDrone-Local-FT,1957,1,1,0,0,0,0,0.8896310925483704
video10,BirdDrone-Local-FT,1958,1,1,0,0,0,0,0.8949459195137024
video10,BirdDrone-Local-FT,1959,1,1,0,0,0,0,0.8996206521987915
video10,BirdDrone-Local-FT,1960,1,1,0,0,0,0,0.895115315914154
video10,BirdDrone-Local-FT,1961,1,1,0,0,0,0,0.8858112096786499
video10,BirdDrone-Local-FT,1962,1,1,0,0,0,0,0.8971392512321472
video10,BirdDrone-Local-FT,1963,1,1,0,0,0,0,0.9098017811775208
video10,BirdDrone-Local-FT,1964,1,1,0,0,0,0,0.904902994632721
video10,BirdDrone-Local-FT,1965,1,1,0,0,0,0,0.913305938243866
video10,BirdDrone-Local-FT,1966,1,1,0,0,0,0,0.9010573625564575
video10,BirdDrone-Local-FT,1967,1,1,0,0,0,0,0.891497015953064
video10,BirdDrone-Local-FT,1968,1,1,0,0,0,0,0.9020496606826782
video10,BirdDrone-Local-FT,1969,1,1,0,0,0,0,0.8933773636817932
video10,BirdDrone-Local-FT,1970,1,1,0,0,0,0,0.9030168056488037
video10,BirdDrone-Local-FT,1971,1,1,0,0,0,0,0.9092565178871155
video10,BirdDrone-Local-FT,1972,1,1,0,0,0,0,0.9118731021881104
video10,BirdDrone-Local-FT,1973,1,1,0,0,0,0,0.8996374011039734
video10,BirdDrone-Local-FT,1974,1,1,0,0,0,0,0.8968501687049866
video10,BirdDrone-Local-FT,1975,1,1,0,0,0,0,0.8915171027183533
video10,BirdDrone-Local-FT,1976,1,1,0,0,0,0,0.8734108209609985
video10,BirdDrone-Local-FT,1977,1,1,0,0,0,0,0.8646755218505859
video10,BirdDrone-Local-FT,1978,1,1,0,0,0,0,0.8712308406829834
video10,BirdDrone-Local-FT,1979,1,1,0,0,0,0,0.8834869861602783
video10,BirdDrone-Local-FT,1980,1,1,0,0,0,0,0.8570491075515747
video10,BirdDrone-Local-FT,1981,1,1,0,0,0,0,0.8278996348381042
video10,BirdDrone-Local-FT,1982,1,1,0,0,0,0,0.8276698589324951
video10,BirdDrone-Local-FT,1983,1,1,0,0,0,0,0.7624965906143188
video10,BirdDrone-Local-FT,1984,1,1,0,0,0,0,0.8789694905281067
video10,BirdDrone-Local-FT,1985,1,1,0,0,0,0,0.8871825337409973
video10,BirdDrone-Local-FT,1986,1,1,0,0,0,0,0.8823849558830261
video10,BirdDrone-Local-FT,1987,1,1,0,0,0,0,0.8749681711196899
video10,BirdDrone-Local-FT,1988,1,1,0,0,0,0,0.8786098957061768
video10,BirdDrone-Local-FT,1989,1,1,0,0,0,0,0.8847813010215759
video10,BirdDrone-Local-FT,1990,1,1,0,0,0,0,0.8813700079917908
video10,BirdDrone-Local-FT,1991,1,1,0,0,0,0,0.9028103947639465
video10,BirdDrone-Local-FT,1992,1,1,0,0,0,0,0.8885856866836548
video10,BirdDrone-Local-FT,1993,1,1,0,0,0,0,0.8838421702384949
video10,BirdDrone-Local-FT,1994,1,1,0,0,0,0,0.8801375031471252
video10,BirdDrone-Local-FT,1995,1,1,0,0,0,0,0.8876615166664124
video10,BirdDrone-Local-FT,1996,1,1,0,0,0,0,0.8879736661911011
video10,BirdDrone-Local-FT,1997,2,2,0,0,1,0,0.8088717460632324
video10,BirdDrone-Local-FT,1998,1,1,0,0,0,0,0.909346342086792
video10,BirdDrone-Local-FT,1999,1,1,0,0,0,0,0.9149011373519897
video10,BirdDrone-Local-FT,2000,1,1,0,0,0,0,0.9099715352058411
video10,BirdDrone-Local-FT,2001,1,1,0,0,0,0,0.9189311265945435
video10,BirdDrone-Local-FT,2002,1,1,0,0,0,0,0.9133977293968201
video10,BirdDrone-Local-FT,2003,1,1,0,0,0,0,0.9134151935577393
video10,BirdDrone-Local-FT,2004,1,1,0,0,0,0,0.9132269620895386
video10,BirdDrone-Local-FT,2005,1,1,0,0,0,0,0.9135749936103821
video10,BirdDrone-Local-FT,2006,1,1,0,0,0,0,0.9078145027160645
video10,BirdDrone-Local-FT,2007,1,1,0,0,0,0,0.909464955329895
video10,BirdDrone-Local-FT,2008,1,1,0,0,0,0,0.9115308523178101
video10,BirdDrone-Local-FT,2009,1,1,0,0,0,0,0.9117347598075867
video10,BirdDrone-Local-FT,2010,1,1,0,0,0,0,0.9106119275093079
video10,BirdDrone-Local-FT,2011,1,1,0,0,0,0,0.9111316800117493
video10,BirdDrone-Local-FT,2012,1,1,0,0,0,0,0.9135543704032898
video10,BirdDrone-Local-FT,2013,1,1,0,0,0,0,0.9107826948165894
video10,BirdDrone-Local-FT,2014,1,1,0,0,0,0,0.9120686054229736
video10,BirdDrone-Local-FT,2015,1,1,0,0,0,0,0.9099414944648743
video10,BirdDrone-Local-FT,2016,1,1,0,0,0,0,0.903496503829956
video10,BirdDrone-Local-FT,2017,1,1,0,0,0,0,0.9036262035369873
video10,BirdDrone-Local-FT,2018,1,1,0,0,0,0,0.9063671231269836
video10,BirdDrone-Local-FT,2019,1,1,0,0,0,0,0.907400369644165
video10,BirdDrone-Local-FT,2020,1,1,0,0,0,0,0.911400318145752
video10,BirdDrone-Local-FT,2021,1,1,0,0,0,0,0.9082517027854919
video10,BirdDrone-Local-FT,2022,2,2,0,0,1,0,0.9080742001533508
video10,BirdDrone-Local-FT,2023,1,1,0,0,0,0,0.9076374769210815
video10,BirdDrone-Local-FT,2024,1,1,0,0,0,0,0.908847987651825
video10,BirdDrone-Local-FT,2025,1,1,0,0,0,0,0.9129688739776611
video10,BirdDrone-Local-FT,2026,2,2,0,0,0,0,0.9035863280296326
video10,BirdDrone-Local-FT,2027,2,2,0,0,0,0,0.8960561752319336
video10,BirdDrone-Local-FT,2028,1,1,0,0,0,0,0.9013507962226868
video10,BirdDrone-Local-FT,2029,2,2,0,0,1,0,0.9022976756095886
video10,BirdDrone-Local-FT,2030,1,1,0,0,0,0,0.9030408263206482
video10,BirdDrone-Local-FT,2031,1,1,0,0,0,0,0.9027678966522217
video10,BirdDrone-Local-FT,2032,1,1,0,0,0,0,0.9127454161643982
video10,BirdDrone-Local-FT,2033,1,1,0,0,0,0,0.9045513272285461
video10,BirdDrone-Local-FT,2034,1,1,0,0,0,0,0.9046022295951843
video10,BirdDrone-Local-FT,2035,1,1,0,0,0,0,0.9105993509292603
video10,BirdDrone-Local-FT,2036,1,1,0,0,0,0,0.9164120554924011
video10,BirdDrone-Local-FT,2037,1,1,0,0,0,0,0.8983610272407532
video10,BirdDrone-Local-FT,2038,1,1,0,0,0,0,0.8951375484466553
video10,BirdDrone-Local-FT,2039,1,1,0,0,0,0,0.884074330329895
video10,BirdDrone-Local-FT,2040,1,1,0,0,0,0,0.864326536655426
video10,BirdDrone-Local-FT,2041,1,1,0,0,0,0,0.8840363621711731
video10,BirdDrone-Local-FT,2042,1,1,0,0,0,0,0.897140383720398
video10,BirdDrone-Local-FT,2043,1,1,0,0,0,0,0.9089363217353821
video10,BirdDrone-Local-FT,2044,1,1,0,0,0,0,0.8946480751037598
video10,BirdDrone-Local-FT,2045,1,1,0,0,0,0,0.8935930132865906
video10,BirdDrone-Local-FT,2046,1,1,0,0,0,0,0.8992118239402771
video10,BirdDrone-Local-FT,2047,1,1,0,0,0,0,0.8959779739379883
video10,BirdDrone-Local-FT,2048,1,1,0,0,0,0,0.9041259288787842
video10,BirdDrone-Local-FT,2049,1,1,0,0,0,0,0.8990644216537476
video10,BirdDrone-Local-FT,2050,1,1,0,0,0,0,0.8950128555297852
video10,BirdDrone-Local-FT,2051,1,1,0,0,0,0,0.8870446085929871
video10,BirdDrone-Local-FT,2052,1,1,0,0,0,0,0.8834546804428101
video10,BirdDrone-Local-FT,2053,1,1,0,0,0,0,0.8755922317504883
video10,BirdDrone-Local-FT,2054,1,1,0,0,0,0,0.8741489052772522
video10,BirdDrone-Local-FT,2055,1,1,0,0,0,0,0.8729366660118103
video10,BirdDrone-Local-FT,2056,1,1,0,0,0,0,0.8768534660339355
video10,BirdDrone-Local-FT,2057,1,1,0,0,0,0,0.882146418094635
video10,BirdDrone-Local-FT,2058,1,1,0,0,0,0,0.8919082880020142
video10,BirdDrone-Local-FT,2059,1,1,0,0,0,0,0.8910220265388489
video10,BirdDrone-Local-FT,2060,1,1,0,0,0,0,0.8800421953201294
video10,BirdDrone-Local-FT,2061,1,1,0,0,0,0,0.8872884511947632
video10,BirdDrone-Local-FT,2062,1,1,0,0,0,0,0.8805786371231079
video10,BirdDrone-Local-FT,2063,1,1,0,0,0,0,0.8765901327133179
video10,BirdDrone-Local-FT,2064,1,1,0,0,0,0,0.8807158470153809
video10,BirdDrone-Local-FT,2065,1,1,0,0,0,0,0.8836728930473328
video10,BirdDrone-Local-FT,2066,1,1,0,0,0,0,0.8812942504882812
video10,BirdDrone-Local-FT,2067,1,1,0,0,0,0,0.8731719255447388
video10,BirdDrone-Local-FT,2068,1,1,0,0,0,0,0.8912100195884705
video10,BirdDrone-Local-FT,2069,1,1,0,0,0,0,0.9028674960136414
video10,BirdDrone-Local-FT,2070,1,1,0,0,0,0,0.901501476764679
video10,BirdDrone-Local-FT,2071,2,2,0,0,1,0,0.8716198205947876
video10,BirdDrone-Local-FT,2072,1,1,0,0,0,0,0.8851768970489502
video10,BirdDrone-Local-FT,2073,1,1,0,0,0,0,0.8904380798339844
video10,BirdDrone-Local-FT,2074,1,1,0,0,0,0,0.8968215584754944
video10,BirdDrone-Local-FT,2075,1,1,0,0,0,0,0.8961696028709412
video10,BirdDrone-Local-FT,2076,1,1,0,0,0,0,0.897272527217865
video10,BirdDrone-Local-FT,2077,1,1,0,0,0,0,0.8873658180236816
video10,BirdDrone-Local-FT,2078,1,1,0,0,0,0,0.8854854106903076
video10,BirdDrone-Local-FT,2079,1,1,0,0,0,0,0.8674288988113403
video10,BirdDrone-Local-FT,2080,1,1,0,0,0,0,0.8781418204307556
video10,BirdDrone-Local-FT,2081,1,1,0,0,0,0,0.8936731815338135
video10,BirdDrone-Local-FT,2082,1,1,0,0,0,0,0.8981889486312866
video10,BirdDrone-Local-FT,2083,1,1,0,0,0,0,0.893153190612793
video10,BirdDrone-Local-FT,2084,1,1,0,0,0,0,0.8951113820075989
video10,BirdDrone-Local-FT,2085,1,1,0,0,0,0,0.8850372433662415
video10,BirdDrone-Local-FT,2086,1,1,0,0,0,0,0.8963692784309387
video10,BirdDrone-Local-FT,2087,1,1,0,0,0,0,0.8953349590301514
video10,BirdDrone-Local-FT,2088,1,1,0,0,0,0,0.8912902474403381
video10,BirdDrone-Local-FT,2089,1,1,0,0,0,0,0.8970034718513489
video10,BirdDrone-Local-FT,2090,1,1,0,0,0,0,0.9027323722839355
video10,BirdDrone-Local-FT,2091,1,1,0,0,0,0,0.9092341661453247
video10,BirdDrone-Local-FT,2092,1,1,0,0,0,0,0.9186159372329712
video10,BirdDrone-Local-FT,2093,1,1,0,0,0,0,0.9124644994735718
video10,BirdDrone-Local-FT,2094,1,1,0,0,0,0,0.9092821478843689
video10,BirdDrone-Local-FT,2095,1,1,0,0,0,0,0.9173508286476135
video10,BirdDrone-Local-FT,2096,2,2,0,0,1,0,0.6192480325698853
video10,BirdDrone-Local-FT,2097,1,1,0,0,0,0,0.9186576008796692
video10,BirdDrone-Local-FT,2098,1,1,0,0,0,0,0.9202176928520203
video10,BirdDrone-Local-FT,2099,1,1,0,0,0,0,0.9092106223106384
video10,BirdDrone-Local-FT,2100,1,1,0,0,0,0,0.9104775786399841
video10,BirdDrone-Local-FT,2101,1,1,0,0,0,0,0.9154095649719238
video10,BirdDrone-Local-FT,2102,1,1,0,0,0,0,0.9081913232803345
video10,BirdDrone-Local-FT,2103,1,1,0,0,0,0,0.9132019281387329
video10,BirdDrone-Local-FT,2104,1,1,0,0,0,0,0.9145271182060242
video10,BirdDrone-Local-FT,2105,1,1,0,0,0,0,0.9124498963356018
video10,BirdDrone-Local-FT,2106,1,1,0,0,0,0,0.907107949256897
video10,BirdDrone-Local-FT,2107,1,1,0,0,0,0,0.9224491715431213
video10,BirdDrone-Local-FT,2108,1,1,0,0,0,0,0.9168652296066284
video10,BirdDrone-Local-FT,2109,1,1,0,0,0,0,0.8996976613998413
video10,BirdDrone-Local-FT,2110,1,1,0,0,0,0,0.910868227481842
video10,BirdDrone-Local-FT,2111,1,1,0,0,0,0,0.9073919653892517
video10,BirdDrone-Local-FT,2112,1,1,0,0,0,0,0.9125660061836243
video10,BirdDrone-Local-FT,2113,1,1,0,0,0,0,0.9046121835708618
video10,BirdDrone-Local-FT,2114,1,1,0,0,0,0,0.9073894619941711
video10,BirdDrone-Local-FT,2115,1,1,0,0,0,0,0.8979491591453552
video10,BirdDrone-Local-FT,2116,1,1,0,0,0,0,0.8708643913269043
video10,BirdDrone-Local-FT,2117,1,1,0,0,0,0,0.8920469880104065
video10,BirdDrone-Local-FT,2118,1,1,0,0,0,0,0.8987239003181458
video10,BirdDrone-Local-FT,2119,1,1,0,0,0,0,0.9189086556434631
video10,BirdDrone-Local-FT,2120,1,1,0,0,0,0,0.9171567559242249
video10,BirdDrone-Local-FT,2121,1,1,0,0,0,0,0.9094961881637573
video10,BirdDrone-Local-FT,2122,1,1,0,0,0,0,0.908137321472168
video10,BirdDrone-Local-FT,2123,1,1,0,0,0,0,0.9081286787986755
video10,BirdDrone-Local-FT,2124,1,1,0,0,0,0,0.9119828343391418
video10,BirdDrone-Local-FT,2125,1,1,0,0,0,0,0.9134505987167358
video10,BirdDrone-Local-FT,2126,1,1,0,0,0,0,0.9073976278305054
video10,BirdDrone-Local-FT,2127,1,1,0,0,0,0,0.9045348167419434
video10,BirdDrone-Local-FT,2128,1,1,0,0,0,0,0.8656480312347412
video10,BirdDrone-Local-FT,2129,1,1,0,0,0,0,0.8807196617126465
video10,BirdDrone-Local-FT,2130,1,1,0,0,0,0,0.8375756144523621
video10,BirdDrone-Local-FT,2131,1,1,0,0,0,0,0.8640816807746887
video10,BirdDrone-Local-FT,2132,1,1,0,0,0,0,0.8613738417625427
video10,BirdDrone-Local-FT,2133,1,1,0,0,0,0,0.8438112735748291
video10,BirdDrone-Local-FT,2134,1,1,0,0,0,0,0.8290330171585083
video10,BirdDrone-Local-FT,2135,1,1,0,0,0,0,0.7898905277252197
video10,BirdDrone-Local-FT,2136,1,1,0,0,0,0,0.8899620771408081
video10,BirdDrone-Local-FT,2137,1,1,0,0,0,0,0.8904528617858887
video10,BirdDrone-Local-FT,2138,1,1,0,0,0,0,0.8779940605163574
video10,BirdDrone-Local-FT,2139,1,1,0,0,0,0,0.8812429308891296
video10,BirdDrone-Local-FT,2140,1,1,0,0,0,0,0.8916592597961426
video10,BirdDrone-Local-FT,2141,1,1,0,0,0,0,0.8980337977409363
video10,BirdDrone-Local-FT,2142,1,1,0,0,0,0,0.8935837745666504
video10,BirdDrone-Local-FT,2143,1,1,0,0,0,0,0.8754202127456665
video10,BirdDrone-Local-FT,2144,1,1,0,0,0,0,0.88926762342453
video10,BirdDrone-Local-FT,2145,1,1,0,0,0,0,0.8809604048728943
video10,BirdDrone-Local-FT,2146,1,1,0,0,0,0,0.8854563236236572
video10,BirdDrone-Local-FT,2147,1,1,0,0,0,0,0.8872913718223572
video10,BirdDrone-Local-FT,2148,1,1,0,0,0,0,0.8955901861190796
video10,BirdDrone-Local-FT,2149,1,1,0,0,0,0,0.8962047100067139
video10,BirdDrone-Local-FT,2150,1,1,0,0,0,0,0.8753751516342163
video10,BirdDrone-Local-FT,2151,1,1,0,0,0,0,0.8882279992103577
video10,BirdDrone-Local-FT,2152,1,1,0,0,0,0,0.8855265378952026
video10,BirdDrone-Local-FT,2153,1,1,0,0,0,0,0.8827456831932068
video10,BirdDrone-Local-FT,2154,1,1,0,0,0,0,0.8860368728637695
video10,BirdDrone-Local-FT,2155,1,1,0,0,0,0,0.8842273950576782
video10,BirdDrone-Local-FT,2156,1,1,0,0,0,0,0.8757962584495544
video10,BirdDrone-Local-FT,2157,1,1,0,0,0,0,0.8694915771484375
video10,BirdDrone-Local-FT,2158,1,1,0,0,0,0,0.8775570392608643
video10,BirdDrone-Local-FT,2159,1,1,0,0,0,0,0.8782353401184082
video10,BirdDrone-Local-FT,2160,1,1,0,0,0,0,0.8793103694915771
video10,BirdDrone-Local-FT,2161,1,1,0,0,0,0,0.888391375541687
video10,BirdDrone-Local-FT,2162,1,1,0,0,0,0,0.8995049595832825
video10,BirdDrone-Local-FT,2163,1,1,0,0,0,0,0.8978309631347656
video10,BirdDrone-Local-FT,2164,1,1,0,0,0,0,0.8999918699264526
video10,BirdDrone-Local-FT,2165,1,1,0,0,0,0,0.8922214508056641
video10,BirdDrone-Local-FT,2166,1,1,0,0,0,0,0.866145670413971
video10,BirdDrone-Local-FT,2167,1,1,0,0,0,0,0.8836930990219116
video10,BirdDrone-Local-FT,2168,1,1,0,0,0,0,0.8958045840263367
video10,BirdDrone-Local-FT,2169,1,1,0,0,0,0,0.8880390524864197
video10,BirdDrone-Local-FT,2170,1,1,0,0,0,0,0.8920388221740723
video10,BirdDrone-Local-FT,2171,1,1,0,0,0,0,0.8933312296867371
video10,BirdDrone-Local-FT,2172,1,1,0,0,0,0,0.8850178718566895
video10,BirdDrone-Local-FT,2173,1,1,0,0,0,0,0.887349009513855
video10,BirdDrone-Local-FT,2174,1,1,0,0,0,0,0.8915625810623169
video10,BirdDrone-Local-FT,2175,1,1,0,0,0,0,0.8635076284408569
video10,BirdDrone-Local-FT,2176,1,1,0,0,0,0,0.8514391779899597
video10,BirdDrone-Local-FT,2177,1,1,0,0,0,0,0.8550201654434204
video10,BirdDrone-Local-FT,2178,1,1,0,0,0,0,0.8528204560279846
video10,BirdDrone-Local-FT,2179,1,1,0,0,0,0,0.8411083817481995
video10,BirdDrone-Local-FT,2180,1,1,0,0,0,0,0.8434810638427734
video10,BirdDrone-Local-FT,2181,1,1,0,0,0,0,0.8330588936805725
video10,BirdDrone-Local-FT,2182,1,1,0,0,0,0,0.8477808237075806
video10,BirdDrone-Local-FT,2183,1,1,0,0,0,0,0.8534328937530518
video10,BirdDrone-Local-FT,2184,1,1,0,0,0,0,0.8616399168968201
video10,BirdDrone-Local-FT,2185,1,1,0,0,0,0,0.8467198610305786
video10,BirdDrone-Local-FT,2186,1,1,0,0,0,0,0.8570324778556824
video10,BirdDrone-Local-FT,2187,1,1,0,0,0,0,0.8583819270133972
video10,BirdDrone-Local-FT,2188,1,1,0,0,0,0,0.867561936378479
video10,BirdDrone-Local-FT,2189,1,1,0,0,0,0,0.8611648678779602
video10,BirdDrone-Local-FT,2190,1,1,0,0,0,0,0.8580294251441956
video10,BirdDrone-Local-FT,2191,1,1,0,0,0,0,0.860934853553772
video10,BirdDrone-Local-FT,2192,1,1,0,0,0,0,0.8703570365905762
video10,BirdDrone-Local-FT,2193,1,1,0,0,0,0,0.8596482872962952
video10,BirdDrone-Local-FT,2194,1,1,0,0,0,0,0.871954619884491
video10,BirdDrone-Local-FT,2195,1,1,0,0,0,0,0.8705773949623108
video10,BirdDrone-Local-FT,2196,1,1,0,0,0,0,0.8821848034858704
video10,BirdDrone-Local-FT,2197,1,1,0,0,0,0,0.8739646673202515
video10,BirdDrone-Local-FT,2198,1,1,0,0,0,0,0.8746033906936646
video10,BirdDrone-Local-FT,2199,1,1,0,0,0,0,0.8725263476371765
video10,BirdDrone-Local-FT,2200,1,1,0,0,0,0,0.8764012455940247
video10,BirdDrone-Local-FT,2201,1,1,0,0,0,0,0.8377960324287415
video10,BirdDrone-Local-FT,2202,1,1,0,0,0,0,0.8510177731513977
video10,BirdDrone-Local-FT,2203,1,1,0,0,0,0,0.8423080444335938
video10,BirdDrone-Local-FT,2204,1,1,0,0,0,0,0.8730352520942688
video10,BirdDrone-Local-FT,2205,2,2,0,0,0,0,0.7086549997329712
video10,BirdDrone-Local-FT,2206,1,1,0,0,0,0,0.8446202874183655
video10,BirdDrone-Local-FT,2207,1,1,0,0,0,0,0.8649311065673828
video10,BirdDrone-Local-FT,2208,1,1,0,0,0,0,0.8750767111778259
video10,BirdDrone-Local-FT,2209,1,1,0,0,0,0,0.8702085614204407
video10,BirdDrone-Local-FT,2210,1,1,0,0,0,0,0.8864879608154297
video10,BirdDrone-Local-FT,2211,1,1,0,0,0,0,0.8786587715148926
video10,BirdDrone-Local-FT,2212,1,1,0,0,0,0,0.8798584938049316
video10,BirdDrone-Local-FT,2213,1,1,0,0,0,0,0.8978695273399353
video10,BirdDrone-Local-FT,2214,1,1,0,0,0,0,0.9068775177001953
video10,BirdDrone-Local-FT,2215,1,1,0,0,0,0,0.9113531112670898
video10,BirdDrone-Local-FT,2216,1,1,0,0,0,0,0.9192690849304199
video10,BirdDrone-Local-FT,2217,1,1,0,0,0,0,0.9183313846588135
video10,BirdDrone-Local-FT,2218,1,1,0,0,0,0,0.9166321754455566
video10,BirdDrone-Local-FT,2219,1,1,0,0,0,0,0.914129912853241
video10,BirdDrone-Local-FT,2220,1,1,0,0,0,0,0.9162686467170715
video10,BirdDrone-Local-FT,2221,1,1,0,0,0,0,0.9151211380958557
video10,BirdDrone-Local-FT,2222,1,1,0,0,0,0,0.9149436950683594
video10,BirdDrone-Local-FT,2223,1,1,0,0,0,0,0.9101129174232483
video10,BirdDrone-Local-FT,2224,1,1,0,0,0,0,0.9115492105484009
video10,BirdDrone-Local-FT,2225,1,1,0,0,0,0,0.9129562377929688
video10,BirdDrone-Local-FT,2226,1,1,0,0,0,0,0.9112677574157715
video10,BirdDrone-Local-FT,2227,1,1,0,0,0,0,0.9140036106109619
video10,BirdDrone-Local-FT,2228,1,1,0,0,0,0,0.9091213345527649
video10,BirdDrone-Local-FT,2229,1,1,0,0,0,0,0.9066758751869202
video10,BirdDrone-Local-FT,2230,1,1,0,0,0,0,0.9052668213844299
video10,BirdDrone-Local-FT,2231,1,1,0,0,0,0,0.9009217023849487
video10,BirdDrone-Local-FT,2232,1,1,0,0,0,0,0.8989897966384888
video10,BirdDrone-Local-FT,2233,1,1,0,0,0,0,0.9035728573799133
video10,BirdDrone-Local-FT,2234,1,1,0,0,0,0,0.9052773118019104
video10,BirdDrone-Local-FT,2235,1,1,0,0,0,0,0.9071301221847534
video10,BirdDrone-Local-FT,2236,1,1,0,0,0,0,0.9088261723518372
video10,BirdDrone-Local-FT,2237,1,1,0,0,0,0,0.90997713804245
video10,BirdDrone-Local-FT,2238,1,1,0,0,0,0,0.9117777943611145
video10,BirdDrone-Local-FT,2239,1,1,0,0,0,0,0.9090911746025085
video10,BirdDrone-Local-FT,2240,1,1,0,0,0,0,0.9046230912208557
video10,BirdDrone-Local-FT,2241,1,1,0,0,0,0,0.9063555598258972
video10,BirdDrone-Local-FT,2242,1,1,0,0,0,0,0.9053403735160828
video10,BirdDrone-Local-FT,2243,1,1,0,0,0,0,0.9063194394111633
video10,BirdDrone-Local-FT,2244,1,1,0,0,0,0,0.9053105115890503
video10,BirdDrone-Local-FT,2245,1,1,0,0,0,0,0.9047229886054993
video10,BirdDrone-Local-FT,2246,1,1,0,0,0,0,0.904578447341919
video10,BirdDrone-Local-FT,2247,1,1,0,0,0,0,0.8955221176147461
video10,BirdDrone-Local-FT,2248,1,1,0,0,0,0,0.9053464531898499
video10,BirdDrone-Local-FT,2249,1,1,0,0,0,0,0.9018353223800659
video10,BirdDrone-Local-FT,2250,1,1,0,0,0,0,0.9033437371253967
video10,BirdDrone-Local-FT,2251,1,1,0,0,0,0,0.8984143733978271
video10,BirdDrone-Local-FT,2252,1,1,0,0,0,0,0.9015078544616699
video10,BirdDrone-Local-FT,2253,1,1,0,0,0,0,0.8921547532081604
video10,BirdDrone-Local-FT,2254,1,1,0,0,0,0,0.9056878685951233
video10,BirdDrone-Local-FT,2255,1,1,0,0,0,0,0.8986616134643555
video10,BirdDrone-Local-FT,2256,1,1,0,0,0,0,0.9053308367729187
video10,BirdDrone-Local-FT,2257,1,1,0,0,0,0,0.8936651945114136
video10,BirdDrone-Local-FT,2258,1,1,0,0,0,0,0.8899871706962585
video10,BirdDrone-Local-FT,2259,1,1,0,0,0,0,0.8630058169364929
video10,BirdDrone-Local-FT,2260,1,1,0,0,0,0,0.8975105285644531
video10,BirdDrone-Local-FT,2261,1,1,0,0,0,0,0.8992962837219238
video10,BirdDrone-Local-FT,2262,1,1,0,0,0,0,0.8969823122024536
video10,BirdDrone-Local-FT,2263,1,1,0,0,0,0,0.9029784798622131
video10,BirdDrone-Local-FT,2264,1,1,0,0,0,0,0.8975026607513428
video10,BirdDrone-Local-FT,2265,1,1,0,0,0,0,0.8976684808731079
video10,BirdDrone-Local-FT,2266,1,1,0,0,0,0,0.8869680762290955
video10,BirdDrone-Local-FT,2267,1,1,0,0,0,0,0.6006194353103638
video10,BirdDrone-Local-FT,2268,1,1,0,0,0,0,0.8802531957626343
video10,BirdDrone-Local-FT,2269,1,1,0,0,0,0,0.8921488523483276
video10,BirdDrone-Local-FT,2270,1,1,0,0,0,0,0.8855127096176147
video10,BirdDrone-Local-FT,2271,1,1,0,0,0,0,0.8853183388710022
video10,BirdDrone-Local-FT,2272,1,1,0,0,0,0,0.8879925608634949
video10,BirdDrone-Local-FT,2273,1,1,0,0,0,0,0.8589394688606262
video10,BirdDrone-Local-FT,2274,1,1,0,0,0,0,0.8833913207054138
video10,BirdDrone-Local-FT,2275,1,1,0,0,0,0,0.8816279768943787
video10,BirdDrone-Local-FT,2276,1,1,0,0,0,0,0.8808252811431885
video10,BirdDrone-Local-FT,2277,1,1,0,0,0,0,0.8744521141052246
video10,BirdDrone-Local-FT,2278,1,1,0,0,0,0,0.8659351468086243
video10,BirdDrone-Local-FT,2279,1,1,0,0,0,0,0.880003809928894
video10,BirdDrone-Local-FT,2280,1,1,0,0,0,0,0.8462961316108704
video10,BirdDrone-Local-FT,2281,1,1,0,0,0,0,0.8186845779418945
video10,BirdDrone-Local-FT,2282,1,1,0,0,0,0,0.8480517864227295
video10,BirdDrone-Local-FT,2283,1,1,0,0,0,0,0.8803971409797668
video10,BirdDrone-Local-FT,2284,1,1,0,0,0,0,0.8510264158248901
video10,BirdDrone-Local-FT,2285,1,1,0,0,0,0,0.8418457508087158
video10,BirdDrone-Local-FT,2286,1,1,0,0,0,0,0.8322973847389221
video10,BirdDrone-Local-FT,2287,1,1,0,0,0,0,0.6333396434783936
video10,BirdDrone-Local-FT,2288,1,1,0,0,0,0,0.8471789956092834
video10,BirdDrone-Local-FT,2289,1,1,0,0,0,0,0.8689598441123962
video10,BirdDrone-Local-FT,2290,1,1,0,0,0,0,0.5402493476867676
video10,BirdDrone-Local-FT,2291,1,1,0,0,0,0,0.8333376049995422
video10,BirdDrone-Local-FT,2292,1,1,0,0,0,0,0.8488978147506714
video10,BirdDrone-Local-FT,2293,1,1,0,0,0,0,0.8254702091217041
video10,BirdDrone-Local-FT,2294,1,1,0,0,0,0,0.8097072839736938
video10,BirdDrone-Local-FT,2295,1,1,0,0,0,0,0.8456506133079529
video10,BirdDrone-Local-FT,2296,1,1,0,0,0,0,0.8273505568504333
video10,BirdDrone-Local-FT,2297,1,1,0,0,0,0,0.7283307313919067
video10,BirdDrone-Local-FT,2298,2,2,0,0,1,0,0.49322575330734253
video10,BirdDrone-Local-FT,2299,1,1,0,0,0,0,0.6921359896659851
video10,BirdDrone-Local-FT,2300,1,1,0,0,0,0,0.7735456228256226
video10,BirdDrone-Local-FT,2301,1,1,0,0,0,0,0.7613985538482666
video10,BirdDrone-Local-FT,2302,1,1,0,0,0,0,0.6942097544670105
video10,BirdDrone-Local-FT,2303,1,1,0,0,0,0,0.7138180732727051
video10,BirdDrone-Local-FT,2304,1,1,0,0,0,0,0.5418334007263184
video10,BirdDrone-Local-FT,2305,1,1,0,0,0,0,0.38712427020072937
video10,BirdDrone-Local-FT,2306,0,0,0,0,0,0,0.0
video10,BirdDrone-Local-FT,2307,0,0,0,0,0,0,0.0
video10,BirdDrone-Local-FT,2308,0,0,0,0,0,0,0.0
video10,BirdDrone-Local-FT,2309,0,0,0,0,0,0,0.0
video10,BirdDrone-Local-FT,2310,0,0,0,0,0,0,0.0
video10,BirdDrone-Local-FT,2311,0,0,0,0,0,0,0.0
video10,BirdDrone-Local-FT,2312,0,0,0,0,0,0,0.0
video10,BirdDrone-Local-FT,2313,0,0,0,0,0,0,0.0
video10,BirdDrone-Local-FT,2314,0,0,0,0,0,0,0.0
video10,BirdDrone-Local-FT,2315,0,0,0,0,0,0,0.0
video10,BirdDrone-Local-FT,2316,0,0,0,0,0,0,0.0
video10,BirdDrone-Local-FT,2317,0,0,0,0,0,0,0.0
video10,BirdDrone-Local-FT,2318,0,0,0,0,0,0,0.0
video10,BirdDrone-Local-FT,2319,0,0,0,0,0,0,0.0
video10,BirdDrone-Local-FT,2320,0,0,0,0,0,0,0.0
video10,BirdDrone-Local-FT,2321,0,0,0,0,0,0,0.0
video10,BirdDrone-Local-FT,2322,0,0,0,0,0,0,0.0
video10,BirdDrone-Local-FT,2323,0,0,0,0,0,0,0.0
video10,BirdDrone-Local-FT,2324,0,0,0,0,0,0,0.0
video10,BirdDrone-Local-FT,2325,0,0,0,0,0,0,0.0
video10,BirdDrone-Local-FT,2326,0,0,0,0,0,0,0.0
video10,BirdDrone-Local-FT,2327,0,0,0,0,0,0,0.0
video10,BirdDrone-Local-FT,2328,0,0,0,0,0,0,0.0
video10,BirdDrone-Local-FT,2329,0,0,0,0,0,0,0.0
video10,BirdDrone-Local-FT,2330,0,0,0,0,0,0,0.0
video10,BirdDrone-Local-FT,2331,0,0,0,0,0,0,0.0
video10,BirdDrone-Local-FT,2332,0,0,0,0,0,0,0.0
video10,BirdDrone-Local-FT,2333,0,0,0,0,0,0,0.0
video10,BirdDrone-Local-FT,2334,0,0,0,0,0,0,0.0
video10,BirdDrone-Local-FT,2335,0,0,0,0,0,0,0.0
video10,BirdDrone-Local-FT,2336,0,0,0,0,0,0,0.0
video10,BirdDrone-Local-FT,2337,0,0,0,0,0,0,0.0
video10,BirdDrone-Local-FT,2338,0,0,0,0,0,0,0.0
video10,BirdDrone-Local-FT,2339,0,0,0,0,0,0,0.0
video10,BirdDrone-Local-FT,2340,0,0,0,0,0,0,0.0
video10,BirdDrone-Local-FT,2341,0,0,0,0,0,0,0.0
video10,BirdDrone-Local-FT,2342,0,0,0,0,0,0,0.0
video10,BirdDrone-Local-FT,2343,0,0,0,0,0,0,0.0
video10,BirdDrone-Local-FT,2344,0,0,0,0,0,0,0.0
video10,BirdDrone-Local-FT,2345,0,0,0,0,0,0,0.0
video10,BirdDrone-Local-FT,2346,0,0,0,0,0,0,0.0
video10,BirdDrone-Local-FT,2347,0,0,0,0,0,0,0.0
video10,BirdDrone-Local-FT,2348,0,0,0,0,0,0,0.0
video10,BirdDrone-Local-FT,2349,0,0,0,0,0,0,0.0
video10,BirdDrone-Local-FT,2350,0,0,0,0,0,0,0.0
video10,BirdDrone-Local-FT,2351,0,0,0,0,0,0,0.0
video10,BirdDrone-Local-FT,2352,0,0,0,0,0,0,0.0
video10,BirdDrone-Local-FT,2353,0,0,0,0,0,0,0.0
video10,BirdDrone-Local-FT,2354,0,0,0,0,0,0,0.0
video10,BirdDrone-Local-FT,2355,0,0,0,0,0,0,0.0
video10,BirdDrone-Local-FT,2356,0,0,0,0,0,0,0.0
video10,BirdDrone-Local-FT,2357,0,0,0,0,0,0,0.0
video10,BirdDrone-Local-FT,2358,0,0,0,0,0,0,0.0
video10,BirdDrone-Local-FT,2359,0,0,0,0,0,0,0.0
video10,BirdDrone-Local-FT,2360,0,0,0,0,0,0,0.0
video10,BirdDrone-Local-FT,2361,0,0,0,0,0,0,0.0
video10,BirdDrone-Local-FT,2362,0,0,0,0,0,0,0.0
video10,BirdDrone-Local-FT,2363,0,0,0,0,0,0,0.0
video10,BirdDrone-Local-FT,2364,0,0,0,0,0,0,0.0
video10,BirdDrone-Local-FT,2365,0,0,0,0,0,0,0.0
video10,BirdDrone-Local-FT,2366,0,0,0,0,0,0,0.0
video10,BirdDrone-Local-FT,2367,0,0,0,0,0,0,0.0
video10,BirdDrone-Local-FT,2368,0,0,0,0,0,0,0.0
video10,BirdDrone-Local-FT,2369,0,0,0,0,0,0,0.0
video10,BirdDrone-Local-FT,2370,0,0,0,0,0,0,0.0
video10,BirdDrone-Local-FT,2371,0,0,0,0,0,0,0.0
video10,BirdDrone-Local-FT,2372,0,0,0,0,0,0,0.0
video10,BirdDrone-Local-FT,2373,0,0,0,0,0,0,0.0
video10,BirdDrone-Local-FT,2374,0,0,0,0,0,0,0.0
video10,BirdDrone-Local-FT,2375,0,0,0,0,0,0,0.0
video10,BirdDrone-Local-FT,2376,0,0,0,0,0,0,0.0
video10,BirdDrone-Local-FT,2377,0,0,0,0,0,0,0.0
video10,BirdDrone-Local-FT,2378,0,0,0,0,0,0,0.0
video10,BirdDrone-Local-FT,2379,0,0,0,0,0,0,0.0
video10,BirdDrone-Local-FT,2380,0,0,0,0,0,0,0.0
video10,BirdDrone-Local-FT,2381,0,0,0,0,0,0,0.0
video10,BirdDrone-Local-FT,2382,0,0,0,0,0,0,0.0
video10,BirdDrone-Local-FT,2383,0,0,0,0,0,0,0.0
video10,BirdDrone-Local-FT,2384,0,0,0,0,0,0,0.0
video10,BirdDrone-Local-FT,2385,0,0,0,0,0,0,0.0
video10,BirdDrone-Local-FT,2386,0,0,0,0,0,0,0.0
video10,BirdDrone-Local-FT,2387,0,0,0,0,0,0,0.0
video10,BirdDrone-Local-FT,2388,0,0,0,0,0,0,0.0
video10,BirdDrone-Local-FT,2389,0,0,0,0,0,0,0.0
video10,BirdDrone-Local-FT,2390,0,0,0,0,0,0,0.0
video10,BirdDrone-Local-FT,2391,0,0,0,0,0,0,0.0
video10,BirdDrone-Local-FT,2392,0,0,0,0,0,0,0.0
video10,BirdDrone-Local-FT,2393,0,0,0,0,0,0,0.0
video10,BirdDrone-Local-FT,2394,0,0,0,0,0,0,0.0
video10,BirdDrone-Local-FT,2395,0,0,0,0,0,0,0.0
video10,BirdDrone-Local-FT,2396,0,0,0,0,0,0,0.0
video10,BirdDrone-Local-FT,2397,0,0,0,0,0,0,0.0
video10,BirdDrone-Local-FT,2398,0,0,0,0,0,0,0.0
video10,BirdDrone-Local-FT,2399,0,0,0,0,0,0,0.0
video10,BirdDrone-Local-FT,2400,0,0,0,0,0,0,0.0
video10,BirdDrone-Local-FT,2401,0,0,0,0,0,0,0.0
video10,BirdDrone-Local-FT,2402,0,0,0,0,0,0,0.0
video10,BirdDrone-Local-FT,2403,0,0,0,0,0,0,0.0
video10,BirdDrone-Local-FT,2404,0,0,0,0,0,0,0.0
video10,BirdDrone-Local-FT,2405,0,0,0,0,0,0,0.0
video10,BirdDrone-Local-FT,2406,0,0,0,0,0,0,0.0
video10,BirdDrone-Local-FT,2407,0,0,0,0,0,0,0.0
video10,BirdDrone-Local-FT,2408,0,0,0,0,0,0,0.0
video10,BirdDrone-Local-FT,2409,0,0,0,0,0,0,0.0
video10,BirdDrone-Local-FT,2410,0,0,0,0,0,0,0.0
video10,BirdDrone-Local-FT,2411,0,0,0,0,0,0,0.0
video10,BirdDrone-Local-FT,2412,0,0,0,0,0,0,0.0
video10,BirdDrone-Local-FT,2413,0,0,0,0,0,0,0.0
video10,BirdDrone-Local-FT,2414,0,0,0,0,0,0,0.0
video10,BirdDrone-Local-FT,2415,0,0,0,0,0,0,0.0
video10,BirdDrone-Local-FT,2416,0,0,0,0,0,0,0.0
video10,BirdDrone-Local-FT,2417,0,0,0,0,0,0,0.0
video10,BirdDrone-Local-FT,2418,0,0,0,0,0,0,0.0
video10,BirdDrone-Local-FT,2419,0,0,0,0,0,0,0.0
video10,BirdDrone-Local-FT,2420,0,0,0,0,0,0,0.0
video10,BirdDrone-Local-FT,2421,0,0,0,0,0,0,0.0
video10,BirdDrone-Local-FT,2422,0,0,0,0,0,0,0.0
video10,BirdDrone-Local-FT,2423,0,0,0,0,0,0,0.0
video10,BirdDrone-Local-FT,2424,0,0,0,0,0,0,0.0
video10,BirdDrone-Local-FT,2425,0,0,0,0,0,0,0.0
video10,BirdDrone-Local-FT,2426,0,0,0,0,0,0,0.0
video10,BirdDrone-Local-FT,2427,0,0,0,0,0,0,0.0
video10,BirdDrone-Local-FT,2428,0,0,0,0,0,0,0.0
video10,BirdDrone-Local-FT,2429,0,0,0,0,0,0,0.0
video10,BirdDrone-Local-FT,2430,0,0,0,0,0,0,0.0
video10,BirdDrone-Local-FT,2431,0,0,0,0,0,0,0.0
video10,BirdDrone-Local-FT,2432,0,0,0,0,0,0,0.0
video10,BirdDrone-Local-FT,2433,0,0,0,0,0,0,0.0
video10,BirdDrone-Local-FT,2434,0,0,0,0,0,0,0.0
video10,BirdDrone-Local-FT,2435,0,0,0,0,0,0,0.0
video10,BirdDrone-Local-FT,2436,0,0,0,0,0,0,0.0
video10,BirdDrone-Local-FT,2437,0,0,0,0,0,0,0.0
video10,BirdDrone-Local-FT,2438,0,0,0,0,0,0,0.0
video10,BirdDrone-Local-FT,2439,0,0,0,0,0,0,0.0
video10,BirdDrone-Local-FT,2440,0,0,0,0,0,0,0.0
video10,BirdDrone-Local-FT,2441,0,0,0,0,0,0,0.0
video10,BirdDrone-Local-FT,2442,0,0,0,0,0,0,0.0
video10,BirdDrone-Local-FT,2443,0,0,0,0,0,0,0.0
video10,BirdDrone-Local-FT,2444,0,0,0,0,0,0,0.0
video10,BirdDrone-Local-FT,2445,0,0,0,0,0,0,0.0
video10,BirdDrone-Local-FT,2446,0,0,0,0,0,0,0.0
video10,BirdDrone-Local-FT,2447,0,0,0,0,0,0,0.0
video10,BirdDrone-Local-FT,2448,0,0,0,0,0,0,0.0
video10,BirdDrone-Local-FT,2449,0,0,0,0,0,0,0.0
video10,BirdDrone-Local-FT,2450,0,0,0,0,0,0,0.0
video10,BirdDrone-Local-FT,2451,0,0,0,0,0,0,0.0
video10,BirdDrone-Local-FT,2452,0,0,0,0,0,0,0.0
video10,BirdDrone-Local-FT,2453,0,0,0,0,0,0,0.0
video10,BirdDrone-Local-FT,2454,0,0,0,0,0,0,0.0
video10,BirdDrone-Local-FT,2455,0,0,0,0,0,0,0.0
video10,BirdDrone-Local-FT,2456,0,0,0,0,0,0,0.0
video10,BirdDrone-Local-FT,2457,0,0,0,0,0,0,0.0
video10,BirdDrone-Local-FT,2458,0,0,0,0,0,0,0.0
video10,BirdDrone-Local-FT,2459,0,0,0,0,0,0,0.0
video10,BirdDrone-Local-FT,2460,0,0,0,0,0,0,0.0
video10,BirdDrone-Local-FT,2461,0,0,0,0,0,0,0.0
video10,BirdDrone-Local-FT,2462,0,0,0,0,0,0,0.0
video10,BirdDrone-Local-FT,2463,0,0,0,0,0,0,0.0
video10,BirdDrone-Local-FT,2464,0,0,0,0,0,0,0.0
video10,BirdDrone-Local-FT,2465,0,0,0,0,0,0,0.0
video10,BirdDrone-Local-FT,2466,0,0,0,0,0,0,0.0
video10,BirdDrone-Local-FT,2467,0,0,0,0,0,0,0.0
video10,BirdDrone-Local-FT,2468,0,0,0,0,0,0,0.0
video10,BirdDrone-Local-FT,2469,0,0,0,0,0,0,0.0
video10,BirdDrone-Local-FT,2470,0,0,0,0,0,0,0.0
video10,BirdDrone-Local-FT,2471,0,0,0,0,0,0,0.0
video10,BirdDrone-Local-FT,2472,0,0,0,0,0,0,0.0
video10,BirdDrone-Local-FT,2473,0,0,0,0,0,0,0.0
video10,BirdDrone-Local-FT,2474,0,0,0,0,0,0,0.0
video10,BirdDrone-Local-FT,2475,0,0,0,0,0,0,0.0
video10,BirdDrone-Local-FT,2476,0,0,0,0,0,0,0.0
video10,BirdDrone-Local-FT,2477,0,0,0,0,0,0,0.0
video10,BirdDrone-Local-FT,2478,0,0,0,0,0,0,0.0
video10,BirdDrone-Local-FT,2479,0,0,0,0,0,0,0.0
video10,BirdDrone-Local-FT,2480,0,0,0,0,0,0,0.0
video10,BirdDrone-Local-FT,2481,0,0,0,0,0,0,0.0
video10,BirdDrone-Local-FT,2482,0,0,0,0,0,0,0.0
video10,BirdDrone-Local-FT,2483,0,0,0,0,0,0,0.0
video10,BirdDrone-Local-FT,2484,0,0,0,0,0,0,0.0
video10,BirdDrone-Local-FT,2485,0,0,0,0,0,0,0.0
video10,BirdDrone-Local-FT,2486,0,0,0,0,0,0,0.0
video10,BirdDrone-Local-FT,2487,0,0,0,0,0,0,0.0
video10,BirdDrone-Local-FT,2488,0,0,0,0,0,0,0.0
video10,BirdDrone-Local-FT,2489,0,0,0,0,0,0,0.0
video10,BirdDrone-Local-FT,2490,0,0,0,0,0,0,0.0
video10,BirdDrone-Local-FT,2491,0,0,0,0,0,0,0.0
video10,BirdDrone-Local-FT,2492,0,0,0,0,0,0,0.0
video10,BirdDrone-Local-FT,2493,0,0,0,0,0,0,0.0
video10,BirdDrone-Local-FT,2494,0,0,0,0,0,0,0.0
video10,BirdDrone-Local-FT,2495,0,0,0,0,0,0,0.0
video10,BirdDrone-Local-FT,2496,0,0,0,0,0,0,0.0
video10,BirdDrone-Local-FT,2497,0,0,0,0,0,0,0.0
video10,BirdDrone-Local-FT,2498,0,0,0,0,0,0,0.0
video10,BirdDrone-Local-FT,2499,0,0,0,0,0,0,0.0
video10,BirdDrone-Local-FT,2500,0,0,0,0,0,0,0.0
video10,BirdDrone-Local-FT,2501,0,0,0,0,0,0,0.0
video10,BirdDrone-Local-FT,2502,0,0,0,0,0,0,0.0
video10,BirdDrone-Local-FT,2503,0,0,0,0,0,0,0.0
video10,BirdDrone-Local-FT,2504,0,0,0,0,0,0,0.0
video10,BirdDrone-Local-FT,2505,0,0,0,0,0,0,0.0
video10,BirdDrone-Local-FT,2506,0,0,0,0,0,0,0.0
video10,BirdDrone-Local-FT,2507,0,0,0,0,0,0,0.0
video10,BirdDrone-Local-FT,2508,0,0,0,0,0,0,0.0
video10,BirdDrone-Local-FT,2509,0,0,0,0,0,0,0.0
video10,BirdDrone-Local-FT,2510,0,0,0,0,0,0,0.0
video10,BirdDrone-Local-FT,2511,0,0,0,0,0,0,0.0
video10,BirdDrone-Local-FT,2512,0,0,0,0,0,0,0.0
video10,BirdDrone-Local-FT,2513,0,0,0,0,0,0,0.0
video10,BirdDrone-Local-FT,2514,0,0,0,0,0,0,0.0
video10,BirdDrone-Local-FT,2515,0,0,0,0,0,0,0.0
video10,BirdDrone-Local-FT,2516,0,0,0,0,0,0,0.0
video10,BirdDrone-Local-FT,2517,0,0,0,0,0,0,0.0
video10,BirdDrone-Local-FT,2518,0,0,0,0,0,0,0.0
video10,BirdDrone-Local-FT,2519,0,0,0,0,0,0,0.0
video10,BirdDrone-Local-FT,2520,0,0,0,0,0,0,0.0
video10,BirdDrone-Local-FT,2521,0,0,0,0,0,0,0.0
video10,BirdDrone-Local-FT,2522,0,0,0,0,0,0,0.0
video10,BirdDrone-Local-FT,2523,0,0,0,0,0,0,0.0
video10,BirdDrone-Local-FT,2524,0,0,0,0,0,0,0.0
video10,BirdDrone-Local-FT,2525,0,0,0,0,0,0,0.0
video10,BirdDrone-Local-FT,2526,0,0,0,0,0,0,0.0
video10,BirdDrone-Local-FT,2527,0,0,0,0,0,0,0.0
video10,BirdDrone-Local-FT,2528,0,0,0,0,0,0,0.0
video10,BirdDrone-Local-FT,2529,0,0,0,0,0,0,0.0
video10,BirdDrone-Local-FT,2530,0,0,0,0,0,0,0.0
video10,BirdDrone-Local-FT,2531,0,0,0,0,0,0,0.0
video10,BirdDrone-Local-FT,2532,0,0,0,0,0,0,0.0
video10,BirdDrone-Local-FT,2533,0,0,0,0,0,0,0.0
video10,BirdDrone-Local-FT,2534,0,0,0,0,0,0,0.0
video10,BirdDrone-Local-FT,2535,0,0,0,0,0,0,0.0
video10,BirdDrone-Local-FT,2536,0,0,0,0,0,0,0.0
video10,BirdDrone-Local-FT,2537,0,0,0,0,0,0,0.0
video10,BirdDrone-Local-FT,2538,0,0,0,0,0,0,0.0
video10,BirdDrone-Local-FT,2539,0,0,0,0,0,0,0.0
video10,BirdDrone-Local-FT,2540,0,0,0,0,0,0,0.0
video10,BirdDrone-Local-FT,2541,0,0,0,0,0,0,0.0
video10,BirdDrone-Local-FT,2542,0,0,0,0,0,0,0.0
video10,BirdDrone-Local-FT,2543,0,0,0,0,0,0,0.0
video10,BirdDrone-Local-FT,2544,0,0,0,0,0,0,0.0
video10,BirdDrone-Local-FT,2545,0,0,0,0,0,0,0.0
video10,BirdDrone-Local-FT,2546,0,0,0,0,0,0,0.0
video10,BirdDrone-Local-FT,2547,0,0,0,0,0,0,0.0
video10,BirdDrone-Local-FT,2548,0,0,0,0,0,0,0.0
video10,BirdDrone-Local-FT,2549,0,0,0,0,0,0,0.0
video10,BirdDrone-Local-FT,2550,0,0,0,0,0,0,0.0
video10,BirdDrone-Local-FT,2551,0,0,0,0,0,0,0.0
video10,BirdDrone-Local-FT,2552,0,0,0,0,0,0,0.0
video10,BirdDrone-Local-FT,2553,0,0,0,0,0,0,0.0
video10,BirdDrone-Local-FT,2554,0,0,0,0,0,0,0.0
video10,BirdDrone-Local-FT,2555,0,0,0,0,0,0,0.0
video10,BirdDrone-Local-FT,2556,0,0,0,0,0,0,0.0
video10,BirdDrone-Local-FT,2557,0,0,0,0,0,0,0.0
video10,BirdDrone-Local-FT,2558,0,0,0,0,0,0,0.0
video10,BirdDrone-Local-FT,2559,0,0,0,0,0,0,0.0
video10,BirdDrone-Local-FT,2560,0,0,0,0,0,0,0.0
video10,BirdDrone-Local-FT,2561,0,0,0,0,0,0,0.0
video10,BirdDrone-Local-FT,2562,0,0,0,0,0,0,0.0
video10,BirdDrone-Local-FT,2563,0,0,0,0,0,0,0.0
video10,BirdDrone-Local-FT,2564,0,0,0,0,0,0,0.0
video10,BirdDrone-Local-FT,2565,0,0,0,0,0,0,0.0
video10,BirdDrone-Local-FT,2566,0,0,0,0,0,0,0.0
video10,BirdDrone-Local-FT,2567,0,0,0,0,0,0,0.0
video10,BirdDrone-Local-FT,2568,0,0,0,0,0,0,0.0
video10,BirdDrone-Local-FT,2569,0,0,0,0,0,0,0.0
video10,BirdDrone-Local-FT,2570,0,0,0,0,0,0,0.0
video10,BirdDrone-Local-FT,2571,0,0,0,0,0,0,0.0
video10,BirdDrone-Local-FT,2572,0,0,0,0,0,0,0.0
video10,BirdDrone-Local-FT,2573,0,0,0,0,0,0,0.0
video10,BirdDrone-Local-FT,2574,0,0,0,0,0,0,0.0
video10,BirdDrone-Local-FT,2575,0,0,0,0,0,0,0.0
video10,BirdDrone-Local-FT,2576,0,0,0,0,0,0,0.0
video10,BirdDrone-Local-FT,2577,0,0,0,0,0,0,0.0
video10,BirdDrone-Local-FT,2578,0,0,0,0,0,0,0.0
video10,BirdDrone-Local-FT,2579,0,0,0,0,0,0,0.0
video10,BirdDrone-Local-FT,2580,0,0,0,0,0,0,0.0
video10,BirdDrone-Local-FT,2581,0,0,0,0,0,0,0.0
video10,BirdDrone-Local-FT,2582,0,0,0,0,0,0,0.0
video10,BirdDrone-Local-FT,2583,0,0,0,0,0,0,0.0
video10,BirdDrone-Local-FT,2584,0,0,0,0,0,0,0.0
video10,BirdDrone-Local-FT,2585,0,0,0,0,0,0,0.0
video10,BirdDrone-Local-FT,2586,0,0,0,0,0,0,0.0
video10,BirdDrone-Local-FT,2587,0,0,0,0,0,0,0.0
video10,BirdDrone-Local-FT,2588,0,0,0,0,0,0,0.0
video10,BirdDrone-Local-FT,2589,0,0,0,0,0,0,0.0
video10,BirdDrone-Local-FT,2590,0,0,0,0,0,0,0.0
video10,BirdDrone-Local-FT,2591,0,0,0,0,0,0,0.0
video10,BirdDrone-Local-FT,2592,0,0,0,0,0,0,0.0
video10,BirdDrone-Local-FT,2593,0,0,0,0,0,0,0.0
video10,BirdDrone-Local-FT,2594,0,0,0,0,0,0,0.0
video10,BirdDrone-Local-FT,2595,0,0,0,0,0,0,0.0
video10,BirdDrone-Local-FT,2596,0,0,0,0,0,0,0.0
video10,BirdDrone-Local-FT,2597,0,0,0,0,0,0,0.0
video10,BirdDrone-Local-FT,2598,0,0,0,0,0,0,0.0
video10,BirdDrone-Local-FT,2599,0,0,0,0,0,0,0.0
video10,BirdDrone-Local-FT,2600,0,0,0,0,0,0,0.0
video10,BirdDrone-Local-FT,2601,0,0,0,0,0,0,0.0
video10,BirdDrone-Local-FT,2602,0,0,0,0,0,0,0.0
video10,BirdDrone-Local-FT,2603,0,0,0,0,0,0,0.0
video10,BirdDrone-Local-FT,2604,0,0,0,0,0,0,0.0
video10,BirdDrone-Local-FT,2605,0,0,0,0,0,0,0.0
video10,BirdDrone-Local-FT,2606,0,0,0,0,0,0,0.0
video10,BirdDrone-Local-FT,2607,0,0,0,0,0,0,0.0
video10,BirdDrone-Local-FT,2608,0,0,0,0,0,0,0.0
video10,BirdDrone-Local-FT,2609,0,0,0,0,0,0,0.0
video10,BirdDrone-Local-FT,2610,0,0,0,0,0,0,0.0
video10,BirdDrone-Local-FT,2611,0,0,0,0,0,0,0.0
video10,BirdDrone-Local-FT,2612,0,0,0,0,0,0,0.0
video10,BirdDrone-Local-FT,2613,0,0,0,0,0,0,0.0
video10,BirdDrone-Local-FT,2614,0,0,0,0,0,0,0.0
video10,BirdDrone-Local-FT,2615,0,0,0,0,0,0,0.0
video10,BirdDrone-Local-FT,2616,0,0,0,0,0,0,0.0
video10,BirdDrone-Local-FT,2617,0,0,0,0,0,0,0.0
video10,BirdDrone-Local-FT,2618,0,0,0,0,0,0,0.0
video10,BirdDrone-Local-FT,2619,0,0,0,0,0,0,0.0
video10,BirdDrone-Local-FT,2620,0,0,0,0,0,0,0.0
video10,BirdDrone-Local-FT,2621,0,0,0,0,0,0,0.0
video10,BirdDrone-Local-FT,2622,0,0,0,0,0,0,0.0
video10,BirdDrone-Local-FT,2623,0,0,0,0,0,0,0.0
video10,BirdDrone-Local-FT,2624,0,0,0,0,0,0,0.0
video10,BirdDrone-Local-FT,2625,0,0,0,0,0,0,0.0
video10,BirdDrone-Local-FT,2626,0,0,0,0,0,0,0.0
video10,BirdDrone-Local-FT,2627,0,0,0,0,0,0,0.0
video10,BirdDrone-Local-FT,2628,0,0,0,0,0,0,0.0
video10,BirdDrone-Local-FT,2629,0,0,0,0,0,0,0.0
video10,BirdDrone-Local-FT,2630,0,0,0,0,0,0,0.0
video10,BirdDrone-Local-FT,2631,0,0,0,0,0,0,0.0
video10,BirdDrone-Local-FT,2632,0,0,0,0,0,0,0.0
video10,BirdDrone-Local-FT,2633,0,0,0,0,0,0,0.0
video10,BirdDrone-Local-FT,2634,0,0,0,0,0,0,0.0
