video,model,frame,detections,drone_det,bird_det,false_class,low_conf_fp,tp_iou,max_conf
video07,BirdDrone-Local,0,1,1,0,0,1,1,0.2951507568359375
video07,BirdDrone-Local,1,1,1,0,0,0,0,0.6273850798606873
video07,BirdDrone-Local,2,0,0,0,0,0,0,0.0
video07,BirdDrone-Local,3,1,1,0,0,1,0,0.2643427848815918
video07,BirdDrone-Local,4,0,0,0,0,0,0,0.0
video07,BirdDrone-Local,5,1,1,0,0,0,0,0.6035113334655762
video07,BirdDrone-Local,6,1,1,0,0,1,0,0.2555595934391022
video07,BirdDrone-Local,7,0,0,0,0,0,0,0.0
video07,BirdDrone-Local,8,2,2,0,0,2,0,0.3403434455394745
video07,BirdDrone-Local,9,2,2,0,0,1,0,0.5777334570884705
video07,BirdDrone-Local,10,1,1,0,0,0,0,0.7408560514450073
video07,BirdDrone-Local,11,1,1,0,0,0,0,0.7392749786376953
video07,BirdDrone-Local,12,2,1,1,1,1,0,0.7379339933395386
video07,BirdDrone-Local,13,2,2,0,0,0,0,0.5974830985069275
video07,BirdDrone-Local,14,1,1,0,0,0,0,0.6972285509109497
video07,BirdDrone-Local,15,1,1,0,0,0,0,0.4608546793460846
video07,BirdDrone-Local,16,1,1,0,0,1,0,0.31032848358154297
video07,BirdDrone-Local,17,1,1,0,0,0,0,0.6951194405555725
video07,BirdDrone-Local,18,1,1,0,0,0,0,0.732716977596283
video07,BirdDrone-Local,19,2,2,0,0,1,0,0.37257876992225647
video07,BirdDrone-Local,20,1,1,0,0,1,0,0.31418511271476746
video07,BirdDrone-Local,21,1,1,0,0,1,0,0.32103872299194336
video07,BirdDrone-Local,22,1,1,0,0,0,0,0.44580331444740295
video07,BirdDrone-Local,23,1,1,0,0,0,0,0.5866248607635498
video07,BirdDrone-Local,24,1,1,0,0,1,0,0.29017916321754456
video07,BirdDrone-Local,25,1,1,0,0,1,0,0.3308779299259186
video07,BirdDrone-Local,26,1,1,0,0,0,0,0.5268123149871826
video07,BirdDrone-Local,27,1,1,0,0,0,0,0.6755132079124451
video07,BirdDrone-Local,28,1,1,0,0,0,0,0.6813212633132935
video07,BirdDrone-Local,29,1,1,0,0,0,0,0.68107670545578
video07,BirdDrone-Local,30,1,1,0,0,0,0,0.6015624403953552
video07,BirdDrone-Local,31,1,1,0,0,1,0,0.34886422753334045
video07,BirdDrone-Local,32,1,1,0,0,0,0,0.3599957227706909
video07,BirdDrone-Local,33,0,0,0,0,0,0,0.0
video07,BirdDrone-Local,34,1,1,0,0,0,0,0.6800280213356018
video07,BirdDrone-Local,35,1,1,0,0,0,0,0.6781159043312073
video07,BirdDrone-Local,36,1,1,0,0,0,0,0.5662320852279663
video07,BirdDrone-Local,37,1,1,0,0,0,0,0.49213600158691406
video07,BirdDrone-Local,38,1,1,0,0,0,0,0.493299663066864
video07,BirdDrone-Local,39,1,1,0,0,0,0,0.4865376055240631
video07,BirdDrone-Local,40,1,1,0,0,0,0,0.6318308115005493
video07,BirdDrone-Local,41,1,1,0,0,0,0,0.6414679884910583
video07,BirdDrone-Local,42,1,1,0,0,0,0,0.6578561663627625
video07,BirdDrone-Local,43,1,1,0,0,0,0,0.36555784940719604
video07,BirdDrone-Local,44,1,1,0,0,0,0,0.35044047236442566
video07,BirdDrone-Local,45,1,1,0,0,0,0,0.6094985008239746
video07,BirdDrone-Local,46,2,2,0,0,0,0,0.5345137715339661
video07,BirdDrone-Local,47,0,0,0,0,0,0,0.0
video07,BirdDrone-Local,48,0,0,0,0,0,0,0.0
video07,BirdDrone-Local,49,0,0,0,0,0,0,0.0
video07,BirdDrone-Local,50,1,1,0,0,0,0,0.3772246837615967
video07,BirdDrone-Local,51,1,1,0,0,0,0,0.3690006136894226
video07,BirdDrone-Local,52,1,1,0,0,0,0,0.738754153251648
video07,BirdDrone-Local,53,1,1,0,0,0,0,0.7275372743606567
video07,BirdDrone-Local,54,1,1,0,0,0,0,0.7336472272872925
video07,BirdDrone-Local,55,2,2,0,0,1,0,0.593125581741333
video07,BirdDrone-Local,56,1,1,0,0,0,0,0.5839486718177795
video07,BirdDrone-Local,57,1,1,0,0,0,0,0.6167563796043396
video07,BirdDrone-Local,58,1,1,0,0,0,0,0.5197262763977051
video07,BirdDrone-Local,59,1,1,0,0,0,0,0.43514108657836914
video07,BirdDrone-Local,60,1,1,0,0,0,0,0.43171635270118713
video07,BirdDrone-Local,61,1,1,0,0,0,0,0.47353002429008484
video07,BirdDrone-Local,62,0,0,0,0,0,0,0.0
video07,BirdDrone-Local,63,0,0,0,0,0,0,0.0
video07,BirdDrone-Local,64,1,1,0,0,1,0,0.3484266698360443
video07,BirdDrone-Local,65,1,1,0,0,0,0,0.6294007301330566
video07,BirdDrone-Local,66,1,1,0,0,0,0,0.6836973428726196
video07,BirdDrone-Local,67,1,1,0,0,0,0,0.68576580286026
video07,BirdDrone-Local,68,1,1,0,0,0,0,0.5656591057777405
video07,BirdDrone-Local,69,1,1,0,0,0,0,0.4593261778354645
video07,BirdDrone-Local,70,1,1,0,0,0,0,0.4590870141983032
video07,BirdDrone-Local,71,1,1,0,0,0,0,0.40678104758262634
video07,BirdDrone-Local,72,0,0,0,0,0,0,0.0
video07,BirdDrone-Local,73,0,0,0,0,0,0,0.0
video07,BirdDrone-Local,74,1,1,0,0,0,0,0.4604310393333435
video07,BirdDrone-Local,75,0,0,0,0,0,0,0.0
video07,BirdDrone-Local,76,0,0,0,0,0,0,0.0
video07,BirdDrone-Local,77,1,1,0,0,0,0,0.7266772389411926
video07,BirdDrone-Local,78,1,1,0,0,0,0,0.5008747577667236
video07,BirdDrone-Local,79,1,1,0,0,0,0,0.5093525648117065
video07,BirdDrone-Local,80,1,1,0,0,0,0,0.7590824365615845
video07,BirdDrone-Local,81,0,0,0,0,0,0,0.0
video07,BirdDrone-Local,82,0,0,0,0,0,0,0.0
video07,BirdDrone-Local,83,0,0,0,0,0,0,0.0
video07,BirdDrone-Local,84,1,1,0,0,1,0,0.28325483202934265
video07,BirdDrone-Local,85,2,2,0,0,1,0,0.7093924283981323
video07,BirdDrone-Local,86,1,1,0,0,0,0,0.48940640687942505
video07,BirdDrone-Local,87,1,1,0,0,1,0,0.30025264620780945
video07,BirdDrone-Local,88,1,1,0,0,0,0,0.6452183723449707
video07,BirdDrone-Local,89,1,1,0,0,0,0,0.5182697772979736
video07,BirdDrone-Local,90,0,0,0,0,0,0,0.0
video07,BirdDrone-Local,91,1,1,0,0,0,0,0.7555577754974365
video07,BirdDrone-Local,92,1,1,0,0,0,0,0.5765971541404724
video07,BirdDrone-Local,93,1,1,0,0,0,0,0.7426759004592896
video07,BirdDrone-Local,94,1,1,0,0,0,0,0.5993891954421997
video07,BirdDrone-Local,95,1,1,0,0,0,0,0.6930657625198364
video07,BirdDrone-Local,96,1,1,0,0,0,0,0.699714720249176
video07,BirdDrone-Local,97,1,1,0,0,0,0,0.7153653502464294
video07,BirdDrone-Local,98,1,1,0,0,0,0,0.771116316318512
video07,BirdDrone-Local,99,1,1,0,0,0,0,0.7757141590118408
video07,BirdDrone-Local,100,1,1,0,0,0,0,0.7900980710983276
video07,BirdDrone-Local,101,1,1,0,0,0,0,0.7744742631912231
video07,BirdDrone-Local,102,0,0,0,0,0,0,0.0
video07,BirdDrone-Local,103,1,1,0,0,0,0,0.7158113718032837
video07,BirdDrone-Local,104,1,1,0,0,0,0,0.7946897745132446
video07,BirdDrone-Local,105,1,1,0,0,0,0,0.6353638768196106
video07,BirdDrone-Local,106,1,1,0,0,0,0,0.7609328031539917
video07,BirdDrone-Local,107,1,1,0,0,0,0,0.763421893119812
video07,BirdDrone-Local,108,1,1,0,0,0,0,0.6426076889038086
video07,BirdDrone-Local,109,1,1,0,0,0,0,0.6581467390060425
video07,BirdDrone-Local,110,1,1,0,0,0,0,0.383279412984848
video07,BirdDrone-Local,111,1,1,0,0,0,0,0.6718270778656006
video07,BirdDrone-Local,112,1,1,0,0,0,0,0.6791674494743347
video07,BirdDrone-Local,113,1,1,0,0,0,0,0.37087446451187134
video07,BirdDrone-Local,114,1,1,0,0,0,0,0.7583376169204712
video07,BirdDrone-Local,115,1,1,0,0,0,0,0.786338746547699
video07,BirdDrone-Local,116,1,1,0,0,0,0,0.8043700456619263
video07,BirdDrone-Local,117,0,0,0,0,0,0,0.0
video07,BirdDrone-Local,118,1,1,0,0,0,0,0.731414258480072
video07,BirdDrone-Local,119,1,1,0,0,0,0,0.8005224466323853
video07,BirdDrone-Local,120,1,1,0,0,0,0,0.7695475220680237
video07,BirdDrone-Local,121,1,1,0,0,0,0,0.7355685830116272
video07,BirdDrone-Local,122,1,1,0,0,0,0,0.7830496430397034
video07,BirdDrone-Local,123,1,1,0,0,0,0,0.6579774618148804
video07,BirdDrone-Local,124,1,1,0,0,0,0,0.8103164434432983
video07,BirdDrone-Local,125,1,1,0,0,0,0,0.7533206343650818
video07,BirdDrone-Local,126,1,1,0,0,0,0,0.7352581024169922
video07,BirdDrone-Local,127,1,1,0,0,0,0,0.7958338856697083
video07,BirdDrone-Local,128,1,1,0,0,0,0,0.7750368118286133
video07,BirdDrone-Local,129,1,1,0,0,0,0,0.7362598776817322
video07,BirdDrone-Local,130,1,1,0,0,0,0,0.833310067653656
video07,BirdDrone-Local,131,0,0,0,0,0,0,0.0
video07,BirdDrone-Local,132,1,1,0,0,0,0,0.7943179607391357
video07,BirdDrone-Local,133,1,1,0,0,0,0,0.7385388612747192
video07,BirdDrone-Local,134,1,1,0,0,0,0,0.7759984135627747
video07,BirdDrone-Local,135,1,1,0,0,0,0,0.8264908790588379
video07,BirdDrone-Local,136,1,1,0,0,0,0,0.6388115286827087
video07,BirdDrone-Local,137,1,1,0,0,0,0,0.8486613035202026
video07,BirdDrone-Local,138,1,1,0,0,0,0,0.8377937078475952
video07,BirdDrone-Local,139,1,1,0,0,0,0,0.6113672256469727
video07,BirdDrone-Local,140,1,1,0,0,0,0,0.7641807198524475
video07,BirdDrone-Local,141,1,1,0,0,0,0,0.6290801167488098
video07,BirdDrone-Local,142,1,1,0,0,0,0,0.6108844876289368
video07,BirdDrone-Local,143,1,1,0,0,0,0,0.47037142515182495
video07,BirdDrone-Local,144,1,1,0,0,0,0,0.5254809260368347
video07,BirdDrone-Local,145,1,1,0,0,0,0,0.7087303996086121
video07,BirdDrone-Local,146,1,1,0,0,0,0,0.6017320156097412
video07,BirdDrone-Local,147,1,1,0,0,0,0,0.8572569489479065
video07,BirdDrone-Local,148,1,1,0,0,0,0,0.8172744512557983
video07,BirdDrone-Local,149,1,1,0,0,0,0,0.6998921632766724
video07,BirdDrone-Local,150,1,1,0,0,0,0,0.8367992639541626
video07,BirdDrone-Local,151,1,1,0,0,0,0,0.8141180276870728
video07,BirdDrone-Local,152,1,1,0,0,0,0,0.8317778706550598
video07,BirdDrone-Local,153,1,1,0,0,0,0,0.8519183993339539
video07,BirdDrone-Local,154,1,1,0,0,0,0,0.824898898601532
video07,BirdDrone-Local,155,1,1,0,0,0,0,0.5104795694351196
video07,BirdDrone-Local,156,1,1,0,0,0,0,0.8341341018676758
video07,BirdDrone-Local,157,1,1,0,0,0,0,0.6325464248657227
video07,BirdDrone-Local,158,1,1,0,0,0,0,0.7649025917053223
video07,BirdDrone-Local,159,1,1,0,0,0,0,0.8517487645149231
video07,BirdDrone-Local,160,1,1,0,0,0,0,0.8389807939529419
video07,BirdDrone-Local,161,1,1,0,0,0,0,0.8308794498443604
video07,BirdDrone-Local,162,1,1,0,0,0,0,0.763278603553772
video07,BirdDrone-Local,163,1,1,0,0,0,0,0.8162304759025574
video07,BirdDrone-Local,164,1,1,0,0,0,0,0.4998716413974762
video07,BirdDrone-Local,165,1,1,0,0,0,0,0.6410781741142273
video07,BirdDrone-Local,166,1,1,0,0,0,0,0.7960367798805237
video07,BirdDrone-Local,167,1,1,0,0,0,0,0.5666671395301819
video07,BirdDrone-Local,168,1,1,0,0,0,0,0.3888801038265228
video07,BirdDrone-Local,169,1,1,0,0,0,0,0.7710555791854858
video07,BirdDrone-Local,170,1,1,0,0,0,0,0.6442098617553711
video07,BirdDrone-Local,171,1,1,0,0,0,0,0.8597720861434937
video07,BirdDrone-Local,172,1,1,0,0,0,0,0.8023245334625244
video07,BirdDrone-Local,173,1,1,0,0,0,0,0.8354638814926147
video07,BirdDrone-Local,174,1,1,0,0,0,0,0.8381035923957825
video07,BirdDrone-Local,175,1,1,0,0,0,0,0.8961812853813171
video07,BirdDrone-Local,176,1,1,0,0,0,0,0.8401395082473755
video07,BirdDrone-Local,177,1,1,0,0,0,0,0.8240593671798706
video07,BirdDrone-Local,178,1,1,0,0,0,0,0.4246879518032074
video07,BirdDrone-Local,179,1,1,0,0,0,0,0.5141892433166504
video07,BirdDrone-Local,180,1,1,0,0,0,0,0.8265718221664429
video07,BirdDrone-Local,181,1,1,0,0,0,0,0.49566683173179626
video07,BirdDrone-Local,182,1,1,0,0,0,0,0.6546082496643066
video07,BirdDrone-Local,183,1,1,0,0,1,0,0.2844380736351013
video07,BirdDrone-Local,184,1,1,0,0,0,0,0.8208605051040649
video07,BirdDrone-Local,185,1,1,0,0,0,0,0.7772728204727173
video07,BirdDrone-Local,186,1,1,0,0,0,0,0.7442681193351746
video07,BirdDrone-Local,187,1,1,0,0,0,0,0.8394641280174255
video07,BirdDrone-Local,188,1,1,0,0,0,0,0.8470523953437805
video07,BirdDrone-Local,189,1,1,0,0,0,0,0.6464942693710327
video07,BirdDrone-Local,190,1,1,0,0,0,0,0.871027946472168
video07,BirdDrone-Local,191,1,1,0,0,0,0,0.8485844135284424
video07,BirdDrone-Local,192,1,1,0,0,0,0,0.748207151889801
video07,BirdDrone-Local,193,1,1,0,0,0,0,0.8142006397247314
video07,BirdDrone-Local,194,1,1,0,0,0,0,0.8475360870361328
video07,BirdDrone-Local,195,1,1,0,0,0,0,0.8007904291152954
video07,BirdDrone-Local,196,1,1,0,0,0,0,0.8323672413825989
video07,BirdDrone-Local,197,1,1,0,0,0,0,0.848656177520752
video07,BirdDrone-Local,198,1,1,0,0,0,0,0.8114779591560364
video07,BirdDrone-Local,199,1,1,0,0,0,0,0.5162353515625
video07,BirdDrone-Local,200,1,1,0,0,0,0,0.79936683177948
video07,BirdDrone-Local,201,1,1,0,0,0,0,0.7827664017677307
video07,BirdDrone-Local,202,1,1,0,0,0,0,0.7366862893104553
video07,BirdDrone-Local,203,1,1,0,0,0,0,0.7447330355644226
video07,BirdDrone-Local,204,1,1,0,0,0,0,0.8641650080680847
video07,BirdDrone-Local,205,1,1,0,0,0,0,0.8399706482887268
video07,BirdDrone-Local,206,1,1,0,0,0,0,0.5679159164428711
video07,BirdDrone-Local,207,1,1,0,0,0,0,0.6334350109100342
video07,BirdDrone-Local,208,1,1,0,0,0,0,0.876132071018219
video07,BirdDrone-Local,209,1,1,0,0,0,0,0.7522191405296326
video07,BirdDrone-Local,210,1,1,0,0,0,0,0.7432864904403687
video07,BirdDrone-Local,211,1,1,0,0,0,0,0.8067662715911865
video07,BirdDrone-Local,212,1,1,0,0,0,0,0.7601224780082703
video07,BirdDrone-Local,213,1,1,0,0,0,0,0.7854164242744446
video07,BirdDrone-Local,214,1,1,0,0,0,0,0.8194412589073181
video07,BirdDrone-Local,215,1,1,0,0,0,0,0.6160314083099365
video07,BirdDrone-Local,216,1,1,0,0,0,0,0.8360638618469238
video07,BirdDrone-Local,217,1,1,0,0,0,0,0.5971245765686035
video07,BirdDrone-Local,218,2,2,0,0,0,0,0.676393449306488
video07,BirdDrone-Local,219,1,1,0,0,0,0,0.8220340013504028
video07,BirdDrone-Local,220,1,1,0,0,0,0,0.7996084690093994
video07,BirdDrone-Local,221,1,1,0,0,0,0,0.7018033266067505
video07,BirdDrone-Local,222,1,1,0,0,0,0,0.7636125683784485
video07,BirdDrone-Local,223,1,1,0,0,0,0,0.8746477365493774
video07,BirdDrone-Local,224,1,1,0,0,0,0,0.8465396165847778
video07,BirdDrone-Local,225,1,1,0,0,0,0,0.6588128805160522
video07,BirdDrone-Local,226,1,1,0,0,0,0,0.841751217842102
video07,BirdDrone-Local,227,1,1,0,0,0,0,0.8587340712547302
video07,BirdDrone-Local,228,1,1,0,0,0,0,0.836552083492279
video07,BirdDrone-Local,229,1,1,0,0,0,0,0.8558448553085327
video07,BirdDrone-Local,230,1,1,0,0,0,0,0.8378773927688599
video07,BirdDrone-Local,231,1,1,0,0,0,0,0.8435221314430237
video07,BirdDrone-Local,232,1,1,0,0,0,0,0.8209106922149658
video07,BirdDrone-Local,233,1,1,0,0,0,0,0.844441294670105
video07,BirdDrone-Local,234,1,1,0,0,0,0,0.8397918939590454
video07,BirdDrone-Local,235,1,1,0,0,0,0,0.8550804853439331
video07,BirdDrone-Local,236,1,1,0,0,0,0,0.8430196046829224
video07,BirdDrone-Local,237,2,2,0,0,0,0,0.7937917709350586
video07,BirdDrone-Local,238,1,1,0,0,0,0,0.7974320650100708
video07,BirdDrone-Local,239,1,1,0,0,0,0,0.866472601890564
video07,BirdDrone-Local,240,1,1,0,0,0,0,0.805867612361908
video07,BirdDrone-Local,241,1,1,0,0,0,0,0.7879658937454224
video07,BirdDrone-Local,242,1,1,0,0,0,0,0.8540484309196472
video07,BirdDrone-Local,243,0,0,0,0,0,0,0.0
video07,BirdDrone-Local,244,1,1,0,0,0,0,0.8356877565383911
video07,BirdDrone-Local,245,1,1,0,0,0,0,0.8041455745697021
video07,BirdDrone-Local,246,1,1,0,0,0,0,0.8437694311141968
video07,BirdDrone-Local,247,1,1,0,0,0,0,0.8483643531799316
video07,BirdDrone-Local,248,1,1,0,0,0,0,0.8492946624755859
video07,BirdDrone-Local,249,1,1,0,0,0,0,0.8234505653381348
video07,BirdDrone-Local,250,1,1,0,0,0,0,0.7909800410270691
video07,BirdDrone-Local,251,2,2,0,0,0,0,0.8007171154022217
video07,BirdDrone-Local,252,1,1,0,0,0,0,0.8292902708053589
video07,BirdDrone-Local,253,1,1,0,0,0,0,0.831403374671936
video07,BirdDrone-Local,254,2,2,0,0,1,0,0.7487514615058899
video07,BirdDrone-Local,255,1,1,0,0,0,0,0.7845069169998169
video07,BirdDrone-Local,256,1,1,0,0,0,0,0.8665973544120789
video07,BirdDrone-Local,257,1,1,0,0,0,0,0.8715184330940247
video07,BirdDrone-Local,258,1,1,0,0,0,0,0.8414903879165649
video07,BirdDrone-Local,259,1,1,0,0,0,0,0.7792591452598572
video07,BirdDrone-Local,260,1,1,0,0,0,0,0.8240123391151428
video07,BirdDrone-Local,261,2,2,0,0,1,0,0.7728276252746582
video07,BirdDrone-Local,262,1,1,0,0,0,0,0.860573410987854
video07,BirdDrone-Local,263,1,1,0,0,0,0,0.8119581341743469
video07,BirdDrone-Local,264,1,1,0,0,0,0,0.8514170050621033
video07,BirdDrone-Local,265,1,1,0,0,0,0,0.7319455146789551
video07,BirdDrone-Local,266,1,1,0,0,0,0,0.8905931115150452
video07,BirdDrone-Local,267,1,1,0,0,0,0,0.8042812347412109
video07,BirdDrone-Local,268,1,1,0,0,0,0,0.8217265009880066
video07,BirdDrone-Local,269,1,1,0,0,0,0,0.7382391691207886
video07,BirdDrone-Local,270,1,1,0,0,0,0,0.837835431098938
video07,BirdDrone-Local,271,0,0,0,0,0,0,0.0
video07,BirdDrone-Local,272,0,0,0,0,0,0,0.0
video07,BirdDrone-Local,273,0,0,0,0,0,0,0.0
video07,BirdDrone-Local,274,0,0,0,0,0,0,0.0
video07,BirdDrone-Local,275,0,0,0,0,0,0,0.0
video07,BirdDrone-Local,276,1,1,0,0,0,0,0.40127280354499817
video07,BirdDrone-Local,277,1,1,0,0,0,0,0.5325011014938354
video07,BirdDrone-Local,278,0,0,0,0,0,0,0.0
video07,BirdDrone-Local,279,0,0,0,0,0,0,0.0
video07,BirdDrone-Local,280,1,1,0,0,0,0,0.7365652918815613
video07,BirdDrone-Local,281,1,1,0,0,0,0,0.7807436585426331
video07,BirdDrone-Local,282,1,1,0,0,0,0,0.8173800706863403
video07,BirdDrone-Local,283,1,1,0,0,0,0,0.6466325521469116
video07,BirdDrone-Local,284,1,1,0,0,0,0,0.803251326084137
video07,BirdDrone-Local,285,1,1,0,0,0,0,0.7905071973800659
video07,BirdDrone-Local,286,1,1,0,0,0,0,0.6357473134994507
video07,BirdDrone-Local,287,1,1,0,0,0,0,0.6438092589378357
video07,BirdDrone-Local,288,1,1,0,0,0,0,0.5189206600189209
video07,BirdDrone-Local,289,1,1,0,0,0,0,0.8358882069587708
video07,BirdDrone-Local,290,1,1,0,0,0,0,0.8127951622009277
video07,BirdDrone-Local,291,2,2,0,0,0,0,0.537286102771759
video07,BirdDrone-Local,292,1,1,0,0,0,0,0.44653019309043884
video07,BirdDrone-Local,293,1,1,0,0,0,0,0.7758633494377136
video07,BirdDrone-Local,294,1,1,0,0,0,0,0.8407766222953796
video07,BirdDrone-Local,295,1,1,0,0,0,0,0.7844798564910889
video07,BirdDrone-Local,296,1,1,0,0,0,0,0.7504363656044006
video07,BirdDrone-Local,297,1,1,0,0,0,0,0.6778096556663513
video07,BirdDrone-Local,298,1,1,0,0,0,0,0.8348158597946167
video07,BirdDrone-Local,299,1,1,0,0,0,0,0.7099005579948425
video07,BirdDrone-Local,300,1,1,0,0,0,0,0.857242226600647
video07,BirdDrone-Local,301,1,1,0,0,0,0,0.7046817541122437
video07,BirdDrone-Local,302,1,1,0,0,0,0,0.6669167876243591
video07,BirdDrone-Local,303,0,0,0,0,0,0,0.0
video07,BirdDrone-Local,304,0,0,0,0,0,0,0.0
video07,BirdDrone-Local,305,0,0,0,0,0,0,0.0
video07,BirdDrone-Local,306,0,0,0,0,0,0,0.0
video07,BirdDrone-Local,307,0,0,0,0,0,0,0.0
video07,BirdDrone-Local,308,0,0,0,0,0,0,0.0
video07,BirdDrone-Local,309,0,0,0,0,0,0,0.0
video07,BirdDrone-Local,310,0,0,0,0,0,0,0.0
video07,BirdDrone-Local,311,0,0,0,0,0,0,0.0
video07,BirdDrone-Local,312,0,0,0,0,0,0,0.0
video07,BirdDrone-Local,313,0,0,0,0,0,0,0.0
video07,BirdDrone-Local,314,0,0,0,0,0,0,0.0
video07,BirdDrone-Local,315,0,0,0,0,0,0,0.0
video07,BirdDrone-Local,316,0,0,0,0,0,0,0.0
video07,BirdDrone-Local,317,0,0,0,0,0,0,0.0
video07,BirdDrone-Local,318,0,0,0,0,0,0,0.0
video07,BirdDrone-Local,319,0,0,0,0,0,0,0.0
video07,BirdDrone-Local,320,0,0,0,0,0,0,0.0
video07,BirdDrone-Local,321,0,0,0,0,0,0,0.0
video07,BirdDrone-Local,322,0,0,0,0,0,0,0.0
video07,BirdDrone-Local,323,0,0,0,0,0,0,0.0
video07,BirdDrone-Local,324,0,0,0,0,0,0,0.0
video07,BirdDrone-Local,325,0,0,0,0,0,0,0.0
video07,BirdDrone-Local,326,0,0,0,0,0,0,0.0
video07,BirdDrone-Local,327,0,0,0,0,0,0,0.0
video07,BirdDrone-Local,328,0,0,0,0,0,0,0.0
video07,BirdDrone-Local,329,0,0,0,0,0,0,0.0
video07,BirdDrone-Local,330,0,0,0,0,0,0,0.0
video07,BirdDrone-Local,331,0,0,0,0,0,0,0.0
video07,BirdDrone-Local,332,0,0,0,0,0,0,0.0
video07,BirdDrone-Local,333,0,0,0,0,0,0,0.0
video07,BirdDrone-Local,334,0,0,0,0,0,0,0.0
video07,BirdDrone-Local,335,0,0,0,0,0,0,0.0
video07,BirdDrone-Local,336,0,0,0,0,0,0,0.0
video07,BirdDrone-Local,337,0,0,0,0,0,0,0.0
video07,BirdDrone-Local,338,0,0,0,0,0,0,0.0
video07,BirdDrone-Local,339,1,1,0,0,1,0,0.2641604244709015
video07,BirdDrone-Local,340,1,1,0,0,0,0,0.721907913684845
video07,BirdDrone-Local,341,1,1,0,0,0,0,0.8634867668151855
video07,BirdDrone-Local,342,1,1,0,0,0,0,0.8256949186325073
video07,BirdDrone-Local,343,1,1,0,0,0,0,0.8433024883270264
video07,BirdDrone-Local,344,1,1,0,0,0,0,0.8181356191635132
video07,BirdDrone-Local,345,1,1,0,0,0,0,0.8353448510169983
video07,BirdDrone-Local,346,1,1,0,0,0,0,0.8856651186943054
video07,BirdDrone-Local,347,1,1,0,0,0,0,0.8678919672966003
video07,BirdDrone-Local,348,1,1,0,0,0,0,0.8729990720748901
video07,BirdDrone-Local,349,2,2,0,0,1,0,0.7407038807868958
video07,BirdDrone-Local,350,1,1,0,0,0,0,0.7322123646736145
video07,BirdDrone-Local,351,1,1,0,0,0,0,0.8236890435218811
video07,BirdDrone-Local,352,1,1,0,0,0,0,0.8732284307479858
video07,BirdDrone-Local,353,1,1,0,0,0,0,0.7769954800605774
video07,BirdDrone-Local,354,1,1,0,0,0,0,0.8562944531440735
video07,BirdDrone-Local,355,1,1,0,0,0,0,0.7603505253791809
video07,BirdDrone-Local,356,1,1,0,0,0,0,0.793765127658844
video07,BirdDrone-Local,357,1,1,0,0,0,0,0.8511107563972473
video07,BirdDrone-Local,358,1,1,0,0,0,0,0.8667693734169006
video07,BirdDrone-Local,359,1,1,0,0,0,0,0.7835672497749329
video07,BirdDrone-Local,360,1,1,0,0,0,0,0.834710955619812
video07,BirdDrone-Local,361,1,1,0,0,0,0,0.8771082162857056
video07,BirdDrone-Local,362,1,1,0,0,0,0,0.8276546597480774
video07,BirdDrone-Local,363,1,1,0,0,0,0,0.8621029853820801
video07,BirdDrone-Local,364,1,1,0,0,0,0,0.8770768046379089
video07,BirdDrone-Local,365,1,1,0,0,0,0,0.8801195025444031
video07,BirdDrone-Local,366,1,1,0,0,0,0,0.8026928901672363
video07,BirdDrone-Local,367,1,1,0,0,0,0,0.8711962103843689
video07,BirdDrone-Local,368,1,1,0,0,0,0,0.8340317010879517
video07,BirdDrone-Local,369,1,1,0,0,0,0,0.6664749383926392
video07,BirdDrone-Local,370,1,1,0,0,0,0,0.8048848509788513
video07,BirdDrone-Local,371,1,1,0,0,0,0,0.7940077781677246
video07,BirdDrone-Local,372,1,1,0,0,0,0,0.8909769654273987
video07,BirdDrone-Local,373,1,1,0,0,0,0,0.8038483262062073
video07,BirdDrone-Local,374,1,1,0,0,0,0,0.8494975566864014
video07,BirdDrone-Local,375,1,1,0,0,0,0,0.8827632665634155
video07,BirdDrone-Local,376,1,1,0,0,0,0,0.8893449902534485
video07,BirdDrone-Local,377,1,1,0,0,0,0,0.8926768898963928
video07,BirdDrone-Local,378,1,1,0,0,0,0,0.8909693956375122
video07,BirdDrone-Local,379,1,1,0,0,0,0,0.8928769826889038
video07,BirdDrone-Local,380,1,1,0,0,0,0,0.8821015954017639
video07,BirdDrone-Local,381,1,1,0,0,0,0,0.8885872960090637
video07,BirdDrone-Local,382,1,1,0,0,0,0,0.8703144788742065
video07,BirdDrone-Local,383,1,1,0,0,0,0,0.8972347378730774
video07,BirdDrone-Local,384,1,1,0,0,0,0,0.8944041728973389
video07,BirdDrone-Local,385,1,1,0,0,0,0,0.8851721882820129
video07,BirdDrone-Local,386,1,1,0,0,0,0,0.8815174102783203
video07,BirdDrone-Local,387,1,1,0,0,0,0,0.8910816311836243
video07,BirdDrone-Local,388,1,1,0,0,0,0,0.8687941431999207
video07,BirdDrone-Local,389,1,1,0,0,0,0,0.8974688649177551
video07,BirdDrone-Local,390,1,1,0,0,0,0,0.8986513018608093
video07,BirdDrone-Local,391,1,1,0,0,0,0,0.8936144113540649
video07,BirdDrone-Local,392,1,1,0,0,0,0,0.8816232085227966
video07,BirdDrone-Local,393,1,1,0,0,0,0,0.8635802865028381
video07,BirdDrone-Local,394,1,1,0,0,0,0,0.8593420386314392
video07,BirdDrone-Local,395,1,1,0,0,0,0,0.8852375149726868
video07,BirdDrone-Local,396,1,1,0,0,0,0,0.8802844285964966
video07,BirdDrone-Local,397,1,1,0,0,0,0,0.865355908870697
video07,BirdDrone-Local,398,1,1,0,0,0,0,0.8667991161346436
video07,BirdDrone-Local,399,1,1,0,0,0,0,0.8913426995277405
video07,BirdDrone-Local,400,1,1,0,0,0,0,0.8960920572280884
video07,BirdDrone-Local,401,1,1,0,0,0,0,0.8263286352157593
video07,BirdDrone-Local,402,1,1,0,0,0,0,0.8132600784301758
video07,BirdDrone-Local,403,1,1,0,0,0,0,0.5832450985908508
video07,BirdDrone-Local,404,1,1,0,0,0,0,0.9019284248352051
video07,BirdDrone-Local,405,1,1,0,0,0,0,0.8973991274833679
video07,BirdDrone-Local,406,1,1,0,0,0,0,0.889482319355011
video07,BirdDrone-Local,407,1,1,0,0,0,0,0.8859434723854065
video07,BirdDrone-Local,408,1,1,0,0,0,0,0.8882295489311218
video07,BirdDrone-Local,409,1,1,0,0,0,0,0.8570041060447693
video07,BirdDrone-Local,410,1,1,0,0,0,0,0.8638836145401001
video07,BirdDrone-Local,411,1,1,0,0,0,0,0.8542056679725647
video07,BirdDrone-Local,412,1,1,0,0,0,0,0.8891251683235168
video07,BirdDrone-Local,413,1,1,0,0,0,0,0.8582907915115356
video07,BirdDrone-Local,414,1,1,0,0,0,0,0.8281894326210022
video07,BirdDrone-Local,415,1,1,0,0,0,0,0.8774929642677307
video07,BirdDrone-Local,416,1,1,0,0,0,0,0.8533638715744019
video07,BirdDrone-Local,417,1,1,0,0,0,0,0.8805229067802429
video07,BirdDrone-Local,418,1,1,0,0,0,0,0.7876676917076111
video07,BirdDrone-Local,419,1,1,0,0,0,0,0.7930209636688232
video07,BirdDrone-Local,420,1,1,0,0,0,0,0.7431552410125732
video07,BirdDrone-Local,421,1,1,0,0,0,0,0.7070697546005249
video07,BirdDrone-Local,422,1,1,0,0,0,0,0.5422810316085815
video07,BirdDrone-Local,423,0,0,0,0,0,0,0.0
video07,BirdDrone-Local,424,0,0,0,0,0,0,0.0
video07,BirdDrone-Local,425,0,0,0,0,0,0,0.0
video07,BirdDrone-Local,426,0,0,0,0,0,0,0.0
video07,BirdDrone-Local,427,0,0,0,0,0,0,0.0
video07,BirdDrone-Local,428,0,0,0,0,0,0,0.0
video07,BirdDrone-Local,429,0,0,0,0,0,0,0.0
video07,BirdDrone-Local,430,0,0,0,0,0,0,0.0
video07,BirdDrone-Local,431,0,0,0,0,0,0,0.0
video07,BirdDrone-Local,432,0,0,0,0,0,0,0.0
video07,BirdDrone-Local,433,0,0,0,0,0,0,0.0
video07,BirdDrone-Local,434,0,0,0,0,0,0,0.0
video07,BirdDrone-Local,435,0,0,0,0,0,0,0.0
video07,BirdDrone-Local,436,0,0,0,0,0,0,0.0
video07,BirdDrone-Local,437,0,0,0,0,0,0,0.0
video07,BirdDrone-Local,438,0,0,0,0,0,0,0.0
video07,BirdDrone-Local,439,0,0,0,0,0,0,0.0
video07,BirdDrone-Local,440,0,0,0,0,0,0,0.0
video07,BirdDrone-Local,441,0,0,0,0,0,0,0.0
video07,BirdDrone-Local,442,0,0,0,0,0,0,0.0
video07,BirdDrone-Local,443,0,0,0,0,0,0,0.0
video07,BirdDrone-Local,444,0,0,0,0,0,0,0.0
video07,BirdDrone-Local,445,0,0,0,0,0,0,0.0
video07,BirdDrone-Local,446,0,0,0,0,0,0,0.0
video07,BirdDrone-Local,447,0,0,0,0,0,0,0.0
video07,BirdDrone-Local,448,0,0,0,0,0,0,0.0
video07,BirdDrone-Local,449,0,0,0,0,0,0,0.0
video07,BirdDrone-Local,450,0,0,0,0,0,0,0.0
video07,BirdDrone-Local,451,0,0,0,0,0,0,0.0
video07,BirdDrone-Local,452,0,0,0,0,0,0,0.0
video07,BirdDrone-Local,453,0,0,0,0,0,0,0.0
video07,BirdDrone-Local,454,0,0,0,0,0,0,0.0
video07,BirdDrone-Local,455,0,0,0,0,0,0,0.0
video07,BirdDrone-Local,456,0,0,0,0,0,0,0.0
video07,BirdDrone-Local,457,0,0,0,0,0,0,0.0
video07,BirdDrone-Local,458,0,0,0,0,0,0,0.0
video07,BirdDrone-Local,459,0,0,0,0,0,0,0.0
video07,BirdDrone-Local,460,0,0,0,0,0,0,0.0
video07,BirdDrone-Local,461,0,0,0,0,0,0,0.0
video07,BirdDrone-Local,462,0,0,0,0,0,0,0.0
video07,BirdDrone-Local,463,0,0,0,0,0,0,0.0
video07,BirdDrone-Local,464,0,0,0,0,0,0,0.0
video07,BirdDrone-Local,465,0,0,0,0,0,0,0.0
video07,BirdDrone-Local,466,0,0,0,0,0,0,0.0
video07,BirdDrone-Local,467,0,0,0,0,0,0,0.0
video07,BirdDrone-Local,468,0,0,0,0,0,0,0.0
video07,BirdDrone-Local,469,0,0,0,0,0,0,0.0
video07,BirdDrone-Local,470,0,0,0,0,0,0,0.0
video07,BirdDrone-Local,471,0,0,0,0,0,0,0.0
video07,BirdDrone-Local,472,0,0,0,0,0,0,0.0
video07,BirdDrone-Local,473,0,0,0,0,0,0,0.0
video07,BirdDrone-Local,474,0,0,0,0,0,0,0.0
video07,BirdDrone-Local,475,0,0,0,0,0,0,0.0
video07,BirdDrone-Local,476,0,0,0,0,0,0,0.0
video07,BirdDrone-Local,477,0,0,0,0,0,0,0.0
video07,BirdDrone-Local,478,0,0,0,0,0,0,0.0
video07,BirdDrone-Local,479,0,0,0,0,0,0,0.0
video07,BirdDrone-Local,480,0,0,0,0,0,0,0.0
video07,BirdDrone-Local,481,0,0,0,0,0,0,0.0
video07,BirdDrone-Local,482,0,0,0,0,0,0,0.0
video07,BirdDrone-Local,483,0,0,0,0,0,0,0.0
video07,BirdDrone-Local,484,0,0,0,0,0,0,0.0
video07,BirdDrone-Local,485,0,0,0,0,0,0,0.0
video07,BirdDrone-Local,486,0,0,0,0,0,0,0.0
video07,BirdDrone-Local,487,0,0,0,0,0,0,0.0
video07,BirdDrone-Local,488,0,0,0,0,0,0,0.0
video07,BirdDrone-Local,489,0,0,0,0,0,0,0.0
video07,BirdDrone-Local,490,0,0,0,0,0,0,0.0
video07,BirdDrone-Local,491,0,0,0,0,0,0,0.0
video07,BirdDrone-Local,492,0,0,0,0,0,0,0.0
video07,BirdDrone-Local,493,0,0,0,0,0,0,0.0
video07,BirdDrone-Local,494,0,0,0,0,0,0,0.0
video07,BirdDrone-Local,495,0,0,0,0,0,0,0.0
video07,BirdDrone-Local,496,0,0,0,0,0,0,0.0
video07,BirdDrone-Local,497,0,0,0,0,0,0,0.0
video07,BirdDrone-Local,498,0,0,0,0,0,0,0.0
video07,BirdDrone-Local,499,0,0,0,0,0,0,0.0
video07,BirdDrone-Local,500,0,0,0,0,0,0,0.0
video07,BirdDrone-Local,501,0,0,0,0,0,0,0.0
video07,BirdDrone-Local,502,0,0,0,0,0,0,0.0
video07,BirdDrone-Local,503,0,0,0,0,0,0,0.0
video07,BirdDrone-Local,504,0,0,0,0,0,0,0.0
video07,BirdDrone-Local,505,0,0,0,0,0,0,0.0
video07,BirdDrone-Local,506,0,0,0,0,0,0,0.0
video07,BirdDrone-Local,507,0,0,0,0,0,0,0.0
video07,BirdDrone-Local,508,0,0,0,0,0,0,0.0
video07,BirdDrone-Local,509,0,0,0,0,0,0,0.0
video07,BirdDrone-Local,510,0,0,0,0,0,0,0.0
video07,BirdDrone-Local,511,0,0,0,0,0,0,0.0
video07,BirdDrone-Local,512,0,0,0,0,0,0,0.0
video07,BirdDrone-Local,513,0,0,0,0,0,0,0.0
video07,BirdDrone-Local,514,0,0,0,0,0,0,0.0
video07,BirdDrone-Local,515,0,0,0,0,0,0,0.0
video07,BirdDrone-Local,516,0,0,0,0,0,0,0.0
video07,BirdDrone-Local,517,0,0,0,0,0,0,0.0
video07,BirdDrone-Local,518,0,0,0,0,0,0,0.0
video07,BirdDrone-Local,519,0,0,0,0,0,0,0.0
video07,BirdDrone-Local,520,0,0,0,0,0,0,0.0
video07,BirdDrone-Local,521,0,0,0,0,0,0,0.0
video07,BirdDrone-Local,522,0,0,0,0,0,0,0.0
video07,BirdDrone-Local,523,0,0,0,0,0,0,0.0
video07,BirdDrone-Local,524,0,0,0,0,0,0,0.0
video07,BirdDrone-Local,525,0,0,0,0,0,0,0.0
video07,BirdDrone-Local,526,0,0,0,0,0,0,0.0
video07,BirdDrone-Local,527,0,0,0,0,0,0,0.0
video07,BirdDrone-Local,528,0,0,0,0,0,0,0.0
video07,BirdDrone-Local,529,0,0,0,0,0,0,0.0
video07,BirdDrone-Local,530,0,0,0,0,0,0,0.0
video07,BirdDrone-Local,531,0,0,0,0,0,0,0.0
video07,BirdDrone-Local,532,0,0,0,0,0,0,0.0
video07,BirdDrone-Local,533,0,0,0,0,0,0,0.0
video07,BirdDrone-Local,534,0,0,0,0,0,0,0.0
video07,BirdDrone-Local,535,0,0,0,0,0,0,0.0
video07,BirdDrone-Local,536,0,0,0,0,0,0,0.0
video07,BirdDrone-Local,537,0,0,0,0,0,0,0.0
video07,BirdDrone-Local,538,0,0,0,0,0,0,0.0
video07,BirdDrone-Local,539,0,0,0,0,0,0,0.0
video07,BirdDrone-Local,540,0,0,0,0,0,0,0.0
video07,BirdDrone-Local,541,0,0,0,0,0,0,0.0
video07,BirdDrone-Local,542,0,0,0,0,0,0,0.0
video07,BirdDrone-Local,543,0,0,0,0,0,0,0.0
video07,BirdDrone-Local,544,0,0,0,0,0,0,0.0
video07,BirdDrone-Local,545,0,0,0,0,0,0,0.0
video07,BirdDrone-Local,546,0,0,0,0,0,0,0.0
video07,BirdDrone-Local,547,0,0,0,0,0,0,0.0
video07,BirdDrone-Local,548,0,0,0,0,0,0,0.0
video07,BirdDrone-Local,549,0,0,0,0,0,0,0.0
video07,BirdDrone-Local,550,0,0,0,0,0,0,0.0
video07,BirdDrone-Local,551,0,0,0,0,0,0,0.0
video07,BirdDrone-Local,552,0,0,0,0,0,0,0.0
video07,BirdDrone-Local,553,0,0,0,0,0,0,0.0
video07,BirdDrone-Local,554,0,0,0,0,0,0,0.0
video07,BirdDrone-Local,555,0,0,0,0,0,0,0.0
video07,BirdDrone-Local,556,0,0,0,0,0,0,0.0
video07,BirdDrone-Local,557,0,0,0,0,0,0,0.0
video07,BirdDrone-Local,558,0,0,0,0,0,0,0.0
video07,BirdDrone-Local,559,0,0,0,0,0,0,0.0
video07,BirdDrone-Local,560,0,0,0,0,0,0,0.0
video07,BirdDrone-Local,561,0,0,0,0,0,0,0.0
video07,BirdDrone-Local,562,0,0,0,0,0,0,0.0
video07,BirdDrone-Local,563,0,0,0,0,0,0,0.0
video07,BirdDrone-Local,564,0,0,0,0,0,0,0.0
video07,BirdDrone-Local,565,0,0,0,0,0,0,0.0
video07,BirdDrone-Local,566,0,0,0,0,0,0,0.0
video07,BirdDrone-Local,567,0,0,0,0,0,0,0.0
video07,BirdDrone-Local,568,0,0,0,0,0,0,0.0
video07,BirdDrone-Local,569,0,0,0,0,0,0,0.0
video07,BirdDrone-Local,570,0,0,0,0,0,0,0.0
video07,BirdDrone-Local,571,0,0,0,0,0,0,0.0
video07,BirdDrone-Local,572,0,0,0,0,0,0,0.0
video07,BirdDrone-Local,573,0,0,0,0,0,0,0.0
video07,BirdDrone-Local,574,0,0,0,0,0,0,0.0
video07,BirdDrone-Local,575,0,0,0,0,0,0,0.0
video07,BirdDrone-Local,576,0,0,0,0,0,0,0.0
video07,BirdDrone-Local,577,0,0,0,0,0,0,0.0
video07,BirdDrone-Local,578,0,0,0,0,0,0,0.0
video07,BirdDrone-Local,579,0,0,0,0,0,0,0.0
video07,BirdDrone-Local,580,0,0,0,0,0,0,0.0
video07,BirdDrone-Local,581,1,1,0,0,1,0,0.28708046674728394
video07,BirdDrone-Local,582,0,0,0,0,0,0,0.0
video07,BirdDrone-Local,583,0,0,0,0,0,0,0.0
video07,BirdDrone-Local,584,0,0,0,0,0,0,0.0
video07,BirdDrone-Local,585,1,1,0,0,0,0,0.7565167546272278
video07,BirdDrone-Local,586,1,1,0,0,0,0,0.4528762996196747
video07,BirdDrone-Local,587,2,2,0,0,1,0,0.7337036728858948
video07,BirdDrone-Local,588,1,1,0,0,0,0,0.7480623126029968
video07,BirdDrone-Local,589,1,1,0,0,0,0,0.8236303329467773
video07,BirdDrone-Local,590,1,1,0,0,0,0,0.8470699191093445
video07,BirdDrone-Local,591,1,1,0,0,0,0,0.7670971155166626
video07,BirdDrone-Local,592,1,1,0,0,0,0,0.8327757716178894
video07,BirdDrone-Local,593,1,1,0,0,0,0,0.8199276924133301
video07,BirdDrone-Local,594,1,1,0,0,0,0,0.8547772765159607
video07,BirdDrone-Local,595,1,1,0,0,0,0,0.7024499177932739
video07,BirdDrone-Local,596,1,1,0,0,0,0,0.8177586793899536
video07,BirdDrone-Local,597,1,1,0,0,0,0,0.7842945456504822
video07,BirdDrone-Local,598,1,1,0,0,0,0,0.7538280487060547
video07,BirdDrone-Local,599,1,1,0,0,0,0,0.840417742729187
video07,BirdDrone-Local,600,1,1,0,0,0,0,0.8835538625717163
video07,BirdDrone-Local,601,1,1,0,0,0,0,0.8873842358589172
video07,BirdDrone-Local,602,1,1,0,0,0,0,0.889628529548645
video07,BirdDrone-Local,603,1,1,0,0,0,0,0.8417459726333618
video07,BirdDrone-Local,604,1,1,0,0,0,0,0.8789740204811096
video07,BirdDrone-Local,605,1,1,0,0,0,0,0.883750855922699
video07,BirdDrone-Local,606,1,1,0,0,0,0,0.8087118864059448
video07,BirdDrone-Local,607,1,1,0,0,0,0,0.8917937278747559
video07,BirdDrone-Local,608,1,1,0,0,0,0,0.8384449481964111
video07,BirdDrone-Local,609,1,1,0,0,0,0,0.8860841393470764
video07,BirdDrone-Local,610,1,1,0,0,0,0,0.8495500087738037
video07,BirdDrone-Local,611,1,1,0,0,0,0,0.8801891803741455
video07,BirdDrone-Local,612,1,1,0,0,0,0,0.8821444511413574
video07,BirdDrone-Local,613,1,1,0,0,0,0,0.8748382329940796
video07,BirdDrone-Local,614,1,1,0,0,0,0,0.8809151649475098
video07,BirdDrone-Local,615,1,1,0,0,0,0,0.8779401183128357
video07,BirdDrone-Local,616,1,1,0,0,0,0,0.8849673271179199
video07,BirdDrone-Local,617,1,1,0,0,0,0,0.8805630207061768
video07,BirdDrone-Local,618,1,1,0,0,0,0,0.8780132532119751
video07,BirdDrone-Local,619,1,1,0,0,0,0,0.8798338770866394
video07,BirdDrone-Local,620,1,1,0,0,0,0,0.8099518418312073
video07,BirdDrone-Local,621,1,1,0,0,0,0,0.8885388970375061
video07,BirdDrone-Local,622,1,1,0,0,0,0,0.8893261551856995
video07,BirdDrone-Local,623,1,1,0,0,0,0,0.8425941467285156
video07,BirdDrone-Local,624,1,1,0,0,0,0,0.8807648420333862
video07,BirdDrone-Local,625,1,1,0,0,0,0,0.8827757239341736
video07,BirdDrone-Local,626,1,1,0,0,0,0,0.8850329518318176
video07,BirdDrone-Local,627,1,1,0,0,0,0,0.8723533153533936
video07,BirdDrone-Local,628,1,1,0,0,0,0,0.8698008060455322
video07,BirdDrone-Local,629,1,1,0,0,0,0,0.8123430609703064
video07,BirdDrone-Local,630,1,1,0,0,0,0,0.8821023106575012
video07,BirdDrone-Local,631,1,1,0,0,0,0,0.7876591682434082
video07,BirdDrone-Local,632,1,1,0,0,0,0,0.8540874719619751
video07,BirdDrone-Local,633,1,1,0,0,0,0,0.8636326193809509
video07,BirdDrone-Local,634,1,1,0,0,0,0,0.8842313289642334
video07,BirdDrone-Local,635,1,1,0,0,0,0,0.8705416321754456
video07,BirdDrone-Local,636,1,1,0,0,0,0,0.8678663969039917
video07,BirdDrone-Local,637,1,1,0,0,0,0,0.8861764073371887
video07,BirdDrone-Local,638,1,1,0,0,0,0,0.8348720073699951
video07,BirdDrone-Local,639,1,1,0,0,0,0,0.880556583404541
video07,BirdDrone-Local,640,1,1,0,0,0,0,0.8818955421447754
video07,BirdDrone-Local,641,1,1,0,0,0,0,0.8859372735023499
video07,BirdDrone-Local,642,2,2,0,0,1,0,0.7893947958946228
video07,BirdDrone-Local,643,1,1,0,0,0,0,0.8790851831436157
video07,BirdDrone-Local,644,1,1,0,0,0,0,0.8825423121452332
video07,BirdDrone-Local,645,1,1,0,0,0,0,0.8854773640632629
video07,BirdDrone-Local,646,1,1,0,0,0,0,0.8596492409706116
video07,BirdDrone-Local,647,1,1,0,0,0,0,0.8148619532585144
video07,BirdDrone-Local,648,1,1,0,0,0,0,0.875698447227478
video07,BirdDrone-Local,649,1,1,0,0,0,0,0.8651231527328491
video07,BirdDrone-Local,650,1,1,0,0,0,0,0.8834211826324463
video07,BirdDrone-Local,651,1,1,0,0,0,0,0.6644797325134277
video07,BirdDrone-Local,652,1,1,0,0,0,0,0.5203781127929688
video07,BirdDrone-Local,653,0,0,0,0,0,0,0.0
video07,BirdDrone-Local,654,0,0,0,0,0,0,0.0
video07,BirdDrone-Local,655,0,0,0,0,0,0,0.0
video07,BirdDrone-Local,656,0,0,0,0,0,0,0.0
video07,BirdDrone-Local,657,0,0,0,0,0,0,0.0
video07,BirdDrone-Local,658,0,0,0,0,0,0,0.0
video07,BirdDrone-Local,659,0,0,0,0,0,0,0.0
video07,BirdDrone-Local,660,0,0,0,0,0,0,0.0
video07,BirdDrone-Local,661,0,0,0,0,0,0,0.0
video07,BirdDrone-Local,662,0,0,0,0,0,0,0.0
video07,BirdDrone-Local,663,0,0,0,0,0,0,0.0
video07,BirdDrone-Local,664,0,0,0,0,0,0,0.0
video07,BirdDrone-Local,665,0,0,0,0,0,0,0.0
video07,BirdDrone-Local,666,0,0,0,0,0,0,0.0
video07,BirdDrone-Local,667,0,0,0,0,0,0,0.0
video07,BirdDrone-Local,668,0,0,0,0,0,0,0.0
video07,BirdDrone-Local,669,0,0,0,0,0,0,0.0
video07,BirdDrone-Local,670,0,0,0,0,0,0,0.0
video07,BirdDrone-Local,671,0,0,0,0,0,0,0.0
video07,BirdDrone-Local,672,0,0,0,0,0,0,0.0
video07,BirdDrone-Local,673,1,1,0,0,1,0,0.2870689332485199
video07,BirdDrone-Local,674,1,1,0,0,0,0,0.3828379213809967
video07,BirdDrone-Local,675,1,1,0,0,0,0,0.43262770771980286
video07,BirdDrone-Local,676,1,1,0,0,0,0,0.3707750141620636
video07,BirdDrone-Local,677,1,1,0,0,0,0,0.4095362424850464
video07,BirdDrone-Local,678,0,0,0,0,0,0,0.0
video07,BirdDrone-Local,679,0,0,0,0,0,0,0.0
video07,BirdDrone-Local,680,0,0,0,0,0,0,0.0
video07,BirdDrone-Local,681,0,0,0,0,0,0,0.0
video07,BirdDrone-Local,682,0,0,0,0,0,0,0.0
video07,BirdDrone-Local,683,1,1,0,0,0,0,0.5843577980995178
video07,BirdDrone-Local,684,1,1,0,0,0,0,0.4293505549430847
video07,BirdDrone-Local,685,1,1,0,0,0,0,0.5912404656410217
video07,BirdDrone-Local,686,0,0,0,0,0,0,0.0
video07,BirdDrone-Local,687,1,1,0,0,1,0,0.28180110454559326
video07,BirdDrone-Local,688,1,1,0,0,0,0,0.44337335228919983
video07,BirdDrone-Local,689,1,1,0,0,0,0,0.4183565676212311
video07,BirdDrone-Local,690,1,1,0,0,0,0,0.37502357363700867
video07,BirdDrone-Local,691,1,1,0,0,0,0,0.751241147518158
video07,BirdDrone-Local,692,1,1,0,0,0,0,0.87973552942276
video07,BirdDrone-Local,693,1,1,0,0,0,0,0.832929253578186
video07,BirdDrone-Local,694,1,1,0,0,0,0,0.862514853477478
video07,BirdDrone-Local,695,1,1,0,0,0,0,0.8784300088882446
video07,BirdDrone-Local,696,1,1,0,0,0,0,0.8401039838790894
video07,BirdDrone-Local,697,1,1,0,0,0,0,0.8837223649024963
video07,BirdDrone-Local,698,1,1,0,0,0,0,0.8811920285224915
video07,BirdDrone-Local,699,2,2,0,0,0,0,0.879970371723175
video07,BirdDrone-Local,700,1,1,0,0,0,0,0.8757768869400024
video07,BirdDrone-Local,701,1,1,0,0,0,0,0.8556479215621948
video07,BirdDrone-Local,702,1,1,0,0,0,0,0.8709666132926941
video07,BirdDrone-Local,703,1,1,0,0,0,0,0.8780746459960938
video07,BirdDrone-Local,704,1,1,0,0,0,0,0.8946397304534912
video07,BirdDrone-Local,705,1,1,0,0,0,0,0.8871673941612244
video07,BirdDrone-Local,706,1,1,0,0,0,0,0.8702552318572998
video07,BirdDrone-Local,707,1,1,0,0,0,0,0.8751318454742432
video07,BirdDrone-Local,708,1,1,0,0,0,0,0.8840710520744324
video07,BirdDrone-Local,709,1,1,0,0,0,0,0.7993930578231812
video07,BirdDrone-Local,710,1,1,0,0,0,0,0.8854299783706665
video07,BirdDrone-Local,711,1,1,0,0,0,0,0.8878822922706604
video07,BirdDrone-Local,712,1,1,0,0,0,0,0.8876944780349731
video07,BirdDrone-Local,713,1,1,0,0,0,0,0.856063723564148
video07,BirdDrone-Local,714,1,1,0,0,0,0,0.8897468447685242
video07,BirdDrone-Local,715,1,1,0,0,0,0,0.8881226778030396
video07,BirdDrone-Local,716,1,1,0,0,0,0,0.8768796920776367
video07,BirdDrone-Local,717,1,1,0,0,0,0,0.8862219452857971
video07,BirdDrone-Local,718,1,1,0,0,0,0,0.8847425580024719
video07,BirdDrone-Local,719,1,1,0,0,0,0,0.8442049622535706
video07,BirdDrone-Local,720,1,1,0,0,0,0,0.8916226625442505
video07,BirdDrone-Local,721,1,1,0,0,0,0,0.894096851348877
video07,BirdDrone-Local,722,1,1,0,0,0,0,0.854725182056427
video07,BirdDrone-Local,723,1,1,0,0,0,0,0.884982168674469
video07,BirdDrone-Local,724,1,1,0,0,0,0,0.8878186941146851
video07,BirdDrone-Local,725,1,1,0,0,0,0,0.8776275515556335
video07,BirdDrone-Local,726,1,1,0,0,0,0,0.8930834531784058
video07,BirdDrone-Local,727,1,1,0,0,0,0,0.8746784329414368
video07,BirdDrone-Local,728,1,1,0,0,0,0,0.8944320678710938
video07,BirdDrone-Local,729,1,1,0,0,0,0,0.8854260444641113
video07,BirdDrone-Local,730,1,1,0,0,0,0,0.7765771150588989
video07,BirdDrone-Local,731,1,1,0,0,0,0,0.8845822215080261
video07,BirdDrone-Local,732,2,2,0,0,0,0,0.8967462182044983
video07,BirdDrone-Local,733,1,1,0,0,0,0,0.8932948708534241
video07,BirdDrone-Local,734,1,1,0,0,0,0,0.8659003376960754
video07,BirdDrone-Local,735,1,1,0,0,0,0,0.8866251707077026
video07,BirdDrone-Local,736,1,1,0,0,0,0,0.8720331788063049
video07,BirdDrone-Local,737,1,1,0,0,0,0,0.8743811249732971
video07,BirdDrone-Local,738,2,2,0,0,0,0,0.8677378296852112
video07,BirdDrone-Local,739,1,1,0,0,0,0,0.8673639297485352
video07,BirdDrone-Local,740,1,1,0,0,0,0,0.8834714889526367
video07,BirdDrone-Local,741,1,1,0,0,0,0,0.8808310031890869
video07,BirdDrone-Local,742,1,1,0,0,0,0,0.8775526285171509
video07,BirdDrone-Local,743,1,1,0,0,0,0,0.8789185881614685
video07,BirdDrone-Local,744,1,1,0,0,0,0,0.840251088142395
video07,BirdDrone-Local,745,1,1,0,0,0,0,0.8799511790275574
video07,BirdDrone-Local,746,1,1,0,0,0,0,0.8852948546409607
video07,BirdDrone-Local,747,1,1,0,0,0,0,0.8755935430526733
video07,BirdDrone-Local,748,1,1,0,0,0,0,0.8538895845413208
video07,BirdDrone-Local,749,1,1,0,0,0,0,0.8629885911941528
video07,BirdDrone-Local,750,1,1,0,0,0,0,0.8772017359733582
video07,BirdDrone-Local,751,1,1,0,0,0,0,0.8755407929420471
video07,BirdDrone-Local,752,1,1,0,0,0,0,0.8030778765678406
video07,BirdDrone-Local,753,1,1,0,0,0,0,0.8410389423370361
video07,BirdDrone-Local,754,1,1,0,0,0,0,0.8875161409378052
video07,BirdDrone-Local,755,1,1,0,0,0,0,0.8862673044204712
video07,BirdDrone-Local,756,1,1,0,0,0,0,0.8828849792480469
video07,BirdDrone-Local,757,1,1,0,0,0,0,0.8783780336380005
video07,BirdDrone-Local,758,1,1,0,0,0,0,0.785335123538971
video07,BirdDrone-Local,759,1,1,0,0,0,0,0.8640345931053162
video07,BirdDrone-Local,760,1,1,0,0,0,0,0.8878011703491211
video07,BirdDrone-Local,761,1,1,0,0,0,0,0.8712747693061829
video07,BirdDrone-Local,762,1,1,0,0,0,0,0.8646431565284729
video07,BirdDrone-Local,763,1,1,0,0,0,0,0.8562476634979248
video07,BirdDrone-Local,764,1,1,0,0,0,0,0.8879303932189941
video07,BirdDrone-Local,765,1,1,0,0,0,0,0.895052433013916
video07,BirdDrone-Local,766,1,1,0,0,0,0,0.8994598388671875
video07,BirdDrone-Local,767,1,1,0,0,0,0,0.8940092921257019
video07,BirdDrone-Local,768,1,1,0,0,0,0,0.8844162225723267
video07,BirdDrone-Local,769,1,1,0,0,0,0,0.8809885382652283
video07,BirdDrone-Local,770,1,1,0,0,0,0,0.8880865573883057
video07,BirdDrone-Local,771,1,1,0,0,0,0,0.8925102353096008
video07,BirdDrone-Local,772,1,1,0,0,0,0,0.8790407180786133
video07,BirdDrone-Local,773,1,1,0,0,0,0,0.8916070461273193
video07,BirdDrone-Local,774,1,1,0,0,0,0,0.8817699551582336
video07,BirdDrone-Local,775,1,1,0,0,0,0,0.8919828534126282
video07,BirdDrone-Local,776,1,1,0,0,0,0,0.8837490677833557
video07,BirdDrone-Local,777,1,1,0,0,0,0,0.9063581228256226
video07,BirdDrone-Local,778,1,1,0,0,0,0,0.891848087310791
video07,BirdDrone-Local,779,1,1,0,0,0,0,0.8918002247810364
video07,BirdDrone-Local,780,1,1,0,0,0,0,0.8883569240570068
video07,BirdDrone-Local,781,1,1,0,0,0,0,0.8877939581871033
video07,BirdDrone-Local,782,1,1,0,0,0,0,0.8838197588920593
video07,BirdDrone-Local,783,1,1,0,0,0,0,0.8846974968910217
video07,BirdDrone-Local,784,1,1,0,0,0,0,0.8856121897697449
video07,BirdDrone-Local,785,1,1,0,0,0,0,0.8970423340797424
video07,BirdDrone-Local,786,1,1,0,0,0,0,0.8985838294029236
video07,BirdDrone-Local,787,1,1,0,0,0,0,0.8891863226890564
video07,BirdDrone-Local,788,1,1,0,0,0,0,0.891775369644165
video07,BirdDrone-Local,789,1,1,0,0,0,0,0.8880978226661682
video07,BirdDrone-Local,790,1,1,0,0,0,0,0.8899332880973816
video07,BirdDrone-Local,791,1,1,0,0,0,0,0.8979193568229675
video07,BirdDrone-Local,792,1,1,0,0,0,0,0.8822513222694397
video07,BirdDrone-Local,793,1,1,0,0,0,0,0.8890072107315063
video07,BirdDrone-Local,794,1,1,0,0,0,0,0.8856025338172913
video07,BirdDrone-Local,795,1,1,0,0,0,0,0.8032170534133911
video07,BirdDrone-Local,796,1,1,0,0,0,0,0.9011699557304382
video07,BirdDrone-Local,797,1,1,0,0,0,0,0.8912612795829773
video07,BirdDrone-Local,798,1,1,0,0,0,0,0.8383516669273376
video07,BirdDrone-Local,799,1,1,0,0,0,0,0.8977476358413696
video07,BirdDrone-Local,800,1,1,0,0,0,0,0.8921331763267517
video07,BirdDrone-Local,801,1,1,0,0,0,0,0.8801464438438416
video07,BirdDrone-Local,802,1,1,0,0,0,0,0.8482953906059265
video07,BirdDrone-Local,803,1,1,0,0,0,0,0.8864836096763611
video07,BirdDrone-Local,804,1,1,0,0,0,0,0.8927669525146484
video07,BirdDrone-Local,805,1,1,0,0,0,0,0.8951605558395386
video07,BirdDrone-Local,806,1,1,0,0,0,0,0.8945269584655762
video07,BirdDrone-Local,807,1,1,0,0,0,0,0.8924172520637512
video07,BirdDrone-Local,808,1,1,0,0,0,0,0.8848206996917725
video07,BirdDrone-Local,809,1,1,0,0,0,0,0.8614458441734314
video07,BirdDrone-Local,810,1,1,0,0,0,0,0.8921104073524475
video07,BirdDrone-Local,811,1,1,0,0,0,0,0.8526932001113892
video07,BirdDrone-Local,812,1,1,0,0,0,0,0.8841150403022766
video07,BirdDrone-Local,813,1,1,0,0,0,0,0.840787947177887
video07,BirdDrone-Local,814,1,1,0,0,0,0,0.8904122710227966
video07,BirdDrone-Local,815,1,1,0,0,0,0,0.892530083656311
video07,BirdDrone-Local,816,1,1,0,0,0,0,0.8709959983825684
video07,BirdDrone-Local,817,1,1,0,0,0,0,0.8908559679985046
video07,BirdDrone-Local,818,1,1,0,0,0,0,0.8913267254829407
video07,BirdDrone-Local,819,1,1,0,0,0,0,0.83458411693573
video07,BirdDrone-Local,820,1,1,0,0,0,0,0.886884331703186
video07,BirdDrone-Local,821,1,1,0,0,0,0,0.881218433380127
video07,BirdDrone-Local,822,1,1,0,0,0,0,0.8538852334022522
video07,BirdDrone-Local,823,1,1,0,0,0,0,0.8923355340957642
video07,BirdDrone-Local,824,1,1,0,0,0,0,0.8683427572250366
video07,BirdDrone-Local,825,1,1,0,0,0,0,0.86309415102005
video07,BirdDrone-Local,826,1,1,0,0,0,0,0.8914564847946167
video07,BirdDrone-Local,827,1,1,0,0,0,0,0.8876537084579468
video07,BirdDrone-Local,828,1,1,0,0,0,0,0.887482225894928
video07,BirdDrone-Local,829,1,1,0,0,0,0,0.8854680061340332
video07,BirdDrone-Local,830,1,1,0,0,0,0,0.896584689617157
video07,BirdDrone-Local,831,1,1,0,0,0,0,0.8421583771705627
video07,BirdDrone-Local,832,1,1,0,0,0,0,0.8317615389823914
video07,BirdDrone-Local,833,1,1,0,0,0,0,0.872406005859375
video07,BirdDrone-Local,834,1,1,0,0,0,0,0.8988816738128662
video07,BirdDrone-Local,835,1,1,0,0,0,0,0.8918716907501221
video07,BirdDrone-Local,836,1,1,0,0,0,0,0.8431680202484131
video07,BirdDrone-Local,837,1,1,0,0,0,0,0.8793340921401978
video07,BirdDrone-Local,838,1,1,0,0,0,0,0.890404462814331
video07,BirdDrone-Local,839,1,1,0,0,0,0,0.8766287565231323
video07,BirdDrone-Local,840,1,1,0,0,0,0,0.9051157236099243
video07,BirdDrone-Local,841,1,1,0,0,0,0,0.894299328327179
video07,BirdDrone-Local,842,1,1,0,0,0,0,0.8920260667800903
video07,BirdDrone-Local,843,1,1,0,0,0,0,0.8921600580215454
video07,BirdDrone-Local,844,1,1,0,0,0,0,0.896930992603302
video07,BirdDrone-Local,845,1,1,0,0,0,0,0.8258474469184875
video07,BirdDrone-Local,846,1,1,0,0,0,0,0.8348817825317383
video07,BirdDrone-Local,847,1,1,0,0,0,0,0.8313730955123901
video07,BirdDrone-Local,848,1,1,0,0,0,0,0.8132190108299255
video07,BirdDrone-Local,849,1,1,0,0,0,0,0.8601949214935303
video07,BirdDrone-Local,850,1,1,0,0,0,0,0.8911315202713013
video07,BirdDrone-Local,851,1,1,0,0,0,0,0.8815153241157532
video07,BirdDrone-Local,852,1,1,0,0,0,0,0.8225484490394592
video07,BirdDrone-Local,853,1,1,0,0,0,0,0.8294945359230042
video07,BirdDrone-Local,854,1,1,0,0,0,0,0.832472562789917
video07,BirdDrone-Local,855,2,2,0,0,0,0,0.4692879915237427
video07,BirdDrone-Local,856,1,1,0,0,0,0,0.8612568974494934
video07,BirdDrone-Local,857,1,1,0,0,0,0,0.7368559241294861
video07,BirdDrone-Local,858,1,1,0,0,0,0,0.8290240168571472
video07,BirdDrone-Local,859,1,1,0,0,0,0,0.6396307945251465
video07,BirdDrone-Local,860,1,1,0,0,0,0,0.8061357140541077
video07,BirdDrone-Local,861,2,2,0,0,0,0,0.8646522760391235
video07,BirdDrone-Local,862,1,1,0,0,0,0,0.8036801815032959
video07,BirdDrone-Local,863,1,1,0,0,0,0,0.8118459582328796
video07,BirdDrone-Local,864,1,1,0,0,0,0,0.8816400170326233
video07,BirdDrone-Local,865,1,1,0,0,0,0,0.876832902431488
video07,BirdDrone-Local,866,1,1,0,0,0,0,0.7712386846542358
video07,BirdDrone-Local,867,1,1,0,0,0,0,0.8764551281929016
video07,BirdDrone-Local,868,1,1,0,0,0,0,0.8789179921150208
video07,BirdDrone-Local,869,1,1,0,0,0,0,0.8918313980102539
video07,BirdDrone-Local,870,1,1,0,0,0,0,0.8826814293861389
video07,BirdDrone-Local,871,1,1,0,0,0,0,0.8783482909202576
video07,BirdDrone-Local,872,1,1,0,0,0,0,0.8940376043319702
video07,BirdDrone-Local,873,1,1,0,0,0,0,0.8969095945358276
video07,BirdDrone-Local,874,1,1,0,0,0,0,0.8537766337394714
video07,BirdDrone-Local,875,1,1,0,0,0,0,0.8755642771720886
video07,BirdDrone-Local,876,1,1,0,0,0,0,0.8309291005134583
video07,BirdDrone-Local,877,1,1,0,0,0,0,0.8240886926651001
video07,BirdDrone-Local,878,1,1,0,0,0,0,0.8213081955909729
video07,BirdDrone-Local,879,1,1,0,0,0,0,0.800574779510498
video07,BirdDrone-Local,880,1,1,0,0,0,0,0.8278330564498901
video07,BirdDrone-Local,881,1,1,0,0,0,0,0.8673752546310425
video07,BirdDrone-Local,882,1,1,0,0,0,0,0.8479926586151123
video07,BirdDrone-Local,883,1,1,0,0,0,0,0.8711076974868774
video07,BirdDrone-Local,884,1,1,0,0,0,0,0.8788710236549377
video07,BirdDrone-Local,885,1,1,0,0,0,0,0.8728152513504028
video07,BirdDrone-Local,886,1,1,0,0,0,0,0.8578814268112183
video07,BirdDrone-Local,887,1,1,0,0,0,0,0.8642427325248718
video07,BirdDrone-Local,888,1,1,0,0,0,0,0.8749744892120361
video07,BirdDrone-Local,889,1,1,0,0,0,0,0.8670027852058411
video07,BirdDrone-Local,890,1,1,0,0,0,0,0.8910940885543823
video07,BirdDrone-Local,891,1,1,0,0,0,0,0.8702781796455383
video07,BirdDrone-Local,892,1,1,0,0,0,0,0.8426456451416016
video07,BirdDrone-Local,893,1,1,0,0,0,0,0.8751618266105652
video07,BirdDrone-Local,894,1,1,0,0,0,0,0.8648375868797302
video07,BirdDrone-Local,895,1,1,0,0,0,0,0.8344082236289978
video07,BirdDrone-Local,896,1,1,0,0,0,0,0.8673012852668762
video07,BirdDrone-Local,897,1,1,0,0,0,0,0.8926277160644531
video07,BirdDrone-Local,898,1,1,0,0,0,0,0.878719687461853
video07,BirdDrone-Local,899,1,1,0,0,0,0,0.8607010841369629
video07,BirdDrone-Local,900,1,1,0,0,0,0,0.8764341473579407
video07,BirdDrone-Local,901,1,1,0,0,0,0,0.8865703344345093
video07,BirdDrone-Local,902,1,1,0,0,0,0,0.8589960336685181
video07,BirdDrone-Local,903,1,1,0,0,0,0,0.8525328636169434
video07,BirdDrone-Local,904,1,1,0,0,0,0,0.8815324306488037
video07,BirdDrone-Local,905,1,1,0,0,0,0,0.8597837090492249
video07,BirdDrone-Local,906,1,1,0,0,0,0,0.8240798711776733
video07,BirdDrone-Local,907,1,1,0,0,0,0,0.8708759546279907
video07,BirdDrone-Local,908,1,1,0,0,0,0,0.8754619359970093
video07,BirdDrone-Local,909,1,1,0,0,0,0,0.8869340419769287
video07,BirdDrone-Local,910,1,1,0,0,0,0,0.8687843680381775
video07,BirdDrone-Local,911,1,1,0,0,0,0,0.7126731872558594
video07,BirdDrone-Local,912,1,1,0,0,0,0,0.8392470479011536
video07,BirdDrone-Local,913,1,1,0,0,0,0,0.8641316294670105
video07,BirdDrone-Local,914,1,1,0,0,0,0,0.8744205236434937
video07,BirdDrone-Local,915,1,1,0,0,0,0,0.8701931238174438
video07,BirdDrone-Local,916,1,1,0,0,0,0,0.8231288194656372
video07,BirdDrone-Local,917,1,1,0,0,0,0,0.8906172513961792
video07,BirdDrone-Local,918,1,1,0,0,0,0,0.8194669485092163
video07,BirdDrone-Local,919,1,1,0,0,0,0,0.8782756924629211
video07,BirdDrone-Local,920,2,2,0,0,1,0,0.7451675534248352
video07,BirdDrone-Local,921,1,1,0,0,0,0,0.8885661363601685
video07,BirdDrone-Local,922,1,1,0,0,0,0,0.895942747592926
video07,BirdDrone-Local,923,1,1,0,0,0,0,0.916314959526062
video07,BirdDrone-Local,924,1,1,0,0,0,0,0.7596576809883118
video07,BirdDrone-Local,925,1,1,0,0,0,0,0.7919898629188538
video07,BirdDrone-Local,926,1,1,0,0,0,0,0.8569993376731873
video07,BirdDrone-Local,927,1,1,0,0,0,0,0.8746434450149536
video07,BirdDrone-Local,928,1,1,0,0,0,0,0.876143217086792
video07,BirdDrone-Local,929,1,1,0,0,0,0,0.9052949547767639
video07,BirdDrone-Local,930,1,1,0,0,0,0,0.6820776462554932
video07,BirdDrone-Local,931,1,1,0,0,0,0,0.8979825377464294
video07,BirdDrone-Local,932,1,1,0,0,0,0,0.876928448677063
video07,BirdDrone-Local,933,1,1,0,0,0,0,0.8878104090690613
video07,BirdDrone-Local,934,1,1,0,0,0,0,0.8479433655738831
video07,BirdDrone-Local,935,1,1,0,0,0,0,0.9060660004615784
video07,BirdDrone-Local,936,1,1,0,0,0,0,0.892873227596283
video07,BirdDrone-Local,937,1,1,0,0,0,0,0.9098382592201233
video07,BirdDrone-Local,938,1,1,0,0,0,0,0.9075202345848083
video07,BirdDrone-Local,939,1,1,0,0,0,0,0.8933553099632263
video07,BirdDrone-Local,940,1,1,0,0,0,0,0.8759601712226868
video07,BirdDrone-Local,941,1,1,0,0,0,0,0.8151991367340088
video07,BirdDrone-Local,942,1,1,0,0,0,0,0.8377884030342102
video07,BirdDrone-Local,943,1,1,0,0,0,0,0.5521770119667053
video07,BirdDrone-Local,944,1,1,0,0,0,0,0.7698026299476624
video07,BirdDrone-Local,945,1,1,0,0,0,0,0.8555463552474976
video07,BirdDrone-Local,946,1,1,0,0,0,0,0.7247673273086548
video07,BirdDrone-Local,947,1,1,0,0,0,0,0.8616340756416321
video07,BirdDrone-Local,948,1,1,0,0,0,0,0.8639468550682068
video07,BirdDrone-Local,949,1,1,0,0,0,0,0.8431372046470642
video07,BirdDrone-Local,950,1,1,0,0,0,0,0.9030356407165527
video07,BirdDrone-Local,951,1,1,0,0,0,0,0.846490740776062
video07,BirdDrone-Local,952,1,1,0,0,0,0,0.6998471021652222
video07,BirdDrone-Local,953,1,1,0,0,0,0,0.8659225106239319
video07,BirdDrone-Local,954,1,1,0,0,0,0,0.867436945438385
video07,BirdDrone-Local,955,1,1,0,0,0,0,0.8818721771240234
video07,BirdDrone-Local,956,2,2,0,0,0,0,0.7785744071006775
video07,BirdDrone-Local,957,1,1,0,0,0,0,0.8731725811958313
video07,BirdDrone-Local,958,1,1,0,0,0,0,0.8973639011383057
video07,BirdDrone-Local,959,1,1,0,0,0,0,0.7818673849105835
video07,BirdDrone-Local,960,1,1,0,0,0,0,0.8011483550071716
video07,BirdDrone-Local,961,1,1,0,0,0,0,0.8591043949127197
video07,BirdDrone-Local,962,1,1,0,0,0,0,0.8495309352874756
video07,BirdDrone-Local,963,1,1,0,0,0,0,0.8235027194023132
video07,BirdDrone-Local,964,1,1,0,0,0,0,0.8423141837120056
video07,BirdDrone-Local,965,1,1,0,0,0,0,0.4043983519077301
video07,BirdDrone-Local,966,1,1,0,0,0,0,0.9010066390037537
video07,BirdDrone-Local,967,2,2,0,0,0,0,0.8359284400939941
video07,BirdDrone-Local,968,1,1,0,0,0,0,0.6862552762031555
video07,BirdDrone-Local,969,1,1,0,0,0,0,0.8796294331550598
video07,BirdDrone-Local,970,1,1,0,0,0,0,0.7650647759437561
video07,BirdDrone-Local,971,1,1,0,0,0,0,0.8907667398452759
video07,BirdDrone-Local,972,1,1,0,0,0,0,0.8874964714050293
video07,BirdDrone-Local,973,1,1,0,0,0,0,0.883810818195343
video07,BirdDrone-Local,974,1,1,0,0,0,0,0.8654541373252869
video07,BirdDrone-Local,975,1,1,0,0,0,0,0.8683814406394958
video07,BirdDrone-Local,976,1,1,0,0,0,0,0.8485805988311768
video07,BirdDrone-Local,977,1,1,0,0,0,0,0.8785102367401123
video07,BirdDrone-Local,978,1,1,0,0,0,0,0.8968457579612732
video07,BirdDrone-Local,979,1,1,0,0,0,0,0.8815701603889465
video07,BirdDrone-Local,980,1,1,0,0,0,0,0.646917998790741
video07,BirdDrone-Local,981,1,1,0,0,0,0,0.7367541790008545
video07,BirdDrone-Local,982,1,1,0,0,0,0,0.8128437995910645
video07,BirdDrone-Local,983,1,1,0,0,0,0,0.821769654750824
video07,BirdDrone-Local,984,1,1,0,0,0,0,0.8549820184707642
video07,BirdDrone-Local,985,1,1,0,0,0,0,0.8474138379096985
video07,BirdDrone-Local,986,1,1,0,0,0,0,0.8183382153511047
video07,BirdDrone-Local,987,1,1,0,0,0,0,0.8182005286216736
video07,BirdDrone-Local,988,1,1,0,0,0,0,0.7867115139961243
video07,BirdDrone-Local,989,1,1,0,0,0,0,0.7253550291061401
video07,BirdDrone-Local,990,1,1,0,0,0,0,0.8425808548927307
video07,BirdDrone-Local,991,1,1,0,0,0,0,0.82877117395401
video07,BirdDrone-Local,992,1,1,0,0,0,0,0.8556193113327026
video07,BirdDrone-Local,993,1,1,0,0,0,0,0.8142079710960388
video07,BirdDrone-Local,994,1,1,0,0,0,0,0.6362975239753723
video07,BirdDrone-Local,995,1,1,0,0,0,0,0.8348725438117981
video07,BirdDrone-Local,996,1,1,0,0,0,0,0.8201515078544617
video07,BirdDrone-Local,997,1,1,0,0,0,0,0.6601717472076416
video07,BirdDrone-Local,998,1,1,0,0,0,0,0.6952815055847168
video07,BirdDrone-Local,999,1,1,0,0,0,0,0.7448030710220337
video07,BirdDrone-Local,1000,1,1,0,0,0,0,0.7149503827095032
video07,BirdDrone-Local,1001,1,1,0,0,0,0,0.8407880663871765
video07,BirdDrone-Local,1002,1,1,0,0,0,0,0.8500423431396484
video07,BirdDrone-Local,1003,1,1,0,0,0,0,0.851679265499115
video07,BirdDrone-Local,1004,1,1,0,0,0,0,0.8296478986740112
video07,BirdDrone-Local,1005,1,1,0,0,0,0,0.837744414806366
video07,BirdDrone-Local,1006,1,1,0,0,0,0,0.8476044535636902
video07,BirdDrone-Local,1007,1,1,0,0,0,0,0.8464508652687073
video07,BirdDrone-Local,1008,1,1,0,0,0,0,0.8339483141899109
video07,BirdDrone-Local,1009,1,1,0,0,0,0,0.8062243461608887
video07,BirdDrone-Local,1010,1,1,0,0,0,0,0.8615739345550537
video07,BirdDrone-Local,1011,1,1,0,0,0,0,0.8520721197128296
video07,BirdDrone-Local,1012,1,1,0,0,0,0,0.8557223677635193
video07,BirdDrone-Local,1013,1,1,0,0,0,0,0.840133786201477
video07,BirdDrone-Local,1014,1,1,0,0,0,0,0.8515845537185669
video07,BirdDrone-Local,1015,1,1,0,0,0,0,0.8550127744674683
video07,BirdDrone-Local,1016,1,1,0,0,0,0,0.8386653065681458
video07,BirdDrone-Local,1017,1,1,0,0,0,0,0.8305701613426208
video07,BirdDrone-Local,1018,1,1,0,0,0,0,0.8162988424301147
video07,BirdDrone-Local,1019,1,1,0,0,0,0,0.8276879787445068
video07,BirdDrone-Local,1020,1,1,0,0,0,0,0.7979022264480591
video07,BirdDrone-Local,1021,1,1,0,0,0,0,0.6392096877098083
video07,BirdDrone-Local,1022,1,1,0,0,1,0,0.31636616587638855
video07,BirdDrone-Local,1023,1,1,0,0,0,0,0.758301317691803
video07,BirdDrone-Local,1024,1,1,0,0,0,0,0.759265124797821
video07,BirdDrone-Local,1025,1,1,0,0,0,0,0.7626211047172546
video07,BirdDrone-Local,1026,1,1,0,0,0,0,0.7750178575515747
video07,BirdDrone-Local,1027,1,1,0,0,0,0,0.5366039872169495
video07,BirdDrone-Local,1028,0,0,0,0,0,0,0.0
video07,BirdDrone-Local,1029,1,1,0,0,0,0,0.8169248104095459
video07,BirdDrone-Local,1030,1,1,0,0,0,0,0.8105940222740173
video07,BirdDrone-Local,1031,1,1,0,0,0,0,0.4623028337955475
video07,BirdDrone-Local,1032,1,1,0,0,0,0,0.6574138402938843
video07,BirdDrone-Local,1033,1,1,0,0,0,0,0.38126060366630554
video07,BirdDrone-Local,1034,0,0,0,0,0,0,0.0
video07,BirdDrone-Local,1035,1,1,0,0,0,0,0.37234726548194885
video07,BirdDrone-Local,1036,1,1,0,0,0,0,0.7932325005531311
video07,BirdDrone-Local,1037,1,1,0,0,0,0,0.7618929743766785
video07,BirdDrone-Local,1038,1,1,0,0,0,0,0.7998604774475098
video07,BirdDrone-Local,1039,1,1,0,0,0,0,0.729178249835968
video07,BirdDrone-Local,1040,1,1,0,0,0,0,0.7775546312332153
video07,BirdDrone-Local,1041,1,1,0,0,0,0,0.708625853061676
video07,BirdDrone-Local,1042,1,1,0,0,0,0,0.6121074557304382
video07,BirdDrone-Local,1043,1,1,0,0,0,0,0.620386004447937
video07,BirdDrone-Local,1044,1,1,0,0,0,0,0.6161974668502808
video07,BirdDrone-Local,1045,1,1,0,0,0,0,0.4223642349243164
video07,BirdDrone-Local,1046,1,1,0,0,0,0,0.7958836555480957
video07,BirdDrone-Local,1047,1,1,0,0,0,0,0.7304531931877136
video07,BirdDrone-Local,1048,1,1,0,0,0,0,0.7307531833648682
video07,BirdDrone-Local,1049,1,1,0,0,0,0,0.7140648365020752
video07,BirdDrone-Local,1050,1,1,0,0,0,0,0.7017025351524353
video07,BirdDrone-Local,1051,1,1,0,0,0,0,0.6045639514923096
video07,BirdDrone-Local,1052,1,1,0,0,0,0,0.8156058192253113
video07,BirdDrone-Local,1053,1,1,0,0,0,0,0.746981143951416
video07,BirdDrone-Local,1054,1,1,0,0,0,0,0.7563254237174988
video07,BirdDrone-Local,1055,1,1,0,0,0,0,0.7048074007034302
video07,BirdDrone-Local,1056,1,1,0,0,0,0,0.7075298428535461
video07,BirdDrone-Local,1057,1,1,0,0,0,0,0.5806795954704285
video07,BirdDrone-Local,1058,1,1,0,0,0,0,0.6276049017906189
video07,BirdDrone-Local,1059,1,1,0,0,0,0,0.5778364539146423
video07,BirdDrone-Local,1060,1,1,0,0,0,0,0.696146547794342
video07,BirdDrone-Local,1061,1,1,0,0,0,0,0.8056957721710205
video07,BirdDrone-Local,1062,1,1,0,0,0,0,0.7742981910705566
video07,BirdDrone-Local,1063,1,1,0,0,0,0,0.7582588195800781
video07,BirdDrone-Local,1064,1,1,0,0,0,0,0.7299736142158508
video07,BirdDrone-Local,1065,1,1,0,0,0,0,0.6917282342910767
video07,BirdDrone-Local,1066,1,1,0,0,0,0,0.7874945998191833
video07,BirdDrone-Local,1067,1,1,0,0,0,0,0.7445489764213562
video07,BirdDrone-Local,1068,1,1,0,0,0,0,0.6544467210769653
video07,BirdDrone-Local,1069,1,1,0,0,0,0,0.5567034482955933
video07,BirdDrone-Local,1070,1,1,0,0,0,0,0.6187185645103455
video07,BirdDrone-Local,1071,1,1,0,0,0,0,0.6360965967178345
video07,BirdDrone-Local,1072,1,1,0,0,0,0,0.7838079929351807
video07,BirdDrone-Local,1073,1,1,0,0,0,0,0.5824125409126282
video07,BirdDrone-Local,1074,1,1,0,0,0,0,0.7321450710296631
video07,BirdDrone-Local,1075,1,1,0,0,0,0,0.5766956210136414
video07,BirdDrone-Local,1076,1,1,0,0,0,0,0.8014920949935913
video07,BirdDrone-Local,1077,1,1,0,0,0,0,0.5734360814094543
video07,BirdDrone-Local,1078,1,1,0,0,0,0,0.5050809979438782
video07,BirdDrone-Local,1079,1,1,0,0,0,0,0.6396041512489319
video07,BirdDrone-Local,1080,1,1,0,0,0,0,0.7133795619010925
video07,BirdDrone-Local,1081,1,1,0,0,0,0,0.6136506199836731
video07,BirdDrone-Local,1082,1,1,0,0,0,0,0.6398230791091919
video07,BirdDrone-Local,1083,1,1,0,0,0,0,0.5844956040382385
video07,BirdDrone-Local,1084,1,1,0,0,0,0,0.6363372206687927
video07,BirdDrone-Local,1085,1,1,0,0,0,0,0.40771496295928955
video07,BirdDrone-Local,1086,1,1,0,0,1,0,0.34142112731933594
video07,BirdDrone-Local,1087,0,0,0,0,0,0,0.0
video07,BirdDrone-Local,1088,0,0,0,0,0,0,0.0
video07,BirdDrone-Local,1089,0,0,0,0,0,0,0.0
video07,BirdDrone-Local,1090,0,0,0,0,0,0,0.0
video07,BirdDrone-Local,1091,0,0,0,0,0,0,0.0
video07,BirdDrone-Local,1092,0,0,0,0,0,0,0.0
video07,BirdDrone-Local,1093,0,0,0,0,0,0,0.0
video07,BirdDrone-Local,1094,0,0,0,0,0,0,0.0
video07,BirdDrone-Local,1095,0,0,0,0,0,0,0.0
video07,BirdDrone-Local,1096,0,0,0,0,0,0,0.0
video07,BirdDrone-Local,1097,0,0,0,0,0,0,0.0
video07,BirdDrone-Local,1098,0,0,0,0,0,0,0.0
video07,BirdDrone-Local,1099,0,0,0,0,0,0,0.0
video07,BirdDrone-Local,1100,0,0,0,0,0,0,0.0
video07,BirdDrone-Local,1101,0,0,0,0,0,0,0.0
video07,BirdDrone-Local,1102,0,0,0,0,0,0,0.0
video07,BirdDrone-Local,1103,0,0,0,0,0,0,0.0
video07,BirdDrone-Local,1104,0,0,0,0,0,0,0.0
video07,BirdDrone-Local,1105,0,0,0,0,0,0,0.0
video07,BirdDrone-Local,1106,0,0,0,0,0,0,0.0
video07,BirdDrone-Local,1107,0,0,0,0,0,0,0.0
video07,BirdDrone-Local,1108,0,0,0,0,0,0,0.0
video07,BirdDrone-Local,1109,0,0,0,0,0,0,0.0
video07,BirdDrone-Local,1110,0,0,0,0,0,0,0.0
video07,BirdDrone-Local,1111,0,0,0,0,0,0,0.0
video07,BirdDrone-Local,1112,0,0,0,0,0,0,0.0
video07,BirdDrone-Local,1113,0,0,0,0,0,0,0.0
video07,BirdDrone-Local,1114,0,0,0,0,0,0,0.0
video07,BirdDrone-Local,1115,0,0,0,0,0,0,0.0
video07,BirdDrone-Local,1116,0,0,0,0,0,0,0.0
video07,BirdDrone-Local,1117,0,0,0,0,0,0,0.0
video07,BirdDrone-Local,1118,0,0,0,0,0,0,0.0
video07,BirdDrone-Local,1119,0,0,0,0,0,0,0.0
video07,BirdDrone-Local,1120,0,0,0,0,0,0,0.0
video07,BirdDrone-Local,1121,0,0,0,0,0,0,0.0
video07,BirdDrone-Local,1122,0,0,0,0,0,0,0.0
video07,BirdDrone-Local,1123,0,0,0,0,0,0,0.0
video07,BirdDrone-Local,1124,0,0,0,0,0,0,0.0
video07,BirdDrone-Local,1125,0,0,0,0,0,0,0.0
video07,BirdDrone-Local,1126,0,0,0,0,0,0,0.0
video07,BirdDrone-Local,1127,0,0,0,0,0,0,0.0
video07,BirdDrone-Local,1128,0,0,0,0,0,0,0.0
video07,BirdDrone-Local,1129,0,0,0,0,0,0,0.0
video07,BirdDrone-Local,1130,0,0,0,0,0,0,0.0
video07,BirdDrone-Local,1131,0,0,0,0,0,0,0.0
video07,BirdDrone-Local,1132,0,0,0,0,0,0,0.0
video07,BirdDrone-Local,1133,0,0,0,0,0,0,0.0
video07,BirdDrone-Local,1134,0,0,0,0,0,0,0.0
video07,BirdDrone-Local,1135,0,0,0,0,0,0,0.0
video07,BirdDrone-Local,1136,0,0,0,0,0,0,0.0
video07,BirdDrone-Local,1137,0,0,0,0,0,0,0.0
video07,BirdDrone-Local,1138,0,0,0,0,0,0,0.0
video07,BirdDrone-Local,1139,0,0,0,0,0,0,0.0
video07,BirdDrone-Local,1140,0,0,0,0,0,0,0.0
video07,BirdDrone-Local,1141,0,0,0,0,0,0,0.0
video07,BirdDrone-Local,1142,0,0,0,0,0,0,0.0
video07,BirdDrone-Local,1143,0,0,0,0,0,0,0.0
video07,BirdDrone-Local,1144,0,0,0,0,0,0,0.0
video07,BirdDrone-Local,1145,0,0,0,0,0,0,0.0
video07,BirdDrone-Local,1146,0,0,0,0,0,0,0.0
video07,BirdDrone-Local,1147,0,0,0,0,0,0,0.0
video07,BirdDrone-Local,1148,0,0,0,0,0,0,0.0
video07,BirdDrone-Local,1149,0,0,0,0,0,0,0.0
video07,BirdDrone-Local,1150,0,0,0,0,0,0,0.0
video07,BirdDrone-Local,1151,0,0,0,0,0,0,0.0
video07,BirdDrone-Local,1152,0,0,0,0,0,0,0.0
video07,BirdDrone-Local,1153,0,0,0,0,0,0,0.0
video07,BirdDrone-Local,1154,0,0,0,0,0,0,0.0
video07,BirdDrone-Local,1155,0,0,0,0,0,0,0.0
video07,BirdDrone-Local,1156,0,0,0,0,0,0,0.0
video07,BirdDrone-Local,1157,0,0,0,0,0,0,0.0
video07,BirdDrone-Local,1158,0,0,0,0,0,0,0.0
video07,BirdDrone-Local,1159,0,0,0,0,0,0,0.0
video07,BirdDrone-Local,1160,0,0,0,0,0,0,0.0
video07,BirdDrone-Local,1161,0,0,0,0,0,0,0.0
video07,BirdDrone-Local,1162,0,0,0,0,0,0,0.0
video07,BirdDrone-Local,1163,0,0,0,0,0,0,0.0
video07,BirdDrone-Local,1164,0,0,0,0,0,0,0.0
video07,BirdDrone-Local,1165,0,0,0,0,0,0,0.0
video07,BirdDrone-Local,1166,0,0,0,0,0,0,0.0
video07,BirdDrone-Local,1167,0,0,0,0,0,0,0.0
video07,BirdDrone-Local,1168,0,0,0,0,0,0,0.0
video07,BirdDrone-Local,1169,0,0,0,0,0,0,0.0
video07,BirdDrone-Local,1170,0,0,0,0,0,0,0.0
video07,BirdDrone-Local,1171,0,0,0,0,0,0,0.0
video07,BirdDrone-Local,1172,0,0,0,0,0,0,0.0
video07,BirdDrone-Local,1173,0,0,0,0,0,0,0.0
video07,BirdDrone-Local,1174,0,0,0,0,0,0,0.0
video07,BirdDrone-Local,1175,0,0,0,0,0,0,0.0
video07,BirdDrone-Local,1176,0,0,0,0,0,0,0.0
video07,BirdDrone-Local,1177,0,0,0,0,0,0,0.0
video07,BirdDrone-Local,1178,0,0,0,0,0,0,0.0
video07,BirdDrone-Local,1179,0,0,0,0,0,0,0.0
video07,BirdDrone-Local,1180,0,0,0,0,0,0,0.0
video07,BirdDrone-Local,1181,0,0,0,0,0,0,0.0
video07,BirdDrone-Local,1182,0,0,0,0,0,0,0.0
video07,BirdDrone-Local,1183,0,0,0,0,0,0,0.0
video07,BirdDrone-Local,1184,0,0,0,0,0,0,0.0
video07,BirdDrone-Local,1185,0,0,0,0,0,0,0.0
video07,BirdDrone-Local,1186,0,0,0,0,0,0,0.0
video07,BirdDrone-Local,1187,0,0,0,0,0,0,0.0
video07,BirdDrone-Local,1188,0,0,0,0,0,0,0.0
video07,BirdDrone-Local,1189,0,0,0,0,0,0,0.0
video07,BirdDrone-Local,1190,0,0,0,0,0,0,0.0
video07,BirdDrone-Local,1191,0,0,0,0,0,0,0.0
video07,BirdDrone-Local,1192,0,0,0,0,0,0,0.0
video07,BirdDrone-Local,1193,0,0,0,0,0,0,0.0
video07,BirdDrone-Local,1194,0,0,0,0,0,0,0.0
video07,BirdDrone-Local,1195,0,0,0,0,0,0,0.0
video07,BirdDrone-Local,1196,0,0,0,0,0,0,0.0
video07,BirdDrone-Local,1197,0,0,0,0,0,0,0.0
video07,BirdDrone-Local,1198,0,0,0,0,0,0,0.0
video07,BirdDrone-Local,1199,0,0,0,0,0,0,0.0
video07,BirdDrone-Local,1200,0,0,0,0,0,0,0.0
video07,BirdDrone-Local,1201,0,0,0,0,0,0,0.0
video07,BirdDrone-Local,1202,0,0,0,0,0,0,0.0
video07,BirdDrone-Local,1203,0,0,0,0,0,0,0.0
video07,BirdDrone-Local,1204,0,0,0,0,0,0,0.0
video07,BirdDrone-Local,1205,0,0,0,0,0,0,0.0
video07,BirdDrone-Local,1206,0,0,0,0,0,0,0.0
video07,BirdDrone-Local,1207,0,0,0,0,0,0,0.0
video07,BirdDrone-Local,1208,2,2,0,0,2,0,0.3244956135749817
video07,BirdDrone-Local,1209,1,1,0,0,1,0,0.2941482365131378
video07,BirdDrone-Local,1210,0,0,0,0,0,0,0.0
video07,BirdDrone-Local,1211,0,0,0,0,0,0,0.0
video07,BirdDrone-Local,1212,0,0,0,0,0,0,0.0
video07,BirdDrone-Local,1213,0,0,0,0,0,0,0.0
video07,BirdDrone-Local,1214,0,0,0,0,0,0,0.0
video07,BirdDrone-Local,1215,0,0,0,0,0,0,0.0
video07,BirdDrone-Local,1216,0,0,0,0,0,0,0.0
video07,BirdDrone-Local,1217,0,0,0,0,0,0,0.0
video07,BirdDrone-Local,1218,0,0,0,0,0,0,0.0
video07,BirdDrone-Local,1219,1,1,0,0,1,0,0.3186250925064087
video07,BirdDrone-Local,1220,0,0,0,0,0,0,0.0
video07,BirdDrone-Local,1221,0,0,0,0,0,0,0.0
video07,BirdDrone-Local,1222,0,0,0,0,0,0,0.0
video07,BirdDrone-Local,1223,0,0,0,0,0,0,0.0
video07,BirdDrone-Local,1224,0,0,0,0,0,0,0.0
video07,BirdDrone-Local,1225,0,0,0,0,0,0,0.0
video07,BirdDrone-Local,1226,0,0,0,0,0,0,0.0
video07,BirdDrone-Local,1227,0,0,0,0,0,0,0.0
video07,BirdDrone-Local,1228,0,0,0,0,0,0,0.0
video07,BirdDrone-Local,1229,0,0,0,0,0,0,0.0
video07,BirdDrone-Local,1230,0,0,0,0,0,0,0.0
video07,BirdDrone-Local,1231,0,0,0,0,0,0,0.0
video07,BirdDrone-Local,1232,0,0,0,0,0,0,0.0
video07,BirdDrone-Local,1233,0,0,0,0,0,0,0.0
video07,BirdDrone-Local,1234,0,0,0,0,0,0,0.0
video07,BirdDrone-Local,1235,0,0,0,0,0,0,0.0
video07,BirdDrone-Local,1236,0,0,0,0,0,0,0.0
video07,BirdDrone-Local,1237,0,0,0,0,0,0,0.0
video07,BirdDrone-Local,1238,0,0,0,0,0,0,0.0
video07,BirdDrone-Local,1239,0,0,0,0,0,0,0.0
video07,BirdDrone-Local,1240,0,0,0,0,0,0,0.0
video07,BirdDrone-Local,1241,0,0,0,0,0,0,0.0
video07,BirdDrone-Local,1242,0,0,0,0,0,0,0.0
video07,BirdDrone-Local,1243,0,0,0,0,0,0,0.0
video07,BirdDrone-Local,1244,0,0,0,0,0,0,0.0
video07,BirdDrone-Local,1245,0,0,0,0,0,0,0.0
video07,BirdDrone-Local,1246,0,0,0,0,0,0,0.0
video07,BirdDrone-Local,1247,0,0,0,0,0,0,0.0
video07,BirdDrone-Local,1248,0,0,0,0,0,0,0.0
video07,BirdDrone-Local,1249,0,0,0,0,0,0,0.0
video07,BirdDrone-Local,1250,0,0,0,0,0,0,0.0
video07,BirdDrone-Local,1251,0,0,0,0,0,0,0.0
video07,BirdDrone-Local,1252,0,0,0,0,0,0,0.0
video07,BirdDrone-Local,1253,0,0,0,0,0,0,0.0
video07,BirdDrone-Local,1254,0,0,0,0,0,0,0.0
video07,BirdDrone-Local,1255,0,0,0,0,0,0,0.0
video07,BirdDrone-Local,1256,0,0,0,0,0,0,0.0
video07,BirdDrone-Local,1257,0,0,0,0,0,0,0.0
video07,BirdDrone-Local,1258,0,0,0,0,0,0,0.0
video07,BirdDrone-Local,1259,0,0,0,0,0,0,0.0
video07,BirdDrone-Local,1260,0,0,0,0,0,0,0.0
video07,BirdDrone-Local,1261,0,0,0,0,0,0,0.0
video07,BirdDrone-Local,1262,0,0,0,0,0,0,0.0
video07,BirdDrone-Local,1263,0,0,0,0,0,0,0.0
video07,BirdDrone-Local,1264,0,0,0,0,0,0,0.0
video07,BirdDrone-Local,1265,0,0,0,0,0,0,0.0
video07,BirdDrone-Local,1266,0,0,0,0,0,0,0.0
video07,BirdDrone-Local,1267,0,0,0,0,0,0,0.0
video07,BirdDrone-Local,1268,0,0,0,0,0,0,0.0
video07,BirdDrone-Local,1269,0,0,0,0,0,0,0.0
video07,BirdDrone-Local,1270,0,0,0,0,0,0,0.0
video07,BirdDrone-Local,1271,0,0,0,0,0,0,0.0
video07,BirdDrone-Local,1272,0,0,0,0,0,0,0.0
video07,BirdDrone-Local,1273,0,0,0,0,0,0,0.0
video07,BirdDrone-Local,1274,0,0,0,0,0,0,0.0
video07,BirdDrone-Local,1275,0,0,0,0,0,0,0.0
video07,BirdDrone-Local,1276,0,0,0,0,0,0,0.0
video07,BirdDrone-Local,1277,0,0,0,0,0,0,0.0
video07,BirdDrone-Local,1278,0,0,0,0,0,0,0.0
video07,BirdDrone-Local,1279,0,0,0,0,0,0,0.0
video07,BirdDrone-Local,1280,0,0,0,0,0,0,0.0
video07,BirdDrone-Local,1281,0,0,0,0,0,0,0.0
video07,BirdDrone-Local,1282,0,0,0,0,0,0,0.0
video07,BirdDrone-Local,1283,0,0,0,0,0,0,0.0
video07,BirdDrone-Local,1284,0,0,0,0,0,0,0.0
video07,BirdDrone-Local,1285,0,0,0,0,0,0,0.0
video07,BirdDrone-Local,1286,0,0,0,0,0,0,0.0
video07,BirdDrone-Local,1287,0,0,0,0,0,0,0.0
video07,BirdDrone-Local,1288,0,0,0,0,0,0,0.0
video07,BirdDrone-Local,1289,0,0,0,0,0,0,0.0
video07,BirdDrone-Local,1290,0,0,0,0,0,0,0.0
video07,BirdDrone-Local,1291,0,0,0,0,0,0,0.0
video07,BirdDrone-Local,1292,0,0,0,0,0,0,0.0
video07,BirdDrone-Local,1293,0,0,0,0,0,0,0.0
video07,BirdDrone-Local,1294,0,0,0,0,0,0,0.0
video07,BirdDrone-Local,1295,0,0,0,0,0,0,0.0
video07,BirdDrone-Local,1296,0,0,0,0,0,0,0.0
video07,BirdDrone-Local,1297,0,0,0,0,0,0,0.0
video07,BirdDrone-Local,1298,0,0,0,0,0,0,0.0
video07,BirdDrone-Local,1299,0,0,0,0,0,0,0.0
video07,BirdDrone-Local,1300,0,0,0,0,0,0,0.0
video07,BirdDrone-Local,1301,0,0,0,0,0,0,0.0
video07,BirdDrone-Local,1302,0,0,0,0,0,0,0.0
video07,BirdDrone-Local,1303,0,0,0,0,0,0,0.0
video07,BirdDrone-Local,1304,0,0,0,0,0,0,0.0
video07,BirdDrone-Local,1305,0,0,0,0,0,0,0.0
video07,BirdDrone-Local,1306,0,0,0,0,0,0,0.0
video07,BirdDrone-Local,1307,0,0,0,0,0,0,0.0
video07,BirdDrone-Local,1308,0,0,0,0,0,0,0.0
video07,BirdDrone-Local,1309,0,0,0,0,0,0,0.0
video07,BirdDrone-Local,1310,0,0,0,0,0,0,0.0
video07,BirdDrone-Local,1311,0,0,0,0,0,0,0.0
video07,BirdDrone-Local,1312,0,0,0,0,0,0,0.0
video07,BirdDrone-Local,1313,0,0,0,0,0,0,0.0
video07,BirdDrone-Local,1314,0,0,0,0,0,0,0.0
video07,BirdDrone-Local,1315,0,0,0,0,0,0,0.0
video07,BirdDrone-Local,1316,0,0,0,0,0,0,0.0
video07,BirdDrone-Local,1317,0,0,0,0,0,0,0.0
video07,BirdDrone-Local,1318,0,0,0,0,0,0,0.0
video07,BirdDrone-Local,1319,0,0,0,0,0,0,0.0
video07,BirdDrone-Local,1320,0,0,0,0,0,0,0.0
video07,BirdDrone-Local,1321,0,0,0,0,0,0,0.0
video07,BirdDrone-Local,1322,0,0,0,0,0,0,0.0
video07,BirdDrone-Local,1323,0,0,0,0,0,0,0.0
video07,BirdDrone-Local,1324,0,0,0,0,0,0,0.0
video07,BirdDrone-Local,1325,0,0,0,0,0,0,0.0
video07,BirdDrone-Local,1326,0,0,0,0,0,0,0.0
video07,BirdDrone-Local,1327,0,0,0,0,0,0,0.0
video07,BirdDrone-Local,1328,0,0,0,0,0,0,0.0
video07,BirdDrone-Local,1329,0,0,0,0,0,0,0.0
video07,BirdDrone-Local,1330,0,0,0,0,0,0,0.0
video07,BirdDrone-Local,1331,0,0,0,0,0,0,0.0
video07,BirdDrone-Local,1332,0,0,0,0,0,0,0.0
video07,BirdDrone-Local,1333,0,0,0,0,0,0,0.0
video07,BirdDrone-Local,1334,0,0,0,0,0,0,0.0
video07,BirdDrone-Local,1335,0,0,0,0,0,0,0.0
video07,BirdDrone-Local,1336,0,0,0,0,0,0,0.0
video07,BirdDrone-Local,1337,0,0,0,0,0,0,0.0
video07,BirdDrone-Local,1338,0,0,0,0,0,0,0.0
video07,BirdDrone-Local,1339,1,1,0,0,1,0,0.3381902575492859
video07,BirdDrone-Local,1340,1,1,0,0,1,0,0.2995484173297882
video07,BirdDrone-Local,1341,0,0,0,0,0,0,0.0
video07,BirdDrone-Local,1342,0,0,0,0,0,0,0.0
video07,BirdDrone-Local,1343,0,0,0,0,0,0,0.0
video07,BirdDrone-Local,1344,0,0,0,0,0,0,0.0
video07,BirdDrone-Local,1345,0,0,0,0,0,0,0.0
video07,BirdDrone-Local,1346,0,0,0,0,0,0,0.0
video07,BirdDrone-Local,1347,0,0,0,0,0,0,0.0
video07,BirdDrone-Local,1348,0,0,0,0,0,0,0.0
video07,BirdDrone-Local,1349,0,0,0,0,0,0,0.0
video07,BirdDrone-Local,1350,0,0,0,0,0,0,0.0
video07,BirdDrone-Local,1351,0,0,0,0,0,0,0.0
video07,BirdDrone-Local,1352,0,0,0,0,0,0,0.0
video07,BirdDrone-Local,1353,0,0,0,0,0,0,0.0
video07,BirdDrone-Local,1354,0,0,0,0,0,0,0.0
video07,BirdDrone-Local,1355,0,0,0,0,0,0,0.0
video07,BirdDrone-Local,1356,0,0,0,0,0,0,0.0
video07,BirdDrone-Local,1357,0,0,0,0,0,0,0.0
video07,BirdDrone-Local,1358,0,0,0,0,0,0,0.0
video07,BirdDrone-Local,1359,0,0,0,0,0,0,0.0
video07,BirdDrone-Local,1360,0,0,0,0,0,0,0.0
video07,BirdDrone-Local,1361,0,0,0,0,0,0,0.0
video07,BirdDrone-Local,1362,0,0,0,0,0,0,0.0
video07,BirdDrone-Local,1363,0,0,0,0,0,0,0.0
video07,BirdDrone-Local,1364,0,0,0,0,0,0,0.0
video07,BirdDrone-Local,1365,0,0,0,0,0,0,0.0
video07,BirdDrone-Local,1366,0,0,0,0,0,0,0.0
video07,BirdDrone-Local,1367,0,0,0,0,0,0,0.0
video07,BirdDrone-Local,1368,0,0,0,0,0,0,0.0
video07,BirdDrone-Local,1369,0,0,0,0,0,0,0.0
video07,BirdDrone-Local,1370,0,0,0,0,0,0,0.0
video07,BirdDrone-Local,1371,0,0,0,0,0,0,0.0
video07,BirdDrone-Local,1372,0,0,0,0,0,0,0.0
video07,BirdDrone-Local,1373,0,0,0,0,0,0,0.0
video07,BirdDrone-Local,1374,0,0,0,0,0,0,0.0
video07,BirdDrone-Local,1375,1,1,0,0,0,0,0.4876932203769684
video07,BirdDrone-Local,1376,1,1,0,0,0,0,0.6966021060943604
video07,BirdDrone-Local,1377,1,1,0,0,0,0,0.7453909516334534
video07,BirdDrone-Local,1378,1,1,0,0,0,0,0.744171142578125
video07,BirdDrone-Local,1379,1,1,0,0,0,0,0.7590527534484863
video07,BirdDrone-Local,1380,1,1,0,0,0,0,0.7189525961875916
video07,BirdDrone-Local,1381,1,1,0,0,0,0,0.8782485723495483
video07,BirdDrone-Local,1382,2,2,0,0,1,0,0.7755564451217651
video07,BirdDrone-Local,1383,1,1,0,0,0,0,0.8417344689369202
video07,BirdDrone-Local,1384,1,1,0,0,0,0,0.7447531819343567
video07,BirdDrone-Local,1385,1,1,0,0,0,0,0.8588821887969971
video07,BirdDrone-Local,1386,1,1,0,0,0,0,0.8286486864089966
video07,BirdDrone-Local,1387,1,1,0,0,0,0,0.8675998449325562
video07,BirdDrone-Local,1388,1,1,0,0,0,0,0.8076962232589722
video07,BirdDrone-Local,1389,1,1,0,0,0,0,0.7362983822822571
video07,BirdDrone-Local,1390,1,1,0,0,0,0,0.8869419097900391
video07,BirdDrone-Local,1391,1,1,0,0,0,0,0.8817324638366699
video07,BirdDrone-Local,1392,1,1,0,0,0,0,0.8760927319526672
video07,BirdDrone-Local,1393,2,2,0,0,0,0,0.7072439789772034
video07,BirdDrone-Local,1394,1,1,0,0,0,0,0.8948656320571899
video07,BirdDrone-Local,1395,1,1,0,0,0,0,0.8805049061775208
video07,BirdDrone-Local,1396,1,1,0,0,0,0,0.8574497699737549
video07,BirdDrone-Local,1397,2,2,0,0,0,0,0.7095267176628113
video07,BirdDrone-Local,1398,1,1,0,0,0,0,0.8478294014930725
video07,BirdDrone-Local,1399,1,1,0,0,0,0,0.8831873536109924
video07,BirdDrone-Local,1400,1,1,0,0,0,0,0.7165704369544983
video07,BirdDrone-Local,1401,1,1,0,0,0,0,0.8706557750701904
video07,BirdDrone-Local,1402,1,1,0,0,0,0,0.8734840750694275
video07,BirdDrone-Local,1403,1,1,0,0,0,0,0.875309407711029
video07,BirdDrone-Local,1404,1,1,0,0,0,0,0.870097815990448
video07,BirdDrone-Local,1405,1,1,0,0,0,0,0.8655797839164734
video07,BirdDrone-Local,1406,1,1,0,0,0,0,0.8427309393882751
video07,BirdDrone-Local,1407,1,1,0,0,0,0,0.8349799513816833
video07,BirdDrone-Local,1408,1,1,0,0,0,0,0.8492412567138672
video07,BirdDrone-Local,1409,1,1,0,0,0,0,0.8398499488830566
video07,BirdDrone-Local,1410,1,1,0,0,0,0,0.8417771458625793
video07,BirdDrone-Local,1411,1,1,0,0,0,0,0.8385193347930908
video07,BirdDrone-Local,1412,1,1,0,0,0,0,0.8186092376708984
video07,BirdDrone-Local,1413,1,1,0,0,0,0,0.8138246536254883
video07,BirdDrone-Local,1414,1,1,0,0,0,0,0.8418396711349487
video07,BirdDrone-Local,1415,1,1,0,0,0,0,0.4294135868549347
video07,BirdDrone-Local,1416,1,1,0,0,0,0,0.8535404801368713
video07,BirdDrone-Local,1417,1,1,0,0,0,0,0.8330166935920715
video07,BirdDrone-Local,1418,1,1,0,0,0,0,0.7461552619934082
video07,BirdDrone-Local,1419,1,1,0,0,0,0,0.8337532877922058
video07,BirdDrone-Local,1420,1,1,0,0,0,0,0.8057050704956055
video07,BirdDrone-Local,1421,1,1,0,0,0,0,0.8366756439208984
video07,BirdDrone-Local,1422,1,1,0,0,0,0,0.8357471227645874
video07,BirdDrone-Local,1423,1,1,0,0,0,0,0.6594632267951965
video07,BirdDrone-Local,1424,1,1,0,0,0,0,0.826930582523346
video07,BirdDrone-Local,1425,1,1,0,0,0,0,0.8000317215919495
video07,BirdDrone-Local,1426,1,1,0,0,0,0,0.7115258574485779
video07,BirdDrone-Local,1427,1,1,0,0,0,0,0.9010145664215088
video07,BirdDrone-Local,1428,1,1,0,0,0,0,0.6715016961097717
video07,BirdDrone-Local,1429,1,1,0,0,0,0,0.895882248878479
video07,BirdDrone-Local,1430,1,1,0,0,0,0,0.8781569004058838
video07,BirdDrone-Local,1431,1,1,0,0,0,0,0.8530651926994324
video07,BirdDrone-Local,1432,1,1,0,0,0,0,0.7376227974891663
video07,BirdDrone-Local,1433,1,1,0,0,0,0,0.832953929901123
video07,BirdDrone-Local,1434,1,1,0,0,0,0,0.49635323882102966
video07,BirdDrone-Local,1435,1,1,0,0,0,0,0.8683964610099792
video07,BirdDrone-Local,1436,1,1,0,0,0,0,0.8745697736740112
video07,BirdDrone-Local,1437,1,1,0,0,0,0,0.8743588924407959
video07,BirdDrone-Local,1438,1,1,0,0,0,0,0.8702279925346375
video07,BirdDrone-Local,1439,1,1,0,0,0,0,0.8655545115470886
video07,BirdDrone-Local,1440,1,1,0,0,0,0,0.8855530023574829
video07,BirdDrone-Local,1441,1,1,0,0,0,0,0.8721166253089905
video07,BirdDrone-Local,1442,1,1,0,0,0,0,0.8786768317222595
video07,BirdDrone-Local,1443,1,1,0,0,0,0,0.8816853165626526
video07,BirdDrone-Local,1444,1,1,0,0,0,0,0.867041826248169
video07,BirdDrone-Local,1445,1,1,0,0,0,0,0.8815568089485168
video07,BirdDrone-Local,1446,1,1,0,0,0,0,0.8801085948944092
video07,BirdDrone-Local,1447,1,1,0,0,0,0,0.8886829614639282
video07,BirdDrone-Local,1448,1,1,0,0,0,0,0.8706393241882324
video07,BirdDrone-Local,1449,1,1,0,0,0,0,0.8460371494293213
video07,BirdDrone-Local,1450,1,1,0,0,0,0,0.8427711129188538
video07,BirdDrone-Local,1451,1,1,0,0,0,0,0.8227053284645081
video07,BirdDrone-Local,1452,1,1,0,0,0,0,0.8503084182739258
video07,BirdDrone-Local,1453,1,1,0,0,0,0,0.8520845770835876
video07,BirdDrone-Local,1454,1,1,0,0,0,0,0.86442631483078
video07,BirdDrone-Local,1455,1,1,0,0,0,0,0.8709751963615417
video07,BirdDrone-Local,1456,1,1,0,0,0,0,0.8637319803237915
video07,BirdDrone-Local,1457,1,1,0,0,0,0,0.8730425834655762
video07,BirdDrone-Local,1458,1,1,0,0,0,0,0.8939605951309204
video07,BirdDrone-Local,1459,1,1,0,0,0,0,0.8691831231117249
video07,BirdDrone-Local,1460,2,2,0,0,0,0,0.799485445022583
video07,BirdDrone-Local,1461,1,1,0,0,0,0,0.8383233547210693
video07,BirdDrone-Local,1462,1,1,0,0,0,0,0.5383954644203186
video07,BirdDrone-Local,1463,1,1,0,0,0,0,0.8669660091400146
video07,BirdDrone-Local,1464,1,1,0,0,0,0,0.8656869530677795
video07,BirdDrone-Local,1465,1,1,0,0,0,0,0.8876635432243347
video07,BirdDrone-Local,1466,1,1,0,0,0,0,0.8827731013298035
video07,BirdDrone-Local,1467,1,1,0,0,0,0,0.8813795447349548
video07,BirdDrone-Local,1468,1,1,0,0,0,0,0.8461310267448425
video07,BirdDrone-Local,1469,1,1,0,0,0,0,0.8354195356369019
video07,BirdDrone-Local,1470,1,1,0,0,0,0,0.8615670800209045
video07,BirdDrone-Local,1471,1,1,0,0,0,0,0.8773109912872314
video07,BirdDrone-Local,1472,1,1,0,0,0,0,0.8725906014442444
video07,BirdDrone-Local,1473,1,1,0,0,0,0,0.8548741936683655
video07,BirdDrone-Local,1474,1,1,0,0,0,0,0.8736230731010437
video07,BirdDrone-Local,1475,1,1,0,0,0,0,0.8756323456764221
video07,BirdDrone-Local,1476,1,1,0,0,0,0,0.8700816035270691
video07,BirdDrone-Local,1477,1,1,0,0,0,0,0.8727155327796936
video07,BirdDrone-Local,1478,1,1,0,0,0,0,0.8740610480308533
video07,BirdDrone-Local,1479,1,1,0,0,0,0,0.8747556805610657
video07,BirdDrone-Local,1480,1,1,0,0,0,0,0.876384973526001
video07,BirdDrone-Local,1481,1,1,0,0,0,0,0.8759177327156067
video07,BirdDrone-Local,1482,1,1,0,0,0,0,0.8646823763847351
video07,BirdDrone-Local,1483,1,1,0,0,0,0,0.8745138645172119
video07,BirdDrone-Local,1484,1,1,0,0,0,0,0.8561577796936035
video07,BirdDrone-Local,1485,1,1,0,0,0,0,0.874387800693512
video07,BirdDrone-Local,1486,1,1,0,0,0,0,0.8639642596244812
video07,BirdDrone-Local,1487,1,1,0,0,0,0,0.881499171257019
video07,BirdDrone-Local,1488,1,1,0,0,0,0,0.8709222078323364
video07,BirdDrone-Local,1489,1,1,0,0,0,0,0.8692016005516052
video07,BirdDrone-Local,1490,1,1,0,0,0,0,0.83619225025177
video07,BirdDrone-Local,1491,1,1,0,0,0,0,0.8294999599456787
video07,BirdDrone-Local,1492,1,1,0,0,0,0,0.7759301662445068
video07,BirdDrone-Local,1493,1,1,0,0,0,0,0.5557510256767273
video07,BirdDrone-Local,1494,1,1,0,0,0,0,0.844027578830719
video07,BirdDrone-Local,1495,1,1,0,0,0,0,0.7921698093414307
video07,BirdDrone-Local,1496,1,1,0,0,0,0,0.841962993144989
video07,BirdDrone-Local,1497,1,1,0,0,0,0,0.8190785050392151
video07,BirdDrone-Local,1498,1,1,0,0,0,0,0.8538103103637695
video07,BirdDrone-Local,1499,1,1,0,0,0,0,0.8422176241874695
video07,BirdDrone-Local,1500,1,1,0,0,0,0,0.8016307353973389
video07,BirdDrone-Local,1501,1,1,0,0,0,0,0.8522213101387024
video07,BirdDrone-Local,1502,1,1,0,0,0,0,0.8772367238998413
video07,BirdDrone-Local,1503,1,1,0,0,0,0,0.8227208256721497
video07,BirdDrone-Local,1504,1,1,0,0,0,0,0.8819872140884399
video07,BirdDrone-Local,1505,1,1,0,0,0,0,0.8906682133674622
video07,BirdDrone-Local,1506,1,1,0,0,0,0,0.8849145770072937
video07,BirdDrone-Local,1507,1,1,0,0,0,0,0.8589958548545837
video07,BirdDrone-Local,1508,1,1,0,0,0,0,0.8783301711082458
video07,BirdDrone-Local,1509,1,1,0,0,0,0,0.8904297947883606
video07,BirdDrone-Local,1510,1,1,0,0,0,0,0.8974689245223999
video07,BirdDrone-Local,1511,1,1,0,0,0,0,0.8907124400138855
video07,BirdDrone-Local,1512,1,1,0,0,0,0,0.8881341218948364
video07,BirdDrone-Local,1513,1,1,0,0,0,0,0.8812193274497986
video07,BirdDrone-Local,1514,1,1,0,0,0,0,0.8594027757644653
video07,BirdDrone-Local,1515,1,1,0,0,0,0,0.876143217086792
video07,BirdDrone-Local,1516,1,1,0,0,0,0,0.8905215859413147
video07,BirdDrone-Local,1517,1,1,0,0,0,0,0.896431028842926
video07,BirdDrone-Local,1518,1,1,0,0,0,0,0.882156252861023
video07,BirdDrone-Local,1519,1,1,0,0,0,0,0.8293773531913757
video07,BirdDrone-Local,1520,1,1,0,0,0,0,0.8714208006858826
video07,BirdDrone-Local,1521,1,1,0,0,0,0,0.8354693651199341
video07,BirdDrone-Local,1522,1,1,0,0,0,0,0.8757765293121338
video07,BirdDrone-Local,1523,2,2,0,0,0,0,0.7913833856582642
video07,BirdDrone-Local,1524,1,1,0,0,0,0,0.8582542538642883
video07,BirdDrone-Local,1525,1,1,0,0,0,0,0.8927293419837952
video07,BirdDrone-Local,1526,2,2,0,0,0,0,0.7914756536483765
video07,BirdDrone-Local,1527,2,2,0,0,0,0,0.7262151837348938
video07,BirdDrone-Local,1528,1,1,0,0,0,0,0.862195611000061
video07,BirdDrone-Local,1529,1,1,0,0,0,0,0.8491668105125427
video07,BirdDrone-Local,1530,2,2,0,0,1,0,0.6390613317489624
video07,BirdDrone-Local,1531,1,1,0,0,0,0,0.6393542885780334
video07,BirdDrone-Local,1532,2,2,0,0,1,0,0.8067435622215271
video07,BirdDrone-Local,1533,1,1,0,0,0,0,0.6061210036277771
video07,BirdDrone-Local,1534,2,2,0,0,0,0,0.6314703226089478
video07,BirdDrone-Local,1535,2,2,0,0,0,0,0.6621503233909607
video07,BirdDrone-Local,1536,2,2,0,0,1,0,0.6109029650688171
video07,BirdDrone-Local,1537,1,1,0,0,0,0,0.5925678014755249
video07,BirdDrone-Local,1538,2,2,0,0,0,0,0.5267747640609741
video07,BirdDrone-Local,1539,1,1,0,0,0,0,0.7731772065162659
video07,BirdDrone-Local,1540,1,1,0,0,0,0,0.6662721037864685
video07,BirdDrone-Local,1541,1,1,0,0,0,0,0.5965254306793213
video07,BirdDrone-Local,1542,1,1,0,0,0,0,0.6533638834953308
video07,BirdDrone-Local,1543,1,1,0,0,0,0,0.8235771059989929
video07,BirdDrone-Local,1544,2,2,0,0,0,0,0.7644505500793457
video07,BirdDrone-Local,1545,2,2,0,0,0,0,0.7152993679046631
video07,BirdDrone-Local,1546,1,1,0,0,0,0,0.8370794653892517
video07,BirdDrone-Local,1547,1,1,0,0,0,0,0.7750163674354553
video07,BirdDrone-Local,1548,1,1,0,0,0,0,0.6373209357261658
video07,BirdDrone-Local,1549,1,1,0,0,0,0,0.7245194315910339
video07,BirdDrone-Local,1550,1,1,0,0,0,0,0.5030973553657532
video07,BirdDrone-Local,1551,1,1,0,0,0,0,0.7081897258758545
video07,BirdDrone-Local,1552,1,1,0,0,0,0,0.8109187483787537
video07,BirdDrone-Local,1553,1,1,0,0,0,0,0.8565905094146729
video07,BirdDrone-Local,1554,2,2,0,0,1,0,0.8726891875267029
video07,BirdDrone-Local,1555,2,2,0,0,1,0,0.8973923921585083
video07,BirdDrone-Local,1556,1,1,0,0,0,0,0.8665997982025146
video07,BirdDrone-Local,1557,1,1,0,0,0,0,0.904956579208374
video07,BirdDrone-Local,1558,1,1,0,0,0,0,0.8894356489181519
video07,BirdDrone-Local,1559,1,1,0,0,0,0,0.8797736167907715
video07,BirdDrone-Local,1560,2,2,0,0,1,0,0.8606667518615723
video07,BirdDrone-Local,1561,2,2,0,0,0,0,0.6711460947990417
video07,BirdDrone-Local,1562,3,3,0,0,0,0,0.6802449822425842
video07,BirdDrone-Local,1563,4,4,0,0,1,0,0.6334277391433716
video07,BirdDrone-Local,1564,2,2,0,0,0,0,0.5877781510353088
video07,BirdDrone-Local,1565,2,2,0,0,0,0,0.6941872835159302
video07,BirdDrone-Local,1566,2,2,0,0,0,0,0.68719482421875
video07,BirdDrone-Local,1567,2,2,0,0,0,0,0.6987272500991821
video07,BirdDrone-Local,1568,2,2,0,0,0,0,0.7594450116157532
video07,BirdDrone-Local,1569,2,2,0,0,0,0,0.713828980922699
video07,BirdDrone-Local,1570,2,2,0,0,1,0,0.6831997036933899
video07,BirdDrone-Local,1571,2,2,0,0,0,0,0.751954197883606
video07,BirdDrone-Local,1572,2,2,0,0,0,0,0.7434751391410828
video07,BirdDrone-Local,1573,2,2,0,0,0,0,0.6832385063171387
video07,BirdDrone-Local,1574,2,2,0,0,0,0,0.6660375595092773
video07,BirdDrone-Local,1575,2,2,0,0,0,0,0.6700965762138367
video07,BirdDrone-Local,1576,2,2,0,0,0,0,0.7328389286994934
video07,BirdDrone-Local,1577,2,2,0,0,0,0,0.7289748191833496
video07,BirdDrone-Local,1578,2,2,0,0,0,0,0.7310693860054016
video07,BirdDrone-Local,1579,3,3,0,0,1,0,0.7442013025283813
video07,BirdDrone-Local,1580,1,1,0,0,0,0,0.6998487114906311
video07,BirdDrone-Local,1581,3,3,0,0,0,0,0.7755470275878906
video07,BirdDrone-Local,1582,2,2,0,0,0,0,0.39497989416122437
video07,BirdDrone-Local,1583,2,2,0,0,0,0,0.7108761072158813
video07,BirdDrone-Local,1584,2,2,0,0,0,0,0.7708624005317688
video07,BirdDrone-Local,1585,2,2,0,0,0,0,0.7660138010978699
video07,BirdDrone-Local,1586,2,2,0,0,0,0,0.7413830161094666
video07,BirdDrone-Local,1587,2,2,0,0,0,0,0.7389894723892212
video07,BirdDrone-Local,1588,2,2,0,0,0,0,0.7065004110336304
video07,BirdDrone-Local,1589,2,2,0,0,0,0,0.7632994055747986
video07,BirdDrone-Local,1590,2,2,0,0,0,0,0.6858015060424805
video07,BirdDrone-Local,1591,3,3,0,0,0,0,0.6849760413169861
video07,BirdDrone-Local,1592,3,3,0,0,0,0,0.5822607278823853
video07,BirdDrone-Local,1593,3,3,0,0,0,0,0.7685505747795105
video07,BirdDrone-Local,1594,3,3,0,0,0,0,0.695106029510498
video07,BirdDrone-Local,1595,2,2,0,0,0,0,0.6390121579170227
video07,BirdDrone-Local,1596,2,2,0,0,0,0,0.6831753253936768
video07,BirdDrone-Local,1597,2,2,0,0,1,0,0.6814299821853638
video07,BirdDrone-Local,1598,2,2,0,0,0,0,0.7503383159637451
video07,BirdDrone-Local,1599,2,2,0,0,0,0,0.6557337641716003
video07,BirdDrone-Local,1600,2,2,0,0,0,0,0.7409840822219849
video07,BirdDrone-Local,1601,2,2,0,0,0,0,0.6098629832267761
video07,BirdDrone-Local,1602,2,2,0,0,0,0,0.581142008304596
video07,BirdDrone-Local,1603,3,3,0,0,0,0,0.5472010970115662
video07,BirdDrone-Local,1604,2,2,0,0,0,0,0.5865545272827148
video07,BirdDrone-Local,1605,2,2,0,0,0,0,0.5816512107849121
video07,BirdDrone-Local,1606,3,3,0,0,0,0,0.6680454611778259
video07,BirdDrone-Local,1607,2,2,0,0,1,0,0.5794645547866821
video07,BirdDrone-Local,1608,3,3,0,0,0,0,0.508853018283844
video07,BirdDrone-Local,1609,2,2,0,0,0,0,0.7453254461288452
video07,BirdDrone-Local,1610,2,2,0,0,0,0,0.6649109721183777
video07,BirdDrone-Local,1611,3,3,0,0,0,0,0.6518010497093201
video07,BirdDrone-Local,1612,3,3,0,0,1,0,0.6436242461204529
video07,BirdDrone-Local,1613,2,2,0,0,1,0,0.5806793570518494
video07,BirdDrone-Local,1614,2,2,0,0,0,0,0.5290248394012451
video07,BirdDrone-Local,1615,2,2,0,0,0,0,0.7621819376945496
video07,BirdDrone-Local,1616,1,1,0,0,0,0,0.6986457109451294
video07,BirdDrone-Local,1617,1,1,0,0,0,0,0.680564820766449
video07,BirdDrone-Local,1618,3,3,0,0,0,0,0.6403015851974487
video07,BirdDrone-Local,1619,2,2,0,0,0,0,0.5794581174850464
video07,BirdDrone-Local,1620,3,3,0,0,0,0,0.6449379920959473
video07,BirdDrone-Local,1621,2,2,0,0,0,0,0.5913089513778687
video07,BirdDrone-Local,1622,1,1,0,0,0,0,0.6118084192276001
video07,BirdDrone-Local,1623,2,2,0,0,0,0,0.5131129026412964
video07,BirdDrone-Local,1624,2,2,0,0,0,0,0.6825407147407532
video07,BirdDrone-Local,1625,2,2,0,0,0,0,0.5927508473396301
video07,BirdDrone-Local,1626,3,3,0,0,1,0,0.680757999420166
video07,BirdDrone-Local,1627,2,2,0,0,0,0,0.7299801707267761
video07,BirdDrone-Local,1628,3,3,0,0,1,0,0.6542176008224487
video07,BirdDrone-Local,1629,2,2,0,0,0,0,0.490090012550354
video07,BirdDrone-Local,1630,2,2,0,0,0,0,0.6843457818031311
video07,BirdDrone-Local,1631,2,2,0,0,0,0,0.6778666973114014
video07,BirdDrone-Local,1632,2,2,0,0,0,0,0.8147121667861938
video07,BirdDrone-Local,1633,2,2,0,0,0,0,0.5346255302429199
video07,BirdDrone-Local,1634,2,2,0,0,0,0,0.6765885949134827
video07,BirdDrone-Local,1635,1,1,0,0,0,0,0.6108518838882446
video07,BirdDrone-Local,1636,2,2,0,0,0,0,0.5419881939888
video07,BirdDrone-Local,1637,2,2,0,0,0,0,0.826627790927887
video07,BirdDrone-Local,1638,2,2,0,0,0,0,0.7618405222892761
video07,BirdDrone-Local,1639,2,2,0,0,0,0,0.8583976030349731
video07,BirdDrone-Local,1640,1,1,0,0,0,0,0.48042771220207214
video07,BirdDrone-Local,1641,2,2,0,0,0,0,0.8203772902488708
video07,BirdDrone-Local,1642,1,1,0,0,0,0,0.7774299383163452
video07,BirdDrone-Local,1643,1,1,0,0,0,0,0.8083677291870117
video07,BirdDrone-Local,1644,2,2,0,0,0,0,0.5578377842903137
video07,BirdDrone-Local,1645,2,2,0,0,0,0,0.8716909289360046
video07,BirdDrone-Local,1646,2,2,0,0,0,0,0.7952664494514465
video07,BirdDrone-Local,1647,1,1,0,0,0,0,0.7741286158561707
video07,BirdDrone-Local,1648,2,2,0,0,0,0,0.8382622599601746
video07,BirdDrone-Local,1649,2,2,0,0,0,0,0.7243823409080505
video07,BirdDrone-Local,1650,2,2,0,0,0,0,0.8453632593154907
video07,BirdDrone-Local,1651,3,3,0,0,1,0,0.6922523975372314
video07,BirdDrone-Local,1652,2,2,0,0,0,0,0.8927522301673889
video07,BirdDrone-Local,1653,2,2,0,0,0,0,0.876718282699585
video07,BirdDrone-Local,1654,2,2,0,0,0,0,0.832536518573761
video07,BirdDrone-Local,1655,2,2,0,0,0,0,0.8395960927009583
video07,BirdDrone-Local,1656,2,2,0,0,0,0,0.8206747174263
video07,BirdDrone-Local,1657,2,2,0,0,0,0,0.8601910471916199
video07,BirdDrone-Local,1658,2,2,0,0,0,0,0.7951605319976807
video07,BirdDrone-Local,1659,2,2,0,0,0,0,0.8504222631454468
video07,BirdDrone-Local,1660,2,2,0,0,0,0,0.861425518989563
video07,BirdDrone-Local,1661,2,2,0,0,0,0,0.8662588596343994
video07,BirdDrone-Local,1662,1,1,0,0,0,0,0.6795592904090881
video07,BirdDrone-Local,1663,1,1,0,0,0,0,0.8684200644493103
video07,BirdDrone-Local,1664,1,1,0,0,0,0,0.8366956114768982
video07,BirdDrone-Local,1665,1,1,0,0,0,0,0.851298451423645
video07,BirdDrone-Local,1666,1,1,0,0,0,0,0.797691285610199
video07,BirdDrone-Local,1667,1,1,0,0,0,0,0.8472263813018799
video07,BirdDrone-Local,1668,1,1,0,0,0,0,0.8629884123802185
video07,BirdDrone-Local,1669,1,1,0,0,0,0,0.8877010345458984
video07,BirdDrone-Local,1670,1,1,0,0,0,0,0.8626569509506226
video07,BirdDrone-Local,1671,1,1,0,0,0,0,0.8713712096214294
video07,BirdDrone-Local,1672,1,1,0,0,0,0,0.8873042464256287
video07,BirdDrone-Local,1673,1,1,0,0,0,0,0.8490182161331177
video07,BirdDrone-Local,1674,1,1,0,0,0,0,0.8720334768295288
video07,BirdDrone-Local,1675,1,1,0,0,0,0,0.8160209655761719
video07,BirdDrone-Local,1676,1,1,0,0,0,0,0.8815217614173889
video07,BirdDrone-Local,1677,1,1,0,0,0,0,0.8371684551239014
video07,BirdDrone-Local,1678,1,1,0,0,0,0,0.8355053067207336
video07,BirdDrone-Local,1679,1,1,0,0,0,0,0.6216698884963989
video07,BirdDrone-Local,1680,1,1,0,0,0,0,0.44691237807273865
video07,BirdDrone-Local,1681,0,0,0,0,0,0,0.0
video07,BirdDrone-Local,1682,0,0,0,0,0,0,0.0
video07,BirdDrone-Local,1683,0,0,0,0,0,0,0.0
video07,BirdDrone-Local,1684,0,0,0,0,0,0,0.0
video07,BirdDrone-Local,1685,0,0,0,0,0,0,0.0
video07,BirdDrone-Local,1686,0,0,0,0,0,0,0.0
video07,BirdDrone-Local,1687,0,0,0,0,0,0,0.0
video07,BirdDrone-Local,1688,0,0,0,0,0,0,0.0
video07,BirdDrone-Local,1689,0,0,0,0,0,0,0.0
video07,BirdDrone-Local,1690,0,0,0,0,0,0,0.0
video07,BirdDrone-Local,1691,0,0,0,0,0,0,0.0
video07,BirdDrone-Local,1692,0,0,0,0,0,0,0.0
video07,BirdDrone-Local,1693,0,0,0,0,0,0,0.0
video07,BirdDrone-Local,1694,0,0,0,0,0,0,0.0
video07,BirdDrone-Local,1695,0,0,0,0,0,0,0.0
video07,BirdDrone-Local,1696,0,0,0,0,0,0,0.0
video07,BirdDrone-Local,1697,0,0,0,0,0,0,0.0
video07,BirdDrone-Local,1698,0,0,0,0,0,0,0.0
video07,BirdDrone-Local,1699,0,0,0,0,0,0,0.0
video07,BirdDrone-Local,1700,0,0,0,0,0,0,0.0
video07,BirdDrone-Local,1701,0,0,0,0,0,0,0.0
video07,BirdDrone-Local,1702,0,0,0,0,0,0,0.0
video07,BirdDrone-Local,1703,0,0,0,0,0,0,0.0
video07,BirdDrone-Local,1704,0,0,0,0,0,0,0.0
video07,BirdDrone-Local,1705,0,0,0,0,0,0,0.0
video07,BirdDrone-Local,1706,0,0,0,0,0,0,0.0
video07,BirdDrone-Local,1707,0,0,0,0,0,0,0.0
video07,BirdDrone-Local,1708,0,0,0,0,0,0,0.0
video07,BirdDrone-Local,1709,0,0,0,0,0,0,0.0
video07,BirdDrone-Local,1710,0,0,0,0,0,0,0.0
video07,BirdDrone-Local,1711,0,0,0,0,0,0,0.0
video07,BirdDrone-Local,1712,0,0,0,0,0,0,0.0
video07,BirdDrone-Local,1713,0,0,0,0,0,0,0.0
video07,BirdDrone-Local,1714,0,0,0,0,0,0,0.0
video07,BirdDrone-Local,1715,0,0,0,0,0,0,0.0
video07,BirdDrone-Local,1716,0,0,0,0,0,0,0.0
video07,BirdDrone-Local,1717,0,0,0,0,0,0,0.0
video07,BirdDrone-Local,1718,0,0,0,0,0,0,0.0
video07,BirdDrone-Local,1719,0,0,0,0,0,0,0.0
video07,BirdDrone-Local,1720,0,0,0,0,0,0,0.0
video07,BirdDrone-Local,1721,0,0,0,0,0,0,0.0
video07,BirdDrone-Local,1722,0,0,0,0,0,0,0.0
video07,BirdDrone-Local,1723,0,0,0,0,0,0,0.0
video07,BirdDrone-Local,1724,0,0,0,0,0,0,0.0
video07,BirdDrone-Local,1725,0,0,0,0,0,0,0.0
video07,BirdDrone-Local,1726,0,0,0,0,0,0,0.0
video07,BirdDrone-Local,1727,0,0,0,0,0,0,0.0
video07,BirdDrone-Local,1728,0,0,0,0,0,0,0.0
video07,BirdDrone-Local,1729,0,0,0,0,0,0,0.0
video07,BirdDrone-Local,1730,0,0,0,0,0,0,0.0
video07,BirdDrone-Local,1731,0,0,0,0,0,0,0.0
video07,BirdDrone-Local,1732,0,0,0,0,0,0,0.0
video07,BirdDrone-Local,1733,0,0,0,0,0,0,0.0
video07,BirdDrone-Local,1734,0,0,0,0,0,0,0.0
video07,BirdDrone-Local,1735,0,0,0,0,0,0,0.0
video07,BirdDrone-Local,1736,0,0,0,0,0,0,0.0
video07,BirdDrone-Local,1737,0,0,0,0,0,0,0.0
video07,BirdDrone-Local,1738,0,0,0,0,0,0,0.0
video07,BirdDrone-Local,1739,0,0,0,0,0,0,0.0
video07,BirdDrone-Local,1740,0,0,0,0,0,0,0.0
video07,BirdDrone-Local,1741,0,0,0,0,0,0,0.0
video07,BirdDrone-Local,1742,0,0,0,0,0,0,0.0
video07,BirdDrone-Local,1743,0,0,0,0,0,0,0.0
video07,BirdDrone-Local,1744,0,0,0,0,0,0,0.0
video07,BirdDrone-Local,1745,0,0,0,0,0,0,0.0
video07,BirdDrone-Local,1746,0,0,0,0,0,0,0.0
video07,BirdDrone-Local,1747,0,0,0,0,0,0,0.0
video07,BirdDrone-Local,1748,0,0,0,0,0,0,0.0
video07,BirdDrone-Local,1749,0,0,0,0,0,0,0.0
video07,BirdDrone-Local,1750,0,0,0,0,0,0,0.0
video07,BirdDrone-Local,1751,0,0,0,0,0,0,0.0
video07,BirdDrone-Local,1752,0,0,0,0,0,0,0.0
video07,BirdDrone-Local,1753,0,0,0,0,0,0,0.0
video07,BirdDrone-Local,1754,0,0,0,0,0,0,0.0
video07,BirdDrone-Local,1755,0,0,0,0,0,0,0.0
video07,BirdDrone-Local,1756,0,0,0,0,0,0,0.0
video07,BirdDrone-Local,1757,0,0,0,0,0,0,0.0
video07,BirdDrone-Local,1758,0,0,0,0,0,0,0.0
video07,BirdDrone-Local,1759,0,0,0,0,0,0,0.0
video07,BirdDrone-Local,1760,0,0,0,0,0,0,0.0
video07,BirdDrone-Local,1761,0,0,0,0,0,0,0.0
video07,BirdDrone-Local,1762,0,0,0,0,0,0,0.0
video07,BirdDrone-Local,1763,0,0,0,0,0,0,0.0
video07,BirdDrone-Local,1764,0,0,0,0,0,0,0.0
video07,BirdDrone-Local,1765,0,0,0,0,0,0,0.0
video07,BirdDrone-Local,1766,0,0,0,0,0,0,0.0
video07,BirdDrone-Local,1767,0,0,0,0,0,0,0.0
video07,BirdDrone-Local,1768,0,0,0,0,0,0,0.0
video07,BirdDrone-Local,1769,0,0,0,0,0,0,0.0
video07,BirdDrone-Local,1770,0,0,0,0,0,0,0.0
video07,BirdDrone-Local,1771,0,0,0,0,0,0,0.0
video07,BirdDrone-Local,1772,0,0,0,0,0,0,0.0
video07,BirdDrone-Local,1773,0,0,0,0,0,0,0.0
video07,BirdDrone-Local,1774,0,0,0,0,0,0,0.0
video07,BirdDrone-Local,1775,0,0,0,0,0,0,0.0
video07,BirdDrone-Local,1776,0,0,0,0,0,0,0.0
video07,BirdDrone-Local,1777,0,0,0,0,0,0,0.0
video07,BirdDrone-Local,1778,0,0,0,0,0,0,0.0
video07,BirdDrone-Local,1779,0,0,0,0,0,0,0.0
video07,BirdDrone-Local,1780,0,0,0,0,0,0,0.0
video07,BirdDrone-Local,1781,0,0,0,0,0,0,0.0
video07,BirdDrone-Local,1782,0,0,0,0,0,0,0.0
video07,BirdDrone-Local,1783,0,0,0,0,0,0,0.0
video07,BirdDrone-Local,1784,1,1,0,0,1,0,0.3046138882637024
video07,BirdDrone-Local,1785,0,0,0,0,0,0,0.0
video07,BirdDrone-Local,1786,1,1,0,0,1,0,0.27548888325691223
video07,BirdDrone-Local,1787,1,1,0,0,0,0,0.4430273175239563
video07,BirdDrone-Local,1788,1,1,0,0,0,0,0.7602102160453796
video07,BirdDrone-Local,1789,1,1,0,0,0,0,0.8281540274620056
video07,BirdDrone-Local,1790,1,1,0,0,0,0,0.8294148445129395
video07,BirdDrone-Local,1791,1,1,0,0,0,0,0.687534511089325
video07,BirdDrone-Local,1792,1,1,0,0,0,0,0.7538163661956787
video07,BirdDrone-Local,1793,1,1,0,0,0,0,0.8044966459274292
video07,BirdDrone-Local,1794,1,1,0,0,0,0,0.8557423949241638
video07,BirdDrone-Local,1795,1,1,0,0,0,0,0.8341299295425415
video07,BirdDrone-Local,1796,1,1,0,0,0,0,0.8060923218727112
video07,BirdDrone-Local,1797,1,1,0,0,0,0,0.8159293532371521
video07,BirdDrone-Local,1798,1,1,0,0,0,0,0.7776709198951721
video07,BirdDrone-Local,1799,1,1,0,0,0,0,0.8578972816467285
video07,BirdDrone-Local,1800,1,1,0,0,0,0,0.8331072926521301
video07,BirdDrone-Local,1801,1,1,0,0,0,0,0.8826914429664612
video07,BirdDrone-Local,1802,1,1,0,0,0,0,0.8687295317649841
video07,BirdDrone-Local,1803,1,1,0,0,0,0,0.8229368925094604
video07,BirdDrone-Local,1804,1,1,0,0,0,0,0.3569905757904053
video07,BirdDrone-Local,1805,1,1,0,0,0,0,0.78945392370224
video07,BirdDrone-Local,1806,1,1,0,0,0,0,0.8314236402511597
video07,BirdDrone-Local,1807,1,1,0,0,0,0,0.7543662190437317
video07,BirdDrone-Local,1808,1,1,0,0,0,0,0.8630544543266296
video07,BirdDrone-Local,1809,1,1,0,0,0,0,0.8427352905273438
video07,BirdDrone-Local,1810,2,2,0,0,0,0,0.6374970078468323
video07,BirdDrone-Local,1811,1,1,0,0,0,0,0.8833701014518738
video07,BirdDrone-Local,1812,1,1,0,0,0,0,0.9006681442260742
video07,BirdDrone-Local,1813,1,1,0,0,0,0,0.8963488340377808
video07,BirdDrone-Local,1814,1,1,0,0,0,0,0.8919387459754944
video07,BirdDrone-Local,1815,1,1,0,0,0,0,0.7972508668899536
video07,BirdDrone-Local,1816,1,1,0,0,0,0,0.8596704006195068
video07,BirdDrone-Local,1817,1,1,0,0,0,0,0.7934502959251404
video07,BirdDrone-Local,1818,1,1,0,0,0,0,0.7738441824913025
video07,BirdDrone-Local,1819,1,1,0,0,0,0,0.7773897647857666
video07,BirdDrone-Local,1820,1,1,0,0,0,0,0.8738750219345093
video07,BirdDrone-Local,1821,1,1,0,0,0,0,0.9025723934173584
video07,BirdDrone-Local,1822,1,1,0,0,0,0,0.8950161933898926
video07,BirdDrone-Local,1823,1,1,0,0,0,0,0.8952488303184509
video07,BirdDrone-Local,1824,1,1,0,0,0,0,0.8890441656112671
video07,BirdDrone-Local,1825,1,1,0,0,0,0,0.8996948599815369
video07,BirdDrone-Local,1826,1,1,0,0,0,0,0.8968820571899414
video07,BirdDrone-Local,1827,1,1,0,0,0,0,0.8870619535446167
video07,BirdDrone-Local,1828,1,1,0,0,0,0,0.9001936912536621
video07,BirdDrone-Local,1829,1,1,0,0,0,0,0.8884669542312622
video07,BirdDrone-Local,1830,1,1,0,0,0,0,0.8906527161598206
video07,BirdDrone-Local,1831,1,1,0,0,0,0,0.8764408230781555
video07,BirdDrone-Local,1832,1,1,0,0,0,0,0.899087131023407
video07,BirdDrone-Local,1833,1,1,0,0,0,0,0.8855780363082886
video07,BirdDrone-Local,1834,1,1,0,0,0,0,0.8797939419746399
video07,BirdDrone-Local,1835,1,1,0,0,0,0,0.8708920478820801
video07,BirdDrone-Local,1836,1,1,0,0,0,0,0.9023433923721313
video07,BirdDrone-Local,1837,1,1,0,0,0,0,0.8920482993125916
video07,BirdDrone-Local,1838,1,1,0,0,0,0,0.8912838101387024
video07,BirdDrone-Local,1839,1,1,0,0,0,0,0.8556913733482361
video07,BirdDrone-Local,1840,1,1,0,0,0,0,0.8329089879989624
video07,BirdDrone-Local,1841,1,1,0,0,0,0,0.8494378328323364
video07,BirdDrone-Local,1842,1,1,0,0,0,0,0.8352222442626953
video07,BirdDrone-Local,1843,1,1,0,0,0,0,0.8415981531143188
video07,BirdDrone-Local,1844,1,1,0,0,0,0,0.5951323509216309
video07,BirdDrone-Local,1845,1,1,0,0,0,0,0.8803974986076355
video07,BirdDrone-Local,1846,1,1,0,0,0,0,0.8901573419570923
video07,BirdDrone-Local,1847,1,1,0,0,0,0,0.883758544921875
video07,BirdDrone-Local,1848,2,2,0,0,0,0,0.6135221719741821
video07,BirdDrone-Local,1849,1,1,0,0,0,0,0.7050446271896362
video07,BirdDrone-Local,1850,2,2,0,0,0,0,0.8136250972747803
video07,BirdDrone-Local,1851,1,1,0,0,0,0,0.6393823623657227
video07,BirdDrone-Local,1852,1,1,0,0,0,0,0.716399073600769
video07,BirdDrone-Local,1853,1,1,0,0,0,0,0.7995814681053162
video07,BirdDrone-Local,1854,1,1,0,0,0,0,0.7300348877906799
video07,BirdDrone-Local,1855,1,1,0,0,0,0,0.8537649512290955
video07,BirdDrone-Local,1856,1,1,0,0,0,0,0.8257436156272888
video07,BirdDrone-Local,1857,2,2,0,0,1,0,0.8533238768577576
video07,BirdDrone-Local,1858,1,1,0,0,0,0,0.7927573323249817
video07,BirdDrone-Local,1859,1,1,0,0,0,0,0.8832991123199463
video07,BirdDrone-Local,1860,1,1,0,0,0,0,0.8737692832946777
video07,BirdDrone-Local,1861,2,2,0,0,1,0,0.7376744151115417
video07,BirdDrone-Local,1862,1,1,0,0,0,0,0.8764261603355408
video07,BirdDrone-Local,1863,1,1,0,0,0,0,0.8624746799468994
video07,BirdDrone-Local,1864,1,1,0,0,0,0,0.851186990737915
video07,BirdDrone-Local,1865,1,1,0,0,0,0,0.8456313610076904
video07,BirdDrone-Local,1866,1,1,0,0,0,0,0.8498995304107666
video07,BirdDrone-Local,1867,1,1,0,0,0,0,0.8578528761863708
video07,BirdDrone-Local,1868,2,2,0,0,0,0,0.5530257225036621
video07,BirdDrone-Local,1869,1,1,0,0,0,0,0.8517913222312927
video07,BirdDrone-Local,1870,1,1,0,0,0,0,0.8423173427581787
video07,BirdDrone-Local,1871,1,1,0,0,0,0,0.8505416512489319
video07,BirdDrone-Local,1872,1,1,0,0,0,0,0.8422941565513611
video07,BirdDrone-Local,1873,1,1,0,0,0,0,0.847719132900238
video07,BirdDrone-Local,1874,1,1,0,0,0,0,0.8625478148460388
video07,BirdDrone-Local,1875,1,1,0,0,0,0,0.8484591841697693
video07,BirdDrone-Local,1876,1,1,0,0,0,0,0.8517330288887024
video07,BirdDrone-Local,1877,1,1,0,0,0,0,0.8513117432594299
video07,BirdDrone-Local,1878,1,1,0,0,0,0,0.8531684279441833
video07,BirdDrone-Local,1879,1,1,0,0,0,0,0.8397568464279175
video07,BirdDrone-Local,1880,1,1,0,0,0,0,0.8322548866271973
video07,BirdDrone-Local,1881,1,1,0,0,0,0,0.8228487372398376
video07,BirdDrone-Local,1882,1,1,0,0,0,0,0.7658581733703613
video07,BirdDrone-Local,1883,1,1,0,0,0,0,0.5615769028663635
video07,BirdDrone-Local,1884,1,1,0,0,0,0,0.8702621459960938
video07,BirdDrone-Local,1885,1,1,0,0,0,0,0.8497986197471619
video07,BirdDrone-Local,1886,1,1,0,0,0,0,0.8408123254776001
video07,BirdDrone-Local,1887,1,1,0,0,0,0,0.8400911688804626
video07,BirdDrone-Local,1888,1,1,0,0,0,0,0.8433408737182617
video07,BirdDrone-Local,1889,1,1,0,0,0,0,0.8376606702804565
video07,BirdDrone-Local,1890,1,1,0,0,0,0,0.830754816532135
video07,BirdDrone-Local,1891,1,1,0,0,0,0,0.838675856590271
video07,BirdDrone-Local,1892,1,1,0,0,0,0,0.8252615332603455
video07,BirdDrone-Local,1893,1,1,0,0,0,0,0.8495558500289917
video07,BirdDrone-Local,1894,1,1,0,0,0,0,0.8565993309020996
video07,BirdDrone-Local,1895,1,1,0,0,0,0,0.8383001685142517
video07,BirdDrone-Local,1896,1,1,0,0,0,0,0.857021152973175
video07,BirdDrone-Local,1897,1,1,0,0,0,0,0.8691133260726929
video07,BirdDrone-Local,1898,1,1,0,0,0,0,0.8668051958084106
video07,BirdDrone-Local,1899,1,1,0,0,0,0,0.7470779418945312
video07,BirdDrone-Local,1900,1,1,0,0,0,0,0.8062422275543213
video07,BirdDrone-Local,1901,1,1,0,0,0,0,0.825959324836731
video07,BirdDrone-Local,1902,1,1,0,0,0,0,0.837592601776123
video07,BirdDrone-Local,1903,1,1,0,0,0,0,0.8264150023460388
video07,BirdDrone-Local,1904,1,1,0,0,0,0,0.8155216574668884
video07,BirdDrone-Local,1905,1,1,0,0,0,0,0.7870436310768127
video07,BirdDrone-Local,1906,0,0,0,0,0,0,0.0
video07,BirdDrone-Local,1907,0,0,0,0,0,0,0.0
video07,BirdDrone-Local,1908,1,1,0,0,0,0,0.39164969325065613
video07,BirdDrone-Local,1909,1,1,0,0,0,0,0.5161486864089966
video07,BirdDrone-Local,1910,1,1,0,0,0,0,0.6502126455307007
video07,BirdDrone-Local,1911,1,1,0,0,0,0,0.7565726041793823
video07,BirdDrone-Local,1912,1,1,0,0,0,0,0.7952287197113037
video07,BirdDrone-Local,1913,1,1,0,0,0,0,0.8204243183135986
video07,BirdDrone-Local,1914,1,1,0,0,0,0,0.8182559609413147
video07,BirdDrone-Local,1915,1,1,0,0,0,0,0.7575950622558594
video07,BirdDrone-Local,1916,1,1,0,0,0,0,0.7911645174026489
video07,BirdDrone-Local,1917,0,0,0,0,0,0,0.0
video07,BirdDrone-Local,1918,1,1,0,0,0,0,0.7635799646377563
video07,BirdDrone-Local,1919,1,1,0,0,0,0,0.42256397008895874
video07,BirdDrone-Local,1920,1,1,0,0,0,0,0.7920164465904236
video07,BirdDrone-Local,1921,1,1,0,0,0,0,0.8297195434570312
video07,BirdDrone-Local,1922,1,1,0,0,0,0,0.7401912212371826
video07,BirdDrone-Local,1923,1,1,0,0,0,0,0.7972864508628845
video07,BirdDrone-Local,1924,1,1,0,0,0,0,0.3514038920402527
video07,BirdDrone-Local,1925,1,1,0,0,0,0,0.7631543874740601
video07,BirdDrone-Local,1926,1,1,0,0,1,0,0.29230621457099915
video07,BirdDrone-Local,1927,0,0,0,0,0,0,0.0
video07,BirdDrone-Local,1928,0,0,0,0,0,0,0.0
video07,BirdDrone-Local,1929,1,1,0,0,0,0,0.5175482630729675
video07,BirdDrone-Local,1930,0,0,0,0,0,0,0.0
video07,BirdDrone-Local,1931,1,1,0,0,0,0,0.5709822773933411
video07,BirdDrone-Local,1932,0,0,0,0,0,0,0.0
video07,BirdDrone-Local,1933,0,0,0,0,0,0,0.0
video07,BirdDrone-Local,1934,1,1,0,0,0,0,0.501632571220398
video07,BirdDrone-Local,1935,2,2,0,0,1,0,0.6896357536315918
video07,BirdDrone-Local,1936,1,1,0,0,1,0,0.27995073795318604
video07,BirdDrone-Local,1937,1,1,0,0,0,0,0.5716874599456787
video07,BirdDrone-Local,1938,1,1,0,0,0,0,0.7244824767112732
video07,BirdDrone-Local,1939,0,0,0,0,0,0,0.0
video07,BirdDrone-Local,1940,0,0,0,0,0,0,0.0
video07,BirdDrone-Local,1941,1,1,0,0,0,0,0.396201491355896
video07,BirdDrone-Local,1942,2,2,0,0,1,0,0.6579540967941284
video07,BirdDrone-Local,1943,1,1,0,0,0,0,0.4336945116519928
video07,BirdDrone-Local,1944,1,1,0,0,0,0,0.6992533802986145
video07,BirdDrone-Local,1945,1,1,0,0,0,0,0.5579190254211426
video07,BirdDrone-Local,1946,1,1,0,0,0,0,0.726977527141571
video07,BirdDrone-Local,1947,1,1,0,0,0,0,0.6413977742195129
video07,BirdDrone-Local,1948,1,1,0,0,1,0,0.33233898878097534
video07,BirdDrone-Local,1949,1,1,0,0,1,0,0.2583574056625366
video07,BirdDrone-Local,1950,0,0,0,0,0,0,0.0
video07,BirdDrone-Local,1951,1,1,0,0,0,0,0.6725005507469177
video07,BirdDrone-Local,1952,1,1,0,0,0,0,0.39168718457221985
video07,BirdDrone-Local,1953,0,0,0,0,0,0,0.0
video07,BirdDrone-Local,1954,2,2,0,0,1,0,0.37775057554244995
video07,BirdDrone-Local,1955,2,2,0,0,1,0,0.3784283697605133
video07,BirdDrone-Local,1956,2,2,0,0,1,0,0.5031123161315918
video07,BirdDrone-Local,1957,1,1,0,0,0,0,0.5457621216773987
video07,BirdDrone-Local,1958,1,1,0,0,0,0,0.5399307608604431
video07,BirdDrone-Local,1959,1,1,0,0,0,0,0.5405923128128052
video07,BirdDrone-Local,1960,1,1,0,0,0,0,0.47909003496170044
video07,BirdDrone-Local,1961,1,1,0,0,0,0,0.4821527898311615
video07,BirdDrone-Local,1962,1,1,0,0,0,0,0.6936168670654297
video07,BirdDrone-Local,1963,1,1,0,0,1,0,0.33184829354286194
video07,BirdDrone-Local,1964,1,1,0,0,1,0,0.33423006534576416
video07,BirdDrone-Local,1965,2,2,0,0,1,0,0.5828940868377686
video07,BirdDrone-Local,1966,1,1,0,0,0,0,0.36755719780921936
video07,BirdDrone-Local,1967,1,1,0,0,0,0,0.37086221575737
video07,BirdDrone-Local,1968,1,1,0,0,0,0,0.6883783936500549
video07,BirdDrone-Local,1969,1,1,0,0,0,0,0.5573426485061646
video07,BirdDrone-Local,1970,1,1,0,0,0,0,0.44687867164611816
video07,BirdDrone-Local,1971,1,1,0,0,0,0,0.4462478458881378
video07,BirdDrone-Local,1972,0,0,0,0,0,0,0.0
video07,BirdDrone-Local,1973,0,0,0,0,0,0,0.0
video07,BirdDrone-Local,1974,0,0,0,0,0,0,0.0
video07,BirdDrone-Local,1975,0,0,0,0,0,0,0.0
video07,BirdDrone-Local,1976,0,0,0,0,0,0,0.0
video07,BirdDrone-Local,1977,0,0,0,0,0,0,0.0
video07,BirdDrone-Local,1978,0,0,0,0,0,0,0.0
video07,BirdDrone-Local,1979,0,0,0,0,0,0,0.0
video07,BirdDrone-Local,1980,0,0,0,0,0,0,0.0
video07,BirdDrone-Local,1981,0,0,0,0,0,0,0.0
video07,BirdDrone-Local,1982,0,0,0,0,0,0,0.0
video07,BirdDrone-Local,1983,0,0,0,0,0,0,0.0
video07,BirdDrone-Local,1984,0,0,0,0,0,0,0.0
video07,BirdDrone-Local,1985,0,0,0,0,0,0,0.0
video07,BirdDrone-Local,1986,0,0,0,0,0,0,0.0
video07,BirdDrone-Local,1987,0,0,0,0,0,0,0.0
video07,BirdDrone-Local,1988,0,0,0,0,0,0,0.0
video07,BirdDrone-Local,1989,0,0,0,0,0,0,0.0
video07,BirdDrone-Local,1990,0,0,0,0,0,0,0.0
video07,BirdDrone-Local,1991,0,0,0,0,0,0,0.0
video07,BirdDrone-Local,1992,0,0,0,0,0,0,0.0
video07,BirdDrone-Local,1993,0,0,0,0,0,0,0.0
video07,BirdDrone-Local,1994,0,0,0,0,0,0,0.0
video07,BirdDrone-Local,1995,0,0,0,0,0,0,0.0
video07,BirdDrone-Local,1996,0,0,0,0,0,0,0.0
video07,BirdDrone-Local,1997,0,0,0,0,0,0,0.0
video07,BirdDrone-Local,1998,0,0,0,0,0,0,0.0
video07,BirdDrone-Local,1999,0,0,0,0,0,0,0.0
video07,BirdDrone-Local,2000,0,0,0,0,0,0,0.0
video07,BirdDrone-Local,2001,0,0,0,0,0,0,0.0
video07,BirdDrone-Local,2002,0,0,0,0,0,0,0.0
video07,BirdDrone-Local,2003,0,0,0,0,0,0,0.0
video07,BirdDrone-Local,2004,0,0,0,0,0,0,0.0
video07,BirdDrone-Local,2005,0,0,0,0,0,0,0.0
video07,BirdDrone-Local,2006,0,0,0,0,0,0,0.0
video07,BirdDrone-Local,2007,0,0,0,0,0,0,0.0
video07,BirdDrone-Local,2008,0,0,0,0,0,0,0.0
video07,BirdDrone-Local,2009,0,0,0,0,0,0,0.0
video07,BirdDrone-Local,2010,0,0,0,0,0,0,0.0
video07,BirdDrone-Local,2011,0,0,0,0,0,0,0.0
video07,BirdDrone-Local,2012,0,0,0,0,0,0,0.0
video07,BirdDrone-Local,2013,0,0,0,0,0,0,0.0
video07,BirdDrone-Local,2014,1,1,0,0,1,0,0.3448720872402191
video07,BirdDrone-Local,2015,1,1,0,0,1,0,0.3125656545162201
video07,BirdDrone-Local,2016,1,1,0,0,0,0,0.4209882318973541
video07,BirdDrone-Local,2017,1,1,0,0,1,0,0.34534281492233276
video07,BirdDrone-Local,2018,1,1,0,0,1,0,0.3083781599998474
video07,BirdDrone-Local,2019,0,0,0,0,0,0,0.0
video07,BirdDrone-Local,2020,0,0,0,0,0,0,0.0
video07,BirdDrone-Local,2021,0,0,0,0,0,0,0.0
video07,BirdDrone-Local,2022,0,0,0,0,0,0,0.0
video07,BirdDrone-Local,2023,0,0,0,0,0,0,0.0
video07,BirdDrone-Local,2024,0,0,0,0,0,0,0.0
video07,BirdDrone-Local,2025,0,0,0,0,0,0,0.0
video07,BirdDrone-Local,2026,1,1,0,0,0,0,0.5360477566719055
video07,BirdDrone-Local,2027,0,0,0,0,0,0,0.0
video07,BirdDrone-Local,2028,1,1,0,0,1,0,0.2728702127933502
video07,BirdDrone-Local,2029,0,0,0,0,0,0,0.0
video07,BirdDrone-Local,2030,0,0,0,0,0,0,0.0
video07,BirdDrone-Local,2031,0,0,0,0,0,0,0.0
video07,BirdDrone-Local,2032,0,0,0,0,0,0,0.0
video07,BirdDrone-Local,2033,1,1,0,0,1,0,0.26451048254966736
video07,BirdDrone-Local,2034,1,1,0,0,1,0,0.3309423327445984
video07,BirdDrone-Local,2035,1,1,0,0,1,0,0.30899906158447266
video07,BirdDrone-Local,2036,0,0,0,0,0,0,0.0
video07,BirdDrone-Local,2037,0,0,0,0,0,0,0.0
video07,BirdDrone-Local,2038,0,0,0,0,0,0,0.0
video07,BirdDrone-Local,2039,1,1,0,0,0,0,0.4321761727333069
video07,BirdDrone-Local,2040,1,1,0,0,0,0,0.4454942047595978
video07,BirdDrone-Local,2041,2,2,0,0,1,0,0.3803030252456665
video07,BirdDrone-Local,2042,1,1,0,0,0,0,0.3739262521266937
video07,BirdDrone-Local,2043,1,1,0,0,0,0,0.6096058487892151
video07,BirdDrone-Local,2044,1,1,0,0,0,0,0.39292266964912415
video07,BirdDrone-Local,2045,0,0,0,0,0,0,0.0
video07,BirdDrone-Local,2046,1,1,0,0,1,0,0.29055055975914
video07,BirdDrone-Local,2047,1,1,0,0,0,0,0.403033047914505
video07,BirdDrone-Local,2048,1,1,0,0,0,0,0.42535483837127686
video07,BirdDrone-Local,2049,0,0,0,0,0,0,0.0
video07,BirdDrone-Local,2050,1,1,0,0,0,0,0.46166378259658813
video07,BirdDrone-Local,2051,1,1,0,0,0,0,0.4189460277557373
video07,BirdDrone-Local,2052,1,1,0,0,0,0,0.44606274366378784
video07,BirdDrone-Local,2053,1,1,0,0,0,0,0.5089504718780518
video07,BirdDrone-Local,2054,1,1,0,0,0,0,0.5323253870010376
video07,BirdDrone-Local,2055,1,1,0,0,1,0,0.28065505623817444
video07,BirdDrone-Local,2056,1,1,0,0,0,0,0.3596985936164856
video07,BirdDrone-Local,2057,1,1,0,0,0,0,0.6269859671592712
video07,BirdDrone-Local,2058,1,1,0,0,0,0,0.593097984790802
video07,BirdDrone-Local,2059,1,1,0,0,0,0,0.6020652055740356
video07,BirdDrone-Local,2060,1,1,0,0,0,0,0.5325993895530701
video07,BirdDrone-Local,2061,1,1,0,0,0,0,0.542770504951477
video07,BirdDrone-Local,2062,1,1,0,0,0,0,0.5770201683044434
video07,BirdDrone-Local,2063,1,1,0,0,0,0,0.4876774549484253
video07,BirdDrone-Local,2064,1,1,0,0,1,0,0.349252849817276
video07,BirdDrone-Local,2065,1,1,0,0,0,0,0.6818602085113525
video07,BirdDrone-Local,2066,1,1,0,0,0,0,0.5982214212417603
video07,BirdDrone-Local,2067,1,1,0,0,0,0,0.45502594113349915
video07,BirdDrone-Local,2068,1,1,0,0,0,0,0.5250867605209351
video07,BirdDrone-Local,2069,1,1,0,0,0,0,0.5346544981002808
video07,BirdDrone-Local,2070,1,1,0,0,0,0,0.5858197808265686
video07,BirdDrone-Local,2071,1,1,0,0,0,0,0.39355549216270447
video07,BirdDrone-Local,2072,1,1,0,0,0,0,0.3822254240512848
video07,BirdDrone-Local,2073,1,1,0,0,0,0,0.4135969579219818
video07,BirdDrone-Local,2074,1,1,0,0,1,0,0.3212626278400421
video07,BirdDrone-Local,2075,1,1,0,0,0,0,0.4203309118747711
video07,BirdDrone-Local,2076,1,1,0,0,0,0,0.43449342250823975
video07,BirdDrone-Local,2077,1,1,0,0,0,0,0.4565202593803406
video07,BirdDrone-Local,2078,1,1,0,0,0,0,0.6958658695220947
video07,BirdDrone-Local,2079,1,1,0,0,0,0,0.5747905969619751
video07,BirdDrone-Local,2080,1,1,0,0,0,0,0.7216578125953674
video07,BirdDrone-Local,2081,1,1,0,0,0,0,0.7399523854255676
video07,BirdDrone-Local,2082,2,2,0,0,2,0,0.33258235454559326
video07,BirdDrone-Local,2083,1,1,0,0,0,0,0.5265657901763916
video07,BirdDrone-Local,2084,1,1,0,0,0,0,0.5151239633560181
video07,BirdDrone-Local,2085,1,1,0,0,0,0,0.6894828081130981
video07,BirdDrone-Local,2086,1,1,0,0,1,0,0.2826807498931885
video07,BirdDrone-Local,2087,1,1,0,0,0,0,0.6806212067604065
video07,BirdDrone-Local,2088,1,1,0,0,0,0,0.5831339955329895
video07,BirdDrone-Local,2089,1,1,0,0,0,0,0.6604795455932617
video07,BirdDrone-Local,2090,1,1,0,0,0,0,0.4082523286342621
video07,BirdDrone-Local,2091,1,1,0,0,0,0,0.5814982652664185
video07,BirdDrone-Local,2092,1,1,0,0,0,0,0.5662963390350342
video07,BirdDrone-Local,2093,1,1,0,0,1,0,0.2665022909641266
video07,BirdDrone-Local,2094,1,1,0,0,0,0,0.5198862552642822
video07,BirdDrone-Local,2095,0,0,0,0,0,0,0.0
video07,BirdDrone-Local,2096,1,1,0,0,0,0,0.6062944531440735
video07,BirdDrone-Local,2097,2,2,0,0,1,0,0.558233380317688
video07,BirdDrone-Local,2098,2,2,0,0,1,0,0.35523122549057007
video07,BirdDrone-Local,2099,2,2,0,0,1,0,0.433817982673645
video07,BirdDrone-Local,2100,1,1,0,0,0,0,0.6287841200828552
video07,BirdDrone-Local,2101,1,1,0,0,0,0,0.5395755767822266
video07,BirdDrone-Local,2102,2,2,0,0,0,0,0.5975528359413147
video07,BirdDrone-Local,2103,1,1,0,0,0,0,0.6326636672019958
video07,BirdDrone-Local,2104,1,1,0,0,0,0,0.7107104659080505
video07,BirdDrone-Local,2105,1,1,0,0,0,0,0.7043949365615845
video07,BirdDrone-Local,2106,1,1,0,0,0,0,0.6286576390266418
video07,BirdDrone-Local,2107,1,1,0,0,0,0,0.6929665207862854
video07,BirdDrone-Local,2108,1,1,0,0,0,0,0.791325569152832
video07,BirdDrone-Local,2109,1,1,0,0,0,0,0.6779031157493591
video07,BirdDrone-Local,2110,1,1,0,0,0,0,0.790033221244812
video07,BirdDrone-Local,2111,1,1,0,0,0,0,0.7885370850563049
video07,BirdDrone-Local,2112,1,1,0,0,0,0,0.7227745652198792
video07,BirdDrone-Local,2113,2,2,0,0,0,0,0.6895622611045837
video07,BirdDrone-Local,2114,1,1,0,0,0,0,0.611622154712677
video07,BirdDrone-Local,2115,1,1,0,0,0,0,0.7295154929161072
video07,BirdDrone-Local,2116,1,1,0,0,0,0,0.7593978047370911
video07,BirdDrone-Local,2117,1,1,0,0,0,0,0.6618366241455078
video07,BirdDrone-Local,2118,1,1,0,0,0,0,0.7912887334823608
video07,BirdDrone-Local,2119,1,1,0,0,0,0,0.8033012747764587
video07,BirdDrone-Local,2120,1,1,0,0,0,0,0.8148809671401978
video07,BirdDrone-Local,2121,1,1,0,0,0,0,0.8025264739990234
video07,BirdDrone-Local,2122,1,1,0,0,0,0,0.7471182346343994
video07,BirdDrone-Local,2123,1,1,0,0,0,0,0.7903913259506226
video07,BirdDrone-Local,2124,1,1,0,0,0,0,0.6945492029190063
video07,BirdDrone-Local,2125,1,1,0,0,0,0,0.7574325799942017
video07,BirdDrone-Local,2126,1,1,0,0,0,0,0.8413703441619873
video07,BirdDrone-Local,2127,1,1,0,0,0,0,0.6706714630126953
video07,BirdDrone-Local,2128,1,1,0,0,0,0,0.7843493819236755
video07,BirdDrone-Local,2129,1,1,0,0,0,0,0.4857971966266632
video07,BirdDrone-Local,2130,1,1,0,0,0,0,0.7707400918006897
video07,BirdDrone-Local,2131,1,1,0,0,0,0,0.7325589656829834
video07,BirdDrone-Local,2132,2,2,0,0,1,0,0.7735662460327148
video07,BirdDrone-Local,2133,2,2,0,0,1,0,0.40135228633880615
video07,BirdDrone-Local,2134,2,2,0,0,0,0,0.7970679998397827
video07,BirdDrone-Local,2135,1,1,0,0,0,0,0.7799432873725891
video07,BirdDrone-Local,2136,1,1,0,0,0,0,0.6771621704101562
video07,BirdDrone-Local,2137,1,1,0,0,0,0,0.7294254899024963
video07,BirdDrone-Local,2138,2,2,0,0,1,0,0.7451854944229126
video07,BirdDrone-Local,2139,1,1,0,0,0,0,0.5507359504699707
video07,BirdDrone-Local,2140,2,2,0,0,0,0,0.7497226595878601
video07,BirdDrone-Local,2141,1,1,0,0,0,0,0.7619547247886658
video07,BirdDrone-Local,2142,1,1,0,0,0,0,0.7800828814506531
video07,BirdDrone-Local,2143,1,1,0,0,0,0,0.6837538480758667
video07,BirdDrone-Local,2144,1,1,0,0,0,0,0.6747645139694214
video07,BirdDrone-Local,2145,1,1,0,0,0,0,0.7392871975898743
video07,BirdDrone-Local,2146,1,1,0,0,0,0,0.49873825907707214
video07,BirdDrone-Local,2147,0,0,0,0,0,0,0.0
video07,BirdDrone-Local,2148,1,1,0,0,0,0,0.47161629796028137
video07,BirdDrone-Local,2149,1,1,0,0,0,0,0.5655785799026489
video07,BirdDrone-Local,2150,2,2,0,0,0,0,0.6083263754844666
video07,BirdDrone-Local,2151,1,1,0,0,0,0,0.6515429019927979
video07,BirdDrone-Local,2152,1,1,0,0,0,0,0.7553542852401733
video07,BirdDrone-Local,2153,1,1,0,0,0,0,0.45955124497413635
video07,BirdDrone-Local,2154,2,2,0,0,1,0,0.7527708411216736
video07,BirdDrone-Local,2155,1,1,0,0,0,0,0.6504395008087158
video07,BirdDrone-Local,2156,1,1,0,0,0,0,0.6811234951019287
video07,BirdDrone-Local,2157,2,2,0,0,0,0,0.5584671497344971
video07,BirdDrone-Local,2158,2,2,0,0,1,0,0.662674605846405
video07,BirdDrone-Local,2159,2,2,0,0,1,0,0.46396932005882263
video07,BirdDrone-Local,2160,1,1,0,0,0,0,0.7692167162895203
video07,BirdDrone-Local,2161,1,1,0,0,0,0,0.764799177646637
video07,BirdDrone-Local,2162,1,1,0,0,0,0,0.7837798595428467
video07,BirdDrone-Local,2163,1,1,0,0,0,0,0.6085188984870911
video07,BirdDrone-Local,2164,1,1,0,0,0,0,0.644788384437561
video07,BirdDrone-Local,2165,1,1,0,0,0,0,0.728962779045105
video07,BirdDrone-Local,2166,1,1,0,0,0,0,0.540051281452179
video07,BirdDrone-Local,2167,2,2,0,0,0,0,0.5984258651733398
video07,BirdDrone-Local,2168,1,1,0,0,0,0,0.6550288200378418
video07,BirdDrone-Local,2169,1,1,0,0,0,0,0.39963793754577637
video07,BirdDrone-Local,2170,1,1,0,0,0,0,0.3939746022224426
video07,BirdDrone-Local,2171,2,2,0,0,0,0,0.5661408305168152
video07,BirdDrone-Local,2172,1,1,0,0,0,0,0.6781546473503113
video07,BirdDrone-Local,2173,2,2,0,0,0,0,0.6720975637435913
video07,BirdDrone-Local,2174,2,2,0,0,0,0,0.6721819043159485
video07,BirdDrone-Local,2175,1,1,0,0,0,0,0.7196455597877502
video07,BirdDrone-Local,2176,1,1,0,0,0,0,0.7246145606040955
video07,BirdDrone-Local,2177,1,1,0,0,0,0,0.8404238224029541
video07,BirdDrone-Local,2178,1,1,0,0,0,0,0.8024408221244812
video07,BirdDrone-Local,2179,1,1,0,0,0,0,0.8010827302932739
video07,BirdDrone-Local,2180,1,1,0,0,0,0,0.7879742383956909
video07,BirdDrone-Local,2181,1,1,0,0,0,0,0.7964811325073242
video07,BirdDrone-Local,2182,1,1,0,0,0,0,0.7974733710289001
video07,BirdDrone-Local,2183,1,1,0,0,0,0,0.767791211605072
video07,BirdDrone-Local,2184,1,1,0,0,0,0,0.8837219476699829
video07,BirdDrone-Local,2185,1,1,0,0,0,0,0.8499446511268616
video07,BirdDrone-Local,2186,1,1,0,0,0,0,0.8691636919975281
video07,BirdDrone-Local,2187,1,1,0,0,0,0,0.8985398411750793
video07,BirdDrone-Local,2188,1,1,0,0,0,0,0.8694952726364136
video07,BirdDrone-Local,2189,1,1,0,0,0,0,0.8215088844299316
video07,BirdDrone-Local,2190,1,1,0,0,0,0,0.8506472706794739
video07,BirdDrone-Local,2191,1,1,0,0,0,0,0.7955694198608398
video07,BirdDrone-Local,2192,1,1,0,0,0,0,0.9001645445823669
video07,BirdDrone-Local,2193,1,1,0,0,0,0,0.8309730291366577
video07,BirdDrone-Local,2194,1,1,0,0,0,0,0.7745240926742554
video07,BirdDrone-Local,2195,1,1,0,0,0,0,0.7683562636375427
video07,BirdDrone-Local,2196,1,1,0,0,0,0,0.8298720121383667
video07,BirdDrone-Local,2197,1,1,0,0,0,0,0.8651365637779236
video07,BirdDrone-Local,2198,1,1,0,0,0,0,0.8155452013015747
video07,BirdDrone-Local,2199,1,1,0,0,0,0,0.44367361068725586
video07,BirdDrone-Local,2200,1,1,0,0,0,0,0.8220539689064026
video07,BirdDrone-Local,2201,1,1,0,0,0,0,0.7871978878974915
video07,BirdDrone-Local,2202,1,1,0,0,0,0,0.8371697068214417
video07,BirdDrone-Local,2203,1,1,0,0,0,0,0.8097853064537048
video07,BirdDrone-Local,2204,1,1,0,0,0,0,0.8521148562431335
video07,BirdDrone-Local,2205,1,1,0,0,0,0,0.7655012607574463
video07,BirdDrone-Local,2206,1,1,0,0,0,0,0.8271065354347229
video07,BirdDrone-Local,2207,1,1,0,0,0,0,0.8103954195976257
video07,BirdDrone-Local,2208,1,1,0,0,0,0,0.7737367153167725
video07,BirdDrone-Local,2209,1,1,0,0,0,0,0.7265786528587341
video07,BirdDrone-Local,2210,1,1,0,0,0,0,0.6439098715782166
video07,BirdDrone-Local,2211,1,1,0,0,0,0,0.7832223773002625
video07,BirdDrone-Local,2212,1,1,0,0,0,0,0.8393337726593018
video07,BirdDrone-Local,2213,1,1,0,0,0,0,0.5513108372688293
video07,BirdDrone-Local,2214,1,1,0,0,0,0,0.8651505708694458
video07,BirdDrone-Local,2215,1,1,0,0,0,0,0.8446414470672607
video07,BirdDrone-Local,2216,1,1,0,0,0,0,0.8648099303245544
video07,BirdDrone-Local,2217,1,1,0,0,0,0,0.8270232081413269
video07,BirdDrone-Local,2218,1,1,0,0,0,0,0.8741601705551147
video07,BirdDrone-Local,2219,1,1,0,0,0,0,0.8446191549301147
video07,BirdDrone-Local,2220,1,1,0,0,0,0,0.8421000242233276
video07,BirdDrone-Local,2221,1,1,0,0,0,0,0.8733799457550049
video07,BirdDrone-Local,2222,1,1,0,0,0,0,0.8445447683334351
video07,BirdDrone-Local,2223,2,2,0,0,0,0,0.6462520360946655
video07,BirdDrone-Local,2224,1,1,0,0,0,0,0.8725758194923401
video07,BirdDrone-Local,2225,1,1,0,0,0,0,0.8917840719223022
video07,BirdDrone-Local,2226,1,1,0,0,0,0,0.8949488401412964
video07,BirdDrone-Local,2227,1,1,0,0,0,0,0.8658245801925659
video07,BirdDrone-Local,2228,1,1,0,0,0,0,0.8989418745040894
video07,BirdDrone-Local,2229,1,1,0,0,0,0,0.8530206084251404
video07,BirdDrone-Local,2230,1,1,0,0,0,0,0.8818873763084412
video07,BirdDrone-Local,2231,1,1,0,0,0,0,0.881230890750885
video07,BirdDrone-Local,2232,1,1,0,0,0,0,0.8816290497779846
video07,BirdDrone-Local,2233,2,2,0,0,0,0,0.5619877576828003
video07,BirdDrone-Local,2234,1,1,0,0,0,0,0.8109177350997925
video07,BirdDrone-Local,2235,1,1,0,0,0,0,0.8657335042953491
video07,BirdDrone-Local,2236,1,1,0,0,0,0,0.8305205702781677
video07,BirdDrone-Local,2237,2,2,0,0,1,0,0.5589778423309326
video07,BirdDrone-Local,2238,1,1,0,0,0,0,0.8475274443626404
video07,BirdDrone-Local,2239,1,1,0,0,0,0,0.7581729888916016
video07,BirdDrone-Local,2240,1,1,0,0,0,0,0.8984438180923462
video07,BirdDrone-Local,2241,1,1,0,0,0,0,0.8844695091247559
video07,BirdDrone-Local,2242,1,1,0,0,0,0,0.8739563822746277
video07,BirdDrone-Local,2243,1,1,0,0,0,0,0.8778225779533386
video07,BirdDrone-Local,2244,1,1,0,0,0,0,0.8872323632240295
video07,BirdDrone-Local,2245,1,1,0,0,0,0,0.8592681884765625
video07,BirdDrone-Local,2246,1,1,0,0,0,0,0.7960692644119263
video07,BirdDrone-Local,2247,1,1,0,0,0,0,0.8621167540550232
video07,BirdDrone-Local,2248,1,1,0,0,0,0,0.8614330887794495
video07,BirdDrone-Local,2249,1,1,0,0,0,0,0.8474265933036804
video07,BirdDrone-Local,2250,1,1,0,0,0,0,0.8581074476242065
video07,BirdDrone-Local,2251,1,1,0,0,0,0,0.7900754809379578
video07,BirdDrone-Local,2252,1,1,0,0,0,0,0.8692911267280579
video07,BirdDrone-Local,2253,1,1,0,0,0,0,0.8390005230903625
video07,BirdDrone-Local,2254,1,1,0,0,0,0,0.8651131987571716
video07,BirdDrone-Local,2255,1,1,0,0,0,0,0.8473997116088867
video07,BirdDrone-Local,2256,1,1,0,0,0,0,0.8481692671775818
video07,BirdDrone-Local,2257,1,1,0,0,0,0,0.7274436950683594
video07,BirdDrone-Local,2258,1,1,0,0,0,0,0.7748017311096191
video07,BirdDrone-Local,2259,1,1,0,0,0,0,0.8475999236106873
video07,BirdDrone-Local,2260,1,1,0,0,0,0,0.8245834708213806
video07,BirdDrone-Local,2261,1,1,0,0,0,0,0.7061944007873535
video07,BirdDrone-Local,2262,1,1,0,0,0,0,0.8577092289924622
video07,BirdDrone-Local,2263,1,1,0,0,0,0,0.8734777569770813
video07,BirdDrone-Local,2264,1,1,0,0,0,0,0.8988978266716003
video07,BirdDrone-Local,2265,2,2,0,0,0,0,0.6007823348045349
video07,BirdDrone-Local,2266,1,1,0,0,0,0,0.8022289276123047
video07,BirdDrone-Local,2267,2,2,0,0,1,0,0.8048937320709229
video07,BirdDrone-Local,2268,1,1,0,0,0,0,0.8996612429618835
video07,BirdDrone-Local,2269,2,2,0,0,1,0,0.4235674738883972
video07,BirdDrone-Local,2270,1,1,0,0,0,0,0.8864805698394775
video07,BirdDrone-Local,2271,1,1,0,0,0,0,0.9018662571907043
video07,BirdDrone-Local,2272,1,1,0,0,0,0,0.9036043286323547
video07,BirdDrone-Local,2273,1,1,0,0,0,0,0.7777211666107178
video07,BirdDrone-Local,2274,1,1,0,0,0,0,0.8152257800102234
video07,BirdDrone-Local,2275,1,1,0,0,0,0,0.7886447310447693
video07,BirdDrone-Local,2276,1,1,0,0,0,0,0.7339288592338562
video07,BirdDrone-Local,2277,1,1,0,0,0,0,0.8896510004997253
video07,BirdDrone-Local,2278,1,1,0,0,0,0,0.7908764481544495
video07,BirdDrone-Local,2279,0,0,0,0,0,0,0.0
video07,BirdDrone-Local,2280,1,1,0,0,0,0,0.8206087350845337
video07,BirdDrone-Local,2281,1,1,0,0,0,0,0.816024661064148
video07,BirdDrone-Local,2282,1,1,0,0,0,0,0.8178807497024536
video07,BirdDrone-Local,2283,1,1,0,0,0,0,0.7553110718727112
video07,BirdDrone-Local,2284,1,1,0,0,0,0,0.7988073229789734
video07,BirdDrone-Local,2285,1,1,0,0,0,0,0.8102704882621765
video07,BirdDrone-Local,2286,1,1,0,0,0,0,0.8146095275878906
video07,BirdDrone-Local,2287,1,1,0,0,0,0,0.8200808763504028
video07,BirdDrone-Local,2288,1,1,0,0,0,0,0.7754010558128357
video07,BirdDrone-Local,2289,1,1,0,0,0,0,0.7345184087753296
video07,BirdDrone-Local,2290,1,1,0,0,0,0,0.750342607498169
video07,BirdDrone-Local,2291,1,1,0,0,0,0,0.7593411803245544
video07,BirdDrone-Local,2292,1,1,0,0,0,0,0.8011327981948853
video07,BirdDrone-Local,2293,2,2,0,0,1,0,0.832240641117096
video07,BirdDrone-Local,2294,1,1,0,0,0,0,0.8334445953369141
video07,BirdDrone-Local,2295,1,1,0,0,0,0,0.8314368724822998
video07,BirdDrone-Local,2296,1,1,0,0,0,0,0.8635752201080322
video07,BirdDrone-Local,2297,1,1,0,0,0,0,0.8650009632110596
video07,BirdDrone-Local,2298,1,1,0,0,0,0,0.8898665904998779
video07,BirdDrone-Local,2299,1,1,0,0,0,0,0.8685190677642822
video07,BirdDrone-Local,2300,1,1,0,0,0,0,0.8427687883377075
video07,BirdDrone-Local,2301,1,1,0,0,0,0,0.8669663667678833
video07,BirdDrone-Local,2302,1,1,0,0,0,0,0.8746780753135681
video07,BirdDrone-Local,2303,1,1,0,0,0,0,0.8659880757331848
video07,BirdDrone-Local,2304,1,1,0,0,0,0,0.7831202745437622
video07,BirdDrone-Local,2305,2,2,0,0,0,0,0.4212823212146759
video07,BirdDrone-Local,2306,1,1,0,0,0,0,0.8676401376724243
video07,BirdDrone-Local,2307,1,1,0,0,1,0,0.3259040415287018
video07,BirdDrone-Local,2308,1,1,0,0,0,0,0.7282356023788452
video07,BirdDrone-Local,2309,1,1,0,0,0,0,0.8405971527099609
video07,BirdDrone-Local,2310,1,1,0,0,0,0,0.8212488889694214
video07,BirdDrone-Local,2311,1,1,0,0,0,0,0.8178644180297852
video07,BirdDrone-Local,2312,1,1,0,0,0,0,0.8553179502487183
video07,BirdDrone-Local,2313,2,2,0,0,1,0,0.8049256205558777
video07,BirdDrone-Local,2314,1,1,0,0,0,0,0.8805376887321472
video07,BirdDrone-Local,2315,1,1,0,0,0,0,0.8799716830253601
video07,BirdDrone-Local,2316,1,1,0,0,0,0,0.8785792589187622
video07,BirdDrone-Local,2317,1,1,0,0,0,0,0.8689171671867371
video07,BirdDrone-Local,2318,1,1,0,0,0,0,0.8761633038520813
video07,BirdDrone-Local,2319,1,1,0,0,0,0,0.8803475499153137
video07,BirdDrone-Local,2320,1,1,0,0,0,0,0.877354085445404
video07,BirdDrone-Local,2321,1,1,0,0,0,0,0.8435309529304504
video07,BirdDrone-Local,2322,1,1,0,0,0,0,0.8820204138755798
video07,BirdDrone-Local,2323,1,1,0,0,0,0,0.8703824877738953
video07,BirdDrone-Local,2324,1,1,0,0,0,0,0.8863692879676819
video07,BirdDrone-Local,2325,1,1,0,0,0,0,0.8548811674118042
video07,BirdDrone-Local,2326,1,1,0,0,0,0,0.7852997183799744
video07,BirdDrone-Local,2327,1,1,0,0,0,0,0.8421071171760559
video07,BirdDrone-Local,2328,1,1,0,0,0,0,0.8506299257278442
video07,BirdDrone-Local,2329,1,1,0,0,0,0,0.8220738172531128
video07,BirdDrone-Local,2330,1,1,0,0,0,0,0.8485854864120483
video07,BirdDrone-Local,2331,1,1,0,0,0,0,0.842056155204773
video07,BirdDrone-Local,2332,1,1,0,0,0,0,0.8400679230690002
video07,BirdDrone-Local,2333,1,1,0,0,0,0,0.6118597388267517
video07,BirdDrone-Local,2334,1,1,0,0,0,0,0.8366971611976624
video07,BirdDrone-Local,2335,1,1,0,0,0,0,0.8556442856788635
video07,BirdDrone-Local,2336,1,1,0,0,0,0,0.8396915197372437
video07,BirdDrone-Local,2337,1,1,0,0,0,0,0.8643571138381958
video07,BirdDrone-Local,2338,1,1,0,0,0,0,0.8686746954917908
video07,BirdDrone-Local,2339,1,1,0,0,0,0,0.8647622466087341
video07,BirdDrone-Local,2340,1,1,0,0,0,0,0.8651703596115112
video07,BirdDrone-Local,2341,1,1,0,0,0,0,0.8147397041320801
video07,BirdDrone-Local,2342,1,1,0,0,0,0,0.8464102745056152
video07,BirdDrone-Local,2343,2,2,0,0,0,0,0.6799556016921997
video07,BirdDrone-Local,2344,1,1,0,0,0,0,0.7989000082015991
video07,BirdDrone-Local,2345,1,1,0,0,0,0,0.8618286848068237
video07,BirdDrone-Local,2346,1,1,0,0,0,0,0.816453218460083
video07,BirdDrone-Local,2347,1,1,0,0,0,0,0.6621889472007751
video07,BirdDrone-Local,2348,1,1,0,0,0,0,0.7839899659156799
video07,BirdDrone-Local,2349,1,1,0,0,0,0,0.839065670967102
video07,BirdDrone-Local,2350,1,1,0,0,0,0,0.803573489189148
video07,BirdDrone-Local,2351,1,1,0,0,0,0,0.8071216344833374
video07,BirdDrone-Local,2352,1,1,0,0,0,0,0.8217335939407349
video07,BirdDrone-Local,2353,1,1,0,0,0,0,0.8471406102180481
video07,BirdDrone-Local,2354,1,1,0,0,0,0,0.8588895201683044
video07,BirdDrone-Local,2355,1,1,0,0,0,0,0.8537874221801758
video07,BirdDrone-Local,2356,1,1,0,0,0,0,0.7763839364051819
video07,BirdDrone-Local,2357,1,1,0,0,0,0,0.8681965470314026
video07,BirdDrone-Local,2358,1,1,0,0,0,0,0.8706122040748596
video07,BirdDrone-Local,2359,1,1,0,0,0,0,0.8720254898071289
video07,BirdDrone-Local,2360,1,1,0,0,0,0,0.8251746296882629
video07,BirdDrone-Local,2361,1,1,0,0,0,0,0.8271645903587341
video07,BirdDrone-Local,2362,1,1,0,0,0,0,0.8561357259750366
video07,BirdDrone-Local,2363,1,1,0,0,0,0,0.8468064069747925
video07,BirdDrone-Local,2364,1,1,0,0,0,0,0.852742075920105
video07,BirdDrone-Local,2365,1,1,0,0,0,0,0.8793066143989563
video07,BirdDrone-Local,2366,1,1,0,0,0,0,0.754971444606781
video07,BirdDrone-Local,2367,1,1,0,0,0,0,0.7697883248329163
video07,BirdDrone-Local,2368,1,1,0,0,0,0,0.8430820107460022
video07,BirdDrone-Local,2369,1,1,0,0,0,0,0.7945006489753723
video07,BirdDrone-Local,2370,1,1,0,0,0,0,0.8373669981956482
video07,BirdDrone-Local,2371,1,1,0,0,0,0,0.8295412063598633
video07,BirdDrone-Local,2372,1,1,0,0,0,0,0.82548588514328
video07,BirdDrone-Local,2373,1,1,0,0,0,0,0.8286159038543701
video07,BirdDrone-Local,2374,1,1,0,0,0,0,0.8478415012359619
video07,BirdDrone-Local,2375,1,1,0,0,0,0,0.8517960906028748
video07,BirdDrone-Local,2376,2,2,0,0,0,0,0.7828038930892944
video07,BirdDrone-Local,2377,1,1,0,0,0,0,0.8417081236839294
video07,BirdDrone-Local,2378,1,1,0,0,0,0,0.8524269461631775
video07,BirdDrone-Local,2379,1,1,0,0,0,0,0.7437500357627869
video07,BirdDrone-Local,2380,1,1,0,0,0,0,0.8583528995513916
video07,BirdDrone-Local,2381,1,1,0,0,0,0,0.8392423391342163
video07,BirdDrone-Local,2382,1,1,0,0,0,0,0.8564027547836304
video07,BirdDrone-Local,2383,1,1,0,0,0,0,0.8664816617965698
video07,BirdDrone-Local,2384,1,1,0,0,0,0,0.8220676779747009
video07,BirdDrone-Local,2385,1,1,0,0,0,0,0.7794579863548279
video07,BirdDrone-Local,2386,2,2,0,0,1,0,0.4856034815311432
video07,BirdDrone-Local,2387,1,1,0,0,0,0,0.8084766864776611
video07,BirdDrone-Local,2388,1,1,0,0,0,0,0.7825381755828857
video07,BirdDrone-Local,2389,1,1,0,0,0,0,0.8089890480041504
video07,BirdDrone-Local,2390,2,2,0,0,0,0,0.35214728116989136
video07,BirdDrone-Local,2391,2,2,0,0,0,0,0.8068763613700867
video07,BirdDrone-Local,2392,1,1,0,0,0,0,0.826091468334198
video07,BirdDrone-Local,2393,1,1,0,0,0,0,0.7970728874206543
video07,BirdDrone-Local,2394,1,1,0,0,0,0,0.8486477732658386
video07,BirdDrone-Local,2395,1,1,0,0,0,0,0.8485491275787354
video07,BirdDrone-Local,2396,1,1,0,0,0,0,0.8533539175987244
video07,BirdDrone-Local,2397,1,1,0,0,0,0,0.8267161846160889
video07,BirdDrone-Local,2398,1,1,0,0,0,0,0.8338146209716797
video07,BirdDrone-Local,2399,1,1,0,0,0,0,0.8127048015594482
video07,BirdDrone-Local,2400,1,1,0,0,0,0,0.8310662508010864
video07,BirdDrone-Local,2401,1,1,0,0,0,0,0.829145610332489
video07,BirdDrone-Local,2402,1,1,0,0,0,0,0.8575557470321655
video07,BirdDrone-Local,2403,2,2,0,0,1,0,0.8021807670593262
video07,BirdDrone-Local,2404,0,0,0,0,0,0,0.0
video07,BirdDrone-Local,2405,1,1,0,0,0,0,0.8036100268363953
video07,BirdDrone-Local,2406,1,1,0,0,0,0,0.8279045820236206
video07,BirdDrone-Local,2407,1,1,0,0,0,0,0.8504793643951416
video07,BirdDrone-Local,2408,1,1,0,0,0,0,0.8386129140853882
video07,BirdDrone-Local,2409,1,1,0,0,0,0,0.8474226593971252
video07,BirdDrone-Local,2410,1,1,0,0,0,0,0.8341127038002014
video07,BirdDrone-Local,2411,1,1,0,0,0,0,0.8438206315040588
video07,BirdDrone-Local,2412,1,1,0,0,0,0,0.8508419394493103
video07,BirdDrone-Local,2413,1,1,0,0,0,0,0.8520075082778931
video07,BirdDrone-Local,2414,1,1,0,0,0,0,0.8646094799041748
video07,BirdDrone-Local,2415,1,1,0,0,0,0,0.8829535841941833
video07,BirdDrone-Local,2416,1,1,0,0,0,0,0.8655616641044617
video07,BirdDrone-Local,2417,1,1,0,0,0,0,0.8425235748291016
video07,BirdDrone-Local,2418,1,1,0,0,0,0,0.8636166453361511
video07,BirdDrone-Local,2419,2,2,0,0,0,0,0.56761634349823
video07,BirdDrone-Local,2420,1,1,0,0,0,0,0.8235682845115662
video07,BirdDrone-Local,2421,2,2,0,0,0,0,0.49302318692207336
video07,BirdDrone-Local,2422,1,1,0,0,0,0,0.8532028198242188
video07,BirdDrone-Local,2423,1,1,0,0,0,0,0.8442814946174622
video07,BirdDrone-Local,2424,1,1,0,0,0,0,0.8400626182556152
video07,BirdDrone-Local,2425,1,1,0,0,0,0,0.8502142429351807
video07,BirdDrone-Local,2426,1,1,0,0,0,0,0.8605319857597351
video07,BirdDrone-Local,2427,1,1,0,0,0,0,0.8514297604560852
video07,BirdDrone-Local,2428,1,1,0,0,0,0,0.8708178997039795
video07,BirdDrone-Local,2429,1,1,0,0,0,0,0.8270615339279175
video07,BirdDrone-Local,2430,1,1,0,0,0,0,0.8042993545532227
video07,BirdDrone-Local,2431,1,1,0,0,0,0,0.8283576369285583
video07,BirdDrone-Local,2432,1,1,0,0,0,0,0.8354361057281494
video07,BirdDrone-Local,2433,1,1,0,0,0,0,0.877470076084137
video07,BirdDrone-Local,2434,1,1,0,0,0,0,0.8438000679016113
video07,BirdDrone-Local,2435,1,1,0,0,0,0,0.8618506789207458
video07,BirdDrone-Local,2436,1,1,0,0,0,0,0.8579312562942505
video07,BirdDrone-Local,2437,1,1,0,0,0,0,0.828565239906311
video07,BirdDrone-Local,2438,1,1,0,0,0,0,0.8379465937614441
video07,BirdDrone-Local,2439,1,1,0,0,0,0,0.7931375503540039
video07,BirdDrone-Local,2440,1,1,0,0,0,0,0.8704114556312561
video07,BirdDrone-Local,2441,1,1,0,0,0,0,0.8415378332138062
video07,BirdDrone-Local,2442,1,1,0,0,0,0,0.711043655872345
video07,BirdDrone-Local,2443,1,1,0,0,0,0,0.6895624995231628
video07,BirdDrone-Local,2444,1,1,0,0,0,0,0.7548295259475708
video07,BirdDrone-Local,2445,1,1,0,0,0,0,0.8196874856948853
video07,BirdDrone-Local,2446,2,2,0,0,1,0,0.6548281311988831
video07,BirdDrone-Local,2447,1,1,0,0,0,0,0.8414104580879211
video07,BirdDrone-Local,2448,1,1,0,0,0,0,0.8631691932678223
video07,BirdDrone-Local,2449,1,1,0,0,0,0,0.8487411737442017
video07,BirdDrone-Local,2450,1,1,0,0,0,0,0.8357886075973511
video07,BirdDrone-Local,2451,1,1,0,0,0,0,0.8612927198410034
video07,BirdDrone-Local,2452,1,1,0,0,0,0,0.8304018974304199
video07,BirdDrone-Local,2453,1,1,0,0,0,0,0.8515516519546509
video07,BirdDrone-Local,2454,1,1,0,0,0,0,0.7438311576843262
video07,BirdDrone-Local,2455,1,1,0,0,0,0,0.8358674645423889
video07,BirdDrone-Local,2456,1,1,0,0,0,0,0.8336828947067261
video07,BirdDrone-Local,2457,2,2,0,0,1,0,0.47741058468818665
video07,BirdDrone-Local,2458,1,1,0,0,0,0,0.8653292059898376
video07,BirdDrone-Local,2459,1,1,0,0,0,0,0.8247109055519104
video07,BirdDrone-Local,2460,1,1,0,0,0,0,0.7837351560592651
video07,BirdDrone-Local,2461,1,1,0,0,0,0,0.863268256187439
video07,BirdDrone-Local,2462,1,1,0,0,0,0,0.8569298386573792
video07,BirdDrone-Local,2463,1,1,0,0,0,0,0.8740295767784119
video07,BirdDrone-Local,2464,1,1,0,0,0,0,0.8720976710319519
video07,BirdDrone-Local,2465,1,1,0,0,0,0,0.8753416538238525
video07,BirdDrone-Local,2466,1,1,0,0,0,0,0.8758668899536133
video07,BirdDrone-Local,2467,1,1,0,0,0,0,0.8762925863265991
video07,BirdDrone-Local,2468,1,1,0,0,0,0,0.878431499004364
video07,BirdDrone-Local,2469,1,1,0,0,0,0,0.8672869205474854
video07,BirdDrone-Local,2470,1,1,0,0,0,0,0.8785235285758972
video07,BirdDrone-Local,2471,1,1,0,0,0,0,0.8576409816741943
video07,BirdDrone-Local,2472,1,1,0,0,0,0,0.8722832798957825
video07,BirdDrone-Local,2473,1,1,0,0,0,0,0.8033543229103088
video07,BirdDrone-Local,2474,1,1,0,0,0,0,0.8629361987113953
video07,BirdDrone-Local,2475,1,1,0,0,0,0,0.8449513912200928
video07,BirdDrone-Local,2476,1,1,0,0,0,0,0.8748548626899719
video07,BirdDrone-Local,2477,1,1,0,0,0,0,0.8226315975189209
video07,BirdDrone-Local,2478,1,1,0,0,0,0,0.7330791354179382
video07,BirdDrone-Local,2479,1,1,0,0,0,0,0.7325518727302551
