video,model,frame,detections,drone_det,bird_det,false_class,low_conf_fp,tp_iou,max_conf
video13,BirdDrone-Local-FT,0,2,2,0,0,1,1,0.5779727697372437
video13,BirdDrone-Local-FT,1,1,1,0,0,0,0,0.7707706093788147
video13,BirdDrone-Local-FT,2,1,1,0,0,0,0,0.7912706136703491
video13,BirdDrone-Local-FT,3,1,1,0,0,0,0,0.8271098136901855
video13,BirdDrone-Local-FT,4,1,1,0,0,0,0,0.8265671133995056
video13,BirdDrone-Local-FT,5,1,1,0,0,0,0,0.813838541507721
video13,BirdDrone-Local-FT,6,1,1,0,0,0,0,0.8155370950698853
video13,BirdDrone-Local-FT,7,1,1,0,0,0,0,0.8235871195793152
video13,BirdDrone-Local-FT,8,1,1,0,0,0,0,0.8060881495475769
video13,BirdDrone-Local-FT,9,1,1,0,0,0,0,0.8302003145217896
video13,BirdDrone-Local-FT,10,1,1,0,0,0,0,0.8254188299179077
video13,BirdDrone-Local-FT,11,1,1,0,0,0,0,0.8311778903007507
video13,BirdDrone-Local-FT,12,1,1,0,0,0,0,0.8466774225234985
video13,BirdDrone-Local-FT,13,1,1,0,0,0,0,0.8396469354629517
video13,BirdDrone-Local-FT,14,1,1,0,0,0,0,0.8369401693344116
video13,BirdDrone-Local-FT,15,1,1,0,0,0,0,0.8466463088989258
video13,BirdDrone-Local-FT,16,1,1,0,0,0,0,0.8259286284446716
video13,BirdDrone-Local-FT,17,1,1,0,0,0,0,0.8127033114433289
video13,BirdDrone-Local-FT,18,1,1,0,0,0,0,0.8044599294662476
video13,BirdDrone-Local-FT,19,1,1,0,0,0,0,0.799820065498352
video13,BirdDrone-Local-FT,20,1,1,0,0,0,0,0.7747739553451538
video13,BirdDrone-Local-FT,21,1,1,0,0,0,0,0.7791464924812317
video13,BirdDrone-Local-FT,22,1,1,0,0,0,0,0.7682778239250183
video13,BirdDrone-Local-FT,23,1,1,0,0,0,0,0.7803584337234497
video13,BirdDrone-Local-FT,24,1,1,0,0,0,0,0.784481942653656
video13,BirdDrone-Local-FT,25,1,1,0,0,0,0,0.7962895631790161
video13,BirdDrone-Local-FT,26,1,1,0,0,0,0,0.7807894945144653
video13,BirdDrone-Local-FT,27,1,1,0,0,0,0,0.8017588257789612
video13,BirdDrone-Local-FT,28,1,1,0,0,0,0,0.8359716534614563
video13,BirdDrone-Local-FT,29,1,1,0,0,0,0,0.8418853282928467
video13,BirdDrone-Local-FT,30,1,1,0,0,0,0,0.8090185523033142
video13,BirdDrone-Local-FT,31,2,2,0,0,1,0,0.6617623567581177
video13,BirdDrone-Local-FT,32,1,1,0,0,0,0,0.8088104128837585
video13,BirdDrone-Local-FT,33,1,1,0,0,0,0,0.7969151735305786
video13,BirdDrone-Local-FT,34,1,1,0,0,0,0,0.8316129446029663
video13,BirdDrone-Local-FT,35,1,1,0,0,0,0,0.7744196653366089
video13,BirdDrone-Local-FT,36,1,1,0,0,0,0,0.6945042014122009
video13,BirdDrone-Local-FT,37,1,1,0,0,0,0,0.72163325548172
video13,BirdDrone-Local-FT,38,2,2,0,0,0,0,0.6176212430000305
video13,BirdDrone-Local-FT,39,2,2,0,0,0,0,0.5725281238555908
video13,BirdDrone-Local-FT,40,2,2,0,0,1,0,0.5156794190406799
video13,BirdDrone-Local-FT,41,1,1,0,0,0,0,0.7208154201507568
video13,BirdDrone-Local-FT,42,1,1,0,0,0,0,0.6700233817100525
video13,BirdDrone-Local-FT,43,1,1,0,0,0,0,0.5777536034584045
video13,BirdDrone-Local-FT,44,1,1,0,0,0,0,0.6561211943626404
video13,BirdDrone-Local-FT,45,1,1,0,0,0,0,0.6932742595672607
video13,BirdDrone-Local-FT,46,1,1,0,0,0,0,0.7069360613822937
video13,BirdDrone-Local-FT,47,1,1,0,0,0,0,0.7283228039741516
video13,BirdDrone-Local-FT,48,1,1,0,0,0,0,0.6751964092254639
video13,BirdDrone-Local-FT,49,1,1,0,0,0,0,0.7419348955154419
video13,BirdDrone-Local-FT,50,1,1,0,0,0,0,0.7113392949104309
video13,BirdDrone-Local-FT,51,1,1,0,0,0,0,0.6341561675071716
video13,BirdDrone-Local-FT,52,1,1,0,0,0,0,0.6472042202949524
video13,BirdDrone-Local-FT,53,1,1,0,0,0,0,0.7586436867713928
video13,BirdDrone-Local-FT,54,1,1,0,0,0,0,0.7414807677268982
video13,BirdDrone-Local-FT,55,1,1,0,0,0,0,0.7518479824066162
video13,BirdDrone-Local-FT,56,1,1,0,0,0,0,0.7500085234642029
video13,BirdDrone-Local-FT,57,2,2,0,0,0,0,0.6356320381164551
video13,BirdDrone-Local-FT,58,2,2,0,0,0,0,0.6575987935066223
video13,BirdDrone-Local-FT,59,2,2,0,0,0,0,0.730060875415802
video13,BirdDrone-Local-FT,60,1,1,0,0,0,0,0.7625880837440491
video13,BirdDrone-Local-FT,61,1,1,0,0,0,0,0.754070520401001
video13,BirdDrone-Local-FT,62,1,1,0,0,0,0,0.7831616997718811
video13,BirdDrone-Local-FT,63,1,1,0,0,0,0,0.8139997124671936
video13,BirdDrone-Local-FT,64,1,1,0,0,0,0,0.7897325158119202
video13,BirdDrone-Local-FT,65,1,1,0,0,0,0,0.8286278247833252
video13,BirdDrone-Local-FT,66,1,1,0,0,0,0,0.8135198354721069
video13,BirdDrone-Local-FT,67,1,1,0,0,0,0,0.6746758222579956
video13,BirdDrone-Local-FT,68,1,1,0,0,0,0,0.7008064389228821
video13,BirdDrone-Local-FT,69,1,1,0,0,0,0,0.8021720051765442
video13,BirdDrone-Local-FT,70,1,1,0,0,0,0,0.7386541366577148
video13,BirdDrone-Local-FT,71,1,1,0,0,0,0,0.7611405849456787
video13,BirdDrone-Local-FT,72,1,1,0,0,0,0,0.728191077709198
video13,BirdDrone-Local-FT,73,1,1,0,0,0,0,0.7249581217765808
video13,BirdDrone-Local-FT,74,1,1,0,0,0,0,0.7356581091880798
video13,BirdDrone-Local-FT,75,1,1,0,0,0,0,0.44551002979278564
video13,BirdDrone-Local-FT,76,1,1,0,0,0,0,0.5992515087127686
video13,BirdDrone-Local-FT,77,1,1,0,0,0,0,0.6982191205024719
video13,BirdDrone-Local-FT,78,1,1,0,0,0,0,0.6001137495040894
video13,BirdDrone-Local-FT,79,1,1,0,0,0,0,0.6647931933403015
video13,BirdDrone-Local-FT,80,1,1,0,0,0,0,0.6317057013511658
video13,BirdDrone-Local-FT,81,1,1,0,0,0,0,0.641156017780304
video13,BirdDrone-Local-FT,82,1,1,0,0,0,0,0.43228384852409363
video13,BirdDrone-Local-FT,83,1,1,0,0,0,0,0.3954813778400421
video13,BirdDrone-Local-FT,84,0,0,0,0,0,0,0.0
video13,BirdDrone-Local-FT,85,1,1,0,0,0,0,0.4578522741794586
video13,BirdDrone-Local-FT,86,1,1,0,0,0,0,0.36802297830581665
video13,BirdDrone-Local-FT,87,1,1,0,0,0,0,0.5214992165565491
video13,BirdDrone-Local-FT,88,1,1,0,0,0,0,0.6687917709350586
video13,BirdDrone-Local-FT,89,1,1,0,0,0,0,0.6393679976463318
video13,BirdDrone-Local-FT,90,1,1,0,0,0,0,0.6024224758148193
video13,BirdDrone-Local-FT,91,1,1,0,0,0,0,0.6645445227622986
video13,BirdDrone-Local-FT,92,1,1,0,0,0,0,0.5994114279747009
video13,BirdDrone-Local-FT,93,1,1,0,0,0,0,0.6534318923950195
video13,BirdDrone-Local-FT,94,1,1,0,0,0,0,0.6290169954299927
video13,BirdDrone-Local-FT,95,1,1,0,0,0,0,0.5725873708724976
video13,BirdDrone-Local-FT,96,1,1,0,0,0,0,0.4942972660064697
video13,BirdDrone-Local-FT,97,1,1,0,0,1,0,0.33105403184890747
video13,BirdDrone-Local-FT,98,1,1,0,0,1,0,0.25458860397338867
video13,BirdDrone-Local-FT,99,1,1,0,0,1,0,0.2739683985710144
video13,BirdDrone-Local-FT,100,1,1,0,0,1,0,0.3034842014312744
video13,BirdDrone-Local-FT,101,1,1,0,0,1,0,0.26462915539741516
video13,BirdDrone-Local-FT,102,1,1,0,0,1,0,0.3204210102558136
video13,BirdDrone-Local-FT,103,2,2,0,0,1,0,0.6647981405258179
video13,BirdDrone-Local-FT,104,2,2,0,0,0,0,0.6433253884315491
video13,BirdDrone-Local-FT,105,1,1,0,0,0,0,0.5749325752258301
video13,BirdDrone-Local-FT,106,2,2,0,0,0,0,0.6099521517753601
video13,BirdDrone-Local-FT,107,2,2,0,0,1,0,0.41911429166793823
video13,BirdDrone-Local-FT,108,2,2,0,0,1,0,0.5888018608093262
video13,BirdDrone-Local-FT,109,1,1,0,0,0,0,0.618518054485321
video13,BirdDrone-Local-FT,110,1,1,0,0,0,0,0.7080477476119995
video13,BirdDrone-Local-FT,111,2,2,0,0,1,0,0.7290844321250916
video13,BirdDrone-Local-FT,112,1,1,0,0,0,0,0.7249048948287964
video13,BirdDrone-Local-FT,113,1,1,0,0,0,0,0.5515307784080505
video13,BirdDrone-Local-FT,114,1,1,0,0,0,0,0.526009202003479
video13,BirdDrone-Local-FT,115,1,1,0,0,0,0,0.6837412714958191
video13,BirdDrone-Local-FT,116,1,1,0,0,0,0,0.6364437937736511
video13,BirdDrone-Local-FT,117,1,1,0,0,0,0,0.6940305829048157
video13,BirdDrone-Local-FT,118,1,1,0,0,0,0,0.4363337457180023
video13,BirdDrone-Local-FT,119,1,1,0,0,0,0,0.6003805994987488
video13,BirdDrone-Local-FT,120,1,1,0,0,0,0,0.7087754607200623
video13,BirdDrone-Local-FT,121,2,2,0,0,0,0,0.6081154942512512
video13,BirdDrone-Local-FT,122,1,1,0,0,0,0,0.5422040820121765
video13,BirdDrone-Local-FT,123,1,1,0,0,0,0,0.4981861114501953
video13,BirdDrone-Local-FT,124,1,1,0,0,0,0,0.5736839771270752
video13,BirdDrone-Local-FT,125,2,2,0,0,0,0,0.42715612053871155
video13,BirdDrone-Local-FT,126,1,1,0,0,0,0,0.6369664072990417
video13,BirdDrone-Local-FT,127,1,1,0,0,0,0,0.7524267435073853
video13,BirdDrone-Local-FT,128,1,1,0,0,0,0,0.7622851133346558
video13,BirdDrone-Local-FT,129,1,1,0,0,0,0,0.46820834279060364
video13,BirdDrone-Local-FT,130,1,1,0,0,0,0,0.5506932735443115
video13,BirdDrone-Local-FT,131,1,1,0,0,0,0,0.6852636933326721
video13,BirdDrone-Local-FT,132,2,2,0,0,0,0,0.7315611839294434
video13,BirdDrone-Local-FT,133,1,1,0,0,0,0,0.8052391409873962
video13,BirdDrone-Local-FT,134,1,1,0,0,0,0,0.7419571280479431
video13,BirdDrone-Local-FT,135,1,1,0,0,0,0,0.7229123115539551
video13,BirdDrone-Local-FT,136,1,1,0,0,0,0,0.8057426810264587
video13,BirdDrone-Local-FT,137,1,1,0,0,0,0,0.7959300875663757
video13,BirdDrone-Local-FT,138,1,1,0,0,0,0,0.751825749874115
video13,BirdDrone-Local-FT,139,2,2,0,0,0,0,0.4442169964313507
video13,BirdDrone-Local-FT,140,1,1,0,0,0,0,0.46084001660346985
video13,BirdDrone-Local-FT,141,1,1,0,0,0,0,0.733912467956543
video13,BirdDrone-Local-FT,142,1,1,0,0,0,0,0.6319330334663391
video13,BirdDrone-Local-FT,143,1,1,0,0,0,0,0.76798415184021
video13,BirdDrone-Local-FT,144,1,1,0,0,0,0,0.7765285968780518
video13,BirdDrone-Local-FT,145,1,1,0,0,0,0,0.7209925651550293
video13,BirdDrone-Local-FT,146,1,1,0,0,0,0,0.6784012913703918
video13,BirdDrone-Local-FT,147,1,1,0,0,0,0,0.7049382925033569
video13,BirdDrone-Local-FT,148,1,1,0,0,0,0,0.7406502366065979
video13,BirdDrone-Local-FT,149,1,1,0,0,0,0,0.7643059492111206
video13,BirdDrone-Local-FT,150,1,1,0,0,0,0,0.7952675819396973
video13,BirdDrone-Local-FT,151,1,1,0,0,0,0,0.756304144859314
video13,BirdDrone-Local-FT,152,1,1,0,0,0,0,0.7370463013648987
video13,BirdDrone-Local-FT,153,1,1,0,0,0,0,0.7569356560707092
video13,BirdDrone-Local-FT,154,1,1,0,0,0,0,0.7730305194854736
video13,BirdDrone-Local-FT,155,1,1,0,0,0,0,0.750039279460907
video13,BirdDrone-Local-FT,156,1,1,0,0,0,0,0.7374458909034729
video13,BirdDrone-Local-FT,157,1,1,0,0,0,0,0.7163143157958984
video13,BirdDrone-Local-FT,158,1,1,0,0,0,0,0.640411913394928
video13,BirdDrone-Local-FT,159,1,1,0,0,0,0,0.6852390170097351
video13,BirdDrone-Local-FT,160,1,1,0,0,0,0,0.6845194697380066
video13,BirdDrone-Local-FT,161,1,1,0,0,0,0,0.6508123278617859
video13,BirdDrone-Local-FT,162,1,1,0,0,0,0,0.6812999844551086
video13,BirdDrone-Local-FT,163,1,1,0,0,0,0,0.6074216365814209
video13,BirdDrone-Local-FT,164,1,1,0,0,0,0,0.5685313940048218
video13,BirdDrone-Local-FT,165,1,1,0,0,0,0,0.47069597244262695
video13,BirdDrone-Local-FT,166,1,1,0,0,0,0,0.38729193806648254
video13,BirdDrone-Local-FT,167,1,1,0,0,0,0,0.44905030727386475
video13,BirdDrone-Local-FT,168,1,1,0,0,1,0,0.3365986943244934
video13,BirdDrone-Local-FT,169,1,1,0,0,0,0,0.49080905318260193
video13,BirdDrone-Local-FT,170,1,1,0,0,0,0,0.5456923842430115
video13,BirdDrone-Local-FT,171,1,1,0,0,0,0,0.5894727110862732
video13,BirdDrone-Local-FT,172,1,1,0,0,0,0,0.594510555267334
video13,BirdDrone-Local-FT,173,1,1,0,0,0,0,0.5729682445526123
video13,BirdDrone-Local-FT,174,1,1,0,0,0,0,0.3994004726409912
video13,BirdDrone-Local-FT,175,1,1,0,0,1,0,0.3010295629501343
video13,BirdDrone-Local-FT,176,1,1,0,0,1,0,0.2648952603340149
video13,BirdDrone-Local-FT,177,1,1,0,0,0,0,0.4027274549007416
video13,BirdDrone-Local-FT,178,1,1,0,0,1,0,0.3312009572982788
video13,BirdDrone-Local-FT,179,2,2,0,0,2,0,0.33030304312705994
video13,BirdDrone-Local-FT,180,1,1,0,0,0,0,0.5763499140739441
video13,BirdDrone-Local-FT,181,1,1,0,0,0,0,0.4574230909347534
video13,BirdDrone-Local-FT,182,0,0,0,0,0,0,0.0
video13,BirdDrone-Local-FT,183,0,0,0,0,0,0,0.0
video13,BirdDrone-Local-FT,184,0,0,0,0,0,0,0.0
video13,BirdDrone-Local-FT,185,0,0,0,0,0,0,0.0
video13,BirdDrone-Local-FT,186,0,0,0,0,0,0,0.0
video13,BirdDrone-Local-FT,187,2,2,0,0,2,0,0.25862300395965576
video13,BirdDrone-Local-FT,188,0,0,0,0,0,0,0.0
video13,BirdDrone-Local-FT,189,1,1,0,0,1,0,0.31237879395484924
video13,BirdDrone-Local-FT,190,1,1,0,0,0,0,0.4507546126842499
video13,BirdDrone-Local-FT,191,1,1,0,0,0,0,0.4230995178222656
video13,BirdDrone-Local-FT,192,1,1,0,0,0,0,0.3579713702201843
video13,BirdDrone-Local-FT,193,1,1,0,0,0,0,0.440212607383728
video13,BirdDrone-Local-FT,194,1,1,0,0,0,0,0.4535253345966339
video13,BirdDrone-Local-FT,195,1,1,0,0,1,0,0.3321758508682251
video13,BirdDrone-Local-FT,196,1,1,0,0,0,0,0.4740592837333679
video13,BirdDrone-Local-FT,197,1,1,0,0,1,0,0.34918761253356934
video13,BirdDrone-Local-FT,198,0,0,0,0,0,0,0.0
video13,BirdDrone-Local-FT,199,1,1,0,0,0,0,0.39606955647468567
video13,BirdDrone-Local-FT,200,1,1,0,0,0,0,0.3589012026786804
video13,BirdDrone-Local-FT,201,1,1,0,0,0,0,0.47962722182273865
video13,BirdDrone-Local-FT,202,1,1,0,0,1,0,0.2727871239185333
video13,BirdDrone-Local-FT,203,1,1,0,0,0,0,0.37025654315948486
video13,BirdDrone-Local-FT,204,1,1,0,0,0,0,0.38883060216903687
video13,BirdDrone-Local-FT,205,0,0,0,0,0,0,0.0
video13,BirdDrone-Local-FT,206,0,0,0,0,0,0,0.0
video13,BirdDrone-Local-FT,207,0,0,0,0,0,0,0.0
video13,BirdDrone-Local-FT,208,0,0,0,0,0,0,0.0
video13,BirdDrone-Local-FT,209,0,0,0,0,0,0,0.0
video13,BirdDrone-Local-FT,210,0,0,0,0,0,0,0.0
video13,BirdDrone-Local-FT,211,1,1,0,0,0,0,0.44249626994132996
video13,BirdDrone-Local-FT,212,1,1,0,0,0,0,0.4022343158721924
video13,BirdDrone-Local-FT,213,1,1,0,0,0,0,0.3918006122112274
video13,BirdDrone-Local-FT,214,1,1,0,0,1,0,0.3103940486907959
video13,BirdDrone-Local-FT,215,0,0,0,0,0,0,0.0
video13,BirdDrone-Local-FT,216,1,1,0,0,1,0,0.2523232400417328
video13,BirdDrone-Local-FT,217,0,0,0,0,0,0,0.0
video13,BirdDrone-Local-FT,218,1,1,0,0,1,0,0.2577461898326874
video13,BirdDrone-Local-FT,219,0,0,0,0,0,0,0.0
video13,BirdDrone-Local-FT,220,0,0,0,0,0,0,0.0
video13,BirdDrone-Local-FT,221,0,0,0,0,0,0,0.0
video13,BirdDrone-Local-FT,222,0,0,0,0,0,0,0.0
video13,BirdDrone-Local-FT,223,0,0,0,0,0,0,0.0
video13,BirdDrone-Local-FT,224,0,0,0,0,0,0,0.0
video13,BirdDrone-Local-FT,225,1,1,0,0,1,0,0.3172285556793213
video13,BirdDrone-Local-FT,226,1,1,0,0,1,0,0.2768917381763458
video13,BirdDrone-Local-FT,227,1,1,0,0,1,0,0.34863850474357605
video13,BirdDrone-Local-FT,228,1,1,0,0,0,0,0.3814639151096344
video13,BirdDrone-Local-FT,229,1,1,0,0,1,0,0.271805077791214
video13,BirdDrone-Local-FT,230,1,1,0,0,1,0,0.33706629276275635
video13,BirdDrone-Local-FT,231,1,1,0,0,0,0,0.6808972358703613
video13,BirdDrone-Local-FT,232,1,1,0,0,0,0,0.6530614495277405
video13,BirdDrone-Local-FT,233,1,1,0,0,0,0,0.6440668702125549
video13,BirdDrone-Local-FT,234,1,1,0,0,0,0,0.5131519436836243
video13,BirdDrone-Local-FT,235,1,1,0,0,0,0,0.5952752232551575
video13,BirdDrone-Local-FT,236,1,1,0,0,0,0,0.6913988590240479
video13,BirdDrone-Local-FT,237,1,1,0,0,0,0,0.6194955706596375
video13,BirdDrone-Local-FT,238,1,1,0,0,0,0,0.59543377161026
video13,BirdDrone-Local-FT,239,1,1,0,0,0,0,0.6177936792373657
video13,BirdDrone-Local-FT,240,1,1,0,0,0,0,0.6191138029098511
video13,BirdDrone-Local-FT,241,1,1,0,0,0,0,0.5087910294532776
video13,BirdDrone-Local-FT,242,1,1,0,0,0,0,0.5735510587692261
video13,BirdDrone-Local-FT,243,1,1,0,0,0,0,0.7397952675819397
video13,BirdDrone-Local-FT,244,1,1,0,0,0,0,0.7624092102050781
video13,BirdDrone-Local-FT,245,1,1,0,0,0,0,0.6956623792648315
video13,BirdDrone-Local-FT,246,1,1,0,0,0,0,0.6907228827476501
video13,BirdDrone-Local-FT,247,1,1,0,0,0,0,0.6822748780250549
video13,BirdDrone-Local-FT,248,1,1,0,0,0,0,0.3952547609806061
video13,BirdDrone-Local-FT,249,1,1,0,0,0,0,0.4984126091003418
video13,BirdDrone-Local-FT,250,1,1,0,0,0,0,0.6245176196098328
video13,BirdDrone-Local-FT,251,1,1,0,0,0,0,0.4345034956932068
video13,BirdDrone-Local-FT,252,1,1,0,0,0,0,0.36231300234794617
video13,BirdDrone-Local-FT,253,1,1,0,0,1,0,0.3235413134098053
video13,BirdDrone-Local-FT,254,1,1,0,0,0,0,0.3747701346874237
video13,BirdDrone-Local-FT,255,1,1,0,0,0,0,0.3978146016597748
video13,BirdDrone-Local-FT,256,1,1,0,0,0,0,0.5370902419090271
video13,BirdDrone-Local-FT,257,1,1,0,0,0,0,0.426840603351593
video13,BirdDrone-Local-FT,258,1,1,0,0,0,0,0.35490986704826355
video13,BirdDrone-Local-FT,259,1,1,0,0,1,0,0.250244140625
video13,BirdDrone-Local-FT,260,1,1,0,0,1,0,0.28596845269203186
video13,BirdDrone-Local-FT,261,0,0,0,0,0,0,0.0
video13,BirdDrone-Local-FT,262,0,0,0,0,0,0,0.0
video13,BirdDrone-Local-FT,263,0,0,0,0,0,0,0.0
video13,BirdDrone-Local-FT,264,0,0,0,0,0,0,0.0
video13,BirdDrone-Local-FT,265,1,1,0,0,1,0,0.25120246410369873
video13,BirdDrone-Local-FT,266,1,1,0,0,1,0,0.29345905780792236
video13,BirdDrone-Local-FT,267,1,1,0,0,0,0,0.4001554250717163
video13,BirdDrone-Local-FT,268,1,1,0,0,0,0,0.46818697452545166
video13,BirdDrone-Local-FT,269,1,1,0,0,0,0,0.4447394907474518
video13,BirdDrone-Local-FT,270,1,1,0,0,0,0,0.4201817810535431
video13,BirdDrone-Local-FT,271,1,1,0,0,0,0,0.4337797462940216
video13,BirdDrone-Local-FT,272,1,1,0,0,0,0,0.4735542833805084
video13,BirdDrone-Local-FT,273,1,1,0,0,1,0,0.3325427770614624
video13,BirdDrone-Local-FT,274,1,1,0,0,0,0,0.5785332918167114
video13,BirdDrone-Local-FT,275,1,1,0,0,0,0,0.6629497408866882
video13,BirdDrone-Local-FT,276,1,1,0,0,0,0,0.6289519667625427
video13,BirdDrone-Local-FT,277,1,1,0,0,0,0,0.41072532534599304
video13,BirdDrone-Local-FT,278,1,1,0,0,0,0,0.39985647797584534
video13,BirdDrone-Local-FT,279,0,0,0,0,0,0,0.0
video13,BirdDrone-Local-FT,280,0,0,0,0,0,0,0.0
video13,BirdDrone-Local-FT,281,0,0,0,0,0,0,0.0
video13,BirdDrone-Local-FT,282,0,0,0,0,0,0,0.0
video13,BirdDrone-Local-FT,283,0,0,0,0,0,0,0.0
video13,BirdDrone-Local-FT,284,0,0,0,0,0,0,0.0
video13,BirdDrone-Local-FT,285,0,0,0,0,0,0,0.0
video13,BirdDrone-Local-FT,286,0,0,0,0,0,0,0.0
video13,BirdDrone-Local-FT,287,2,2,0,0,2,0,0.29848477244377136
video13,BirdDrone-Local-FT,288,0,0,0,0,0,0,0.0
video13,BirdDrone-Local-FT,289,0,0,0,0,0,0,0.0
video13,BirdDrone-Local-FT,290,0,0,0,0,0,0,0.0
video13,BirdDrone-Local-FT,291,0,0,0,0,0,0,0.0
video13,BirdDrone-Local-FT,292,0,0,0,0,0,0,0.0
video13,BirdDrone-Local-FT,293,0,0,0,0,0,0,0.0
video13,BirdDrone-Local-FT,294,0,0,0,0,0,0,0.0
video13,BirdDrone-Local-FT,295,0,0,0,0,0,0,0.0
video13,BirdDrone-Local-FT,296,0,0,0,0,0,0,0.0
video13,BirdDrone-Local-FT,297,0,0,0,0,0,0,0.0
video13,BirdDrone-Local-FT,298,0,0,0,0,0,0,0.0
video13,BirdDrone-Local-FT,299,0,0,0,0,0,0,0.0
video13,BirdDrone-Local-FT,300,0,0,0,0,0,0,0.0
video13,BirdDrone-Local-FT,301,0,0,0,0,0,0,0.0
video13,BirdDrone-Local-FT,302,0,0,0,0,0,0,0.0
video13,BirdDrone-Local-FT,303,0,0,0,0,0,0,0.0
video13,BirdDrone-Local-FT,304,0,0,0,0,0,0,0.0
video13,BirdDrone-Local-FT,305,0,0,0,0,0,0,0.0
video13,BirdDrone-Local-FT,306,0,0,0,0,0,0,0.0
video13,BirdDrone-Local-FT,307,0,0,0,0,0,0,0.0
video13,BirdDrone-Local-FT,308,0,0,0,0,0,0,0.0
video13,BirdDrone-Local-FT,309,0,0,0,0,0,0,0.0
video13,BirdDrone-Local-FT,310,0,0,0,0,0,0,0.0
video13,BirdDrone-Local-FT,311,0,0,0,0,0,0,0.0
video13,BirdDrone-Local-FT,312,0,0,0,0,0,0,0.0
video13,BirdDrone-Local-FT,313,0,0,0,0,0,0,0.0
video13,BirdDrone-Local-FT,314,0,0,0,0,0,0,0.0
video13,BirdDrone-Local-FT,315,0,0,0,0,0,0,0.0
video13,BirdDrone-Local-FT,316,1,1,0,0,0,0,0.3655473291873932
video13,BirdDrone-Local-FT,317,1,1,0,0,0,0,0.4835755228996277
video13,BirdDrone-Local-FT,318,1,1,0,0,0,0,0.45689675211906433
video13,BirdDrone-Local-FT,319,1,1,0,0,0,0,0.5519006252288818
video13,BirdDrone-Local-FT,320,1,1,0,0,0,0,0.5557816028594971
video13,BirdDrone-Local-FT,321,1,1,0,0,0,0,0.5137751698493958
video13,BirdDrone-Local-FT,322,1,1,0,0,0,0,0.5358765125274658
video13,BirdDrone-Local-FT,323,1,1,0,0,0,0,0.5402737259864807
video13,BirdDrone-Local-FT,324,1,1,0,0,0,0,0.4477055072784424
video13,BirdDrone-Local-FT,325,1,1,0,0,1,0,0.30055248737335205
video13,BirdDrone-Local-FT,326,1,1,0,0,0,0,0.378818541765213
video13,BirdDrone-Local-FT,327,0,0,0,0,0,0,0.0
video13,BirdDrone-Local-FT,328,0,0,0,0,0,0,0.0
video13,BirdDrone-Local-FT,329,1,1,0,0,1,0,0.2537478506565094
video13,BirdDrone-Local-FT,330,0,0,0,0,0,0,0.0
video13,BirdDrone-Local-FT,331,0,0,0,0,0,0,0.0
video13,BirdDrone-Local-FT,332,1,1,0,0,0,0,0.5947622656822205
video13,BirdDrone-Local-FT,333,1,1,0,0,0,0,0.5042538046836853
video13,BirdDrone-Local-FT,334,1,1,0,0,0,0,0.6158669590950012
video13,BirdDrone-Local-FT,335,1,1,0,0,0,0,0.657860279083252
video13,BirdDrone-Local-FT,336,1,1,0,0,0,0,0.504043459892273
video13,BirdDrone-Local-FT,337,1,1,0,0,0,0,0.40919360518455505
video13,BirdDrone-Local-FT,338,1,1,0,0,0,0,0.3676409125328064
video13,BirdDrone-Local-FT,339,1,1,0,0,0,0,0.4798797369003296
video13,BirdDrone-Local-FT,340,1,1,0,0,0,0,0.38134217262268066
video13,BirdDrone-Local-FT,341,1,1,0,0,1,0,0.30545854568481445
video13,BirdDrone-Local-FT,342,0,0,0,0,0,0,0.0
video13,BirdDrone-Local-FT,343,0,0,0,0,0,0,0.0
video13,BirdDrone-Local-FT,344,1,1,0,0,1,0,0.3081735670566559
video13,BirdDrone-Local-FT,345,1,1,0,0,0,0,0.6016038656234741
video13,BirdDrone-Local-FT,346,1,1,0,0,0,0,0.4963575303554535
video13,BirdDrone-Local-FT,347,1,1,0,0,0,0,0.5402241945266724
video13,BirdDrone-Local-FT,348,1,1,0,0,0,0,0.4843750596046448
video13,BirdDrone-Local-FT,349,0,0,0,0,0,0,0.0
video13,BirdDrone-Local-FT,350,0,0,0,0,0,0,0.0
video13,BirdDrone-Local-FT,351,0,0,0,0,0,0,0.0
video13,BirdDrone-Local-FT,352,0,0,0,0,0,0,0.0
video13,BirdDrone-Local-FT,353,1,1,0,0,0,0,0.37466558814048767
video13,BirdDrone-Local-FT,354,1,1,0,0,1,0,0.3473219871520996
video13,BirdDrone-Local-FT,355,1,1,0,0,0,0,0.40091264247894287
video13,BirdDrone-Local-FT,356,1,1,0,0,0,0,0.6675020456314087
video13,BirdDrone-Local-FT,357,1,1,0,0,0,0,0.6267713904380798
video13,BirdDrone-Local-FT,358,1,1,0,0,0,0,0.6490219831466675
video13,BirdDrone-Local-FT,359,1,1,0,0,0,0,0.582053542137146
video13,BirdDrone-Local-FT,360,1,1,0,0,0,0,0.41874194145202637
video13,BirdDrone-Local-FT,361,1,1,0,0,1,0,0.27023640275001526
video13,BirdDrone-Local-FT,362,1,1,0,0,0,0,0.6425113081932068
video13,BirdDrone-Local-FT,363,0,0,0,0,0,0,0.0
video13,BirdDrone-Local-FT,364,1,1,0,0,0,0,0.3720010817050934
video13,BirdDrone-Local-FT,365,0,0,0,0,0,0,0.0
video13,BirdDrone-Local-FT,366,1,1,0,0,0,0,0.7658191919326782
video13,BirdDrone-Local-FT,367,1,1,0,0,0,0,0.584578275680542
video13,BirdDrone-Local-FT,368,1,1,0,0,0,0,0.5336993932723999
video13,BirdDrone-Local-FT,369,1,1,0,0,0,0,0.6668252944946289
video13,BirdDrone-Local-FT,370,1,1,0,0,0,0,0.6925842761993408
video13,BirdDrone-Local-FT,371,1,1,0,0,0,0,0.6067087650299072
video13,BirdDrone-Local-FT,372,1,1,0,0,0,0,0.6604692339897156
video13,BirdDrone-Local-FT,373,2,2,0,0,0,0,0.5537871718406677
video13,BirdDrone-Local-FT,374,1,1,0,0,0,0,0.5581026077270508
video13,BirdDrone-Local-FT,375,2,2,0,0,0,0,0.5800468325614929
video13,BirdDrone-Local-FT,376,2,2,0,0,1,0,0.5241361260414124
video13,BirdDrone-Local-FT,377,1,1,0,0,1,0,0.2767760455608368
video13,BirdDrone-Local-FT,378,0,0,0,0,0,0,0.0
video13,BirdDrone-Local-FT,379,0,0,0,0,0,0,0.0
video13,BirdDrone-Local-FT,380,0,0,0,0,0,0,0.0
video13,BirdDrone-Local-FT,381,0,0,0,0,0,0,0.0
video13,BirdDrone-Local-FT,382,1,1,0,0,0,0,0.5758992433547974
video13,BirdDrone-Local-FT,383,1,1,0,0,0,0,0.5466539859771729
video13,BirdDrone-Local-FT,384,1,1,0,0,0,0,0.6656107306480408
video13,BirdDrone-Local-FT,385,1,1,0,0,0,0,0.43686625361442566
video13,BirdDrone-Local-FT,386,2,2,0,0,0,0,0.5574268102645874
video13,BirdDrone-Local-FT,387,2,2,0,0,1,0,0.4852313697338104
video13,BirdDrone-Local-FT,388,2,2,0,0,0,0,0.4420989453792572
video13,BirdDrone-Local-FT,389,1,1,0,0,1,0,0.30496296286582947
video13,BirdDrone-Local-FT,390,1,1,0,0,0,0,0.5620713233947754
video13,BirdDrone-Local-FT,391,1,1,0,0,0,0,0.6049163937568665
video13,BirdDrone-Local-FT,392,1,1,0,0,0,0,0.5563487410545349
video13,BirdDrone-Local-FT,393,1,1,0,0,0,0,0.5396407246589661
video13,BirdDrone-Local-FT,394,1,1,0,0,0,0,0.6428359746932983
video13,BirdDrone-Local-FT,395,1,1,0,0,0,0,0.6130592226982117
video13,BirdDrone-Local-FT,396,1,1,0,0,0,0,0.6443352699279785
video13,BirdDrone-Local-FT,397,1,1,0,0,0,0,0.7522706985473633
video13,BirdDrone-Local-FT,398,1,1,0,0,0,0,0.7402788996696472
video13,BirdDrone-Local-FT,399,0,0,0,0,0,0,0.0
video13,BirdDrone-Local-FT,400,0,0,0,0,0,0,0.0
video13,BirdDrone-Local-FT,401,0,0,0,0,0,0,0.0
video13,BirdDrone-Local-FT,402,0,0,0,0,0,0,0.0
video13,BirdDrone-Local-FT,403,1,1,0,0,0,0,0.5257607102394104
video13,BirdDrone-Local-FT,404,2,2,0,0,0,0,0.5179651975631714
video13,BirdDrone-Local-FT,405,1,1,0,0,0,0,0.6921774744987488
video13,BirdDrone-Local-FT,406,1,1,0,0,0,0,0.75877445936203
video13,BirdDrone-Local-FT,407,1,1,0,0,0,0,0.7748934030532837
video13,BirdDrone-Local-FT,408,1,1,0,0,0,0,0.42922282218933105
video13,BirdDrone-Local-FT,409,1,1,0,0,0,0,0.6894403696060181
video13,BirdDrone-Local-FT,410,1,1,0,0,0,0,0.7895915508270264
video13,BirdDrone-Local-FT,411,1,1,0,0,0,0,0.765383780002594
video13,BirdDrone-Local-FT,412,1,1,0,0,0,0,0.6564711928367615
video13,BirdDrone-Local-FT,413,1,1,0,0,0,0,0.7618512511253357
video13,BirdDrone-Local-FT,414,1,1,0,0,0,0,0.7709851861000061
video13,BirdDrone-Local-FT,415,1,1,0,0,0,0,0.765099287033081
video13,BirdDrone-Local-FT,416,1,1,0,0,0,0,0.6979801654815674
video13,BirdDrone-Local-FT,417,2,2,0,0,0,0,0.6991112232208252
video13,BirdDrone-Local-FT,418,1,1,0,0,0,0,0.62641841173172
video13,BirdDrone-Local-FT,419,1,1,0,0,0,0,0.6230279803276062
video13,BirdDrone-Local-FT,420,2,2,0,0,0,0,0.5210679769515991
video13,BirdDrone-Local-FT,421,2,2,0,0,1,0,0.6444869041442871
video13,BirdDrone-Local-FT,422,2,2,0,0,0,0,0.5244134664535522
video13,BirdDrone-Local-FT,423,1,1,0,0,0,0,0.5663349628448486
video13,BirdDrone-Local-FT,424,2,2,0,0,0,0,0.7115809917449951
video13,BirdDrone-Local-FT,425,2,2,0,0,1,0,0.6925628185272217
video13,BirdDrone-Local-FT,426,1,1,0,0,0,0,0.7251904606819153
video13,BirdDrone-Local-FT,427,1,1,0,0,0,0,0.8053617477416992
video13,BirdDrone-Local-FT,428,2,2,0,0,1,0,0.5979165434837341
video13,BirdDrone-Local-FT,429,1,1,0,0,0,0,0.7548011541366577
video13,BirdDrone-Local-FT,430,1,1,0,0,0,0,0.7712140679359436
video13,BirdDrone-Local-FT,431,1,1,0,0,0,0,0.7563562989234924
video13,BirdDrone-Local-FT,432,1,1,0,0,0,0,0.7402790784835815
video13,BirdDrone-Local-FT,433,1,1,0,0,0,0,0.7333698272705078
video13,BirdDrone-Local-FT,434,1,1,0,0,0,0,0.7802982926368713
video13,BirdDrone-Local-FT,435,1,1,0,0,0,0,0.7485131621360779
video13,BirdDrone-Local-FT,436,1,1,0,0,0,0,0.7107095122337341
video13,BirdDrone-Local-FT,437,1,1,0,0,0,0,0.6459655165672302
video13,BirdDrone-Local-FT,438,1,1,0,0,0,0,0.7922385931015015
video13,BirdDrone-Local-FT,439,1,1,0,0,0,0,0.7958655953407288
video13,BirdDrone-Local-FT,440,1,1,0,0,0,0,0.7331239581108093
video13,BirdDrone-Local-FT,441,1,1,0,0,0,0,0.8191115260124207
video13,BirdDrone-Local-FT,442,1,1,0,0,0,0,0.7478836178779602
video13,BirdDrone-Local-FT,443,1,1,0,0,0,0,0.7844765186309814
video13,BirdDrone-Local-FT,444,1,1,0,0,0,0,0.7978216409683228
video13,BirdDrone-Local-FT,445,1,1,0,0,0,0,0.7452806830406189
video13,BirdDrone-Local-FT,446,1,1,0,0,0,0,0.8479421734809875
video13,BirdDrone-Local-FT,447,1,1,0,0,0,0,0.8618793487548828
video13,BirdDrone-Local-FT,448,1,1,0,0,0,0,0.8685036897659302
video13,BirdDrone-Local-FT,449,1,1,0,0,0,0,0.8615875840187073
video13,BirdDrone-Local-FT,450,1,1,0,0,0,0,0.8599692583084106
video13,BirdDrone-Local-FT,451,1,1,0,0,0,0,0.8435925841331482
video13,BirdDrone-Local-FT,452,1,1,0,0,0,0,0.8566107153892517
video13,BirdDrone-Local-FT,453,1,1,0,0,0,0,0.8259102702140808
video13,BirdDrone-Local-FT,454,1,1,0,0,0,0,0.7381181120872498
video13,BirdDrone-Local-FT,455,1,1,0,0,0,0,0.8105833530426025
video13,BirdDrone-Local-FT,456,1,1,0,0,0,0,0.7565256953239441
video13,BirdDrone-Local-FT,457,1,1,0,0,0,0,0.8042873740196228
video13,BirdDrone-Local-FT,458,1,1,0,0,0,0,0.7831659317016602
video13,BirdDrone-Local-FT,459,1,1,0,0,0,0,0.7647588849067688
video13,BirdDrone-Local-FT,460,0,0,0,0,0,0,0.0
video13,BirdDrone-Local-FT,461,1,1,0,0,0,0,0.37543249130249023
video13,BirdDrone-Local-FT,462,1,1,0,0,1,0,0.3223319947719574
video13,BirdDrone-Local-FT,463,2,2,0,0,1,0,0.35265034437179565
video13,BirdDrone-Local-FT,464,1,1,0,0,0,0,0.7190932035446167
video13,BirdDrone-Local-FT,465,1,1,0,0,0,0,0.5854771137237549
video13,BirdDrone-Local-FT,466,1,1,0,0,0,0,0.7293515205383301
video13,BirdDrone-Local-FT,467,1,1,0,0,0,0,0.813816487789154
video13,BirdDrone-Local-FT,468,1,1,0,0,0,0,0.7800173163414001
video13,BirdDrone-Local-FT,469,1,1,0,0,0,0,0.7778527140617371
video13,BirdDrone-Local-FT,470,0,0,0,0,0,0,0.0
video13,BirdDrone-Local-FT,471,1,1,0,0,0,0,0.7673801779747009
video13,BirdDrone-Local-FT,472,1,1,0,0,0,0,0.7945579886436462
video13,BirdDrone-Local-FT,473,1,1,0,0,0,0,0.7941973805427551
video13,BirdDrone-Local-FT,474,1,1,0,0,0,0,0.8642511963844299
video13,BirdDrone-Local-FT,475,1,1,0,0,0,0,0.8142178654670715
video13,BirdDrone-Local-FT,476,1,1,0,0,0,0,0.850174069404602
video13,BirdDrone-Local-FT,477,1,1,0,0,0,0,0.7825235724449158
video13,BirdDrone-Local-FT,478,1,1,0,0,0,0,0.836521565914154
video13,BirdDrone-Local-FT,479,1,1,0,0,0,0,0.8362685441970825
video13,BirdDrone-Local-FT,480,1,1,0,0,0,0,0.8565347790718079
video13,BirdDrone-Local-FT,481,1,1,0,0,0,0,0.8361512422561646
video13,BirdDrone-Local-FT,482,1,1,0,0,0,0,0.8397509455680847
video13,BirdDrone-Local-FT,483,1,1,0,0,0,0,0.8335733413696289
video13,BirdDrone-Local-FT,484,1,1,0,0,0,0,0.8098769783973694
video13,BirdDrone-Local-FT,485,1,1,0,0,0,0,0.7708131670951843
video13,BirdDrone-Local-FT,486,1,1,0,0,0,0,0.8102329969406128
video13,BirdDrone-Local-FT,487,1,1,0,0,0,0,0.836635172367096
video13,BirdDrone-Local-FT,488,1,1,0,0,0,0,0.8398309946060181
video13,BirdDrone-Local-FT,489,1,1,0,0,0,0,0.8310741186141968
video13,BirdDrone-Local-FT,490,1,1,0,0,0,0,0.8651658892631531
video13,BirdDrone-Local-FT,491,1,1,0,0,0,0,0.8598387837409973
video13,BirdDrone-Local-FT,492,1,1,0,0,0,0,0.8708028197288513
video13,BirdDrone-Local-FT,493,1,1,0,0,0,0,0.8753693103790283
video13,BirdDrone-Local-FT,494,1,1,0,0,0,0,0.8472846746444702
video13,BirdDrone-Local-FT,495,1,1,0,0,0,0,0.8616690039634705
video13,BirdDrone-Local-FT,496,1,1,0,0,0,0,0.8432797789573669
video13,BirdDrone-Local-FT,497,1,1,0,0,0,0,0.8525204062461853
video13,BirdDrone-Local-FT,498,1,1,0,0,0,0,0.840215802192688
video13,BirdDrone-Local-FT,499,1,1,0,0,0,0,0.7711367011070251
video13,BirdDrone-Local-FT,500,1,1,0,0,0,0,0.6607068777084351
video13,BirdDrone-Local-FT,501,1,1,0,0,0,0,0.6809917688369751
video13,BirdDrone-Local-FT,502,1,1,0,0,0,0,0.381622314453125
video13,BirdDrone-Local-FT,503,1,1,0,0,0,0,0.7868543863296509
video13,BirdDrone-Local-FT,504,1,1,0,0,0,0,0.8518537878990173
video13,BirdDrone-Local-FT,505,1,1,0,0,0,0,0.8271576762199402
video13,BirdDrone-Local-FT,506,1,1,0,0,0,0,0.7552165389060974
video13,BirdDrone-Local-FT,507,1,1,0,0,0,0,0.8236759901046753
video13,BirdDrone-Local-FT,508,1,1,0,0,0,0,0.7075880765914917
video13,BirdDrone-Local-FT,509,1,1,0,0,0,0,0.49497097730636597
video13,BirdDrone-Local-FT,510,0,0,0,0,0,0,0.0
video13,BirdDrone-Local-FT,511,0,0,0,0,0,0,0.0
video13,BirdDrone-Local-FT,512,0,0,0,0,0,0,0.0
video13,BirdDrone-Local-FT,513,0,0,0,0,0,0,0.0
video13,BirdDrone-Local-FT,514,0,0,0,0,0,0,0.0
video13,BirdDrone-Local-FT,515,1,1,0,0,0,0,0.46811312437057495
video13,BirdDrone-Local-FT,516,1,1,0,0,0,0,0.3916017711162567
video13,BirdDrone-Local-FT,517,0,0,0,0,0,0,0.0
video13,BirdDrone-Local-FT,518,0,0,0,0,0,0,0.0
video13,BirdDrone-Local-FT,519,0,0,0,0,0,0,0.0
video13,BirdDrone-Local-FT,520,0,0,0,0,0,0,0.0
video13,BirdDrone-Local-FT,521,1,1,0,0,1,0,0.28526362776756287
video13,BirdDrone-Local-FT,522,1,1,0,0,0,0,0.5011754035949707
video13,BirdDrone-Local-FT,523,1,1,0,0,0,0,0.6733693480491638
video13,BirdDrone-Local-FT,524,1,1,0,0,0,0,0.64118891954422
video13,BirdDrone-Local-FT,525,1,1,0,0,0,0,0.7957033514976501
video13,BirdDrone-Local-FT,526,1,1,0,0,0,0,0.7682257890701294
video13,BirdDrone-Local-FT,527,1,1,0,0,0,0,0.7340830564498901
video13,BirdDrone-Local-FT,528,1,1,0,0,0,0,0.49398115277290344
video13,BirdDrone-Local-FT,529,2,2,0,0,1,0,0.36540448665618896
video13,BirdDrone-Local-FT,530,1,1,0,0,0,0,0.5503218173980713
video13,BirdDrone-Local-FT,531,1,1,0,0,0,0,0.6499868631362915
video13,BirdDrone-Local-FT,532,1,1,0,0,0,0,0.6821168661117554
video13,BirdDrone-Local-FT,533,1,1,0,0,0,0,0.6297883987426758
video13,BirdDrone-Local-FT,534,1,1,0,0,0,0,0.719235360622406
video13,BirdDrone-Local-FT,535,1,1,0,0,0,0,0.6284034252166748
video13,BirdDrone-Local-FT,536,1,1,0,0,0,0,0.5163713693618774
video13,BirdDrone-Local-FT,537,0,0,0,0,0,0,0.0
video13,BirdDrone-Local-FT,538,0,0,0,0,0,0,0.0
video13,BirdDrone-Local-FT,539,0,0,0,0,0,0,0.0
video13,BirdDrone-Local-FT,540,1,1,0,0,0,0,0.6208084225654602
video13,BirdDrone-Local-FT,541,1,1,0,0,0,0,0.3730720281600952
video13,BirdDrone-Local-FT,542,0,0,0,0,0,0,0.0
video13,BirdDrone-Local-FT,543,0,0,0,0,0,0,0.0
video13,BirdDrone-Local-FT,544,0,0,0,0,0,0,0.0
video13,BirdDrone-Local-FT,545,0,0,0,0,0,0,0.0
video13,BirdDrone-Local-FT,546,0,0,0,0,0,0,0.0
video13,BirdDrone-Local-FT,547,2,2,0,0,0,0,0.4222193658351898
video13,BirdDrone-Local-FT,548,1,1,0,0,0,0,0.49840542674064636
video13,BirdDrone-Local-FT,549,1,1,0,0,0,0,0.5269033312797546
video13,BirdDrone-Local-FT,550,1,1,0,0,0,0,0.4474421441555023
video13,BirdDrone-Local-FT,551,1,1,0,0,0,0,0.621614933013916
video13,BirdDrone-Local-FT,552,1,1,0,0,0,0,0.5536834597587585
video13,BirdDrone-Local-FT,553,1,1,0,0,0,0,0.35971176624298096
video13,BirdDrone-Local-FT,554,0,0,0,0,0,0,0.0
video13,BirdDrone-Local-FT,555,1,1,0,0,0,0,0.7944134473800659
video13,BirdDrone-Local-FT,556,1,1,0,0,0,0,0.8393722176551819
video13,BirdDrone-Local-FT,557,1,1,0,0,0,0,0.8192443251609802
video13,BirdDrone-Local-FT,558,1,1,0,0,0,0,0.8375753164291382
video13,BirdDrone-Local-FT,559,1,1,0,0,0,0,0.8394553065299988
video13,BirdDrone-Local-FT,560,1,1,0,0,0,0,0.8312177658081055
video13,BirdDrone-Local-FT,561,1,1,0,0,0,0,0.7888930439949036
video13,BirdDrone-Local-FT,562,1,1,0,0,0,0,0.719679594039917
video13,BirdDrone-Local-FT,563,1,1,0,0,0,0,0.7649455070495605
video13,BirdDrone-Local-FT,564,1,1,0,0,0,0,0.8089079856872559
video13,BirdDrone-Local-FT,565,1,1,0,0,0,0,0.8326277732849121
video13,BirdDrone-Local-FT,566,1,1,0,0,0,0,0.42742520570755005
video13,BirdDrone-Local-FT,567,1,1,0,0,0,0,0.7927030324935913
video13,BirdDrone-Local-FT,568,1,1,0,0,0,0,0.7269601225852966
video13,BirdDrone-Local-FT,569,1,1,0,0,0,0,0.6029194593429565
video13,BirdDrone-Local-FT,570,1,1,0,0,0,0,0.8411805033683777
video13,BirdDrone-Local-FT,571,1,1,0,0,0,0,0.8570709228515625
video13,BirdDrone-Local-FT,572,1,1,0,0,0,0,0.8153872489929199
video13,BirdDrone-Local-FT,573,1,1,0,0,0,0,0.6968196630477905
video13,BirdDrone-Local-FT,574,1,1,0,0,0,0,0.4969351887702942
video13,BirdDrone-Local-FT,575,1,1,0,0,0,0,0.6734539270401001
video13,BirdDrone-Local-FT,576,1,1,0,0,0,0,0.5096816420555115
video13,BirdDrone-Local-FT,577,1,1,0,0,1,0,0.3287844657897949
video13,BirdDrone-Local-FT,578,1,1,0,0,0,0,0.5468978881835938
video13,BirdDrone-Local-FT,579,0,0,0,0,0,0,0.0
video13,BirdDrone-Local-FT,580,0,0,0,0,0,0,0.0
video13,BirdDrone-Local-FT,581,0,0,0,0,0,0,0.0
video13,BirdDrone-Local-FT,582,0,0,0,0,0,0,0.0
video13,BirdDrone-Local-FT,583,0,0,0,0,0,0,0.0
video13,BirdDrone-Local-FT,584,0,0,0,0,0,0,0.0
video13,BirdDrone-Local-FT,585,0,0,0,0,0,0,0.0
video13,BirdDrone-Local-FT,586,0,0,0,0,0,0,0.0
video13,BirdDrone-Local-FT,587,0,0,0,0,0,0,0.0
video13,BirdDrone-Local-FT,588,0,0,0,0,0,0,0.0
video13,BirdDrone-Local-FT,589,0,0,0,0,0,0,0.0
video13,BirdDrone-Local-FT,590,0,0,0,0,0,0,0.0
video13,BirdDrone-Local-FT,591,0,0,0,0,0,0,0.0
video13,BirdDrone-Local-FT,592,0,0,0,0,0,0,0.0
video13,BirdDrone-Local-FT,593,0,0,0,0,0,0,0.0
video13,BirdDrone-Local-FT,594,0,0,0,0,0,0,0.0
video13,BirdDrone-Local-FT,595,0,0,0,0,0,0,0.0
video13,BirdDrone-Local-FT,596,0,0,0,0,0,0,0.0
video13,BirdDrone-Local-FT,597,0,0,0,0,0,0,0.0
video13,BirdDrone-Local-FT,598,0,0,0,0,0,0,0.0
video13,BirdDrone-Local-FT,599,0,0,0,0,0,0,0.0
video13,BirdDrone-Local-FT,600,0,0,0,0,0,0,0.0
video13,BirdDrone-Local-FT,601,0,0,0,0,0,0,0.0
video13,BirdDrone-Local-FT,602,0,0,0,0,0,0,0.0
video13,BirdDrone-Local-FT,603,0,0,0,0,0,0,0.0
video13,BirdDrone-Local-FT,604,0,0,0,0,0,0,0.0
video13,BirdDrone-Local-FT,605,0,0,0,0,0,0,0.0
video13,BirdDrone-Local-FT,606,0,0,0,0,0,0,0.0
video13,BirdDrone-Local-FT,607,0,0,0,0,0,0,0.0
video13,BirdDrone-Local-FT,608,0,0,0,0,0,0,0.0
video13,BirdDrone-Local-FT,609,0,0,0,0,0,0,0.0
video13,BirdDrone-Local-FT,610,0,0,0,0,0,0,0.0
video13,BirdDrone-Local-FT,611,0,0,0,0,0,0,0.0
video13,BirdDrone-Local-FT,612,0,0,0,0,0,0,0.0
video13,BirdDrone-Local-FT,613,0,0,0,0,0,0,0.0
video13,BirdDrone-Local-FT,614,0,0,0,0,0,0,0.0
video13,BirdDrone-Local-FT,615,0,0,0,0,0,0,0.0
video13,BirdDrone-Local-FT,616,0,0,0,0,0,0,0.0
video13,BirdDrone-Local-FT,617,0,0,0,0,0,0,0.0
video13,BirdDrone-Local-FT,618,0,0,0,0,0,0,0.0
video13,BirdDrone-Local-FT,619,0,0,0,0,0,0,0.0
video13,BirdDrone-Local-FT,620,0,0,0,0,0,0,0.0
video13,BirdDrone-Local-FT,621,0,0,0,0,0,0,0.0
video13,BirdDrone-Local-FT,622,0,0,0,0,0,0,0.0
video13,BirdDrone-Local-FT,623,0,0,0,0,0,0,0.0
video13,BirdDrone-Local-FT,624,0,0,0,0,0,0,0.0
video13,BirdDrone-Local-FT,625,0,0,0,0,0,0,0.0
video13,BirdDrone-Local-FT,626,0,0,0,0,0,0,0.0
video13,BirdDrone-Local-FT,627,0,0,0,0,0,0,0.0
video13,BirdDrone-Local-FT,628,1,1,0,0,0,0,0.3536128103733063
video13,BirdDrone-Local-FT,629,1,1,0,0,0,0,0.37586864829063416
video13,BirdDrone-Local-FT,630,0,0,0,0,0,0,0.0
video13,BirdDrone-Local-FT,631,0,0,0,0,0,0,0.0
video13,BirdDrone-Local-FT,632,0,0,0,0,0,0,0.0
video13,BirdDrone-Local-FT,633,1,1,0,0,0,0,0.46364015340805054
video13,BirdDrone-Local-FT,634,1,1,0,0,0,0,0.7285167574882507
video13,BirdDrone-Local-FT,635,1,1,0,0,1,0,0.26592177152633667
video13,BirdDrone-Local-FT,636,1,1,0,0,1,0,0.299305260181427
video13,BirdDrone-Local-FT,637,0,0,0,0,0,0,0.0
video13,BirdDrone-Local-FT,638,1,1,0,0,0,0,0.6059607267379761
video13,BirdDrone-Local-FT,639,1,1,0,0,0,0,0.5630908012390137
video13,BirdDrone-Local-FT,640,0,0,0,0,0,0,0.0
video13,BirdDrone-Local-FT,641,0,0,0,0,0,0,0.0
video13,BirdDrone-Local-FT,642,0,0,0,0,0,0,0.0
video13,BirdDrone-Local-FT,643,1,1,0,0,0,0,0.397643506526947
video13,BirdDrone-Local-FT,644,1,1,0,0,1,0,0.2503229081630707
video13,BirdDrone-Local-FT,645,1,1,0,0,0,0,0.6828595995903015
video13,BirdDrone-Local-FT,646,1,1,0,0,0,0,0.4213523268699646
video13,BirdDrone-Local-FT,647,0,0,0,0,0,0,0.0
video13,BirdDrone-Local-FT,648,0,0,0,0,0,0,0.0
video13,BirdDrone-Local-FT,649,0,0,0,0,0,0,0.0
video13,BirdDrone-Local-FT,650,0,0,0,0,0,0,0.0
video13,BirdDrone-Local-FT,651,0,0,0,0,0,0,0.0
video13,BirdDrone-Local-FT,652,1,1,0,0,0,0,0.3521110713481903
video13,BirdDrone-Local-FT,653,1,1,0,0,0,0,0.3572933077812195
video13,BirdDrone-Local-FT,654,1,1,0,0,0,0,0.5247833132743835
video13,BirdDrone-Local-FT,655,1,1,0,0,1,0,0.34512564539909363
video13,BirdDrone-Local-FT,656,1,1,0,0,0,0,0.39759621024131775
video13,BirdDrone-Local-FT,657,1,1,0,0,0,0,0.5177941918373108
video13,BirdDrone-Local-FT,658,1,1,0,0,0,0,0.7031196355819702
video13,BirdDrone-Local-FT,659,1,1,0,0,0,0,0.6803870797157288
video13,BirdDrone-Local-FT,660,1,1,0,0,0,0,0.768361508846283
video13,BirdDrone-Local-FT,661,1,1,0,0,0,0,0.7211617231369019
video13,BirdDrone-Local-FT,662,0,0,0,0,0,0,0.0
video13,BirdDrone-Local-FT,663,0,0,0,0,0,0,0.0
video13,BirdDrone-Local-FT,664,0,0,0,0,0,0,0.0
video13,BirdDrone-Local-FT,665,0,0,0,0,0,0,0.0
video13,BirdDrone-Local-FT,666,0,0,0,0,0,0,0.0
video13,BirdDrone-Local-FT,667,0,0,0,0,0,0,0.0
video13,BirdDrone-Local-FT,668,0,0,0,0,0,0,0.0
video13,BirdDrone-Local-FT,669,0,0,0,0,0,0,0.0
video13,BirdDrone-Local-FT,670,0,0,0,0,0,0,0.0
video13,BirdDrone-Local-FT,671,0,0,0,0,0,0,0.0
video13,BirdDrone-Local-FT,672,0,0,0,0,0,0,0.0
video13,BirdDrone-Local-FT,673,0,0,0,0,0,0,0.0
video13,BirdDrone-Local-FT,674,0,0,0,0,0,0,0.0
video13,BirdDrone-Local-FT,675,0,0,0,0,0,0,0.0
video13,BirdDrone-Local-FT,676,0,0,0,0,0,0,0.0
video13,BirdDrone-Local-FT,677,0,0,0,0,0,0,0.0
video13,BirdDrone-Local-FT,678,0,0,0,0,0,0,0.0
video13,BirdDrone-Local-FT,679,0,0,0,0,0,0,0.0
video13,BirdDrone-Local-FT,680,0,0,0,0,0,0,0.0
video13,BirdDrone-Local-FT,681,0,0,0,0,0,0,0.0
video13,BirdDrone-Local-FT,682,0,0,0,0,0,0,0.0
video13,BirdDrone-Local-FT,683,0,0,0,0,0,0,0.0
video13,BirdDrone-Local-FT,684,0,0,0,0,0,0,0.0
video13,BirdDrone-Local-FT,685,0,0,0,0,0,0,0.0
video13,BirdDrone-Local-FT,686,0,0,0,0,0,0,0.0
video13,BirdDrone-Local-FT,687,0,0,0,0,0,0,0.0
video13,BirdDrone-Local-FT,688,0,0,0,0,0,0,0.0
video13,BirdDrone-Local-FT,689,0,0,0,0,0,0,0.0
video13,BirdDrone-Local-FT,690,0,0,0,0,0,0,0.0
video13,BirdDrone-Local-FT,691,0,0,0,0,0,0,0.0
video13,BirdDrone-Local-FT,692,0,0,0,0,0,0,0.0
video13,BirdDrone-Local-FT,693,0,0,0,0,0,0,0.0
video13,BirdDrone-Local-FT,694,0,0,0,0,0,0,0.0
video13,BirdDrone-Local-FT,695,0,0,0,0,0,0,0.0
video13,BirdDrone-Local-FT,696,0,0,0,0,0,0,0.0
video13,BirdDrone-Local-FT,697,0,0,0,0,0,0,0.0
video13,BirdDrone-Local-FT,698,0,0,0,0,0,0,0.0
video13,BirdDrone-Local-FT,699,0,0,0,0,0,0,0.0
video13,BirdDrone-Local-FT,700,0,0,0,0,0,0,0.0
video13,BirdDrone-Local-FT,701,0,0,0,0,0,0,0.0
video13,BirdDrone-Local-FT,702,0,0,0,0,0,0,0.0
video13,BirdDrone-Local-FT,703,0,0,0,0,0,0,0.0
video13,BirdDrone-Local-FT,704,0,0,0,0,0,0,0.0
video13,BirdDrone-Local-FT,705,0,0,0,0,0,0,0.0
video13,BirdDrone-Local-FT,706,0,0,0,0,0,0,0.0
video13,BirdDrone-Local-FT,707,0,0,0,0,0,0,0.0
video13,BirdDrone-Local-FT,708,0,0,0,0,0,0,0.0
video13,BirdDrone-Local-FT,709,0,0,0,0,0,0,0.0
video13,BirdDrone-Local-FT,710,0,0,0,0,0,0,0.0
video13,BirdDrone-Local-FT,711,1,1,0,0,1,0,0.32972678542137146
video13,BirdDrone-Local-FT,712,1,1,0,0,0,0,0.6524849534034729
video13,BirdDrone-Local-FT,713,1,1,0,0,0,0,0.6271589994430542
video13,BirdDrone-Local-FT,714,1,1,0,0,0,0,0.6836418509483337
video13,BirdDrone-Local-FT,715,1,1,0,0,1,0,0.3388631343841553
video13,BirdDrone-Local-FT,716,0,0,0,0,0,0,0.0
video13,BirdDrone-Local-FT,717,0,0,0,0,0,0,0.0
video13,BirdDrone-Local-FT,718,1,1,0,0,1,0,0.33081164956092834
video13,BirdDrone-Local-FT,719,1,1,0,0,0,0,0.6548462510108948
video13,BirdDrone-Local-FT,720,1,1,0,0,0,0,0.6609529256820679
video13,BirdDrone-Local-FT,721,1,1,0,0,0,0,0.5095236897468567
video13,BirdDrone-Local-FT,722,1,1,0,0,0,0,0.7687738537788391
video13,BirdDrone-Local-FT,723,1,1,0,0,0,0,0.719767153263092
video13,BirdDrone-Local-FT,724,1,1,0,0,0,0,0.766848087310791
video13,BirdDrone-Local-FT,725,1,1,0,0,0,0,0.8125938773155212
video13,BirdDrone-Local-FT,726,1,1,0,0,0,0,0.7559358477592468
video13,BirdDrone-Local-FT,727,2,2,0,0,0,0,0.6317893266677856
video13,BirdDrone-Local-FT,728,1,1,0,0,0,0,0.7348461151123047
video13,BirdDrone-Local-FT,729,1,1,0,0,0,0,0.8435772657394409
video13,BirdDrone-Local-FT,730,1,1,0,0,0,0,0.8548868298530579
video13,BirdDrone-Local-FT,731,1,1,0,0,0,0,0.8521636724472046
video13,BirdDrone-Local-FT,732,1,1,0,0,0,0,0.7420170307159424
video13,BirdDrone-Local-FT,733,1,1,0,0,0,0,0.7525699138641357
video13,BirdDrone-Local-FT,734,1,1,0,0,0,0,0.7865596413612366
video13,BirdDrone-Local-FT,735,0,0,0,0,0,0,0.0
video13,BirdDrone-Local-FT,736,1,1,0,0,0,0,0.6657036542892456
video13,BirdDrone-Local-FT,737,1,1,0,0,0,0,0.6985611915588379
video13,BirdDrone-Local-FT,738,1,1,0,0,0,0,0.47221189737319946
video13,BirdDrone-Local-FT,739,1,1,0,0,0,0,0.573432981967926
video13,BirdDrone-Local-FT,740,1,1,0,0,1,0,0.29752564430236816
video13,BirdDrone-Local-FT,741,0,0,0,0,0,0,0.0
video13,BirdDrone-Local-FT,742,0,0,0,0,0,0,0.0
video13,BirdDrone-Local-FT,743,0,0,0,0,0,0,0.0
video13,BirdDrone-Local-FT,744,0,0,0,0,0,0,0.0
video13,BirdDrone-Local-FT,745,0,0,0,0,0,0,0.0
video13,BirdDrone-Local-FT,746,0,0,0,0,0,0,0.0
video13,BirdDrone-Local-FT,747,0,0,0,0,0,0,0.0
video13,BirdDrone-Local-FT,748,0,0,0,0,0,0,0.0
video13,BirdDrone-Local-FT,749,0,0,0,0,0,0,0.0
video13,BirdDrone-Local-FT,750,0,0,0,0,0,0,0.0
video13,BirdDrone-Local-FT,751,0,0,0,0,0,0,0.0
video13,BirdDrone-Local-FT,752,0,0,0,0,0,0,0.0
video13,BirdDrone-Local-FT,753,0,0,0,0,0,0,0.0
video13,BirdDrone-Local-FT,754,0,0,0,0,0,0,0.0
video13,BirdDrone-Local-FT,755,0,0,0,0,0,0,0.0
video13,BirdDrone-Local-FT,756,0,0,0,0,0,0,0.0
video13,BirdDrone-Local-FT,757,0,0,0,0,0,0,0.0
video13,BirdDrone-Local-FT,758,0,0,0,0,0,0,0.0
video13,BirdDrone-Local-FT,759,0,0,0,0,0,0,0.0
video13,BirdDrone-Local-FT,760,0,0,0,0,0,0,0.0
video13,BirdDrone-Local-FT,761,0,0,0,0,0,0,0.0
video13,BirdDrone-Local-FT,762,0,0,0,0,0,0,0.0
video13,BirdDrone-Local-FT,763,0,0,0,0,0,0,0.0
video13,BirdDrone-Local-FT,764,0,0,0,0,0,0,0.0
video13,BirdDrone-Local-FT,765,0,0,0,0,0,0,0.0
video13,BirdDrone-Local-FT,766,0,0,0,0,0,0,0.0
video13,BirdDrone-Local-FT,767,0,0,0,0,0,0,0.0
video13,BirdDrone-Local-FT,768,0,0,0,0,0,0,0.0
video13,BirdDrone-Local-FT,769,0,0,0,0,0,0,0.0
video13,BirdDrone-Local-FT,770,0,0,0,0,0,0,0.0
video13,BirdDrone-Local-FT,771,0,0,0,0,0,0,0.0
video13,BirdDrone-Local-FT,772,0,0,0,0,0,0,0.0
video13,BirdDrone-Local-FT,773,0,0,0,0,0,0,0.0
video13,BirdDrone-Local-FT,774,0,0,0,0,0,0,0.0
video13,BirdDrone-Local-FT,775,0,0,0,0,0,0,0.0
video13,BirdDrone-Local-FT,776,0,0,0,0,0,0,0.0
video13,BirdDrone-Local-FT,777,0,0,0,0,0,0,0.0
video13,BirdDrone-Local-FT,778,0,0,0,0,0,0,0.0
video13,BirdDrone-Local-FT,779,0,0,0,0,0,0,0.0
video13,BirdDrone-Local-FT,780,0,0,0,0,0,0,0.0
video13,BirdDrone-Local-FT,781,0,0,0,0,0,0,0.0
video13,BirdDrone-Local-FT,782,0,0,0,0,0,0,0.0
video13,BirdDrone-Local-FT,783,0,0,0,0,0,0,0.0
video13,BirdDrone-Local-FT,784,0,0,0,0,0,0,0.0
video13,BirdDrone-Local-FT,785,0,0,0,0,0,0,0.0
video13,BirdDrone-Local-FT,786,0,0,0,0,0,0,0.0
video13,BirdDrone-Local-FT,787,0,0,0,0,0,0,0.0
video13,BirdDrone-Local-FT,788,0,0,0,0,0,0,0.0
video13,BirdDrone-Local-FT,789,0,0,0,0,0,0,0.0
video13,BirdDrone-Local-FT,790,0,0,0,0,0,0,0.0
video13,BirdDrone-Local-FT,791,0,0,0,0,0,0,0.0
video13,BirdDrone-Local-FT,792,0,0,0,0,0,0,0.0
video13,BirdDrone-Local-FT,793,0,0,0,0,0,0,0.0
video13,BirdDrone-Local-FT,794,0,0,0,0,0,0,0.0
video13,BirdDrone-Local-FT,795,0,0,0,0,0,0,0.0
video13,BirdDrone-Local-FT,796,0,0,0,0,0,0,0.0
video13,BirdDrone-Local-FT,797,0,0,0,0,0,0,0.0
video13,BirdDrone-Local-FT,798,0,0,0,0,0,0,0.0
video13,BirdDrone-Local-FT,799,0,0,0,0,0,0,0.0
video13,BirdDrone-Local-FT,800,0,0,0,0,0,0,0.0
video13,BirdDrone-Local-FT,801,0,0,0,0,0,0,0.0
video13,BirdDrone-Local-FT,802,0,0,0,0,0,0,0.0
video13,BirdDrone-Local-FT,803,0,0,0,0,0,0,0.0
video13,BirdDrone-Local-FT,804,0,0,0,0,0,0,0.0
video13,BirdDrone-Local-FT,805,0,0,0,0,0,0,0.0
video13,BirdDrone-Local-FT,806,0,0,0,0,0,0,0.0
video13,BirdDrone-Local-FT,807,0,0,0,0,0,0,0.0
video13,BirdDrone-Local-FT,808,0,0,0,0,0,0,0.0
video13,BirdDrone-Local-FT,809,0,0,0,0,0,0,0.0
video13,BirdDrone-Local-FT,810,0,0,0,0,0,0,0.0
video13,BirdDrone-Local-FT,811,0,0,0,0,0,0,0.0
video13,BirdDrone-Local-FT,812,0,0,0,0,0,0,0.0
video13,BirdDrone-Local-FT,813,0,0,0,0,0,0,0.0
video13,BirdDrone-Local-FT,814,0,0,0,0,0,0,0.0
video13,BirdDrone-Local-FT,815,0,0,0,0,0,0,0.0
video13,BirdDrone-Local-FT,816,0,0,0,0,0,0,0.0
video13,BirdDrone-Local-FT,817,0,0,0,0,0,0,0.0
video13,BirdDrone-Local-FT,818,0,0,0,0,0,0,0.0
video13,BirdDrone-Local-FT,819,0,0,0,0,0,0,0.0
video13,BirdDrone-Local-FT,820,0,0,0,0,0,0,0.0
video13,BirdDrone-Local-FT,821,0,0,0,0,0,0,0.0
video13,BirdDrone-Local-FT,822,0,0,0,0,0,0,0.0
video13,BirdDrone-Local-FT,823,0,0,0,0,0,0,0.0
video13,BirdDrone-Local-FT,824,0,0,0,0,0,0,0.0
video13,BirdDrone-Local-FT,825,0,0,0,0,0,0,0.0
video13,BirdDrone-Local-FT,826,0,0,0,0,0,0,0.0
video13,BirdDrone-Local-FT,827,0,0,0,0,0,0,0.0
video13,BirdDrone-Local-FT,828,0,0,0,0,0,0,0.0
video13,BirdDrone-Local-FT,829,0,0,0,0,0,0,0.0
video13,BirdDrone-Local-FT,830,0,0,0,0,0,0,0.0
video13,BirdDrone-Local-FT,831,0,0,0,0,0,0,0.0
video13,BirdDrone-Local-FT,832,0,0,0,0,0,0,0.0
video13,BirdDrone-Local-FT,833,0,0,0,0,0,0,0.0
video13,BirdDrone-Local-FT,834,0,0,0,0,0,0,0.0
video13,BirdDrone-Local-FT,835,0,0,0,0,0,0,0.0
video13,BirdDrone-Local-FT,836,0,0,0,0,0,0,0.0
video13,BirdDrone-Local-FT,837,0,0,0,0,0,0,0.0
video13,BirdDrone-Local-FT,838,0,0,0,0,0,0,0.0
video13,BirdDrone-Local-FT,839,0,0,0,0,0,0,0.0
video13,BirdDrone-Local-FT,840,0,0,0,0,0,0,0.0
video13,BirdDrone-Local-FT,841,0,0,0,0,0,0,0.0
video13,BirdDrone-Local-FT,842,0,0,0,0,0,0,0.0
video13,BirdDrone-Local-FT,843,0,0,0,0,0,0,0.0
video13,BirdDrone-Local-FT,844,0,0,0,0,0,0,0.0
video13,BirdDrone-Local-FT,845,0,0,0,0,0,0,0.0
video13,BirdDrone-Local-FT,846,0,0,0,0,0,0,0.0
video13,BirdDrone-Local-FT,847,0,0,0,0,0,0,0.0
video13,BirdDrone-Local-FT,848,0,0,0,0,0,0,0.0
video13,BirdDrone-Local-FT,849,0,0,0,0,0,0,0.0
video13,BirdDrone-Local-FT,850,0,0,0,0,0,0,0.0
video13,BirdDrone-Local-FT,851,0,0,0,0,0,0,0.0
video13,BirdDrone-Local-FT,852,0,0,0,0,0,0,0.0
video13,BirdDrone-Local-FT,853,0,0,0,0,0,0,0.0
video13,BirdDrone-Local-FT,854,0,0,0,0,0,0,0.0
video13,BirdDrone-Local-FT,855,0,0,0,0,0,0,0.0
video13,BirdDrone-Local-FT,856,0,0,0,0,0,0,0.0
video13,BirdDrone-Local-FT,857,0,0,0,0,0,0,0.0
video13,BirdDrone-Local-FT,858,0,0,0,0,0,0,0.0
video13,BirdDrone-Local-FT,859,0,0,0,0,0,0,0.0
video13,BirdDrone-Local-FT,860,0,0,0,0,0,0,0.0
video13,BirdDrone-Local-FT,861,0,0,0,0,0,0,0.0
video13,BirdDrone-Local-FT,862,0,0,0,0,0,0,0.0
video13,BirdDrone-Local-FT,863,0,0,0,0,0,0,0.0
video13,BirdDrone-Local-FT,864,0,0,0,0,0,0,0.0
video13,BirdDrone-Local-FT,865,0,0,0,0,0,0,0.0
video13,BirdDrone-Local-FT,866,0,0,0,0,0,0,0.0
video13,BirdDrone-Local-FT,867,0,0,0,0,0,0,0.0
video13,BirdDrone-Local-FT,868,0,0,0,0,0,0,0.0
video13,BirdDrone-Local-FT,869,0,0,0,0,0,0,0.0
video13,BirdDrone-Local-FT,870,0,0,0,0,0,0,0.0
video13,BirdDrone-Local-FT,871,0,0,0,0,0,0,0.0
video13,BirdDrone-Local-FT,872,0,0,0,0,0,0,0.0
video13,BirdDrone-Local-FT,873,0,0,0,0,0,0,0.0
video13,BirdDrone-Local-FT,874,0,0,0,0,0,0,0.0
video13,BirdDrone-Local-FT,875,0,0,0,0,0,0,0.0
video13,BirdDrone-Local-FT,876,1,1,0,0,1,0,0.29886192083358765
video13,BirdDrone-Local-FT,877,1,1,0,0,0,0,0.5949305295944214
video13,BirdDrone-Local-FT,878,1,1,0,0,0,0,0.6540502309799194
video13,BirdDrone-Local-FT,879,1,1,0,0,0,0,0.5801344513893127
video13,BirdDrone-Local-FT,880,1,1,0,0,0,0,0.39145365357398987
video13,BirdDrone-Local-FT,881,1,1,0,0,0,0,0.44756969809532166
video13,BirdDrone-Local-FT,882,1,1,0,0,0,0,0.4544433057308197
video13,BirdDrone-Local-FT,883,1,1,0,0,0,0,0.5932394862174988
video13,BirdDrone-Local-FT,884,1,1,0,0,0,0,0.5924823880195618
video13,BirdDrone-Local-FT,885,2,2,0,0,0,0,0.6112580299377441
video13,BirdDrone-Local-FT,886,1,1,0,0,0,0,0.6022196412086487
video13,BirdDrone-Local-FT,887,1,1,0,0,0,0,0.638734757900238
video13,BirdDrone-Local-FT,888,1,1,0,0,0,0,0.5932928919792175
video13,BirdDrone-Local-FT,889,1,1,0,0,0,0,0.5980646014213562
video13,BirdDrone-Local-FT,890,2,2,0,0,0,0,0.6409098505973816
video13,BirdDrone-Local-FT,891,2,2,0,0,0,0,0.6867423057556152
video13,BirdDrone-Local-FT,892,2,2,0,0,0,0,0.6250466108322144
video13,BirdDrone-Local-FT,893,1,1,0,0,0,0,0.76649409532547
video13,BirdDrone-Local-FT,894,2,2,0,0,0,0,0.6588163375854492
video13,BirdDrone-Local-FT,895,2,2,0,0,0,0,0.635277271270752
video13,BirdDrone-Local-FT,896,1,1,0,0,0,0,0.7006248831748962
video13,BirdDrone-Local-FT,897,2,2,0,0,1,0,0.5058903694152832
video13,BirdDrone-Local-FT,898,1,1,0,0,0,0,0.6768606305122375
video13,BirdDrone-Local-FT,899,1,1,0,0,0,0,0.54399573802948
video13,BirdDrone-Local-FT,900,1,1,0,0,0,0,0.4671318531036377
video13,BirdDrone-Local-FT,901,1,1,0,0,0,0,0.7501624226570129
video13,BirdDrone-Local-FT,902,1,1,0,0,0,0,0.7939780950546265
video13,BirdDrone-Local-FT,903,1,1,0,0,0,0,0.8151600956916809
video13,BirdDrone-Local-FT,904,1,1,0,0,0,0,0.8019167184829712
video13,BirdDrone-Local-FT,905,1,1,0,0,0,0,0.7412418723106384
video13,BirdDrone-Local-FT,906,1,1,0,0,0,0,0.6935288906097412
video13,BirdDrone-Local-FT,907,1,1,0,0,0,0,0.709231972694397
video13,BirdDrone-Local-FT,908,1,1,0,0,0,0,0.7475952506065369
video13,BirdDrone-Local-FT,909,1,1,0,0,0,0,0.7835986614227295
video13,BirdDrone-Local-FT,910,1,1,0,0,0,0,0.7420893311500549
video13,BirdDrone-Local-FT,911,1,1,0,0,0,0,0.5413880348205566
video13,BirdDrone-Local-FT,912,1,1,0,0,0,0,0.5368900895118713
video13,BirdDrone-Local-FT,913,1,1,0,0,0,0,0.5636231303215027
video13,BirdDrone-Local-FT,914,1,1,0,0,0,0,0.5819106101989746
video13,BirdDrone-Local-FT,915,2,2,0,0,0,0,0.6454089283943176
video13,BirdDrone-Local-FT,916,2,2,0,0,0,0,0.6495139598846436
video13,BirdDrone-Local-FT,917,2,2,0,0,1,0,0.7513311505317688
video13,BirdDrone-Local-FT,918,1,1,0,0,0,0,0.7556619644165039
video13,BirdDrone-Local-FT,919,2,2,0,0,1,0,0.4950058162212372
video13,BirdDrone-Local-FT,920,1,1,0,0,0,0,0.6564393043518066
video13,BirdDrone-Local-FT,921,1,1,0,0,0,0,0.657720685005188
video13,BirdDrone-Local-FT,922,1,1,0,0,0,0,0.617418646812439
video13,BirdDrone-Local-FT,923,2,2,0,0,1,0,0.5109971761703491
video13,BirdDrone-Local-FT,924,1,1,0,0,0,0,0.4190611243247986
video13,BirdDrone-Local-FT,925,1,1,0,0,0,0,0.6372622847557068
video13,BirdDrone-Local-FT,926,1,1,0,0,0,0,0.7542470097541809
video13,BirdDrone-Local-FT,927,1,1,0,0,0,0,0.7353171110153198
video13,BirdDrone-Local-FT,928,1,1,0,0,0,0,0.6416903734207153
video13,BirdDrone-Local-FT,929,1,1,0,0,0,0,0.6109820008277893
video13,BirdDrone-Local-FT,930,1,1,0,0,0,0,0.6710382699966431
video13,BirdDrone-Local-FT,931,1,1,0,0,0,0,0.7182996869087219
video13,BirdDrone-Local-FT,932,1,1,0,0,0,0,0.7306244969367981
video13,BirdDrone-Local-FT,933,1,1,0,0,0,0,0.7212353944778442
video13,BirdDrone-Local-FT,934,1,1,0,0,0,0,0.7402611374855042
video13,BirdDrone-Local-FT,935,1,1,0,0,0,0,0.710464358329773
video13,BirdDrone-Local-FT,936,1,1,0,0,0,0,0.6506857872009277
video13,BirdDrone-Local-FT,937,1,1,0,0,0,0,0.5456730127334595
video13,BirdDrone-Local-FT,938,3,3,0,0,1,0,0.5325825214385986
video13,BirdDrone-Local-FT,939,3,3,0,0,1,0,0.4542083144187927
video13,BirdDrone-Local-FT,940,2,2,0,0,0,0,0.4665479063987732
video13,BirdDrone-Local-FT,941,2,2,0,0,1,0,0.5338467359542847
video13,BirdDrone-Local-FT,942,1,1,0,0,0,0,0.6428696513175964
video13,BirdDrone-Local-FT,943,1,1,0,0,0,0,0.5674675703048706
video13,BirdDrone-Local-FT,944,1,1,0,0,0,0,0.7362087965011597
video13,BirdDrone-Local-FT,945,1,1,0,0,0,0,0.6957001686096191
video13,BirdDrone-Local-FT,946,1,1,0,0,0,0,0.6823154091835022
video13,BirdDrone-Local-FT,947,1,1,0,0,0,0,0.7825217843055725
video13,BirdDrone-Local-FT,948,1,1,0,0,0,0,0.7717705965042114
video13,BirdDrone-Local-FT,949,1,1,0,0,0,0,0.768171489238739
video13,BirdDrone-Local-FT,950,1,1,0,0,0,0,0.7966346144676208
video13,BirdDrone-Local-FT,951,1,1,0,0,0,0,0.7866535782814026
video13,BirdDrone-Local-FT,952,1,1,0,0,0,0,0.7946715950965881
video13,BirdDrone-Local-FT,953,1,1,0,0,0,0,0.796692967414856
video13,BirdDrone-Local-FT,954,1,1,0,0,0,0,0.8024778962135315
video13,BirdDrone-Local-FT,955,1,1,0,0,0,0,0.805532693862915
video13,BirdDrone-Local-FT,956,1,1,0,0,0,0,0.8202388882637024
video13,BirdDrone-Local-FT,957,1,1,0,0,0,0,0.8282956480979919
video13,BirdDrone-Local-FT,958,1,1,0,0,0,0,0.8084186911582947
video13,BirdDrone-Local-FT,959,1,1,0,0,0,0,0.8120684027671814
video13,BirdDrone-Local-FT,960,1,1,0,0,0,0,0.830941915512085
video13,BirdDrone-Local-FT,961,1,1,0,0,0,0,0.8037036061286926
video13,BirdDrone-Local-FT,962,1,1,0,0,0,0,0.8172587752342224
video13,BirdDrone-Local-FT,963,1,1,0,0,0,0,0.7820990085601807
video13,BirdDrone-Local-FT,964,2,2,0,0,0,0,0.6478149890899658
video13,BirdDrone-Local-FT,965,2,2,0,0,0,0,0.6421130299568176
video13,BirdDrone-Local-FT,966,1,1,0,0,0,0,0.7630550265312195
video13,BirdDrone-Local-FT,967,1,1,0,0,0,0,0.7294734716415405
video13,BirdDrone-Local-FT,968,1,1,0,0,0,0,0.4760718047618866
video13,BirdDrone-Local-FT,969,1,1,0,0,0,0,0.6943787932395935
video13,BirdDrone-Local-FT,970,1,1,0,0,0,0,0.7508176565170288
video13,BirdDrone-Local-FT,971,1,1,0,0,0,0,0.7314965724945068
video13,BirdDrone-Local-FT,972,1,1,0,0,0,0,0.7043647170066833
video13,BirdDrone-Local-FT,973,1,1,0,0,0,0,0.7574886679649353
video13,BirdDrone-Local-FT,974,1,1,0,0,0,0,0.7028249502182007
video13,BirdDrone-Local-FT,975,1,1,0,0,0,0,0.37952253222465515
video13,BirdDrone-Local-FT,976,0,0,0,0,0,0,0.0
video13,BirdDrone-Local-FT,977,0,0,0,0,0,0,0.0
video13,BirdDrone-Local-FT,978,0,0,0,0,0,0,0.0
video13,BirdDrone-Local-FT,979,1,1,0,0,1,0,0.2803485691547394
video13,BirdDrone-Local-FT,980,1,1,0,0,0,0,0.42618677020072937
video13,BirdDrone-Local-FT,981,2,2,0,0,0,0,0.39170950651168823
video13,BirdDrone-Local-FT,982,0,0,0,0,0,0,0.0
video13,BirdDrone-Local-FT,983,0,0,0,0,0,0,0.0
video13,BirdDrone-Local-FT,984,0,0,0,0,0,0,0.0
video13,BirdDrone-Local-FT,985,1,1,0,0,0,0,0.39353546500205994
video13,BirdDrone-Local-FT,986,0,0,0,0,0,0,0.0
video13,BirdDrone-Local-FT,987,1,1,0,0,0,0,0.36849087476730347
video13,BirdDrone-Local-FT,988,0,0,0,0,0,0,0.0
video13,BirdDrone-Local-FT,989,0,0,0,0,0,0,0.0
video13,BirdDrone-Local-FT,990,0,0,0,0,0,0,0.0
video13,BirdDrone-Local-FT,991,0,0,0,0,0,0,0.0
video13,BirdDrone-Local-FT,992,0,0,0,0,0,0,0.0
video13,BirdDrone-Local-FT,993,0,0,0,0,0,0,0.0
video13,BirdDrone-Local-FT,994,0,0,0,0,0,0,0.0
video13,BirdDrone-Local-FT,995,0,0,0,0,0,0,0.0
video13,BirdDrone-Local-FT,996,0,0,0,0,0,0,0.0
video13,BirdDrone-Local-FT,997,0,0,0,0,0,0,0.0
video13,BirdDrone-Local-FT,998,0,0,0,0,0,0,0.0
video13,BirdDrone-Local-FT,999,0,0,0,0,0,0,0.0
video13,BirdDrone-Local-FT,1000,0,0,0,0,0,0,0.0
video13,BirdDrone-Local-FT,1001,0,0,0,0,0,0,0.0
video13,BirdDrone-Local-FT,1002,0,0,0,0,0,0,0.0
video13,BirdDrone-Local-FT,1003,0,0,0,0,0,0,0.0
video13,BirdDrone-Local-FT,1004,0,0,0,0,0,0,0.0
video13,BirdDrone-Local-FT,1005,0,0,0,0,0,0,0.0
video13,BirdDrone-Local-FT,1006,0,0,0,0,0,0,0.0
video13,BirdDrone-Local-FT,1007,0,0,0,0,0,0,0.0
video13,BirdDrone-Local-FT,1008,0,0,0,0,0,0,0.0
video13,BirdDrone-Local-FT,1009,0,0,0,0,0,0,0.0
video13,BirdDrone-Local-FT,1010,0,0,0,0,0,0,0.0
video13,BirdDrone-Local-FT,1011,0,0,0,0,0,0,0.0
video13,BirdDrone-Local-FT,1012,0,0,0,0,0,0,0.0
video13,BirdDrone-Local-FT,1013,0,0,0,0,0,0,0.0
video13,BirdDrone-Local-FT,1014,0,0,0,0,0,0,0.0
video13,BirdDrone-Local-FT,1015,0,0,0,0,0,0,0.0
video13,BirdDrone-Local-FT,1016,0,0,0,0,0,0,0.0
video13,BirdDrone-Local-FT,1017,0,0,0,0,0,0,0.0
video13,BirdDrone-Local-FT,1018,0,0,0,0,0,0,0.0
video13,BirdDrone-Local-FT,1019,0,0,0,0,0,0,0.0
video13,BirdDrone-Local-FT,1020,0,0,0,0,0,0,0.0
video13,BirdDrone-Local-FT,1021,0,0,0,0,0,0,0.0
video13,BirdDrone-Local-FT,1022,0,0,0,0,0,0,0.0
video13,BirdDrone-Local-FT,1023,0,0,0,0,0,0,0.0
video13,BirdDrone-Local-FT,1024,0,0,0,0,0,0,0.0
video13,BirdDrone-Local-FT,1025,0,0,0,0,0,0,0.0
video13,BirdDrone-Local-FT,1026,0,0,0,0,0,0,0.0
video13,BirdDrone-Local-FT,1027,0,0,0,0,0,0,0.0
video13,BirdDrone-Local-FT,1028,0,0,0,0,0,0,0.0
video13,BirdDrone-Local-FT,1029,0,0,0,0,0,0,0.0
video13,BirdDrone-Local-FT,1030,0,0,0,0,0,0,0.0
video13,BirdDrone-Local-FT,1031,0,0,0,0,0,0,0.0
video13,BirdDrone-Local-FT,1032,0,0,0,0,0,0,0.0
video13,BirdDrone-Local-FT,1033,0,0,0,0,0,0,0.0
video13,BirdDrone-Local-FT,1034,0,0,0,0,0,0,0.0
video13,BirdDrone-Local-FT,1035,0,0,0,0,0,0,0.0
video13,BirdDrone-Local-FT,1036,0,0,0,0,0,0,0.0
video13,BirdDrone-Local-FT,1037,0,0,0,0,0,0,0.0
video13,BirdDrone-Local-FT,1038,0,0,0,0,0,0,0.0
video13,BirdDrone-Local-FT,1039,0,0,0,0,0,0,0.0
video13,BirdDrone-Local-FT,1040,0,0,0,0,0,0,0.0
video13,BirdDrone-Local-FT,1041,0,0,0,0,0,0,0.0
video13,BirdDrone-Local-FT,1042,0,0,0,0,0,0,0.0
video13,BirdDrone-Local-FT,1043,0,0,0,0,0,0,0.0
video13,BirdDrone-Local-FT,1044,0,0,0,0,0,0,0.0
video13,BirdDrone-Local-FT,1045,0,0,0,0,0,0,0.0
video13,BirdDrone-Local-FT,1046,0,0,0,0,0,0,0.0
video13,BirdDrone-Local-FT,1047,0,0,0,0,0,0,0.0
video13,BirdDrone-Local-FT,1048,0,0,0,0,0,0,0.0
video13,BirdDrone-Local-FT,1049,1,1,0,0,0,0,0.5002975463867188
video13,BirdDrone-Local-FT,1050,1,1,0,0,1,0,0.26107972860336304
video13,BirdDrone-Local-FT,1051,0,0,0,0,0,0,0.0
video13,BirdDrone-Local-FT,1052,0,0,0,0,0,0,0.0
video13,BirdDrone-Local-FT,1053,0,0,0,0,0,0,0.0
video13,BirdDrone-Local-FT,1054,0,0,0,0,0,0,0.0
video13,BirdDrone-Local-FT,1055,0,0,0,0,0,0,0.0
video13,BirdDrone-Local-FT,1056,0,0,0,0,0,0,0.0
video13,BirdDrone-Local-FT,1057,1,1,0,0,1,0,0.25285184383392334
video13,BirdDrone-Local-FT,1058,1,1,0,0,1,0,0.2836693525314331
video13,BirdDrone-Local-FT,1059,1,1,0,0,1,0,0.33990582823753357
video13,BirdDrone-Local-FT,1060,0,0,0,0,0,0,0.0
video13,BirdDrone-Local-FT,1061,0,0,0,0,0,0,0.0
video13,BirdDrone-Local-FT,1062,1,1,0,0,0,0,0.6487973928451538
video13,BirdDrone-Local-FT,1063,0,0,0,0,0,0,0.0
video13,BirdDrone-Local-FT,1064,0,0,0,0,0,0,0.0
video13,BirdDrone-Local-FT,1065,0,0,0,0,0,0,0.0
video13,BirdDrone-Local-FT,1066,0,0,0,0,0,0,0.0
video13,BirdDrone-Local-FT,1067,0,0,0,0,0,0,0.0
video13,BirdDrone-Local-FT,1068,0,0,0,0,0,0,0.0
video13,BirdDrone-Local-FT,1069,0,0,0,0,0,0,0.0
video13,BirdDrone-Local-FT,1070,0,0,0,0,0,0,0.0
video13,BirdDrone-Local-FT,1071,0,0,0,0,0,0,0.0
video13,BirdDrone-Local-FT,1072,0,0,0,0,0,0,0.0
video13,BirdDrone-Local-FT,1073,0,0,0,0,0,0,0.0
video13,BirdDrone-Local-FT,1074,0,0,0,0,0,0,0.0
video13,BirdDrone-Local-FT,1075,0,0,0,0,0,0,0.0
video13,BirdDrone-Local-FT,1076,0,0,0,0,0,0,0.0
video13,BirdDrone-Local-FT,1077,0,0,0,0,0,0,0.0
video13,BirdDrone-Local-FT,1078,0,0,0,0,0,0,0.0
video13,BirdDrone-Local-FT,1079,0,0,0,0,0,0,0.0
video13,BirdDrone-Local-FT,1080,0,0,0,0,0,0,0.0
video13,BirdDrone-Local-FT,1081,0,0,0,0,0,0,0.0
video13,BirdDrone-Local-FT,1082,0,0,0,0,0,0,0.0
video13,BirdDrone-Local-FT,1083,0,0,0,0,0,0,0.0
video13,BirdDrone-Local-FT,1084,0,0,0,0,0,0,0.0
video13,BirdDrone-Local-FT,1085,1,1,0,0,0,0,0.5472778677940369
video13,BirdDrone-Local-FT,1086,1,1,0,0,1,0,0.31515687704086304
video13,BirdDrone-Local-FT,1087,1,1,0,0,1,0,0.3439854383468628
video13,BirdDrone-Local-FT,1088,1,1,0,0,1,0,0.28854265809059143
video13,BirdDrone-Local-FT,1089,1,1,0,0,0,0,0.4824672043323517
video13,BirdDrone-Local-FT,1090,1,1,0,0,0,0,0.47557681798934937
video13,BirdDrone-Local-FT,1091,1,1,0,0,1,0,0.28242844343185425
video13,BirdDrone-Local-FT,1092,1,1,0,0,0,0,0.4664411246776581
video13,BirdDrone-Local-FT,1093,1,1,0,0,0,0,0.4954378008842468
video13,BirdDrone-Local-FT,1094,1,1,0,0,0,0,0.40668758749961853
video13,BirdDrone-Local-FT,1095,0,0,0,0,0,0,0.0
video13,BirdDrone-Local-FT,1096,0,0,0,0,0,0,0.0
video13,BirdDrone-Local-FT,1097,0,0,0,0,0,0,0.0
video13,BirdDrone-Local-FT,1098,1,1,0,0,1,0,0.3236948251724243
video13,BirdDrone-Local-FT,1099,0,0,0,0,0,0,0.0
video13,BirdDrone-Local-FT,1100,0,0,0,0,0,0,0.0
video13,BirdDrone-Local-FT,1101,0,0,0,0,0,0,0.0
video13,BirdDrone-Local-FT,1102,0,0,0,0,0,0,0.0
video13,BirdDrone-Local-FT,1103,0,0,0,0,0,0,0.0
video13,BirdDrone-Local-FT,1104,0,0,0,0,0,0,0.0
video13,BirdDrone-Local-FT,1105,0,0,0,0,0,0,0.0
video13,BirdDrone-Local-FT,1106,0,0,0,0,0,0,0.0
video13,BirdDrone-Local-FT,1107,0,0,0,0,0,0,0.0
video13,BirdDrone-Local-FT,1108,0,0,0,0,0,0,0.0
video13,BirdDrone-Local-FT,1109,0,0,0,0,0,0,0.0
video13,BirdDrone-Local-FT,1110,0,0,0,0,0,0,0.0
video13,BirdDrone-Local-FT,1111,0,0,0,0,0,0,0.0
video13,BirdDrone-Local-FT,1112,0,0,0,0,0,0,0.0
video13,BirdDrone-Local-FT,1113,0,0,0,0,0,0,0.0
video13,BirdDrone-Local-FT,1114,0,0,0,0,0,0,0.0
video13,BirdDrone-Local-FT,1115,0,0,0,0,0,0,0.0
video13,BirdDrone-Local-FT,1116,0,0,0,0,0,0,0.0
video13,BirdDrone-Local-FT,1117,1,1,0,0,0,0,0.3968522548675537
video13,BirdDrone-Local-FT,1118,0,0,0,0,0,0,0.0
video13,BirdDrone-Local-FT,1119,0,0,0,0,0,0,0.0
video13,BirdDrone-Local-FT,1120,0,0,0,0,0,0,0.0
video13,BirdDrone-Local-FT,1121,0,0,0,0,0,0,0.0
video13,BirdDrone-Local-FT,1122,0,0,0,0,0,0,0.0
video13,BirdDrone-Local-FT,1123,0,0,0,0,0,0,0.0
video13,BirdDrone-Local-FT,1124,0,0,0,0,0,0,0.0
video13,BirdDrone-Local-FT,1125,0,0,0,0,0,0,0.0
video13,BirdDrone-Local-FT,1126,0,0,0,0,0,0,0.0
video13,BirdDrone-Local-FT,1127,0,0,0,0,0,0,0.0
video13,BirdDrone-Local-FT,1128,0,0,0,0,0,0,0.0
video13,BirdDrone-Local-FT,1129,0,0,0,0,0,0,0.0
video13,BirdDrone-Local-FT,1130,0,0,0,0,0,0,0.0
video13,BirdDrone-Local-FT,1131,0,0,0,0,0,0,0.0
video13,BirdDrone-Local-FT,1132,0,0,0,0,0,0,0.0
video13,BirdDrone-Local-FT,1133,0,0,0,0,0,0,0.0
video13,BirdDrone-Local-FT,1134,0,0,0,0,0,0,0.0
video13,BirdDrone-Local-FT,1135,0,0,0,0,0,0,0.0
video13,BirdDrone-Local-FT,1136,1,1,0,0,1,0,0.31984397768974304
video13,BirdDrone-Local-FT,1137,0,0,0,0,0,0,0.0
video13,BirdDrone-Local-FT,1138,0,0,0,0,0,0,0.0
video13,BirdDrone-Local-FT,1139,0,0,0,0,0,0,0.0
video13,BirdDrone-Local-FT,1140,0,0,0,0,0,0,0.0
video13,BirdDrone-Local-FT,1141,0,0,0,0,0,0,0.0
video13,BirdDrone-Local-FT,1142,0,0,0,0,0,0,0.0
video13,BirdDrone-Local-FT,1143,1,1,0,0,0,0,0.45817917585372925
video13,BirdDrone-Local-FT,1144,0,0,0,0,0,0,0.0
video13,BirdDrone-Local-FT,1145,0,0,0,0,0,0,0.0
video13,BirdDrone-Local-FT,1146,0,0,0,0,0,0,0.0
video13,BirdDrone-Local-FT,1147,0,0,0,0,0,0,0.0
video13,BirdDrone-Local-FT,1148,1,1,0,0,0,0,0.3743005394935608
video13,BirdDrone-Local-FT,1149,1,1,0,0,0,0,0.7545565962791443
video13,BirdDrone-Local-FT,1150,0,0,0,0,0,0,0.0
video13,BirdDrone-Local-FT,1151,0,0,0,0,0,0,0.0
video13,BirdDrone-Local-FT,1152,0,0,0,0,0,0,0.0
video13,BirdDrone-Local-FT,1153,0,0,0,0,0,0,0.0
video13,BirdDrone-Local-FT,1154,0,0,0,0,0,0,0.0
video13,BirdDrone-Local-FT,1155,0,0,0,0,0,0,0.0
video13,BirdDrone-Local-FT,1156,0,0,0,0,0,0,0.0
video13,BirdDrone-Local-FT,1157,0,0,0,0,0,0,0.0
video13,BirdDrone-Local-FT,1158,0,0,0,0,0,0,0.0
video13,BirdDrone-Local-FT,1159,0,0,0,0,0,0,0.0
video13,BirdDrone-Local-FT,1160,0,0,0,0,0,0,0.0
video13,BirdDrone-Local-FT,1161,0,0,0,0,0,0,0.0
video13,BirdDrone-Local-FT,1162,0,0,0,0,0,0,0.0
video13,BirdDrone-Local-FT,1163,1,1,0,0,0,0,0.6201131343841553
video13,BirdDrone-Local-FT,1164,0,0,0,0,0,0,0.0
video13,BirdDrone-Local-FT,1165,0,0,0,0,0,0,0.0
video13,BirdDrone-Local-FT,1166,0,0,0,0,0,0,0.0
video13,BirdDrone-Local-FT,1167,0,0,0,0,0,0,0.0
video13,BirdDrone-Local-FT,1168,0,0,0,0,0,0,0.0
video13,BirdDrone-Local-FT,1169,1,1,0,0,0,0,0.4766072630882263
video13,BirdDrone-Local-FT,1170,1,1,0,0,0,0,0.4017776548862457
video13,BirdDrone-Local-FT,1171,2,2,0,0,1,0,0.5220827460289001
video13,BirdDrone-Local-FT,1172,1,1,0,0,0,0,0.6096957325935364
video13,BirdDrone-Local-FT,1173,1,1,0,0,0,0,0.7849288582801819
video13,BirdDrone-Local-FT,1174,1,1,0,0,0,0,0.782008707523346
video13,BirdDrone-Local-FT,1175,1,1,0,0,0,0,0.7132642865180969
video13,BirdDrone-Local-FT,1176,1,1,0,0,0,0,0.8246495127677917
video13,BirdDrone-Local-FT,1177,1,1,0,0,0,0,0.7285821437835693
video13,BirdDrone-Local-FT,1178,1,1,0,0,0,0,0.39370641112327576
video13,BirdDrone-Local-FT,1179,1,1,0,0,0,0,0.5052829384803772
video13,BirdDrone-Local-FT,1180,2,2,0,0,1,0,0.4638293385505676
video13,BirdDrone-Local-FT,1181,1,1,0,0,0,0,0.6113389134407043
video13,BirdDrone-Local-FT,1182,1,1,0,0,0,0,0.5848900079727173
video13,BirdDrone-Local-FT,1183,1,1,0,0,0,0,0.603956937789917
video13,BirdDrone-Local-FT,1184,1,1,0,0,0,0,0.780852198600769
video13,BirdDrone-Local-FT,1185,1,1,0,0,0,0,0.552925169467926
video13,BirdDrone-Local-FT,1186,1,1,0,0,0,0,0.6045758724212646
video13,BirdDrone-Local-FT,1187,1,1,0,0,0,0,0.6917491555213928
video13,BirdDrone-Local-FT,1188,1,1,0,0,0,0,0.7928874492645264
video13,BirdDrone-Local-FT,1189,1,1,0,0,0,0,0.6352620124816895
video13,BirdDrone-Local-FT,1190,1,1,0,0,0,0,0.7885721921920776
video13,BirdDrone-Local-FT,1191,1,1,0,0,0,0,0.6390231847763062
video13,BirdDrone-Local-FT,1192,1,1,0,0,1,0,0.25587043166160583
video13,BirdDrone-Local-FT,1193,2,2,0,0,2,0,0.3267841041088104
video13,BirdDrone-Local-FT,1194,1,1,0,0,0,0,0.6171983480453491
video13,BirdDrone-Local-FT,1195,1,1,0,0,0,0,0.3586046099662781
video13,BirdDrone-Local-FT,1196,1,1,0,0,0,0,0.3588544726371765
video13,BirdDrone-Local-FT,1197,1,1,0,0,0,0,0.4941251277923584
video13,BirdDrone-Local-FT,1198,1,1,0,0,0,0,0.4392136037349701
video13,BirdDrone-Local-FT,1199,1,1,0,0,0,0,0.5214054584503174
video13,BirdDrone-Local-FT,1200,1,1,0,0,0,0,0.55441814661026
video13,BirdDrone-Local-FT,1201,1,1,0,0,0,0,0.600614607334137
video13,BirdDrone-Local-FT,1202,1,1,0,0,0,0,0.3753003478050232
video13,BirdDrone-Local-FT,1203,1,1,0,0,0,0,0.5080258846282959
video13,BirdDrone-Local-FT,1204,1,1,0,0,0,0,0.6171265244483948
video13,BirdDrone-Local-FT,1205,1,1,0,0,0,0,0.577399730682373
video13,BirdDrone-Local-FT,1206,1,1,0,0,0,0,0.449142724275589
video13,BirdDrone-Local-FT,1207,1,1,0,0,0,0,0.5569239258766174
video13,BirdDrone-Local-FT,1208,1,1,0,0,0,0,0.5652879476547241
video13,BirdDrone-Local-FT,1209,1,1,0,0,0,0,0.5222702622413635
video13,BirdDrone-Local-FT,1210,1,1,0,0,0,0,0.5865526795387268
video13,BirdDrone-Local-FT,1211,1,1,0,0,0,0,0.5670035481452942
video13,BirdDrone-Local-FT,1212,1,1,0,0,0,0,0.5385646820068359
video13,BirdDrone-Local-FT,1213,1,1,0,0,0,0,0.5530126690864563
video13,BirdDrone-Local-FT,1214,1,1,0,0,0,0,0.5662794709205627
video13,BirdDrone-Local-FT,1215,1,1,0,0,0,0,0.5860088467597961
video13,BirdDrone-Local-FT,1216,1,1,0,0,0,0,0.6109529733657837
video13,BirdDrone-Local-FT,1217,1,1,0,0,0,0,0.5695983171463013
video13,BirdDrone-Local-FT,1218,1,1,0,0,0,0,0.5582922101020813
video13,BirdDrone-Local-FT,1219,1,1,0,0,0,0,0.6488249897956848
video13,BirdDrone-Local-FT,1220,1,1,0,0,0,0,0.6538870334625244
video13,BirdDrone-Local-FT,1221,2,2,0,0,0,0,0.4941170811653137
video13,BirdDrone-Local-FT,1222,2,2,0,0,1,0,0.6481239199638367
video13,BirdDrone-Local-FT,1223,2,2,0,0,0,0,0.509528398513794
video13,BirdDrone-Local-FT,1224,2,2,0,0,1,0,0.6241798996925354
video13,BirdDrone-Local-FT,1225,2,2,0,0,0,0,0.6352149248123169
video13,BirdDrone-Local-FT,1226,2,2,0,0,0,0,0.4682149887084961
video13,BirdDrone-Local-FT,1227,2,2,0,0,1,0,0.580001711845398
video13,BirdDrone-Local-FT,1228,2,2,0,0,1,0,0.5556485652923584
video13,BirdDrone-Local-FT,1229,1,1,0,0,0,0,0.6727521419525146
video13,BirdDrone-Local-FT,1230,1,1,0,0,0,0,0.6657004952430725
video13,BirdDrone-Local-FT,1231,2,2,0,0,0,0,0.5166090726852417
video13,BirdDrone-Local-FT,1232,1,1,0,0,0,0,0.6235819458961487
video13,BirdDrone-Local-FT,1233,1,1,0,0,0,0,0.6526998281478882
video13,BirdDrone-Local-FT,1234,2,2,0,0,1,0,0.6734224557876587
video13,BirdDrone-Local-FT,1235,1,1,0,0,0,0,0.7728015780448914
video13,BirdDrone-Local-FT,1236,1,1,0,0,0,0,0.6353987455368042
video13,BirdDrone-Local-FT,1237,1,1,0,0,0,0,0.7866817116737366
video13,BirdDrone-Local-FT,1238,1,1,0,0,0,0,0.7706944346427917
video13,BirdDrone-Local-FT,1239,1,1,0,0,0,0,0.7902019619941711
video13,BirdDrone-Local-FT,1240,1,1,0,0,0,0,0.7957296967506409
video13,BirdDrone-Local-FT,1241,1,1,0,0,0,0,0.8246928453445435
video13,BirdDrone-Local-FT,1242,1,1,0,0,0,0,0.8172687292098999
video13,BirdDrone-Local-FT,1243,1,1,0,0,0,0,0.7909014821052551
video13,BirdDrone-Local-FT,1244,1,1,0,0,0,0,0.8099183440208435
video13,BirdDrone-Local-FT,1245,1,1,0,0,0,0,0.8225357532501221
video13,BirdDrone-Local-FT,1246,1,1,0,0,0,0,0.8201141357421875
video13,BirdDrone-Local-FT,1247,1,1,0,0,0,0,0.8403364419937134
video13,BirdDrone-Local-FT,1248,1,1,0,0,0,0,0.8430025577545166
video13,BirdDrone-Local-FT,1249,1,1,0,0,0,0,0.8458795547485352
video13,BirdDrone-Local-FT,1250,1,1,0,0,0,0,0.8460085391998291
video13,BirdDrone-Local-FT,1251,1,1,0,0,0,0,0.8556262254714966
video13,BirdDrone-Local-FT,1252,1,1,0,0,0,0,0.8464082479476929
video13,BirdDrone-Local-FT,1253,1,1,0,0,0,0,0.8384246230125427
video13,BirdDrone-Local-FT,1254,1,1,0,0,0,0,0.8336846232414246
video13,BirdDrone-Local-FT,1255,1,1,0,0,0,0,0.8332326412200928
video13,BirdDrone-Local-FT,1256,1,1,0,0,0,0,0.8300135731697083
video13,BirdDrone-Local-FT,1257,1,1,0,0,0,0,0.8318472504615784
video13,BirdDrone-Local-FT,1258,1,1,0,0,0,0,0.8316301703453064
video13,BirdDrone-Local-FT,1259,1,1,0,0,0,0,0.8531813025474548
video13,BirdDrone-Local-FT,1260,1,1,0,0,0,0,0.7695267200469971
video13,BirdDrone-Local-FT,1261,1,1,0,0,0,0,0.7800277471542358
video13,BirdDrone-Local-FT,1262,1,1,0,0,0,0,0.7757558822631836
video13,BirdDrone-Local-FT,1263,1,1,0,0,0,0,0.741508424282074
video13,BirdDrone-Local-FT,1264,1,1,0,0,0,0,0.7635741233825684
video13,BirdDrone-Local-FT,1265,1,1,0,0,0,0,0.7731119394302368
video13,BirdDrone-Local-FT,1266,1,1,0,0,0,0,0.7655207514762878
video13,BirdDrone-Local-FT,1267,2,2,0,0,0,0,0.7138810157775879
video13,BirdDrone-Local-FT,1268,2,2,0,0,0,0,0.6497758626937866
video13,BirdDrone-Local-FT,1269,1,1,0,0,0,0,0.7909318804740906
video13,BirdDrone-Local-FT,1270,2,2,0,0,1,0,0.7464214563369751
video13,BirdDrone-Local-FT,1271,2,2,0,0,0,0,0.6631821393966675
video13,BirdDrone-Local-FT,1272,2,2,0,0,1,0,0.7861165404319763
video13,BirdDrone-Local-FT,1273,2,2,0,0,0,0,0.7185280323028564
video13,BirdDrone-Local-FT,1274,2,2,0,0,0,0,0.6801633238792419
video13,BirdDrone-Local-FT,1275,1,1,0,0,0,0,0.7619295120239258
video13,BirdDrone-Local-FT,1276,1,1,0,0,0,0,0.8109630346298218
video13,BirdDrone-Local-FT,1277,1,1,0,0,0,0,0.8140196204185486
video13,BirdDrone-Local-FT,1278,1,1,0,0,0,0,0.7839901447296143
video13,BirdDrone-Local-FT,1279,1,1,0,0,0,0,0.7277392745018005
video13,BirdDrone-Local-FT,1280,1,1,0,0,0,0,0.7025555372238159
video13,BirdDrone-Local-FT,1281,1,1,0,0,0,0,0.8007120490074158
video13,BirdDrone-Local-FT,1282,2,2,0,0,0,0,0.564095675945282
video13,BirdDrone-Local-FT,1283,1,1,0,0,0,0,0.7888638973236084
video13,BirdDrone-Local-FT,1284,1,1,0,0,0,0,0.826488733291626
video13,BirdDrone-Local-FT,1285,1,1,0,0,0,0,0.8300163149833679
video13,BirdDrone-Local-FT,1286,1,1,0,0,0,0,0.8391947150230408
video13,BirdDrone-Local-FT,1287,1,1,0,0,0,0,0.8371477723121643
video13,BirdDrone-Local-FT,1288,1,1,0,0,0,0,0.837924599647522
video13,BirdDrone-Local-FT,1289,1,1,0,0,0,0,0.8251853585243225
video13,BirdDrone-Local-FT,1290,1,1,0,0,0,0,0.830561637878418
video13,BirdDrone-Local-FT,1291,1,1,0,0,0,0,0.833909809589386
video13,BirdDrone-Local-FT,1292,1,1,0,0,0,0,0.8379021286964417
video13,BirdDrone-Local-FT,1293,1,1,0,0,0,0,0.8135240077972412
video13,BirdDrone-Local-FT,1294,1,1,0,0,0,0,0.8363451361656189
video13,BirdDrone-Local-FT,1295,1,1,0,0,0,0,0.8305923938751221
video13,BirdDrone-Local-FT,1296,1,1,0,0,0,0,0.8305895328521729
video13,BirdDrone-Local-FT,1297,1,1,0,0,0,0,0.834453821182251
video13,BirdDrone-Local-FT,1298,1,1,0,0,0,0,0.8329089283943176
video13,BirdDrone-Local-FT,1299,1,1,0,0,0,0,0.8121312856674194
video13,BirdDrone-Local-FT,1300,1,1,0,0,0,0,0.8304875493049622
video13,BirdDrone-Local-FT,1301,1,1,0,0,0,0,0.8161009550094604
video13,BirdDrone-Local-FT,1302,1,1,0,0,0,0,0.8122133612632751
video13,BirdDrone-Local-FT,1303,1,1,0,0,0,0,0.8370358347892761
video13,BirdDrone-Local-FT,1304,1,1,0,0,0,0,0.8433102965354919
video13,BirdDrone-Local-FT,1305,1,1,0,0,0,0,0.8483518362045288
video13,BirdDrone-Local-FT,1306,1,1,0,0,0,0,0.8439543843269348
video13,BirdDrone-Local-FT,1307,1,1,0,0,0,0,0.8009958863258362
video13,BirdDrone-Local-FT,1308,1,1,0,0,0,0,0.8197011947631836
video13,BirdDrone-Local-FT,1309,1,1,0,0,0,0,0.8327836990356445
video13,BirdDrone-Local-FT,1310,1,1,0,0,0,0,0.8279743194580078
video13,BirdDrone-Local-FT,1311,1,1,0,0,0,0,0.8324187397956848
video13,BirdDrone-Local-FT,1312,1,1,0,0,0,0,0.8430187106132507
video13,BirdDrone-Local-FT,1313,1,1,0,0,0,0,0.8399655818939209
video13,BirdDrone-Local-FT,1314,1,1,0,0,0,0,0.8451005816459656
video13,BirdDrone-Local-FT,1315,1,1,0,0,0,0,0.8445580005645752
video13,BirdDrone-Local-FT,1316,1,1,0,0,0,0,0.837196946144104
video13,BirdDrone-Local-FT,1317,1,1,0,0,0,0,0.8388499617576599
video13,BirdDrone-Local-FT,1318,1,1,0,0,0,0,0.8382846713066101
video13,BirdDrone-Local-FT,1319,1,1,0,0,0,0,0.8416436910629272
video13,BirdDrone-Local-FT,1320,2,2,0,0,0,0,0.6294939517974854
video13,BirdDrone-Local-FT,1321,1,1,0,0,0,0,0.7583152651786804
video13,BirdDrone-Local-FT,1322,1,1,0,0,0,0,0.7385655641555786
video13,BirdDrone-Local-FT,1323,2,2,0,0,1,0,0.7318255305290222
video13,BirdDrone-Local-FT,1324,1,1,0,0,0,0,0.6893380880355835
video13,BirdDrone-Local-FT,1325,2,2,0,0,1,0,0.7204103469848633
video13,BirdDrone-Local-FT,1326,2,2,0,0,1,0,0.8172813057899475
video13,BirdDrone-Local-FT,1327,2,2,0,0,1,0,0.8174684643745422
video13,BirdDrone-Local-FT,1328,1,1,0,0,0,0,0.8195956945419312
video13,BirdDrone-Local-FT,1329,1,1,0,0,0,0,0.8348144292831421
video13,BirdDrone-Local-FT,1330,1,1,0,0,0,0,0.8397329449653625
video13,BirdDrone-Local-FT,1331,1,1,0,0,0,0,0.8443529009819031
video13,BirdDrone-Local-FT,1332,1,1,0,0,0,0,0.8351229429244995
video13,BirdDrone-Local-FT,1333,1,1,0,0,0,0,0.8315636515617371
video13,BirdDrone-Local-FT,1334,1,1,0,0,0,0,0.8481125235557556
video13,BirdDrone-Local-FT,1335,1,1,0,0,0,0,0.8568573594093323
video13,BirdDrone-Local-FT,1336,1,1,0,0,0,0,0.8468911051750183
video13,BirdDrone-Local-FT,1337,2,2,0,0,1,0,0.8370397090911865
video13,BirdDrone-Local-FT,1338,2,2,0,0,0,0,0.8160836696624756
video13,BirdDrone-Local-FT,1339,2,2,0,0,1,0,0.8258222341537476
video13,BirdDrone-Local-FT,1340,2,2,0,0,1,0,0.8202474117279053
video13,BirdDrone-Local-FT,1341,2,2,0,0,1,0,0.8419830203056335
video13,BirdDrone-Local-FT,1342,1,1,0,0,0,0,0.8207211494445801
video13,BirdDrone-Local-FT,1343,2,2,0,0,1,0,0.8199072480201721
video13,BirdDrone-Local-FT,1344,1,1,0,0,0,0,0.818853497505188
video13,BirdDrone-Local-FT,1345,1,1,0,0,0,0,0.8110818266868591
video13,BirdDrone-Local-FT,1346,2,2,0,0,1,0,0.6671444773674011
video13,BirdDrone-Local-FT,1347,1,1,0,0,0,0,0.6551602482795715
video13,BirdDrone-Local-FT,1348,2,2,0,0,1,0,0.6248731017112732
video13,BirdDrone-Local-FT,1349,2,2,0,0,0,0,0.47649019956588745
video13,BirdDrone-Local-FT,1350,1,1,0,0,0,0,0.5309277176856995
video13,BirdDrone-Local-FT,1351,1,1,0,0,0,0,0.6230340003967285
video13,BirdDrone-Local-FT,1352,1,1,0,0,0,0,0.714799702167511
video13,BirdDrone-Local-FT,1353,1,1,0,0,0,0,0.6760768890380859
video13,BirdDrone-Local-FT,1354,1,1,0,0,1,0,0.34521251916885376
video13,BirdDrone-Local-FT,1355,1,1,0,0,1,0,0.2708985507488251
video13,BirdDrone-Local-FT,1356,2,2,0,0,0,0,0.5750964283943176
video13,BirdDrone-Local-FT,1357,2,2,0,0,0,0,0.4867399036884308
video13,BirdDrone-Local-FT,1358,2,2,0,0,1,0,0.5727888345718384
video13,BirdDrone-Local-FT,1359,1,1,0,0,0,0,0.5218662023544312
video13,BirdDrone-Local-FT,1360,1,1,0,0,0,0,0.45858073234558105
video13,BirdDrone-Local-FT,1361,1,1,0,0,0,0,0.7432531714439392
video13,BirdDrone-Local-FT,1362,1,1,0,0,0,0,0.7654969692230225
video13,BirdDrone-Local-FT,1363,1,1,0,0,0,0,0.7029334902763367
video13,BirdDrone-Local-FT,1364,2,2,0,0,1,0,0.4464765787124634
video13,BirdDrone-Local-FT,1365,2,2,0,0,1,0,0.5936219096183777
video13,BirdDrone-Local-FT,1366,1,1,0,0,0,0,0.8201345801353455
video13,BirdDrone-Local-FT,1367,1,1,0,0,0,0,0.7063853144645691
video13,BirdDrone-Local-FT,1368,2,2,0,0,1,0,0.6986684799194336
video13,BirdDrone-Local-FT,1369,1,1,0,0,0,0,0.8304061889648438
video13,BirdDrone-Local-FT,1370,2,2,0,0,0,0,0.7024702429771423
video13,BirdDrone-Local-FT,1371,1,1,0,0,0,0,0.7665677666664124
video13,BirdDrone-Local-FT,1372,2,2,0,0,0,0,0.6799429059028625
video13,BirdDrone-Local-FT,1373,1,1,0,0,0,0,0.8308470249176025
video13,BirdDrone-Local-FT,1374,1,1,0,0,0,0,0.8137035369873047
video13,BirdDrone-Local-FT,1375,2,2,0,0,0,0,0.6492214202880859
video13,BirdDrone-Local-FT,1376,1,1,0,0,0,0,0.8193347454071045
video13,BirdDrone-Local-FT,1377,1,1,0,0,0,0,0.7442216277122498
video13,BirdDrone-Local-FT,1378,1,1,0,0,0,0,0.8227156400680542
video13,BirdDrone-Local-FT,1379,1,1,0,0,0,0,0.8431958556175232
video13,BirdDrone-Local-FT,1380,1,1,0,0,0,0,0.8099979758262634
video13,BirdDrone-Local-FT,1381,1,1,0,0,0,0,0.6434030532836914
video13,BirdDrone-Local-FT,1382,1,1,0,0,0,0,0.7082460522651672
video13,BirdDrone-Local-FT,1383,2,2,0,0,0,0,0.42127466201782227
video13,BirdDrone-Local-FT,1384,1,1,0,0,0,0,0.6542448401451111
video13,BirdDrone-Local-FT,1385,1,1,0,0,0,0,0.672390341758728
video13,BirdDrone-Local-FT,1386,1,1,0,0,0,0,0.7866109609603882
video13,BirdDrone-Local-FT,1387,2,2,0,0,1,0,0.6299802660942078
video13,BirdDrone-Local-FT,1388,2,2,0,0,0,0,0.4704541265964508
video13,BirdDrone-Local-FT,1389,1,1,0,0,0,0,0.8323302268981934
video13,BirdDrone-Local-FT,1390,1,1,0,0,0,0,0.835350751876831
video13,BirdDrone-Local-FT,1391,1,1,0,0,0,0,0.7657442688941956
video13,BirdDrone-Local-FT,1392,1,1,0,0,0,0,0.8468097448348999
video13,BirdDrone-Local-FT,1393,1,1,0,0,0,0,0.8525221347808838
video13,BirdDrone-Local-FT,1394,1,1,0,0,0,0,0.8450196981430054
video13,BirdDrone-Local-FT,1395,2,2,0,0,1,0,0.7829647064208984
video13,BirdDrone-Local-FT,1396,1,1,0,0,0,0,0.8288360238075256
video13,BirdDrone-Local-FT,1397,1,1,0,0,0,0,0.8114537596702576
video13,BirdDrone-Local-FT,1398,1,1,0,0,0,0,0.7516440749168396
video13,BirdDrone-Local-FT,1399,1,1,0,0,0,0,0.8416365385055542
video13,BirdDrone-Local-FT,1400,1,1,0,0,0,0,0.8596340417861938
video13,BirdDrone-Local-FT,1401,2,2,0,0,0,0,0.6762377023696899
video13,BirdDrone-Local-FT,1402,1,1,0,0,0,0,0.8522772789001465
video13,BirdDrone-Local-FT,1403,1,1,0,0,0,0,0.8440850377082825
video13,BirdDrone-Local-FT,1404,2,2,0,0,0,0,0.7383843660354614
video13,BirdDrone-Local-FT,1405,1,1,0,0,0,0,0.8518949747085571
video13,BirdDrone-Local-FT,1406,1,1,0,0,0,0,0.8590287566184998
video13,BirdDrone-Local-FT,1407,1,1,0,0,0,0,0.8491530418395996
video13,BirdDrone-Local-FT,1408,1,1,0,0,0,0,0.8578876256942749
video13,BirdDrone-Local-FT,1409,1,1,0,0,0,0,0.8240243792533875
video13,BirdDrone-Local-FT,1410,1,1,0,0,0,0,0.7898311018943787
video13,BirdDrone-Local-FT,1411,2,2,0,0,0,0,0.44271817803382874
video13,BirdDrone-Local-FT,1412,1,1,0,0,0,0,0.8012496829032898
video13,BirdDrone-Local-FT,1413,1,1,0,0,0,0,0.8254944086074829
video13,BirdDrone-Local-FT,1414,1,1,0,0,0,0,0.6040846109390259
video13,BirdDrone-Local-FT,1415,1,1,0,0,0,0,0.8181447386741638
video13,BirdDrone-Local-FT,1416,1,1,0,0,0,0,0.8073713779449463
video13,BirdDrone-Local-FT,1417,1,1,0,0,0,0,0.7436068654060364
video13,BirdDrone-Local-FT,1418,1,1,0,0,0,0,0.5145003795623779
video13,BirdDrone-Local-FT,1419,1,1,0,0,0,0,0.49384573101997375
video13,BirdDrone-Local-FT,1420,1,1,0,0,0,0,0.8375899791717529
video13,BirdDrone-Local-FT,1421,1,1,0,0,0,0,0.8035213947296143
video13,BirdDrone-Local-FT,1422,1,1,0,0,0,0,0.8146827816963196
video13,BirdDrone-Local-FT,1423,1,1,0,0,0,0,0.8372567296028137
video13,BirdDrone-Local-FT,1424,1,1,0,0,0,0,0.7773153781890869
video13,BirdDrone-Local-FT,1425,1,1,0,0,0,0,0.6967691779136658
video13,BirdDrone-Local-FT,1426,1,1,0,0,0,0,0.6996299028396606
video13,BirdDrone-Local-FT,1427,1,1,0,0,0,0,0.37354323267936707
video13,BirdDrone-Local-FT,1428,1,1,0,0,0,0,0.45256710052490234
video13,BirdDrone-Local-FT,1429,1,1,0,0,0,0,0.547274112701416
video13,BirdDrone-Local-FT,1430,0,0,0,0,0,0,0.0
video13,BirdDrone-Local-FT,1431,0,0,0,0,0,0,0.0
video13,BirdDrone-Local-FT,1432,0,0,0,0,0,0,0.0
video13,BirdDrone-Local-FT,1433,0,0,0,0,0,0,0.0
video13,BirdDrone-Local-FT,1434,0,0,0,0,0,0,0.0
video13,BirdDrone-Local-FT,1435,0,0,0,0,0,0,0.0
video13,BirdDrone-Local-FT,1436,1,1,0,0,0,0,0.39929452538490295
video13,BirdDrone-Local-FT,1437,1,1,0,0,0,0,0.43727123737335205
video13,BirdDrone-Local-FT,1438,1,1,0,0,0,0,0.4446730613708496
video13,BirdDrone-Local-FT,1439,1,1,0,0,0,0,0.49607813358306885
video13,BirdDrone-Local-FT,1440,0,0,0,0,0,0,0.0
video13,BirdDrone-Local-FT,1441,1,1,0,0,1,0,0.26461735367774963
video13,BirdDrone-Local-FT,1442,1,1,0,0,0,0,0.46244654059410095
video13,BirdDrone-Local-FT,1443,2,2,0,0,1,0,0.4657880365848541
video13,BirdDrone-Local-FT,1444,0,0,0,0,0,0,0.0
video13,BirdDrone-Local-FT,1445,1,1,0,0,1,0,0.2574765980243683
video13,BirdDrone-Local-FT,1446,1,1,0,0,0,0,0.5132415294647217
video13,BirdDrone-Local-FT,1447,1,1,0,0,0,0,0.4097188711166382
video13,BirdDrone-Local-FT,1448,1,1,0,0,0,0,0.5123533010482788
video13,BirdDrone-Local-FT,1449,1,1,0,0,0,0,0.4864518344402313
video13,BirdDrone-Local-FT,1450,1,1,0,0,0,0,0.604673445224762
video13,BirdDrone-Local-FT,1451,2,2,0,0,1,0,0.565626323223114
video13,BirdDrone-Local-FT,1452,1,1,0,0,0,0,0.6851385831832886
video13,BirdDrone-Local-FT,1453,1,1,0,0,0,0,0.5239986181259155
video13,BirdDrone-Local-FT,1454,1,1,0,0,0,0,0.46350735425949097
video13,BirdDrone-Local-FT,1455,1,1,0,0,0,0,0.44017264246940613
video13,BirdDrone-Local-FT,1456,1,1,0,0,1,0,0.3329162895679474
video13,BirdDrone-Local-FT,1457,1,1,0,0,0,0,0.36683160066604614
video13,BirdDrone-Local-FT,1458,1,1,0,0,1,0,0.25423160195350647
video13,BirdDrone-Local-FT,1459,1,1,0,0,0,0,0.4471297264099121
video13,BirdDrone-Local-FT,1460,1,1,0,0,0,0,0.3980814516544342
video13,BirdDrone-Local-FT,1461,1,1,0,0,0,0,0.48022153973579407
video13,BirdDrone-Local-FT,1462,0,0,0,0,0,0,0.0
video13,BirdDrone-Local-FT,1463,0,0,0,0,0,0,0.0
video13,BirdDrone-Local-FT,1464,1,1,0,0,1,0,0.303439736366272
video13,BirdDrone-Local-FT,1465,0,0,0,0,0,0,0.0
video13,BirdDrone-Local-FT,1466,0,0,0,0,0,0,0.0
video13,BirdDrone-Local-FT,1467,0,0,0,0,0,0,0.0
video13,BirdDrone-Local-FT,1468,0,0,0,0,0,0,0.0
video13,BirdDrone-Local-FT,1469,0,0,0,0,0,0,0.0
video13,BirdDrone-Local-FT,1470,0,0,0,0,0,0,0.0
video13,BirdDrone-Local-FT,1471,0,0,0,0,0,0,0.0
video13,BirdDrone-Local-FT,1472,0,0,0,0,0,0,0.0
video13,BirdDrone-Local-FT,1473,0,0,0,0,0,0,0.0
video13,BirdDrone-Local-FT,1474,0,0,0,0,0,0,0.0
video13,BirdDrone-Local-FT,1475,0,0,0,0,0,0,0.0
video13,BirdDrone-Local-FT,1476,0,0,0,0,0,0,0.0
video13,BirdDrone-Local-FT,1477,0,0,0,0,0,0,0.0
video13,BirdDrone-Local-FT,1478,0,0,0,0,0,0,0.0
video13,BirdDrone-Local-FT,1479,0,0,0,0,0,0,0.0
video13,BirdDrone-Local-FT,1480,0,0,0,0,0,0,0.0
video13,BirdDrone-Local-FT,1481,0,0,0,0,0,0,0.0
video13,BirdDrone-Local-FT,1482,0,0,0,0,0,0,0.0
video13,BirdDrone-Local-FT,1483,1,1,0,0,1,0,0.3000931739807129
video13,BirdDrone-Local-FT,1484,0,0,0,0,0,0,0.0
video13,BirdDrone-Local-FT,1485,0,0,0,0,0,0,0.0
video13,BirdDrone-Local-FT,1486,0,0,0,0,0,0,0.0
video13,BirdDrone-Local-FT,1487,0,0,0,0,0,0,0.0
video13,BirdDrone-Local-FT,1488,0,0,0,0,0,0,0.0
video13,BirdDrone-Local-FT,1489,0,0,0,0,0,0,0.0
video13,BirdDrone-Local-FT,1490,1,1,0,0,0,0,0.37574830651283264
video13,BirdDrone-Local-FT,1491,1,1,0,0,0,0,0.3732692301273346
video13,BirdDrone-Local-FT,1492,1,1,0,0,0,0,0.41925615072250366
video13,BirdDrone-Local-FT,1493,0,0,0,0,0,0,0.0
video13,BirdDrone-Local-FT,1494,1,1,0,0,1,0,0.3356110751628876
video13,BirdDrone-Local-FT,1495,1,1,0,0,0,0,0.35126978158950806
video13,BirdDrone-Local-FT,1496,1,1,0,0,1,0,0.27740147709846497
video13,BirdDrone-Local-FT,1497,1,1,0,0,1,0,0.2654590606689453
video13,BirdDrone-Local-FT,1498,1,1,0,0,1,0,0.3013164699077606
video13,BirdDrone-Local-FT,1499,1,1,0,0,0,0,0.3912128508090973
video13,BirdDrone-Local-FT,1500,1,1,0,0,0,0,0.48049864172935486
video13,BirdDrone-Local-FT,1501,1,1,0,0,0,0,0.49187493324279785
video13,BirdDrone-Local-FT,1502,1,1,0,0,1,0,0.291350394487381
video13,BirdDrone-Local-FT,1503,0,0,0,0,0,0,0.0
video13,BirdDrone-Local-FT,1504,0,0,0,0,0,0,0.0
video13,BirdDrone-Local-FT,1505,0,0,0,0,0,0,0.0
video13,BirdDrone-Local-FT,1506,1,1,0,0,0,0,0.4248836040496826
video13,BirdDrone-Local-FT,1507,1,1,0,0,0,0,0.5999512076377869
video13,BirdDrone-Local-FT,1508,1,1,0,0,0,0,0.5424784421920776
video13,BirdDrone-Local-FT,1509,1,1,0,0,0,0,0.6052190661430359
video13,BirdDrone-Local-FT,1510,1,1,0,0,0,0,0.6720496416091919
video13,BirdDrone-Local-FT,1511,1,1,0,0,0,0,0.6617615222930908
video13,BirdDrone-Local-FT,1512,1,1,0,0,0,0,0.6584638357162476
video13,BirdDrone-Local-FT,1513,1,1,0,0,0,0,0.6338707208633423
video13,BirdDrone-Local-FT,1514,1,1,0,0,0,0,0.6279538869857788
video13,BirdDrone-Local-FT,1515,1,1,0,0,0,0,0.6655099391937256
video13,BirdDrone-Local-FT,1516,1,1,0,0,0,0,0.5314093232154846
video13,BirdDrone-Local-FT,1517,1,1,0,0,0,0,0.5174513459205627
video13,BirdDrone-Local-FT,1518,1,1,0,0,0,0,0.6381264328956604
video13,BirdDrone-Local-FT,1519,1,1,0,0,0,0,0.6899159550666809
video13,BirdDrone-Local-FT,1520,0,0,0,0,0,0,0.0
video13,BirdDrone-Local-FT,1521,1,1,0,0,0,0,0.5138036012649536
video13,BirdDrone-Local-FT,1522,1,1,0,0,0,0,0.48324447870254517
video13,BirdDrone-Local-FT,1523,1,1,0,0,0,0,0.45289885997772217
video13,BirdDrone-Local-FT,1524,0,0,0,0,0,0,0.0
video13,BirdDrone-Local-FT,1525,0,0,0,0,0,0,0.0
video13,BirdDrone-Local-FT,1526,0,0,0,0,0,0,0.0
video13,BirdDrone-Local-FT,1527,0,0,0,0,0,0,0.0
video13,BirdDrone-Local-FT,1528,0,0,0,0,0,0,0.0
video13,BirdDrone-Local-FT,1529,0,0,0,0,0,0,0.0
video13,BirdDrone-Local-FT,1530,0,0,0,0,0,0,0.0
video13,BirdDrone-Local-FT,1531,1,1,0,0,0,0,0.4023265242576599
video13,BirdDrone-Local-FT,1532,1,1,0,0,0,0,0.6639179587364197
video13,BirdDrone-Local-FT,1533,1,1,0,0,0,0,0.633631706237793
video13,BirdDrone-Local-FT,1534,1,1,0,0,0,0,0.39760622382164
video13,BirdDrone-Local-FT,1535,1,1,0,0,0,0,0.4619942009449005
video13,BirdDrone-Local-FT,1536,1,1,0,0,0,0,0.4278336465358734
video13,BirdDrone-Local-FT,1537,0,0,0,0,0,0,0.0
video13,BirdDrone-Local-FT,1538,1,1,0,0,1,0,0.31553512811660767
video13,BirdDrone-Local-FT,1539,1,1,0,0,0,0,0.5150008201599121
video13,BirdDrone-Local-FT,1540,1,1,0,0,0,0,0.39259400963783264
video13,BirdDrone-Local-FT,1541,1,1,0,0,0,0,0.49238312244415283
video13,BirdDrone-Local-FT,1542,1,1,0,0,0,0,0.5687012076377869
video13,BirdDrone-Local-FT,1543,1,1,0,0,0,0,0.6512751579284668
video13,BirdDrone-Local-FT,1544,1,1,0,0,0,0,0.47987639904022217
video13,BirdDrone-Local-FT,1545,1,1,0,0,1,0,0.332455575466156
video13,BirdDrone-Local-FT,1546,1,1,0,0,1,0,0.3400469422340393
video13,BirdDrone-Local-FT,1547,1,1,0,0,1,0,0.2569151818752289
video13,BirdDrone-Local-FT,1548,0,0,0,0,0,0,0.0
video13,BirdDrone-Local-FT,1549,0,0,0,0,0,0,0.0
video13,BirdDrone-Local-FT,1550,1,1,0,0,1,0,0.283629834651947
video13,BirdDrone-Local-FT,1551,1,1,0,0,0,0,0.4005222022533417
video13,BirdDrone-Local-FT,1552,1,1,0,0,0,0,0.6347414255142212
video13,BirdDrone-Local-FT,1553,1,1,0,0,0,0,0.6303154230117798
video13,BirdDrone-Local-FT,1554,1,1,0,0,0,0,0.6833128333091736
video13,BirdDrone-Local-FT,1555,1,1,0,0,0,0,0.6521090269088745
video13,BirdDrone-Local-FT,1556,1,1,0,0,0,0,0.7188074588775635
video13,BirdDrone-Local-FT,1557,1,1,0,0,0,0,0.7335909605026245
video13,BirdDrone-Local-FT,1558,1,1,0,0,0,0,0.4779341220855713
video13,BirdDrone-Local-FT,1559,1,1,0,0,0,0,0.6950207352638245
video13,BirdDrone-Local-FT,1560,1,1,0,0,0,0,0.49872997403144836
video13,BirdDrone-Local-FT,1561,1,1,0,0,0,0,0.7168369293212891
video13,BirdDrone-Local-FT,1562,1,1,0,0,0,0,0.6879392266273499
video13,BirdDrone-Local-FT,1563,1,1,0,0,0,0,0.6992026567459106
video13,BirdDrone-Local-FT,1564,1,1,0,0,0,0,0.7345474362373352
video13,BirdDrone-Local-FT,1565,1,1,0,0,0,0,0.7077707648277283
video13,BirdDrone-Local-FT,1566,1,1,0,0,0,0,0.6185842752456665
video13,BirdDrone-Local-FT,1567,1,1,0,0,0,0,0.5880188941955566
video13,BirdDrone-Local-FT,1568,1,1,0,0,0,0,0.5567272305488586
video13,BirdDrone-Local-FT,1569,1,1,0,0,0,0,0.6081255674362183
video13,BirdDrone-Local-FT,1570,1,1,0,0,0,0,0.4583330750465393
video13,BirdDrone-Local-FT,1571,2,2,0,0,0,0,0.4114094078540802
video13,BirdDrone-Local-FT,1572,2,2,0,0,0,0,0.44270238280296326
video13,BirdDrone-Local-FT,1573,1,1,0,0,0,0,0.7010189294815063
video13,BirdDrone-Local-FT,1574,1,1,0,0,0,0,0.7065714001655579
video13,BirdDrone-Local-FT,1575,1,1,0,0,0,0,0.7871150970458984
video13,BirdDrone-Local-FT,1576,1,1,0,0,0,0,0.7780635952949524
video13,BirdDrone-Local-FT,1577,1,1,0,0,0,0,0.77373868227005
video13,BirdDrone-Local-FT,1578,1,1,0,0,0,0,0.5625501275062561
video13,BirdDrone-Local-FT,1579,1,1,0,0,0,0,0.7699218988418579
video13,BirdDrone-Local-FT,1580,1,1,0,0,0,0,0.5453457832336426
video13,BirdDrone-Local-FT,1581,1,1,0,0,0,0,0.48924970626831055
video13,BirdDrone-Local-FT,1582,1,1,0,0,0,0,0.730288028717041
video13,BirdDrone-Local-FT,1583,1,1,0,0,0,0,0.5892266035079956
video13,BirdDrone-Local-FT,1584,1,1,0,0,0,0,0.5756208896636963
video13,BirdDrone-Local-FT,1585,1,1,0,0,0,0,0.7070757150650024
video13,BirdDrone-Local-FT,1586,1,1,0,0,0,0,0.6221327781677246
video13,BirdDrone-Local-FT,1587,2,2,0,0,0,0,0.46518322825431824
video13,BirdDrone-Local-FT,1588,2,2,0,0,1,0,0.37597134709358215
video13,BirdDrone-Local-FT,1589,0,0,0,0,0,0,0.0
video13,BirdDrone-Local-FT,1590,0,0,0,0,0,0,0.0
video13,BirdDrone-Local-FT,1591,1,1,0,0,0,0,0.407571941614151
video13,BirdDrone-Local-FT,1592,1,1,0,0,0,0,0.4992041289806366
video13,BirdDrone-Local-FT,1593,1,1,0,0,0,0,0.6460830569267273
video13,BirdDrone-Local-FT,1594,0,0,0,0,0,0,0.0
video13,BirdDrone-Local-FT,1595,1,1,0,0,0,0,0.37695232033729553
video13,BirdDrone-Local-FT,1596,1,1,0,0,0,0,0.373739629983902
video13,BirdDrone-Local-FT,1597,1,1,0,0,0,0,0.49227532744407654
video13,BirdDrone-Local-FT,1598,1,1,0,0,1,0,0.3365807831287384
video13,BirdDrone-Local-FT,1599,1,1,0,0,1,0,0.3436785042285919
video13,BirdDrone-Local-FT,1600,1,1,0,0,1,0,0.2838021218776703
video13,BirdDrone-Local-FT,1601,0,0,0,0,0,0,0.0
video13,BirdDrone-Local-FT,1602,2,2,0,0,2,0,0.26529574394226074
video13,BirdDrone-Local-FT,1603,0,0,0,0,0,0,0.0
video13,BirdDrone-Local-FT,1604,1,1,0,0,0,0,0.4222677946090698
video13,BirdDrone-Local-FT,1605,0,0,0,0,0,0,0.0
video13,BirdDrone-Local-FT,1606,1,1,0,0,0,0,0.6137184500694275
video13,BirdDrone-Local-FT,1607,1,1,0,0,0,0,0.6678186655044556
video13,BirdDrone-Local-FT,1608,1,1,0,0,0,0,0.5484396815299988
video13,BirdDrone-Local-FT,1609,1,1,0,0,0,0,0.6523426175117493
video13,BirdDrone-Local-FT,1610,0,0,0,0,0,0,0.0
video13,BirdDrone-Local-FT,1611,1,1,0,0,0,0,0.5635564923286438
video13,BirdDrone-Local-FT,1612,1,1,0,0,0,0,0.6846359968185425
video13,BirdDrone-Local-FT,1613,1,1,0,0,0,0,0.6132410764694214
video13,BirdDrone-Local-FT,1614,1,1,0,0,0,0,0.4547043740749359
video13,BirdDrone-Local-FT,1615,1,1,0,0,0,0,0.42872384190559387
video13,BirdDrone-Local-FT,1616,0,0,0,0,0,0,0.0
video13,BirdDrone-Local-FT,1617,1,1,0,0,1,0,0.32406511902809143
video13,BirdDrone-Local-FT,1618,0,0,0,0,0,0,0.0
video13,BirdDrone-Local-FT,1619,1,1,0,0,1,0,0.2713926434516907
video13,BirdDrone-Local-FT,1620,1,1,0,0,0,0,0.41065841913223267
video13,BirdDrone-Local-FT,1621,2,2,0,0,2,0,0.2809188961982727
video13,BirdDrone-Local-FT,1622,1,1,0,0,1,0,0.2513560652732849
video13,BirdDrone-Local-FT,1623,0,0,0,0,0,0,0.0
video13,BirdDrone-Local-FT,1624,1,1,0,0,1,0,0.34378543496131897
video13,BirdDrone-Local-FT,1625,0,0,0,0,0,0,0.0
video13,BirdDrone-Local-FT,1626,1,1,0,0,0,0,0.5576667785644531
video13,BirdDrone-Local-FT,1627,0,0,0,0,0,0,0.0
video13,BirdDrone-Local-FT,1628,0,0,0,0,0,0,0.0
video13,BirdDrone-Local-FT,1629,0,0,0,0,0,0,0.0
video13,BirdDrone-Local-FT,1630,0,0,0,0,0,0,0.0
video13,BirdDrone-Local-FT,1631,1,1,0,0,1,0,0.29458603262901306
video13,BirdDrone-Local-FT,1632,1,1,0,0,1,0,0.2665006220340729
video13,BirdDrone-Local-FT,1633,0,0,0,0,0,0,0.0
video13,BirdDrone-Local-FT,1634,0,0,0,0,0,0,0.0
video13,BirdDrone-Local-FT,1635,0,0,0,0,0,0,0.0
video13,BirdDrone-Local-FT,1636,0,0,0,0,0,0,0.0
video13,BirdDrone-Local-FT,1637,0,0,0,0,0,0,0.0
video13,BirdDrone-Local-FT,1638,0,0,0,0,0,0,0.0
video13,BirdDrone-Local-FT,1639,0,0,0,0,0,0,0.0
video13,BirdDrone-Local-FT,1640,0,0,0,0,0,0,0.0
video13,BirdDrone-Local-FT,1641,1,1,0,0,0,0,0.5077742338180542
video13,BirdDrone-Local-FT,1642,1,1,0,0,1,0,0.3131349980831146
video13,BirdDrone-Local-FT,1643,1,1,0,0,0,0,0.4551694989204407
video13,BirdDrone-Local-FT,1644,1,1,0,0,0,0,0.6939418911933899
video13,BirdDrone-Local-FT,1645,1,1,0,0,0,0,0.6896424889564514
video13,BirdDrone-Local-FT,1646,1,1,0,0,0,0,0.3727031946182251
video13,BirdDrone-Local-FT,1647,0,0,0,0,0,0,0.0
video13,BirdDrone-Local-FT,1648,1,1,0,0,1,0,0.2603498697280884
video13,BirdDrone-Local-FT,1649,0,0,0,0,0,0,0.0
video13,BirdDrone-Local-FT,1650,0,0,0,0,0,0,0.0
video13,BirdDrone-Local-FT,1651,0,0,0,0,0,0,0.0
video13,BirdDrone-Local-FT,1652,0,0,0,0,0,0,0.0
video13,BirdDrone-Local-FT,1653,0,0,0,0,0,0,0.0
video13,BirdDrone-Local-FT,1654,0,0,0,0,0,0,0.0
video13,BirdDrone-Local-FT,1655,0,0,0,0,0,0,0.0
video13,BirdDrone-Local-FT,1656,0,0,0,0,0,0,0.0
video13,BirdDrone-Local-FT,1657,0,0,0,0,0,0,0.0
video13,BirdDrone-Local-FT,1658,0,0,0,0,0,0,0.0
video13,BirdDrone-Local-FT,1659,0,0,0,0,0,0,0.0
video13,BirdDrone-Local-FT,1660,0,0,0,0,0,0,0.0
video13,BirdDrone-Local-FT,1661,0,0,0,0,0,0,0.0
video13,BirdDrone-Local-FT,1662,0,0,0,0,0,0,0.0
video13,BirdDrone-Local-FT,1663,0,0,0,0,0,0,0.0
video13,BirdDrone-Local-FT,1664,0,0,0,0,0,0,0.0
video13,BirdDrone-Local-FT,1665,0,0,0,0,0,0,0.0
video13,BirdDrone-Local-FT,1666,0,0,0,0,0,0,0.0
video13,BirdDrone-Local-FT,1667,0,0,0,0,0,0,0.0
video13,BirdDrone-Local-FT,1668,0,0,0,0,0,0,0.0
video13,BirdDrone-Local-FT,1669,0,0,0,0,0,0,0.0
video13,BirdDrone-Local-FT,1670,0,0,0,0,0,0,0.0
video13,BirdDrone-Local-FT,1671,0,0,0,0,0,0,0.0
video13,BirdDrone-Local-FT,1672,0,0,0,0,0,0,0.0
video13,BirdDrone-Local-FT,1673,0,0,0,0,0,0,0.0
video13,BirdDrone-Local-FT,1674,0,0,0,0,0,0,0.0
video13,BirdDrone-Local-FT,1675,0,0,0,0,0,0,0.0
video13,BirdDrone-Local-FT,1676,0,0,0,0,0,0,0.0
video13,BirdDrone-Local-FT,1677,0,0,0,0,0,0,0.0
video13,BirdDrone-Local-FT,1678,0,0,0,0,0,0,0.0
video13,BirdDrone-Local-FT,1679,0,0,0,0,0,0,0.0
video13,BirdDrone-Local-FT,1680,0,0,0,0,0,0,0.0
video13,BirdDrone-Local-FT,1681,0,0,0,0,0,0,0.0
video13,BirdDrone-Local-FT,1682,0,0,0,0,0,0,0.0
video13,BirdDrone-Local-FT,1683,0,0,0,0,0,0,0.0
video13,BirdDrone-Local-FT,1684,0,0,0,0,0,0,0.0
video13,BirdDrone-Local-FT,1685,0,0,0,0,0,0,0.0
video13,BirdDrone-Local-FT,1686,0,0,0,0,0,0,0.0
video13,BirdDrone-Local-FT,1687,0,0,0,0,0,0,0.0
video13,BirdDrone-Local-FT,1688,0,0,0,0,0,0,0.0
video13,BirdDrone-Local-FT,1689,0,0,0,0,0,0,0.0
video13,BirdDrone-Local-FT,1690,0,0,0,0,0,0,0.0
video13,BirdDrone-Local-FT,1691,0,0,0,0,0,0,0.0
video13,BirdDrone-Local-FT,1692,0,0,0,0,0,0,0.0
video13,BirdDrone-Local-FT,1693,0,0,0,0,0,0,0.0
video13,BirdDrone-Local-FT,1694,0,0,0,0,0,0,0.0
video13,BirdDrone-Local-FT,1695,0,0,0,0,0,0,0.0
video13,BirdDrone-Local-FT,1696,0,0,0,0,0,0,0.0
video13,BirdDrone-Local-FT,1697,0,0,0,0,0,0,0.0
video13,BirdDrone-Local-FT,1698,0,0,0,0,0,0,0.0
video13,BirdDrone-Local-FT,1699,0,0,0,0,0,0,0.0
video13,BirdDrone-Local-FT,1700,0,0,0,0,0,0,0.0
video13,BirdDrone-Local-FT,1701,0,0,0,0,0,0,0.0
video13,BirdDrone-Local-FT,1702,0,0,0,0,0,0,0.0
video13,BirdDrone-Local-FT,1703,0,0,0,0,0,0,0.0
video13,BirdDrone-Local-FT,1704,0,0,0,0,0,0,0.0
video13,BirdDrone-Local-FT,1705,0,0,0,0,0,0,0.0
video13,BirdDrone-Local-FT,1706,0,0,0,0,0,0,0.0
video13,BirdDrone-Local-FT,1707,0,0,0,0,0,0,0.0
video13,BirdDrone-Local-FT,1708,0,0,0,0,0,0,0.0
video13,BirdDrone-Local-FT,1709,0,0,0,0,0,0,0.0
video13,BirdDrone-Local-FT,1710,0,0,0,0,0,0,0.0
video13,BirdDrone-Local-FT,1711,0,0,0,0,0,0,0.0
video13,BirdDrone-Local-FT,1712,0,0,0,0,0,0,0.0
video13,BirdDrone-Local-FT,1713,0,0,0,0,0,0,0.0
video13,BirdDrone-Local-FT,1714,0,0,0,0,0,0,0.0
video13,BirdDrone-Local-FT,1715,0,0,0,0,0,0,0.0
video13,BirdDrone-Local-FT,1716,0,0,0,0,0,0,0.0
video13,BirdDrone-Local-FT,1717,0,0,0,0,0,0,0.0
video13,BirdDrone-Local-FT,1718,0,0,0,0,0,0,0.0
video13,BirdDrone-Local-FT,1719,0,0,0,0,0,0,0.0
video13,BirdDrone-Local-FT,1720,0,0,0,0,0,0,0.0
video13,BirdDrone-Local-FT,1721,0,0,0,0,0,0,0.0
video13,BirdDrone-Local-FT,1722,0,0,0,0,0,0,0.0
video13,BirdDrone-Local-FT,1723,0,0,0,0,0,0,0.0
video13,BirdDrone-Local-FT,1724,0,0,0,0,0,0,0.0
video13,BirdDrone-Local-FT,1725,0,0,0,0,0,0,0.0
video13,BirdDrone-Local-FT,1726,0,0,0,0,0,0,0.0
video13,BirdDrone-Local-FT,1727,0,0,0,0,0,0,0.0
video13,BirdDrone-Local-FT,1728,0,0,0,0,0,0,0.0
video13,BirdDrone-Local-FT,1729,0,0,0,0,0,0,0.0
video13,BirdDrone-Local-FT,1730,0,0,0,0,0,0,0.0
video13,BirdDrone-Local-FT,1731,0,0,0,0,0,0,0.0
video13,BirdDrone-Local-FT,1732,0,0,0,0,0,0,0.0
video13,BirdDrone-Local-FT,1733,0,0,0,0,0,0,0.0
video13,BirdDrone-Local-FT,1734,0,0,0,0,0,0,0.0
video13,BirdDrone-Local-FT,1735,0,0,0,0,0,0,0.0
video13,BirdDrone-Local-FT,1736,0,0,0,0,0,0,0.0
video13,BirdDrone-Local-FT,1737,0,0,0,0,0,0,0.0
video13,BirdDrone-Local-FT,1738,0,0,0,0,0,0,0.0
video13,BirdDrone-Local-FT,1739,0,0,0,0,0,0,0.0
video13,BirdDrone-Local-FT,1740,0,0,0,0,0,0,0.0
video13,BirdDrone-Local-FT,1741,0,0,0,0,0,0,0.0
video13,BirdDrone-Local-FT,1742,0,0,0,0,0,0,0.0
video13,BirdDrone-Local-FT,1743,1,1,0,0,1,0,0.3447137475013733
video13,BirdDrone-Local-FT,1744,1,1,0,0,1,0,0.26068463921546936
video13,BirdDrone-Local-FT,1745,0,0,0,0,0,0,0.0
video13,BirdDrone-Local-FT,1746,0,0,0,0,0,0,0.0
video13,BirdDrone-Local-FT,1747,0,0,0,0,0,0,0.0
video13,BirdDrone-Local-FT,1748,1,1,0,0,0,0,0.46276938915252686
video13,BirdDrone-Local-FT,1749,0,0,0,0,0,0,0.0
video13,BirdDrone-Local-FT,1750,1,1,0,0,1,0,0.3488161265850067
video13,BirdDrone-Local-FT,1751,1,1,0,0,0,0,0.662872314453125
video13,BirdDrone-Local-FT,1752,1,1,0,0,0,0,0.6356642842292786
video13,BirdDrone-Local-FT,1753,1,1,0,0,0,0,0.5859431624412537
video13,BirdDrone-Local-FT,1754,1,1,0,0,0,0,0.494156152009964
video13,BirdDrone-Local-FT,1755,1,1,0,0,1,0,0.32590487599372864
video13,BirdDrone-Local-FT,1756,2,2,0,0,1,0,0.5112500190734863
video13,BirdDrone-Local-FT,1757,0,0,0,0,0,0,0.0
video13,BirdDrone-Local-FT,1758,1,1,0,0,0,0,0.6890984773635864
video13,BirdDrone-Local-FT,1759,1,1,0,0,0,0,0.5355695486068726
video13,BirdDrone-Local-FT,1760,0,0,0,0,0,0,0.0
video13,BirdDrone-Local-FT,1761,0,0,0,0,0,0,0.0
video13,BirdDrone-Local-FT,1762,0,0,0,0,0,0,0.0
video13,BirdDrone-Local-FT,1763,0,0,0,0,0,0,0.0
video13,BirdDrone-Local-FT,1764,0,0,0,0,0,0,0.0
video13,BirdDrone-Local-FT,1765,1,1,0,0,1,0,0.28600308299064636
video13,BirdDrone-Local-FT,1766,0,0,0,0,0,0,0.0
video13,BirdDrone-Local-FT,1767,1,1,0,0,0,0,0.5198884010314941
video13,BirdDrone-Local-FT,1768,1,1,0,0,0,0,0.5122284293174744
video13,BirdDrone-Local-FT,1769,1,1,0,0,0,0,0.4571017026901245
video13,BirdDrone-Local-FT,1770,1,1,0,0,1,0,0.29118219017982483
video13,BirdDrone-Local-FT,1771,1,1,0,0,1,0,0.32106178998947144
video13,BirdDrone-Local-FT,1772,1,1,0,0,0,0,0.4654093086719513
video13,BirdDrone-Local-FT,1773,1,1,0,0,0,0,0.42803725600242615
video13,BirdDrone-Local-FT,1774,0,0,0,0,0,0,0.0
video13,BirdDrone-Local-FT,1775,0,0,0,0,0,0,0.0
video13,BirdDrone-Local-FT,1776,0,0,0,0,0,0,0.0
video13,BirdDrone-Local-FT,1777,0,0,0,0,0,0,0.0
video13,BirdDrone-Local-FT,1778,0,0,0,0,0,0,0.0
video13,BirdDrone-Local-FT,1779,0,0,0,0,0,0,0.0
video13,BirdDrone-Local-FT,1780,0,0,0,0,0,0,0.0
video13,BirdDrone-Local-FT,1781,0,0,0,0,0,0,0.0
video13,BirdDrone-Local-FT,1782,0,0,0,0,0,0,0.0
video13,BirdDrone-Local-FT,1783,0,0,0,0,0,0,0.0
video13,BirdDrone-Local-FT,1784,0,0,0,0,0,0,0.0
video13,BirdDrone-Local-FT,1785,0,0,0,0,0,0,0.0
video13,BirdDrone-Local-FT,1786,0,0,0,0,0,0,0.0
video13,BirdDrone-Local-FT,1787,0,0,0,0,0,0,0.0
video13,BirdDrone-Local-FT,1788,1,1,0,0,1,0,0.25566765666007996
video13,BirdDrone-Local-FT,1789,0,0,0,0,0,0,0.0
video13,BirdDrone-Local-FT,1790,0,0,0,0,0,0,0.0
video13,BirdDrone-Local-FT,1791,0,0,0,0,0,0,0.0
video13,BirdDrone-Local-FT,1792,0,0,0,0,0,0,0.0
video13,BirdDrone-Local-FT,1793,0,0,0,0,0,0,0.0
video13,BirdDrone-Local-FT,1794,1,1,0,0,1,0,0.29517048597335815
video13,BirdDrone-Local-FT,1795,1,1,0,0,0,0,0.41254308819770813
video13,BirdDrone-Local-FT,1796,1,1,0,0,0,0,0.634814441204071
video13,BirdDrone-Local-FT,1797,1,1,0,0,0,0,0.6508834362030029
video13,BirdDrone-Local-FT,1798,1,1,0,0,0,0,0.6902810335159302
video13,BirdDrone-Local-FT,1799,1,1,0,0,0,0,0.6104319095611572
video13,BirdDrone-Local-FT,1800,1,1,0,0,0,0,0.5760170817375183
video13,BirdDrone-Local-FT,1801,1,1,0,0,0,0,0.641282856464386
video13,BirdDrone-Local-FT,1802,1,1,0,0,0,0,0.4822135865688324
video13,BirdDrone-Local-FT,1803,1,1,0,0,0,0,0.6590341329574585
video13,BirdDrone-Local-FT,1804,1,1,0,0,0,0,0.4286803901195526
video13,BirdDrone-Local-FT,1805,1,1,0,0,0,0,0.5297602415084839
video13,BirdDrone-Local-FT,1806,1,1,0,0,0,0,0.6329475045204163
video13,BirdDrone-Local-FT,1807,1,1,0,0,0,0,0.5800198316574097
video13,BirdDrone-Local-FT,1808,1,1,0,0,0,0,0.44673463702201843
video13,BirdDrone-Local-FT,1809,1,1,0,0,0,0,0.4822019636631012
video13,BirdDrone-Local-FT,1810,1,1,0,0,0,0,0.4391539394855499
video13,BirdDrone-Local-FT,1811,1,1,0,0,0,0,0.5566766262054443
video13,BirdDrone-Local-FT,1812,1,1,0,0,0,0,0.6355173587799072
video13,BirdDrone-Local-FT,1813,1,1,0,0,0,0,0.4735642969608307
video13,BirdDrone-Local-FT,1814,1,1,0,0,1,0,0.348021000623703
video13,BirdDrone-Local-FT,1815,1,1,0,0,0,0,0.5972078442573547
video13,BirdDrone-Local-FT,1816,1,1,0,0,0,0,0.3922659158706665
video13,BirdDrone-Local-FT,1817,0,0,0,0,0,0,0.0
video13,BirdDrone-Local-FT,1818,1,1,0,0,1,0,0.32936644554138184
video13,BirdDrone-Local-FT,1819,1,1,0,0,0,0,0.5772026181221008
video13,BirdDrone-Local-FT,1820,1,1,0,0,0,0,0.6460551619529724
video13,BirdDrone-Local-FT,1821,0,0,0,0,0,0,0.0
video13,BirdDrone-Local-FT,1822,1,1,0,0,0,0,0.6080227494239807
video13,BirdDrone-Local-FT,1823,1,1,0,0,0,0,0.5058199763298035
video13,BirdDrone-Local-FT,1824,1,1,0,0,0,0,0.6103945374488831
video13,BirdDrone-Local-FT,1825,1,1,0,0,0,0,0.7298188805580139
video13,BirdDrone-Local-FT,1826,1,1,0,0,0,0,0.5679946541786194
video13,BirdDrone-Local-FT,1827,1,1,0,0,1,0,0.3171238303184509
video13,BirdDrone-Local-FT,1828,0,0,0,0,0,0,0.0
video13,BirdDrone-Local-FT,1829,0,0,0,0,0,0,0.0
video13,BirdDrone-Local-FT,1830,0,0,0,0,0,0,0.0
video13,BirdDrone-Local-FT,1831,0,0,0,0,0,0,0.0
video13,BirdDrone-Local-FT,1832,1,1,0,0,0,0,0.38904792070388794
video13,BirdDrone-Local-FT,1833,1,1,0,0,1,0,0.2937658429145813
video13,BirdDrone-Local-FT,1834,0,0,0,0,0,0,0.0
video13,BirdDrone-Local-FT,1835,1,1,0,0,0,0,0.5024611949920654
video13,BirdDrone-Local-FT,1836,1,1,0,0,0,0,0.4999241828918457
video13,BirdDrone-Local-FT,1837,1,1,0,0,0,0,0.7803317904472351
video13,BirdDrone-Local-FT,1838,1,1,0,0,0,0,0.7826115489006042
video13,BirdDrone-Local-FT,1839,1,1,0,0,0,0,0.8014594316482544
video13,BirdDrone-Local-FT,1840,1,1,0,0,0,0,0.8143347501754761
video13,BirdDrone-Local-FT,1841,1,1,0,0,0,0,0.8204544186592102
video13,BirdDrone-Local-FT,1842,1,1,0,0,0,0,0.8211656808853149
video13,BirdDrone-Local-FT,1843,1,1,0,0,0,0,0.8002768158912659
video13,BirdDrone-Local-FT,1844,1,1,0,0,0,0,0.7555032968521118
video13,BirdDrone-Local-FT,1845,1,1,0,0,0,0,0.8073050379753113
video13,BirdDrone-Local-FT,1846,2,2,0,0,0,0,0.6073634624481201
video13,BirdDrone-Local-FT,1847,1,1,0,0,0,0,0.6669515371322632
video13,BirdDrone-Local-FT,1848,1,1,0,0,0,0,0.7864466309547424
video13,BirdDrone-Local-FT,1849,1,1,0,0,0,0,0.7332323789596558
video13,BirdDrone-Local-FT,1850,1,1,0,0,0,0,0.7765296101570129
video13,BirdDrone-Local-FT,1851,1,1,0,0,0,0,0.8044000864028931
video13,BirdDrone-Local-FT,1852,1,1,0,0,0,0,0.8156088590621948
video13,BirdDrone-Local-FT,1853,1,1,0,0,0,0,0.7692265510559082
video13,BirdDrone-Local-FT,1854,1,1,0,0,0,0,0.8034569621086121
video13,BirdDrone-Local-FT,1855,1,1,0,0,0,0,0.7693739533424377
video13,BirdDrone-Local-FT,1856,1,1,0,0,0,0,0.795461893081665
video13,BirdDrone-Local-FT,1857,1,1,0,0,0,0,0.7908076643943787
video13,BirdDrone-Local-FT,1858,1,1,0,0,0,0,0.787477433681488
video13,BirdDrone-Local-FT,1859,2,2,0,0,0,0,0.5172141790390015
video13,BirdDrone-Local-FT,1860,1,1,0,0,0,0,0.7713162302970886
video13,BirdDrone-Local-FT,1861,1,1,0,0,0,0,0.8068541288375854
video13,BirdDrone-Local-FT,1862,1,1,0,0,0,0,0.759319007396698
video13,BirdDrone-Local-FT,1863,1,1,0,0,0,0,0.7895179986953735
video13,BirdDrone-Local-FT,1864,1,1,0,0,0,0,0.831554114818573
video13,BirdDrone-Local-FT,1865,1,1,0,0,0,0,0.801937997341156
video13,BirdDrone-Local-FT,1866,1,1,0,0,0,0,0.8354974389076233
video13,BirdDrone-Local-FT,1867,1,1,0,0,0,0,0.8049657344818115
video13,BirdDrone-Local-FT,1868,1,1,0,0,0,0,0.7816833257675171
video13,BirdDrone-Local-FT,1869,1,1,0,0,0,0,0.7632467150688171
video13,BirdDrone-Local-FT,1870,1,1,0,0,0,0,0.7639498114585876
video13,BirdDrone-Local-FT,1871,1,1,0,0,0,0,0.6927430629730225
video13,BirdDrone-Local-FT,1872,1,1,0,0,0,0,0.6577370762825012
video13,BirdDrone-Local-FT,1873,1,1,0,0,0,0,0.6655673980712891
video13,BirdDrone-Local-FT,1874,1,1,0,0,0,0,0.7046796083450317
video13,BirdDrone-Local-FT,1875,2,2,0,0,1,0,0.5766560435295105
video13,BirdDrone-Local-FT,1876,1,1,0,0,0,0,0.7359709143638611
video13,BirdDrone-Local-FT,1877,1,1,0,0,0,0,0.786583423614502
video13,BirdDrone-Local-FT,1878,1,1,0,0,0,0,0.7811393141746521
video13,BirdDrone-Local-FT,1879,1,1,0,0,0,0,0.8109616637229919
video13,BirdDrone-Local-FT,1880,1,1,0,0,0,0,0.80098557472229
video13,BirdDrone-Local-FT,1881,1,1,0,0,0,0,0.7772146463394165
video13,BirdDrone-Local-FT,1882,1,1,0,0,0,0,0.7968335747718811
video13,BirdDrone-Local-FT,1883,1,1,0,0,0,0,0.8066810965538025
video13,BirdDrone-Local-FT,1884,1,1,0,0,0,0,0.7680376768112183
video13,BirdDrone-Local-FT,1885,1,1,0,0,0,0,0.7999983429908752
video13,BirdDrone-Local-FT,1886,1,1,0,0,0,0,0.8450561761856079
video13,BirdDrone-Local-FT,1887,1,1,0,0,0,0,0.7932851910591125
video13,BirdDrone-Local-FT,1888,1,1,0,0,0,0,0.8040918707847595
video13,BirdDrone-Local-FT,1889,1,1,0,0,0,0,0.8082375526428223
video13,BirdDrone-Local-FT,1890,1,1,0,0,0,0,0.8294194340705872
video13,BirdDrone-Local-FT,1891,1,1,0,0,0,0,0.747858464717865
video13,BirdDrone-Local-FT,1892,1,1,0,0,0,0,0.7728046774864197
video13,BirdDrone-Local-FT,1893,1,1,0,0,0,0,0.7867723107337952
video13,BirdDrone-Local-FT,1894,1,1,0,0,0,0,0.7432677149772644
video13,BirdDrone-Local-FT,1895,1,1,0,0,0,0,0.7904260754585266
video13,BirdDrone-Local-FT,1896,1,1,0,0,0,0,0.6612451672554016
video13,BirdDrone-Local-FT,1897,1,1,0,0,0,0,0.6482427716255188
video13,BirdDrone-Local-FT,1898,1,1,0,0,0,0,0.683225691318512
video13,BirdDrone-Local-FT,1899,1,1,0,0,0,0,0.6899118423461914
video13,BirdDrone-Local-FT,1900,2,2,0,0,1,0,0.6163731217384338
video13,BirdDrone-Local-FT,1901,2,2,0,0,0,0,0.5780253410339355
video13,BirdDrone-Local-FT,1902,2,2,0,0,0,0,0.6207823753356934
video13,BirdDrone-Local-FT,1903,1,1,0,0,0,0,0.7361680269241333
video13,BirdDrone-Local-FT,1904,2,2,0,0,1,0,0.7185947895050049
video13,BirdDrone-Local-FT,1905,2,2,0,0,0,0,0.6303903460502625
video13,BirdDrone-Local-FT,1906,1,1,0,0,0,0,0.6732722520828247
video13,BirdDrone-Local-FT,1907,1,1,0,0,0,0,0.6359977722167969
video13,BirdDrone-Local-FT,1908,1,1,0,0,0,0,0.6789199113845825
video13,BirdDrone-Local-FT,1909,1,1,0,0,0,0,0.6727190017700195
video13,BirdDrone-Local-FT,1910,1,1,0,0,0,0,0.752788782119751
video13,BirdDrone-Local-FT,1911,1,1,0,0,0,0,0.7609054446220398
video13,BirdDrone-Local-FT,1912,1,1,0,0,0,0,0.6552571654319763
video13,BirdDrone-Local-FT,1913,1,1,0,0,0,0,0.7823143601417542
video13,BirdDrone-Local-FT,1914,1,1,0,0,0,0,0.7789613008499146
