video,model,frame,detections,drone_det,bird_det,false_class,low_conf_fp,tp_iou,max_conf
video08,TriClass-Cloud-FT,0,1,1,0,0,0,1,0.9202860593795776
video08,TriClass-Cloud-FT,1,1,1,0,0,0,0,0.9244217872619629
video08,TriClass-Cloud-FT,2,1,1,0,0,0,0,0.9177770614624023
video08,TriClass-Cloud-FT,3,1,1,0,0,0,0,0.9194595217704773
video08,TriClass-Cloud-FT,4,1,1,0,0,0,0,0.9302606582641602
video08,TriClass-Cloud-FT,5,1,1,0,0,0,0,0.9278393983840942
video08,TriClass-Cloud-FT,6,1,1,0,0,0,0,0.9243930578231812
video08,TriClass-Cloud-FT,7,1,1,0,0,0,0,0.9291514754295349
video08,TriClass-Cloud-FT,8,1,1,0,0,0,0,0.9301318526268005
video08,TriClass-Cloud-FT,9,1,1,0,0,0,0,0.9299414753913879
video08,TriClass-Cloud-FT,10,1,1,0,0,0,0,0.8623102307319641
video08,TriClass-Cloud-FT,11,1,1,0,0,0,0,0.9290937185287476
video08,TriClass-Cloud-FT,12,1,1,0,0,0,0,0.9273276925086975
video08,TriClass-Cloud-FT,13,1,1,0,0,0,0,0.9293440580368042
video08,TriClass-Cloud-FT,14,1,1,0,0,0,0,0.9323071837425232
video08,TriClass-Cloud-FT,15,1,1,0,0,0,0,0.9317553043365479
video08,TriClass-Cloud-FT,16,1,1,0,0,0,0,0.9267279505729675
video08,TriClass-Cloud-FT,17,1,1,0,0,0,0,0.9287748336791992
video08,TriClass-Cloud-FT,18,1,1,0,0,0,0,0.9240723848342896
video08,TriClass-Cloud-FT,19,1,1,0,0,0,0,0.9251271486282349
video08,TriClass-Cloud-FT,20,1,1,0,0,0,0,0.9360506534576416
video08,TriClass-Cloud-FT,21,1,1,0,0,0,0,0.9348114132881165
video08,TriClass-Cloud-FT,22,1,1,0,0,0,0,0.9356763362884521
video08,TriClass-Cloud-FT,23,1,1,0,0,0,0,0.8959334492683411
video08,TriClass-Cloud-FT,24,1,1,0,0,0,0,0.9287792444229126
video08,TriClass-Cloud-FT,25,1,1,0,0,0,0,0.9264829158782959
video08,TriClass-Cloud-FT,26,1,1,0,0,0,0,0.9268333315849304
video08,TriClass-Cloud-FT,27,1,1,0,0,0,0,0.9330000281333923
video08,TriClass-Cloud-FT,28,1,1,0,0,0,0,0.9341280460357666
video08,TriClass-Cloud-FT,29,1,1,0,0,0,0,0.9328340291976929
video08,TriClass-Cloud-FT,30,1,1,0,0,0,0,0.9226062297821045
video08,TriClass-Cloud-FT,31,1,1,0,0,0,0,0.9104626774787903
video08,TriClass-Cloud-FT,32,1,1,0,0,0,0,0.9310252070426941
video08,TriClass-Cloud-FT,33,1,1,0,0,0,0,0.9360223412513733
video08,TriClass-Cloud-FT,34,1,1,0,0,0,0,0.833538830280304
video08,TriClass-Cloud-FT,35,1,1,0,0,0,0,0.9375858902931213
video08,TriClass-Cloud-FT,36,1,1,0,0,0,0,0.9343785047531128
video08,TriClass-Cloud-FT,37,1,1,0,0,0,0,0.9336333870887756
video08,TriClass-Cloud-FT,38,1,1,0,0,0,0,0.934929609298706
video08,TriClass-Cloud-FT,39,1,1,0,0,0,0,0.9371812343597412
video08,TriClass-Cloud-FT,40,2,2,0,0,1,0,0.8842000961303711
video08,TriClass-Cloud-FT,41,1,1,0,0,0,0,0.9245383143424988
video08,TriClass-Cloud-FT,42,1,1,0,0,0,0,0.9204058051109314
video08,TriClass-Cloud-FT,43,1,1,0,0,0,0,0.9290785193443298
video08,TriClass-Cloud-FT,44,1,1,0,0,0,0,0.9334812760353088
video08,TriClass-Cloud-FT,45,1,1,0,0,0,0,0.9345938563346863
video08,TriClass-Cloud-FT,46,1,1,0,0,0,0,0.9349663853645325
video08,TriClass-Cloud-FT,47,1,1,0,0,0,0,0.9290961027145386
video08,TriClass-Cloud-FT,48,1,1,0,0,0,0,0.9366110563278198
video08,TriClass-Cloud-FT,49,1,1,0,0,0,0,0.9375327229499817
video08,TriClass-Cloud-FT,50,1,1,0,0,0,0,0.922283947467804
video08,TriClass-Cloud-FT,51,1,1,0,0,0,0,0.926947832107544
video08,TriClass-Cloud-FT,52,1,1,0,0,0,0,0.9299634695053101
video08,TriClass-Cloud-FT,53,1,1,0,0,0,0,0.9343465566635132
video08,TriClass-Cloud-FT,54,1,1,0,0,0,0,0.9355148077011108
video08,TriClass-Cloud-FT,55,1,1,0,0,0,0,0.9289253950119019
video08,TriClass-Cloud-FT,56,1,1,0,0,0,0,0.936797559261322
video08,TriClass-Cloud-FT,57,1,1,0,0,0,0,0.9296987056732178
video08,TriClass-Cloud-FT,58,1,1,0,0,0,0,0.9330341815948486
video08,TriClass-Cloud-FT,59,1,1,0,0,0,0,0.9330940842628479
video08,TriClass-Cloud-FT,60,1,1,0,0,0,0,0.9365306496620178
video08,TriClass-Cloud-FT,61,1,1,0,0,0,0,0.9330996870994568
video08,TriClass-Cloud-FT,62,1,1,0,0,0,0,0.932624340057373
video08,TriClass-Cloud-FT,63,1,1,0,0,0,0,0.9336193203926086
video08,TriClass-Cloud-FT,64,1,1,0,0,0,0,0.9345846772193909
video08,TriClass-Cloud-FT,65,1,1,0,0,0,0,0.92603600025177
video08,TriClass-Cloud-FT,66,1,1,0,0,0,0,0.9195595979690552
video08,TriClass-Cloud-FT,67,1,1,0,0,0,0,0.9341008067131042
video08,TriClass-Cloud-FT,68,1,1,0,0,0,0,0.9213227033615112
video08,TriClass-Cloud-FT,69,1,1,0,0,0,0,0.9303056597709656
video08,TriClass-Cloud-FT,70,1,1,0,0,0,0,0.9254587292671204
video08,TriClass-Cloud-FT,71,1,1,0,0,0,0,0.9077914953231812
video08,TriClass-Cloud-FT,72,1,1,0,0,0,0,0.9273961782455444
video08,TriClass-Cloud-FT,73,1,1,0,0,0,0,0.9336694478988647
video08,TriClass-Cloud-FT,74,1,1,0,0,0,0,0.927961528301239
video08,TriClass-Cloud-FT,75,1,1,0,0,0,0,0.8842368125915527
video08,TriClass-Cloud-FT,76,1,1,0,0,0,0,0.9237664937973022
video08,TriClass-Cloud-FT,77,1,1,0,0,0,0,0.9303171038627625
video08,TriClass-Cloud-FT,78,1,1,0,0,0,0,0.9319579005241394
video08,TriClass-Cloud-FT,79,1,1,0,0,0,0,0.8864374756813049
video08,TriClass-Cloud-FT,80,1,1,0,0,0,0,0.6352785229682922
video08,TriClass-Cloud-FT,81,0,0,0,0,0,0,0.0
video08,TriClass-Cloud-FT,82,0,0,0,0,0,0,0.0
video08,TriClass-Cloud-FT,83,1,1,0,0,0,0,0.36392611265182495
video08,TriClass-Cloud-FT,84,1,1,0,0,0,0,0.739606499671936
video08,TriClass-Cloud-FT,85,1,1,0,0,0,0,0.9218663573265076
video08,TriClass-Cloud-FT,86,1,1,0,0,0,0,0.9296367764472961
video08,TriClass-Cloud-FT,87,1,1,0,0,0,0,0.92866051197052
video08,TriClass-Cloud-FT,88,1,1,0,0,0,0,0.9135879278182983
video08,TriClass-Cloud-FT,89,1,1,0,0,0,0,0.9325472712516785
video08,TriClass-Cloud-FT,90,1,1,0,0,0,0,0.9308100342750549
video08,TriClass-Cloud-FT,91,1,1,0,0,0,0,0.9323099851608276
video08,TriClass-Cloud-FT,92,1,1,0,0,0,0,0.9229146838188171
video08,TriClass-Cloud-FT,93,1,1,0,0,0,0,0.925399661064148
video08,TriClass-Cloud-FT,94,1,1,0,0,0,0,0.92340487241745
video08,TriClass-Cloud-FT,95,2,2,0,0,0,0,0.9102274775505066
video08,TriClass-Cloud-FT,96,1,1,0,0,0,0,0.9326153993606567
video08,TriClass-Cloud-FT,97,1,1,0,0,0,0,0.9277101159095764
video08,TriClass-Cloud-FT,98,1,1,0,0,0,0,0.9372101426124573
video08,TriClass-Cloud-FT,99,1,1,0,0,0,0,0.9305598139762878
video08,TriClass-Cloud-FT,100,1,1,0,0,0,0,0.9238011837005615
video08,TriClass-Cloud-FT,101,1,1,0,0,0,0,0.9300907850265503
video08,TriClass-Cloud-FT,102,1,1,0,0,0,0,0.932928740978241
video08,TriClass-Cloud-FT,103,1,1,0,0,0,0,0.9291019439697266
video08,TriClass-Cloud-FT,104,1,1,0,0,0,0,0.9373139142990112
video08,TriClass-Cloud-FT,105,1,1,0,0,0,0,0.9370555877685547
video08,TriClass-Cloud-FT,106,1,1,0,0,0,0,0.934508204460144
video08,TriClass-Cloud-FT,107,1,1,0,0,0,0,0.9334788918495178
video08,TriClass-Cloud-FT,108,1,1,0,0,0,0,0.9340730309486389
video08,TriClass-Cloud-FT,109,1,1,0,0,0,0,0.928744912147522
video08,TriClass-Cloud-FT,110,1,1,0,0,0,0,0.9307560920715332
video08,TriClass-Cloud-FT,111,1,1,0,0,0,0,0.9359866380691528
video08,TriClass-Cloud-FT,112,1,1,0,0,0,0,0.9310488104820251
video08,TriClass-Cloud-FT,113,1,1,0,0,0,0,0.9265967011451721
video08,TriClass-Cloud-FT,114,1,1,0,0,0,0,0.9339483380317688
video08,TriClass-Cloud-FT,115,1,1,0,0,0,0,0.9125534296035767
video08,TriClass-Cloud-FT,116,1,1,0,0,0,0,0.935567319393158
video08,TriClass-Cloud-FT,117,1,1,0,0,0,0,0.9353729486465454
video08,TriClass-Cloud-FT,118,1,1,0,0,0,0,0.9261527061462402
video08,TriClass-Cloud-FT,119,1,1,0,0,0,0,0.9309096336364746
video08,TriClass-Cloud-FT,120,1,1,0,0,0,0,0.9257001876831055
video08,TriClass-Cloud-FT,121,1,1,0,0,0,0,0.9289827346801758
video08,TriClass-Cloud-FT,122,1,1,0,0,0,0,0.9230499863624573
video08,TriClass-Cloud-FT,123,1,1,0,0,0,0,0.93426913022995
video08,TriClass-Cloud-FT,124,1,1,0,0,0,0,0.933904767036438
video08,TriClass-Cloud-FT,125,1,1,0,0,0,0,0.8976058959960938
video08,TriClass-Cloud-FT,126,1,1,0,0,0,0,0.9459850788116455
video08,TriClass-Cloud-FT,127,1,1,0,0,0,0,0.3728887140750885
video08,TriClass-Cloud-FT,128,1,1,0,0,0,0,0.9252246022224426
video08,TriClass-Cloud-FT,129,1,1,0,0,0,0,0.9308027029037476
video08,TriClass-Cloud-FT,130,1,1,0,0,0,0,0.9224990010261536
video08,TriClass-Cloud-FT,131,1,1,0,0,0,0,0.932353138923645
video08,TriClass-Cloud-FT,132,1,1,0,0,0,0,0.926642656326294
video08,TriClass-Cloud-FT,133,1,1,0,0,0,0,0.926680862903595
video08,TriClass-Cloud-FT,134,1,1,0,0,0,0,0.9146866798400879
video08,TriClass-Cloud-FT,135,1,1,0,0,0,0,0.9272395372390747
video08,TriClass-Cloud-FT,136,1,1,0,0,0,0,0.9096512198448181
video08,TriClass-Cloud-FT,137,1,1,0,0,0,0,0.9195743203163147
video08,TriClass-Cloud-FT,138,1,1,0,0,0,0,0.9286467432975769
video08,TriClass-Cloud-FT,139,1,1,0,0,0,0,0.9140239953994751
video08,TriClass-Cloud-FT,140,1,1,0,0,0,0,0.9229283928871155
video08,TriClass-Cloud-FT,141,1,1,0,0,0,0,0.923244297504425
video08,TriClass-Cloud-FT,142,1,1,0,0,0,0,0.9211187362670898
video08,TriClass-Cloud-FT,143,1,1,0,0,0,0,0.9182287454605103
video08,TriClass-Cloud-FT,144,1,1,0,0,0,0,0.9197216033935547
video08,TriClass-Cloud-FT,145,1,1,0,0,0,0,0.9350758194923401
video08,TriClass-Cloud-FT,146,1,1,0,0,0,0,0.9141918420791626
video08,TriClass-Cloud-FT,147,1,1,0,0,0,0,0.9371758103370667
video08,TriClass-Cloud-FT,148,1,1,0,0,0,0,0.9102674722671509
video08,TriClass-Cloud-FT,149,1,1,0,0,0,0,0.8711292743682861
video08,TriClass-Cloud-FT,150,1,1,0,0,0,0,0.9334930777549744
video08,TriClass-Cloud-FT,151,1,1,0,0,0,0,0.9292473793029785
video08,TriClass-Cloud-FT,152,1,1,0,0,0,0,0.9220184683799744
video08,TriClass-Cloud-FT,153,1,1,0,0,0,0,0.9439336657524109
video08,TriClass-Cloud-FT,154,1,1,0,0,0,0,0.9351789951324463
video08,TriClass-Cloud-FT,155,1,1,0,0,0,0,0.9376434087753296
video08,TriClass-Cloud-FT,156,1,1,0,0,0,0,0.9327139258384705
video08,TriClass-Cloud-FT,157,1,1,0,0,0,0,0.9379510283470154
video08,TriClass-Cloud-FT,158,1,1,0,0,0,0,0.907062828540802
video08,TriClass-Cloud-FT,159,1,1,0,0,0,0,0.9317689538002014
video08,TriClass-Cloud-FT,160,1,1,0,0,0,0,0.9346787333488464
video08,TriClass-Cloud-FT,161,1,1,0,0,0,0,0.9344436526298523
video08,TriClass-Cloud-FT,162,1,1,0,0,0,0,0.9356698989868164
video08,TriClass-Cloud-FT,163,1,1,0,0,0,0,0.9394510984420776
video08,TriClass-Cloud-FT,164,1,1,0,0,0,0,0.9386491775512695
video08,TriClass-Cloud-FT,165,1,1,0,0,0,0,0.8580219745635986
video08,TriClass-Cloud-FT,166,1,1,0,0,0,0,0.9121552109718323
video08,TriClass-Cloud-FT,167,1,1,0,0,0,0,0.7839425802230835
video08,TriClass-Cloud-FT,168,1,1,0,0,0,0,0.9347061514854431
video08,TriClass-Cloud-FT,169,1,1,0,0,0,0,0.931044340133667
video08,TriClass-Cloud-FT,170,1,1,0,0,0,0,0.9325741529464722
video08,TriClass-Cloud-FT,171,1,1,0,0,0,0,0.9270352721214294
video08,TriClass-Cloud-FT,172,1,1,0,0,0,0,0.9220910668373108
video08,TriClass-Cloud-FT,173,1,1,0,0,0,0,0.9202702045440674
video08,TriClass-Cloud-FT,174,1,1,0,0,0,0,0.9227514863014221
video08,TriClass-Cloud-FT,175,1,1,0,0,0,0,0.9135249257087708
video08,TriClass-Cloud-FT,176,1,1,0,0,0,0,0.8838496208190918
video08,TriClass-Cloud-FT,177,1,1,0,0,0,0,0.8855347037315369
video08,TriClass-Cloud-FT,178,1,1,0,0,0,0,0.9138907790184021
video08,TriClass-Cloud-FT,179,1,1,0,0,0,0,0.9086258411407471
video08,TriClass-Cloud-FT,180,1,1,0,0,0,0,0.9201042652130127
video08,TriClass-Cloud-FT,181,1,1,0,0,0,0,0.9139074087142944
video08,TriClass-Cloud-FT,182,1,1,0,0,0,0,0.913520872592926
video08,TriClass-Cloud-FT,183,1,1,0,0,0,0,0.913326621055603
video08,TriClass-Cloud-FT,184,1,1,0,0,0,0,0.8910543918609619
video08,TriClass-Cloud-FT,185,1,1,0,0,0,0,0.9048344492912292
video08,TriClass-Cloud-FT,186,1,1,0,0,0,0,0.9115940928459167
video08,TriClass-Cloud-FT,187,1,1,0,0,0,0,0.9151222109794617
video08,TriClass-Cloud-FT,188,1,1,0,0,0,0,0.9071428775787354
video08,TriClass-Cloud-FT,189,1,1,0,0,0,0,0.9150081276893616
video08,TriClass-Cloud-FT,190,1,1,0,0,0,0,0.7859373688697815
video08,TriClass-Cloud-FT,191,2,2,0,0,0,0,0.7985509037971497
video08,TriClass-Cloud-FT,192,2,2,0,0,1,0,0.44663968682289124
video08,TriClass-Cloud-FT,193,1,1,0,0,1,0,0.30300962924957275
video08,TriClass-Cloud-FT,194,3,3,0,0,3,0,0.3038973808288574
video08,TriClass-Cloud-FT,195,2,2,0,0,1,0,0.6524004936218262
video08,TriClass-Cloud-FT,196,1,1,0,0,0,0,0.5204302668571472
video08,TriClass-Cloud-FT,197,1,1,0,0,0,0,0.42859071493148804
video08,TriClass-Cloud-FT,198,2,2,0,0,0,0,0.5258872509002686
video08,TriClass-Cloud-FT,199,2,2,0,0,1,0,0.4241177439689636
video08,TriClass-Cloud-FT,200,1,1,0,0,0,0,0.48420459032058716
video08,TriClass-Cloud-FT,201,0,0,0,0,0,0,0.0
video08,TriClass-Cloud-FT,202,0,0,0,0,0,0,0.0
video08,TriClass-Cloud-FT,203,1,1,0,0,0,0,0.3808576762676239
video08,TriClass-Cloud-FT,204,2,2,0,0,0,0,0.4216953217983246
video08,TriClass-Cloud-FT,205,2,2,0,0,0,0,0.6707589030265808
video08,TriClass-Cloud-FT,206,1,1,0,0,1,0,0.25302284955978394
video08,TriClass-Cloud-FT,207,2,2,0,0,0,0,0.5880140066146851
video08,TriClass-Cloud-FT,208,2,2,0,0,1,0,0.40992969274520874
video08,TriClass-Cloud-FT,209,1,1,0,0,0,0,0.830180287361145
video08,TriClass-Cloud-FT,210,1,1,0,0,0,0,0.794122040271759
video08,TriClass-Cloud-FT,211,2,2,0,0,0,0,0.571610152721405
video08,TriClass-Cloud-FT,212,2,2,0,0,0,0,0.664415717124939
video08,TriClass-Cloud-FT,213,1,1,0,0,1,0,0.31678733229637146
video08,TriClass-Cloud-FT,214,2,2,0,0,1,0,0.6843382120132446
video08,TriClass-Cloud-FT,215,2,2,0,0,0,0,0.5777317881584167
video08,TriClass-Cloud-FT,216,2,2,0,0,0,0,0.5599490404129028
video08,TriClass-Cloud-FT,217,2,2,0,0,0,0,0.47301965951919556
video08,TriClass-Cloud-FT,218,2,2,0,0,0,0,0.6988192200660706
video08,TriClass-Cloud-FT,219,1,1,0,0,0,0,0.8117251396179199
video08,TriClass-Cloud-FT,220,1,1,0,0,0,0,0.8960108160972595
video08,TriClass-Cloud-FT,221,1,1,0,0,0,0,0.9115317463874817
video08,TriClass-Cloud-FT,222,1,1,0,0,0,0,0.9044442176818848
video08,TriClass-Cloud-FT,223,1,1,0,0,0,0,0.9254928827285767
video08,TriClass-Cloud-FT,224,1,1,0,0,0,0,0.9263857007026672
video08,TriClass-Cloud-FT,225,1,1,0,0,0,0,0.9168678522109985
video08,TriClass-Cloud-FT,226,1,1,0,0,0,0,0.9299451112747192
video08,TriClass-Cloud-FT,227,1,1,0,0,0,0,0.9354575276374817
video08,TriClass-Cloud-FT,228,1,1,0,0,0,0,0.9304162859916687
video08,TriClass-Cloud-FT,229,1,1,0,0,0,0,0.9321072101593018
video08,TriClass-Cloud-FT,230,1,1,0,0,0,0,0.8284080028533936
video08,TriClass-Cloud-FT,231,1,1,0,0,0,0,0.9348914623260498
video08,TriClass-Cloud-FT,232,1,1,0,0,0,0,0.9359033107757568
video08,TriClass-Cloud-FT,233,1,1,0,0,0,0,0.9367119669914246
video08,TriClass-Cloud-FT,234,1,1,0,0,0,0,0.9388952255249023
video08,TriClass-Cloud-FT,235,1,1,0,0,0,0,0.933819591999054
video08,TriClass-Cloud-FT,236,1,1,0,0,0,0,0.9333555102348328
video08,TriClass-Cloud-FT,237,1,1,0,0,0,0,0.9322850108146667
video08,TriClass-Cloud-FT,238,1,1,0,0,0,0,0.9348987340927124
video08,TriClass-Cloud-FT,239,1,1,0,0,0,0,0.9270077347755432
video08,TriClass-Cloud-FT,240,1,1,0,0,0,0,0.9355974793434143
video08,TriClass-Cloud-FT,241,1,1,0,0,0,0,0.9352607727050781
video08,TriClass-Cloud-FT,242,1,1,0,0,0,0,0.928601086139679
video08,TriClass-Cloud-FT,243,1,1,0,0,0,0,0.931684136390686
video08,TriClass-Cloud-FT,244,1,1,0,0,0,0,0.9271841049194336
video08,TriClass-Cloud-FT,245,1,1,0,0,0,0,0.9331149458885193
video08,TriClass-Cloud-FT,246,1,1,0,0,0,0,0.9249797463417053
video08,TriClass-Cloud-FT,247,1,1,0,0,0,0,0.9288807511329651
video08,TriClass-Cloud-FT,248,1,1,0,0,0,0,0.9253090023994446
video08,TriClass-Cloud-FT,249,1,1,0,0,0,0,0.9261924028396606
video08,TriClass-Cloud-FT,250,1,1,0,0,0,0,0.9313980937004089
video08,TriClass-Cloud-FT,251,1,1,0,0,0,0,0.9333209991455078
video08,TriClass-Cloud-FT,252,1,1,0,0,0,0,0.9332283139228821
video08,TriClass-Cloud-FT,253,1,1,0,0,0,0,0.9336415529251099
video08,TriClass-Cloud-FT,254,1,1,0,0,0,0,0.9327367544174194
video08,TriClass-Cloud-FT,255,1,1,0,0,0,0,0.9258475303649902
video08,TriClass-Cloud-FT,256,1,1,0,0,0,0,0.9257960319519043
video08,TriClass-Cloud-FT,257,1,1,0,0,0,0,0.9286453127861023
video08,TriClass-Cloud-FT,258,1,1,0,0,0,0,0.9336951971054077
video08,TriClass-Cloud-FT,259,1,1,0,0,0,0,0.929878830909729
video08,TriClass-Cloud-FT,260,1,1,0,0,0,0,0.9243465065956116
video08,TriClass-Cloud-FT,261,1,1,0,0,0,0,0.9312545657157898
video08,TriClass-Cloud-FT,262,1,1,0,0,0,0,0.9383535981178284
video08,TriClass-Cloud-FT,263,1,1,0,0,0,0,0.9312320351600647
video08,TriClass-Cloud-FT,264,1,1,0,0,0,0,0.9312711954116821
video08,TriClass-Cloud-FT,265,1,1,0,0,0,0,0.928548276424408
video08,TriClass-Cloud-FT,266,1,1,0,0,0,0,0.9278680086135864
video08,TriClass-Cloud-FT,267,1,1,0,0,0,0,0.9267694354057312
video08,TriClass-Cloud-FT,268,1,1,0,0,0,0,0.9275954365730286
video08,TriClass-Cloud-FT,269,1,1,0,0,0,0,0.9175888299942017
video08,TriClass-Cloud-FT,270,1,1,0,0,0,0,0.9162920713424683
video08,TriClass-Cloud-FT,271,1,1,0,0,0,0,0.9194507598876953
video08,TriClass-Cloud-FT,272,1,1,0,0,0,0,0.90892493724823
video08,TriClass-Cloud-FT,273,1,1,0,0,0,0,0.9140303134918213
video08,TriClass-Cloud-FT,274,1,1,0,0,0,0,0.9082972407341003
video08,TriClass-Cloud-FT,275,1,1,0,0,0,0,0.910415530204773
video08,TriClass-Cloud-FT,276,1,1,0,0,0,0,0.9078198075294495
video08,TriClass-Cloud-FT,277,1,1,0,0,0,0,0.9155457019805908
video08,TriClass-Cloud-FT,278,1,1,0,0,0,0,0.9159104824066162
video08,TriClass-Cloud-FT,279,1,1,0,0,0,0,0.9162762761116028
video08,TriClass-Cloud-FT,280,1,1,0,0,0,0,0.9247633814811707
video08,TriClass-Cloud-FT,281,1,1,0,0,0,0,0.9211017489433289
video08,TriClass-Cloud-FT,282,1,1,0,0,0,0,0.9177009463310242
video08,TriClass-Cloud-FT,283,1,1,0,0,0,0,0.9254032373428345
video08,TriClass-Cloud-FT,284,1,1,0,0,0,0,0.9283929467201233
video08,TriClass-Cloud-FT,285,1,1,0,0,0,0,0.9280975461006165
video08,TriClass-Cloud-FT,286,1,1,0,0,0,0,0.932013213634491
video08,TriClass-Cloud-FT,287,1,1,0,0,0,0,0.9315778613090515
video08,TriClass-Cloud-FT,288,1,1,0,0,0,0,0.9309229254722595
video08,TriClass-Cloud-FT,289,1,1,0,0,0,0,0.9216890335083008
video08,TriClass-Cloud-FT,290,1,1,0,0,0,0,0.9341849088668823
video08,TriClass-Cloud-FT,291,1,1,0,0,0,0,0.932395339012146
video08,TriClass-Cloud-FT,292,1,1,0,0,0,0,0.9312569499015808
video08,TriClass-Cloud-FT,293,1,1,0,0,0,0,0.9277751445770264
video08,TriClass-Cloud-FT,294,1,1,0,0,0,0,0.9345609545707703
video08,TriClass-Cloud-FT,295,1,1,0,0,0,0,0.9321918487548828
video08,TriClass-Cloud-FT,296,1,1,0,0,0,0,0.9325727224349976
video08,TriClass-Cloud-FT,297,1,1,0,0,0,0,0.9370195865631104
video08,TriClass-Cloud-FT,298,1,1,0,0,0,0,0.9291986227035522
video08,TriClass-Cloud-FT,299,1,1,0,0,0,0,0.9283913373947144
video08,TriClass-Cloud-FT,300,1,1,0,0,0,0,0.9305924773216248
video08,TriClass-Cloud-FT,301,1,1,0,0,0,0,0.9351797103881836
video08,TriClass-Cloud-FT,302,1,1,0,0,0,0,0.9335293769836426
video08,TriClass-Cloud-FT,303,1,1,0,0,0,0,0.9331476092338562
video08,TriClass-Cloud-FT,304,1,1,0,0,0,0,0.9343157410621643
video08,TriClass-Cloud-FT,305,1,1,0,0,0,0,0.9316069483757019
video08,TriClass-Cloud-FT,306,1,1,0,0,0,0,0.9304089546203613
video08,TriClass-Cloud-FT,307,1,1,0,0,0,0,0.9341949224472046
video08,TriClass-Cloud-FT,308,1,1,0,0,0,0,0.9308287501335144
video08,TriClass-Cloud-FT,309,1,1,0,0,0,0,0.9337199330329895
video08,TriClass-Cloud-FT,310,1,1,0,0,0,0,0.9346944689750671
video08,TriClass-Cloud-FT,311,1,1,0,0,0,0,0.9183403253555298
video08,TriClass-Cloud-FT,312,1,1,0,0,0,0,0.9093549847602844
video08,TriClass-Cloud-FT,313,1,1,0,0,0,0,0.9228583574295044
video08,TriClass-Cloud-FT,314,1,1,0,0,0,0,0.934035062789917
video08,TriClass-Cloud-FT,315,1,1,0,0,0,0,0.9377167820930481
video08,TriClass-Cloud-FT,316,1,1,0,0,0,0,0.9211822748184204
video08,TriClass-Cloud-FT,317,1,1,0,0,0,0,0.8985697031021118
video08,TriClass-Cloud-FT,318,1,1,0,0,0,0,0.8665013909339905
video08,TriClass-Cloud-FT,319,1,1,0,0,0,0,0.4369063973426819
video08,TriClass-Cloud-FT,320,1,1,0,0,0,0,0.5716195106506348
video08,TriClass-Cloud-FT,321,0,0,0,0,0,0,0.0
video08,TriClass-Cloud-FT,322,0,0,0,0,0,0,0.0
video08,TriClass-Cloud-FT,323,0,0,0,0,0,0,0.0
video08,TriClass-Cloud-FT,324,0,0,0,0,0,0,0.0
video08,TriClass-Cloud-FT,325,0,0,0,0,0,0,0.0
video08,TriClass-Cloud-FT,326,0,0,0,0,0,0,0.0
video08,TriClass-Cloud-FT,327,0,0,0,0,0,0,0.0
video08,TriClass-Cloud-FT,328,0,0,0,0,0,0,0.0
video08,TriClass-Cloud-FT,329,1,1,0,0,1,0,0.3058274984359741
video08,TriClass-Cloud-FT,330,1,1,0,0,0,0,0.6283485889434814
video08,TriClass-Cloud-FT,331,1,1,0,0,0,0,0.8969401717185974
video08,TriClass-Cloud-FT,332,1,1,0,0,0,0,0.9026263952255249
video08,TriClass-Cloud-FT,333,1,1,0,0,0,0,0.8926358819007874
video08,TriClass-Cloud-FT,334,0,0,0,0,0,0,0.0
video08,TriClass-Cloud-FT,335,1,1,0,0,0,0,0.8595507144927979
video08,TriClass-Cloud-FT,336,1,1,0,0,0,0,0.6638180017471313
video08,TriClass-Cloud-FT,337,0,0,0,0,0,0,0.0
video08,TriClass-Cloud-FT,338,0,0,0,0,0,0,0.0
video08,TriClass-Cloud-FT,339,0,0,0,0,0,0,0.0
video08,TriClass-Cloud-FT,340,0,0,0,0,0,0,0.0
video08,TriClass-Cloud-FT,341,1,1,0,0,0,0,0.9015089273452759
video08,TriClass-Cloud-FT,342,1,1,0,0,0,0,0.8821465969085693
video08,TriClass-Cloud-FT,343,1,1,0,0,0,0,0.8821293115615845
video08,TriClass-Cloud-FT,344,1,1,0,0,0,0,0.8864359855651855
video08,TriClass-Cloud-FT,345,1,1,0,0,0,0,0.8861777186393738
video08,TriClass-Cloud-FT,346,1,1,0,0,0,0,0.932081937789917
video08,TriClass-Cloud-FT,347,1,1,0,0,0,0,0.9331889152526855
video08,TriClass-Cloud-FT,348,1,1,0,0,0,0,0.933358371257782
video08,TriClass-Cloud-FT,349,1,1,0,0,0,0,0.9273998737335205
video08,TriClass-Cloud-FT,350,1,1,0,0,0,0,0.9314895272254944
video08,TriClass-Cloud-FT,351,1,1,0,0,0,0,0.9315425753593445
video08,TriClass-Cloud-FT,352,1,1,0,0,0,0,0.9345118999481201
video08,TriClass-Cloud-FT,353,1,1,0,0,0,0,0.9297769069671631
video08,TriClass-Cloud-FT,354,1,1,0,0,0,0,0.9297434091567993
video08,TriClass-Cloud-FT,355,1,1,0,0,0,0,0.9283525943756104
video08,TriClass-Cloud-FT,356,1,1,0,0,0,0,0.928214430809021
video08,TriClass-Cloud-FT,357,1,1,0,0,0,0,0.9277266263961792
video08,TriClass-Cloud-FT,358,1,1,0,0,0,0,0.9249041676521301
video08,TriClass-Cloud-FT,359,1,1,0,0,0,0,0.9179252982139587
video08,TriClass-Cloud-FT,360,1,1,0,0,0,0,0.910241961479187
video08,TriClass-Cloud-FT,361,1,1,0,0,0,0,0.9118158221244812
video08,TriClass-Cloud-FT,362,1,1,0,0,0,0,0.8597198128700256
video08,TriClass-Cloud-FT,363,1,1,0,0,0,0,0.860206663608551
video08,TriClass-Cloud-FT,364,1,1,0,0,0,0,0.8549118638038635
video08,TriClass-Cloud-FT,365,1,1,0,0,0,0,0.8922775983810425
video08,TriClass-Cloud-FT,366,1,1,0,0,0,0,0.8937889337539673
video08,TriClass-Cloud-FT,367,1,1,0,0,0,0,0.8993530869483948
video08,TriClass-Cloud-FT,368,1,1,0,0,0,0,0.8472638726234436
video08,TriClass-Cloud-FT,369,1,1,0,0,0,0,0.8693027496337891
video08,TriClass-Cloud-FT,370,1,1,0,0,0,0,0.8880710601806641
video08,TriClass-Cloud-FT,371,1,1,0,0,0,0,0.8854920268058777
video08,TriClass-Cloud-FT,372,1,1,0,0,0,0,0.8887970447540283
video08,TriClass-Cloud-FT,373,1,1,0,0,0,0,0.8692381381988525
video08,TriClass-Cloud-FT,374,1,1,0,0,0,0,0.89886075258255
video08,TriClass-Cloud-FT,375,1,1,0,0,0,0,0.8815364241600037
video08,TriClass-Cloud-FT,376,1,1,0,0,0,0,0.8825667500495911
video08,TriClass-Cloud-FT,377,1,1,0,0,0,0,0.8882758617401123
video08,TriClass-Cloud-FT,378,1,1,0,0,0,0,0.882420539855957
video08,TriClass-Cloud-FT,379,1,1,0,0,0,0,0.8916634917259216
video08,TriClass-Cloud-FT,380,1,1,0,0,0,0,0.8882496356964111
video08,TriClass-Cloud-FT,381,1,1,0,0,0,0,0.8875362873077393
video08,TriClass-Cloud-FT,382,1,1,0,0,0,0,0.8252643346786499
video08,TriClass-Cloud-FT,383,1,1,0,0,0,0,0.8714975118637085
video08,TriClass-Cloud-FT,384,1,1,0,0,0,0,0.883683979511261
video08,TriClass-Cloud-FT,385,1,1,0,0,0,0,0.8519924879074097
video08,TriClass-Cloud-FT,386,1,1,0,0,0,0,0.8869813084602356
video08,TriClass-Cloud-FT,387,1,1,0,0,0,0,0.9003348350524902
video08,TriClass-Cloud-FT,388,1,1,0,0,0,0,0.8870472311973572
video08,TriClass-Cloud-FT,389,1,1,0,0,0,0,0.8958817720413208
video08,TriClass-Cloud-FT,390,1,1,0,0,0,0,0.8981784582138062
video08,TriClass-Cloud-FT,391,1,1,0,0,0,0,0.8979957103729248
video08,TriClass-Cloud-FT,392,1,1,0,0,0,0,0.8789340257644653
video08,TriClass-Cloud-FT,393,1,1,0,0,0,0,0.8611267805099487
video08,TriClass-Cloud-FT,394,1,1,0,0,0,0,0.8854778409004211
video08,TriClass-Cloud-FT,395,1,1,0,0,0,0,0.894559919834137
video08,TriClass-Cloud-FT,396,1,1,0,0,0,0,0.8809738159179688
video08,TriClass-Cloud-FT,397,1,1,0,0,0,0,0.8983123898506165
video08,TriClass-Cloud-FT,398,1,1,0,0,0,0,0.8805062174797058
video08,TriClass-Cloud-FT,399,1,1,0,0,0,0,0.8775918483734131
video08,TriClass-Cloud-FT,400,1,1,0,0,0,0,0.8901844620704651
video08,TriClass-Cloud-FT,401,1,1,0,0,0,0,0.9007869362831116
video08,TriClass-Cloud-FT,402,1,1,0,0,0,0,0.8859766721725464
video08,TriClass-Cloud-FT,403,1,1,0,0,0,0,0.8876210451126099
video08,TriClass-Cloud-FT,404,1,1,0,0,0,0,0.8864140510559082
video08,TriClass-Cloud-FT,405,1,1,0,0,0,0,0.8977953195571899
video08,TriClass-Cloud-FT,406,1,1,0,0,0,0,0.9186822772026062
video08,TriClass-Cloud-FT,407,1,1,0,0,0,0,0.8974729776382446
video08,TriClass-Cloud-FT,408,1,1,0,0,0,0,0.915734589099884
video08,TriClass-Cloud-FT,409,1,1,0,0,0,0,0.9105973839759827
video08,TriClass-Cloud-FT,410,1,1,0,0,0,0,0.9165967106819153
video08,TriClass-Cloud-FT,411,1,1,0,0,0,0,0.8920350074768066
video08,TriClass-Cloud-FT,412,1,1,0,0,0,0,0.8942970037460327
video08,TriClass-Cloud-FT,413,1,1,0,0,0,0,0.8979241847991943
video08,TriClass-Cloud-FT,414,1,1,0,0,0,0,0.8858924508094788
video08,TriClass-Cloud-FT,415,1,1,0,0,0,0,0.9033442139625549
video08,TriClass-Cloud-FT,416,1,1,0,0,0,0,0.8959449529647827
video08,TriClass-Cloud-FT,417,1,1,0,0,0,0,0.9152914881706238
video08,TriClass-Cloud-FT,418,1,1,0,0,0,0,0.901310920715332
video08,TriClass-Cloud-FT,419,1,1,0,0,0,0,0.897173285484314
video08,TriClass-Cloud-FT,420,1,1,0,0,0,0,0.8917878866195679
video08,TriClass-Cloud-FT,421,1,1,0,0,0,0,0.8739668130874634
video08,TriClass-Cloud-FT,422,1,1,0,0,0,0,0.8713919520378113
video08,TriClass-Cloud-FT,423,1,1,0,0,0,0,0.8875520825386047
video08,TriClass-Cloud-FT,424,1,1,0,0,0,0,0.898141086101532
video08,TriClass-Cloud-FT,425,1,1,0,0,0,0,0.8864538073539734
video08,TriClass-Cloud-FT,426,1,1,0,0,0,0,0.9091756939888
video08,TriClass-Cloud-FT,427,1,1,0,0,0,0,0.8743004202842712
video08,TriClass-Cloud-FT,428,1,1,0,0,0,0,0.8922882676124573
video08,TriClass-Cloud-FT,429,1,1,0,0,0,0,0.8726723790168762
video08,TriClass-Cloud-FT,430,1,1,0,0,0,0,0.8987378478050232
video08,TriClass-Cloud-FT,431,1,1,0,0,0,0,0.884409487247467
video08,TriClass-Cloud-FT,432,1,1,0,0,0,0,0.8668204545974731
video08,TriClass-Cloud-FT,433,1,1,0,0,0,0,0.8903547525405884
video08,TriClass-Cloud-FT,434,1,1,0,0,0,0,0.8842100501060486
video08,TriClass-Cloud-FT,435,1,1,0,0,0,0,0.873973548412323
video08,TriClass-Cloud-FT,436,1,1,0,0,0,0,0.8661626577377319
video08,TriClass-Cloud-FT,437,1,1,0,0,0,0,0.8612314462661743
video08,TriClass-Cloud-FT,438,1,1,0,0,0,0,0.8780712485313416
video08,TriClass-Cloud-FT,439,1,1,0,0,0,0,0.8935563564300537
video08,TriClass-Cloud-FT,440,1,1,0,0,0,0,0.8820670247077942
video08,TriClass-Cloud-FT,441,1,1,0,0,0,0,0.8742713332176208
video08,TriClass-Cloud-FT,442,1,1,0,0,0,0,0.8808633685112
video08,TriClass-Cloud-FT,443,1,1,0,0,0,0,0.8700417876243591
video08,TriClass-Cloud-FT,444,1,1,0,0,0,0,0.8672003746032715
video08,TriClass-Cloud-FT,445,1,1,0,0,0,0,0.8582024574279785
video08,TriClass-Cloud-FT,446,1,1,0,0,0,0,0.8609640598297119
video08,TriClass-Cloud-FT,447,1,1,0,0,0,0,0.8829712867736816
video08,TriClass-Cloud-FT,448,1,1,0,0,0,0,0.8992310166358948
video08,TriClass-Cloud-FT,449,1,1,0,0,0,0,0.8946788311004639
video08,TriClass-Cloud-FT,450,1,1,0,0,0,0,0.9002838134765625
video08,TriClass-Cloud-FT,451,1,1,0,0,0,0,0.9037927985191345
video08,TriClass-Cloud-FT,452,1,1,0,0,0,0,0.9033824801445007
video08,TriClass-Cloud-FT,453,1,1,0,0,0,0,0.8910221457481384
video08,TriClass-Cloud-FT,454,1,1,0,0,0,0,0.9010968804359436
video08,TriClass-Cloud-FT,455,1,1,0,0,0,0,0.8987205028533936
video08,TriClass-Cloud-FT,456,1,1,0,0,0,0,0.890305757522583
video08,TriClass-Cloud-FT,457,1,1,0,0,0,0,0.8815589547157288
video08,TriClass-Cloud-FT,458,1,1,0,0,0,0,0.8635615706443787
video08,TriClass-Cloud-FT,459,1,1,0,0,0,0,0.9120043516159058
video08,TriClass-Cloud-FT,460,1,1,0,0,0,0,0.8914357423782349
video08,TriClass-Cloud-FT,461,1,1,0,0,0,0,0.8793725371360779
video08,TriClass-Cloud-FT,462,1,1,0,0,0,0,0.8762791752815247
video08,TriClass-Cloud-FT,463,1,1,0,0,0,0,0.8860388398170471
video08,TriClass-Cloud-FT,464,1,1,0,0,0,0,0.8967776894569397
video08,TriClass-Cloud-FT,465,1,1,0,0,0,0,0.8894047141075134
video08,TriClass-Cloud-FT,466,1,1,0,0,0,0,0.8737764954566956
video08,TriClass-Cloud-FT,467,1,1,0,0,0,0,0.8571336269378662
video08,TriClass-Cloud-FT,468,1,1,0,0,0,0,0.8540568351745605
video08,TriClass-Cloud-FT,469,1,1,0,0,0,0,0.8800380229949951
video08,TriClass-Cloud-FT,470,1,1,0,0,0,0,0.8960180878639221
video08,TriClass-Cloud-FT,471,1,1,0,0,0,0,0.8840682506561279
video08,TriClass-Cloud-FT,472,1,1,0,0,0,0,0.8713968396186829
video08,TriClass-Cloud-FT,473,1,1,0,0,0,0,0.8765743374824524
video08,TriClass-Cloud-FT,474,1,1,0,0,0,0,0.867425799369812
video08,TriClass-Cloud-FT,475,1,1,0,0,0,0,0.8731776475906372
video08,TriClass-Cloud-FT,476,1,1,0,0,0,0,0.8742858171463013
video08,TriClass-Cloud-FT,477,1,1,0,0,0,0,0.883417546749115
video08,TriClass-Cloud-FT,478,1,1,0,0,0,0,0.8619489669799805
video08,TriClass-Cloud-FT,479,1,1,0,0,0,0,0.8952020406723022
video08,TriClass-Cloud-FT,480,1,1,0,0,0,0,0.8780946135520935
video08,TriClass-Cloud-FT,481,1,1,0,0,0,0,0.8922997117042542
video08,TriClass-Cloud-FT,482,1,1,0,0,0,0,0.8795561194419861
video08,TriClass-Cloud-FT,483,1,1,0,0,0,0,0.8880831003189087
video08,TriClass-Cloud-FT,484,1,1,0,0,0,0,0.886975884437561
video08,TriClass-Cloud-FT,485,1,1,0,0,0,0,0.8877841234207153
video08,TriClass-Cloud-FT,486,1,1,0,0,0,0,0.8963577747344971
video08,TriClass-Cloud-FT,487,1,1,0,0,0,0,0.9045665264129639
video08,TriClass-Cloud-FT,488,1,1,0,0,0,0,0.8346826434135437
video08,TriClass-Cloud-FT,489,1,1,0,0,0,0,0.8847174048423767
video08,TriClass-Cloud-FT,490,1,1,0,0,0,0,0.8933380842208862
video08,TriClass-Cloud-FT,491,1,1,0,0,0,0,0.9032473564147949
video08,TriClass-Cloud-FT,492,1,1,0,0,0,0,0.8919209837913513
video08,TriClass-Cloud-FT,493,1,1,0,0,0,0,0.8713551759719849
video08,TriClass-Cloud-FT,494,1,1,0,0,0,0,0.8830111622810364
video08,TriClass-Cloud-FT,495,1,1,0,0,0,0,0.8726664185523987
video08,TriClass-Cloud-FT,496,1,1,0,0,0,0,0.876249372959137
video08,TriClass-Cloud-FT,497,1,1,0,0,0,0,0.9006592631340027
video08,TriClass-Cloud-FT,498,1,1,0,0,0,0,0.8887314200401306
video08,TriClass-Cloud-FT,499,1,1,0,0,0,0,0.9077455997467041
video08,TriClass-Cloud-FT,500,1,1,0,0,0,0,0.8962288498878479
video08,TriClass-Cloud-FT,501,1,1,0,0,0,0,0.907039225101471
video08,TriClass-Cloud-FT,502,1,1,0,0,0,0,0.8891008496284485
video08,TriClass-Cloud-FT,503,1,1,0,0,0,0,0.897541344165802
video08,TriClass-Cloud-FT,504,1,1,0,0,0,0,0.8948018550872803
video08,TriClass-Cloud-FT,505,1,1,0,0,0,0,0.9074392318725586
video08,TriClass-Cloud-FT,506,1,1,0,0,0,0,0.897908627986908
video08,TriClass-Cloud-FT,507,1,1,0,0,0,0,0.8996846079826355
video08,TriClass-Cloud-FT,508,1,1,0,0,0,0,0.9018396139144897
video08,TriClass-Cloud-FT,509,1,1,0,0,0,0,0.8967638611793518
video08,TriClass-Cloud-FT,510,1,1,0,0,0,0,0.8921111822128296
video08,TriClass-Cloud-FT,511,1,1,0,0,0,0,0.8807661533355713
video08,TriClass-Cloud-FT,512,1,1,0,0,0,0,0.8948888182640076
video08,TriClass-Cloud-FT,513,1,1,0,0,0,0,0.9077049493789673
video08,TriClass-Cloud-FT,514,1,1,0,0,0,0,0.8925129771232605
video08,TriClass-Cloud-FT,515,1,1,0,0,0,0,0.918526828289032
video08,TriClass-Cloud-FT,516,1,1,0,0,0,0,0.8876845240592957
video08,TriClass-Cloud-FT,517,1,1,0,0,0,0,0.884721577167511
video08,TriClass-Cloud-FT,518,1,1,0,0,0,0,0.8966014981269836
video08,TriClass-Cloud-FT,519,1,1,0,0,0,0,0.9049097299575806
video08,TriClass-Cloud-FT,520,1,1,0,0,0,0,0.9045529365539551
video08,TriClass-Cloud-FT,521,1,1,0,0,0,0,0.9076881408691406
video08,TriClass-Cloud-FT,522,1,1,0,0,0,0,0.9028049111366272
video08,TriClass-Cloud-FT,523,1,1,0,0,0,0,0.9010753631591797
video08,TriClass-Cloud-FT,524,1,1,0,0,0,0,0.9099103212356567
video08,TriClass-Cloud-FT,525,1,1,0,0,0,0,0.9040051102638245
video08,TriClass-Cloud-FT,526,1,1,0,0,0,0,0.903121292591095
video08,TriClass-Cloud-FT,527,1,1,0,0,0,0,0.8966707587242126
video08,TriClass-Cloud-FT,528,1,1,0,0,0,0,0.9042190909385681
video08,TriClass-Cloud-FT,529,1,1,0,0,0,0,0.8992257118225098
video08,TriClass-Cloud-FT,530,1,1,0,0,0,0,0.8914206624031067
video08,TriClass-Cloud-FT,531,1,1,0,0,0,0,0.8888129591941833
video08,TriClass-Cloud-FT,532,1,1,0,0,0,0,0.893257200717926
video08,TriClass-Cloud-FT,533,1,1,0,0,0,0,0.9130080938339233
video08,TriClass-Cloud-FT,534,1,1,0,0,0,0,0.8907787799835205
video08,TriClass-Cloud-FT,535,1,1,0,0,0,0,0.9018382430076599
video08,TriClass-Cloud-FT,536,1,1,0,0,0,0,0.8900669813156128
video08,TriClass-Cloud-FT,537,1,1,0,0,0,0,0.8821110725402832
video08,TriClass-Cloud-FT,538,1,1,0,0,0,0,0.8914920687675476
video08,TriClass-Cloud-FT,539,1,1,0,0,0,0,0.878547728061676
video08,TriClass-Cloud-FT,540,1,1,0,0,0,0,0.8849241733551025
video08,TriClass-Cloud-FT,541,1,1,0,0,0,0,0.8941980004310608
video08,TriClass-Cloud-FT,542,1,1,0,0,0,0,0.8740643262863159
video08,TriClass-Cloud-FT,543,1,1,0,0,0,0,0.9108490943908691
video08,TriClass-Cloud-FT,544,1,1,0,0,0,0,0.9130935668945312
video08,TriClass-Cloud-FT,545,1,1,0,0,0,0,0.9104407429695129
video08,TriClass-Cloud-FT,546,1,1,0,0,0,0,0.8833490610122681
video08,TriClass-Cloud-FT,547,1,1,0,0,0,0,0.8959962129592896
video08,TriClass-Cloud-FT,548,1,1,0,0,0,0,0.9022377729415894
video08,TriClass-Cloud-FT,549,1,1,0,0,0,0,0.9046906232833862
video08,TriClass-Cloud-FT,550,1,1,0,0,0,0,0.9036478996276855
video08,TriClass-Cloud-FT,551,1,1,0,0,0,0,0.9020265340805054
video08,TriClass-Cloud-FT,552,1,1,0,0,0,0,0.8964040279388428
video08,TriClass-Cloud-FT,553,1,1,0,0,0,0,0.903337299823761
video08,TriClass-Cloud-FT,554,1,1,0,0,0,0,0.9039809703826904
video08,TriClass-Cloud-FT,555,1,1,0,0,0,0,0.8860094547271729
video08,TriClass-Cloud-FT,556,1,1,0,0,0,0,0.8833358883857727
video08,TriClass-Cloud-FT,557,1,1,0,0,0,0,0.892989456653595
video08,TriClass-Cloud-FT,558,1,1,0,0,0,0,0.9064697623252869
video08,TriClass-Cloud-FT,559,1,1,0,0,0,0,0.9113926291465759
video08,TriClass-Cloud-FT,560,1,1,0,0,0,0,0.9127556681632996
video08,TriClass-Cloud-FT,561,1,1,0,0,0,0,0.9188447594642639
video08,TriClass-Cloud-FT,562,1,1,0,0,0,0,0.9138733744621277
video08,TriClass-Cloud-FT,563,1,1,0,0,0,0,0.918644905090332
video08,TriClass-Cloud-FT,564,1,1,0,0,0,0,0.9141045808792114
video08,TriClass-Cloud-FT,565,1,1,0,0,0,0,0.9121886491775513
video08,TriClass-Cloud-FT,566,1,1,0,0,0,0,0.8860227465629578
video08,TriClass-Cloud-FT,567,1,1,0,0,0,0,0.676354169845581
video08,TriClass-Cloud-FT,568,1,1,0,0,0,0,0.9035778641700745
video08,TriClass-Cloud-FT,569,1,1,0,0,0,0,0.9157606959342957
video08,TriClass-Cloud-FT,570,1,1,0,0,0,0,0.8961225748062134
video08,TriClass-Cloud-FT,571,1,1,0,0,0,0,0.9103430509567261
video08,TriClass-Cloud-FT,572,1,1,0,0,0,0,0.9142634868621826
video08,TriClass-Cloud-FT,573,1,1,0,0,0,0,0.9004542827606201
video08,TriClass-Cloud-FT,574,1,1,0,0,0,0,0.92280513048172
video08,TriClass-Cloud-FT,575,1,1,0,0,0,0,0.9114915728569031
video08,TriClass-Cloud-FT,576,1,1,0,0,0,0,0.9258545637130737
video08,TriClass-Cloud-FT,577,1,1,0,0,0,0,0.9186590313911438
video08,TriClass-Cloud-FT,578,1,1,0,0,0,0,0.9197754859924316
video08,TriClass-Cloud-FT,579,1,1,0,0,0,0,0.9157450199127197
video08,TriClass-Cloud-FT,580,1,1,0,0,0,0,0.904809832572937
video08,TriClass-Cloud-FT,581,1,1,0,0,0,0,0.9087506532669067
video08,TriClass-Cloud-FT,582,1,1,0,0,0,0,0.9045852422714233
video08,TriClass-Cloud-FT,583,1,1,0,0,0,0,0.8996738195419312
video08,TriClass-Cloud-FT,584,1,1,0,0,0,0,0.900431215763092
video08,TriClass-Cloud-FT,585,1,1,0,0,0,0,0.9042583703994751
video08,TriClass-Cloud-FT,586,1,1,0,0,0,0,0.9025628566741943
video08,TriClass-Cloud-FT,587,1,1,0,0,0,0,0.8969231843948364
video08,TriClass-Cloud-FT,588,1,1,0,0,0,0,0.9019367694854736
video08,TriClass-Cloud-FT,589,1,1,0,0,0,0,0.902984619140625
video08,TriClass-Cloud-FT,590,1,1,0,0,0,0,0.9027522802352905
video08,TriClass-Cloud-FT,591,1,1,0,0,0,0,0.9047854542732239
video08,TriClass-Cloud-FT,592,1,1,0,0,0,0,0.8799334764480591
video08,TriClass-Cloud-FT,593,1,1,0,0,0,0,0.9114353060722351
video08,TriClass-Cloud-FT,594,1,1,0,0,0,0,0.9303492903709412
video08,TriClass-Cloud-FT,595,1,1,0,0,0,0,0.9191708564758301
video08,TriClass-Cloud-FT,596,1,1,0,0,0,0,0.9086763262748718
video08,TriClass-Cloud-FT,597,1,1,0,0,0,0,0.864316463470459
video08,TriClass-Cloud-FT,598,1,1,0,0,0,0,0.9074678421020508
video08,TriClass-Cloud-FT,599,1,1,0,0,0,0,0.9193205833435059
video08,TriClass-Cloud-FT,600,1,1,0,0,0,0,0.9148799180984497
video08,TriClass-Cloud-FT,601,1,1,0,0,0,0,0.9273956418037415
video08,TriClass-Cloud-FT,602,1,1,0,0,0,0,0.9240827560424805
video08,TriClass-Cloud-FT,603,1,1,0,0,0,0,0.9066869616508484
video08,TriClass-Cloud-FT,604,1,1,0,0,0,0,0.9024924635887146
video08,TriClass-Cloud-FT,605,1,1,0,0,0,0,0.8964054584503174
video08,TriClass-Cloud-FT,606,1,1,0,0,0,0,0.907193124294281
video08,TriClass-Cloud-FT,607,1,1,0,0,0,0,0.9048243761062622
video08,TriClass-Cloud-FT,608,1,1,0,0,0,0,0.9125365614891052
video08,TriClass-Cloud-FT,609,1,1,0,0,0,0,0.9181161522865295
video08,TriClass-Cloud-FT,610,1,1,0,0,0,0,0.9202032685279846
video08,TriClass-Cloud-FT,611,1,1,0,0,0,0,0.9243675470352173
video08,TriClass-Cloud-FT,612,1,1,0,0,0,0,0.9226075410842896
video08,TriClass-Cloud-FT,613,1,1,0,0,0,0,0.9225707054138184
video08,TriClass-Cloud-FT,614,1,1,0,0,0,0,0.9206077456474304
video08,TriClass-Cloud-FT,615,1,1,0,0,0,0,0.9136414527893066
video08,TriClass-Cloud-FT,616,1,1,0,0,0,0,0.9184489846229553
video08,TriClass-Cloud-FT,617,1,1,0,0,0,0,0.9231137633323669
video08,TriClass-Cloud-FT,618,1,1,0,0,0,0,0.9039241671562195
video08,TriClass-Cloud-FT,619,1,1,0,0,0,0,0.8869966268539429
video08,TriClass-Cloud-FT,620,1,1,0,0,0,0,0.9008998274803162
video08,TriClass-Cloud-FT,621,1,1,0,0,0,0,0.9159778952598572
video08,TriClass-Cloud-FT,622,1,1,0,0,0,0,0.9098239541053772
video08,TriClass-Cloud-FT,623,1,1,0,0,0,0,0.9100304841995239
video08,TriClass-Cloud-FT,624,1,1,0,0,0,0,0.870410680770874
video08,TriClass-Cloud-FT,625,1,1,0,0,0,0,0.9124060273170471
video08,TriClass-Cloud-FT,626,1,1,0,0,0,0,0.9281623363494873
video08,TriClass-Cloud-FT,627,1,1,0,0,0,0,0.9281479716300964
video08,TriClass-Cloud-FT,628,1,1,0,0,0,0,0.9256439208984375
video08,TriClass-Cloud-FT,629,1,1,0,0,0,0,0.9196533560752869
video08,TriClass-Cloud-FT,630,1,1,0,0,0,0,0.9185234904289246
video08,TriClass-Cloud-FT,631,1,1,0,0,0,0,0.9312644004821777
video08,TriClass-Cloud-FT,632,1,1,0,0,0,0,0.9222010374069214
video08,TriClass-Cloud-FT,633,1,1,0,0,0,0,0.910959005355835
video08,TriClass-Cloud-FT,634,1,1,0,0,0,0,0.7809099555015564
video08,TriClass-Cloud-FT,635,1,1,0,0,0,0,0.9050015807151794
video08,TriClass-Cloud-FT,636,1,1,0,0,0,0,0.9146425724029541
video08,TriClass-Cloud-FT,637,1,1,0,0,0,0,0.9070357084274292
video08,TriClass-Cloud-FT,638,1,1,0,0,0,0,0.9192617535591125
video08,TriClass-Cloud-FT,639,1,1,0,0,0,0,0.9061124920845032
video08,TriClass-Cloud-FT,640,1,1,0,0,0,0,0.8931918740272522
video08,TriClass-Cloud-FT,641,1,1,0,0,0,0,0.9115420579910278
video08,TriClass-Cloud-FT,642,1,1,0,0,0,0,0.9129796624183655
video08,TriClass-Cloud-FT,643,1,1,0,0,0,0,0.9086720943450928
video08,TriClass-Cloud-FT,644,1,1,0,0,0,0,0.8987903594970703
video08,TriClass-Cloud-FT,645,1,1,0,0,0,0,0.8926917314529419
video08,TriClass-Cloud-FT,646,1,1,0,0,0,0,0.894256055355072
video08,TriClass-Cloud-FT,647,1,1,0,0,0,0,0.9045583009719849
video08,TriClass-Cloud-FT,648,1,1,0,0,0,0,0.9006774425506592
video08,TriClass-Cloud-FT,649,1,1,0,0,0,0,0.9101207256317139
video08,TriClass-Cloud-FT,650,1,1,0,0,0,0,0.9090903997421265
video08,TriClass-Cloud-FT,651,1,1,0,0,0,0,0.9170312881469727
video08,TriClass-Cloud-FT,652,1,1,0,0,0,0,0.9159808158874512
video08,TriClass-Cloud-FT,653,1,1,0,0,0,0,0.9168909788131714
video08,TriClass-Cloud-FT,654,1,1,0,0,0,0,0.9220417737960815
video08,TriClass-Cloud-FT,655,1,1,0,0,0,0,0.9077212810516357
video08,TriClass-Cloud-FT,656,1,1,0,0,0,0,0.9024952054023743
video08,TriClass-Cloud-FT,657,1,1,0,0,0,0,0.9049148559570312
video08,TriClass-Cloud-FT,658,1,1,0,0,0,0,0.9098427295684814
video08,TriClass-Cloud-FT,659,1,1,0,0,0,0,0.9108353853225708
video08,TriClass-Cloud-FT,660,2,2,0,0,1,0,0.8394280076026917
video08,TriClass-Cloud-FT,661,1,1,0,0,0,0,0.921729564666748
video08,TriClass-Cloud-FT,662,1,1,0,0,0,0,0.907767653465271
video08,TriClass-Cloud-FT,663,1,1,0,0,0,0,0.9078270792961121
video08,TriClass-Cloud-FT,664,1,1,0,0,0,0,0.9121145606040955
video08,TriClass-Cloud-FT,665,1,1,0,0,0,0,0.9188156723976135
video08,TriClass-Cloud-FT,666,1,1,0,0,0,0,0.9158818125724792
video08,TriClass-Cloud-FT,667,1,1,0,0,0,0,0.9173708558082581
video08,TriClass-Cloud-FT,668,1,1,0,0,0,0,0.8934140205383301
video08,TriClass-Cloud-FT,669,1,1,0,0,0,0,0.9043691158294678
video08,TriClass-Cloud-FT,670,1,1,0,0,0,0,0.9152495265007019
video08,TriClass-Cloud-FT,671,1,1,0,0,0,0,0.9084099531173706
video08,TriClass-Cloud-FT,672,1,1,0,0,0,0,0.9033588171005249
video08,TriClass-Cloud-FT,673,1,1,0,0,0,0,0.8990161418914795
video08,TriClass-Cloud-FT,674,1,1,0,0,0,0,0.9056315422058105
video08,TriClass-Cloud-FT,675,1,1,0,0,0,0,0.915874183177948
video08,TriClass-Cloud-FT,676,1,1,0,0,0,0,0.9106792211532593
video08,TriClass-Cloud-FT,677,1,1,0,0,0,0,0.906132161617279
video08,TriClass-Cloud-FT,678,1,1,0,0,0,0,0.899880051612854
video08,TriClass-Cloud-FT,679,1,1,0,0,0,0,0.9034392833709717
video08,TriClass-Cloud-FT,680,1,1,0,0,0,0,0.9110968112945557
video08,TriClass-Cloud-FT,681,1,1,0,0,0,0,0.9018393754959106
video08,TriClass-Cloud-FT,682,1,1,0,0,0,0,0.903488039970398
video08,TriClass-Cloud-FT,683,1,1,0,0,0,0,0.9124490022659302
video08,TriClass-Cloud-FT,684,1,1,0,0,0,0,0.9085423946380615
video08,TriClass-Cloud-FT,685,1,1,0,0,0,0,0.9211299419403076
video08,TriClass-Cloud-FT,686,1,1,0,0,0,0,0.9262892603874207
video08,TriClass-Cloud-FT,687,1,1,0,0,0,0,0.9204797148704529
video08,TriClass-Cloud-FT,688,1,1,0,0,0,0,0.9210327863693237
video08,TriClass-Cloud-FT,689,1,1,0,0,0,0,0.9111122488975525
video08,TriClass-Cloud-FT,690,1,1,0,0,0,0,0.9051952362060547
video08,TriClass-Cloud-FT,691,1,1,0,0,0,0,0.8847991228103638
video08,TriClass-Cloud-FT,692,1,1,0,0,0,0,0.8826719522476196
video08,TriClass-Cloud-FT,693,1,1,0,0,0,0,0.8956079483032227
video08,TriClass-Cloud-FT,694,1,1,0,0,0,0,0.9036580324172974
video08,TriClass-Cloud-FT,695,1,1,0,0,0,0,0.9088104963302612
video08,TriClass-Cloud-FT,696,1,1,0,0,0,0,0.8992483615875244
video08,TriClass-Cloud-FT,697,1,1,0,0,0,0,0.9203359484672546
video08,TriClass-Cloud-FT,698,1,1,0,0,0,0,0.9190137982368469
video08,TriClass-Cloud-FT,699,1,1,0,0,0,0,0.9180460572242737
video08,TriClass-Cloud-FT,700,1,1,0,0,0,0,0.923110842704773
video08,TriClass-Cloud-FT,701,1,1,0,0,0,0,0.9235206842422485
video08,TriClass-Cloud-FT,702,1,1,0,0,0,0,0.9214206337928772
video08,TriClass-Cloud-FT,703,1,1,0,0,0,0,0.9244799613952637
video08,TriClass-Cloud-FT,704,1,1,0,0,0,0,0.9089913964271545
video08,TriClass-Cloud-FT,705,2,2,0,0,1,0,0.8582630157470703
video08,TriClass-Cloud-FT,706,1,1,0,0,0,0,0.9010485410690308
video08,TriClass-Cloud-FT,707,1,1,0,0,0,0,0.9059141874313354
video08,TriClass-Cloud-FT,708,1,1,0,0,0,0,0.8875288963317871
video08,TriClass-Cloud-FT,709,1,1,0,0,0,0,0.9045418500900269
video08,TriClass-Cloud-FT,710,1,1,0,0,0,0,0.8970648646354675
video08,TriClass-Cloud-FT,711,1,1,0,0,0,0,0.8801881670951843
video08,TriClass-Cloud-FT,712,1,1,0,0,0,0,0.9099369645118713
video08,TriClass-Cloud-FT,713,1,1,0,0,0,0,0.9212273955345154
video08,TriClass-Cloud-FT,714,1,1,0,0,0,0,0.9224701523780823
video08,TriClass-Cloud-FT,715,1,1,0,0,0,0,0.921832263469696
video08,TriClass-Cloud-FT,716,1,1,0,0,0,0,0.9077557325363159
video08,TriClass-Cloud-FT,717,1,1,0,0,0,0,0.9078843593597412
video08,TriClass-Cloud-FT,718,1,1,0,0,0,0,0.9048872590065002
video08,TriClass-Cloud-FT,719,1,1,0,0,0,0,0.920349657535553
video08,TriClass-Cloud-FT,720,1,1,0,0,0,0,0.9257926344871521
video08,TriClass-Cloud-FT,721,1,1,0,0,0,0,0.9197641015052795
video08,TriClass-Cloud-FT,722,1,1,0,0,0,0,0.9192215204238892
video08,TriClass-Cloud-FT,723,1,1,0,0,0,0,0.9163458943367004
video08,TriClass-Cloud-FT,724,1,1,0,0,0,0,0.9233155250549316
video08,TriClass-Cloud-FT,725,1,1,0,0,0,0,0.9190358519554138
video08,TriClass-Cloud-FT,726,1,1,0,0,0,0,0.9201965928077698
video08,TriClass-Cloud-FT,727,1,1,0,0,0,0,0.9156080484390259
video08,TriClass-Cloud-FT,728,1,1,0,0,0,0,0.91718989610672
video08,TriClass-Cloud-FT,729,1,1,0,0,0,0,0.8150299787521362
video08,TriClass-Cloud-FT,730,1,1,0,0,0,0,0.9241724610328674
video08,TriClass-Cloud-FT,731,1,1,0,0,0,0,0.9150949120521545
video08,TriClass-Cloud-FT,732,1,1,0,0,0,0,0.9056365489959717
video08,TriClass-Cloud-FT,733,1,1,0,0,0,0,0.9060714840888977
video08,TriClass-Cloud-FT,734,1,1,0,0,0,0,0.9158115983009338
video08,TriClass-Cloud-FT,735,1,1,0,0,0,0,0.9172661304473877
video08,TriClass-Cloud-FT,736,1,1,0,0,0,0,0.9212659001350403
video08,TriClass-Cloud-FT,737,1,1,0,0,0,0,0.9236753582954407
video08,TriClass-Cloud-FT,738,1,1,0,0,0,0,0.8854197263717651
video08,TriClass-Cloud-FT,739,1,1,0,0,0,0,0.9091202616691589
video08,TriClass-Cloud-FT,740,1,1,0,0,0,0,0.8945824503898621
video08,TriClass-Cloud-FT,741,1,1,0,0,0,0,0.8946248888969421
video08,TriClass-Cloud-FT,742,1,1,0,0,0,0,0.9001622200012207
video08,TriClass-Cloud-FT,743,1,1,0,0,0,0,0.8773875832557678
video08,TriClass-Cloud-FT,744,1,1,0,0,0,0,0.9058915972709656
video08,TriClass-Cloud-FT,745,1,1,0,0,0,0,0.9009681344032288
video08,TriClass-Cloud-FT,746,1,1,0,0,0,0,0.9130107760429382
video08,TriClass-Cloud-FT,747,1,1,0,0,0,0,0.9112346172332764
video08,TriClass-Cloud-FT,748,1,1,0,0,0,0,0.9171914458274841
video08,TriClass-Cloud-FT,749,1,1,0,0,0,0,0.9116811752319336
video08,TriClass-Cloud-FT,750,1,1,0,0,0,0,0.9174623489379883
video08,TriClass-Cloud-FT,751,1,1,0,0,0,0,0.9067400097846985
video08,TriClass-Cloud-FT,752,1,1,0,0,0,0,0.9055386781692505
video08,TriClass-Cloud-FT,753,1,1,0,0,0,0,0.9109241962432861
video08,TriClass-Cloud-FT,754,1,1,0,0,0,0,0.9019729495048523
video08,TriClass-Cloud-FT,755,1,1,0,0,0,0,0.9029892683029175
video08,TriClass-Cloud-FT,756,1,1,0,0,0,0,0.898681640625
video08,TriClass-Cloud-FT,757,1,1,0,0,0,0,0.894228458404541
video08,TriClass-Cloud-FT,758,1,1,0,0,0,0,0.9107485413551331
video08,TriClass-Cloud-FT,759,1,1,0,0,0,0,0.8933725953102112
video08,TriClass-Cloud-FT,760,1,1,0,0,0,0,0.9080972075462341
video08,TriClass-Cloud-FT,761,1,1,0,0,0,0,0.9020267724990845
video08,TriClass-Cloud-FT,762,1,1,0,0,0,0,0.9013125896453857
video08,TriClass-Cloud-FT,763,1,1,0,0,0,0,0.9027078151702881
video08,TriClass-Cloud-FT,764,1,1,0,0,0,0,0.8952308893203735
video08,TriClass-Cloud-FT,765,1,1,0,0,0,0,0.9081689119338989
video08,TriClass-Cloud-FT,766,1,1,0,0,0,0,0.9031055569648743
video08,TriClass-Cloud-FT,767,1,1,0,0,0,0,0.9022214412689209
video08,TriClass-Cloud-FT,768,1,1,0,0,0,0,0.8816725015640259
video08,TriClass-Cloud-FT,769,1,1,0,0,0,0,0.8998751044273376
video08,TriClass-Cloud-FT,770,1,1,0,0,0,0,0.893710196018219
video08,TriClass-Cloud-FT,771,1,1,0,0,0,0,0.8936142325401306
video08,TriClass-Cloud-FT,772,1,1,0,0,0,0,0.8947069644927979
video08,TriClass-Cloud-FT,773,1,1,0,0,0,0,0.8870527744293213
video08,TriClass-Cloud-FT,774,1,1,0,0,0,0,0.8977620005607605
video08,TriClass-Cloud-FT,775,1,1,0,0,0,0,0.9071301221847534
video08,TriClass-Cloud-FT,776,1,1,0,0,0,0,0.9014240503311157
video08,TriClass-Cloud-FT,777,1,1,0,0,0,0,0.907936155796051
video08,TriClass-Cloud-FT,778,1,1,0,0,0,0,0.9174210429191589
video08,TriClass-Cloud-FT,779,1,1,0,0,0,0,0.9045700430870056
video08,TriClass-Cloud-FT,780,1,1,0,0,0,0,0.9106416702270508
video08,TriClass-Cloud-FT,781,1,1,0,0,0,0,0.8856191039085388
video08,TriClass-Cloud-FT,782,1,1,0,0,0,0,0.8873140811920166
video08,TriClass-Cloud-FT,783,1,1,0,0,0,0,0.9074087142944336
video08,TriClass-Cloud-FT,784,1,1,0,0,0,0,0.9006819128990173
video08,TriClass-Cloud-FT,785,1,1,0,0,0,0,0.9120715856552124
video08,TriClass-Cloud-FT,786,1,1,0,0,0,0,0.9078599810600281
video08,TriClass-Cloud-FT,787,1,1,0,0,0,0,0.9043570756912231
video08,TriClass-Cloud-FT,788,1,1,0,0,0,0,0.9052526354789734
video08,TriClass-Cloud-FT,789,1,1,0,0,0,0,0.8970609307289124
video08,TriClass-Cloud-FT,790,1,1,0,0,0,0,0.9043512940406799
video08,TriClass-Cloud-FT,791,1,1,0,0,0,0,0.9001661539077759
video08,TriClass-Cloud-FT,792,1,1,0,0,0,0,0.9113435745239258
video08,TriClass-Cloud-FT,793,1,1,0,0,0,0,0.7891643643379211
video08,TriClass-Cloud-FT,794,1,1,0,0,0,0,0.9024361371994019
video08,TriClass-Cloud-FT,795,1,1,0,0,0,0,0.8983433246612549
video08,TriClass-Cloud-FT,796,1,1,0,0,0,0,0.908993661403656
video08,TriClass-Cloud-FT,797,1,1,0,0,0,0,0.9012410044670105
video08,TriClass-Cloud-FT,798,1,1,0,0,0,0,0.9117464423179626
video08,TriClass-Cloud-FT,799,1,1,0,0,0,0,0.9031514525413513
video08,TriClass-Cloud-FT,800,1,1,0,0,0,0,0.9031318426132202
video08,TriClass-Cloud-FT,801,1,1,0,0,0,0,0.8958134651184082
video08,TriClass-Cloud-FT,802,1,1,0,0,0,0,0.8818432688713074
video08,TriClass-Cloud-FT,803,1,1,0,0,0,0,0.8858332633972168
video08,TriClass-Cloud-FT,804,1,1,0,0,0,0,0.6584955453872681
video08,TriClass-Cloud-FT,805,1,1,0,0,0,0,0.9119174480438232
video08,TriClass-Cloud-FT,806,1,1,0,0,0,0,0.9175304174423218
video08,TriClass-Cloud-FT,807,1,1,0,0,0,0,0.9057966470718384
video08,TriClass-Cloud-FT,808,1,1,0,0,0,0,0.905680775642395
video08,TriClass-Cloud-FT,809,1,1,0,0,0,0,0.9017404913902283
video08,TriClass-Cloud-FT,810,1,1,0,0,0,0,0.8035276532173157
video08,TriClass-Cloud-FT,811,1,1,0,0,0,0,0.9076445698738098
video08,TriClass-Cloud-FT,812,1,1,0,0,0,0,0.9101940989494324
video08,TriClass-Cloud-FT,813,1,1,0,0,0,0,0.9209292531013489
video08,TriClass-Cloud-FT,814,1,1,0,0,0,0,0.9087933301925659
video08,TriClass-Cloud-FT,815,1,1,0,0,0,0,0.9209827184677124
video08,TriClass-Cloud-FT,816,1,1,0,0,0,0,0.9218764305114746
video08,TriClass-Cloud-FT,817,1,1,0,0,0,0,0.9180598855018616
video08,TriClass-Cloud-FT,818,1,1,0,0,0,0,0.911052405834198
video08,TriClass-Cloud-FT,819,1,1,0,0,0,0,0.9154651761054993
video08,TriClass-Cloud-FT,820,1,1,0,0,0,0,0.9209321737289429
video08,TriClass-Cloud-FT,821,1,1,0,0,0,0,0.9155620336532593
video08,TriClass-Cloud-FT,822,1,1,0,0,0,0,0.9138021469116211
video08,TriClass-Cloud-FT,823,1,1,0,0,0,0,0.9206370115280151
video08,TriClass-Cloud-FT,824,1,1,0,0,0,0,0.915428638458252
video08,TriClass-Cloud-FT,825,1,1,0,0,0,0,0.9098556637763977
video08,TriClass-Cloud-FT,826,1,1,0,0,0,0,0.9184319972991943
video08,TriClass-Cloud-FT,827,1,1,0,0,0,0,0.91504967212677
video08,TriClass-Cloud-FT,828,1,1,0,0,0,0,0.9151151776313782
video08,TriClass-Cloud-FT,829,1,1,0,0,0,0,0.9194981455802917
video08,TriClass-Cloud-FT,830,1,1,0,0,0,0,0.9202809929847717
video08,TriClass-Cloud-FT,831,1,1,0,0,0,0,0.9035730957984924
video08,TriClass-Cloud-FT,832,1,1,0,0,0,0,0.8997407555580139
video08,TriClass-Cloud-FT,833,1,1,0,0,0,0,0.9057754874229431
video08,TriClass-Cloud-FT,834,1,1,0,0,0,0,0.9063913226127625
video08,TriClass-Cloud-FT,835,1,1,0,0,0,0,0.8950923681259155
video08,TriClass-Cloud-FT,836,1,1,0,0,0,0,0.9158785939216614
video08,TriClass-Cloud-FT,837,1,1,0,0,0,0,0.895540177822113
video08,TriClass-Cloud-FT,838,1,1,0,0,0,0,0.9116235971450806
video08,TriClass-Cloud-FT,839,1,1,0,0,0,0,0.9120203256607056
video08,TriClass-Cloud-FT,840,1,1,0,0,0,0,0.8992834091186523
video08,TriClass-Cloud-FT,841,1,1,0,0,0,0,0.9058268666267395
video08,TriClass-Cloud-FT,842,1,1,0,0,0,0,0.8964256644248962
video08,TriClass-Cloud-FT,843,1,1,0,0,0,0,0.8990011811256409
video08,TriClass-Cloud-FT,844,1,1,0,0,0,0,0.9129811525344849
video08,TriClass-Cloud-FT,845,1,1,0,0,0,0,0.8993698358535767
video08,TriClass-Cloud-FT,846,1,1,0,0,0,0,0.8993980288505554
video08,TriClass-Cloud-FT,847,1,1,0,0,0,0,0.8955692052841187
video08,TriClass-Cloud-FT,848,1,1,0,0,0,0,0.9003961086273193
video08,TriClass-Cloud-FT,849,1,1,0,0,0,0,0.9121015667915344
video08,TriClass-Cloud-FT,850,1,1,0,0,0,0,0.8967414498329163
video08,TriClass-Cloud-FT,851,1,1,0,0,0,0,0.8896288871765137
video08,TriClass-Cloud-FT,852,2,2,0,0,0,0,0.885400652885437
video08,TriClass-Cloud-FT,853,1,1,0,0,0,0,0.9091629385948181
video08,TriClass-Cloud-FT,854,1,1,0,0,0,0,0.7179799675941467
video08,TriClass-Cloud-FT,855,1,1,0,0,0,0,0.8934721350669861
video08,TriClass-Cloud-FT,856,1,1,0,0,0,0,0.8961870074272156
video08,TriClass-Cloud-FT,857,1,1,0,0,0,0,0.9016559720039368
video08,TriClass-Cloud-FT,858,1,1,0,0,0,0,0.9041969180107117
video08,TriClass-Cloud-FT,859,1,1,0,0,0,0,0.9139809608459473
video08,TriClass-Cloud-FT,860,1,1,0,0,0,0,0.9104981422424316
video08,TriClass-Cloud-FT,861,1,1,0,0,0,0,0.9084860682487488
video08,TriClass-Cloud-FT,862,1,1,0,0,0,0,0.8816311955451965
video08,TriClass-Cloud-FT,863,1,1,0,0,0,0,0.9124466776847839
video08,TriClass-Cloud-FT,864,1,1,0,0,0,0,0.9088393449783325
video08,TriClass-Cloud-FT,865,1,1,0,0,0,0,0.9101013541221619
video08,TriClass-Cloud-FT,866,1,1,0,0,0,0,0.9113401174545288
video08,TriClass-Cloud-FT,867,1,1,0,0,0,0,0.908858060836792
video08,TriClass-Cloud-FT,868,1,1,0,0,0,0,0.9159907102584839
video08,TriClass-Cloud-FT,869,1,1,0,0,0,0,0.9097555875778198
video08,TriClass-Cloud-FT,870,1,1,0,0,0,0,0.9170827269554138
video08,TriClass-Cloud-FT,871,1,1,0,0,0,0,0.9114874601364136
video08,TriClass-Cloud-FT,872,1,1,0,0,0,0,0.9016497135162354
video08,TriClass-Cloud-FT,873,1,1,0,0,0,0,0.9009448885917664
video08,TriClass-Cloud-FT,874,1,1,0,0,0,0,0.9067573547363281
video08,TriClass-Cloud-FT,875,1,1,0,0,0,0,0.9071060419082642
video08,TriClass-Cloud-FT,876,1,1,0,0,0,0,0.9070819020271301
video08,TriClass-Cloud-FT,877,1,1,0,0,0,0,0.9057424664497375
video08,TriClass-Cloud-FT,878,1,1,0,0,0,0,0.904285192489624
video08,TriClass-Cloud-FT,879,1,1,0,0,0,0,0.904109001159668
video08,TriClass-Cloud-FT,880,1,1,0,0,0,0,0.8965960144996643
video08,TriClass-Cloud-FT,881,1,1,0,0,0,0,0.8733485341072083
video08,TriClass-Cloud-FT,882,2,2,0,0,1,0,0.6663179993629456
video08,TriClass-Cloud-FT,883,1,1,0,0,0,0,0.8997102975845337
video08,TriClass-Cloud-FT,884,1,1,0,0,0,0,0.9009495377540588
video08,TriClass-Cloud-FT,885,1,1,0,0,0,0,0.8984760046005249
video08,TriClass-Cloud-FT,886,1,1,0,0,0,0,0.8971098065376282
video08,TriClass-Cloud-FT,887,1,1,0,0,0,0,0.8955463767051697
video08,TriClass-Cloud-FT,888,1,1,0,0,0,0,0.8973432779312134
video08,TriClass-Cloud-FT,889,1,1,0,0,0,0,0.8858352899551392
video08,TriClass-Cloud-FT,890,1,1,0,0,0,0,0.8914760947227478
video08,TriClass-Cloud-FT,891,1,1,0,0,0,0,0.9086697101593018
video08,TriClass-Cloud-FT,892,1,1,0,0,0,0,0.9073150753974915
video08,TriClass-Cloud-FT,893,1,1,0,0,0,0,0.8949925899505615
video08,TriClass-Cloud-FT,894,1,1,0,0,0,0,0.8889161944389343
video08,TriClass-Cloud-FT,895,1,1,0,0,0,0,0.899043083190918
video08,TriClass-Cloud-FT,896,1,1,0,0,0,0,0.8974843621253967
video08,TriClass-Cloud-FT,897,1,1,0,0,0,0,0.895296037197113
video08,TriClass-Cloud-FT,898,1,1,0,0,0,0,0.8953123092651367
video08,TriClass-Cloud-FT,899,1,1,0,0,0,0,0.8760819435119629
video08,TriClass-Cloud-FT,900,1,1,0,0,0,0,0.8773998618125916
video08,TriClass-Cloud-FT,901,1,1,0,0,0,0,0.8999708890914917
video08,TriClass-Cloud-FT,902,1,1,0,0,0,0,0.8924466967582703
video08,TriClass-Cloud-FT,903,1,1,0,0,0,0,0.9009336829185486
video08,TriClass-Cloud-FT,904,1,1,0,0,0,0,0.8990880250930786
video08,TriClass-Cloud-FT,905,1,1,0,0,0,0,0.8966963887214661
video08,TriClass-Cloud-FT,906,1,1,0,0,0,0,0.9040966033935547
video08,TriClass-Cloud-FT,907,1,1,0,0,0,0,0.9025282859802246
video08,TriClass-Cloud-FT,908,1,1,0,0,0,0,0.901050865650177
video08,TriClass-Cloud-FT,909,1,1,0,0,0,0,0.8892167806625366
video08,TriClass-Cloud-FT,910,1,1,0,0,0,0,0.8798618316650391
video08,TriClass-Cloud-FT,911,1,1,0,0,0,0,0.8772024512290955
video08,TriClass-Cloud-FT,912,1,1,0,0,0,0,0.8974506855010986
video08,TriClass-Cloud-FT,913,1,1,0,0,0,0,0.892316997051239
video08,TriClass-Cloud-FT,914,1,1,0,0,0,0,0.8829431533813477
video08,TriClass-Cloud-FT,915,1,1,0,0,0,0,0.8820390701293945
video08,TriClass-Cloud-FT,916,1,1,0,0,0,0,0.886246383190155
video08,TriClass-Cloud-FT,917,1,1,0,0,0,0,0.8943438529968262
video08,TriClass-Cloud-FT,918,1,1,0,0,0,0,0.8918884992599487
video08,TriClass-Cloud-FT,919,1,1,0,0,0,0,0.908780574798584
video08,TriClass-Cloud-FT,920,1,1,0,0,0,0,0.8998599648475647
video08,TriClass-Cloud-FT,921,1,1,0,0,0,0,0.8839126825332642
video08,TriClass-Cloud-FT,922,1,1,0,0,0,0,0.8954246044158936
video08,TriClass-Cloud-FT,923,1,1,0,0,0,0,0.8971878886222839
video08,TriClass-Cloud-FT,924,1,1,0,0,0,0,0.87467360496521
video08,TriClass-Cloud-FT,925,1,1,0,0,0,0,0.9097245335578918
video08,TriClass-Cloud-FT,926,1,1,0,0,0,0,0.8965979218482971
video08,TriClass-Cloud-FT,927,1,1,0,0,0,0,0.9108874201774597
video08,TriClass-Cloud-FT,928,1,1,0,0,0,0,0.8848758339881897
video08,TriClass-Cloud-FT,929,1,1,0,0,0,0,0.8888988494873047
video08,TriClass-Cloud-FT,930,1,1,0,0,0,0,0.891368567943573
video08,TriClass-Cloud-FT,931,1,1,0,0,0,0,0.9014376997947693
video08,TriClass-Cloud-FT,932,1,1,0,0,0,0,0.8967322111129761
video08,TriClass-Cloud-FT,933,1,1,0,0,0,0,0.8979871273040771
video08,TriClass-Cloud-FT,934,1,1,0,0,0,0,0.9003257751464844
video08,TriClass-Cloud-FT,935,1,1,0,0,0,0,0.8976060748100281
video08,TriClass-Cloud-FT,936,1,1,0,0,0,0,0.877201497554779
video08,TriClass-Cloud-FT,937,1,1,0,0,0,0,0.9010849595069885
video08,TriClass-Cloud-FT,938,1,1,0,0,0,0,0.8935959935188293
video08,TriClass-Cloud-FT,939,1,1,0,0,0,0,0.9029302000999451
video08,TriClass-Cloud-FT,940,1,1,0,0,0,0,0.8935472369194031
video08,TriClass-Cloud-FT,941,1,1,0,0,0,0,0.8941529989242554
video08,TriClass-Cloud-FT,942,1,1,0,0,0,0,0.9135589599609375
video08,TriClass-Cloud-FT,943,1,1,0,0,0,0,0.9202343821525574
video08,TriClass-Cloud-FT,944,1,1,0,0,0,0,0.8829993009567261
video08,TriClass-Cloud-FT,945,1,1,0,0,0,0,0.8894596695899963
video08,TriClass-Cloud-FT,946,1,1,0,0,0,0,0.9043083190917969
video08,TriClass-Cloud-FT,947,1,1,0,0,0,0,0.895431399345398
video08,TriClass-Cloud-FT,948,1,1,0,0,0,0,0.8960831761360168
video08,TriClass-Cloud-FT,949,1,1,0,0,0,0,0.8925293684005737
video08,TriClass-Cloud-FT,950,1,1,0,0,0,0,0.9064841270446777
video08,TriClass-Cloud-FT,951,1,1,0,0,0,0,0.9029498100280762
video08,TriClass-Cloud-FT,952,1,1,0,0,0,0,0.9084665179252625
video08,TriClass-Cloud-FT,953,1,1,0,0,0,0,0.9041718244552612
video08,TriClass-Cloud-FT,954,1,1,0,0,0,0,0.885563850402832
video08,TriClass-Cloud-FT,955,1,1,0,0,0,0,0.8669306039810181
video08,TriClass-Cloud-FT,956,1,1,0,0,0,0,0.8655844926834106
video08,TriClass-Cloud-FT,957,1,1,0,0,0,0,0.8709695935249329
video08,TriClass-Cloud-FT,958,1,1,0,0,0,0,0.8658623099327087
video08,TriClass-Cloud-FT,959,1,1,0,0,0,0,0.8776841759681702
video08,TriClass-Cloud-FT,960,1,1,0,0,0,0,0.892614483833313
video08,TriClass-Cloud-FT,961,1,1,0,0,0,0,0.9008968472480774
video08,TriClass-Cloud-FT,962,1,1,0,0,0,0,0.8987444043159485
video08,TriClass-Cloud-FT,963,1,1,0,0,0,0,0.8994026780128479
video08,TriClass-Cloud-FT,964,1,1,0,0,0,0,0.9087013006210327
video08,TriClass-Cloud-FT,965,1,1,0,0,0,0,0.9062301516532898
video08,TriClass-Cloud-FT,966,1,1,0,0,0,0,0.9055296182632446
video08,TriClass-Cloud-FT,967,1,1,0,0,0,0,0.9069589972496033
video08,TriClass-Cloud-FT,968,1,1,0,0,0,0,0.9019087553024292
video08,TriClass-Cloud-FT,969,1,1,0,0,0,0,0.9000512361526489
video08,TriClass-Cloud-FT,970,1,1,0,0,0,0,0.8998953104019165
video08,TriClass-Cloud-FT,971,1,1,0,0,0,0,0.9033327698707581
video08,TriClass-Cloud-FT,972,1,1,0,0,0,0,0.8691702485084534
video08,TriClass-Cloud-FT,973,1,1,0,0,0,0,0.900615930557251
video08,TriClass-Cloud-FT,974,1,1,0,0,0,0,0.9000939130783081
video08,TriClass-Cloud-FT,975,1,1,0,0,0,0,0.9069469571113586
video08,TriClass-Cloud-FT,976,1,1,0,0,0,0,0.8998793959617615
video08,TriClass-Cloud-FT,977,1,1,0,0,0,0,0.9038522839546204
video08,TriClass-Cloud-FT,978,1,1,0,0,0,0,0.8849511742591858
video08,TriClass-Cloud-FT,979,1,1,0,0,0,0,0.8984687924385071
video08,TriClass-Cloud-FT,980,1,1,0,0,0,0,0.8971819281578064
video08,TriClass-Cloud-FT,981,1,1,0,0,0,0,0.8878480195999146
video08,TriClass-Cloud-FT,982,1,1,0,0,0,0,0.8795628547668457
video08,TriClass-Cloud-FT,983,1,1,0,0,0,0,0.8684306740760803
video08,TriClass-Cloud-FT,984,1,1,0,0,0,0,0.8949323296546936
video08,TriClass-Cloud-FT,985,1,1,0,0,0,0,0.8946845531463623
video08,TriClass-Cloud-FT,986,1,1,0,0,0,0,0.8752363324165344
video08,TriClass-Cloud-FT,987,1,1,0,0,0,0,0.8812540769577026
video08,TriClass-Cloud-FT,988,1,1,0,0,0,0,0.8826277256011963
video08,TriClass-Cloud-FT,989,1,1,0,0,0,0,0.8824375867843628
video08,TriClass-Cloud-FT,990,1,1,0,0,0,0,0.8925769925117493
video08,TriClass-Cloud-FT,991,1,1,0,0,0,0,0.8841106295585632
video08,TriClass-Cloud-FT,992,1,1,0,0,0,0,0.8824118971824646
video08,TriClass-Cloud-FT,993,1,1,0,0,0,0,0.8735648989677429
video08,TriClass-Cloud-FT,994,1,1,0,0,0,0,0.8947767615318298
video08,TriClass-Cloud-FT,995,1,1,0,0,0,0,0.882541835308075
video08,TriClass-Cloud-FT,996,1,1,0,0,0,0,0.9061059355735779
video08,TriClass-Cloud-FT,997,1,1,0,0,0,0,0.8842307925224304
video08,TriClass-Cloud-FT,998,1,1,0,0,0,0,0.8933829665184021
video08,TriClass-Cloud-FT,999,1,1,0,0,0,0,0.8693904876708984
video08,TriClass-Cloud-FT,1000,1,1,0,0,0,0,0.8692702054977417
video08,TriClass-Cloud-FT,1001,1,1,0,0,0,0,0.8943858742713928
video08,TriClass-Cloud-FT,1002,1,1,0,0,0,0,0.8837705850601196
video08,TriClass-Cloud-FT,1003,1,1,0,0,0,0,0.8910226821899414
video08,TriClass-Cloud-FT,1004,1,1,0,0,0,0,0.8913726210594177
video08,TriClass-Cloud-FT,1005,1,1,0,0,0,0,0.8937342166900635
video08,TriClass-Cloud-FT,1006,1,1,0,0,0,0,0.873553454875946
video08,TriClass-Cloud-FT,1007,1,1,0,0,0,0,0.899308443069458
video08,TriClass-Cloud-FT,1008,1,1,0,0,0,0,0.8981262445449829
video08,TriClass-Cloud-FT,1009,1,1,0,0,0,0,0.8742143511772156
video08,TriClass-Cloud-FT,1010,1,1,0,0,0,0,0.8880163431167603
video08,TriClass-Cloud-FT,1011,1,1,0,0,0,0,0.9002307057380676
video08,TriClass-Cloud-FT,1012,1,1,0,0,0,0,0.9031236171722412
video08,TriClass-Cloud-FT,1013,1,1,0,0,0,0,0.899770200252533
video08,TriClass-Cloud-FT,1014,1,1,0,0,0,0,0.8732072114944458
video08,TriClass-Cloud-FT,1015,1,1,0,0,0,0,0.8882498145103455
video08,TriClass-Cloud-FT,1016,1,1,0,0,0,0,0.8680669069290161
video08,TriClass-Cloud-FT,1017,1,1,0,0,0,0,0.8843235373497009
video08,TriClass-Cloud-FT,1018,1,1,0,0,0,0,0.8744521141052246
video08,TriClass-Cloud-FT,1019,1,1,0,0,0,0,0.8895998597145081
video08,TriClass-Cloud-FT,1020,1,1,0,0,0,0,0.5598099231719971
video08,TriClass-Cloud-FT,1021,1,1,0,0,0,0,0.8946365714073181
video08,TriClass-Cloud-FT,1022,1,1,0,0,0,0,0.9004254937171936
video08,TriClass-Cloud-FT,1023,1,1,0,0,0,0,0.8813295364379883
video08,TriClass-Cloud-FT,1024,1,1,0,0,0,0,0.8729560971260071
video08,TriClass-Cloud-FT,1025,1,1,0,0,0,0,0.8665008544921875
video08,TriClass-Cloud-FT,1026,1,1,0,0,0,0,0.8768285512924194
video08,TriClass-Cloud-FT,1027,1,1,0,0,0,0,0.8841949105262756
video08,TriClass-Cloud-FT,1028,1,1,0,0,0,0,0.8769664168357849
video08,TriClass-Cloud-FT,1029,1,1,0,0,0,0,0.8816407322883606
video08,TriClass-Cloud-FT,1030,1,1,0,0,0,0,0.8805493712425232
video08,TriClass-Cloud-FT,1031,2,2,0,0,0,0,0.5641385912895203
video08,TriClass-Cloud-FT,1032,1,1,0,0,0,0,0.8578860759735107
video08,TriClass-Cloud-FT,1033,2,2,0,0,0,0,0.767086386680603
video08,TriClass-Cloud-FT,1034,2,2,0,0,1,0,0.8954156041145325
video08,TriClass-Cloud-FT,1035,1,1,0,0,0,0,0.9302200078964233
video08,TriClass-Cloud-FT,1036,1,1,0,0,0,0,0.8605552315711975
video08,TriClass-Cloud-FT,1037,1,1,0,0,0,0,0.9064946174621582
video08,TriClass-Cloud-FT,1038,1,1,0,0,0,0,0.9193832278251648
video08,TriClass-Cloud-FT,1039,1,1,0,0,0,0,0.9035780429840088
video08,TriClass-Cloud-FT,1040,2,2,0,0,0,0,0.7332980036735535
video08,TriClass-Cloud-FT,1041,2,2,0,0,0,0,0.7566620111465454
video08,TriClass-Cloud-FT,1042,1,1,0,0,0,0,0.9192052483558655
video08,TriClass-Cloud-FT,1043,1,1,0,0,0,0,0.91839200258255
video08,TriClass-Cloud-FT,1044,1,1,0,0,1,0,0.32695886492729187
video08,TriClass-Cloud-FT,1045,1,1,0,0,0,0,0.9245990514755249
video08,TriClass-Cloud-FT,1046,1,1,0,0,0,0,0.9012541770935059
video08,TriClass-Cloud-FT,1047,1,1,0,0,0,0,0.9269042611122131
video08,TriClass-Cloud-FT,1048,1,1,0,0,0,0,0.8850683569908142
video08,TriClass-Cloud-FT,1049,2,2,0,0,0,0,0.8951151371002197
video08,TriClass-Cloud-FT,1050,1,1,0,0,0,0,0.9224091172218323
video08,TriClass-Cloud-FT,1051,1,1,0,0,0,0,0.9186227917671204
video08,TriClass-Cloud-FT,1052,1,1,0,0,0,0,0.9365999698638916
video08,TriClass-Cloud-FT,1053,1,1,0,0,0,0,0.9192241430282593
video08,TriClass-Cloud-FT,1054,1,1,0,0,0,0,0.9345197081565857
video08,TriClass-Cloud-FT,1055,1,1,0,0,0,0,0.6859105229377747
video08,TriClass-Cloud-FT,1056,1,1,0,0,0,0,0.4654982388019562
video08,TriClass-Cloud-FT,1057,1,1,0,0,0,0,0.9293304681777954
video08,TriClass-Cloud-FT,1058,1,1,0,0,0,0,0.9200862646102905
video08,TriClass-Cloud-FT,1059,1,1,0,0,0,0,0.8043437004089355
video08,TriClass-Cloud-FT,1060,1,1,0,0,0,0,0.8212008476257324
video08,TriClass-Cloud-FT,1061,1,1,0,0,0,0,0.9150543808937073
video08,TriClass-Cloud-FT,1062,1,1,0,0,0,0,0.9108436703681946
video08,TriClass-Cloud-FT,1063,1,1,0,0,0,0,0.9231386780738831
video08,TriClass-Cloud-FT,1064,1,1,0,0,0,0,0.9135547876358032
video08,TriClass-Cloud-FT,1065,1,1,0,0,0,0,0.7722969651222229
video08,TriClass-Cloud-FT,1066,1,1,0,0,0,0,0.5928031802177429
video08,TriClass-Cloud-FT,1067,1,1,0,0,0,0,0.9022002220153809
video08,TriClass-Cloud-FT,1068,1,1,0,0,0,0,0.8766419887542725
video08,TriClass-Cloud-FT,1069,1,1,0,0,1,0,0.25503677129745483
video08,TriClass-Cloud-FT,1070,1,1,0,0,0,0,0.7449246048927307
video08,TriClass-Cloud-FT,1071,1,1,0,0,1,0,0.33656248450279236
video08,TriClass-Cloud-FT,1072,1,1,0,0,1,0,0.34693509340286255
video08,TriClass-Cloud-FT,1073,1,1,0,0,0,0,0.902332603931427
video08,TriClass-Cloud-FT,1074,1,1,0,0,0,0,0.45750048756599426
video08,TriClass-Cloud-FT,1075,1,1,0,0,0,0,0.8245256543159485
video08,TriClass-Cloud-FT,1076,1,1,0,0,0,0,0.8113502860069275
video08,TriClass-Cloud-FT,1077,1,1,0,0,0,0,0.7595502138137817
video08,TriClass-Cloud-FT,1078,1,1,0,0,0,0,0.4816499948501587
video08,TriClass-Cloud-FT,1079,1,1,0,0,0,0,0.4978337287902832
video08,TriClass-Cloud-FT,1080,1,1,0,0,0,0,0.6569686532020569
video08,TriClass-Cloud-FT,1081,1,1,0,0,0,0,0.8841012120246887
video08,TriClass-Cloud-FT,1082,0,0,0,0,0,0,0.0
video08,TriClass-Cloud-FT,1083,1,1,0,0,0,0,0.8387297987937927
video08,TriClass-Cloud-FT,1084,1,1,0,0,0,0,0.8186686038970947
video08,TriClass-Cloud-FT,1085,0,0,0,0,0,0,0.0
video08,TriClass-Cloud-FT,1086,1,1,0,0,0,0,0.909441351890564
video08,TriClass-Cloud-FT,1087,1,1,0,0,0,0,0.8970760107040405
video08,TriClass-Cloud-FT,1088,1,1,0,0,0,0,0.6276561617851257
video08,TriClass-Cloud-FT,1089,1,1,0,0,0,0,0.767918050289154
video08,TriClass-Cloud-FT,1090,1,1,0,0,0,0,0.8028391599655151
video08,TriClass-Cloud-FT,1091,2,2,0,0,0,0,0.4834068715572357
video08,TriClass-Cloud-FT,1092,1,1,0,0,0,0,0.8907193541526794
video08,TriClass-Cloud-FT,1093,1,1,0,0,0,0,0.9019671082496643
video08,TriClass-Cloud-FT,1094,0,0,0,0,0,0,0.0
video08,TriClass-Cloud-FT,1095,1,1,0,0,0,0,0.8687545657157898
video08,TriClass-Cloud-FT,1096,1,1,0,0,0,0,0.87059485912323
video08,TriClass-Cloud-FT,1097,1,1,0,0,0,0,0.7456712126731873
video08,TriClass-Cloud-FT,1098,1,1,0,0,0,0,0.9013156890869141
video08,TriClass-Cloud-FT,1099,1,1,0,0,0,0,0.8755713105201721
video08,TriClass-Cloud-FT,1100,1,1,0,0,0,0,0.8852080702781677
video08,TriClass-Cloud-FT,1101,0,0,0,0,0,0,0.0
video08,TriClass-Cloud-FT,1102,1,1,0,0,0,0,0.8889952301979065
video08,TriClass-Cloud-FT,1103,1,1,0,0,0,0,0.9163289070129395
video08,TriClass-Cloud-FT,1104,1,1,0,0,1,0,0.31181851029396057
video08,TriClass-Cloud-FT,1105,1,1,0,0,0,0,0.9125956892967224
video08,TriClass-Cloud-FT,1106,1,1,0,0,0,0,0.8788015246391296
video08,TriClass-Cloud-FT,1107,1,1,0,0,0,0,0.8986243605613708
video08,TriClass-Cloud-FT,1108,1,1,0,0,0,0,0.8755191564559937
video08,TriClass-Cloud-FT,1109,1,1,0,0,0,0,0.892022967338562
video08,TriClass-Cloud-FT,1110,1,1,0,0,0,0,0.9087170362472534
video08,TriClass-Cloud-FT,1111,1,1,0,0,0,0,0.8743817806243896
video08,TriClass-Cloud-FT,1112,1,1,0,0,0,0,0.8946507573127747
video08,TriClass-Cloud-FT,1113,1,1,0,0,0,0,0.8071790933609009
video08,TriClass-Cloud-FT,1114,1,1,0,0,0,0,0.8726626634597778
video08,TriClass-Cloud-FT,1115,1,1,0,0,0,0,0.8734768629074097
video08,TriClass-Cloud-FT,1116,1,1,0,0,0,0,0.8427919745445251
video08,TriClass-Cloud-FT,1117,1,1,0,0,0,0,0.8402768969535828
video08,TriClass-Cloud-FT,1118,1,1,0,0,0,0,0.8925751447677612
video08,TriClass-Cloud-FT,1119,1,1,0,0,0,0,0.8941011428833008
video08,TriClass-Cloud-FT,1120,1,1,0,0,0,0,0.8516846299171448
video08,TriClass-Cloud-FT,1121,1,1,0,0,0,0,0.6922455430030823
video08,TriClass-Cloud-FT,1122,1,1,0,0,0,0,0.8165968656539917
video08,TriClass-Cloud-FT,1123,1,1,0,0,0,0,0.6454176306724548
video08,TriClass-Cloud-FT,1124,2,2,0,0,1,0,0.7443084120750427
video08,TriClass-Cloud-FT,1125,1,1,0,0,0,0,0.6904094815254211
video08,TriClass-Cloud-FT,1126,2,2,0,0,0,0,0.6154093146324158
video08,TriClass-Cloud-FT,1127,1,1,0,0,0,0,0.7780359983444214
video08,TriClass-Cloud-FT,1128,1,1,0,0,0,0,0.5719380378723145
video08,TriClass-Cloud-FT,1129,1,1,0,0,1,0,0.3488556742668152
video08,TriClass-Cloud-FT,1130,1,1,0,0,0,0,0.7327054142951965
video08,TriClass-Cloud-FT,1131,0,0,0,0,0,0,0.0
video08,TriClass-Cloud-FT,1132,1,1,0,0,0,0,0.7621522545814514
video08,TriClass-Cloud-FT,1133,1,1,0,0,0,0,0.7998621463775635
video08,TriClass-Cloud-FT,1134,1,1,0,0,0,0,0.7285653948783875
video08,TriClass-Cloud-FT,1135,2,2,0,0,0,0,0.40978649258613586
video08,TriClass-Cloud-FT,1136,1,1,0,0,0,0,0.8492597937583923
video08,TriClass-Cloud-FT,1137,1,1,0,0,0,0,0.7558887004852295
video08,TriClass-Cloud-FT,1138,1,1,0,0,0,0,0.7691737413406372
video08,TriClass-Cloud-FT,1139,1,1,0,0,0,0,0.8909664750099182
video08,TriClass-Cloud-FT,1140,2,2,0,0,2,0,0.3259633481502533
video08,TriClass-Cloud-FT,1141,1,1,0,0,0,0,0.7518938779830933
video08,TriClass-Cloud-FT,1142,1,1,0,0,0,0,0.6390572786331177
video08,TriClass-Cloud-FT,1143,2,2,0,0,0,0,0.4113495945930481
video08,TriClass-Cloud-FT,1144,1,1,0,0,1,0,0.29983285069465637
video08,TriClass-Cloud-FT,1145,1,1,0,0,0,0,0.43252867460250854
video08,TriClass-Cloud-FT,1146,2,2,0,0,0,0,0.6649001836776733
video08,TriClass-Cloud-FT,1147,2,2,0,0,1,0,0.6401658654212952
video08,TriClass-Cloud-FT,1148,2,2,0,0,0,0,0.595077633857727
video08,TriClass-Cloud-FT,1149,2,2,0,0,0,0,0.6006432175636292
video08,TriClass-Cloud-FT,1150,1,1,0,0,0,0,0.6892604827880859
video08,TriClass-Cloud-FT,1151,1,1,0,0,0,0,0.5652879476547241
video08,TriClass-Cloud-FT,1152,1,1,0,0,0,0,0.7992070317268372
video08,TriClass-Cloud-FT,1153,1,1,0,0,0,0,0.8634228706359863
video08,TriClass-Cloud-FT,1154,1,1,0,0,0,0,0.7621427774429321
video08,TriClass-Cloud-FT,1155,1,1,0,0,0,0,0.8436250686645508
video08,TriClass-Cloud-FT,1156,1,1,0,0,0,0,0.830681562423706
video08,TriClass-Cloud-FT,1157,1,1,0,0,0,0,0.8728097081184387
video08,TriClass-Cloud-FT,1158,1,1,0,0,0,0,0.9003402590751648
video08,TriClass-Cloud-FT,1159,1,1,0,0,0,0,0.8147811889648438
video08,TriClass-Cloud-FT,1160,1,1,0,0,0,0,0.8885027170181274
video08,TriClass-Cloud-FT,1161,1,1,0,0,0,0,0.9148080945014954
video08,TriClass-Cloud-FT,1162,1,1,0,0,0,0,0.9231746196746826
video08,TriClass-Cloud-FT,1163,1,1,0,0,0,0,0.9006999731063843
video08,TriClass-Cloud-FT,1164,1,1,0,0,0,0,0.9170680046081543
video08,TriClass-Cloud-FT,1165,1,1,0,0,0,0,0.9186201691627502
video08,TriClass-Cloud-FT,1166,1,1,0,0,0,0,0.9107443690299988
video08,TriClass-Cloud-FT,1167,1,1,0,0,0,0,0.8269706964492798
video08,TriClass-Cloud-FT,1168,1,1,0,0,0,0,0.9094354510307312
video08,TriClass-Cloud-FT,1169,1,1,0,0,0,0,0.9087750315666199
video08,TriClass-Cloud-FT,1170,1,1,0,0,0,0,0.9121243357658386
video08,TriClass-Cloud-FT,1171,1,1,0,0,0,0,0.9181603789329529
video08,TriClass-Cloud-FT,1172,1,1,0,0,0,0,0.9152565598487854
video08,TriClass-Cloud-FT,1173,1,1,0,0,0,0,0.9043784141540527
video08,TriClass-Cloud-FT,1174,1,1,0,0,0,0,0.9214993715286255
video08,TriClass-Cloud-FT,1175,1,1,0,0,0,0,0.9125644564628601
video08,TriClass-Cloud-FT,1176,1,1,0,0,0,0,0.9098371267318726
video08,TriClass-Cloud-FT,1177,1,1,0,0,0,0,0.9257215261459351
video08,TriClass-Cloud-FT,1178,1,1,0,0,0,0,0.9038674831390381
video08,TriClass-Cloud-FT,1179,1,1,0,0,0,0,0.9107275009155273
video08,TriClass-Cloud-FT,1180,1,1,0,0,0,0,0.912213146686554
video08,TriClass-Cloud-FT,1181,1,1,0,0,0,0,0.9120213985443115
video08,TriClass-Cloud-FT,1182,1,1,0,0,0,0,0.9175461530685425
video08,TriClass-Cloud-FT,1183,1,1,0,0,0,0,0.9182854294776917
video08,TriClass-Cloud-FT,1184,1,1,0,0,0,0,0.9140259027481079
video08,TriClass-Cloud-FT,1185,1,1,0,0,0,0,0.9120596051216125
video08,TriClass-Cloud-FT,1186,1,1,0,0,0,0,0.9092424511909485
video08,TriClass-Cloud-FT,1187,1,1,0,0,0,0,0.9052774906158447
video08,TriClass-Cloud-FT,1188,1,1,0,0,0,0,0.9212431311607361
video08,TriClass-Cloud-FT,1189,1,1,0,0,0,0,0.9193693399429321
video08,TriClass-Cloud-FT,1190,1,1,0,0,0,0,0.9179575443267822
video08,TriClass-Cloud-FT,1191,1,1,0,0,0,0,0.9036312103271484
video08,TriClass-Cloud-FT,1192,1,1,0,0,0,0,0.9100897908210754
video08,TriClass-Cloud-FT,1193,1,1,0,0,0,0,0.9148833155632019
video08,TriClass-Cloud-FT,1194,2,2,0,0,1,0,0.7385523319244385
video08,TriClass-Cloud-FT,1195,1,1,0,0,0,0,0.9098588228225708
video08,TriClass-Cloud-FT,1196,1,1,0,0,0,0,0.921967089176178
video08,TriClass-Cloud-FT,1197,1,1,0,0,0,0,0.9324789047241211
video08,TriClass-Cloud-FT,1198,1,1,0,0,0,0,0.9164320230484009
video08,TriClass-Cloud-FT,1199,1,1,0,0,0,0,0.9196603298187256
video08,TriClass-Cloud-FT,1200,1,1,0,0,0,0,0.9048613905906677
video08,TriClass-Cloud-FT,1201,1,1,0,0,0,0,0.937341570854187
video08,TriClass-Cloud-FT,1202,1,1,0,0,0,0,0.9081075191497803
video08,TriClass-Cloud-FT,1203,1,1,0,0,0,0,0.9167068004608154
video08,TriClass-Cloud-FT,1204,1,1,0,0,0,0,0.9165228009223938
video08,TriClass-Cloud-FT,1205,1,1,0,0,0,0,0.9054681062698364
video08,TriClass-Cloud-FT,1206,1,1,0,0,0,0,0.9226075410842896
video08,TriClass-Cloud-FT,1207,1,1,0,0,0,0,0.9109491109848022
video08,TriClass-Cloud-FT,1208,1,1,0,0,0,0,0.9068103432655334
video08,TriClass-Cloud-FT,1209,1,1,0,0,0,0,0.9171409010887146
video08,TriClass-Cloud-FT,1210,1,1,0,0,0,0,0.9148138761520386
video08,TriClass-Cloud-FT,1211,1,1,0,0,0,0,0.9161173701286316
video08,TriClass-Cloud-FT,1212,1,1,0,0,0,0,0.918191134929657
video08,TriClass-Cloud-FT,1213,1,1,0,0,0,0,0.9213128685951233
video08,TriClass-Cloud-FT,1214,1,1,0,0,0,0,0.9238675236701965
video08,TriClass-Cloud-FT,1215,1,1,0,0,0,0,0.9221676588058472
video08,TriClass-Cloud-FT,1216,1,1,0,0,0,0,0.916169285774231
video08,TriClass-Cloud-FT,1217,1,1,0,0,0,0,0.9147034287452698
video08,TriClass-Cloud-FT,1218,1,1,0,0,0,0,0.8998710513114929
video08,TriClass-Cloud-FT,1219,1,1,0,0,0,0,0.925091028213501
video08,TriClass-Cloud-FT,1220,1,1,0,0,0,0,0.9173290133476257
video08,TriClass-Cloud-FT,1221,1,1,0,0,0,0,0.9151449203491211
video08,TriClass-Cloud-FT,1222,1,1,0,0,0,0,0.9137385487556458
video08,TriClass-Cloud-FT,1223,1,1,0,0,0,0,0.9102483987808228
video08,TriClass-Cloud-FT,1224,1,1,0,0,0,0,0.9075012803077698
video08,TriClass-Cloud-FT,1225,1,1,0,0,0,0,0.9130383133888245
video08,TriClass-Cloud-FT,1226,1,1,0,0,0,0,0.9235153198242188
video08,TriClass-Cloud-FT,1227,1,1,0,0,0,0,0.9034410119056702
video08,TriClass-Cloud-FT,1228,1,1,0,0,0,0,0.9046267867088318
video08,TriClass-Cloud-FT,1229,1,1,0,0,0,0,0.9023482203483582
video08,TriClass-Cloud-FT,1230,1,1,0,0,0,0,0.9130685329437256
video08,TriClass-Cloud-FT,1231,1,1,0,0,0,0,0.9124382734298706
video08,TriClass-Cloud-FT,1232,1,1,0,0,0,0,0.906656801700592
video08,TriClass-Cloud-FT,1233,1,1,0,0,0,0,0.9176912903785706
video08,TriClass-Cloud-FT,1234,1,1,0,0,0,0,0.9107495546340942
video08,TriClass-Cloud-FT,1235,1,1,0,0,0,0,0.9220957159996033
video08,TriClass-Cloud-FT,1236,1,1,0,0,0,0,0.9023676514625549
video08,TriClass-Cloud-FT,1237,1,1,0,0,0,0,0.9204503297805786
video08,TriClass-Cloud-FT,1238,1,1,0,0,0,0,0.9114699363708496
video08,TriClass-Cloud-FT,1239,1,1,0,0,0,0,0.9057780504226685
video08,TriClass-Cloud-FT,1240,1,1,0,0,0,0,0.9057577848434448
video08,TriClass-Cloud-FT,1241,1,1,0,0,0,0,0.9014137983322144
video08,TriClass-Cloud-FT,1242,1,1,0,0,0,0,0.9122058153152466
video08,TriClass-Cloud-FT,1243,1,1,0,0,0,0,0.9044268727302551
video08,TriClass-Cloud-FT,1244,1,1,0,0,0,0,0.9009276628494263
video08,TriClass-Cloud-FT,1245,1,1,0,0,0,0,0.8982359766960144
video08,TriClass-Cloud-FT,1246,1,1,0,0,0,0,0.921322762966156
video08,TriClass-Cloud-FT,1247,1,1,0,0,0,0,0.912178635597229
video08,TriClass-Cloud-FT,1248,1,1,0,0,0,0,0.9095942974090576
video08,TriClass-Cloud-FT,1249,1,1,0,0,0,0,0.901775598526001
video08,TriClass-Cloud-FT,1250,1,1,0,0,0,0,0.9063513278961182
video08,TriClass-Cloud-FT,1251,1,1,0,0,0,0,0.9044660925865173
video08,TriClass-Cloud-FT,1252,1,1,0,0,0,0,0.9232107996940613
video08,TriClass-Cloud-FT,1253,1,1,0,0,0,0,0.8999205827713013
video08,TriClass-Cloud-FT,1254,1,1,0,0,0,0,0.8867738842964172
video08,TriClass-Cloud-FT,1255,1,1,0,0,0,0,0.89668208360672
video08,TriClass-Cloud-FT,1256,1,1,0,0,0,0,0.8943547010421753
video08,TriClass-Cloud-FT,1257,1,1,0,0,0,0,0.9071870446205139
video08,TriClass-Cloud-FT,1258,1,1,0,0,0,0,0.9044561982154846
video08,TriClass-Cloud-FT,1259,1,1,0,0,0,0,0.8982282280921936
video08,TriClass-Cloud-FT,1260,1,1,0,0,0,0,0.8986774682998657
video08,TriClass-Cloud-FT,1261,1,1,0,0,0,0,0.9044167995452881
video08,TriClass-Cloud-FT,1262,1,1,0,0,0,0,0.8950157165527344
video08,TriClass-Cloud-FT,1263,1,1,0,0,0,0,0.9023329615592957
video08,TriClass-Cloud-FT,1264,1,1,0,0,0,0,0.9082449078559875
video08,TriClass-Cloud-FT,1265,1,1,0,0,0,0,0.9011442065238953
video08,TriClass-Cloud-FT,1266,1,1,0,0,0,0,0.899887204170227
video08,TriClass-Cloud-FT,1267,1,1,0,0,0,0,0.892475962638855
video08,TriClass-Cloud-FT,1268,2,2,0,0,1,0,0.5846061110496521
video08,TriClass-Cloud-FT,1269,1,1,0,0,0,0,0.896287739276886
video08,TriClass-Cloud-FT,1270,1,1,0,0,0,0,0.8936038613319397
video08,TriClass-Cloud-FT,1271,1,1,0,0,0,0,0.8950782418251038
video08,TriClass-Cloud-FT,1272,1,1,0,0,0,0,0.9071475267410278
video08,TriClass-Cloud-FT,1273,1,1,0,0,0,0,0.8870871067047119
video08,TriClass-Cloud-FT,1274,1,1,0,0,0,0,0.9058874249458313
video08,TriClass-Cloud-FT,1275,1,1,0,0,0,0,0.9052978754043579
video08,TriClass-Cloud-FT,1276,1,1,0,0,0,0,0.9034438729286194
video08,TriClass-Cloud-FT,1277,1,1,0,0,0,0,0.9185764193534851
video08,TriClass-Cloud-FT,1278,1,1,0,0,0,0,0.9011847376823425
video08,TriClass-Cloud-FT,1279,1,1,0,0,0,0,0.8780556321144104
video08,TriClass-Cloud-FT,1280,1,1,0,0,0,0,0.8842810988426208
video08,TriClass-Cloud-FT,1281,1,1,0,0,0,0,0.8684689998626709
video08,TriClass-Cloud-FT,1282,1,1,0,0,0,0,0.7522476315498352
video08,TriClass-Cloud-FT,1283,1,1,0,0,1,0,0.2777743935585022
video08,TriClass-Cloud-FT,1284,0,0,0,0,0,0,0.0
video08,TriClass-Cloud-FT,1285,0,0,0,0,0,0,0.0
video08,TriClass-Cloud-FT,1286,0,0,0,0,0,0,0.0
video08,TriClass-Cloud-FT,1287,0,0,0,0,0,0,0.0
video08,TriClass-Cloud-FT,1288,0,0,0,0,0,0,0.0
video08,TriClass-Cloud-FT,1289,0,0,0,0,0,0,0.0
video08,TriClass-Cloud-FT,1290,0,0,0,0,0,0,0.0
video08,TriClass-Cloud-FT,1291,0,0,0,0,0,0,0.0
video08,TriClass-Cloud-FT,1292,0,0,0,0,0,0,0.0
video08,TriClass-Cloud-FT,1293,0,0,0,0,0,0,0.0
video08,TriClass-Cloud-FT,1294,0,0,0,0,0,0,0.0
video08,TriClass-Cloud-FT,1295,0,0,0,0,0,0,0.0
video08,TriClass-Cloud-FT,1296,0,0,0,0,0,0,0.0
video08,TriClass-Cloud-FT,1297,0,0,0,0,0,0,0.0
video08,TriClass-Cloud-FT,1298,0,0,0,0,0,0,0.0
video08,TriClass-Cloud-FT,1299,0,0,0,0,0,0,0.0
video08,TriClass-Cloud-FT,1300,0,0,0,0,0,0,0.0
video08,TriClass-Cloud-FT,1301,0,0,0,0,0,0,0.0
video08,TriClass-Cloud-FT,1302,0,0,0,0,0,0,0.0
video08,TriClass-Cloud-FT,1303,0,0,0,0,0,0,0.0
video08,TriClass-Cloud-FT,1304,0,0,0,0,0,0,0.0
video08,TriClass-Cloud-FT,1305,0,0,0,0,0,0,0.0
video08,TriClass-Cloud-FT,1306,0,0,0,0,0,0,0.0
video08,TriClass-Cloud-FT,1307,0,0,0,0,0,0,0.0
video08,TriClass-Cloud-FT,1308,0,0,0,0,0,0,0.0
video08,TriClass-Cloud-FT,1309,0,0,0,0,0,0,0.0
video08,TriClass-Cloud-FT,1310,0,0,0,0,0,0,0.0
video08,TriClass-Cloud-FT,1311,0,0,0,0,0,0,0.0
video08,TriClass-Cloud-FT,1312,0,0,0,0,0,0,0.0
video08,TriClass-Cloud-FT,1313,0,0,0,0,0,0,0.0
video08,TriClass-Cloud-FT,1314,0,0,0,0,0,0,0.0
video08,TriClass-Cloud-FT,1315,0,0,0,0,0,0,0.0
video08,TriClass-Cloud-FT,1316,0,0,0,0,0,0,0.0
video08,TriClass-Cloud-FT,1317,0,0,0,0,0,0,0.0
video08,TriClass-Cloud-FT,1318,0,0,0,0,0,0,0.0
video08,TriClass-Cloud-FT,1319,0,0,0,0,0,0,0.0
video08,TriClass-Cloud-FT,1320,0,0,0,0,0,0,0.0
video08,TriClass-Cloud-FT,1321,0,0,0,0,0,0,0.0
video08,TriClass-Cloud-FT,1322,0,0,0,0,0,0,0.0
video08,TriClass-Cloud-FT,1323,0,0,0,0,0,0,0.0
video08,TriClass-Cloud-FT,1324,0,0,0,0,0,0,0.0
video08,TriClass-Cloud-FT,1325,0,0,0,0,0,0,0.0
video08,TriClass-Cloud-FT,1326,0,0,0,0,0,0,0.0
video08,TriClass-Cloud-FT,1327,0,0,0,0,0,0,0.0
video08,TriClass-Cloud-FT,1328,0,0,0,0,0,0,0.0
video08,TriClass-Cloud-FT,1329,0,0,0,0,0,0,0.0
video08,TriClass-Cloud-FT,1330,0,0,0,0,0,0,0.0
video08,TriClass-Cloud-FT,1331,0,0,0,0,0,0,0.0
video08,TriClass-Cloud-FT,1332,0,0,0,0,0,0,0.0
video08,TriClass-Cloud-FT,1333,0,0,0,0,0,0,0.0
video08,TriClass-Cloud-FT,1334,0,0,0,0,0,0,0.0
video08,TriClass-Cloud-FT,1335,0,0,0,0,0,0,0.0
video08,TriClass-Cloud-FT,1336,0,0,0,0,0,0,0.0
video08,TriClass-Cloud-FT,1337,0,0,0,0,0,0,0.0
video08,TriClass-Cloud-FT,1338,0,0,0,0,0,0,0.0
video08,TriClass-Cloud-FT,1339,0,0,0,0,0,0,0.0
video08,TriClass-Cloud-FT,1340,0,0,0,0,0,0,0.0
video08,TriClass-Cloud-FT,1341,0,0,0,0,0,0,0.0
video08,TriClass-Cloud-FT,1342,0,0,0,0,0,0,0.0
video08,TriClass-Cloud-FT,1343,0,0,0,0,0,0,0.0
video08,TriClass-Cloud-FT,1344,0,0,0,0,0,0,0.0
video08,TriClass-Cloud-FT,1345,0,0,0,0,0,0,0.0
video08,TriClass-Cloud-FT,1346,0,0,0,0,0,0,0.0
video08,TriClass-Cloud-FT,1347,0,0,0,0,0,0,0.0
video08,TriClass-Cloud-FT,1348,0,0,0,0,0,0,0.0
video08,TriClass-Cloud-FT,1349,0,0,0,0,0,0,0.0
video08,TriClass-Cloud-FT,1350,0,0,0,0,0,0,0.0
video08,TriClass-Cloud-FT,1351,0,0,0,0,0,0,0.0
video08,TriClass-Cloud-FT,1352,0,0,0,0,0,0,0.0
video08,TriClass-Cloud-FT,1353,0,0,0,0,0,0,0.0
video08,TriClass-Cloud-FT,1354,0,0,0,0,0,0,0.0
video08,TriClass-Cloud-FT,1355,0,0,0,0,0,0,0.0
video08,TriClass-Cloud-FT,1356,0,0,0,0,0,0,0.0
video08,TriClass-Cloud-FT,1357,0,0,0,0,0,0,0.0
video08,TriClass-Cloud-FT,1358,0,0,0,0,0,0,0.0
video08,TriClass-Cloud-FT,1359,0,0,0,0,0,0,0.0
video08,TriClass-Cloud-FT,1360,0,0,0,0,0,0,0.0
video08,TriClass-Cloud-FT,1361,0,0,0,0,0,0,0.0
video08,TriClass-Cloud-FT,1362,0,0,0,0,0,0,0.0
video08,TriClass-Cloud-FT,1363,0,0,0,0,0,0,0.0
video08,TriClass-Cloud-FT,1364,0,0,0,0,0,0,0.0
video08,TriClass-Cloud-FT,1365,0,0,0,0,0,0,0.0
video08,TriClass-Cloud-FT,1366,0,0,0,0,0,0,0.0
video08,TriClass-Cloud-FT,1367,0,0,0,0,0,0,0.0
video08,TriClass-Cloud-FT,1368,0,0,0,0,0,0,0.0
video08,TriClass-Cloud-FT,1369,0,0,0,0,0,0,0.0
video08,TriClass-Cloud-FT,1370,0,0,0,0,0,0,0.0
video08,TriClass-Cloud-FT,1371,0,0,0,0,0,0,0.0
video08,TriClass-Cloud-FT,1372,0,0,0,0,0,0,0.0
video08,TriClass-Cloud-FT,1373,0,0,0,0,0,0,0.0
video08,TriClass-Cloud-FT,1374,0,0,0,0,0,0,0.0
video08,TriClass-Cloud-FT,1375,1,1,0,0,0,0,0.4008001983165741
video08,TriClass-Cloud-FT,1376,1,1,0,0,0,0,0.7326448559761047
video08,TriClass-Cloud-FT,1377,1,1,0,0,0,0,0.787746012210846
video08,TriClass-Cloud-FT,1378,1,1,0,0,0,0,0.7971388697624207
video08,TriClass-Cloud-FT,1379,1,1,0,0,0,0,0.8173221349716187
video08,TriClass-Cloud-FT,1380,1,1,0,0,0,0,0.8559525609016418
video08,TriClass-Cloud-FT,1381,1,1,0,0,0,0,0.8492124676704407
video08,TriClass-Cloud-FT,1382,1,1,0,0,0,0,0.805672824382782
video08,TriClass-Cloud-FT,1383,1,1,0,0,0,0,0.8264118432998657
video08,TriClass-Cloud-FT,1384,1,1,0,0,0,0,0.8300678730010986
video08,TriClass-Cloud-FT,1385,1,1,0,0,0,0,0.8879916071891785
video08,TriClass-Cloud-FT,1386,1,1,0,0,0,0,0.8753916025161743
video08,TriClass-Cloud-FT,1387,1,1,0,0,0,0,0.8337156176567078
video08,TriClass-Cloud-FT,1388,1,1,0,0,0,0,0.8512434363365173
video08,TriClass-Cloud-FT,1389,1,1,0,0,0,0,0.7850478291511536
video08,TriClass-Cloud-FT,1390,1,1,0,0,0,0,0.8490937352180481
video08,TriClass-Cloud-FT,1391,1,1,0,0,0,0,0.8748546838760376
video08,TriClass-Cloud-FT,1392,1,1,0,0,0,0,0.8629608750343323
video08,TriClass-Cloud-FT,1393,1,1,0,0,0,0,0.8601893782615662
video08,TriClass-Cloud-FT,1394,1,1,0,0,0,0,0.8717678785324097
video08,TriClass-Cloud-FT,1395,1,1,0,0,0,0,0.8565259575843811
video08,TriClass-Cloud-FT,1396,1,1,0,0,0,0,0.8620380759239197
video08,TriClass-Cloud-FT,1397,1,1,0,0,0,0,0.895758867263794
video08,TriClass-Cloud-FT,1398,1,1,0,0,0,0,0.8494004011154175
video08,TriClass-Cloud-FT,1399,1,1,0,0,0,0,0.8718665242195129
video08,TriClass-Cloud-FT,1400,1,1,0,0,0,0,0.8879817128181458
video08,TriClass-Cloud-FT,1401,1,1,0,0,0,0,0.8266811966896057
video08,TriClass-Cloud-FT,1402,1,1,0,0,0,0,0.8753880262374878
video08,TriClass-Cloud-FT,1403,1,1,0,0,0,0,0.8810766935348511
video08,TriClass-Cloud-FT,1404,1,1,0,0,0,0,0.8860220909118652
video08,TriClass-Cloud-FT,1405,1,1,0,0,0,0,0.6797326803207397
video08,TriClass-Cloud-FT,1406,0,0,0,0,0,0,0.0
video08,TriClass-Cloud-FT,1407,0,0,0,0,0,0,0.0
video08,TriClass-Cloud-FT,1408,0,0,0,0,0,0,0.0
video08,TriClass-Cloud-FT,1409,0,0,0,0,0,0,0.0
video08,TriClass-Cloud-FT,1410,0,0,0,0,0,0,0.0
video08,TriClass-Cloud-FT,1411,0,0,0,0,0,0,0.0
video08,TriClass-Cloud-FT,1412,0,0,0,0,0,0,0.0
video08,TriClass-Cloud-FT,1413,0,0,0,0,0,0,0.0
video08,TriClass-Cloud-FT,1414,0,0,0,0,0,0,0.0
video08,TriClass-Cloud-FT,1415,0,0,0,0,0,0,0.0
video08,TriClass-Cloud-FT,1416,0,0,0,0,0,0,0.0
video08,TriClass-Cloud-FT,1417,0,0,0,0,0,0,0.0
video08,TriClass-Cloud-FT,1418,0,0,0,0,0,0,0.0
video08,TriClass-Cloud-FT,1419,0,0,0,0,0,0,0.0
video08,TriClass-Cloud-FT,1420,0,0,0,0,0,0,0.0
video08,TriClass-Cloud-FT,1421,0,0,0,0,0,0,0.0
video08,TriClass-Cloud-FT,1422,0,0,0,0,0,0,0.0
video08,TriClass-Cloud-FT,1423,0,0,0,0,0,0,0.0
video08,TriClass-Cloud-FT,1424,0,0,0,0,0,0,0.0
video08,TriClass-Cloud-FT,1425,0,0,0,0,0,0,0.0
video08,TriClass-Cloud-FT,1426,0,0,0,0,0,0,0.0
video08,TriClass-Cloud-FT,1427,0,0,0,0,0,0,0.0
video08,TriClass-Cloud-FT,1428,0,0,0,0,0,0,0.0
video08,TriClass-Cloud-FT,1429,0,0,0,0,0,0,0.0
video08,TriClass-Cloud-FT,1430,0,0,0,0,0,0,0.0
video08,TriClass-Cloud-FT,1431,0,0,0,0,0,0,0.0
video08,TriClass-Cloud-FT,1432,0,0,0,0,0,0,0.0
video08,TriClass-Cloud-FT,1433,0,0,0,0,0,0,0.0
video08,TriClass-Cloud-FT,1434,0,0,0,0,0,0,0.0
video08,TriClass-Cloud-FT,1435,0,0,0,0,0,0,0.0
video08,TriClass-Cloud-FT,1436,0,0,0,0,0,0,0.0
video08,TriClass-Cloud-FT,1437,0,0,0,0,0,0,0.0
video08,TriClass-Cloud-FT,1438,0,0,0,0,0,0,0.0
video08,TriClass-Cloud-FT,1439,0,0,0,0,0,0,0.0
video08,TriClass-Cloud-FT,1440,0,0,0,0,0,0,0.0
video08,TriClass-Cloud-FT,1441,0,0,0,0,0,0,0.0
video08,TriClass-Cloud-FT,1442,0,0,0,0,0,0,0.0
video08,TriClass-Cloud-FT,1443,0,0,0,0,0,0,0.0
video08,TriClass-Cloud-FT,1444,0,0,0,0,0,0,0.0
video08,TriClass-Cloud-FT,1445,0,0,0,0,0,0,0.0
video08,TriClass-Cloud-FT,1446,0,0,0,0,0,0,0.0
video08,TriClass-Cloud-FT,1447,0,0,0,0,0,0,0.0
video08,TriClass-Cloud-FT,1448,0,0,0,0,0,0,0.0
video08,TriClass-Cloud-FT,1449,0,0,0,0,0,0,0.0
video08,TriClass-Cloud-FT,1450,0,0,0,0,0,0,0.0
video08,TriClass-Cloud-FT,1451,0,0,0,0,0,0,0.0
video08,TriClass-Cloud-FT,1452,0,0,0,0,0,0,0.0
video08,TriClass-Cloud-FT,1453,0,0,0,0,0,0,0.0
video08,TriClass-Cloud-FT,1454,0,0,0,0,0,0,0.0
video08,TriClass-Cloud-FT,1455,0,0,0,0,0,0,0.0
video08,TriClass-Cloud-FT,1456,0,0,0,0,0,0,0.0
video08,TriClass-Cloud-FT,1457,0,0,0,0,0,0,0.0
video08,TriClass-Cloud-FT,1458,0,0,0,0,0,0,0.0
video08,TriClass-Cloud-FT,1459,0,0,0,0,0,0,0.0
video08,TriClass-Cloud-FT,1460,0,0,0,0,0,0,0.0
video08,TriClass-Cloud-FT,1461,0,0,0,0,0,0,0.0
video08,TriClass-Cloud-FT,1462,0,0,0,0,0,0,0.0
video08,TriClass-Cloud-FT,1463,0,0,0,0,0,0,0.0
video08,TriClass-Cloud-FT,1464,0,0,0,0,0,0,0.0
video08,TriClass-Cloud-FT,1465,0,0,0,0,0,0,0.0
video08,TriClass-Cloud-FT,1466,0,0,0,0,0,0,0.0
video08,TriClass-Cloud-FT,1467,0,0,0,0,0,0,0.0
video08,TriClass-Cloud-FT,1468,1,1,0,0,1,0,0.30364498496055603
video08,TriClass-Cloud-FT,1469,1,1,0,0,0,0,0.39613011479377747
video08,TriClass-Cloud-FT,1470,1,1,0,0,0,0,0.36919212341308594
video08,TriClass-Cloud-FT,1471,1,1,0,0,1,0,0.26762205362319946
video08,TriClass-Cloud-FT,1472,0,0,0,0,0,0,0.0
video08,TriClass-Cloud-FT,1473,0,0,0,0,0,0,0.0
video08,TriClass-Cloud-FT,1474,0,0,0,0,0,0,0.0
video08,TriClass-Cloud-FT,1475,0,0,0,0,0,0,0.0
video08,TriClass-Cloud-FT,1476,0,0,0,0,0,0,0.0
video08,TriClass-Cloud-FT,1477,0,0,0,0,0,0,0.0
video08,TriClass-Cloud-FT,1478,0,0,0,0,0,0,0.0
video08,TriClass-Cloud-FT,1479,0,0,0,0,0,0,0.0
video08,TriClass-Cloud-FT,1480,0,0,0,0,0,0,0.0
video08,TriClass-Cloud-FT,1481,0,0,0,0,0,0,0.0
video08,TriClass-Cloud-FT,1482,1,1,0,0,0,0,0.5353100299835205
video08,TriClass-Cloud-FT,1483,2,2,0,0,1,0,0.38287848234176636
video08,TriClass-Cloud-FT,1484,1,1,0,0,0,0,0.6983206272125244
video08,TriClass-Cloud-FT,1485,1,1,0,0,1,0,0.27208980917930603
video08,TriClass-Cloud-FT,1486,2,2,0,0,0,0,0.8086394667625427
video08,TriClass-Cloud-FT,1487,1,1,0,0,0,0,0.874291181564331
video08,TriClass-Cloud-FT,1488,1,1,0,0,0,0,0.909042239189148
video08,TriClass-Cloud-FT,1489,1,1,0,0,0,0,0.9043868780136108
video08,TriClass-Cloud-FT,1490,1,1,0,0,0,0,0.9046199917793274
video08,TriClass-Cloud-FT,1491,1,1,0,0,0,0,0.8270008563995361
video08,TriClass-Cloud-FT,1492,1,1,0,0,0,0,0.8837934136390686
video08,TriClass-Cloud-FT,1493,2,2,0,0,1,0,0.8848878145217896
video08,TriClass-Cloud-FT,1494,1,1,0,0,0,0,0.8968114852905273
video08,TriClass-Cloud-FT,1495,2,2,0,0,0,0,0.6729127764701843
video08,TriClass-Cloud-FT,1496,1,1,0,0,0,0,0.9125813245773315
video08,TriClass-Cloud-FT,1497,1,1,0,0,0,0,0.9067915678024292
video08,TriClass-Cloud-FT,1498,1,1,0,0,0,0,0.9243051409721375
video08,TriClass-Cloud-FT,1499,1,1,0,0,0,0,0.9228302240371704
video08,TriClass-Cloud-FT,1500,1,1,0,0,0,0,0.9253209233283997
video08,TriClass-Cloud-FT,1501,1,1,0,0,0,0,0.9085874557495117
video08,TriClass-Cloud-FT,1502,1,1,0,0,0,0,0.8949443697929382
video08,TriClass-Cloud-FT,1503,1,1,0,0,0,0,0.8414924144744873
video08,TriClass-Cloud-FT,1504,1,1,0,0,0,0,0.9144958257675171
video08,TriClass-Cloud-FT,1505,1,1,0,0,0,0,0.9191851019859314
video08,TriClass-Cloud-FT,1506,1,1,0,0,0,0,0.9107928276062012
video08,TriClass-Cloud-FT,1507,1,1,0,0,0,0,0.8977639079093933
video08,TriClass-Cloud-FT,1508,1,1,0,0,0,0,0.8882008790969849
video08,TriClass-Cloud-FT,1509,1,1,0,0,0,0,0.9062966108322144
video08,TriClass-Cloud-FT,1510,1,1,0,0,0,0,0.9186473488807678
video08,TriClass-Cloud-FT,1511,1,1,0,0,0,0,0.9190290570259094
video08,TriClass-Cloud-FT,1512,1,1,0,0,0,0,0.9252045154571533
video08,TriClass-Cloud-FT,1513,1,1,0,0,0,0,0.9255602359771729
video08,TriClass-Cloud-FT,1514,1,1,0,0,0,0,0.9228941202163696
video08,TriClass-Cloud-FT,1515,1,1,0,0,0,0,0.9215056896209717
video08,TriClass-Cloud-FT,1516,1,1,0,0,0,0,0.9265586733818054
video08,TriClass-Cloud-FT,1517,1,1,0,0,0,0,0.9224464297294617
video08,TriClass-Cloud-FT,1518,1,1,0,0,0,0,0.9203562140464783
video08,TriClass-Cloud-FT,1519,1,1,0,0,0,0,0.9245387315750122
video08,TriClass-Cloud-FT,1520,1,1,0,0,0,0,0.9197607636451721
video08,TriClass-Cloud-FT,1521,1,1,0,0,0,0,0.9165388345718384
video08,TriClass-Cloud-FT,1522,1,1,0,0,0,0,0.9210783839225769
video08,TriClass-Cloud-FT,1523,1,1,0,0,0,0,0.9246476888656616
video08,TriClass-Cloud-FT,1524,1,1,0,0,0,0,0.9231682419776917
video08,TriClass-Cloud-FT,1525,1,1,0,0,0,0,0.9236363172531128
video08,TriClass-Cloud-FT,1526,1,1,0,0,0,0,0.915149986743927
video08,TriClass-Cloud-FT,1527,1,1,0,0,0,0,0.9160358309745789
video08,TriClass-Cloud-FT,1528,1,1,0,0,0,0,0.9162271022796631
video08,TriClass-Cloud-FT,1529,1,1,0,0,0,0,0.9241809844970703
video08,TriClass-Cloud-FT,1530,1,1,0,0,0,0,0.9318416118621826
video08,TriClass-Cloud-FT,1531,1,1,0,0,0,0,0.935121476650238
video08,TriClass-Cloud-FT,1532,1,1,0,0,0,0,0.929520845413208
video08,TriClass-Cloud-FT,1533,1,1,0,0,0,0,0.9279548525810242
video08,TriClass-Cloud-FT,1534,1,1,0,0,0,0,0.9274430274963379
video08,TriClass-Cloud-FT,1535,1,1,0,0,0,0,0.926496148109436
video08,TriClass-Cloud-FT,1536,1,1,0,0,0,0,0.9302158355712891
video08,TriClass-Cloud-FT,1537,1,1,0,0,0,0,0.925004243850708
video08,TriClass-Cloud-FT,1538,1,1,0,0,0,0,0.9282987713813782
video08,TriClass-Cloud-FT,1539,1,1,0,0,0,0,0.9282260537147522
video08,TriClass-Cloud-FT,1540,1,1,0,0,0,0,0.9276791214942932
video08,TriClass-Cloud-FT,1541,1,1,0,0,0,0,0.9277974963188171
video08,TriClass-Cloud-FT,1542,1,1,0,0,0,0,0.9295417666435242
video08,TriClass-Cloud-FT,1543,1,1,0,0,0,0,0.9159824252128601
video08,TriClass-Cloud-FT,1544,1,1,0,0,0,0,0.9310174584388733
video08,TriClass-Cloud-FT,1545,1,1,0,0,0,0,0.9345436692237854
video08,TriClass-Cloud-FT,1546,1,1,0,0,0,0,0.9340159296989441
video08,TriClass-Cloud-FT,1547,1,1,0,0,0,0,0.9281650185585022
video08,TriClass-Cloud-FT,1548,1,1,0,0,0,0,0.9263960719108582
video08,TriClass-Cloud-FT,1549,1,1,0,0,0,0,0.9245854020118713
video08,TriClass-Cloud-FT,1550,1,1,0,0,0,0,0.9327937960624695
video08,TriClass-Cloud-FT,1551,1,1,0,0,0,0,0.9349378347396851
video08,TriClass-Cloud-FT,1552,1,1,0,0,0,0,0.9216541647911072
video08,TriClass-Cloud-FT,1553,1,1,0,0,0,0,0.921675443649292
video08,TriClass-Cloud-FT,1554,1,1,0,0,0,0,0.9269184470176697
video08,TriClass-Cloud-FT,1555,1,1,0,0,0,0,0.928309440612793
video08,TriClass-Cloud-FT,1556,1,1,0,0,0,0,0.9272451400756836
video08,TriClass-Cloud-FT,1557,1,1,0,0,0,0,0.9283510446548462
video08,TriClass-Cloud-FT,1558,1,1,0,0,0,0,0.9262526631355286
video08,TriClass-Cloud-FT,1559,1,1,0,0,0,0,0.926124632358551
video08,TriClass-Cloud-FT,1560,2,2,0,0,1,0,0.7298970818519592
video08,TriClass-Cloud-FT,1561,1,1,0,0,0,0,0.919709324836731
video08,TriClass-Cloud-FT,1562,1,1,0,0,0,0,0.9188976883888245
video08,TriClass-Cloud-FT,1563,1,1,0,0,0,0,0.8991833329200745
video08,TriClass-Cloud-FT,1564,1,1,0,0,0,0,0.8992397785186768
video08,TriClass-Cloud-FT,1565,1,1,0,0,0,0,0.9188048243522644
video08,TriClass-Cloud-FT,1566,1,1,0,0,0,0,0.9166085720062256
video08,TriClass-Cloud-FT,1567,2,2,0,0,0,0,0.8510416150093079
video08,TriClass-Cloud-FT,1568,1,1,0,0,0,0,0.9234460592269897
video08,TriClass-Cloud-FT,1569,1,1,0,0,0,0,0.9186415076255798
video08,TriClass-Cloud-FT,1570,1,1,0,0,0,0,0.9213976860046387
video08,TriClass-Cloud-FT,1571,1,1,0,0,0,0,0.9220367074012756
video08,TriClass-Cloud-FT,1572,1,1,0,0,0,0,0.9247005581855774
video08,TriClass-Cloud-FT,1573,1,1,0,0,0,0,0.9216917753219604
video08,TriClass-Cloud-FT,1574,1,1,0,0,0,0,0.9217718839645386
video08,TriClass-Cloud-FT,1575,1,1,0,0,0,0,0.9199733734130859
video08,TriClass-Cloud-FT,1576,1,1,0,0,0,0,0.9215386509895325
video08,TriClass-Cloud-FT,1577,1,1,0,0,0,0,0.8919724225997925
video08,TriClass-Cloud-FT,1578,1,1,0,0,0,0,0.9204968810081482
video08,TriClass-Cloud-FT,1579,1,1,0,0,0,0,0.885624349117279
video08,TriClass-Cloud-FT,1580,2,2,0,0,0,0,0.7681069374084473
video08,TriClass-Cloud-FT,1581,2,2,0,0,0,0,0.8639649152755737
video08,TriClass-Cloud-FT,1582,2,2,0,0,0,0,0.7938492298126221
video08,TriClass-Cloud-FT,1583,2,2,0,0,0,0,0.8846940398216248
video08,TriClass-Cloud-FT,1584,2,2,0,0,0,0,0.8720476031303406
video08,TriClass-Cloud-FT,1585,2,2,0,0,1,0,0.83163982629776
video08,TriClass-Cloud-FT,1586,2,2,0,0,1,0,0.8437073230743408
video08,TriClass-Cloud-FT,1587,2,2,0,0,0,0,0.9092649221420288
video08,TriClass-Cloud-FT,1588,1,1,0,0,0,0,0.8679185509681702
video08,TriClass-Cloud-FT,1589,1,1,0,0,0,0,0.90257328748703
video08,TriClass-Cloud-FT,1590,1,1,0,0,0,0,0.913591206073761
video08,TriClass-Cloud-FT,1591,1,1,0,0,0,0,0.886246919631958
video08,TriClass-Cloud-FT,1592,1,1,0,0,0,0,0.9108160138130188
video08,TriClass-Cloud-FT,1593,1,1,0,0,0,0,0.9106808304786682
video08,TriClass-Cloud-FT,1594,1,1,0,0,0,0,0.9200504422187805
video08,TriClass-Cloud-FT,1595,1,1,0,0,0,0,0.9133491516113281
video08,TriClass-Cloud-FT,1596,1,1,0,0,0,0,0.9169177412986755
video08,TriClass-Cloud-FT,1597,1,1,0,0,0,0,0.9250746369361877
video08,TriClass-Cloud-FT,1598,1,1,0,0,0,0,0.9292908310890198
video08,TriClass-Cloud-FT,1599,1,1,0,0,0,0,0.915936291217804
video08,TriClass-Cloud-FT,1600,1,1,0,0,0,0,0.9193409085273743
video08,TriClass-Cloud-FT,1601,1,1,0,0,0,0,0.9210348129272461
video08,TriClass-Cloud-FT,1602,1,1,0,0,0,0,0.8942657709121704
video08,TriClass-Cloud-FT,1603,1,1,0,0,0,0,0.9188550114631653
video08,TriClass-Cloud-FT,1604,1,1,0,0,0,0,0.9179707765579224
video08,TriClass-Cloud-FT,1605,1,1,0,0,0,0,0.8438287377357483
video08,TriClass-Cloud-FT,1606,1,1,0,0,0,0,0.9191247224807739
video08,TriClass-Cloud-FT,1607,1,1,0,0,0,0,0.9115386009216309
video08,TriClass-Cloud-FT,1608,1,1,0,0,0,0,0.9139336943626404
video08,TriClass-Cloud-FT,1609,1,1,0,0,0,0,0.9209510684013367
video08,TriClass-Cloud-FT,1610,1,1,0,0,0,0,0.9216378927230835
video08,TriClass-Cloud-FT,1611,1,1,0,0,0,0,0.925449788570404
video08,TriClass-Cloud-FT,1612,1,1,0,0,0,0,0.9210618734359741
video08,TriClass-Cloud-FT,1613,1,1,0,0,0,0,0.9098162055015564
video08,TriClass-Cloud-FT,1614,1,1,0,0,0,0,0.9256841540336609
video08,TriClass-Cloud-FT,1615,1,1,0,0,0,0,0.9268051385879517
video08,TriClass-Cloud-FT,1616,1,1,0,0,0,0,0.9239593744277954
video08,TriClass-Cloud-FT,1617,1,1,0,0,0,0,0.9254051446914673
video08,TriClass-Cloud-FT,1618,1,1,0,0,0,0,0.9289836287498474
video08,TriClass-Cloud-FT,1619,1,1,0,0,0,0,0.9287906885147095
video08,TriClass-Cloud-FT,1620,1,1,0,0,0,0,0.9238908290863037
video08,TriClass-Cloud-FT,1621,1,1,0,0,0,0,0.9263241291046143
video08,TriClass-Cloud-FT,1622,1,1,0,0,0,0,0.9250016808509827
video08,TriClass-Cloud-FT,1623,1,1,0,0,0,0,0.9262245297431946
video08,TriClass-Cloud-FT,1624,1,1,0,0,0,0,0.9226220846176147
video08,TriClass-Cloud-FT,1625,1,1,0,0,0,0,0.9234986901283264
video08,TriClass-Cloud-FT,1626,1,1,0,0,0,0,0.9244416356086731
video08,TriClass-Cloud-FT,1627,1,1,0,0,0,0,0.9273053407669067
video08,TriClass-Cloud-FT,1628,1,1,0,0,0,0,0.9194580912590027
video08,TriClass-Cloud-FT,1629,1,1,0,0,0,0,0.93110591173172
video08,TriClass-Cloud-FT,1630,1,1,0,0,0,0,0.931535542011261
video08,TriClass-Cloud-FT,1631,1,1,0,0,0,0,0.9270583391189575
video08,TriClass-Cloud-FT,1632,1,1,0,0,0,0,0.9266843199729919
video08,TriClass-Cloud-FT,1633,1,1,0,0,0,0,0.930544376373291
video08,TriClass-Cloud-FT,1634,1,1,0,0,0,0,0.9242708086967468
video08,TriClass-Cloud-FT,1635,1,1,0,0,0,0,0.8991580605506897
video08,TriClass-Cloud-FT,1636,1,1,0,0,0,0,0.8994441032409668
video08,TriClass-Cloud-FT,1637,1,1,0,0,0,0,0.9139968156814575
video08,TriClass-Cloud-FT,1638,1,1,0,0,0,0,0.9177835583686829
video08,TriClass-Cloud-FT,1639,1,1,0,0,0,0,0.9173972606658936
video08,TriClass-Cloud-FT,1640,2,2,0,0,1,0,0.896267831325531
video08,TriClass-Cloud-FT,1641,2,2,0,0,0,0,0.8451797962188721
video08,TriClass-Cloud-FT,1642,1,1,0,0,0,0,0.9109429717063904
video08,TriClass-Cloud-FT,1643,1,1,0,0,0,0,0.9235770106315613
video08,TriClass-Cloud-FT,1644,1,1,0,0,0,0,0.9204028844833374
video08,TriClass-Cloud-FT,1645,1,1,0,0,0,0,0.9211490750312805
video08,TriClass-Cloud-FT,1646,1,1,0,0,0,0,0.9305561184883118
video08,TriClass-Cloud-FT,1647,1,1,0,0,0,0,0.9277112483978271
video08,TriClass-Cloud-FT,1648,1,1,0,0,0,0,0.9258337020874023
video08,TriClass-Cloud-FT,1649,1,1,0,0,0,0,0.9264706373214722
video08,TriClass-Cloud-FT,1650,1,1,0,0,0,0,0.9285975098609924
video08,TriClass-Cloud-FT,1651,1,1,0,0,0,0,0.9310685992240906
video08,TriClass-Cloud-FT,1652,1,1,0,0,0,0,0.9308070540428162
video08,TriClass-Cloud-FT,1653,1,1,0,0,0,0,0.9264890551567078
video08,TriClass-Cloud-FT,1654,1,1,0,0,0,0,0.9225330948829651
video08,TriClass-Cloud-FT,1655,1,1,0,0,0,0,0.9184681177139282
video08,TriClass-Cloud-FT,1656,1,1,0,0,0,0,0.9207231402397156
video08,TriClass-Cloud-FT,1657,1,1,0,0,0,0,0.9186030626296997
video08,TriClass-Cloud-FT,1658,1,1,0,0,0,0,0.9285663366317749
video08,TriClass-Cloud-FT,1659,1,1,0,0,0,0,0.8914971351623535
video08,TriClass-Cloud-FT,1660,1,1,0,0,0,0,0.7522668242454529
video08,TriClass-Cloud-FT,1661,1,1,0,0,0,0,0.8362215161323547
video08,TriClass-Cloud-FT,1662,1,1,0,0,0,0,0.9070121645927429
video08,TriClass-Cloud-FT,1663,1,1,0,0,0,0,0.8861566781997681
video08,TriClass-Cloud-FT,1664,1,1,0,0,0,0,0.8603476285934448
video08,TriClass-Cloud-FT,1665,1,1,0,0,0,0,0.9180474281311035
video08,TriClass-Cloud-FT,1666,1,1,0,0,0,0,0.870610773563385
video08,TriClass-Cloud-FT,1667,1,1,0,0,0,0,0.911332905292511
video08,TriClass-Cloud-FT,1668,1,1,0,0,0,0,0.9222069382667542
video08,TriClass-Cloud-FT,1669,1,1,0,0,0,0,0.9240158796310425
video08,TriClass-Cloud-FT,1670,1,1,0,0,0,0,0.9290623664855957
video08,TriClass-Cloud-FT,1671,1,1,0,0,0,0,0.9292095303535461
video08,TriClass-Cloud-FT,1672,1,1,0,0,0,0,0.9299079179763794
video08,TriClass-Cloud-FT,1673,1,1,0,0,0,0,0.9308966994285583
video08,TriClass-Cloud-FT,1674,1,1,0,0,0,0,0.9237114787101746
video08,TriClass-Cloud-FT,1675,1,1,0,0,0,0,0.9245327115058899
video08,TriClass-Cloud-FT,1676,2,2,0,0,1,0,0.5042294263839722
video08,TriClass-Cloud-FT,1677,1,1,0,0,0,0,0.9180142879486084
video08,TriClass-Cloud-FT,1678,1,1,0,0,0,0,0.9068208336830139
video08,TriClass-Cloud-FT,1679,1,1,0,0,0,0,0.9292532801628113
video08,TriClass-Cloud-FT,1680,1,1,0,0,0,0,0.9309278726577759
video08,TriClass-Cloud-FT,1681,1,1,0,0,0,0,0.9333519339561462
video08,TriClass-Cloud-FT,1682,1,1,0,0,0,0,0.933803915977478
video08,TriClass-Cloud-FT,1683,1,1,0,0,0,0,0.8085787296295166
video08,TriClass-Cloud-FT,1684,1,1,0,0,0,0,0.8554110527038574
video08,TriClass-Cloud-FT,1685,1,1,0,0,0,0,0.9094831943511963
video08,TriClass-Cloud-FT,1686,1,1,0,0,0,0,0.7528688311576843
video08,TriClass-Cloud-FT,1687,1,1,0,0,0,0,0.9122718572616577
video08,TriClass-Cloud-FT,1688,1,1,0,0,0,0,0.9035808444023132
video08,TriClass-Cloud-FT,1689,0,0,0,0,0,0,0.0
video08,TriClass-Cloud-FT,1690,1,1,0,0,0,0,0.8768149614334106
video08,TriClass-Cloud-FT,1691,1,1,0,0,0,0,0.8146498203277588
video08,TriClass-Cloud-FT,1692,1,1,0,0,0,0,0.8643583059310913
video08,TriClass-Cloud-FT,1693,1,1,0,0,0,0,0.8538265824317932
video08,TriClass-Cloud-FT,1694,1,1,0,0,0,0,0.8890770077705383
video08,TriClass-Cloud-FT,1695,1,1,0,0,0,0,0.7595062851905823
video08,TriClass-Cloud-FT,1696,1,1,0,0,0,0,0.8245095610618591
video08,TriClass-Cloud-FT,1697,1,1,0,0,0,0,0.8097650408744812
video08,TriClass-Cloud-FT,1698,1,1,0,0,0,0,0.8470166325569153
video08,TriClass-Cloud-FT,1699,0,0,0,0,0,0,0.0
video08,TriClass-Cloud-FT,1700,1,1,0,0,0,0,0.4689802825450897
video08,TriClass-Cloud-FT,1701,1,1,0,0,0,0,0.9057899713516235
video08,TriClass-Cloud-FT,1702,2,2,0,0,0,0,0.5605907440185547
video08,TriClass-Cloud-FT,1703,1,1,0,0,0,0,0.7703693509101868
video08,TriClass-Cloud-FT,1704,1,1,0,0,0,0,0.9126894474029541
video08,TriClass-Cloud-FT,1705,2,2,0,0,0,0,0.8322528600692749
video08,TriClass-Cloud-FT,1706,1,1,0,0,0,0,0.9108890891075134
video08,TriClass-Cloud-FT,1707,1,1,0,0,0,0,0.8571867942810059
video08,TriClass-Cloud-FT,1708,2,2,0,0,0,0,0.6888765096664429
video08,TriClass-Cloud-FT,1709,1,1,0,0,0,0,0.9149819016456604
video08,TriClass-Cloud-FT,1710,2,2,0,0,0,0,0.8179194331169128
video08,TriClass-Cloud-FT,1711,2,2,0,0,0,0,0.9036835432052612
video08,TriClass-Cloud-FT,1712,2,2,0,0,0,0,0.6349032521247864
video08,TriClass-Cloud-FT,1713,1,1,0,0,0,0,0.9252902269363403
video08,TriClass-Cloud-FT,1714,1,1,0,0,0,0,0.9357349872589111
video08,TriClass-Cloud-FT,1715,1,1,0,0,0,0,0.9294614195823669
video08,TriClass-Cloud-FT,1716,1,1,0,0,0,0,0.9335284233093262
video08,TriClass-Cloud-FT,1717,1,1,0,0,0,0,0.9123430848121643
video08,TriClass-Cloud-FT,1718,1,1,0,0,0,0,0.9102982878684998
video08,TriClass-Cloud-FT,1719,1,1,0,0,0,0,0.8014952540397644
video08,TriClass-Cloud-FT,1720,1,1,0,0,0,0,0.8912575840950012
video08,TriClass-Cloud-FT,1721,1,1,0,0,0,0,0.9131724238395691
video08,TriClass-Cloud-FT,1722,1,1,0,0,0,0,0.9204061031341553
video08,TriClass-Cloud-FT,1723,1,1,0,0,0,0,0.9018954634666443
video08,TriClass-Cloud-FT,1724,1,1,0,0,0,0,0.9214191436767578
video08,TriClass-Cloud-FT,1725,1,1,0,0,0,0,0.9066234827041626
video08,TriClass-Cloud-FT,1726,1,1,0,0,0,0,0.9292405247688293
video08,TriClass-Cloud-FT,1727,1,1,0,0,0,0,0.929521381855011
video08,TriClass-Cloud-FT,1728,1,1,0,0,0,0,0.8917843699455261
video08,TriClass-Cloud-FT,1729,1,1,0,0,0,0,0.9297001361846924
video08,TriClass-Cloud-FT,1730,1,1,0,0,0,0,0.913159191608429
video08,TriClass-Cloud-FT,1731,1,1,0,0,0,0,0.9187668561935425
video08,TriClass-Cloud-FT,1732,1,1,0,0,0,0,0.5714438557624817
video08,TriClass-Cloud-FT,1733,1,1,0,0,0,0,0.8079447150230408
video08,TriClass-Cloud-FT,1734,1,1,0,0,0,0,0.9192885160446167
video08,TriClass-Cloud-FT,1735,1,1,0,0,0,0,0.8601804375648499
video08,TriClass-Cloud-FT,1736,2,2,0,0,0,0,0.8288708925247192
video08,TriClass-Cloud-FT,1737,1,1,0,0,0,0,0.8437135815620422
video08,TriClass-Cloud-FT,1738,1,1,0,0,0,0,0.9148580431938171
video08,TriClass-Cloud-FT,1739,1,1,0,0,0,0,0.8627051115036011
video08,TriClass-Cloud-FT,1740,1,1,0,0,0,0,0.9061451554298401
video08,TriClass-Cloud-FT,1741,1,1,0,0,0,0,0.899487316608429
video08,TriClass-Cloud-FT,1742,1,1,0,0,0,0,0.8540422320365906
video08,TriClass-Cloud-FT,1743,1,1,0,0,0,0,0.8756129145622253
video08,TriClass-Cloud-FT,1744,1,1,0,0,0,0,0.9126797318458557
video08,TriClass-Cloud-FT,1745,1,1,0,0,0,0,0.9155056476593018
video08,TriClass-Cloud-FT,1746,1,1,0,0,0,0,0.6265420317649841
video08,TriClass-Cloud-FT,1747,1,1,0,0,0,0,0.8880698084831238
video08,TriClass-Cloud-FT,1748,1,1,0,0,0,0,0.9021368622779846
video08,TriClass-Cloud-FT,1749,1,1,0,0,0,0,0.8908266425132751
video08,TriClass-Cloud-FT,1750,1,1,0,0,0,0,0.8977334499359131
video08,TriClass-Cloud-FT,1751,1,1,0,0,0,0,0.9159374833106995
video08,TriClass-Cloud-FT,1752,1,1,0,0,0,0,0.9124128818511963
video08,TriClass-Cloud-FT,1753,1,1,0,0,0,0,0.9126933217048645
video08,TriClass-Cloud-FT,1754,1,1,0,0,0,0,0.9202322363853455
video08,TriClass-Cloud-FT,1755,1,1,0,0,0,0,0.9108918309211731
video08,TriClass-Cloud-FT,1756,1,1,0,0,0,0,0.915585994720459
video08,TriClass-Cloud-FT,1757,1,1,0,0,0,0,0.904842734336853
video08,TriClass-Cloud-FT,1758,1,1,0,0,0,0,0.8858242034912109
video08,TriClass-Cloud-FT,1759,1,1,0,0,0,0,0.9101401567459106
video08,TriClass-Cloud-FT,1760,1,1,0,0,0,0,0.9001092910766602
video08,TriClass-Cloud-FT,1761,1,1,0,0,0,0,0.899215817451477
video08,TriClass-Cloud-FT,1762,1,1,0,0,0,0,0.9012308120727539
video08,TriClass-Cloud-FT,1763,1,1,0,0,0,0,0.9049205183982849
video08,TriClass-Cloud-FT,1764,1,1,0,0,0,0,0.8914813995361328
video08,TriClass-Cloud-FT,1765,1,1,0,0,0,0,0.915148913860321
video08,TriClass-Cloud-FT,1766,1,1,0,0,0,0,0.9165689945220947
video08,TriClass-Cloud-FT,1767,1,1,0,0,0,0,0.8550487756729126
video08,TriClass-Cloud-FT,1768,1,1,0,0,0,0,0.9029803276062012
video08,TriClass-Cloud-FT,1769,1,1,0,0,0,0,0.9046286344528198
video08,TriClass-Cloud-FT,1770,1,1,0,0,0,0,0.9051259756088257
video08,TriClass-Cloud-FT,1771,1,1,0,0,0,0,0.9021919965744019
video08,TriClass-Cloud-FT,1772,1,1,0,0,0,0,0.9086340665817261
video08,TriClass-Cloud-FT,1773,1,1,0,0,0,0,0.9058108329772949
video08,TriClass-Cloud-FT,1774,1,1,0,0,0,0,0.9005035161972046
video08,TriClass-Cloud-FT,1775,1,1,0,0,0,0,0.9087604880332947
video08,TriClass-Cloud-FT,1776,1,1,0,0,0,0,0.9133753180503845
video08,TriClass-Cloud-FT,1777,1,1,0,0,0,0,0.8833529949188232
video08,TriClass-Cloud-FT,1778,2,2,0,0,1,0,0.7506130933761597
video08,TriClass-Cloud-FT,1779,1,1,0,0,0,0,0.8136370182037354
video08,TriClass-Cloud-FT,1780,1,1,0,0,0,0,0.8776196241378784
video08,TriClass-Cloud-FT,1781,1,1,0,0,0,0,0.8626895546913147
video08,TriClass-Cloud-FT,1782,1,1,0,0,0,0,0.8736089468002319
video08,TriClass-Cloud-FT,1783,1,1,0,0,0,0,0.7549588680267334
video08,TriClass-Cloud-FT,1784,1,1,0,0,0,0,0.8723514080047607
video08,TriClass-Cloud-FT,1785,1,1,0,0,0,0,0.8222332000732422
video08,TriClass-Cloud-FT,1786,1,1,0,0,0,0,0.8788045048713684
video08,TriClass-Cloud-FT,1787,1,1,0,0,0,0,0.8895946741104126
video08,TriClass-Cloud-FT,1788,1,1,0,0,0,0,0.8921073079109192
video08,TriClass-Cloud-FT,1789,1,1,0,0,0,0,0.9079695343971252
video08,TriClass-Cloud-FT,1790,1,1,0,0,0,0,0.8635470867156982
video08,TriClass-Cloud-FT,1791,1,1,0,0,0,0,0.8795102834701538
video08,TriClass-Cloud-FT,1792,1,1,0,0,0,0,0.8084316849708557
video08,TriClass-Cloud-FT,1793,1,1,0,0,0,0,0.8668197393417358
video08,TriClass-Cloud-FT,1794,1,1,0,0,0,0,0.876076877117157
video08,TriClass-Cloud-FT,1795,1,1,0,0,0,0,0.8780351281166077
video08,TriClass-Cloud-FT,1796,1,1,0,0,0,0,0.8831285238265991
video08,TriClass-Cloud-FT,1797,1,1,0,0,0,0,0.9004490971565247
video08,TriClass-Cloud-FT,1798,1,1,0,0,0,0,0.8973751068115234
video08,TriClass-Cloud-FT,1799,1,1,0,0,0,0,0.9032958745956421
video08,TriClass-Cloud-FT,1800,1,1,0,0,0,0,0.9108682870864868
video08,TriClass-Cloud-FT,1801,1,1,0,0,0,0,0.9170090556144714
video08,TriClass-Cloud-FT,1802,1,1,0,0,0,0,0.8983374834060669
video08,TriClass-Cloud-FT,1803,1,1,0,0,0,0,0.8891263008117676
video08,TriClass-Cloud-FT,1804,1,1,0,0,0,0,0.914074718952179
video08,TriClass-Cloud-FT,1805,1,1,0,0,0,0,0.9181466102600098
video08,TriClass-Cloud-FT,1806,1,1,0,0,0,0,0.8997591733932495
video08,TriClass-Cloud-FT,1807,1,1,0,0,0,0,0.9144098162651062
video08,TriClass-Cloud-FT,1808,1,1,0,0,0,0,0.9113041758537292
video08,TriClass-Cloud-FT,1809,1,1,0,0,0,0,0.9183917045593262
video08,TriClass-Cloud-FT,1810,2,2,0,0,0,0,0.5847052335739136
video08,TriClass-Cloud-FT,1811,1,1,0,0,0,0,0.9101929068565369
video08,TriClass-Cloud-FT,1812,1,1,0,0,0,0,0.9135056138038635
video08,TriClass-Cloud-FT,1813,1,1,0,0,0,0,0.9134907126426697
video08,TriClass-Cloud-FT,1814,1,1,0,0,0,0,0.9141336679458618
video08,TriClass-Cloud-FT,1815,1,1,0,0,0,0,0.9173837900161743
video08,TriClass-Cloud-FT,1816,1,1,0,0,0,0,0.9139462113380432
video08,TriClass-Cloud-FT,1817,1,1,0,0,0,0,0.9030426740646362
video08,TriClass-Cloud-FT,1818,1,1,0,0,0,0,0.9105110764503479
video08,TriClass-Cloud-FT,1819,1,1,0,0,0,0,0.8979395627975464
video08,TriClass-Cloud-FT,1820,2,2,0,0,0,0,0.8929325342178345
video08,TriClass-Cloud-FT,1821,1,1,0,0,0,0,0.9032300114631653
video08,TriClass-Cloud-FT,1822,1,1,0,0,0,0,0.9175189733505249
video08,TriClass-Cloud-FT,1823,1,1,0,0,0,0,0.8861586451530457
video08,TriClass-Cloud-FT,1824,1,1,0,0,0,0,0.9067234396934509
video08,TriClass-Cloud-FT,1825,1,1,0,0,0,0,0.8981412649154663
video08,TriClass-Cloud-FT,1826,1,1,0,0,0,0,0.8981953859329224
video08,TriClass-Cloud-FT,1827,1,1,0,0,0,0,0.8948872685432434
video08,TriClass-Cloud-FT,1828,1,1,0,0,0,0,0.895113468170166
video08,TriClass-Cloud-FT,1829,1,1,0,0,0,0,0.8886797428131104
video08,TriClass-Cloud-FT,1830,1,1,0,0,0,0,0.8951104283332825
video08,TriClass-Cloud-FT,1831,1,1,0,0,0,0,0.9055111408233643
video08,TriClass-Cloud-FT,1832,1,1,0,0,0,0,0.9001370072364807
video08,TriClass-Cloud-FT,1833,1,1,0,0,0,0,0.890325129032135
video08,TriClass-Cloud-FT,1834,1,1,0,0,0,0,0.8890484571456909
video08,TriClass-Cloud-FT,1835,1,1,0,0,0,0,0.903919517993927
video08,TriClass-Cloud-FT,1836,1,1,0,0,0,0,0.8908796906471252
video08,TriClass-Cloud-FT,1837,1,1,0,0,0,0,0.8995251059532166
video08,TriClass-Cloud-FT,1838,1,1,0,0,0,0,0.8984355926513672
video08,TriClass-Cloud-FT,1839,1,1,0,0,0,0,0.8950815796852112
video08,TriClass-Cloud-FT,1840,1,1,0,0,0,0,0.8856812715530396
video08,TriClass-Cloud-FT,1841,1,1,0,0,0,0,0.8904767632484436
video08,TriClass-Cloud-FT,1842,1,1,0,0,0,0,0.8978496789932251
video08,TriClass-Cloud-FT,1843,1,1,0,0,0,0,0.8858453035354614
video08,TriClass-Cloud-FT,1844,1,1,0,0,0,0,0.9093071222305298
video08,TriClass-Cloud-FT,1845,1,1,0,0,0,0,0.8986932635307312
video08,TriClass-Cloud-FT,1846,1,1,0,0,0,0,0.9041699767112732
video08,TriClass-Cloud-FT,1847,1,1,0,0,0,0,0.897906482219696
video08,TriClass-Cloud-FT,1848,1,1,0,0,0,0,0.9112961888313293
video08,TriClass-Cloud-FT,1849,1,1,0,0,0,0,0.9030627012252808
video08,TriClass-Cloud-FT,1850,1,1,0,0,0,0,0.9067237377166748
video08,TriClass-Cloud-FT,1851,1,1,0,0,0,0,0.8818124532699585
video08,TriClass-Cloud-FT,1852,1,1,0,0,0,0,0.8836039304733276
video08,TriClass-Cloud-FT,1853,1,1,0,0,0,0,0.8910630941390991
video08,TriClass-Cloud-FT,1854,1,1,0,0,0,0,0.8206102848052979
video08,TriClass-Cloud-FT,1855,1,1,0,0,0,0,0.8921881318092346
video08,TriClass-Cloud-FT,1856,1,1,0,0,0,0,0.9129269123077393
video08,TriClass-Cloud-FT,1857,1,1,0,0,0,0,0.905813455581665
video08,TriClass-Cloud-FT,1858,1,1,0,0,0,0,0.8988776206970215
video08,TriClass-Cloud-FT,1859,1,1,0,0,0,0,0.88181072473526
video08,TriClass-Cloud-FT,1860,2,2,0,0,0,0,0.7735915780067444
video08,TriClass-Cloud-FT,1861,1,1,0,0,0,0,0.8951738476753235
video08,TriClass-Cloud-FT,1862,1,1,0,0,0,0,0.8570519685745239
video08,TriClass-Cloud-FT,1863,1,1,0,0,0,0,0.8921672701835632
video08,TriClass-Cloud-FT,1864,1,1,0,0,0,0,0.8856531381607056
video08,TriClass-Cloud-FT,1865,1,1,0,0,0,0,0.8989789485931396
video08,TriClass-Cloud-FT,1866,1,1,0,0,0,0,0.8729905486106873
video08,TriClass-Cloud-FT,1867,1,1,0,0,0,0,0.8408430814743042
video08,TriClass-Cloud-FT,1868,1,1,0,0,0,0,0.8825501203536987
video08,TriClass-Cloud-FT,1869,2,2,0,0,0,0,0.827197253704071
video08,TriClass-Cloud-FT,1870,1,1,0,0,0,0,0.8901003003120422
video08,TriClass-Cloud-FT,1871,1,1,0,0,0,0,0.8780472874641418
video08,TriClass-Cloud-FT,1872,1,1,0,0,0,0,0.8877280950546265
video08,TriClass-Cloud-FT,1873,1,1,0,0,0,0,0.9171659350395203
video08,TriClass-Cloud-FT,1874,1,1,0,0,0,0,0.8895540833473206
video08,TriClass-Cloud-FT,1875,1,1,0,0,0,0,0.8880993127822876
video08,TriClass-Cloud-FT,1876,1,1,0,0,0,0,0.8771139979362488
video08,TriClass-Cloud-FT,1877,1,1,0,0,0,0,0.8852512240409851
video08,TriClass-Cloud-FT,1878,1,1,0,0,0,0,0.7202737331390381
video08,TriClass-Cloud-FT,1879,1,1,0,0,0,0,0.8693793416023254
video08,TriClass-Cloud-FT,1880,1,1,0,0,0,0,0.7883665561676025
video08,TriClass-Cloud-FT,1881,1,1,0,0,0,0,0.855758547782898
video08,TriClass-Cloud-FT,1882,1,1,0,0,0,0,0.9064714908599854
video08,TriClass-Cloud-FT,1883,1,1,0,0,0,0,0.9116002321243286
video08,TriClass-Cloud-FT,1884,1,1,0,0,0,0,0.9031027555465698
video08,TriClass-Cloud-FT,1885,1,1,0,0,0,0,0.872532069683075
video08,TriClass-Cloud-FT,1886,1,1,0,0,0,0,0.9090913534164429
video08,TriClass-Cloud-FT,1887,2,2,0,0,0,0,0.6606433391571045
video08,TriClass-Cloud-FT,1888,1,1,0,0,0,0,0.895709216594696
video08,TriClass-Cloud-FT,1889,1,1,0,0,0,0,0.870564877986908
video08,TriClass-Cloud-FT,1890,1,1,0,0,0,0,0.8638904690742493
video08,TriClass-Cloud-FT,1891,1,1,0,0,0,0,0.9066428542137146
video08,TriClass-Cloud-FT,1892,1,1,0,0,0,0,0.8996279835700989
video08,TriClass-Cloud-FT,1893,1,1,0,0,0,0,0.8966089487075806
video08,TriClass-Cloud-FT,1894,1,1,0,0,0,0,0.83635413646698
video08,TriClass-Cloud-FT,1895,1,1,0,0,0,0,0.8949885964393616
video08,TriClass-Cloud-FT,1896,1,1,0,0,0,0,0.8976742625236511
video08,TriClass-Cloud-FT,1897,1,1,0,0,0,0,0.8932876586914062
video08,TriClass-Cloud-FT,1898,1,1,0,0,0,0,0.9033015966415405
video08,TriClass-Cloud-FT,1899,1,1,0,0,0,0,0.8361279964447021
video08,TriClass-Cloud-FT,1900,1,1,0,0,0,0,0.8640758991241455
video08,TriClass-Cloud-FT,1901,1,1,0,0,0,0,0.8956104516983032
video08,TriClass-Cloud-FT,1902,1,1,0,0,0,0,0.8917418122291565
video08,TriClass-Cloud-FT,1903,1,1,0,0,0,0,0.8965215682983398
video08,TriClass-Cloud-FT,1904,1,1,0,0,0,0,0.7884079217910767
video08,TriClass-Cloud-FT,1905,1,1,0,0,1,0,0.3201097846031189
video08,TriClass-Cloud-FT,1906,1,1,0,0,0,0,0.882152795791626
video08,TriClass-Cloud-FT,1907,1,1,0,0,0,0,0.7163589000701904
video08,TriClass-Cloud-FT,1908,1,1,0,0,0,0,0.8999391198158264
video08,TriClass-Cloud-FT,1909,0,0,0,0,0,0,0.0
video08,TriClass-Cloud-FT,1910,1,1,0,0,0,0,0.9036080241203308
video08,TriClass-Cloud-FT,1911,1,1,0,0,0,0,0.9021171927452087
video08,TriClass-Cloud-FT,1912,1,1,0,0,0,0,0.895270824432373
video08,TriClass-Cloud-FT,1913,2,2,0,0,0,0,0.7028639912605286
video08,TriClass-Cloud-FT,1914,1,1,0,0,0,0,0.9049743413925171
video08,TriClass-Cloud-FT,1915,2,2,0,0,0,0,0.5701139569282532
video08,TriClass-Cloud-FT,1916,1,1,0,0,0,0,0.8620233535766602
video08,TriClass-Cloud-FT,1917,2,2,0,0,0,0,0.5760776400566101
video08,TriClass-Cloud-FT,1918,1,1,0,0,0,0,0.8807785511016846
video08,TriClass-Cloud-FT,1919,1,1,0,0,0,0,0.7989405989646912
video08,TriClass-Cloud-FT,1920,2,2,0,0,1,0,0.41062355041503906
video08,TriClass-Cloud-FT,1921,1,1,0,0,0,0,0.5803838968276978
video08,TriClass-Cloud-FT,1922,1,1,0,0,0,0,0.8920252323150635
video08,TriClass-Cloud-FT,1923,1,1,0,0,0,0,0.5050185322761536
video08,TriClass-Cloud-FT,1924,1,1,0,0,0,0,0.9199478626251221
video08,TriClass-Cloud-FT,1925,1,1,0,0,0,0,0.8127705454826355
video08,TriClass-Cloud-FT,1926,1,1,0,0,0,0,0.8805820941925049
video08,TriClass-Cloud-FT,1927,1,1,0,0,0,0,0.5673067569732666
video08,TriClass-Cloud-FT,1928,1,1,0,0,0,0,0.8781797885894775
video08,TriClass-Cloud-FT,1929,0,0,0,0,0,0,0.0
video08,TriClass-Cloud-FT,1930,1,1,0,0,0,0,0.3594609498977661
video08,TriClass-Cloud-FT,1931,0,0,0,0,0,0,0.0
video08,TriClass-Cloud-FT,1932,1,1,0,0,0,0,0.3758549988269806
video08,TriClass-Cloud-FT,1933,1,1,0,0,0,0,0.7480831742286682
video08,TriClass-Cloud-FT,1934,1,1,0,0,0,0,0.800334095954895
video08,TriClass-Cloud-FT,1935,1,1,0,0,0,0,0.5624013543128967
video08,TriClass-Cloud-FT,1936,1,1,0,0,0,0,0.805368185043335
video08,TriClass-Cloud-FT,1937,1,1,0,0,0,0,0.805814266204834
video08,TriClass-Cloud-FT,1938,1,1,0,0,0,0,0.8755171895027161
video08,TriClass-Cloud-FT,1939,1,1,0,0,0,0,0.8216479420661926
video08,TriClass-Cloud-FT,1940,1,1,0,0,0,0,0.8430214524269104
video08,TriClass-Cloud-FT,1941,1,1,0,0,0,0,0.7939777970314026
video08,TriClass-Cloud-FT,1942,1,1,0,0,0,0,0.666014552116394
video08,TriClass-Cloud-FT,1943,1,1,0,0,0,0,0.7640962600708008
video08,TriClass-Cloud-FT,1944,0,0,0,0,0,0,0.0
video08,TriClass-Cloud-FT,1945,1,1,0,0,0,0,0.7642147541046143
video08,TriClass-Cloud-FT,1946,1,1,0,0,0,0,0.49191540479660034
video08,TriClass-Cloud-FT,1947,1,1,0,0,0,0,0.8404524326324463
video08,TriClass-Cloud-FT,1948,1,1,0,0,0,0,0.5314069390296936
video08,TriClass-Cloud-FT,1949,1,1,0,0,0,0,0.894313633441925
video08,TriClass-Cloud-FT,1950,2,2,0,0,0,0,0.6596539616584778
video08,TriClass-Cloud-FT,1951,0,0,0,0,0,0,0.0
video08,TriClass-Cloud-FT,1952,1,1,0,0,0,0,0.771389365196228
video08,TriClass-Cloud-FT,1953,1,1,0,0,0,0,0.6259616017341614
video08,TriClass-Cloud-FT,1954,0,0,0,0,0,0,0.0
video08,TriClass-Cloud-FT,1955,1,1,0,0,1,0,0.30473792552948
video08,TriClass-Cloud-FT,1956,1,1,0,0,0,0,0.6196288466453552
video08,TriClass-Cloud-FT,1957,1,1,0,0,0,0,0.6059843301773071
video08,TriClass-Cloud-FT,1958,1,1,0,0,0,0,0.5706920027732849
video08,TriClass-Cloud-FT,1959,1,1,0,0,0,0,0.6308306455612183
video08,TriClass-Cloud-FT,1960,1,1,0,0,0,0,0.7195447683334351
video08,TriClass-Cloud-FT,1961,1,1,0,0,0,0,0.7330942749977112
video08,TriClass-Cloud-FT,1962,1,1,0,0,0,0,0.7879458665847778
video08,TriClass-Cloud-FT,1963,1,1,0,0,0,0,0.8263647556304932
video08,TriClass-Cloud-FT,1964,1,1,0,0,0,0,0.5845242738723755
video08,TriClass-Cloud-FT,1965,1,1,0,0,0,0,0.785840630531311
video08,TriClass-Cloud-FT,1966,1,1,0,0,0,0,0.39399418234825134
video08,TriClass-Cloud-FT,1967,1,1,0,0,0,0,0.8608322739601135
video08,TriClass-Cloud-FT,1968,1,1,0,0,0,0,0.3847673833370209
video08,TriClass-Cloud-FT,1969,1,1,0,0,0,0,0.8966605067253113
video08,TriClass-Cloud-FT,1970,0,0,0,0,0,0,0.0
video08,TriClass-Cloud-FT,1971,1,1,0,0,0,0,0.8927052021026611
video08,TriClass-Cloud-FT,1972,1,1,0,0,1,0,0.3391612768173218
video08,TriClass-Cloud-FT,1973,1,1,0,0,0,0,0.907522976398468
video08,TriClass-Cloud-FT,1974,1,1,0,0,0,0,0.4347500205039978
video08,TriClass-Cloud-FT,1975,1,1,0,0,0,0,0.8685224056243896
video08,TriClass-Cloud-FT,1976,1,1,0,0,0,0,0.8548520803451538
video08,TriClass-Cloud-FT,1977,1,1,0,0,0,0,0.8861506581306458
video08,TriClass-Cloud-FT,1978,1,1,0,0,0,0,0.8321846127510071
video08,TriClass-Cloud-FT,1979,1,1,0,0,0,0,0.9145842790603638
video08,TriClass-Cloud-FT,1980,1,1,0,0,0,0,0.862589418888092
video08,TriClass-Cloud-FT,1981,1,1,0,0,0,0,0.9227787852287292
video08,TriClass-Cloud-FT,1982,1,1,0,0,0,0,0.9179006814956665
video08,TriClass-Cloud-FT,1983,1,1,0,0,0,0,0.9217962026596069
video08,TriClass-Cloud-FT,1984,1,1,0,0,0,0,0.7937358617782593
video08,TriClass-Cloud-FT,1985,1,1,0,0,0,0,0.9273340106010437
video08,TriClass-Cloud-FT,1986,1,1,0,0,0,0,0.9148417115211487
video08,TriClass-Cloud-FT,1987,1,1,0,0,0,0,0.9223346710205078
video08,TriClass-Cloud-FT,1988,1,1,0,0,0,0,0.9127389788627625
video08,TriClass-Cloud-FT,1989,1,1,0,0,0,0,0.918487012386322
video08,TriClass-Cloud-FT,1990,1,1,0,0,0,0,0.9156209826469421
video08,TriClass-Cloud-FT,1991,1,1,0,0,0,0,0.851305365562439
video08,TriClass-Cloud-FT,1992,1,1,0,0,0,0,0.7531864643096924
video08,TriClass-Cloud-FT,1993,1,1,0,0,0,0,0.5271081328392029
video08,TriClass-Cloud-FT,1994,1,1,0,0,0,0,0.6703115105628967
video08,TriClass-Cloud-FT,1995,1,1,0,0,0,0,0.4163249433040619
video08,TriClass-Cloud-FT,1996,1,1,0,0,1,0,0.3225332796573639
video08,TriClass-Cloud-FT,1997,1,1,0,0,1,0,0.3181609809398651
video08,TriClass-Cloud-FT,1998,2,2,0,0,1,0,0.39399269223213196
video08,TriClass-Cloud-FT,1999,1,1,0,0,0,0,0.7879308462142944
video08,TriClass-Cloud-FT,2000,1,1,0,0,0,0,0.836274266242981
video08,TriClass-Cloud-FT,2001,1,1,0,0,0,0,0.8512284755706787
video08,TriClass-Cloud-FT,2002,1,1,0,0,0,0,0.918941080570221
video08,TriClass-Cloud-FT,2003,1,1,0,0,0,0,0.8961195349693298
video08,TriClass-Cloud-FT,2004,1,1,0,0,0,0,0.7695406079292297
video08,TriClass-Cloud-FT,2005,1,1,0,0,0,0,0.8829760551452637
video08,TriClass-Cloud-FT,2006,1,1,0,0,0,0,0.838343620300293
video08,TriClass-Cloud-FT,2007,1,1,0,0,0,0,0.8940147161483765
video08,TriClass-Cloud-FT,2008,1,1,0,0,0,0,0.8637621402740479
video08,TriClass-Cloud-FT,2009,1,1,0,0,0,0,0.8895615339279175
video08,TriClass-Cloud-FT,2010,1,1,0,0,0,0,0.9015608429908752
video08,TriClass-Cloud-FT,2011,1,1,0,0,0,0,0.7854900360107422
video08,TriClass-Cloud-FT,2012,2,2,0,0,1,0,0.3743244409561157
video08,TriClass-Cloud-FT,2013,2,2,0,0,0,0,0.6260022521018982
video08,TriClass-Cloud-FT,2014,1,1,0,0,0,0,0.8677788376808167
video08,TriClass-Cloud-FT,2015,1,1,0,0,0,0,0.9160723090171814
video08,TriClass-Cloud-FT,2016,1,1,0,0,0,0,0.8949013352394104
video08,TriClass-Cloud-FT,2017,1,1,0,0,0,0,0.8358548283576965
video08,TriClass-Cloud-FT,2018,1,1,0,0,0,0,0.920167863368988
video08,TriClass-Cloud-FT,2019,1,1,0,0,0,0,0.8222368359565735
video08,TriClass-Cloud-FT,2020,1,1,0,0,0,0,0.8955910205841064
video08,TriClass-Cloud-FT,2021,1,1,0,0,1,0,0.3173764646053314
video08,TriClass-Cloud-FT,2022,1,1,0,0,0,0,0.892964243888855
video08,TriClass-Cloud-FT,2023,1,1,0,0,1,0,0.2956370413303375
video08,TriClass-Cloud-FT,2024,1,1,0,0,0,0,0.869601309299469
video08,TriClass-Cloud-FT,2025,0,0,0,0,0,0,0.0
video08,TriClass-Cloud-FT,2026,1,1,0,0,0,0,0.6639547944068909
video08,TriClass-Cloud-FT,2027,1,1,0,0,0,0,0.8394871354103088
video08,TriClass-Cloud-FT,2028,1,1,0,0,0,0,0.8003578782081604
video08,TriClass-Cloud-FT,2029,1,1,0,0,0,0,0.9081002473831177
video08,TriClass-Cloud-FT,2030,1,1,0,0,0,0,0.4408610165119171
video08,TriClass-Cloud-FT,2031,1,1,0,0,0,0,0.9144560694694519
video08,TriClass-Cloud-FT,2032,1,1,0,0,0,0,0.8127850294113159
video08,TriClass-Cloud-FT,2033,1,1,0,0,0,0,0.8818690180778503
video08,TriClass-Cloud-FT,2034,1,1,0,0,0,0,0.8811166882514954
video08,TriClass-Cloud-FT,2035,1,1,0,0,0,0,0.697256863117218
video08,TriClass-Cloud-FT,2036,1,1,0,0,1,0,0.32710108160972595
video08,TriClass-Cloud-FT,2037,1,1,0,0,0,0,0.5576862692832947
video08,TriClass-Cloud-FT,2038,1,1,0,0,0,0,0.8724310994148254
video08,TriClass-Cloud-FT,2039,1,1,0,0,0,0,0.6143110394477844
video08,TriClass-Cloud-FT,2040,1,1,0,0,1,0,0.3489626944065094
video08,TriClass-Cloud-FT,2041,0,0,0,0,0,0,0.0
video08,TriClass-Cloud-FT,2042,1,1,0,0,0,0,0.3855368494987488
video08,TriClass-Cloud-FT,2043,1,1,0,0,0,0,0.9119073152542114
video08,TriClass-Cloud-FT,2044,1,1,0,0,0,0,0.884280800819397
video08,TriClass-Cloud-FT,2045,1,1,0,0,0,0,0.9063109755516052
video08,TriClass-Cloud-FT,2046,0,0,0,0,0,0,0.0
video08,TriClass-Cloud-FT,2047,1,1,0,0,0,0,0.821902334690094
video08,TriClass-Cloud-FT,2048,1,1,0,0,0,0,0.8878660202026367
video08,TriClass-Cloud-FT,2049,1,1,0,0,0,0,0.7724213600158691
video08,TriClass-Cloud-FT,2050,1,1,0,0,0,0,0.7841518521308899
video08,TriClass-Cloud-FT,2051,1,1,0,0,0,0,0.5104674100875854
video08,TriClass-Cloud-FT,2052,1,1,0,0,0,0,0.9205455780029297
video08,TriClass-Cloud-FT,2053,2,2,0,0,0,0,0.5896729826927185
video08,TriClass-Cloud-FT,2054,1,1,0,0,0,0,0.9159443974494934
video08,TriClass-Cloud-FT,2055,0,0,0,0,0,0,0.0
video08,TriClass-Cloud-FT,2056,1,1,0,0,0,0,0.9111068248748779
video08,TriClass-Cloud-FT,2057,1,1,0,0,0,0,0.8992851376533508
video08,TriClass-Cloud-FT,2058,1,1,0,0,0,0,0.4258013367652893
video08,TriClass-Cloud-FT,2059,0,0,0,0,0,0,0.0
video08,TriClass-Cloud-FT,2060,1,1,0,0,0,0,0.44870978593826294
video08,TriClass-Cloud-FT,2061,1,1,0,0,0,0,0.8625765442848206
video08,TriClass-Cloud-FT,2062,1,1,0,0,0,0,0.6085858941078186
video08,TriClass-Cloud-FT,2063,1,1,0,0,0,0,0.8746438026428223
video08,TriClass-Cloud-FT,2064,1,1,0,0,0,0,0.5720874071121216
video08,TriClass-Cloud-FT,2065,1,1,0,0,0,0,0.6235277652740479
video08,TriClass-Cloud-FT,2066,1,1,0,0,0,0,0.6569876074790955
video08,TriClass-Cloud-FT,2067,2,2,0,0,1,0,0.45093971490859985
video08,TriClass-Cloud-FT,2068,1,1,0,0,0,0,0.9004879593849182
video08,TriClass-Cloud-FT,2069,1,1,0,0,0,0,0.591940701007843
video08,TriClass-Cloud-FT,2070,1,1,0,0,0,0,0.5827141404151917
video08,TriClass-Cloud-FT,2071,1,1,0,0,0,0,0.6120936870574951
video08,TriClass-Cloud-FT,2072,1,1,0,0,0,0,0.3830231726169586
video08,TriClass-Cloud-FT,2073,1,1,0,0,0,0,0.792041540145874
video08,TriClass-Cloud-FT,2074,1,1,0,0,0,0,0.7399457693099976
video08,TriClass-Cloud-FT,2075,1,1,0,0,0,0,0.8062175512313843
video08,TriClass-Cloud-FT,2076,1,1,0,0,0,0,0.6562001705169678
video08,TriClass-Cloud-FT,2077,1,1,0,0,0,0,0.7683958411216736
video08,TriClass-Cloud-FT,2078,1,1,0,0,0,0,0.7764978408813477
video08,TriClass-Cloud-FT,2079,1,1,0,0,0,0,0.7749239206314087
video08,TriClass-Cloud-FT,2080,1,1,0,0,0,0,0.8656228184700012
video08,TriClass-Cloud-FT,2081,1,1,0,0,0,0,0.5236280560493469
video08,TriClass-Cloud-FT,2082,1,1,0,0,0,0,0.8601304292678833
video08,TriClass-Cloud-FT,2083,1,1,0,0,0,0,0.3961518704891205
video08,TriClass-Cloud-FT,2084,1,1,0,0,0,0,0.8806810975074768
video08,TriClass-Cloud-FT,2085,1,1,0,0,0,0,0.5866967439651489
video08,TriClass-Cloud-FT,2086,1,1,0,0,0,0,0.8978288769721985
video08,TriClass-Cloud-FT,2087,1,1,0,0,0,0,0.7916663289070129
video08,TriClass-Cloud-FT,2088,1,1,0,0,0,0,0.7810349464416504
video08,TriClass-Cloud-FT,2089,1,1,0,0,0,0,0.522485077381134
video08,TriClass-Cloud-FT,2090,1,1,0,0,0,0,0.7285488247871399
video08,TriClass-Cloud-FT,2091,0,0,0,0,0,0,0.0
video08,TriClass-Cloud-FT,2092,1,1,0,0,0,0,0.7714072465896606
video08,TriClass-Cloud-FT,2093,1,1,0,0,0,0,0.8587546944618225
video08,TriClass-Cloud-FT,2094,1,1,0,0,0,0,0.747123658657074
video08,TriClass-Cloud-FT,2095,1,1,0,0,0,0,0.5982599258422852
video08,TriClass-Cloud-FT,2096,1,1,0,0,0,0,0.8004672527313232
video08,TriClass-Cloud-FT,2097,1,1,0,0,0,0,0.5379612445831299
video08,TriClass-Cloud-FT,2098,1,1,0,0,0,0,0.8255194425582886
video08,TriClass-Cloud-FT,2099,1,1,0,0,0,0,0.40867680311203003
video08,TriClass-Cloud-FT,2100,1,1,0,0,0,0,0.870294451713562
video08,TriClass-Cloud-FT,2101,1,1,0,0,1,0,0.30809080600738525
video08,TriClass-Cloud-FT,2102,1,1,0,0,0,0,0.8823654651641846
video08,TriClass-Cloud-FT,2103,1,1,0,0,1,0,0.31461989879608154
video08,TriClass-Cloud-FT,2104,2,2,0,0,2,0,0.27787044644355774
video08,TriClass-Cloud-FT,2105,1,1,0,0,0,0,0.5459898114204407
video08,TriClass-Cloud-FT,2106,1,1,0,0,0,0,0.4293298125267029
video08,TriClass-Cloud-FT,2107,1,1,0,0,0,0,0.39795807003974915
video08,TriClass-Cloud-FT,2108,1,1,0,0,0,0,0.7358568906784058
video08,TriClass-Cloud-FT,2109,1,1,0,0,0,0,0.8692353367805481
video08,TriClass-Cloud-FT,2110,1,1,0,0,0,0,0.7965673804283142
video08,TriClass-Cloud-FT,2111,1,1,0,0,0,0,0.8712717890739441
video08,TriClass-Cloud-FT,2112,1,1,0,0,0,0,0.8080982565879822
video08,TriClass-Cloud-FT,2113,1,1,0,0,0,0,0.9004830121994019
video08,TriClass-Cloud-FT,2114,1,1,0,0,0,0,0.744706392288208
video08,TriClass-Cloud-FT,2115,1,1,0,0,0,0,0.8703721165657043
video08,TriClass-Cloud-FT,2116,2,2,0,0,0,0,0.6243368983268738
video08,TriClass-Cloud-FT,2117,1,1,0,0,0,0,0.8888949155807495
video08,TriClass-Cloud-FT,2118,1,1,0,0,0,0,0.7270070314407349
video08,TriClass-Cloud-FT,2119,1,1,0,0,0,0,0.8754145503044128
video08,TriClass-Cloud-FT,2120,1,1,0,0,0,0,0.8527142405509949
video08,TriClass-Cloud-FT,2121,2,2,0,0,0,0,0.7297842502593994
video08,TriClass-Cloud-FT,2122,1,1,0,0,0,0,0.4131314158439636
video08,TriClass-Cloud-FT,2123,1,1,0,0,0,0,0.8923816680908203
video08,TriClass-Cloud-FT,2124,1,1,0,0,0,0,0.8829963803291321
video08,TriClass-Cloud-FT,2125,1,1,0,0,0,0,0.8590720295906067
video08,TriClass-Cloud-FT,2126,1,1,0,0,0,0,0.9073537588119507
video08,TriClass-Cloud-FT,2127,1,1,0,0,0,0,0.8905397057533264
video08,TriClass-Cloud-FT,2128,1,1,0,0,0,0,0.8856614828109741
video08,TriClass-Cloud-FT,2129,1,1,0,0,0,0,0.890073299407959
video08,TriClass-Cloud-FT,2130,1,1,0,0,0,0,0.8000261187553406
video08,TriClass-Cloud-FT,2131,1,1,0,0,0,0,0.5917923450469971
video08,TriClass-Cloud-FT,2132,1,1,0,0,0,0,0.8964497447013855
video08,TriClass-Cloud-FT,2133,1,1,0,0,0,0,0.8777128458023071
video08,TriClass-Cloud-FT,2134,1,1,0,0,0,0,0.7899488806724548
video08,TriClass-Cloud-FT,2135,1,1,0,0,0,0,0.870800793170929
video08,TriClass-Cloud-FT,2136,1,1,0,0,0,0,0.8853340148925781
video08,TriClass-Cloud-FT,2137,1,1,0,0,0,0,0.857099175453186
video08,TriClass-Cloud-FT,2138,1,1,0,0,0,0,0.880676805973053
video08,TriClass-Cloud-FT,2139,1,1,0,0,0,0,0.8767974376678467
video08,TriClass-Cloud-FT,2140,1,1,0,0,0,0,0.8440272808074951
video08,TriClass-Cloud-FT,2141,1,1,0,0,0,0,0.8937143683433533
video08,TriClass-Cloud-FT,2142,1,1,0,0,0,0,0.9008103609085083
video08,TriClass-Cloud-FT,2143,1,1,0,0,0,0,0.9031248092651367
video08,TriClass-Cloud-FT,2144,1,1,0,0,0,0,0.9054304957389832
video08,TriClass-Cloud-FT,2145,1,1,0,0,0,0,0.9101643562316895
video08,TriClass-Cloud-FT,2146,1,1,0,0,0,0,0.8957400321960449
video08,TriClass-Cloud-FT,2147,1,1,0,0,0,0,0.9023948311805725
video08,TriClass-Cloud-FT,2148,1,1,0,0,0,0,0.89999920129776
video08,TriClass-Cloud-FT,2149,1,1,0,0,0,0,0.8988062143325806
video08,TriClass-Cloud-FT,2150,1,1,0,0,0,0,0.6925851702690125
video08,TriClass-Cloud-FT,2151,1,1,0,0,0,0,0.8669081330299377
video08,TriClass-Cloud-FT,2152,1,1,0,0,0,0,0.8918226957321167
video08,TriClass-Cloud-FT,2153,1,1,0,0,0,0,0.8619919419288635
video08,TriClass-Cloud-FT,2154,1,1,0,0,0,0,0.8978202939033508
video08,TriClass-Cloud-FT,2155,2,2,0,0,0,0,0.8816549181938171
video08,TriClass-Cloud-FT,2156,1,1,0,0,0,0,0.8946626782417297
video08,TriClass-Cloud-FT,2157,1,1,0,0,0,0,0.8975130319595337
video08,TriClass-Cloud-FT,2158,1,1,0,0,0,0,0.9111817479133606
video08,TriClass-Cloud-FT,2159,1,1,0,0,0,0,0.8932251334190369
video08,TriClass-Cloud-FT,2160,1,1,0,0,0,0,0.8952378630638123
video08,TriClass-Cloud-FT,2161,1,1,0,0,0,0,0.886473536491394
video08,TriClass-Cloud-FT,2162,1,1,0,0,0,0,0.8956059217453003
video08,TriClass-Cloud-FT,2163,2,2,0,0,0,0,0.741558313369751
video08,TriClass-Cloud-FT,2164,1,1,0,0,0,0,0.9037182331085205
video08,TriClass-Cloud-FT,2165,1,1,0,0,0,0,0.9168684482574463
video08,TriClass-Cloud-FT,2166,1,1,0,0,0,0,0.8545021414756775
video08,TriClass-Cloud-FT,2167,1,1,0,0,0,0,0.8951675295829773
video08,TriClass-Cloud-FT,2168,1,1,0,0,0,0,0.9053989052772522
video08,TriClass-Cloud-FT,2169,1,1,0,0,0,0,0.9038618206977844
video08,TriClass-Cloud-FT,2170,1,1,0,0,0,0,0.8980637788772583
video08,TriClass-Cloud-FT,2171,1,1,0,0,0,0,0.9144811630249023
video08,TriClass-Cloud-FT,2172,1,1,0,0,0,0,0.9090744256973267
video08,TriClass-Cloud-FT,2173,1,1,0,0,0,0,0.9059659838676453
video08,TriClass-Cloud-FT,2174,1,1,0,0,0,0,0.9254380464553833
video08,TriClass-Cloud-FT,2175,1,1,0,0,0,0,0.9113950729370117
video08,TriClass-Cloud-FT,2176,1,1,0,0,0,0,0.91322261095047
video08,TriClass-Cloud-FT,2177,1,1,0,0,0,0,0.910176694393158
video08,TriClass-Cloud-FT,2178,1,1,0,0,0,0,0.918085515499115
video08,TriClass-Cloud-FT,2179,2,2,0,0,0,0,0.437447726726532
video08,TriClass-Cloud-FT,2180,1,1,0,0,0,0,0.9070852994918823
video08,TriClass-Cloud-FT,2181,1,1,0,0,0,0,0.9053184390068054
video08,TriClass-Cloud-FT,2182,1,1,0,0,0,0,0.9034215807914734
video08,TriClass-Cloud-FT,2183,1,1,0,0,0,0,0.9080544710159302
video08,TriClass-Cloud-FT,2184,1,1,0,0,0,0,0.9085038900375366
video08,TriClass-Cloud-FT,2185,1,1,0,0,0,0,0.9031318426132202
video08,TriClass-Cloud-FT,2186,1,1,0,0,0,0,0.9049463272094727
video08,TriClass-Cloud-FT,2187,1,1,0,0,0,0,0.9124279618263245
video08,TriClass-Cloud-FT,2188,1,1,0,0,0,0,0.9072992205619812
video08,TriClass-Cloud-FT,2189,1,1,0,0,0,0,0.920137345790863
video08,TriClass-Cloud-FT,2190,1,1,0,0,0,0,0.9069933295249939
video08,TriClass-Cloud-FT,2191,1,1,0,0,0,0,0.9097513556480408
video08,TriClass-Cloud-FT,2192,1,1,0,0,0,0,0.9082866907119751
video08,TriClass-Cloud-FT,2193,1,1,0,0,0,0,0.891086220741272
video08,TriClass-Cloud-FT,2194,1,1,0,0,0,0,0.88312828540802
video08,TriClass-Cloud-FT,2195,1,1,0,0,0,0,0.901253879070282
video08,TriClass-Cloud-FT,2196,1,1,0,0,0,0,0.910403311252594
video08,TriClass-Cloud-FT,2197,1,1,0,0,0,0,0.9030570387840271
video08,TriClass-Cloud-FT,2198,1,1,0,0,0,0,0.9114528298377991
video08,TriClass-Cloud-FT,2199,1,1,0,0,0,0,0.9143834710121155
video08,TriClass-Cloud-FT,2200,1,1,0,0,0,0,0.9154943823814392
video08,TriClass-Cloud-FT,2201,1,1,0,0,0,0,0.9191772937774658
video08,TriClass-Cloud-FT,2202,1,1,0,0,0,0,0.9122496247291565
video08,TriClass-Cloud-FT,2203,1,1,0,0,0,0,0.9177160263061523
video08,TriClass-Cloud-FT,2204,1,1,0,0,0,0,0.9074817299842834
video08,TriClass-Cloud-FT,2205,1,1,0,0,0,0,0.9188899397850037
video08,TriClass-Cloud-FT,2206,1,1,0,0,0,0,0.9056805372238159
video08,TriClass-Cloud-FT,2207,1,1,0,0,0,0,0.9035682082176208
video08,TriClass-Cloud-FT,2208,1,1,0,0,0,0,0.904582142829895
video08,TriClass-Cloud-FT,2209,1,1,0,0,0,0,0.9043923616409302
video08,TriClass-Cloud-FT,2210,1,1,0,0,0,0,0.911794126033783
video08,TriClass-Cloud-FT,2211,1,1,0,0,0,0,0.9189898371696472
video08,TriClass-Cloud-FT,2212,1,1,0,0,0,0,0.9041074514389038
video08,TriClass-Cloud-FT,2213,1,1,0,0,0,0,0.9027100205421448
video08,TriClass-Cloud-FT,2214,1,1,0,0,0,0,0.9024173021316528
video08,TriClass-Cloud-FT,2215,1,1,0,0,0,0,0.9154605865478516
video08,TriClass-Cloud-FT,2216,1,1,0,0,0,0,0.9141877889633179
video08,TriClass-Cloud-FT,2217,1,1,0,0,0,0,0.9104019403457642
video08,TriClass-Cloud-FT,2218,1,1,0,0,0,0,0.9056867361068726
video08,TriClass-Cloud-FT,2219,1,1,0,0,0,0,0.9208110570907593
video08,TriClass-Cloud-FT,2220,1,1,0,0,0,0,0.9189497232437134
video08,TriClass-Cloud-FT,2221,1,1,0,0,0,0,0.9071341753005981
video08,TriClass-Cloud-FT,2222,1,1,0,0,0,0,0.9111760854721069
video08,TriClass-Cloud-FT,2223,1,1,0,0,0,0,0.9089910984039307
video08,TriClass-Cloud-FT,2224,1,1,0,0,0,0,0.9217736721038818
video08,TriClass-Cloud-FT,2225,1,1,0,0,0,0,0.9156345725059509
video08,TriClass-Cloud-FT,2226,1,1,0,0,0,0,0.8910670876502991
video08,TriClass-Cloud-FT,2227,1,1,0,0,0,0,0.932263970375061
video08,TriClass-Cloud-FT,2228,1,1,0,0,0,0,0.9126563668251038
video08,TriClass-Cloud-FT,2229,1,1,0,0,0,0,0.9167035818099976
video08,TriClass-Cloud-FT,2230,1,1,0,0,0,0,0.9251775741577148
video08,TriClass-Cloud-FT,2231,1,1,0,0,0,0,0.9132840633392334
video08,TriClass-Cloud-FT,2232,1,1,0,0,0,0,0.9017266631126404
video08,TriClass-Cloud-FT,2233,1,1,0,0,0,0,0.9262294173240662
video08,TriClass-Cloud-FT,2234,1,1,0,0,0,0,0.902591347694397
video08,TriClass-Cloud-FT,2235,1,1,0,0,0,0,0.9046557545661926
video08,TriClass-Cloud-FT,2236,1,1,0,0,0,0,0.9019496440887451
video08,TriClass-Cloud-FT,2237,1,1,0,0,0,0,0.9033532738685608
video08,TriClass-Cloud-FT,2238,1,1,0,0,0,0,0.9121317267417908
video08,TriClass-Cloud-FT,2239,1,1,0,0,0,0,0.9326016306877136
video08,TriClass-Cloud-FT,2240,1,1,0,0,0,0,0.9185119271278381
video08,TriClass-Cloud-FT,2241,1,1,0,0,0,0,0.9216135144233704
video08,TriClass-Cloud-FT,2242,1,1,0,0,0,0,0.9183580875396729
video08,TriClass-Cloud-FT,2243,1,1,0,0,0,0,0.9135906100273132
video08,TriClass-Cloud-FT,2244,1,1,0,0,0,0,0.9213247299194336
video08,TriClass-Cloud-FT,2245,1,1,0,0,0,0,0.9277617335319519
video08,TriClass-Cloud-FT,2246,1,1,0,0,0,0,0.9032828211784363
video08,TriClass-Cloud-FT,2247,1,1,0,0,0,0,0.914239764213562
video08,TriClass-Cloud-FT,2248,1,1,0,0,0,0,0.9040197134017944
video08,TriClass-Cloud-FT,2249,1,1,0,0,0,0,0.9008638262748718
video08,TriClass-Cloud-FT,2250,2,2,0,0,0,0,0.7033364176750183
video08,TriClass-Cloud-FT,2251,1,1,0,0,0,0,0.9304922223091125
video08,TriClass-Cloud-FT,2252,1,1,0,0,0,0,0.9219767451286316
video08,TriClass-Cloud-FT,2253,1,1,0,0,0,0,0.9011048078536987
video08,TriClass-Cloud-FT,2254,1,1,0,0,0,0,0.9225582480430603
video08,TriClass-Cloud-FT,2255,2,2,0,0,0,0,0.7392184138298035
video08,TriClass-Cloud-FT,2256,1,1,0,0,0,0,0.9233353734016418
video08,TriClass-Cloud-FT,2257,1,1,0,0,0,0,0.9006861448287964
video08,TriClass-Cloud-FT,2258,1,1,0,0,0,0,0.8990519642829895
video08,TriClass-Cloud-FT,2259,1,1,0,0,0,0,0.7779381275177002
video08,TriClass-Cloud-FT,2260,1,1,0,0,0,0,0.9138169288635254
video08,TriClass-Cloud-FT,2261,1,1,0,0,0,0,0.9202911853790283
video08,TriClass-Cloud-FT,2262,1,1,0,0,0,0,0.918416440486908
video08,TriClass-Cloud-FT,2263,1,1,0,0,0,0,0.9133591055870056
video08,TriClass-Cloud-FT,2264,1,1,0,0,0,0,0.9184128046035767
video08,TriClass-Cloud-FT,2265,1,1,0,0,0,0,0.9232696294784546
video08,TriClass-Cloud-FT,2266,1,1,0,0,0,0,0.9209651947021484
video08,TriClass-Cloud-FT,2267,1,1,0,0,0,0,0.903826117515564
video08,TriClass-Cloud-FT,2268,1,1,0,0,0,0,0.9125481247901917
video08,TriClass-Cloud-FT,2269,1,1,0,0,0,0,0.9111673831939697
video08,TriClass-Cloud-FT,2270,1,1,0,0,0,0,0.9234977960586548
video08,TriClass-Cloud-FT,2271,1,1,0,0,0,0,0.9129994511604309
video08,TriClass-Cloud-FT,2272,1,1,0,0,0,0,0.9108988642692566
video08,TriClass-Cloud-FT,2273,1,1,0,0,0,0,0.909217894077301
video08,TriClass-Cloud-FT,2274,1,1,0,0,0,0,0.9044250845909119
video08,TriClass-Cloud-FT,2275,1,1,0,0,0,0,0.9084190726280212
video08,TriClass-Cloud-FT,2276,1,1,0,0,0,0,0.9210702776908875
video08,TriClass-Cloud-FT,2277,1,1,0,0,0,0,0.9260115623474121
video08,TriClass-Cloud-FT,2278,1,1,0,0,0,0,0.9100020527839661
video08,TriClass-Cloud-FT,2279,1,1,0,0,0,0,0.9084091782569885
video08,TriClass-Cloud-FT,2280,1,1,0,0,0,0,0.9120271801948547
video08,TriClass-Cloud-FT,2281,1,1,0,0,0,0,0.9188979864120483
video08,TriClass-Cloud-FT,2282,1,1,0,0,0,0,0.9158979058265686
video08,TriClass-Cloud-FT,2283,1,1,0,0,0,0,0.9150381088256836
video08,TriClass-Cloud-FT,2284,1,1,0,0,0,0,0.9183666706085205
video08,TriClass-Cloud-FT,2285,1,1,0,0,0,0,0.9186161756515503
video08,TriClass-Cloud-FT,2286,1,1,0,0,0,0,0.910239577293396
video08,TriClass-Cloud-FT,2287,1,1,0,0,0,0,0.9164199829101562
video08,TriClass-Cloud-FT,2288,1,1,0,0,0,0,0.9270877838134766
video08,TriClass-Cloud-FT,2289,1,1,0,0,0,0,0.8929007649421692
video08,TriClass-Cloud-FT,2290,1,1,0,0,0,0,0.9229311347007751
video08,TriClass-Cloud-FT,2291,1,1,0,0,0,0,0.9230735301971436
video08,TriClass-Cloud-FT,2292,1,1,0,0,0,0,0.8958476185798645
video08,TriClass-Cloud-FT,2293,1,1,0,0,0,0,0.8994380235671997
video08,TriClass-Cloud-FT,2294,1,1,0,0,0,0,0.8992515802383423
video08,TriClass-Cloud-FT,2295,1,1,0,0,0,0,0.8856480717658997
video08,TriClass-Cloud-FT,2296,1,1,0,0,0,0,0.9278769493103027
video08,TriClass-Cloud-FT,2297,1,1,0,0,0,0,0.9018197059631348
video08,TriClass-Cloud-FT,2298,1,1,0,0,0,0,0.908844530582428
video08,TriClass-Cloud-FT,2299,1,1,0,0,0,0,0.9101113080978394
video08,TriClass-Cloud-FT,2300,1,1,0,0,0,0,0.9096094965934753
video08,TriClass-Cloud-FT,2301,1,1,0,0,0,0,0.9084984064102173
video08,TriClass-Cloud-FT,2302,1,1,0,0,0,0,0.9204468131065369
video08,TriClass-Cloud-FT,2303,1,1,0,0,0,0,0.9111759066581726
video08,TriClass-Cloud-FT,2304,1,1,0,0,0,0,0.9302145838737488
