video,model,frame,detections,drone_det,bird_det,false_class,low_conf_fp,tp_iou,max_conf
video09,TriClass-Cloud,0,1,1,0,0,0,1,0.5672124624252319
video09,TriClass-Cloud,1,1,1,0,0,0,0,0.7537298202514648
video09,TriClass-Cloud,2,1,1,0,0,0,0,0.6783681511878967
video09,TriClass-Cloud,3,1,1,0,0,0,0,0.6689150929450989
video09,TriClass-Cloud,4,1,1,0,0,0,0,0.7022274136543274
video09,TriClass-Cloud,5,1,1,0,0,0,0,0.7474687099456787
video09,TriClass-Cloud,6,1,1,0,0,0,0,0.6327687501907349
video09,TriClass-Cloud,7,1,1,0,0,0,0,0.7019070982933044
video09,TriClass-Cloud,8,1,1,0,0,0,0,0.705691933631897
video09,TriClass-Cloud,9,1,1,0,0,0,0,0.773148775100708
video09,TriClass-Cloud,10,1,1,0,0,0,0,0.7474468946456909
video09,TriClass-Cloud,11,1,1,0,0,0,0,0.7830119729042053
video09,TriClass-Cloud,12,1,1,0,0,0,0,0.801744282245636
video09,TriClass-Cloud,13,1,1,0,0,0,0,0.7990710735321045
video09,TriClass-Cloud,14,1,1,0,0,0,0,0.704500138759613
video09,TriClass-Cloud,15,1,1,0,0,0,0,0.6574705839157104
video09,TriClass-Cloud,16,1,1,0,0,0,0,0.6898000836372375
video09,TriClass-Cloud,17,1,1,0,0,0,0,0.6055034399032593
video09,TriClass-Cloud,18,1,1,0,0,0,0,0.5956329107284546
video09,TriClass-Cloud,19,1,1,0,0,0,0,0.4687046706676483
video09,TriClass-Cloud,20,1,1,0,0,0,0,0.5057177543640137
video09,TriClass-Cloud,21,1,1,0,0,0,0,0.702434778213501
video09,TriClass-Cloud,22,1,1,0,0,0,0,0.6457506418228149
video09,TriClass-Cloud,23,1,1,0,0,0,0,0.7037718296051025
video09,TriClass-Cloud,24,1,1,0,0,0,0,0.7017414569854736
video09,TriClass-Cloud,25,1,1,0,0,0,0,0.7018795609474182
video09,TriClass-Cloud,26,1,1,0,0,0,0,0.7087048292160034
video09,TriClass-Cloud,27,1,1,0,0,0,0,0.7092633843421936
video09,TriClass-Cloud,28,1,1,0,0,0,0,0.7221857905387878
video09,TriClass-Cloud,29,1,1,0,0,0,0,0.65488201379776
video09,TriClass-Cloud,30,1,1,0,0,0,0,0.7356957793235779
video09,TriClass-Cloud,31,1,1,0,0,0,0,0.6560503840446472
video09,TriClass-Cloud,32,1,1,0,0,0,0,0.7179676294326782
video09,TriClass-Cloud,33,1,1,0,0,0,0,0.4549233317375183
video09,TriClass-Cloud,34,1,1,0,0,0,0,0.6451655626296997
video09,TriClass-Cloud,35,1,1,0,0,0,0,0.6173736453056335
video09,TriClass-Cloud,36,1,1,0,0,0,0,0.7260283827781677
video09,TriClass-Cloud,37,1,1,0,0,0,0,0.7353050708770752
video09,TriClass-Cloud,38,1,1,0,0,0,0,0.727619469165802
video09,TriClass-Cloud,39,1,1,0,0,0,0,0.6668417453765869
video09,TriClass-Cloud,40,1,1,0,0,0,0,0.6786714792251587
video09,TriClass-Cloud,41,1,1,0,0,0,0,0.7698143124580383
video09,TriClass-Cloud,42,1,1,0,0,0,0,0.7302166223526001
video09,TriClass-Cloud,43,1,1,0,0,0,0,0.714286208152771
video09,TriClass-Cloud,44,1,1,0,0,0,0,0.6867607831954956
video09,TriClass-Cloud,45,1,1,0,0,0,0,0.7720275521278381
video09,TriClass-Cloud,46,1,1,0,0,0,0,0.7161003351211548
video09,TriClass-Cloud,47,1,1,0,0,0,0,0.747483491897583
video09,TriClass-Cloud,48,1,1,0,0,0,0,0.7369198799133301
video09,TriClass-Cloud,49,1,1,0,0,0,0,0.6087853312492371
video09,TriClass-Cloud,50,1,1,0,0,0,0,0.6722871661186218
video09,TriClass-Cloud,51,1,1,0,0,0,0,0.5964794754981995
video09,TriClass-Cloud,52,1,1,0,0,0,0,0.562222957611084
video09,TriClass-Cloud,53,1,1,0,0,0,0,0.5929087996482849
video09,TriClass-Cloud,54,1,1,0,0,0,0,0.4936588704586029
video09,TriClass-Cloud,55,1,1,0,0,0,0,0.6179937124252319
video09,TriClass-Cloud,56,1,1,0,0,0,0,0.5814235210418701
video09,TriClass-Cloud,57,1,1,0,0,0,0,0.6876611113548279
video09,TriClass-Cloud,58,1,1,0,0,0,0,0.7082551717758179
video09,TriClass-Cloud,59,1,1,0,0,0,0,0.6011385917663574
video09,TriClass-Cloud,60,1,1,0,0,0,0,0.6467025876045227
video09,TriClass-Cloud,61,1,1,0,0,0,0,0.7169085144996643
video09,TriClass-Cloud,62,1,1,0,0,0,0,0.6952577829360962
video09,TriClass-Cloud,63,1,1,0,0,0,0,0.6754769682884216
video09,TriClass-Cloud,64,1,1,0,0,0,0,0.5822883248329163
video09,TriClass-Cloud,65,1,1,0,0,0,0,0.5023603439331055
video09,TriClass-Cloud,66,1,1,0,0,0,0,0.6856539845466614
video09,TriClass-Cloud,67,1,1,0,0,0,0,0.4875500202178955
video09,TriClass-Cloud,68,1,1,0,0,0,0,0.6742574572563171
video09,TriClass-Cloud,69,1,1,0,0,0,0,0.4716113209724426
video09,TriClass-Cloud,70,1,1,0,0,0,0,0.5891481637954712
video09,TriClass-Cloud,71,1,1,0,0,0,0,0.5971248149871826
video09,TriClass-Cloud,72,1,1,0,0,0,0,0.6161283850669861
video09,TriClass-Cloud,73,1,1,0,0,0,0,0.7721428275108337
video09,TriClass-Cloud,74,1,1,0,0,0,0,0.7297972440719604
video09,TriClass-Cloud,75,1,1,0,0,0,0,0.7289624214172363
video09,TriClass-Cloud,76,1,1,0,0,0,0,0.7079168558120728
video09,TriClass-Cloud,77,1,1,0,0,0,0,0.6809490323066711
video09,TriClass-Cloud,78,1,1,0,0,0,0,0.6028289794921875
video09,TriClass-Cloud,79,1,1,0,0,0,0,0.6698477864265442
video09,TriClass-Cloud,80,1,1,0,0,0,0,0.5695202350616455
video09,TriClass-Cloud,81,1,1,0,0,0,0,0.702720582485199
video09,TriClass-Cloud,82,1,1,0,0,0,0,0.6613131165504456
video09,TriClass-Cloud,83,1,1,0,0,0,0,0.638559103012085
video09,TriClass-Cloud,84,1,1,0,0,0,0,0.6816526651382446
video09,TriClass-Cloud,85,1,1,0,0,0,0,0.4873674809932709
video09,TriClass-Cloud,86,1,1,0,0,0,0,0.5988438129425049
video09,TriClass-Cloud,87,1,1,0,0,0,0,0.5095017552375793
video09,TriClass-Cloud,88,1,1,0,0,0,0,0.6331291794776917
video09,TriClass-Cloud,89,1,1,0,0,0,0,0.5206093788146973
video09,TriClass-Cloud,90,1,1,0,0,0,0,0.5813685059547424
video09,TriClass-Cloud,91,1,1,0,0,0,0,0.5702523589134216
video09,TriClass-Cloud,92,1,1,0,0,0,0,0.3582005202770233
video09,TriClass-Cloud,93,1,1,0,0,0,0,0.6591300964355469
video09,TriClass-Cloud,94,1,1,0,0,0,0,0.6293208599090576
video09,TriClass-Cloud,95,1,1,0,0,0,0,0.6766400933265686
video09,TriClass-Cloud,96,1,1,0,0,0,0,0.6311048865318298
video09,TriClass-Cloud,97,1,1,0,0,0,0,0.6533656120300293
video09,TriClass-Cloud,98,1,1,0,0,0,0,0.5645821690559387
video09,TriClass-Cloud,99,1,1,0,0,0,0,0.47958746552467346
video09,TriClass-Cloud,100,1,1,0,0,0,0,0.6069467067718506
video09,TriClass-Cloud,101,1,1,0,0,0,0,0.5588306784629822
video09,TriClass-Cloud,102,1,1,0,0,0,0,0.5009212493896484
video09,TriClass-Cloud,103,1,1,0,0,0,0,0.4890619218349457
video09,TriClass-Cloud,104,1,1,0,0,0,0,0.4907270669937134
video09,TriClass-Cloud,105,1,1,0,0,0,0,0.5028752684593201
video09,TriClass-Cloud,106,1,1,0,0,0,0,0.5538333654403687
video09,TriClass-Cloud,107,1,1,0,0,0,0,0.6748097538948059
video09,TriClass-Cloud,108,1,1,0,0,0,0,0.6354159712791443
video09,TriClass-Cloud,109,1,1,0,0,0,0,0.6288647055625916
video09,TriClass-Cloud,110,1,1,0,0,0,0,0.7639121413230896
video09,TriClass-Cloud,111,1,1,0,0,0,0,0.7087073922157288
video09,TriClass-Cloud,112,1,1,0,0,0,0,0.752217710018158
video09,TriClass-Cloud,113,1,1,0,0,0,0,0.7410522699356079
video09,TriClass-Cloud,114,1,1,0,0,0,0,0.7731315493583679
video09,TriClass-Cloud,115,1,1,0,0,0,0,0.7798616290092468
video09,TriClass-Cloud,116,1,1,0,0,0,0,0.6957613229751587
video09,TriClass-Cloud,117,1,1,0,0,0,0,0.7314998507499695
video09,TriClass-Cloud,118,1,1,0,0,0,0,0.6906800866127014
video09,TriClass-Cloud,119,1,1,0,0,0,0,0.7169759273529053
video09,TriClass-Cloud,120,1,1,0,0,0,0,0.7121543884277344
video09,TriClass-Cloud,121,1,1,0,0,0,0,0.7123232483863831
video09,TriClass-Cloud,122,1,1,0,0,0,0,0.7675067782402039
video09,TriClass-Cloud,123,1,1,0,0,0,0,0.7480281591415405
video09,TriClass-Cloud,124,1,1,0,0,0,0,0.753129243850708
video09,TriClass-Cloud,125,1,1,0,0,0,0,0.7358509302139282
video09,TriClass-Cloud,126,1,1,0,0,0,0,0.7408992648124695
video09,TriClass-Cloud,127,1,1,0,0,0,0,0.7550711035728455
video09,TriClass-Cloud,128,1,1,0,0,0,0,0.7498905062675476
video09,TriClass-Cloud,129,1,1,0,0,0,0,0.7170484662055969
video09,TriClass-Cloud,130,1,1,0,0,0,0,0.7378695011138916
video09,TriClass-Cloud,131,1,1,0,0,0,0,0.6579802632331848
video09,TriClass-Cloud,132,1,1,0,0,0,0,0.5983006954193115
video09,TriClass-Cloud,133,1,1,0,0,0,0,0.6354681849479675
video09,TriClass-Cloud,134,1,1,0,0,0,0,0.6971502304077148
video09,TriClass-Cloud,135,1,1,0,0,0,0,0.6824417114257812
video09,TriClass-Cloud,136,1,1,0,0,0,0,0.7088097333908081
video09,TriClass-Cloud,137,1,1,0,0,0,0,0.6368998289108276
video09,TriClass-Cloud,138,1,1,0,0,0,0,0.5774041414260864
video09,TriClass-Cloud,139,1,1,0,0,0,0,0.40320953726768494
video09,TriClass-Cloud,140,1,1,0,0,0,0,0.49466463923454285
video09,TriClass-Cloud,141,1,1,0,0,0,0,0.5380788445472717
video09,TriClass-Cloud,142,1,1,0,0,0,0,0.5353840589523315
video09,TriClass-Cloud,143,1,1,0,0,0,0,0.6801226139068604
video09,TriClass-Cloud,144,1,1,0,0,0,0,0.4601183533668518
video09,TriClass-Cloud,145,1,1,0,0,0,0,0.6019912362098694
video09,TriClass-Cloud,146,1,1,0,0,0,0,0.3704967200756073
video09,TriClass-Cloud,147,1,1,0,0,0,0,0.6158076524734497
video09,TriClass-Cloud,148,1,1,0,0,0,0,0.44050660729408264
video09,TriClass-Cloud,149,1,1,0,0,0,0,0.5791986584663391
video09,TriClass-Cloud,150,1,1,0,0,0,0,0.563752293586731
video09,TriClass-Cloud,151,1,1,0,0,0,0,0.4568827748298645
video09,TriClass-Cloud,152,1,1,0,0,0,0,0.5543575882911682
video09,TriClass-Cloud,153,1,1,0,0,0,0,0.6366057991981506
video09,TriClass-Cloud,154,1,1,0,0,0,0,0.597468912601471
video09,TriClass-Cloud,155,1,1,0,0,0,0,0.4870672821998596
video09,TriClass-Cloud,156,1,1,0,0,0,0,0.3946889042854309
video09,TriClass-Cloud,157,0,0,0,0,0,0,0.0
video09,TriClass-Cloud,158,1,1,0,0,1,0,0.26558199524879456
video09,TriClass-Cloud,159,0,0,0,0,0,0,0.0
video09,TriClass-Cloud,160,0,0,0,0,0,0,0.0
video09,TriClass-Cloud,161,0,0,0,0,0,0,0.0
video09,TriClass-Cloud,162,0,0,0,0,0,0,0.0
video09,TriClass-Cloud,163,0,0,0,0,0,0,0.0
video09,TriClass-Cloud,164,0,0,0,0,0,0,0.0
video09,TriClass-Cloud,165,0,0,0,0,0,0,0.0
video09,TriClass-Cloud,166,0,0,0,0,0,0,0.0
video09,TriClass-Cloud,167,0,0,0,0,0,0,0.0
video09,TriClass-Cloud,168,0,0,0,0,0,0,0.0
video09,TriClass-Cloud,169,0,0,0,0,0,0,0.0
video09,TriClass-Cloud,170,0,0,0,0,0,0,0.0
video09,TriClass-Cloud,171,0,0,0,0,0,0,0.0
video09,TriClass-Cloud,172,0,0,0,0,0,0,0.0
video09,TriClass-Cloud,173,0,0,0,0,0,0,0.0
video09,TriClass-Cloud,174,0,0,0,0,0,0,0.0
video09,TriClass-Cloud,175,0,0,0,0,0,0,0.0
video09,TriClass-Cloud,176,0,0,0,0,0,0,0.0
video09,TriClass-Cloud,177,0,0,0,0,0,0,0.0
video09,TriClass-Cloud,178,0,0,0,0,0,0,0.0
video09,TriClass-Cloud,179,0,0,0,0,0,0,0.0
video09,TriClass-Cloud,180,0,0,0,0,0,0,0.0
video09,TriClass-Cloud,181,0,0,0,0,0,0,0.0
video09,TriClass-Cloud,182,0,0,0,0,0,0,0.0
video09,TriClass-Cloud,183,0,0,0,0,0,0,0.0
video09,TriClass-Cloud,184,0,0,0,0,0,0,0.0
video09,TriClass-Cloud,185,0,0,0,0,0,0,0.0
video09,TriClass-Cloud,186,0,0,0,0,0,0,0.0
video09,TriClass-Cloud,187,0,0,0,0,0,0,0.0
video09,TriClass-Cloud,188,0,0,0,0,0,0,0.0
video09,TriClass-Cloud,189,0,0,0,0,0,0,0.0
video09,TriClass-Cloud,190,0,0,0,0,0,0,0.0
video09,TriClass-Cloud,191,0,0,0,0,0,0,0.0
video09,TriClass-Cloud,192,0,0,0,0,0,0,0.0
video09,TriClass-Cloud,193,0,0,0,0,0,0,0.0
video09,TriClass-Cloud,194,0,0,0,0,0,0,0.0
video09,TriClass-Cloud,195,0,0,0,0,0,0,0.0
video09,TriClass-Cloud,196,0,0,0,0,0,0,0.0
video09,TriClass-Cloud,197,0,0,0,0,0,0,0.0
video09,TriClass-Cloud,198,0,0,0,0,0,0,0.0
video09,TriClass-Cloud,199,0,0,0,0,0,0,0.0
video09,TriClass-Cloud,200,0,0,0,0,0,0,0.0
video09,TriClass-Cloud,201,0,0,0,0,0,0,0.0
video09,TriClass-Cloud,202,0,0,0,0,0,0,0.0
video09,TriClass-Cloud,203,0,0,0,0,0,0,0.0
video09,TriClass-Cloud,204,0,0,0,0,0,0,0.0
video09,TriClass-Cloud,205,0,0,0,0,0,0,0.0
video09,TriClass-Cloud,206,0,0,0,0,0,0,0.0
video09,TriClass-Cloud,207,0,0,0,0,0,0,0.0
video09,TriClass-Cloud,208,0,0,0,0,0,0,0.0
video09,TriClass-Cloud,209,0,0,0,0,0,0,0.0
video09,TriClass-Cloud,210,0,0,0,0,0,0,0.0
video09,TriClass-Cloud,211,0,0,0,0,0,0,0.0
video09,TriClass-Cloud,212,0,0,0,0,0,0,0.0
video09,TriClass-Cloud,213,0,0,0,0,0,0,0.0
video09,TriClass-Cloud,214,0,0,0,0,0,0,0.0
video09,TriClass-Cloud,215,0,0,0,0,0,0,0.0
video09,TriClass-Cloud,216,0,0,0,0,0,0,0.0
video09,TriClass-Cloud,217,0,0,0,0,0,0,0.0
video09,TriClass-Cloud,218,0,0,0,0,0,0,0.0
video09,TriClass-Cloud,219,0,0,0,0,0,0,0.0
video09,TriClass-Cloud,220,0,0,0,0,0,0,0.0
video09,TriClass-Cloud,221,0,0,0,0,0,0,0.0
video09,TriClass-Cloud,222,0,0,0,0,0,0,0.0
video09,TriClass-Cloud,223,0,0,0,0,0,0,0.0
video09,TriClass-Cloud,224,0,0,0,0,0,0,0.0
video09,TriClass-Cloud,225,0,0,0,0,0,0,0.0
video09,TriClass-Cloud,226,0,0,0,0,0,0,0.0
video09,TriClass-Cloud,227,0,0,0,0,0,0,0.0
video09,TriClass-Cloud,228,0,0,0,0,0,0,0.0
video09,TriClass-Cloud,229,0,0,0,0,0,0,0.0
video09,TriClass-Cloud,230,0,0,0,0,0,0,0.0
video09,TriClass-Cloud,231,0,0,0,0,0,0,0.0
video09,TriClass-Cloud,232,0,0,0,0,0,0,0.0
video09,TriClass-Cloud,233,0,0,0,0,0,0,0.0
video09,TriClass-Cloud,234,0,0,0,0,0,0,0.0
video09,TriClass-Cloud,235,0,0,0,0,0,0,0.0
video09,TriClass-Cloud,236,0,0,0,0,0,0,0.0
video09,TriClass-Cloud,237,0,0,0,0,0,0,0.0
video09,TriClass-Cloud,238,0,0,0,0,0,0,0.0
video09,TriClass-Cloud,239,0,0,0,0,0,0,0.0
video09,TriClass-Cloud,240,0,0,0,0,0,0,0.0
video09,TriClass-Cloud,241,0,0,0,0,0,0,0.0
video09,TriClass-Cloud,242,0,0,0,0,0,0,0.0
video09,TriClass-Cloud,243,0,0,0,0,0,0,0.0
video09,TriClass-Cloud,244,0,0,0,0,0,0,0.0
video09,TriClass-Cloud,245,0,0,0,0,0,0,0.0
video09,TriClass-Cloud,246,0,0,0,0,0,0,0.0
video09,TriClass-Cloud,247,0,0,0,0,0,0,0.0
video09,TriClass-Cloud,248,0,0,0,0,0,0,0.0
video09,TriClass-Cloud,249,0,0,0,0,0,0,0.0
video09,TriClass-Cloud,250,0,0,0,0,0,0,0.0
video09,TriClass-Cloud,251,0,0,0,0,0,0,0.0
video09,TriClass-Cloud,252,0,0,0,0,0,0,0.0
video09,TriClass-Cloud,253,0,0,0,0,0,0,0.0
video09,TriClass-Cloud,254,0,0,0,0,0,0,0.0
video09,TriClass-Cloud,255,0,0,0,0,0,0,0.0
video09,TriClass-Cloud,256,0,0,0,0,0,0,0.0
video09,TriClass-Cloud,257,0,0,0,0,0,0,0.0
video09,TriClass-Cloud,258,0,0,0,0,0,0,0.0
video09,TriClass-Cloud,259,0,0,0,0,0,0,0.0
video09,TriClass-Cloud,260,0,0,0,0,0,0,0.0
video09,TriClass-Cloud,261,0,0,0,0,0,0,0.0
video09,TriClass-Cloud,262,0,0,0,0,0,0,0.0
video09,TriClass-Cloud,263,0,0,0,0,0,0,0.0
video09,TriClass-Cloud,264,0,0,0,0,0,0,0.0
video09,TriClass-Cloud,265,0,0,0,0,0,0,0.0
video09,TriClass-Cloud,266,0,0,0,0,0,0,0.0
video09,TriClass-Cloud,267,0,0,0,0,0,0,0.0
video09,TriClass-Cloud,268,0,0,0,0,0,0,0.0
video09,TriClass-Cloud,269,0,0,0,0,0,0,0.0
video09,TriClass-Cloud,270,0,0,0,0,0,0,0.0
video09,TriClass-Cloud,271,0,0,0,0,0,0,0.0
video09,TriClass-Cloud,272,0,0,0,0,0,0,0.0
video09,TriClass-Cloud,273,0,0,0,0,0,0,0.0
video09,TriClass-Cloud,274,0,0,0,0,0,0,0.0
video09,TriClass-Cloud,275,0,0,0,0,0,0,0.0
video09,TriClass-Cloud,276,0,0,0,0,0,0,0.0
video09,TriClass-Cloud,277,0,0,0,0,0,0,0.0
video09,TriClass-Cloud,278,0,0,0,0,0,0,0.0
video09,TriClass-Cloud,279,0,0,0,0,0,0,0.0
video09,TriClass-Cloud,280,0,0,0,0,0,0,0.0
video09,TriClass-Cloud,281,0,0,0,0,0,0,0.0
video09,TriClass-Cloud,282,0,0,0,0,0,0,0.0
video09,TriClass-Cloud,283,0,0,0,0,0,0,0.0
video09,TriClass-Cloud,284,0,0,0,0,0,0,0.0
video09,TriClass-Cloud,285,0,0,0,0,0,0,0.0
video09,TriClass-Cloud,286,0,0,0,0,0,0,0.0
video09,TriClass-Cloud,287,0,0,0,0,0,0,0.0
video09,TriClass-Cloud,288,1,1,0,0,1,0,0.34208181500434875
video09,TriClass-Cloud,289,1,1,0,0,0,0,0.4789367616176605
video09,TriClass-Cloud,290,1,1,0,0,0,0,0.36752429604530334
video09,TriClass-Cloud,291,1,1,0,0,0,0,0.5034591555595398
video09,TriClass-Cloud,292,1,1,0,0,0,0,0.6747601628303528
video09,TriClass-Cloud,293,1,1,0,0,0,0,0.5954827070236206
video09,TriClass-Cloud,294,1,1,0,0,0,0,0.5384466648101807
video09,TriClass-Cloud,295,1,1,0,0,0,0,0.5737884640693665
video09,TriClass-Cloud,296,1,1,0,0,0,0,0.5508178472518921
video09,TriClass-Cloud,297,1,1,0,0,0,0,0.43316152691841125
video09,TriClass-Cloud,298,1,1,0,0,0,0,0.36795422434806824
video09,TriClass-Cloud,299,1,1,0,0,0,0,0.4595031142234802
video09,TriClass-Cloud,300,1,1,0,0,0,0,0.5612986087799072
video09,TriClass-Cloud,301,1,1,0,0,0,0,0.579078733921051
video09,TriClass-Cloud,302,1,1,0,0,0,0,0.6165943145751953
video09,TriClass-Cloud,303,1,1,0,0,0,0,0.5604814887046814
video09,TriClass-Cloud,304,1,1,0,0,0,0,0.4723176956176758
video09,TriClass-Cloud,305,1,1,0,0,0,0,0.7004662156105042
video09,TriClass-Cloud,306,1,1,0,0,0,0,0.6127946972846985
video09,TriClass-Cloud,307,1,1,0,0,0,0,0.6187294125556946
video09,TriClass-Cloud,308,1,1,0,0,0,0,0.6904139518737793
video09,TriClass-Cloud,309,1,1,0,0,0,0,0.7344605922698975
video09,TriClass-Cloud,310,1,1,0,0,0,0,0.5251010656356812
video09,TriClass-Cloud,311,1,1,0,0,0,0,0.5239087343215942
video09,TriClass-Cloud,312,1,1,0,0,0,0,0.5688055753707886
video09,TriClass-Cloud,313,1,1,0,0,0,0,0.4429207444190979
video09,TriClass-Cloud,314,1,1,0,0,0,0,0.5614360570907593
video09,TriClass-Cloud,315,2,2,0,0,1,0,0.40629851818084717
video09,TriClass-Cloud,316,1,1,0,0,0,0,0.45622286200523376
video09,TriClass-Cloud,317,1,1,0,0,0,0,0.5222890377044678
video09,TriClass-Cloud,318,1,1,0,0,1,0,0.3413897156715393
video09,TriClass-Cloud,319,1,1,0,0,0,0,0.4119341969490051
video09,TriClass-Cloud,320,1,1,0,0,1,0,0.32207125425338745
video09,TriClass-Cloud,321,1,1,0,0,0,0,0.376191645860672
video09,TriClass-Cloud,322,1,1,0,0,1,0,0.32024431228637695
video09,TriClass-Cloud,323,1,1,0,0,0,0,0.4976184368133545
video09,TriClass-Cloud,324,1,1,0,0,0,0,0.5639275312423706
video09,TriClass-Cloud,325,1,1,0,0,0,0,0.5806730389595032
video09,TriClass-Cloud,326,1,1,0,0,0,0,0.5414003133773804
video09,TriClass-Cloud,327,1,1,0,0,0,0,0.650131106376648
video09,TriClass-Cloud,328,1,1,0,0,0,0,0.6878225207328796
video09,TriClass-Cloud,329,1,1,0,0,0,0,0.6843146681785583
video09,TriClass-Cloud,330,1,1,0,0,0,0,0.6276742219924927
video09,TriClass-Cloud,331,1,1,0,0,0,0,0.5049284100532532
video09,TriClass-Cloud,332,1,1,0,0,0,0,0.642070472240448
video09,TriClass-Cloud,333,1,1,0,0,0,0,0.5592279434204102
video09,TriClass-Cloud,334,1,1,0,0,0,0,0.5614970922470093
video09,TriClass-Cloud,335,1,1,0,0,0,0,0.4716823399066925
video09,TriClass-Cloud,336,1,1,0,0,1,0,0.25426313281059265
video09,TriClass-Cloud,337,1,1,0,0,0,0,0.5968260765075684
video09,TriClass-Cloud,338,1,1,0,0,0,0,0.5820596218109131
video09,TriClass-Cloud,339,1,1,0,0,0,0,0.49546775221824646
video09,TriClass-Cloud,340,1,1,0,0,0,0,0.36626115441322327
video09,TriClass-Cloud,341,0,0,0,0,0,0,0.0
video09,TriClass-Cloud,342,0,0,0,0,0,0,0.0
video09,TriClass-Cloud,343,0,0,0,0,0,0,0.0
video09,TriClass-Cloud,344,0,0,0,0,0,0,0.0
video09,TriClass-Cloud,345,0,0,0,0,0,0,0.0
video09,TriClass-Cloud,346,0,0,0,0,0,0,0.0
video09,TriClass-Cloud,347,0,0,0,0,0,0,0.0
video09,TriClass-Cloud,348,0,0,0,0,0,0,0.0
video09,TriClass-Cloud,349,0,0,0,0,0,0,0.0
video09,TriClass-Cloud,350,0,0,0,0,0,0,0.0
video09,TriClass-Cloud,351,0,0,0,0,0,0,0.0
video09,TriClass-Cloud,352,0,0,0,0,0,0,0.0
video09,TriClass-Cloud,353,0,0,0,0,0,0,0.0
video09,TriClass-Cloud,354,0,0,0,0,0,0,0.0
video09,TriClass-Cloud,355,0,0,0,0,0,0,0.0
video09,TriClass-Cloud,356,0,0,0,0,0,0,0.0
video09,TriClass-Cloud,357,0,0,0,0,0,0,0.0
video09,TriClass-Cloud,358,0,0,0,0,0,0,0.0
video09,TriClass-Cloud,359,0,0,0,0,0,0,0.0
video09,TriClass-Cloud,360,0,0,0,0,0,0,0.0
video09,TriClass-Cloud,361,0,0,0,0,0,0,0.0
video09,TriClass-Cloud,362,0,0,0,0,0,0,0.0
video09,TriClass-Cloud,363,0,0,0,0,0,0,0.0
video09,TriClass-Cloud,364,0,0,0,0,0,0,0.0
video09,TriClass-Cloud,365,0,0,0,0,0,0,0.0
video09,TriClass-Cloud,366,0,0,0,0,0,0,0.0
video09,TriClass-Cloud,367,0,0,0,0,0,0,0.0
video09,TriClass-Cloud,368,0,0,0,0,0,0,0.0
video09,TriClass-Cloud,369,0,0,0,0,0,0,0.0
video09,TriClass-Cloud,370,0,0,0,0,0,0,0.0
video09,TriClass-Cloud,371,0,0,0,0,0,0,0.0
video09,TriClass-Cloud,372,0,0,0,0,0,0,0.0
video09,TriClass-Cloud,373,0,0,0,0,0,0,0.0
video09,TriClass-Cloud,374,0,0,0,0,0,0,0.0
video09,TriClass-Cloud,375,0,0,0,0,0,0,0.0
video09,TriClass-Cloud,376,0,0,0,0,0,0,0.0
video09,TriClass-Cloud,377,0,0,0,0,0,0,0.0
video09,TriClass-Cloud,378,0,0,0,0,0,0,0.0
video09,TriClass-Cloud,379,0,0,0,0,0,0,0.0
video09,TriClass-Cloud,380,0,0,0,0,0,0,0.0
video09,TriClass-Cloud,381,0,0,0,0,0,0,0.0
video09,TriClass-Cloud,382,0,0,0,0,0,0,0.0
video09,TriClass-Cloud,383,0,0,0,0,0,0,0.0
video09,TriClass-Cloud,384,0,0,0,0,0,0,0.0
video09,TriClass-Cloud,385,0,0,0,0,0,0,0.0
video09,TriClass-Cloud,386,0,0,0,0,0,0,0.0
video09,TriClass-Cloud,387,0,0,0,0,0,0,0.0
video09,TriClass-Cloud,388,0,0,0,0,0,0,0.0
video09,TriClass-Cloud,389,0,0,0,0,0,0,0.0
video09,TriClass-Cloud,390,0,0,0,0,0,0,0.0
video09,TriClass-Cloud,391,0,0,0,0,0,0,0.0
video09,TriClass-Cloud,392,0,0,0,0,0,0,0.0
video09,TriClass-Cloud,393,0,0,0,0,0,0,0.0
video09,TriClass-Cloud,394,0,0,0,0,0,0,0.0
video09,TriClass-Cloud,395,0,0,0,0,0,0,0.0
video09,TriClass-Cloud,396,0,0,0,0,0,0,0.0
video09,TriClass-Cloud,397,0,0,0,0,0,0,0.0
video09,TriClass-Cloud,398,0,0,0,0,0,0,0.0
video09,TriClass-Cloud,399,0,0,0,0,0,0,0.0
video09,TriClass-Cloud,400,0,0,0,0,0,0,0.0
video09,TriClass-Cloud,401,0,0,0,0,0,0,0.0
video09,TriClass-Cloud,402,0,0,0,0,0,0,0.0
video09,TriClass-Cloud,403,0,0,0,0,0,0,0.0
video09,TriClass-Cloud,404,0,0,0,0,0,0,0.0
video09,TriClass-Cloud,405,0,0,0,0,0,0,0.0
video09,TriClass-Cloud,406,0,0,0,0,0,0,0.0
video09,TriClass-Cloud,407,0,0,0,0,0,0,0.0
video09,TriClass-Cloud,408,0,0,0,0,0,0,0.0
video09,TriClass-Cloud,409,0,0,0,0,0,0,0.0
video09,TriClass-Cloud,410,0,0,0,0,0,0,0.0
video09,TriClass-Cloud,411,0,0,0,0,0,0,0.0
video09,TriClass-Cloud,412,0,0,0,0,0,0,0.0
video09,TriClass-Cloud,413,0,0,0,0,0,0,0.0
video09,TriClass-Cloud,414,0,0,0,0,0,0,0.0
video09,TriClass-Cloud,415,0,0,0,0,0,0,0.0
video09,TriClass-Cloud,416,0,0,0,0,0,0,0.0
video09,TriClass-Cloud,417,0,0,0,0,0,0,0.0
video09,TriClass-Cloud,418,0,0,0,0,0,0,0.0
video09,TriClass-Cloud,419,0,0,0,0,0,0,0.0
video09,TriClass-Cloud,420,0,0,0,0,0,0,0.0
video09,TriClass-Cloud,421,0,0,0,0,0,0,0.0
video09,TriClass-Cloud,422,0,0,0,0,0,0,0.0
video09,TriClass-Cloud,423,0,0,0,0,0,0,0.0
video09,TriClass-Cloud,424,0,0,0,0,0,0,0.0
video09,TriClass-Cloud,425,0,0,0,0,0,0,0.0
video09,TriClass-Cloud,426,0,0,0,0,0,0,0.0
video09,TriClass-Cloud,427,0,0,0,0,0,0,0.0
video09,TriClass-Cloud,428,0,0,0,0,0,0,0.0
video09,TriClass-Cloud,429,0,0,0,0,0,0,0.0
video09,TriClass-Cloud,430,0,0,0,0,0,0,0.0
video09,TriClass-Cloud,431,0,0,0,0,0,0,0.0
video09,TriClass-Cloud,432,0,0,0,0,0,0,0.0
video09,TriClass-Cloud,433,0,0,0,0,0,0,0.0
video09,TriClass-Cloud,434,0,0,0,0,0,0,0.0
video09,TriClass-Cloud,435,0,0,0,0,0,0,0.0
video09,TriClass-Cloud,436,0,0,0,0,0,0,0.0
video09,TriClass-Cloud,437,0,0,0,0,0,0,0.0
video09,TriClass-Cloud,438,0,0,0,0,0,0,0.0
video09,TriClass-Cloud,439,0,0,0,0,0,0,0.0
video09,TriClass-Cloud,440,0,0,0,0,0,0,0.0
video09,TriClass-Cloud,441,0,0,0,0,0,0,0.0
video09,TriClass-Cloud,442,0,0,0,0,0,0,0.0
video09,TriClass-Cloud,443,0,0,0,0,0,0,0.0
video09,TriClass-Cloud,444,0,0,0,0,0,0,0.0
video09,TriClass-Cloud,445,0,0,0,0,0,0,0.0
video09,TriClass-Cloud,446,0,0,0,0,0,0,0.0
video09,TriClass-Cloud,447,0,0,0,0,0,0,0.0
video09,TriClass-Cloud,448,0,0,0,0,0,0,0.0
video09,TriClass-Cloud,449,0,0,0,0,0,0,0.0
video09,TriClass-Cloud,450,0,0,0,0,0,0,0.0
video09,TriClass-Cloud,451,0,0,0,0,0,0,0.0
video09,TriClass-Cloud,452,0,0,0,0,0,0,0.0
video09,TriClass-Cloud,453,0,0,0,0,0,0,0.0
video09,TriClass-Cloud,454,0,0,0,0,0,0,0.0
video09,TriClass-Cloud,455,0,0,0,0,0,0,0.0
video09,TriClass-Cloud,456,0,0,0,0,0,0,0.0
video09,TriClass-Cloud,457,0,0,0,0,0,0,0.0
video09,TriClass-Cloud,458,0,0,0,0,0,0,0.0
video09,TriClass-Cloud,459,0,0,0,0,0,0,0.0
video09,TriClass-Cloud,460,0,0,0,0,0,0,0.0
video09,TriClass-Cloud,461,0,0,0,0,0,0,0.0
video09,TriClass-Cloud,462,0,0,0,0,0,0,0.0
video09,TriClass-Cloud,463,0,0,0,0,0,0,0.0
video09,TriClass-Cloud,464,0,0,0,0,0,0,0.0
video09,TriClass-Cloud,465,0,0,0,0,0,0,0.0
video09,TriClass-Cloud,466,0,0,0,0,0,0,0.0
video09,TriClass-Cloud,467,0,0,0,0,0,0,0.0
video09,TriClass-Cloud,468,0,0,0,0,0,0,0.0
video09,TriClass-Cloud,469,0,0,0,0,0,0,0.0
video09,TriClass-Cloud,470,0,0,0,0,0,0,0.0
video09,TriClass-Cloud,471,0,0,0,0,0,0,0.0
video09,TriClass-Cloud,472,0,0,0,0,0,0,0.0
video09,TriClass-Cloud,473,0,0,0,0,0,0,0.0
video09,TriClass-Cloud,474,0,0,0,0,0,0,0.0
video09,TriClass-Cloud,475,0,0,0,0,0,0,0.0
video09,TriClass-Cloud,476,0,0,0,0,0,0,0.0
video09,TriClass-Cloud,477,0,0,0,0,0,0,0.0
video09,TriClass-Cloud,478,0,0,0,0,0,0,0.0
video09,TriClass-Cloud,479,0,0,0,0,0,0,0.0
video09,TriClass-Cloud,480,0,0,0,0,0,0,0.0
video09,TriClass-Cloud,481,0,0,0,0,0,0,0.0
video09,TriClass-Cloud,482,0,0,0,0,0,0,0.0
video09,TriClass-Cloud,483,0,0,0,0,0,0,0.0
video09,TriClass-Cloud,484,0,0,0,0,0,0,0.0
video09,TriClass-Cloud,485,0,0,0,0,0,0,0.0
video09,TriClass-Cloud,486,0,0,0,0,0,0,0.0
video09,TriClass-Cloud,487,0,0,0,0,0,0,0.0
video09,TriClass-Cloud,488,0,0,0,0,0,0,0.0
video09,TriClass-Cloud,489,0,0,0,0,0,0,0.0
video09,TriClass-Cloud,490,0,0,0,0,0,0,0.0
video09,TriClass-Cloud,491,0,0,0,0,0,0,0.0
video09,TriClass-Cloud,492,0,0,0,0,0,0,0.0
video09,TriClass-Cloud,493,0,0,0,0,0,0,0.0
video09,TriClass-Cloud,494,0,0,0,0,0,0,0.0
video09,TriClass-Cloud,495,0,0,0,0,0,0,0.0
video09,TriClass-Cloud,496,0,0,0,0,0,0,0.0
video09,TriClass-Cloud,497,0,0,0,0,0,0,0.0
video09,TriClass-Cloud,498,0,0,0,0,0,0,0.0
video09,TriClass-Cloud,499,0,0,0,0,0,0,0.0
video09,TriClass-Cloud,500,0,0,0,0,0,0,0.0
video09,TriClass-Cloud,501,0,0,0,0,0,0,0.0
video09,TriClass-Cloud,502,0,0,0,0,0,0,0.0
video09,TriClass-Cloud,503,0,0,0,0,0,0,0.0
video09,TriClass-Cloud,504,0,0,0,0,0,0,0.0
video09,TriClass-Cloud,505,0,0,0,0,0,0,0.0
video09,TriClass-Cloud,506,0,0,0,0,0,0,0.0
video09,TriClass-Cloud,507,0,0,0,0,0,0,0.0
video09,TriClass-Cloud,508,0,0,0,0,0,0,0.0
video09,TriClass-Cloud,509,0,0,0,0,0,0,0.0
video09,TriClass-Cloud,510,0,0,0,0,0,0,0.0
video09,TriClass-Cloud,511,0,0,0,0,0,0,0.0
video09,TriClass-Cloud,512,0,0,0,0,0,0,0.0
video09,TriClass-Cloud,513,0,0,0,0,0,0,0.0
video09,TriClass-Cloud,514,0,0,0,0,0,0,0.0
video09,TriClass-Cloud,515,0,0,0,0,0,0,0.0
video09,TriClass-Cloud,516,0,0,0,0,0,0,0.0
video09,TriClass-Cloud,517,0,0,0,0,0,0,0.0
video09,TriClass-Cloud,518,0,0,0,0,0,0,0.0
video09,TriClass-Cloud,519,0,0,0,0,0,0,0.0
video09,TriClass-Cloud,520,0,0,0,0,0,0,0.0
video09,TriClass-Cloud,521,0,0,0,0,0,0,0.0
video09,TriClass-Cloud,522,0,0,0,0,0,0,0.0
video09,TriClass-Cloud,523,0,0,0,0,0,0,0.0
video09,TriClass-Cloud,524,0,0,0,0,0,0,0.0
video09,TriClass-Cloud,525,0,0,0,0,0,0,0.0
video09,TriClass-Cloud,526,0,0,0,0,0,0,0.0
video09,TriClass-Cloud,527,0,0,0,0,0,0,0.0
video09,TriClass-Cloud,528,0,0,0,0,0,0,0.0
video09,TriClass-Cloud,529,0,0,0,0,0,0,0.0
video09,TriClass-Cloud,530,0,0,0,0,0,0,0.0
video09,TriClass-Cloud,531,0,0,0,0,0,0,0.0
video09,TriClass-Cloud,532,0,0,0,0,0,0,0.0
video09,TriClass-Cloud,533,0,0,0,0,0,0,0.0
video09,TriClass-Cloud,534,0,0,0,0,0,0,0.0
video09,TriClass-Cloud,535,0,0,0,0,0,0,0.0
video09,TriClass-Cloud,536,0,0,0,0,0,0,0.0
video09,TriClass-Cloud,537,0,0,0,0,0,0,0.0
video09,TriClass-Cloud,538,0,0,0,0,0,0,0.0
video09,TriClass-Cloud,539,0,0,0,0,0,0,0.0
video09,TriClass-Cloud,540,0,0,0,0,0,0,0.0
video09,TriClass-Cloud,541,0,0,0,0,0,0,0.0
video09,TriClass-Cloud,542,0,0,0,0,0,0,0.0
video09,TriClass-Cloud,543,0,0,0,0,0,0,0.0
video09,TriClass-Cloud,544,0,0,0,0,0,0,0.0
video09,TriClass-Cloud,545,0,0,0,0,0,0,0.0
video09,TriClass-Cloud,546,0,0,0,0,0,0,0.0
video09,TriClass-Cloud,547,0,0,0,0,0,0,0.0
video09,TriClass-Cloud,548,0,0,0,0,0,0,0.0
video09,TriClass-Cloud,549,0,0,0,0,0,0,0.0
video09,TriClass-Cloud,550,0,0,0,0,0,0,0.0
video09,TriClass-Cloud,551,0,0,0,0,0,0,0.0
video09,TriClass-Cloud,552,0,0,0,0,0,0,0.0
video09,TriClass-Cloud,553,0,0,0,0,0,0,0.0
video09,TriClass-Cloud,554,0,0,0,0,0,0,0.0
video09,TriClass-Cloud,555,0,0,0,0,0,0,0.0
video09,TriClass-Cloud,556,0,0,0,0,0,0,0.0
video09,TriClass-Cloud,557,0,0,0,0,0,0,0.0
video09,TriClass-Cloud,558,0,0,0,0,0,0,0.0
video09,TriClass-Cloud,559,0,0,0,0,0,0,0.0
video09,TriClass-Cloud,560,0,0,0,0,0,0,0.0
video09,TriClass-Cloud,561,0,0,0,0,0,0,0.0
video09,TriClass-Cloud,562,0,0,0,0,0,0,0.0
video09,TriClass-Cloud,563,0,0,0,0,0,0,0.0
video09,TriClass-Cloud,564,0,0,0,0,0,0,0.0
video09,TriClass-Cloud,565,0,0,0,0,0,0,0.0
video09,TriClass-Cloud,566,0,0,0,0,0,0,0.0
video09,TriClass-Cloud,567,0,0,0,0,0,0,0.0
video09,TriClass-Cloud,568,0,0,0,0,0,0,0.0
video09,TriClass-Cloud,569,0,0,0,0,0,0,0.0
video09,TriClass-Cloud,570,0,0,0,0,0,0,0.0
video09,TriClass-Cloud,571,0,0,0,0,0,0,0.0
video09,TriClass-Cloud,572,0,0,0,0,0,0,0.0
video09,TriClass-Cloud,573,0,0,0,0,0,0,0.0
video09,TriClass-Cloud,574,0,0,0,0,0,0,0.0
video09,TriClass-Cloud,575,0,0,0,0,0,0,0.0
video09,TriClass-Cloud,576,0,0,0,0,0,0,0.0
video09,TriClass-Cloud,577,0,0,0,0,0,0,0.0
video09,TriClass-Cloud,578,0,0,0,0,0,0,0.0
video09,TriClass-Cloud,579,0,0,0,0,0,0,0.0
video09,TriClass-Cloud,580,0,0,0,0,0,0,0.0
video09,TriClass-Cloud,581,0,0,0,0,0,0,0.0
video09,TriClass-Cloud,582,0,0,0,0,0,0,0.0
video09,TriClass-Cloud,583,0,0,0,0,0,0,0.0
video09,TriClass-Cloud,584,0,0,0,0,0,0,0.0
video09,TriClass-Cloud,585,0,0,0,0,0,0,0.0
video09,TriClass-Cloud,586,0,0,0,0,0,0,0.0
video09,TriClass-Cloud,587,0,0,0,0,0,0,0.0
video09,TriClass-Cloud,588,0,0,0,0,0,0,0.0
video09,TriClass-Cloud,589,0,0,0,0,0,0,0.0
video09,TriClass-Cloud,590,0,0,0,0,0,0,0.0
video09,TriClass-Cloud,591,0,0,0,0,0,0,0.0
video09,TriClass-Cloud,592,0,0,0,0,0,0,0.0
video09,TriClass-Cloud,593,0,0,0,0,0,0,0.0
video09,TriClass-Cloud,594,0,0,0,0,0,0,0.0
video09,TriClass-Cloud,595,0,0,0,0,0,0,0.0
video09,TriClass-Cloud,596,0,0,0,0,0,0,0.0
video09,TriClass-Cloud,597,0,0,0,0,0,0,0.0
video09,TriClass-Cloud,598,0,0,0,0,0,0,0.0
video09,TriClass-Cloud,599,0,0,0,0,0,0,0.0
video09,TriClass-Cloud,600,0,0,0,0,0,0,0.0
video09,TriClass-Cloud,601,0,0,0,0,0,0,0.0
video09,TriClass-Cloud,602,0,0,0,0,0,0,0.0
video09,TriClass-Cloud,603,0,0,0,0,0,0,0.0
video09,TriClass-Cloud,604,0,0,0,0,0,0,0.0
video09,TriClass-Cloud,605,0,0,0,0,0,0,0.0
video09,TriClass-Cloud,606,0,0,0,0,0,0,0.0
video09,TriClass-Cloud,607,0,0,0,0,0,0,0.0
video09,TriClass-Cloud,608,0,0,0,0,0,0,0.0
video09,TriClass-Cloud,609,0,0,0,0,0,0,0.0
video09,TriClass-Cloud,610,0,0,0,0,0,0,0.0
video09,TriClass-Cloud,611,0,0,0,0,0,0,0.0
video09,TriClass-Cloud,612,0,0,0,0,0,0,0.0
video09,TriClass-Cloud,613,0,0,0,0,0,0,0.0
video09,TriClass-Cloud,614,0,0,0,0,0,0,0.0
video09,TriClass-Cloud,615,0,0,0,0,0,0,0.0
video09,TriClass-Cloud,616,0,0,0,0,0,0,0.0
video09,TriClass-Cloud,617,0,0,0,0,0,0,0.0
video09,TriClass-Cloud,618,0,0,0,0,0,0,0.0
video09,TriClass-Cloud,619,0,0,0,0,0,0,0.0
video09,TriClass-Cloud,620,0,0,0,0,0,0,0.0
video09,TriClass-Cloud,621,0,0,0,0,0,0,0.0
video09,TriClass-Cloud,622,0,0,0,0,0,0,0.0
video09,TriClass-Cloud,623,0,0,0,0,0,0,0.0
video09,TriClass-Cloud,624,0,0,0,0,0,0,0.0
video09,TriClass-Cloud,625,0,0,0,0,0,0,0.0
video09,TriClass-Cloud,626,0,0,0,0,0,0,0.0
video09,TriClass-Cloud,627,0,0,0,0,0,0,0.0
video09,TriClass-Cloud,628,0,0,0,0,0,0,0.0
video09,TriClass-Cloud,629,0,0,0,0,0,0,0.0
video09,TriClass-Cloud,630,0,0,0,0,0,0,0.0
video09,TriClass-Cloud,631,0,0,0,0,0,0,0.0
video09,TriClass-Cloud,632,0,0,0,0,0,0,0.0
video09,TriClass-Cloud,633,0,0,0,0,0,0,0.0
video09,TriClass-Cloud,634,0,0,0,0,0,0,0.0
video09,TriClass-Cloud,635,0,0,0,0,0,0,0.0
video09,TriClass-Cloud,636,0,0,0,0,0,0,0.0
video09,TriClass-Cloud,637,0,0,0,0,0,0,0.0
video09,TriClass-Cloud,638,0,0,0,0,0,0,0.0
video09,TriClass-Cloud,639,0,0,0,0,0,0,0.0
video09,TriClass-Cloud,640,0,0,0,0,0,0,0.0
video09,TriClass-Cloud,641,0,0,0,0,0,0,0.0
video09,TriClass-Cloud,642,0,0,0,0,0,0,0.0
video09,TriClass-Cloud,643,0,0,0,0,0,0,0.0
video09,TriClass-Cloud,644,0,0,0,0,0,0,0.0
video09,TriClass-Cloud,645,0,0,0,0,0,0,0.0
video09,TriClass-Cloud,646,0,0,0,0,0,0,0.0
video09,TriClass-Cloud,647,0,0,0,0,0,0,0.0
video09,TriClass-Cloud,648,0,0,0,0,0,0,0.0
video09,TriClass-Cloud,649,0,0,0,0,0,0,0.0
video09,TriClass-Cloud,650,0,0,0,0,0,0,0.0
video09,TriClass-Cloud,651,0,0,0,0,0,0,0.0
video09,TriClass-Cloud,652,0,0,0,0,0,0,0.0
video09,TriClass-Cloud,653,0,0,0,0,0,0,0.0
video09,TriClass-Cloud,654,0,0,0,0,0,0,0.0
video09,TriClass-Cloud,655,0,0,0,0,0,0,0.0
video09,TriClass-Cloud,656,0,0,0,0,0,0,0.0
video09,TriClass-Cloud,657,0,0,0,0,0,0,0.0
video09,TriClass-Cloud,658,0,0,0,0,0,0,0.0
video09,TriClass-Cloud,659,0,0,0,0,0,0,0.0
video09,TriClass-Cloud,660,0,0,0,0,0,0,0.0
video09,TriClass-Cloud,661,0,0,0,0,0,0,0.0
video09,TriClass-Cloud,662,0,0,0,0,0,0,0.0
video09,TriClass-Cloud,663,0,0,0,0,0,0,0.0
video09,TriClass-Cloud,664,0,0,0,0,0,0,0.0
video09,TriClass-Cloud,665,0,0,0,0,0,0,0.0
video09,TriClass-Cloud,666,0,0,0,0,0,0,0.0
video09,TriClass-Cloud,667,0,0,0,0,0,0,0.0
video09,TriClass-Cloud,668,0,0,0,0,0,0,0.0
video09,TriClass-Cloud,669,0,0,0,0,0,0,0.0
video09,TriClass-Cloud,670,0,0,0,0,0,0,0.0
video09,TriClass-Cloud,671,0,0,0,0,0,0,0.0
video09,TriClass-Cloud,672,0,0,0,0,0,0,0.0
video09,TriClass-Cloud,673,0,0,0,0,0,0,0.0
video09,TriClass-Cloud,674,0,0,0,0,0,0,0.0
video09,TriClass-Cloud,675,0,0,0,0,0,0,0.0
video09,TriClass-Cloud,676,0,0,0,0,0,0,0.0
video09,TriClass-Cloud,677,0,0,0,0,0,0,0.0
video09,TriClass-Cloud,678,0,0,0,0,0,0,0.0
video09,TriClass-Cloud,679,0,0,0,0,0,0,0.0
video09,TriClass-Cloud,680,0,0,0,0,0,0,0.0
video09,TriClass-Cloud,681,0,0,0,0,0,0,0.0
video09,TriClass-Cloud,682,0,0,0,0,0,0,0.0
video09,TriClass-Cloud,683,0,0,0,0,0,0,0.0
video09,TriClass-Cloud,684,0,0,0,0,0,0,0.0
video09,TriClass-Cloud,685,0,0,0,0,0,0,0.0
video09,TriClass-Cloud,686,0,0,0,0,0,0,0.0
video09,TriClass-Cloud,687,0,0,0,0,0,0,0.0
video09,TriClass-Cloud,688,0,0,0,0,0,0,0.0
video09,TriClass-Cloud,689,0,0,0,0,0,0,0.0
video09,TriClass-Cloud,690,0,0,0,0,0,0,0.0
video09,TriClass-Cloud,691,0,0,0,0,0,0,0.0
video09,TriClass-Cloud,692,0,0,0,0,0,0,0.0
video09,TriClass-Cloud,693,0,0,0,0,0,0,0.0
video09,TriClass-Cloud,694,0,0,0,0,0,0,0.0
video09,TriClass-Cloud,695,0,0,0,0,0,0,0.0
video09,TriClass-Cloud,696,0,0,0,0,0,0,0.0
video09,TriClass-Cloud,697,0,0,0,0,0,0,0.0
video09,TriClass-Cloud,698,0,0,0,0,0,0,0.0
video09,TriClass-Cloud,699,0,0,0,0,0,0,0.0
video09,TriClass-Cloud,700,0,0,0,0,0,0,0.0
video09,TriClass-Cloud,701,0,0,0,0,0,0,0.0
video09,TriClass-Cloud,702,0,0,0,0,0,0,0.0
video09,TriClass-Cloud,703,0,0,0,0,0,0,0.0
video09,TriClass-Cloud,704,0,0,0,0,0,0,0.0
video09,TriClass-Cloud,705,0,0,0,0,0,0,0.0
video09,TriClass-Cloud,706,0,0,0,0,0,0,0.0
video09,TriClass-Cloud,707,0,0,0,0,0,0,0.0
video09,TriClass-Cloud,708,0,0,0,0,0,0,0.0
video09,TriClass-Cloud,709,0,0,0,0,0,0,0.0
video09,TriClass-Cloud,710,0,0,0,0,0,0,0.0
video09,TriClass-Cloud,711,0,0,0,0,0,0,0.0
video09,TriClass-Cloud,712,0,0,0,0,0,0,0.0
video09,TriClass-Cloud,713,0,0,0,0,0,0,0.0
video09,TriClass-Cloud,714,0,0,0,0,0,0,0.0
video09,TriClass-Cloud,715,0,0,0,0,0,0,0.0
video09,TriClass-Cloud,716,0,0,0,0,0,0,0.0
video09,TriClass-Cloud,717,0,0,0,0,0,0,0.0
video09,TriClass-Cloud,718,0,0,0,0,0,0,0.0
video09,TriClass-Cloud,719,0,0,0,0,0,0,0.0
video09,TriClass-Cloud,720,0,0,0,0,0,0,0.0
video09,TriClass-Cloud,721,0,0,0,0,0,0,0.0
video09,TriClass-Cloud,722,0,0,0,0,0,0,0.0
video09,TriClass-Cloud,723,0,0,0,0,0,0,0.0
video09,TriClass-Cloud,724,0,0,0,0,0,0,0.0
video09,TriClass-Cloud,725,0,0,0,0,0,0,0.0
video09,TriClass-Cloud,726,0,0,0,0,0,0,0.0
video09,TriClass-Cloud,727,0,0,0,0,0,0,0.0
video09,TriClass-Cloud,728,0,0,0,0,0,0,0.0
video09,TriClass-Cloud,729,0,0,0,0,0,0,0.0
video09,TriClass-Cloud,730,0,0,0,0,0,0,0.0
video09,TriClass-Cloud,731,0,0,0,0,0,0,0.0
video09,TriClass-Cloud,732,0,0,0,0,0,0,0.0
video09,TriClass-Cloud,733,0,0,0,0,0,0,0.0
video09,TriClass-Cloud,734,0,0,0,0,0,0,0.0
video09,TriClass-Cloud,735,0,0,0,0,0,0,0.0
video09,TriClass-Cloud,736,0,0,0,0,0,0,0.0
video09,TriClass-Cloud,737,0,0,0,0,0,0,0.0
video09,TriClass-Cloud,738,0,0,0,0,0,0,0.0
video09,TriClass-Cloud,739,0,0,0,0,0,0,0.0
video09,TriClass-Cloud,740,0,0,0,0,0,0,0.0
video09,TriClass-Cloud,741,0,0,0,0,0,0,0.0
video09,TriClass-Cloud,742,0,0,0,0,0,0,0.0
video09,TriClass-Cloud,743,0,0,0,0,0,0,0.0
video09,TriClass-Cloud,744,0,0,0,0,0,0,0.0
video09,TriClass-Cloud,745,0,0,0,0,0,0,0.0
video09,TriClass-Cloud,746,0,0,0,0,0,0,0.0
video09,TriClass-Cloud,747,0,0,0,0,0,0,0.0
video09,TriClass-Cloud,748,0,0,0,0,0,0,0.0
video09,TriClass-Cloud,749,0,0,0,0,0,0,0.0
video09,TriClass-Cloud,750,0,0,0,0,0,0,0.0
video09,TriClass-Cloud,751,0,0,0,0,0,0,0.0
video09,TriClass-Cloud,752,0,0,0,0,0,0,0.0
video09,TriClass-Cloud,753,0,0,0,0,0,0,0.0
video09,TriClass-Cloud,754,0,0,0,0,0,0,0.0
video09,TriClass-Cloud,755,0,0,0,0,0,0,0.0
video09,TriClass-Cloud,756,0,0,0,0,0,0,0.0
video09,TriClass-Cloud,757,0,0,0,0,0,0,0.0
video09,TriClass-Cloud,758,0,0,0,0,0,0,0.0
video09,TriClass-Cloud,759,0,0,0,0,0,0,0.0
video09,TriClass-Cloud,760,0,0,0,0,0,0,0.0
video09,TriClass-Cloud,761,0,0,0,0,0,0,0.0
video09,TriClass-Cloud,762,0,0,0,0,0,0,0.0
video09,TriClass-Cloud,763,0,0,0,0,0,0,0.0
video09,TriClass-Cloud,764,0,0,0,0,0,0,0.0
video09,TriClass-Cloud,765,0,0,0,0,0,0,0.0
video09,TriClass-Cloud,766,0,0,0,0,0,0,0.0
video09,TriClass-Cloud,767,0,0,0,0,0,0,0.0
video09,TriClass-Cloud,768,0,0,0,0,0,0,0.0
video09,TriClass-Cloud,769,0,0,0,0,0,0,0.0
video09,TriClass-Cloud,770,0,0,0,0,0,0,0.0
video09,TriClass-Cloud,771,0,0,0,0,0,0,0.0
video09,TriClass-Cloud,772,0,0,0,0,0,0,0.0
video09,TriClass-Cloud,773,0,0,0,0,0,0,0.0
video09,TriClass-Cloud,774,0,0,0,0,0,0,0.0
video09,TriClass-Cloud,775,0,0,0,0,0,0,0.0
video09,TriClass-Cloud,776,0,0,0,0,0,0,0.0
video09,TriClass-Cloud,777,0,0,0,0,0,0,0.0
video09,TriClass-Cloud,778,0,0,0,0,0,0,0.0
video09,TriClass-Cloud,779,0,0,0,0,0,0,0.0
video09,TriClass-Cloud,780,0,0,0,0,0,0,0.0
video09,TriClass-Cloud,781,0,0,0,0,0,0,0.0
video09,TriClass-Cloud,782,0,0,0,0,0,0,0.0
video09,TriClass-Cloud,783,0,0,0,0,0,0,0.0
video09,TriClass-Cloud,784,0,0,0,0,0,0,0.0
video09,TriClass-Cloud,785,0,0,0,0,0,0,0.0
video09,TriClass-Cloud,786,0,0,0,0,0,0,0.0
video09,TriClass-Cloud,787,0,0,0,0,0,0,0.0
video09,TriClass-Cloud,788,0,0,0,0,0,0,0.0
video09,TriClass-Cloud,789,0,0,0,0,0,0,0.0
video09,TriClass-Cloud,790,0,0,0,0,0,0,0.0
video09,TriClass-Cloud,791,0,0,0,0,0,0,0.0
video09,TriClass-Cloud,792,0,0,0,0,0,0,0.0
video09,TriClass-Cloud,793,0,0,0,0,0,0,0.0
video09,TriClass-Cloud,794,0,0,0,0,0,0,0.0
video09,TriClass-Cloud,795,0,0,0,0,0,0,0.0
video09,TriClass-Cloud,796,0,0,0,0,0,0,0.0
video09,TriClass-Cloud,797,0,0,0,0,0,0,0.0
video09,TriClass-Cloud,798,0,0,0,0,0,0,0.0
video09,TriClass-Cloud,799,0,0,0,0,0,0,0.0
video09,TriClass-Cloud,800,0,0,0,0,0,0,0.0
video09,TriClass-Cloud,801,0,0,0,0,0,0,0.0
video09,TriClass-Cloud,802,0,0,0,0,0,0,0.0
video09,TriClass-Cloud,803,0,0,0,0,0,0,0.0
video09,TriClass-Cloud,804,0,0,0,0,0,0,0.0
video09,TriClass-Cloud,805,0,0,0,0,0,0,0.0
video09,TriClass-Cloud,806,0,0,0,0,0,0,0.0
video09,TriClass-Cloud,807,0,0,0,0,0,0,0.0
video09,TriClass-Cloud,808,0,0,0,0,0,0,0.0
video09,TriClass-Cloud,809,0,0,0,0,0,0,0.0
video09,TriClass-Cloud,810,0,0,0,0,0,0,0.0
video09,TriClass-Cloud,811,0,0,0,0,0,0,0.0
video09,TriClass-Cloud,812,0,0,0,0,0,0,0.0
video09,TriClass-Cloud,813,0,0,0,0,0,0,0.0
video09,TriClass-Cloud,814,0,0,0,0,0,0,0.0
video09,TriClass-Cloud,815,0,0,0,0,0,0,0.0
video09,TriClass-Cloud,816,0,0,0,0,0,0,0.0
video09,TriClass-Cloud,817,0,0,0,0,0,0,0.0
video09,TriClass-Cloud,818,0,0,0,0,0,0,0.0
video09,TriClass-Cloud,819,0,0,0,0,0,0,0.0
video09,TriClass-Cloud,820,0,0,0,0,0,0,0.0
video09,TriClass-Cloud,821,0,0,0,0,0,0,0.0
video09,TriClass-Cloud,822,0,0,0,0,0,0,0.0
video09,TriClass-Cloud,823,0,0,0,0,0,0,0.0
video09,TriClass-Cloud,824,0,0,0,0,0,0,0.0
video09,TriClass-Cloud,825,0,0,0,0,0,0,0.0
video09,TriClass-Cloud,826,0,0,0,0,0,0,0.0
video09,TriClass-Cloud,827,0,0,0,0,0,0,0.0
video09,TriClass-Cloud,828,0,0,0,0,0,0,0.0
video09,TriClass-Cloud,829,0,0,0,0,0,0,0.0
video09,TriClass-Cloud,830,0,0,0,0,0,0,0.0
video09,TriClass-Cloud,831,0,0,0,0,0,0,0.0
video09,TriClass-Cloud,832,0,0,0,0,0,0,0.0
video09,TriClass-Cloud,833,0,0,0,0,0,0,0.0
video09,TriClass-Cloud,834,0,0,0,0,0,0,0.0
video09,TriClass-Cloud,835,0,0,0,0,0,0,0.0
video09,TriClass-Cloud,836,0,0,0,0,0,0,0.0
video09,TriClass-Cloud,837,0,0,0,0,0,0,0.0
video09,TriClass-Cloud,838,0,0,0,0,0,0,0.0
video09,TriClass-Cloud,839,0,0,0,0,0,0,0.0
video09,TriClass-Cloud,840,0,0,0,0,0,0,0.0
video09,TriClass-Cloud,841,0,0,0,0,0,0,0.0
video09,TriClass-Cloud,842,0,0,0,0,0,0,0.0
video09,TriClass-Cloud,843,0,0,0,0,0,0,0.0
video09,TriClass-Cloud,844,0,0,0,0,0,0,0.0
video09,TriClass-Cloud,845,0,0,0,0,0,0,0.0
video09,TriClass-Cloud,846,0,0,0,0,0,0,0.0
video09,TriClass-Cloud,847,0,0,0,0,0,0,0.0
video09,TriClass-Cloud,848,0,0,0,0,0,0,0.0
video09,TriClass-Cloud,849,0,0,0,0,0,0,0.0
video09,TriClass-Cloud,850,0,0,0,0,0,0,0.0
video09,TriClass-Cloud,851,0,0,0,0,0,0,0.0
video09,TriClass-Cloud,852,0,0,0,0,0,0,0.0
video09,TriClass-Cloud,853,0,0,0,0,0,0,0.0
video09,TriClass-Cloud,854,0,0,0,0,0,0,0.0
video09,TriClass-Cloud,855,0,0,0,0,0,0,0.0
video09,TriClass-Cloud,856,0,0,0,0,0,0,0.0
video09,TriClass-Cloud,857,0,0,0,0,0,0,0.0
video09,TriClass-Cloud,858,0,0,0,0,0,0,0.0
video09,TriClass-Cloud,859,0,0,0,0,0,0,0.0
video09,TriClass-Cloud,860,0,0,0,0,0,0,0.0
video09,TriClass-Cloud,861,0,0,0,0,0,0,0.0
video09,TriClass-Cloud,862,0,0,0,0,0,0,0.0
video09,TriClass-Cloud,863,0,0,0,0,0,0,0.0
video09,TriClass-Cloud,864,0,0,0,0,0,0,0.0
video09,TriClass-Cloud,865,0,0,0,0,0,0,0.0
video09,TriClass-Cloud,866,0,0,0,0,0,0,0.0
video09,TriClass-Cloud,867,0,0,0,0,0,0,0.0
video09,TriClass-Cloud,868,0,0,0,0,0,0,0.0
video09,TriClass-Cloud,869,0,0,0,0,0,0,0.0
video09,TriClass-Cloud,870,0,0,0,0,0,0,0.0
video09,TriClass-Cloud,871,0,0,0,0,0,0,0.0
video09,TriClass-Cloud,872,0,0,0,0,0,0,0.0
video09,TriClass-Cloud,873,0,0,0,0,0,0,0.0
video09,TriClass-Cloud,874,0,0,0,0,0,0,0.0
video09,TriClass-Cloud,875,0,0,0,0,0,0,0.0
video09,TriClass-Cloud,876,0,0,0,0,0,0,0.0
video09,TriClass-Cloud,877,0,0,0,0,0,0,0.0
video09,TriClass-Cloud,878,0,0,0,0,0,0,0.0
video09,TriClass-Cloud,879,0,0,0,0,0,0,0.0
video09,TriClass-Cloud,880,0,0,0,0,0,0,0.0
video09,TriClass-Cloud,881,0,0,0,0,0,0,0.0
video09,TriClass-Cloud,882,0,0,0,0,0,0,0.0
video09,TriClass-Cloud,883,0,0,0,0,0,0,0.0
video09,TriClass-Cloud,884,0,0,0,0,0,0,0.0
video09,TriClass-Cloud,885,0,0,0,0,0,0,0.0
video09,TriClass-Cloud,886,0,0,0,0,0,0,0.0
video09,TriClass-Cloud,887,0,0,0,0,0,0,0.0
video09,TriClass-Cloud,888,0,0,0,0,0,0,0.0
video09,TriClass-Cloud,889,0,0,0,0,0,0,0.0
video09,TriClass-Cloud,890,0,0,0,0,0,0,0.0
video09,TriClass-Cloud,891,0,0,0,0,0,0,0.0
video09,TriClass-Cloud,892,0,0,0,0,0,0,0.0
video09,TriClass-Cloud,893,0,0,0,0,0,0,0.0
video09,TriClass-Cloud,894,0,0,0,0,0,0,0.0
video09,TriClass-Cloud,895,0,0,0,0,0,0,0.0
video09,TriClass-Cloud,896,0,0,0,0,0,0,0.0
video09,TriClass-Cloud,897,0,0,0,0,0,0,0.0
video09,TriClass-Cloud,898,0,0,0,0,0,0,0.0
video09,TriClass-Cloud,899,0,0,0,0,0,0,0.0
video09,TriClass-Cloud,900,0,0,0,0,0,0,0.0
video09,TriClass-Cloud,901,0,0,0,0,0,0,0.0
video09,TriClass-Cloud,902,0,0,0,0,0,0,0.0
video09,TriClass-Cloud,903,0,0,0,0,0,0,0.0
video09,TriClass-Cloud,904,0,0,0,0,0,0,0.0
video09,TriClass-Cloud,905,0,0,0,0,0,0,0.0
video09,TriClass-Cloud,906,0,0,0,0,0,0,0.0
video09,TriClass-Cloud,907,0,0,0,0,0,0,0.0
video09,TriClass-Cloud,908,0,0,0,0,0,0,0.0
video09,TriClass-Cloud,909,0,0,0,0,0,0,0.0
video09,TriClass-Cloud,910,0,0,0,0,0,0,0.0
video09,TriClass-Cloud,911,0,0,0,0,0,0,0.0
video09,TriClass-Cloud,912,0,0,0,0,0,0,0.0
video09,TriClass-Cloud,913,0,0,0,0,0,0,0.0
video09,TriClass-Cloud,914,0,0,0,0,0,0,0.0
video09,TriClass-Cloud,915,0,0,0,0,0,0,0.0
video09,TriClass-Cloud,916,0,0,0,0,0,0,0.0
video09,TriClass-Cloud,917,0,0,0,0,0,0,0.0
video09,TriClass-Cloud,918,0,0,0,0,0,0,0.0
video09,TriClass-Cloud,919,0,0,0,0,0,0,0.0
video09,TriClass-Cloud,920,0,0,0,0,0,0,0.0
video09,TriClass-Cloud,921,0,0,0,0,0,0,0.0
video09,TriClass-Cloud,922,0,0,0,0,0,0,0.0
video09,TriClass-Cloud,923,0,0,0,0,0,0,0.0
video09,TriClass-Cloud,924,0,0,0,0,0,0,0.0
video09,TriClass-Cloud,925,0,0,0,0,0,0,0.0
video09,TriClass-Cloud,926,0,0,0,0,0,0,0.0
video09,TriClass-Cloud,927,0,0,0,0,0,0,0.0
video09,TriClass-Cloud,928,0,0,0,0,0,0,0.0
video09,TriClass-Cloud,929,0,0,0,0,0,0,0.0
video09,TriClass-Cloud,930,0,0,0,0,0,0,0.0
video09,TriClass-Cloud,931,0,0,0,0,0,0,0.0
video09,TriClass-Cloud,932,0,0,0,0,0,0,0.0
video09,TriClass-Cloud,933,0,0,0,0,0,0,0.0
video09,TriClass-Cloud,934,0,0,0,0,0,0,0.0
video09,TriClass-Cloud,935,0,0,0,0,0,0,0.0
video09,TriClass-Cloud,936,0,0,0,0,0,0,0.0
video09,TriClass-Cloud,937,0,0,0,0,0,0,0.0
video09,TriClass-Cloud,938,0,0,0,0,0,0,0.0
video09,TriClass-Cloud,939,0,0,0,0,0,0,0.0
video09,TriClass-Cloud,940,0,0,0,0,0,0,0.0
video09,TriClass-Cloud,941,0,0,0,0,0,0,0.0
video09,TriClass-Cloud,942,0,0,0,0,0,0,0.0
video09,TriClass-Cloud,943,0,0,0,0,0,0,0.0
video09,TriClass-Cloud,944,0,0,0,0,0,0,0.0
video09,TriClass-Cloud,945,0,0,0,0,0,0,0.0
video09,TriClass-Cloud,946,0,0,0,0,0,0,0.0
video09,TriClass-Cloud,947,0,0,0,0,0,0,0.0
video09,TriClass-Cloud,948,0,0,0,0,0,0,0.0
video09,TriClass-Cloud,949,0,0,0,0,0,0,0.0
video09,TriClass-Cloud,950,0,0,0,0,0,0,0.0
video09,TriClass-Cloud,951,0,0,0,0,0,0,0.0
video09,TriClass-Cloud,952,0,0,0,0,0,0,0.0
video09,TriClass-Cloud,953,0,0,0,0,0,0,0.0
video09,TriClass-Cloud,954,0,0,0,0,0,0,0.0
video09,TriClass-Cloud,955,0,0,0,0,0,0,0.0
video09,TriClass-Cloud,956,0,0,0,0,0,0,0.0
video09,TriClass-Cloud,957,0,0,0,0,0,0,0.0
video09,TriClass-Cloud,958,0,0,0,0,0,0,0.0
video09,TriClass-Cloud,959,0,0,0,0,0,0,0.0
video09,TriClass-Cloud,960,0,0,0,0,0,0,0.0
video09,TriClass-Cloud,961,0,0,0,0,0,0,0.0
video09,TriClass-Cloud,962,0,0,0,0,0,0,0.0
video09,TriClass-Cloud,963,0,0,0,0,0,0,0.0
video09,TriClass-Cloud,964,0,0,0,0,0,0,0.0
video09,TriClass-Cloud,965,0,0,0,0,0,0,0.0
video09,TriClass-Cloud,966,0,0,0,0,0,0,0.0
video09,TriClass-Cloud,967,0,0,0,0,0,0,0.0
video09,TriClass-Cloud,968,0,0,0,0,0,0,0.0
video09,TriClass-Cloud,969,0,0,0,0,0,0,0.0
video09,TriClass-Cloud,970,0,0,0,0,0,0,0.0
video09,TriClass-Cloud,971,0,0,0,0,0,0,0.0
video09,TriClass-Cloud,972,0,0,0,0,0,0,0.0
video09,TriClass-Cloud,973,0,0,0,0,0,0,0.0
video09,TriClass-Cloud,974,0,0,0,0,0,0,0.0
video09,TriClass-Cloud,975,0,0,0,0,0,0,0.0
video09,TriClass-Cloud,976,0,0,0,0,0,0,0.0
video09,TriClass-Cloud,977,0,0,0,0,0,0,0.0
video09,TriClass-Cloud,978,0,0,0,0,0,0,0.0
video09,TriClass-Cloud,979,0,0,0,0,0,0,0.0
video09,TriClass-Cloud,980,0,0,0,0,0,0,0.0
video09,TriClass-Cloud,981,0,0,0,0,0,0,0.0
video09,TriClass-Cloud,982,0,0,0,0,0,0,0.0
video09,TriClass-Cloud,983,0,0,0,0,0,0,0.0
video09,TriClass-Cloud,984,0,0,0,0,0,0,0.0
video09,TriClass-Cloud,985,0,0,0,0,0,0,0.0
video09,TriClass-Cloud,986,0,0,0,0,0,0,0.0
video09,TriClass-Cloud,987,0,0,0,0,0,0,0.0
video09,TriClass-Cloud,988,0,0,0,0,0,0,0.0
video09,TriClass-Cloud,989,0,0,0,0,0,0,0.0
video09,TriClass-Cloud,990,0,0,0,0,0,0,0.0
video09,TriClass-Cloud,991,0,0,0,0,0,0,0.0
video09,TriClass-Cloud,992,0,0,0,0,0,0,0.0
video09,TriClass-Cloud,993,0,0,0,0,0,0,0.0
video09,TriClass-Cloud,994,0,0,0,0,0,0,0.0
video09,TriClass-Cloud,995,0,0,0,0,0,0,0.0
video09,TriClass-Cloud,996,0,0,0,0,0,0,0.0
video09,TriClass-Cloud,997,0,0,0,0,0,0,0.0
video09,TriClass-Cloud,998,0,0,0,0,0,0,0.0
video09,TriClass-Cloud,999,0,0,0,0,0,0,0.0
video09,TriClass-Cloud,1000,0,0,0,0,0,0,0.0
video09,TriClass-Cloud,1001,0,0,0,0,0,0,0.0
video09,TriClass-Cloud,1002,0,0,0,0,0,0,0.0
video09,TriClass-Cloud,1003,0,0,0,0,0,0,0.0
video09,TriClass-Cloud,1004,0,0,0,0,0,0,0.0
video09,TriClass-Cloud,1005,0,0,0,0,0,0,0.0
video09,TriClass-Cloud,1006,0,0,0,0,0,0,0.0
video09,TriClass-Cloud,1007,0,0,0,0,0,0,0.0
video09,TriClass-Cloud,1008,0,0,0,0,0,0,0.0
video09,TriClass-Cloud,1009,0,0,0,0,0,0,0.0
video09,TriClass-Cloud,1010,0,0,0,0,0,0,0.0
video09,TriClass-Cloud,1011,0,0,0,0,0,0,0.0
video09,TriClass-Cloud,1012,0,0,0,0,0,0,0.0
video09,TriClass-Cloud,1013,0,0,0,0,0,0,0.0
video09,TriClass-Cloud,1014,0,0,0,0,0,0,0.0
video09,TriClass-Cloud,1015,0,0,0,0,0,0,0.0
video09,TriClass-Cloud,1016,0,0,0,0,0,0,0.0
video09,TriClass-Cloud,1017,0,0,0,0,0,0,0.0
video09,TriClass-Cloud,1018,0,0,0,0,0,0,0.0
video09,TriClass-Cloud,1019,0,0,0,0,0,0,0.0
video09,TriClass-Cloud,1020,0,0,0,0,0,0,0.0
video09,TriClass-Cloud,1021,0,0,0,0,0,0,0.0
video09,TriClass-Cloud,1022,0,0,0,0,0,0,0.0
video09,TriClass-Cloud,1023,0,0,0,0,0,0,0.0
video09,TriClass-Cloud,1024,0,0,0,0,0,0,0.0
video09,TriClass-Cloud,1025,0,0,0,0,0,0,0.0
video09,TriClass-Cloud,1026,0,0,0,0,0,0,0.0
video09,TriClass-Cloud,1027,0,0,0,0,0,0,0.0
video09,TriClass-Cloud,1028,0,0,0,0,0,0,0.0
video09,TriClass-Cloud,1029,0,0,0,0,0,0,0.0
video09,TriClass-Cloud,1030,0,0,0,0,0,0,0.0
video09,TriClass-Cloud,1031,0,0,0,0,0,0,0.0
video09,TriClass-Cloud,1032,0,0,0,0,0,0,0.0
video09,TriClass-Cloud,1033,0,0,0,0,0,0,0.0
video09,TriClass-Cloud,1034,0,0,0,0,0,0,0.0
video09,TriClass-Cloud,1035,0,0,0,0,0,0,0.0
video09,TriClass-Cloud,1036,0,0,0,0,0,0,0.0
video09,TriClass-Cloud,1037,0,0,0,0,0,0,0.0
video09,TriClass-Cloud,1038,0,0,0,0,0,0,0.0
video09,TriClass-Cloud,1039,0,0,0,0,0,0,0.0
video09,TriClass-Cloud,1040,0,0,0,0,0,0,0.0
video09,TriClass-Cloud,1041,0,0,0,0,0,0,0.0
video09,TriClass-Cloud,1042,0,0,0,0,0,0,0.0
video09,TriClass-Cloud,1043,0,0,0,0,0,0,0.0
video09,TriClass-Cloud,1044,0,0,0,0,0,0,0.0
video09,TriClass-Cloud,1045,0,0,0,0,0,0,0.0
video09,TriClass-Cloud,1046,0,0,0,0,0,0,0.0
video09,TriClass-Cloud,1047,0,0,0,0,0,0,0.0
video09,TriClass-Cloud,1048,0,0,0,0,0,0,0.0
video09,TriClass-Cloud,1049,0,0,0,0,0,0,0.0
video09,TriClass-Cloud,1050,0,0,0,0,0,0,0.0
video09,TriClass-Cloud,1051,0,0,0,0,0,0,0.0
video09,TriClass-Cloud,1052,0,0,0,0,0,0,0.0
video09,TriClass-Cloud,1053,0,0,0,0,0,0,0.0
video09,TriClass-Cloud,1054,0,0,0,0,0,0,0.0
video09,TriClass-Cloud,1055,0,0,0,0,0,0,0.0
video09,TriClass-Cloud,1056,0,0,0,0,0,0,0.0
video09,TriClass-Cloud,1057,0,0,0,0,0,0,0.0
video09,TriClass-Cloud,1058,0,0,0,0,0,0,0.0
video09,TriClass-Cloud,1059,0,0,0,0,0,0,0.0
video09,TriClass-Cloud,1060,0,0,0,0,0,0,0.0
video09,TriClass-Cloud,1061,0,0,0,0,0,0,0.0
video09,TriClass-Cloud,1062,0,0,0,0,0,0,0.0
video09,TriClass-Cloud,1063,0,0,0,0,0,0,0.0
video09,TriClass-Cloud,1064,0,0,0,0,0,0,0.0
video09,TriClass-Cloud,1065,0,0,0,0,0,0,0.0
video09,TriClass-Cloud,1066,0,0,0,0,0,0,0.0
video09,TriClass-Cloud,1067,0,0,0,0,0,0,0.0
video09,TriClass-Cloud,1068,0,0,0,0,0,0,0.0
video09,TriClass-Cloud,1069,0,0,0,0,0,0,0.0
video09,TriClass-Cloud,1070,0,0,0,0,0,0,0.0
video09,TriClass-Cloud,1071,0,0,0,0,0,0,0.0
video09,TriClass-Cloud,1072,0,0,0,0,0,0,0.0
video09,TriClass-Cloud,1073,0,0,0,0,0,0,0.0
video09,TriClass-Cloud,1074,0,0,0,0,0,0,0.0
video09,TriClass-Cloud,1075,0,0,0,0,0,0,0.0
video09,TriClass-Cloud,1076,0,0,0,0,0,0,0.0
video09,TriClass-Cloud,1077,0,0,0,0,0,0,0.0
video09,TriClass-Cloud,1078,0,0,0,0,0,0,0.0
video09,TriClass-Cloud,1079,0,0,0,0,0,0,0.0
video09,TriClass-Cloud,1080,0,0,0,0,0,0,0.0
video09,TriClass-Cloud,1081,0,0,0,0,0,0,0.0
video09,TriClass-Cloud,1082,0,0,0,0,0,0,0.0
video09,TriClass-Cloud,1083,0,0,0,0,0,0,0.0
video09,TriClass-Cloud,1084,0,0,0,0,0,0,0.0
video09,TriClass-Cloud,1085,0,0,0,0,0,0,0.0
video09,TriClass-Cloud,1086,0,0,0,0,0,0,0.0
video09,TriClass-Cloud,1087,0,0,0,0,0,0,0.0
video09,TriClass-Cloud,1088,0,0,0,0,0,0,0.0
video09,TriClass-Cloud,1089,0,0,0,0,0,0,0.0
video09,TriClass-Cloud,1090,0,0,0,0,0,0,0.0
video09,TriClass-Cloud,1091,0,0,0,0,0,0,0.0
video09,TriClass-Cloud,1092,0,0,0,0,0,0,0.0
video09,TriClass-Cloud,1093,0,0,0,0,0,0,0.0
video09,TriClass-Cloud,1094,0,0,0,0,0,0,0.0
video09,TriClass-Cloud,1095,0,0,0,0,0,0,0.0
video09,TriClass-Cloud,1096,0,0,0,0,0,0,0.0
video09,TriClass-Cloud,1097,0,0,0,0,0,0,0.0
video09,TriClass-Cloud,1098,0,0,0,0,0,0,0.0
video09,TriClass-Cloud,1099,0,0,0,0,0,0,0.0
video09,TriClass-Cloud,1100,0,0,0,0,0,0,0.0
video09,TriClass-Cloud,1101,0,0,0,0,0,0,0.0
video09,TriClass-Cloud,1102,0,0,0,0,0,0,0.0
video09,TriClass-Cloud,1103,0,0,0,0,0,0,0.0
video09,TriClass-Cloud,1104,0,0,0,0,0,0,0.0
video09,TriClass-Cloud,1105,0,0,0,0,0,0,0.0
video09,TriClass-Cloud,1106,0,0,0,0,0,0,0.0
video09,TriClass-Cloud,1107,0,0,0,0,0,0,0.0
video09,TriClass-Cloud,1108,0,0,0,0,0,0,0.0
video09,TriClass-Cloud,1109,0,0,0,0,0,0,0.0
video09,TriClass-Cloud,1110,0,0,0,0,0,0,0.0
video09,TriClass-Cloud,1111,0,0,0,0,0,0,0.0
video09,TriClass-Cloud,1112,0,0,0,0,0,0,0.0
video09,TriClass-Cloud,1113,0,0,0,0,0,0,0.0
video09,TriClass-Cloud,1114,0,0,0,0,0,0,0.0
video09,TriClass-Cloud,1115,0,0,0,0,0,0,0.0
video09,TriClass-Cloud,1116,0,0,0,0,0,0,0.0
video09,TriClass-Cloud,1117,0,0,0,0,0,0,0.0
video09,TriClass-Cloud,1118,0,0,0,0,0,0,0.0
video09,TriClass-Cloud,1119,0,0,0,0,0,0,0.0
video09,TriClass-Cloud,1120,0,0,0,0,0,0,0.0
video09,TriClass-Cloud,1121,0,0,0,0,0,0,0.0
video09,TriClass-Cloud,1122,0,0,0,0,0,0,0.0
video09,TriClass-Cloud,1123,0,0,0,0,0,0,0.0
video09,TriClass-Cloud,1124,0,0,0,0,0,0,0.0
video09,TriClass-Cloud,1125,0,0,0,0,0,0,0.0
video09,TriClass-Cloud,1126,0,0,0,0,0,0,0.0
video09,TriClass-Cloud,1127,0,0,0,0,0,0,0.0
video09,TriClass-Cloud,1128,0,0,0,0,0,0,0.0
video09,TriClass-Cloud,1129,0,0,0,0,0,0,0.0
video09,TriClass-Cloud,1130,0,0,0,0,0,0,0.0
video09,TriClass-Cloud,1131,0,0,0,0,0,0,0.0
video09,TriClass-Cloud,1132,0,0,0,0,0,0,0.0
video09,TriClass-Cloud,1133,0,0,0,0,0,0,0.0
video09,TriClass-Cloud,1134,0,0,0,0,0,0,0.0
video09,TriClass-Cloud,1135,0,0,0,0,0,0,0.0
video09,TriClass-Cloud,1136,0,0,0,0,0,0,0.0
video09,TriClass-Cloud,1137,0,0,0,0,0,0,0.0
video09,TriClass-Cloud,1138,0,0,0,0,0,0,0.0
video09,TriClass-Cloud,1139,0,0,0,0,0,0,0.0
video09,TriClass-Cloud,1140,0,0,0,0,0,0,0.0
video09,TriClass-Cloud,1141,0,0,0,0,0,0,0.0
video09,TriClass-Cloud,1142,0,0,0,0,0,0,0.0
video09,TriClass-Cloud,1143,1,1,0,0,0,0,0.40084153413772583
video09,TriClass-Cloud,1144,1,1,0,0,1,0,0.27990439534187317
video09,TriClass-Cloud,1145,0,0,0,0,0,0,0.0
video09,TriClass-Cloud,1146,0,0,0,0,0,0,0.0
video09,TriClass-Cloud,1147,1,1,0,0,1,0,0.2576875388622284
video09,TriClass-Cloud,1148,0,0,0,0,0,0,0.0
video09,TriClass-Cloud,1149,0,0,0,0,0,0,0.0
video09,TriClass-Cloud,1150,0,0,0,0,0,0,0.0
video09,TriClass-Cloud,1151,1,1,0,0,0,0,0.3585793972015381
video09,TriClass-Cloud,1152,1,1,0,0,1,0,0.3328487277030945
video09,TriClass-Cloud,1153,1,1,0,0,1,0,0.33354994654655457
video09,TriClass-Cloud,1154,2,2,0,0,2,0,0.31934604048728943
video09,TriClass-Cloud,1155,1,1,0,0,0,0,0.3616785407066345
video09,TriClass-Cloud,1156,2,2,0,0,2,0,0.3172135651111603
video09,TriClass-Cloud,1157,1,1,0,0,1,0,0.34806114435195923
video09,TriClass-Cloud,1158,2,2,0,0,2,0,0.3143744170665741
video09,TriClass-Cloud,1159,2,2,0,0,2,0,0.3227938115596771
video09,TriClass-Cloud,1160,1,1,0,0,0,0,0.4119732677936554
video09,TriClass-Cloud,1161,1,1,0,0,0,0,0.4288236200809479
video09,TriClass-Cloud,1162,1,1,0,0,0,0,0.5983447432518005
video09,TriClass-Cloud,1163,1,1,0,0,0,0,0.5634108185768127
video09,TriClass-Cloud,1164,1,1,0,0,0,0,0.4256450831890106
video09,TriClass-Cloud,1165,1,1,0,0,1,0,0.34625789523124695
video09,TriClass-Cloud,1166,1,1,0,0,1,0,0.33270683884620667
video09,TriClass-Cloud,1167,2,2,0,0,2,0,0.31028828024864197
video09,TriClass-Cloud,1168,2,2,0,0,2,0,0.31127288937568665
video09,TriClass-Cloud,1169,1,1,0,0,0,0,0.39444491267204285
video09,TriClass-Cloud,1170,1,1,0,0,1,0,0.29157403111457825
video09,TriClass-Cloud,1171,1,1,0,0,1,0,0.2594327926635742
video09,TriClass-Cloud,1172,0,0,0,0,0,0,0.0
video09,TriClass-Cloud,1173,1,1,0,0,1,0,0.30339571833610535
video09,TriClass-Cloud,1174,1,1,0,0,0,0,0.4406716525554657
video09,TriClass-Cloud,1175,1,1,0,0,0,0,0.3653504252433777
video09,TriClass-Cloud,1176,1,1,0,0,0,0,0.36546528339385986
video09,TriClass-Cloud,1177,1,1,0,0,0,0,0.374223917722702
video09,TriClass-Cloud,1178,1,1,0,0,1,0,0.27880218625068665
video09,TriClass-Cloud,1179,1,1,0,0,0,0,0.4157133102416992
video09,TriClass-Cloud,1180,1,1,0,0,0,0,0.39410439133644104
video09,TriClass-Cloud,1181,1,1,0,0,0,0,0.5631353855133057
video09,TriClass-Cloud,1182,1,1,0,0,0,0,0.35934877395629883
video09,TriClass-Cloud,1183,1,1,0,0,0,0,0.42748332023620605
video09,TriClass-Cloud,1184,1,1,0,0,0,0,0.39137184619903564
video09,TriClass-Cloud,1185,1,1,0,0,0,0,0.6409598588943481
video09,TriClass-Cloud,1186,1,1,0,0,0,0,0.6254832148551941
video09,TriClass-Cloud,1187,1,1,0,0,0,0,0.5542475581169128
video09,TriClass-Cloud,1188,1,1,0,0,0,0,0.5159817337989807
video09,TriClass-Cloud,1189,1,1,0,0,0,0,0.6594803333282471
video09,TriClass-Cloud,1190,1,1,0,0,0,0,0.7418373823165894
video09,TriClass-Cloud,1191,1,1,0,0,0,0,0.7411481142044067
video09,TriClass-Cloud,1192,1,1,0,0,0,0,0.7094901204109192
video09,TriClass-Cloud,1193,1,1,0,0,0,0,0.6863034963607788
video09,TriClass-Cloud,1194,1,1,0,0,0,0,0.7180946469306946
video09,TriClass-Cloud,1195,1,1,0,0,0,0,0.6545931100845337
video09,TriClass-Cloud,1196,1,1,0,0,0,0,0.6296614408493042
video09,TriClass-Cloud,1197,1,1,0,0,0,0,0.6622164249420166
video09,TriClass-Cloud,1198,1,1,0,0,0,0,0.6440607309341431
video09,TriClass-Cloud,1199,1,1,0,0,0,0,0.6534092426300049
video09,TriClass-Cloud,1200,1,1,0,0,0,0,0.522462010383606
video09,TriClass-Cloud,1201,1,1,0,0,0,0,0.5687360763549805
video09,TriClass-Cloud,1202,1,1,0,0,0,0,0.6309319138526917
video09,TriClass-Cloud,1203,1,1,0,0,0,0,0.6493945121765137
video09,TriClass-Cloud,1204,1,1,0,0,0,0,0.6764287352561951
video09,TriClass-Cloud,1205,1,1,0,0,0,0,0.6325501799583435
video09,TriClass-Cloud,1206,1,1,0,0,0,0,0.6352158188819885
video09,TriClass-Cloud,1207,1,1,0,0,0,0,0.5919008255004883
video09,TriClass-Cloud,1208,1,1,0,0,0,0,0.687919557094574
video09,TriClass-Cloud,1209,1,1,0,0,0,0,0.6502177119255066
video09,TriClass-Cloud,1210,1,1,0,0,0,0,0.6221383213996887
video09,TriClass-Cloud,1211,1,1,0,0,0,0,0.6980252265930176
video09,TriClass-Cloud,1212,1,1,0,0,0,0,0.7290136218070984
video09,TriClass-Cloud,1213,1,1,0,0,0,0,0.7560928463935852
video09,TriClass-Cloud,1214,1,1,0,0,0,0,0.630475640296936
video09,TriClass-Cloud,1215,1,1,0,0,0,0,0.5502724647521973
video09,TriClass-Cloud,1216,1,1,0,0,0,0,0.6687535047531128
video09,TriClass-Cloud,1217,1,1,0,0,0,0,0.6340756416320801
video09,TriClass-Cloud,1218,1,1,0,0,0,0,0.6025243997573853
video09,TriClass-Cloud,1219,1,1,0,0,0,0,0.6942062973976135
video09,TriClass-Cloud,1220,1,1,0,0,0,0,0.6562354564666748
video09,TriClass-Cloud,1221,1,1,0,0,0,0,0.6274542212486267
video09,TriClass-Cloud,1222,1,1,0,0,0,0,0.5985647439956665
video09,TriClass-Cloud,1223,1,1,0,0,0,0,0.6389369368553162
video09,TriClass-Cloud,1224,1,1,0,0,0,0,0.6491571664810181
video09,TriClass-Cloud,1225,1,1,0,0,0,0,0.6683705449104309
video09,TriClass-Cloud,1226,1,1,0,0,0,0,0.7712113857269287
video09,TriClass-Cloud,1227,1,1,0,0,0,0,0.7342740297317505
video09,TriClass-Cloud,1228,1,1,0,0,0,0,0.785103976726532
video09,TriClass-Cloud,1229,1,1,0,0,0,0,0.7491098046302795
video09,TriClass-Cloud,1230,1,1,0,0,0,0,0.7178003191947937
video09,TriClass-Cloud,1231,1,1,0,0,0,0,0.6802802681922913
video09,TriClass-Cloud,1232,1,1,0,0,0,0,0.7219297289848328
video09,TriClass-Cloud,1233,1,1,0,0,0,0,0.7131538987159729
video09,TriClass-Cloud,1234,1,1,0,0,0,0,0.781700611114502
video09,TriClass-Cloud,1235,1,1,0,0,0,0,0.7131443023681641
video09,TriClass-Cloud,1236,1,1,0,0,0,0,0.740138053894043
video09,TriClass-Cloud,1237,1,1,0,0,0,0,0.6988286972045898
video09,TriClass-Cloud,1238,1,1,0,0,0,0,0.6989625096321106
video09,TriClass-Cloud,1239,1,1,0,0,0,0,0.7200992107391357
video09,TriClass-Cloud,1240,1,1,0,0,0,0,0.7429593801498413
video09,TriClass-Cloud,1241,1,1,0,0,0,0,0.7276884913444519
video09,TriClass-Cloud,1242,1,1,0,0,0,0,0.7077724933624268
video09,TriClass-Cloud,1243,1,1,0,0,0,0,0.7206325531005859
video09,TriClass-Cloud,1244,1,1,0,0,0,0,0.6442976593971252
video09,TriClass-Cloud,1245,1,1,0,0,0,0,0.6226390600204468
video09,TriClass-Cloud,1246,1,1,0,0,0,0,0.6157438158988953
video09,TriClass-Cloud,1247,1,1,0,0,0,0,0.5997747778892517
video09,TriClass-Cloud,1248,1,1,0,0,0,0,0.48899969458580017
video09,TriClass-Cloud,1249,1,1,0,0,0,0,0.6807696223258972
video09,TriClass-Cloud,1250,1,1,0,0,0,0,0.6313912272453308
video09,TriClass-Cloud,1251,1,1,0,0,0,0,0.6720418930053711
video09,TriClass-Cloud,1252,1,1,0,0,0,0,0.7328051328659058
video09,TriClass-Cloud,1253,1,1,0,0,0,0,0.7910043001174927
video09,TriClass-Cloud,1254,1,1,0,0,0,0,0.7874648571014404
video09,TriClass-Cloud,1255,1,1,0,0,0,0,0.7844442129135132
video09,TriClass-Cloud,1256,1,1,0,0,0,0,0.7494619488716125
video09,TriClass-Cloud,1257,1,1,0,0,1,0,0.2547163963317871
video09,TriClass-Cloud,1258,1,1,0,0,0,0,0.6113284826278687
video09,TriClass-Cloud,1259,1,1,0,0,0,0,0.7276574969291687
video09,TriClass-Cloud,1260,1,1,0,0,0,0,0.7796680927276611
video09,TriClass-Cloud,1261,1,1,0,0,0,0,0.6631073951721191
video09,TriClass-Cloud,1262,1,1,0,0,0,0,0.717826247215271
video09,TriClass-Cloud,1263,1,1,0,0,0,0,0.5936889052391052
video09,TriClass-Cloud,1264,1,1,0,0,0,0,0.6780272126197815
video09,TriClass-Cloud,1265,1,1,0,0,0,0,0.6657535433769226
video09,TriClass-Cloud,1266,1,1,0,0,0,0,0.7811347246170044
video09,TriClass-Cloud,1267,1,1,0,0,0,0,0.8276086449623108
video09,TriClass-Cloud,1268,1,1,0,0,0,0,0.8059512376785278
video09,TriClass-Cloud,1269,1,1,0,0,0,0,0.7790905237197876
video09,TriClass-Cloud,1270,1,1,0,0,0,0,0.7940775752067566
video09,TriClass-Cloud,1271,1,1,0,0,0,0,0.790504515171051
video09,TriClass-Cloud,1272,1,1,0,0,0,0,0.7386197447776794
video09,TriClass-Cloud,1273,1,1,0,0,0,0,0.7565975189208984
video09,TriClass-Cloud,1274,1,1,0,0,0,0,0.5431259870529175
video09,TriClass-Cloud,1275,1,1,0,0,0,0,0.6056254506111145
video09,TriClass-Cloud,1276,1,1,0,0,0,0,0.6064146757125854
video09,TriClass-Cloud,1277,1,1,0,0,0,0,0.7054324150085449
video09,TriClass-Cloud,1278,1,1,0,0,0,0,0.6593927145004272
video09,TriClass-Cloud,1279,1,1,0,0,0,0,0.6766632795333862
video09,TriClass-Cloud,1280,1,1,0,0,0,0,0.6270900964736938
video09,TriClass-Cloud,1281,1,1,0,0,0,0,0.6595867872238159
video09,TriClass-Cloud,1282,1,1,0,0,0,0,0.6366147994995117
video09,TriClass-Cloud,1283,1,1,0,0,0,0,0.6404606103897095
video09,TriClass-Cloud,1284,1,1,0,0,0,0,0.6488431692123413
video09,TriClass-Cloud,1285,1,1,0,0,0,0,0.6588301062583923
video09,TriClass-Cloud,1286,1,1,0,0,0,0,0.5881387591362
video09,TriClass-Cloud,1287,1,1,0,0,0,0,0.6502315402030945
video09,TriClass-Cloud,1288,1,1,0,0,0,0,0.6695061922073364
video09,TriClass-Cloud,1289,1,1,0,0,0,0,0.7175736427307129
video09,TriClass-Cloud,1290,1,1,0,0,0,0,0.68316650390625
video09,TriClass-Cloud,1291,1,1,0,0,0,0,0.7240573763847351
video09,TriClass-Cloud,1292,1,1,0,0,0,0,0.7419019937515259
video09,TriClass-Cloud,1293,1,1,0,0,0,0,0.7373775839805603
video09,TriClass-Cloud,1294,1,1,0,0,0,0,0.7790938019752502
video09,TriClass-Cloud,1295,1,1,0,0,0,0,0.7728027105331421
video09,TriClass-Cloud,1296,1,1,0,0,0,0,0.7308273315429688
video09,TriClass-Cloud,1297,1,1,0,0,0,0,0.7102663516998291
video09,TriClass-Cloud,1298,1,1,0,0,0,0,0.7387022376060486
video09,TriClass-Cloud,1299,1,1,0,0,0,0,0.7456831336021423
video09,TriClass-Cloud,1300,1,1,0,0,0,0,0.7253975868225098
video09,TriClass-Cloud,1301,1,1,0,0,0,0,0.7627766728401184
video09,TriClass-Cloud,1302,1,1,0,0,0,0,0.7474583387374878
video09,TriClass-Cloud,1303,1,1,0,0,0,0,0.7595799565315247
video09,TriClass-Cloud,1304,1,1,0,0,0,0,0.7760545015335083
video09,TriClass-Cloud,1305,1,1,0,0,0,0,0.7568942308425903
video09,TriClass-Cloud,1306,1,1,0,0,0,0,0.714790940284729
video09,TriClass-Cloud,1307,1,1,0,0,0,0,0.7615561485290527
video09,TriClass-Cloud,1308,1,1,0,0,0,0,0.76152104139328
video09,TriClass-Cloud,1309,1,1,0,0,0,0,0.7390597462654114
video09,TriClass-Cloud,1310,1,1,0,0,0,0,0.7476112842559814
video09,TriClass-Cloud,1311,1,1,0,0,0,0,0.766473114490509
video09,TriClass-Cloud,1312,1,1,0,0,0,0,0.7780066132545471
video09,TriClass-Cloud,1313,1,1,0,0,0,0,0.7211233973503113
video09,TriClass-Cloud,1314,1,1,0,0,0,0,0.7493270039558411
video09,TriClass-Cloud,1315,1,1,0,0,0,0,0.6893329620361328
video09,TriClass-Cloud,1316,1,1,0,0,0,0,0.7043949365615845
video09,TriClass-Cloud,1317,1,1,0,0,0,0,0.6983456611633301
video09,TriClass-Cloud,1318,1,1,0,0,0,0,0.7153505682945251
video09,TriClass-Cloud,1319,1,1,0,0,0,0,0.7142507433891296
video09,TriClass-Cloud,1320,1,1,0,0,0,0,0.7438888549804688
video09,TriClass-Cloud,1321,1,1,0,0,0,0,0.685287594795227
video09,TriClass-Cloud,1322,1,1,0,0,0,0,0.7337318062782288
video09,TriClass-Cloud,1323,1,1,0,0,0,0,0.6647841334342957
video09,TriClass-Cloud,1324,2,2,0,0,2,0,0.2922397255897522
video09,TriClass-Cloud,1325,1,1,0,0,0,0,0.7110150456428528
video09,TriClass-Cloud,1326,1,1,0,0,0,0,0.714208722114563
video09,TriClass-Cloud,1327,1,1,0,0,0,0,0.6208847165107727
video09,TriClass-Cloud,1328,1,1,0,0,0,0,0.6849801540374756
video09,TriClass-Cloud,1329,1,1,0,0,0,0,0.6465495228767395
video09,TriClass-Cloud,1330,1,1,0,0,0,0,0.7627044320106506
video09,TriClass-Cloud,1331,1,1,0,0,0,0,0.7401015162467957
video09,TriClass-Cloud,1332,1,1,0,0,0,0,0.5889087915420532
video09,TriClass-Cloud,1333,1,1,0,0,0,0,0.6586718559265137
video09,TriClass-Cloud,1334,1,1,0,0,0,0,0.6275540590286255
video09,TriClass-Cloud,1335,1,1,0,0,0,0,0.6604410409927368
video09,TriClass-Cloud,1336,1,1,0,0,0,0,0.5664085745811462
video09,TriClass-Cloud,1337,1,1,0,0,0,0,0.5999256372451782
video09,TriClass-Cloud,1338,1,1,0,0,0,0,0.6303818821907043
video09,TriClass-Cloud,1339,1,1,0,0,0,0,0.6939610838890076
video09,TriClass-Cloud,1340,1,1,0,0,0,0,0.5785486102104187
video09,TriClass-Cloud,1341,1,1,0,0,0,0,0.5093129873275757
video09,TriClass-Cloud,1342,1,1,0,0,0,0,0.6718260645866394
video09,TriClass-Cloud,1343,1,1,0,0,0,0,0.7220991253852844
video09,TriClass-Cloud,1344,1,1,0,0,0,0,0.7226263880729675
video09,TriClass-Cloud,1345,1,1,0,0,0,0,0.6295050382614136
video09,TriClass-Cloud,1346,1,1,0,0,0,0,0.7651590704917908
video09,TriClass-Cloud,1347,1,1,0,0,0,0,0.7397580146789551
video09,TriClass-Cloud,1348,1,1,0,0,0,0,0.7504106760025024
video09,TriClass-Cloud,1349,1,1,0,0,0,0,0.511163055896759
video09,TriClass-Cloud,1350,1,1,0,0,0,0,0.7135719656944275
video09,TriClass-Cloud,1351,1,1,0,0,0,0,0.7068568468093872
video09,TriClass-Cloud,1352,1,1,0,0,0,0,0.7484391927719116
video09,TriClass-Cloud,1353,1,1,0,0,0,0,0.7934818863868713
video09,TriClass-Cloud,1354,1,1,0,0,0,0,0.6973231434822083
video09,TriClass-Cloud,1355,1,1,0,0,0,0,0.7928993105888367
video09,TriClass-Cloud,1356,1,1,0,0,0,0,0.8034942746162415
video09,TriClass-Cloud,1357,1,1,0,0,0,0,0.6619855761528015
video09,TriClass-Cloud,1358,1,1,0,0,0,0,0.7147707343101501
video09,TriClass-Cloud,1359,1,1,0,0,0,0,0.76587975025177
video09,TriClass-Cloud,1360,1,1,0,0,0,0,0.5541377663612366
video09,TriClass-Cloud,1361,1,1,0,0,0,0,0.5411945581436157
video09,TriClass-Cloud,1362,1,1,0,0,0,0,0.6621384024620056
video09,TriClass-Cloud,1363,1,1,0,0,0,0,0.5883533358573914
video09,TriClass-Cloud,1364,1,1,0,0,0,0,0.4813935458660126
video09,TriClass-Cloud,1365,1,1,0,0,0,0,0.46110254526138306
video09,TriClass-Cloud,1366,1,1,0,0,0,0,0.37538617849349976
video09,TriClass-Cloud,1367,1,1,0,0,0,0,0.4300393760204315
video09,TriClass-Cloud,1368,1,1,0,0,0,0,0.584292471408844
video09,TriClass-Cloud,1369,2,2,0,0,2,0,0.336083322763443
video09,TriClass-Cloud,1370,1,1,0,0,1,0,0.34144264459609985
video09,TriClass-Cloud,1371,1,1,0,0,0,0,0.3917098045349121
video09,TriClass-Cloud,1372,1,1,0,0,0,0,0.5459533929824829
video09,TriClass-Cloud,1373,1,1,0,0,0,0,0.39541465044021606
video09,TriClass-Cloud,1374,2,2,0,0,2,0,0.3232645094394684
video09,TriClass-Cloud,1375,1,1,0,0,0,0,0.4801185429096222
video09,TriClass-Cloud,1376,1,1,0,0,0,0,0.4023571312427521
video09,TriClass-Cloud,1377,2,2,0,0,1,0,0.39347386360168457
video09,TriClass-Cloud,1378,2,2,0,0,1,0,0.3520004153251648
video09,TriClass-Cloud,1379,1,1,0,0,0,0,0.4307031035423279
video09,TriClass-Cloud,1380,1,1,0,0,0,0,0.7053594589233398
video09,TriClass-Cloud,1381,1,1,0,0,0,0,0.7561571598052979
video09,TriClass-Cloud,1382,1,1,0,0,0,0,0.55699223279953
video09,TriClass-Cloud,1383,1,1,0,0,0,0,0.7450442314147949
video09,TriClass-Cloud,1384,1,1,0,0,0,0,0.4623376429080963
video09,TriClass-Cloud,1385,1,1,0,0,0,0,0.6766484975814819
video09,TriClass-Cloud,1386,1,1,0,0,0,0,0.5333837866783142
video09,TriClass-Cloud,1387,1,1,0,0,0,0,0.5171700119972229
video09,TriClass-Cloud,1388,1,1,0,0,0,0,0.5190004110336304
video09,TriClass-Cloud,1389,1,1,0,0,0,0,0.3948574960231781
video09,TriClass-Cloud,1390,1,1,0,0,0,0,0.6909210681915283
video09,TriClass-Cloud,1391,1,1,0,0,0,0,0.6822332143783569
video09,TriClass-Cloud,1392,1,1,0,0,0,0,0.7270869016647339
video09,TriClass-Cloud,1393,1,1,0,0,0,0,0.5388118624687195
video09,TriClass-Cloud,1394,1,1,0,0,0,0,0.5603198409080505
video09,TriClass-Cloud,1395,1,1,0,0,0,0,0.5769845247268677
video09,TriClass-Cloud,1396,1,1,0,0,0,0,0.7266528010368347
video09,TriClass-Cloud,1397,1,1,0,0,0,0,0.6114057302474976
video09,TriClass-Cloud,1398,1,1,0,0,0,0,0.6935481429100037
video09,TriClass-Cloud,1399,1,1,0,0,0,0,0.7513428926467896
video09,TriClass-Cloud,1400,1,1,0,0,0,0,0.719541072845459
video09,TriClass-Cloud,1401,1,1,0,0,0,0,0.5396480560302734
video09,TriClass-Cloud,1402,1,1,0,0,0,0,0.6490990519523621
video09,TriClass-Cloud,1403,1,1,0,0,0,0,0.7270206809043884
video09,TriClass-Cloud,1404,1,1,0,0,0,0,0.6455762982368469
video09,TriClass-Cloud,1405,1,1,0,0,0,0,0.7281438708305359
video09,TriClass-Cloud,1406,1,1,0,0,0,0,0.7192090153694153
video09,TriClass-Cloud,1407,1,1,0,0,0,0,0.7125385403633118
video09,TriClass-Cloud,1408,1,1,0,0,0,0,0.7126952409744263
video09,TriClass-Cloud,1409,1,1,0,0,0,0,0.7146279811859131
video09,TriClass-Cloud,1410,1,1,0,0,0,0,0.7790718078613281
video09,TriClass-Cloud,1411,1,1,0,0,0,0,0.7030642628669739
video09,TriClass-Cloud,1412,1,1,0,0,0,0,0.7565882802009583
video09,TriClass-Cloud,1413,1,1,0,0,0,0,0.7751314043998718
video09,TriClass-Cloud,1414,1,1,0,0,0,0,0.7450003623962402
video09,TriClass-Cloud,1415,1,1,0,0,0,0,0.6730958819389343
video09,TriClass-Cloud,1416,1,1,0,0,0,0,0.754629373550415
video09,TriClass-Cloud,1417,1,1,0,0,0,0,0.7277151346206665
video09,TriClass-Cloud,1418,1,1,0,0,0,0,0.6988174319267273
video09,TriClass-Cloud,1419,1,1,0,0,0,0,0.7073533535003662
video09,TriClass-Cloud,1420,1,1,0,0,0,0,0.7581803202629089
video09,TriClass-Cloud,1421,1,1,0,0,0,0,0.7906522154808044
video09,TriClass-Cloud,1422,1,1,0,0,0,0,0.767191469669342
video09,TriClass-Cloud,1423,1,1,0,0,0,0,0.7889034152030945
video09,TriClass-Cloud,1424,1,1,0,0,0,0,0.726629912853241
video09,TriClass-Cloud,1425,1,1,0,0,0,0,0.7732698917388916
video09,TriClass-Cloud,1426,1,1,0,0,0,0,0.6698842644691467
video09,TriClass-Cloud,1427,1,1,0,0,0,0,0.7492897510528564
video09,TriClass-Cloud,1428,1,1,0,0,0,0,0.7669316530227661
video09,TriClass-Cloud,1429,1,1,0,0,0,0,0.7807064652442932
video09,TriClass-Cloud,1430,1,1,0,0,0,0,0.7527399659156799
video09,TriClass-Cloud,1431,1,1,0,0,0,0,0.7746223211288452
video09,TriClass-Cloud,1432,1,1,0,0,0,0,0.7051156163215637
video09,TriClass-Cloud,1433,1,1,0,0,0,0,0.8361355662345886
video09,TriClass-Cloud,1434,1,1,0,0,0,0,0.8192387819290161
video09,TriClass-Cloud,1435,1,1,0,0,0,0,0.7420816421508789
video09,TriClass-Cloud,1436,1,1,0,0,0,0,0.76314777135849
video09,TriClass-Cloud,1437,1,1,0,0,0,0,0.7443537712097168
video09,TriClass-Cloud,1438,1,1,0,0,0,0,0.7512267231941223
video09,TriClass-Cloud,1439,1,1,0,0,0,0,0.8188994526863098
video09,TriClass-Cloud,1440,1,1,0,0,0,0,0.854516327381134
video09,TriClass-Cloud,1441,1,1,0,0,0,0,0.8145424127578735
video09,TriClass-Cloud,1442,1,1,0,0,0,0,0.791419267654419
video09,TriClass-Cloud,1443,1,1,0,0,0,0,0.7726060748100281
video09,TriClass-Cloud,1444,1,1,0,0,0,0,0.7841767072677612
video09,TriClass-Cloud,1445,1,1,0,0,0,0,0.7907923460006714
video09,TriClass-Cloud,1446,1,1,0,0,0,0,0.7848594784736633
video09,TriClass-Cloud,1447,1,1,0,0,0,0,0.7575271725654602
video09,TriClass-Cloud,1448,1,1,0,0,0,0,0.7973501086235046
video09,TriClass-Cloud,1449,1,1,0,0,0,0,0.7942472100257874
video09,TriClass-Cloud,1450,1,1,0,0,0,0,0.7907418608665466
video09,TriClass-Cloud,1451,1,1,0,0,0,0,0.7954877614974976
video09,TriClass-Cloud,1452,1,1,0,0,0,0,0.790528416633606
video09,TriClass-Cloud,1453,1,1,0,0,0,0,0.7969592809677124
video09,TriClass-Cloud,1454,1,1,0,0,0,0,0.7861162424087524
video09,TriClass-Cloud,1455,1,1,0,0,0,0,0.7859981656074524
video09,TriClass-Cloud,1456,1,1,0,0,0,0,0.7694942951202393
video09,TriClass-Cloud,1457,1,1,0,0,0,0,0.7921857237815857
video09,TriClass-Cloud,1458,1,1,0,0,0,0,0.8005203008651733
video09,TriClass-Cloud,1459,1,1,0,0,0,0,0.7720919847488403
video09,TriClass-Cloud,1460,2,2,0,0,0,0,0.6681405901908875
video09,TriClass-Cloud,1461,2,2,0,0,0,0,0.7241396903991699
video09,TriClass-Cloud,1462,1,1,0,0,0,0,0.3847220540046692
video09,TriClass-Cloud,1463,1,1,0,0,0,0,0.8143572211265564
video09,TriClass-Cloud,1464,1,1,0,0,0,0,0.7969785928726196
video09,TriClass-Cloud,1465,1,1,0,0,0,0,0.8075430393218994
video09,TriClass-Cloud,1466,1,1,0,0,0,0,0.8257179260253906
video09,TriClass-Cloud,1467,1,1,0,0,0,0,0.7178084254264832
video09,TriClass-Cloud,1468,1,1,0,0,0,0,0.7971342206001282
video09,TriClass-Cloud,1469,1,1,0,0,0,0,0.810637354850769
video09,TriClass-Cloud,1470,1,1,0,0,0,0,0.8191365599632263
video09,TriClass-Cloud,1471,1,1,0,0,0,0,0.8251470923423767
video09,TriClass-Cloud,1472,1,1,0,0,0,0,0.8331732153892517
video09,TriClass-Cloud,1473,1,1,0,0,0,0,0.8185030221939087
video09,TriClass-Cloud,1474,1,1,0,0,0,0,0.7914119958877563
video09,TriClass-Cloud,1475,1,1,0,0,0,0,0.7897043228149414
video09,TriClass-Cloud,1476,1,1,0,0,0,0,0.7819426655769348
video09,TriClass-Cloud,1477,1,1,0,0,0,0,0.7862329483032227
video09,TriClass-Cloud,1478,1,1,0,0,0,0,0.7835527062416077
video09,TriClass-Cloud,1479,1,1,0,0,0,0,0.7622305750846863
video09,TriClass-Cloud,1480,1,1,0,0,0,0,0.761885404586792
video09,TriClass-Cloud,1481,1,1,0,0,0,0,0.7592906355857849
video09,TriClass-Cloud,1482,1,1,0,0,0,0,0.7539598941802979
video09,TriClass-Cloud,1483,1,1,0,0,0,0,0.7688118815422058
video09,TriClass-Cloud,1484,1,1,0,0,0,0,0.8004416823387146
video09,TriClass-Cloud,1485,1,1,0,0,0,0,0.798507034778595
video09,TriClass-Cloud,1486,1,1,0,0,0,0,0.7783724069595337
video09,TriClass-Cloud,1487,1,1,0,0,0,0,0.7987012267112732
video09,TriClass-Cloud,1488,1,1,0,0,0,0,0.7660455703735352
video09,TriClass-Cloud,1489,1,1,0,0,0,0,0.8027420043945312
video09,TriClass-Cloud,1490,1,1,0,0,0,0,0.785714328289032
video09,TriClass-Cloud,1491,1,1,0,0,0,0,0.7589908242225647
video09,TriClass-Cloud,1492,1,1,0,0,0,0,0.7958558797836304
video09,TriClass-Cloud,1493,1,1,0,0,0,0,0.8251567482948303
video09,TriClass-Cloud,1494,1,1,0,0,0,0,0.8275400400161743
video09,TriClass-Cloud,1495,1,1,0,0,0,0,0.8181796073913574
video09,TriClass-Cloud,1496,1,1,0,0,0,0,0.8113069534301758
video09,TriClass-Cloud,1497,1,1,0,0,0,0,0.8187565803527832
video09,TriClass-Cloud,1498,1,1,0,0,0,0,0.7661533951759338
video09,TriClass-Cloud,1499,1,1,0,0,0,0,0.7182437181472778
video09,TriClass-Cloud,1500,1,1,0,0,0,0,0.6938079595565796
video09,TriClass-Cloud,1501,1,1,0,0,0,0,0.7951605319976807
video09,TriClass-Cloud,1502,1,1,0,0,0,0,0.7952223420143127
video09,TriClass-Cloud,1503,1,1,0,0,0,0,0.7852709293365479
video09,TriClass-Cloud,1504,1,1,0,0,0,0,0.7852709293365479
video09,TriClass-Cloud,1505,1,1,0,0,0,0,0.7892686128616333
video09,TriClass-Cloud,1506,1,1,0,0,0,0,0.7562204003334045
video09,TriClass-Cloud,1507,1,1,0,0,0,0,0.7600118517875671
video09,TriClass-Cloud,1508,1,1,0,0,0,0,0.7398198843002319
video09,TriClass-Cloud,1509,2,2,0,0,1,0,0.4714333117008209
video09,TriClass-Cloud,1510,1,1,0,0,0,0,0.8024567365646362
video09,TriClass-Cloud,1511,1,1,0,0,0,0,0.8364077210426331
video09,TriClass-Cloud,1512,1,1,0,0,0,0,0.8342899680137634
video09,TriClass-Cloud,1513,1,1,0,0,0,0,0.8024175763130188
video09,TriClass-Cloud,1514,1,1,0,0,0,0,0.806800901889801
video09,TriClass-Cloud,1515,1,1,0,0,0,0,0.8223137259483337
video09,TriClass-Cloud,1516,1,1,0,0,0,0,0.8223012089729309
video09,TriClass-Cloud,1517,1,1,0,0,0,0,0.8051807880401611
video09,TriClass-Cloud,1518,1,1,0,0,0,0,0.7935941815376282
video09,TriClass-Cloud,1519,1,1,0,0,0,0,0.7922707796096802
video09,TriClass-Cloud,1520,1,1,0,0,0,0,0.8193944692611694
video09,TriClass-Cloud,1521,1,1,0,0,0,0,0.811857283115387
video09,TriClass-Cloud,1522,1,1,0,0,0,0,0.8116553425788879
video09,TriClass-Cloud,1523,1,1,0,0,0,0,0.8144018650054932
video09,TriClass-Cloud,1524,1,1,0,0,0,0,0.7848547697067261
video09,TriClass-Cloud,1525,1,1,0,0,0,0,0.7891266942024231
video09,TriClass-Cloud,1526,1,1,0,0,0,0,0.8079370260238647
video09,TriClass-Cloud,1527,1,1,0,0,0,0,0.777648389339447
video09,TriClass-Cloud,1528,1,1,0,0,0,0,0.7928285598754883
video09,TriClass-Cloud,1529,1,1,0,0,0,0,0.7933273315429688
video09,TriClass-Cloud,1530,1,1,0,0,0,0,0.8113734722137451
video09,TriClass-Cloud,1531,1,1,0,0,0,0,0.8490301370620728
video09,TriClass-Cloud,1532,1,1,0,0,0,0,0.8422658443450928
video09,TriClass-Cloud,1533,1,1,0,0,0,0,0.8494883179664612
video09,TriClass-Cloud,1534,1,1,0,0,0,0,0.8429278135299683
video09,TriClass-Cloud,1535,1,1,0,0,0,0,0.809459924697876
video09,TriClass-Cloud,1536,1,1,0,0,0,0,0.8097014427185059
video09,TriClass-Cloud,1537,1,1,0,0,0,0,0.802381694316864
video09,TriClass-Cloud,1538,1,1,0,0,0,0,0.8082872033119202
video09,TriClass-Cloud,1539,1,1,0,0,0,0,0.790553867816925
video09,TriClass-Cloud,1540,1,1,0,0,0,0,0.7777820229530334
video09,TriClass-Cloud,1541,1,1,0,0,0,0,0.8274412155151367
video09,TriClass-Cloud,1542,1,1,0,0,0,0,0.7812755703926086
video09,TriClass-Cloud,1543,1,1,0,0,0,0,0.8239530324935913
video09,TriClass-Cloud,1544,1,1,0,0,0,0,0.837090253829956
video09,TriClass-Cloud,1545,1,1,0,0,0,0,0.8263117074966431
video09,TriClass-Cloud,1546,1,1,0,0,0,0,0.841852605342865
video09,TriClass-Cloud,1547,1,1,0,0,0,0,0.8579090237617493
video09,TriClass-Cloud,1548,1,1,0,0,0,0,0.8439428806304932
video09,TriClass-Cloud,1549,1,1,0,0,0,0,0.843548595905304
video09,TriClass-Cloud,1550,1,1,0,0,0,0,0.8412070274353027
video09,TriClass-Cloud,1551,1,1,0,0,0,0,0.822910487651825
video09,TriClass-Cloud,1552,1,1,0,0,0,0,0.8215218186378479
video09,TriClass-Cloud,1553,1,1,0,0,0,0,0.8140348792076111
video09,TriClass-Cloud,1554,1,1,0,0,0,0,0.8193044662475586
video09,TriClass-Cloud,1555,1,1,0,0,0,0,0.7918704152107239
video09,TriClass-Cloud,1556,1,1,0,0,0,0,0.7648332715034485
video09,TriClass-Cloud,1557,1,1,0,0,0,0,0.7486488819122314
video09,TriClass-Cloud,1558,1,1,0,0,0,0,0.7747992873191833
video09,TriClass-Cloud,1559,1,1,0,0,0,0,0.8271335363388062
video09,TriClass-Cloud,1560,1,1,0,0,0,0,0.8295000791549683
video09,TriClass-Cloud,1561,1,1,0,0,0,0,0.826893150806427
video09,TriClass-Cloud,1562,1,1,0,0,0,0,0.825560986995697
video09,TriClass-Cloud,1563,1,1,0,0,0,0,0.8223195672035217
video09,TriClass-Cloud,1564,1,1,0,0,0,0,0.8083621263504028
video09,TriClass-Cloud,1565,1,1,0,0,0,0,0.8014860153198242
video09,TriClass-Cloud,1566,1,1,0,0,0,0,0.7980573773384094
video09,TriClass-Cloud,1567,1,1,0,0,0,0,0.7989166975021362
video09,TriClass-Cloud,1568,1,1,0,0,0,0,0.7815816402435303
video09,TriClass-Cloud,1569,1,1,0,0,0,0,0.8093793988227844
video09,TriClass-Cloud,1570,1,1,0,0,0,0,0.7970565557479858
video09,TriClass-Cloud,1571,1,1,0,0,0,0,0.8190129399299622
video09,TriClass-Cloud,1572,1,1,0,0,0,0,0.8140028715133667
video09,TriClass-Cloud,1573,1,1,0,0,0,0,0.8265177607536316
video09,TriClass-Cloud,1574,1,1,0,0,0,0,0.8126623630523682
video09,TriClass-Cloud,1575,1,1,0,0,0,0,0.7974614500999451
video09,TriClass-Cloud,1576,1,1,0,0,0,0,0.7842262387275696
video09,TriClass-Cloud,1577,1,1,0,0,0,0,0.8077517151832581
video09,TriClass-Cloud,1578,1,1,0,0,0,0,0.793572723865509
video09,TriClass-Cloud,1579,1,1,0,0,0,0,0.8163508772850037
video09,TriClass-Cloud,1580,1,1,0,0,0,0,0.8225643038749695
video09,TriClass-Cloud,1581,1,1,0,0,0,0,0.8285742998123169
video09,TriClass-Cloud,1582,1,1,0,0,0,0,0.8313108086585999
video09,TriClass-Cloud,1583,1,1,0,0,0,0,0.8450271487236023
video09,TriClass-Cloud,1584,1,1,0,0,0,0,0.8458613753318787
video09,TriClass-Cloud,1585,1,1,0,0,0,0,0.8279790878295898
video09,TriClass-Cloud,1586,1,1,0,0,0,0,0.8004083037376404
video09,TriClass-Cloud,1587,1,1,0,0,0,0,0.8151359558105469
video09,TriClass-Cloud,1588,1,1,0,0,0,0,0.7948727011680603
video09,TriClass-Cloud,1589,1,1,0,0,0,0,0.8124699592590332
video09,TriClass-Cloud,1590,1,1,0,0,0,0,0.8017439842224121
video09,TriClass-Cloud,1591,1,1,0,0,0,0,0.8240267634391785
video09,TriClass-Cloud,1592,1,1,0,0,0,0,0.8390816450119019
video09,TriClass-Cloud,1593,1,1,0,0,0,0,0.8205180168151855
video09,TriClass-Cloud,1594,1,1,0,0,0,0,0.8104293942451477
video09,TriClass-Cloud,1595,1,1,0,0,0,0,0.7833922505378723
video09,TriClass-Cloud,1596,1,1,0,0,0,0,0.7793841361999512
video09,TriClass-Cloud,1597,1,1,0,0,0,0,0.7357781529426575
video09,TriClass-Cloud,1598,1,1,0,0,0,0,0.8025788068771362
video09,TriClass-Cloud,1599,1,1,0,0,0,0,0.7839640974998474
video09,TriClass-Cloud,1600,1,1,0,0,0,0,0.7232747077941895
video09,TriClass-Cloud,1601,1,1,0,0,0,0,0.709608793258667
video09,TriClass-Cloud,1602,1,1,0,0,0,0,0.7062929272651672
video09,TriClass-Cloud,1603,1,1,0,0,0,0,0.6882172226905823
video09,TriClass-Cloud,1604,1,1,0,0,0,0,0.7491797208786011
video09,TriClass-Cloud,1605,1,1,0,0,0,0,0.7367945909500122
video09,TriClass-Cloud,1606,1,1,0,0,0,0,0.778580904006958
video09,TriClass-Cloud,1607,1,1,0,0,0,0,0.6953998804092407
video09,TriClass-Cloud,1608,1,1,0,0,0,0,0.7821377515792847
video09,TriClass-Cloud,1609,1,1,0,0,0,0,0.7654224634170532
video09,TriClass-Cloud,1610,1,1,0,0,0,0,0.7267991900444031
video09,TriClass-Cloud,1611,1,1,0,0,0,0,0.7276431918144226
video09,TriClass-Cloud,1612,1,1,0,0,0,0,0.4061705470085144
video09,TriClass-Cloud,1613,1,1,0,0,0,0,0.7858004570007324
video09,TriClass-Cloud,1614,1,1,0,0,0,0,0.7987671494483948
video09,TriClass-Cloud,1615,1,1,0,0,0,0,0.7664828300476074
video09,TriClass-Cloud,1616,1,1,0,0,0,0,0.7365203499794006
video09,TriClass-Cloud,1617,1,1,0,0,0,0,0.7981692552566528
video09,TriClass-Cloud,1618,1,1,0,0,0,0,0.7477220892906189
video09,TriClass-Cloud,1619,1,1,0,0,0,0,0.7663294672966003
video09,TriClass-Cloud,1620,1,1,0,0,0,0,0.7704843282699585
video09,TriClass-Cloud,1621,1,1,0,0,0,0,0.8347245454788208
video09,TriClass-Cloud,1622,1,1,0,0,0,0,0.8043634295463562
video09,TriClass-Cloud,1623,1,1,0,0,0,0,0.8002433180809021
video09,TriClass-Cloud,1624,1,1,0,0,0,0,0.7929043173789978
video09,TriClass-Cloud,1625,1,1,0,0,0,0,0.7945232391357422
video09,TriClass-Cloud,1626,1,1,0,0,0,0,0.7941571474075317
video09,TriClass-Cloud,1627,1,1,0,0,0,0,0.7972797751426697
video09,TriClass-Cloud,1628,1,1,0,0,0,0,0.8133994340896606
video09,TriClass-Cloud,1629,1,1,0,0,0,0,0.808329164981842
video09,TriClass-Cloud,1630,1,1,0,0,0,0,0.8089355230331421
video09,TriClass-Cloud,1631,1,1,0,0,0,0,0.8172625303268433
video09,TriClass-Cloud,1632,1,1,0,0,0,0,0.8189099431037903
video09,TriClass-Cloud,1633,1,1,0,0,0,0,0.8310451507568359
video09,TriClass-Cloud,1634,1,1,0,0,0,0,0.8261301517486572
video09,TriClass-Cloud,1635,1,1,0,0,0,0,0.8267353177070618
video09,TriClass-Cloud,1636,1,1,0,0,0,0,0.7828473448753357
video09,TriClass-Cloud,1637,1,1,0,0,0,0,0.742768406867981
video09,TriClass-Cloud,1638,1,1,0,0,0,0,0.7956705093383789
video09,TriClass-Cloud,1639,1,1,0,0,0,0,0.7977098226547241
video09,TriClass-Cloud,1640,1,1,0,0,0,0,0.8141674399375916
video09,TriClass-Cloud,1641,1,1,0,0,0,0,0.7880650162696838
video09,TriClass-Cloud,1642,1,1,0,0,0,0,0.7933457493782043
video09,TriClass-Cloud,1643,1,1,0,0,0,0,0.7899346351623535
video09,TriClass-Cloud,1644,1,1,0,0,0,0,0.8085665106773376
video09,TriClass-Cloud,1645,1,1,0,0,0,0,0.7642571330070496
video09,TriClass-Cloud,1646,1,1,0,0,0,0,0.7412694096565247
video09,TriClass-Cloud,1647,1,1,0,0,0,0,0.7293051481246948
video09,TriClass-Cloud,1648,1,1,0,0,0,0,0.7251796126365662
video09,TriClass-Cloud,1649,1,1,0,0,0,0,0.803473949432373
video09,TriClass-Cloud,1650,1,1,0,0,0,0,0.5513582229614258
video09,TriClass-Cloud,1651,1,1,0,0,0,0,0.8139417171478271
video09,TriClass-Cloud,1652,1,1,0,0,0,0,0.7332224249839783
video09,TriClass-Cloud,1653,1,1,0,0,0,0,0.7578475475311279
video09,TriClass-Cloud,1654,1,1,0,0,0,0,0.5968756079673767
video09,TriClass-Cloud,1655,1,1,0,0,0,0,0.589618980884552
video09,TriClass-Cloud,1656,1,1,0,0,0,0,0.4866463840007782
video09,TriClass-Cloud,1657,1,1,0,0,0,0,0.681764543056488
video09,TriClass-Cloud,1658,1,1,0,0,0,0,0.6922953128814697
video09,TriClass-Cloud,1659,1,1,0,0,0,0,0.6036310195922852
video09,TriClass-Cloud,1660,1,1,0,0,0,0,0.6555905938148499
video09,TriClass-Cloud,1661,1,1,0,0,0,0,0.7026565670967102
video09,TriClass-Cloud,1662,1,1,0,0,0,0,0.660282552242279
video09,TriClass-Cloud,1663,1,1,0,0,0,0,0.7106396555900574
video09,TriClass-Cloud,1664,1,1,0,0,0,0,0.7492291927337646
video09,TriClass-Cloud,1665,1,1,0,0,0,0,0.7957139015197754
video09,TriClass-Cloud,1666,1,1,0,0,0,0,0.7410035729408264
video09,TriClass-Cloud,1667,1,1,0,0,0,0,0.7373308539390564
video09,TriClass-Cloud,1668,2,2,0,0,2,0,0.31502124667167664
video09,TriClass-Cloud,1669,1,1,0,0,0,0,0.6190426349639893
video09,TriClass-Cloud,1670,1,1,0,0,0,0,0.37933170795440674
video09,TriClass-Cloud,1671,0,0,0,0,0,0,0.0
video09,TriClass-Cloud,1672,1,1,0,0,0,0,0.5804839730262756
video09,TriClass-Cloud,1673,1,1,0,0,0,0,0.780607283115387
video09,TriClass-Cloud,1674,1,1,0,0,0,0,0.6287690997123718
video09,TriClass-Cloud,1675,1,1,0,0,0,0,0.6074070930480957
video09,TriClass-Cloud,1676,1,1,0,0,0,0,0.6794459819793701
video09,TriClass-Cloud,1677,1,1,0,0,0,0,0.7298888564109802
video09,TriClass-Cloud,1678,1,1,0,0,0,0,0.5987135767936707
video09,TriClass-Cloud,1679,1,1,0,0,0,0,0.501471996307373
video09,TriClass-Cloud,1680,1,1,0,0,0,0,0.6806203722953796
video09,TriClass-Cloud,1681,1,1,0,0,0,0,0.7250756025314331
video09,TriClass-Cloud,1682,1,1,0,0,0,0,0.6795186400413513
video09,TriClass-Cloud,1683,1,1,0,0,0,0,0.6945194005966187
video09,TriClass-Cloud,1684,1,1,0,0,0,0,0.6847435235977173
video09,TriClass-Cloud,1685,1,1,0,0,1,0,0.33860552310943604
video09,TriClass-Cloud,1686,1,1,0,0,0,0,0.41889840364456177
video09,TriClass-Cloud,1687,1,1,0,0,0,0,0.6665731072425842
video09,TriClass-Cloud,1688,1,1,0,0,0,0,0.7332472205162048
video09,TriClass-Cloud,1689,1,1,0,0,0,0,0.6662053465843201
video09,TriClass-Cloud,1690,1,1,0,0,0,0,0.6137184500694275
video09,TriClass-Cloud,1691,1,1,0,0,0,0,0.5907413959503174
video09,TriClass-Cloud,1692,1,1,0,0,0,0,0.6043336987495422
video09,TriClass-Cloud,1693,1,1,0,0,0,0,0.6971363425254822
video09,TriClass-Cloud,1694,1,1,0,0,0,0,0.5078254342079163
video09,TriClass-Cloud,1695,1,1,0,0,0,0,0.7676531672477722
video09,TriClass-Cloud,1696,1,1,0,0,0,0,0.7657357454299927
video09,TriClass-Cloud,1697,1,1,0,0,0,0,0.7678476572036743
video09,TriClass-Cloud,1698,1,1,0,0,0,0,0.46032634377479553
video09,TriClass-Cloud,1699,1,1,0,0,0,0,0.6984047293663025
video09,TriClass-Cloud,1700,0,0,0,0,0,0,0.0
video09,TriClass-Cloud,1701,1,1,0,0,0,0,0.7161111831665039
video09,TriClass-Cloud,1702,1,1,0,0,0,0,0.7519538998603821
video09,TriClass-Cloud,1703,1,1,0,0,0,0,0.7041640877723694
video09,TriClass-Cloud,1704,1,1,0,0,0,0,0.7324883341789246
video09,TriClass-Cloud,1705,1,1,0,0,0,0,0.8077037334442139
video09,TriClass-Cloud,1706,1,1,0,0,0,0,0.7766871452331543
video09,TriClass-Cloud,1707,1,1,0,0,0,0,0.7621209621429443
video09,TriClass-Cloud,1708,1,1,0,0,0,0,0.655113935470581
video09,TriClass-Cloud,1709,1,1,0,0,0,0,0.7722865343093872
video09,TriClass-Cloud,1710,1,1,0,0,0,0,0.7962265610694885
video09,TriClass-Cloud,1711,1,1,0,0,0,0,0.7796640992164612
video09,TriClass-Cloud,1712,1,1,0,0,0,0,0.8083643913269043
video09,TriClass-Cloud,1713,1,1,0,0,1,0,0.28456687927246094
video09,TriClass-Cloud,1714,1,1,0,0,0,0,0.6420363187789917
video09,TriClass-Cloud,1715,1,1,0,0,0,0,0.572448194026947
video09,TriClass-Cloud,1716,1,1,0,0,0,0,0.5570086240768433
video09,TriClass-Cloud,1717,1,1,0,0,0,0,0.5674974322319031
video09,TriClass-Cloud,1718,1,1,0,0,0,0,0.3699697256088257
video09,TriClass-Cloud,1719,1,1,0,0,0,0,0.6866438388824463
video09,TriClass-Cloud,1720,1,1,0,0,0,0,0.6659924387931824
video09,TriClass-Cloud,1721,1,1,0,0,0,0,0.5612231492996216
video09,TriClass-Cloud,1722,1,1,0,0,0,0,0.46048447489738464
video09,TriClass-Cloud,1723,1,1,0,0,0,0,0.6552797555923462
video09,TriClass-Cloud,1724,1,1,0,0,0,0,0.7014679312705994
video09,TriClass-Cloud,1725,1,1,0,0,0,0,0.781416654586792
video09,TriClass-Cloud,1726,1,1,0,0,0,0,0.6327277421951294
video09,TriClass-Cloud,1727,1,1,0,0,0,0,0.5336597561836243
video09,TriClass-Cloud,1728,1,1,0,0,0,0,0.583735466003418
video09,TriClass-Cloud,1729,1,1,0,0,0,0,0.46534794569015503
video09,TriClass-Cloud,1730,1,1,0,0,0,0,0.6632729172706604
video09,TriClass-Cloud,1731,1,1,0,0,0,0,0.3629835546016693
video09,TriClass-Cloud,1732,1,1,0,0,0,0,0.6307774186134338
video09,TriClass-Cloud,1733,1,1,0,0,1,0,0.31735602021217346
video09,TriClass-Cloud,1734,1,1,0,0,0,0,0.5074040293693542
video09,TriClass-Cloud,1735,1,1,0,0,0,0,0.6577654480934143
video09,TriClass-Cloud,1736,1,1,0,0,0,0,0.8165132403373718
video09,TriClass-Cloud,1737,1,1,0,0,0,0,0.7053989171981812
video09,TriClass-Cloud,1738,1,1,0,0,0,0,0.7410573959350586
video09,TriClass-Cloud,1739,1,1,0,0,0,0,0.6046978235244751
video09,TriClass-Cloud,1740,1,1,0,0,0,0,0.7397640943527222
video09,TriClass-Cloud,1741,1,1,0,0,0,0,0.6247748136520386
video09,TriClass-Cloud,1742,1,1,0,0,0,0,0.48760321736335754
video09,TriClass-Cloud,1743,1,1,0,0,0,0,0.5586146712303162
video09,TriClass-Cloud,1744,1,1,0,0,0,0,0.6625857353210449
video09,TriClass-Cloud,1745,1,1,0,0,0,0,0.6433730721473694
video09,TriClass-Cloud,1746,1,1,0,0,0,0,0.7649343609809875
video09,TriClass-Cloud,1747,1,1,0,0,0,0,0.7206968665122986
video09,TriClass-Cloud,1748,1,1,0,0,0,0,0.6950902938842773
video09,TriClass-Cloud,1749,1,1,0,0,0,0,0.7874428033828735
video09,TriClass-Cloud,1750,1,1,0,0,0,0,0.7262862920761108
video09,TriClass-Cloud,1751,1,1,0,0,0,0,0.7423936724662781
video09,TriClass-Cloud,1752,1,1,0,0,0,0,0.6841470003128052
video09,TriClass-Cloud,1753,1,1,0,0,0,0,0.646034300327301
video09,TriClass-Cloud,1754,1,1,0,0,0,0,0.5792490839958191
video09,TriClass-Cloud,1755,1,1,0,0,0,0,0.49881473183631897
video09,TriClass-Cloud,1756,1,1,0,0,0,0,0.6067363619804382
video09,TriClass-Cloud,1757,1,1,0,0,0,0,0.585699737071991
video09,TriClass-Cloud,1758,1,1,0,0,0,0,0.6456468105316162
video09,TriClass-Cloud,1759,1,1,0,0,0,0,0.7204089760780334
video09,TriClass-Cloud,1760,1,1,0,0,0,0,0.76792311668396
video09,TriClass-Cloud,1761,1,1,0,0,0,0,0.7771780490875244
video09,TriClass-Cloud,1762,1,1,0,0,0,0,0.7002193927764893
video09,TriClass-Cloud,1763,1,1,0,0,0,0,0.730998694896698
video09,TriClass-Cloud,1764,1,1,0,0,0,0,0.724629819393158
video09,TriClass-Cloud,1765,1,1,0,0,0,0,0.6871611475944519
video09,TriClass-Cloud,1766,1,1,0,0,0,0,0.7655389308929443
video09,TriClass-Cloud,1767,1,1,0,0,0,0,0.764530599117279
video09,TriClass-Cloud,1768,1,1,0,0,0,0,0.7841976881027222
video09,TriClass-Cloud,1769,1,1,0,0,0,0,0.7649180293083191
video09,TriClass-Cloud,1770,1,1,0,0,0,0,0.7749209403991699
video09,TriClass-Cloud,1771,1,1,0,0,0,0,0.7779449820518494
video09,TriClass-Cloud,1772,1,1,0,0,0,0,0.7474109530448914
video09,TriClass-Cloud,1773,1,1,0,0,0,0,0.78338223695755
video09,TriClass-Cloud,1774,1,1,0,0,0,0,0.8017585277557373
video09,TriClass-Cloud,1775,1,1,0,0,0,0,0.7434667944908142
video09,TriClass-Cloud,1776,1,1,0,0,0,0,0.7131985425949097
video09,TriClass-Cloud,1777,1,1,0,0,0,0,0.7375081777572632
video09,TriClass-Cloud,1778,1,1,0,0,0,0,0.7433867454528809
video09,TriClass-Cloud,1779,1,1,0,0,0,0,0.5990437865257263
video09,TriClass-Cloud,1780,1,1,0,0,0,0,0.37586820125579834
video09,TriClass-Cloud,1781,1,1,0,0,0,0,0.4194236099720001
video09,TriClass-Cloud,1782,1,1,0,0,0,0,0.4903978407382965
video09,TriClass-Cloud,1783,1,1,0,0,0,0,0.45252177119255066
video09,TriClass-Cloud,1784,1,1,0,0,1,0,0.3208649158477783
video09,TriClass-Cloud,1785,1,1,0,0,1,0,0.25200995802879333
video09,TriClass-Cloud,1786,1,1,0,0,1,0,0.33848604559898376
video09,TriClass-Cloud,1787,1,1,0,0,1,0,0.3200433552265167
video09,TriClass-Cloud,1788,1,1,0,0,1,0,0.306934654712677
video09,TriClass-Cloud,1789,1,1,0,0,0,0,0.407904714345932
video09,TriClass-Cloud,1790,1,1,0,0,1,0,0.28524506092071533
video09,TriClass-Cloud,1791,1,1,0,0,0,0,0.4111166298389435
video09,TriClass-Cloud,1792,1,1,0,0,0,0,0.6622544527053833
video09,TriClass-Cloud,1793,1,1,0,0,0,0,0.7060962319374084
video09,TriClass-Cloud,1794,2,2,0,0,0,0,0.40469032526016235
video09,TriClass-Cloud,1795,1,1,0,0,0,0,0.7414281964302063
video09,TriClass-Cloud,1796,1,1,0,0,0,0,0.6687748432159424
video09,TriClass-Cloud,1797,1,1,0,0,0,0,0.7088459730148315
video09,TriClass-Cloud,1798,1,1,0,0,0,0,0.6473158597946167
video09,TriClass-Cloud,1799,1,1,0,0,0,0,0.7092269062995911
video09,TriClass-Cloud,1800,1,1,0,0,0,0,0.6702744960784912
video09,TriClass-Cloud,1801,1,1,0,0,0,0,0.7555530071258545
video09,TriClass-Cloud,1802,1,1,0,0,0,0,0.7745043039321899
video09,TriClass-Cloud,1803,1,1,0,0,0,0,0.7827237844467163
video09,TriClass-Cloud,1804,1,1,0,0,0,0,0.8067134022712708
video09,TriClass-Cloud,1805,1,1,0,0,0,0,0.776131808757782
video09,TriClass-Cloud,1806,1,1,0,0,0,0,0.8062928318977356
video09,TriClass-Cloud,1807,1,1,0,0,0,0,0.7842229008674622
video09,TriClass-Cloud,1808,1,1,0,0,0,0,0.751065194606781
video09,TriClass-Cloud,1809,1,1,0,0,0,0,0.8160330057144165
video09,TriClass-Cloud,1810,1,1,0,0,0,0,0.8295850157737732
video09,TriClass-Cloud,1811,1,1,0,0,0,0,0.8030526638031006
video09,TriClass-Cloud,1812,1,1,0,0,0,0,0.8371425867080688
video09,TriClass-Cloud,1813,1,1,0,0,0,0,0.8483852744102478
video09,TriClass-Cloud,1814,1,1,0,0,0,0,0.7829225659370422
video09,TriClass-Cloud,1815,1,1,0,0,0,0,0.7435551881790161
video09,TriClass-Cloud,1816,1,1,0,0,0,0,0.8104440569877625
video09,TriClass-Cloud,1817,1,1,0,0,0,0,0.8052110075950623
video09,TriClass-Cloud,1818,1,1,0,0,0,0,0.7790021896362305
video09,TriClass-Cloud,1819,1,1,0,0,0,0,0.7339009046554565
video09,TriClass-Cloud,1820,1,1,0,0,0,0,0.6981791257858276
video09,TriClass-Cloud,1821,1,1,0,0,0,0,0.768678605556488
video09,TriClass-Cloud,1822,1,1,0,0,0,0,0.8067308664321899
video09,TriClass-Cloud,1823,1,1,0,0,0,0,0.7171246409416199
video09,TriClass-Cloud,1824,1,1,0,0,0,0,0.6276535391807556
video09,TriClass-Cloud,1825,1,1,0,0,0,0,0.6523712277412415
video09,TriClass-Cloud,1826,1,1,0,0,0,0,0.48068055510520935
video09,TriClass-Cloud,1827,1,1,0,0,0,0,0.6678280830383301
video09,TriClass-Cloud,1828,1,1,0,0,0,0,0.599839448928833
video09,TriClass-Cloud,1829,1,1,0,0,0,0,0.694875180721283
video09,TriClass-Cloud,1830,1,1,0,0,0,0,0.5437520742416382
video09,TriClass-Cloud,1831,1,1,0,0,0,0,0.785709798336029
video09,TriClass-Cloud,1832,1,1,0,0,0,0,0.5907612442970276
video09,TriClass-Cloud,1833,1,1,0,0,0,0,0.7617784142494202
video09,TriClass-Cloud,1834,1,1,0,0,0,0,0.7738199830055237
video09,TriClass-Cloud,1835,1,1,0,0,0,0,0.6690773963928223
video09,TriClass-Cloud,1836,1,1,0,0,0,0,0.7470391392707825
video09,TriClass-Cloud,1837,1,1,0,0,0,0,0.7955737113952637
video09,TriClass-Cloud,1838,1,1,0,0,0,0,0.7768142819404602
video09,TriClass-Cloud,1839,2,2,0,0,1,0,0.5717336535453796
video09,TriClass-Cloud,1840,1,1,0,0,0,0,0.7795425057411194
video09,TriClass-Cloud,1841,1,1,0,0,0,0,0.7289330363273621
video09,TriClass-Cloud,1842,1,1,0,0,0,0,0.677851676940918
video09,TriClass-Cloud,1843,1,1,0,0,0,0,0.7120195031166077
video09,TriClass-Cloud,1844,1,1,0,0,0,0,0.6749560236930847
video09,TriClass-Cloud,1845,1,1,0,0,0,0,0.7905091643333435
video09,TriClass-Cloud,1846,1,1,0,0,0,0,0.7329279780387878
video09,TriClass-Cloud,1847,1,1,0,0,0,0,0.6831967830657959
video09,TriClass-Cloud,1848,1,1,0,0,0,0,0.6610084176063538
video09,TriClass-Cloud,1849,1,1,0,0,0,0,0.6950082778930664
video09,TriClass-Cloud,1850,1,1,0,0,0,0,0.5178124308586121
video09,TriClass-Cloud,1851,1,1,0,0,0,0,0.445254385471344
video09,TriClass-Cloud,1852,1,1,0,0,0,0,0.393852561712265
video09,TriClass-Cloud,1853,1,1,0,0,0,0,0.5054450035095215
video09,TriClass-Cloud,1854,1,1,0,0,1,0,0.34243494272232056
video09,TriClass-Cloud,1855,1,1,0,0,0,0,0.3642542362213135
video09,TriClass-Cloud,1856,1,1,0,0,1,0,0.31309089064598083
video09,TriClass-Cloud,1857,1,1,0,0,1,0,0.2629949450492859
video09,TriClass-Cloud,1858,1,1,0,0,1,0,0.2597494423389435
video09,TriClass-Cloud,1859,1,1,0,0,0,0,0.4317055940628052
video09,TriClass-Cloud,1860,1,1,0,0,0,0,0.486782968044281
video09,TriClass-Cloud,1861,1,1,0,0,0,0,0.3952888548374176
video09,TriClass-Cloud,1862,1,1,0,0,1,0,0.31128862500190735
video09,TriClass-Cloud,1863,1,1,0,0,0,0,0.35440120100975037
video09,TriClass-Cloud,1864,1,1,0,0,0,0,0.7146509885787964
video09,TriClass-Cloud,1865,1,1,0,0,0,0,0.7032071948051453
video09,TriClass-Cloud,1866,1,1,0,0,0,0,0.5438632965087891
video09,TriClass-Cloud,1867,1,1,0,0,0,0,0.6608269810676575
video09,TriClass-Cloud,1868,1,1,0,0,0,0,0.4991178512573242
video09,TriClass-Cloud,1869,2,2,0,0,2,0,0.3077906370162964
video09,TriClass-Cloud,1870,1,1,0,0,0,0,0.41859063506126404
video09,TriClass-Cloud,1871,2,2,0,0,1,0,0.3627394437789917
video09,TriClass-Cloud,1872,1,1,0,0,0,0,0.4247259795665741
video09,TriClass-Cloud,1873,1,1,0,0,0,0,0.5776359438896179
video09,TriClass-Cloud,1874,1,1,0,0,0,0,0.6582231521606445
video09,TriClass-Cloud,1875,1,1,0,0,0,0,0.38172608613967896
video09,TriClass-Cloud,1876,1,1,0,0,1,0,0.3275609612464905
video09,TriClass-Cloud,1877,1,1,0,0,0,0,0.46056511998176575
video09,TriClass-Cloud,1878,1,1,0,0,0,0,0.40991127490997314
video09,TriClass-Cloud,1879,1,1,0,0,0,0,0.4905378222465515
video09,TriClass-Cloud,1880,1,1,0,0,1,0,0.3167218565940857
video09,TriClass-Cloud,1881,2,2,0,0,2,0,0.2718013823032379
video09,TriClass-Cloud,1882,1,1,0,0,0,0,0.6048159003257751
video09,TriClass-Cloud,1883,1,1,0,0,0,0,0.45962658524513245
video09,TriClass-Cloud,1884,1,1,0,0,0,0,0.5426592826843262
video09,TriClass-Cloud,1885,1,1,0,0,0,0,0.6294838190078735
video09,TriClass-Cloud,1886,1,1,0,0,0,0,0.3639815151691437
video09,TriClass-Cloud,1887,1,1,0,0,0,0,0.4681083858013153
video09,TriClass-Cloud,1888,1,1,0,0,0,0,0.5330708026885986
video09,TriClass-Cloud,1889,1,1,0,0,0,0,0.4532295763492584
video09,TriClass-Cloud,1890,1,1,0,0,0,0,0.5964987874031067
video09,TriClass-Cloud,1891,1,1,0,0,0,0,0.5801069736480713
video09,TriClass-Cloud,1892,1,1,0,0,0,0,0.5419498682022095
video09,TriClass-Cloud,1893,1,1,0,0,0,0,0.6747968792915344
video09,TriClass-Cloud,1894,1,1,0,0,0,0,0.43179863691329956
video09,TriClass-Cloud,1895,1,1,0,0,0,0,0.41166046261787415
video09,TriClass-Cloud,1896,1,1,0,0,0,0,0.4386806786060333
video09,TriClass-Cloud,1897,1,1,0,0,0,0,0.43600496649742126
video09,TriClass-Cloud,1898,1,1,0,0,0,0,0.5135698318481445
video09,TriClass-Cloud,1899,1,1,0,0,0,0,0.6513550877571106
video09,TriClass-Cloud,1900,1,1,0,0,0,0,0.6871200203895569
video09,TriClass-Cloud,1901,1,1,0,0,0,0,0.657810628414154
video09,TriClass-Cloud,1902,1,1,0,0,1,0,0.3412761688232422
video09,TriClass-Cloud,1903,1,1,0,0,1,0,0.3364966809749603
video09,TriClass-Cloud,1904,1,1,0,0,0,0,0.5967358946800232
video09,TriClass-Cloud,1905,1,1,0,0,0,0,0.3637923300266266
video09,TriClass-Cloud,1906,1,1,0,0,0,0,0.462560772895813
video09,TriClass-Cloud,1907,1,1,0,0,0,0,0.421661913394928
video09,TriClass-Cloud,1908,1,1,0,0,0,0,0.5709206461906433
video09,TriClass-Cloud,1909,1,1,0,0,0,0,0.5424931049346924
video09,TriClass-Cloud,1910,1,1,0,0,0,0,0.6292964220046997
video09,TriClass-Cloud,1911,1,1,0,0,0,0,0.37072184681892395
video09,TriClass-Cloud,1912,1,1,0,0,0,0,0.5452260971069336
video09,TriClass-Cloud,1913,1,1,0,0,0,0,0.6341504454612732
video09,TriClass-Cloud,1914,1,1,0,0,0,0,0.4295695722103119
video09,TriClass-Cloud,1915,1,1,0,0,0,0,0.4649169445037842
video09,TriClass-Cloud,1916,1,1,0,0,0,0,0.6172409653663635
video09,TriClass-Cloud,1917,1,1,0,0,0,0,0.5566521286964417
video09,TriClass-Cloud,1918,1,1,0,0,0,0,0.4740920662879944
video09,TriClass-Cloud,1919,1,1,0,0,1,0,0.31848785281181335
video09,TriClass-Cloud,1920,1,1,0,0,1,0,0.2521358132362366
video09,TriClass-Cloud,1921,1,1,0,0,0,0,0.6737432479858398
video09,TriClass-Cloud,1922,1,1,0,0,0,0,0.649678647518158
video09,TriClass-Cloud,1923,1,1,0,0,0,0,0.5408895015716553
video09,TriClass-Cloud,1924,1,1,0,0,0,0,0.557267963886261
video09,TriClass-Cloud,1925,1,1,0,0,0,0,0.6022135019302368
video09,TriClass-Cloud,1926,1,1,0,0,0,0,0.7203025221824646
video09,TriClass-Cloud,1927,1,1,0,0,0,0,0.47138312458992004
video09,TriClass-Cloud,1928,1,1,0,0,0,0,0.5863165259361267
video09,TriClass-Cloud,1929,1,1,0,0,0,0,0.6427227854728699
video09,TriClass-Cloud,1930,1,1,0,0,0,0,0.5981024503707886
video09,TriClass-Cloud,1931,1,1,0,0,0,0,0.796089768409729
video09,TriClass-Cloud,1932,1,1,0,0,0,0,0.8057217597961426
video09,TriClass-Cloud,1933,1,1,0,0,0,0,0.806751549243927
video09,TriClass-Cloud,1934,1,1,0,0,0,0,0.792015016078949
video09,TriClass-Cloud,1935,1,1,0,0,0,0,0.8225195407867432
video09,TriClass-Cloud,1936,1,1,0,0,0,0,0.7939963340759277
video09,TriClass-Cloud,1937,1,1,0,0,0,0,0.8372039794921875
video09,TriClass-Cloud,1938,1,1,0,0,0,0,0.8481131196022034
video09,TriClass-Cloud,1939,1,1,0,0,0,0,0.8372150659561157
video09,TriClass-Cloud,1940,1,1,0,0,0,0,0.8447209596633911
video09,TriClass-Cloud,1941,1,1,0,0,0,0,0.8580039143562317
video09,TriClass-Cloud,1942,1,1,0,0,0,0,0.8345676064491272
video09,TriClass-Cloud,1943,1,1,0,0,0,0,0.8046674132347107
video09,TriClass-Cloud,1944,1,1,0,0,0,0,0.8143306374549866
video09,TriClass-Cloud,1945,1,1,0,0,0,0,0.8593306541442871
video09,TriClass-Cloud,1946,1,1,0,0,0,0,0.6646952629089355
video09,TriClass-Cloud,1947,1,1,0,0,0,0,0.7450109124183655
video09,TriClass-Cloud,1948,1,1,0,0,0,0,0.7285224199295044
video09,TriClass-Cloud,1949,1,1,0,0,0,0,0.6759750843048096
video09,TriClass-Cloud,1950,1,1,0,0,0,0,0.6559489369392395
video09,TriClass-Cloud,1951,1,1,0,0,0,0,0.7870262265205383
video09,TriClass-Cloud,1952,1,1,0,0,0,0,0.785329282283783
video09,TriClass-Cloud,1953,1,1,0,0,0,0,0.8193750977516174
video09,TriClass-Cloud,1954,1,1,0,0,0,0,0.809313178062439
video09,TriClass-Cloud,1955,1,1,0,0,0,0,0.8005552887916565
video09,TriClass-Cloud,1956,1,1,0,0,0,0,0.7983821034431458
video09,TriClass-Cloud,1957,1,1,0,0,0,0,0.7936326265335083
video09,TriClass-Cloud,1958,1,1,0,0,0,0,0.757394552230835
video09,TriClass-Cloud,1959,1,1,0,0,0,0,0.754323422908783
video09,TriClass-Cloud,1960,1,1,0,0,0,0,0.7688210010528564
video09,TriClass-Cloud,1961,1,1,0,0,0,0,0.7364263534545898
video09,TriClass-Cloud,1962,1,1,0,0,0,0,0.7590524554252625
video09,TriClass-Cloud,1963,1,1,0,0,0,0,0.7087805867195129
video09,TriClass-Cloud,1964,1,1,0,0,0,0,0.6623162627220154
video09,TriClass-Cloud,1965,1,1,0,0,0,0,0.6794934272766113
video09,TriClass-Cloud,1966,1,1,0,0,0,0,0.7500072121620178
video09,TriClass-Cloud,1967,1,1,0,0,0,0,0.6958360075950623
video09,TriClass-Cloud,1968,1,1,0,0,0,0,0.5361303687095642
video09,TriClass-Cloud,1969,1,1,0,0,0,0,0.464240163564682
video09,TriClass-Cloud,1970,1,1,0,0,0,0,0.6657800674438477
video09,TriClass-Cloud,1971,2,2,0,0,1,0,0.6348106265068054
video09,TriClass-Cloud,1972,1,1,0,0,0,0,0.8034805655479431
video09,TriClass-Cloud,1973,1,1,0,0,0,0,0.7657904624938965
video09,TriClass-Cloud,1974,1,1,0,0,0,0,0.7910235524177551
video09,TriClass-Cloud,1975,1,1,0,0,0,0,0.810728132724762
video09,TriClass-Cloud,1976,1,1,0,0,0,0,0.8204931616783142
video09,TriClass-Cloud,1977,1,1,0,0,0,0,0.8131378293037415
video09,TriClass-Cloud,1978,1,1,0,0,0,0,0.7883160710334778
video09,TriClass-Cloud,1979,1,1,0,0,0,0,0.7924676537513733
video09,TriClass-Cloud,1980,2,2,0,0,1,0,0.610809326171875
video09,TriClass-Cloud,1981,1,1,0,0,0,0,0.7794743776321411
video09,TriClass-Cloud,1982,1,1,0,0,0,0,0.8017009496688843
video09,TriClass-Cloud,1983,1,1,0,0,0,0,0.749464750289917
video09,TriClass-Cloud,1984,1,1,0,0,0,0,0.7249326109886169
video09,TriClass-Cloud,1985,1,1,0,0,0,0,0.7800191044807434
video09,TriClass-Cloud,1986,1,1,0,0,0,0,0.7977831363677979
video09,TriClass-Cloud,1987,1,1,0,0,0,0,0.8387874960899353
video09,TriClass-Cloud,1988,1,1,0,0,0,0,0.7902247309684753
video09,TriClass-Cloud,1989,1,1,0,0,0,0,0.8121519684791565
video09,TriClass-Cloud,1990,1,1,0,0,0,0,0.7498246431350708
video09,TriClass-Cloud,1991,1,1,0,0,0,0,0.7116270065307617
video09,TriClass-Cloud,1992,1,1,0,0,0,0,0.7560871839523315
video09,TriClass-Cloud,1993,1,1,0,0,0,0,0.7935771942138672
video09,TriClass-Cloud,1994,1,1,0,0,0,0,0.7886537313461304
video09,TriClass-Cloud,1995,1,1,0,0,0,0,0.70296311378479
video09,TriClass-Cloud,1996,1,1,0,0,0,0,0.7765629291534424
video09,TriClass-Cloud,1997,1,1,0,0,0,0,0.7158728241920471
video09,TriClass-Cloud,1998,1,1,0,0,0,0,0.6904147863388062
video09,TriClass-Cloud,1999,1,1,0,0,0,0,0.5742648839950562
video09,TriClass-Cloud,2000,2,2,0,0,1,0,0.39030221104621887
video09,TriClass-Cloud,2001,1,1,0,0,0,0,0.5517470240592957
video09,TriClass-Cloud,2002,1,1,0,0,0,0,0.4696243107318878
video09,TriClass-Cloud,2003,1,1,0,0,1,0,0.3416273295879364
video09,TriClass-Cloud,2004,1,1,0,0,0,0,0.3933597803115845
video09,TriClass-Cloud,2005,1,1,0,0,1,0,0.337421178817749
video09,TriClass-Cloud,2006,1,1,0,0,0,0,0.539804220199585
video09,TriClass-Cloud,2007,1,1,0,0,0,0,0.5099426507949829
video09,TriClass-Cloud,2008,1,1,0,0,0,0,0.3997035026550293
video09,TriClass-Cloud,2009,1,1,0,0,0,0,0.5300577282905579
video09,TriClass-Cloud,2010,1,1,0,0,0,0,0.6280319094657898
video09,TriClass-Cloud,2011,1,1,0,0,0,0,0.8030990362167358
video09,TriClass-Cloud,2012,1,1,0,0,0,0,0.6366783380508423
video09,TriClass-Cloud,2013,1,1,0,0,0,0,0.5735732316970825
video09,TriClass-Cloud,2014,1,1,0,0,0,0,0.44304028153419495
video09,TriClass-Cloud,2015,2,2,0,0,1,0,0.3706464171409607
video09,TriClass-Cloud,2016,1,1,0,0,0,0,0.6159582138061523
video09,TriClass-Cloud,2017,1,1,0,0,0,0,0.3775574564933777
video09,TriClass-Cloud,2018,1,1,0,0,0,0,0.4317111074924469
video09,TriClass-Cloud,2019,1,1,0,0,0,0,0.6369048953056335
video09,TriClass-Cloud,2020,1,1,0,0,0,0,0.5493747591972351
video09,TriClass-Cloud,2021,1,1,0,0,0,0,0.6301185488700867
video09,TriClass-Cloud,2022,1,1,0,0,0,0,0.5330250263214111
video09,TriClass-Cloud,2023,1,1,0,0,0,0,0.7441233992576599
video09,TriClass-Cloud,2024,1,1,0,0,0,0,0.7884737849235535
video09,TriClass-Cloud,2025,1,1,0,0,0,0,0.7873125076293945
video09,TriClass-Cloud,2026,1,1,0,0,0,0,0.7797365188598633
video09,TriClass-Cloud,2027,1,1,0,0,0,0,0.6629568934440613
video09,TriClass-Cloud,2028,1,1,0,0,0,0,0.7314285635948181
video09,TriClass-Cloud,2029,1,1,0,0,0,0,0.6547901630401611
video09,TriClass-Cloud,2030,1,1,0,0,0,0,0.5372557640075684
video09,TriClass-Cloud,2031,1,1,0,0,0,0,0.464415967464447
video09,TriClass-Cloud,2032,1,1,0,0,0,0,0.4822443723678589
video09,TriClass-Cloud,2033,1,1,0,0,0,0,0.35594889521598816
video09,TriClass-Cloud,2034,1,1,0,0,0,0,0.4709390699863434
video09,TriClass-Cloud,2035,1,1,0,0,1,0,0.30255284905433655
video09,TriClass-Cloud,2036,1,1,0,0,0,0,0.48444080352783203
video09,TriClass-Cloud,2037,1,1,0,0,0,0,0.6926645040512085
video09,TriClass-Cloud,2038,1,1,0,0,0,0,0.7108829617500305
video09,TriClass-Cloud,2039,1,1,0,0,0,0,0.5918697714805603
video09,TriClass-Cloud,2040,1,1,0,0,0,0,0.6448097229003906
video09,TriClass-Cloud,2041,1,1,0,0,0,0,0.6828173398971558
video09,TriClass-Cloud,2042,1,1,0,0,0,0,0.7485418915748596
video09,TriClass-Cloud,2043,1,1,0,0,0,0,0.5915312767028809
video09,TriClass-Cloud,2044,1,1,0,0,0,0,0.686564028263092
video09,TriClass-Cloud,2045,1,1,0,0,0,0,0.7637923955917358
video09,TriClass-Cloud,2046,1,1,0,0,0,0,0.6926692128181458
video09,TriClass-Cloud,2047,1,1,0,0,0,0,0.693150520324707
video09,TriClass-Cloud,2048,1,1,0,0,0,0,0.7430121302604675
video09,TriClass-Cloud,2049,1,1,0,0,0,0,0.6721705198287964
video09,TriClass-Cloud,2050,1,1,0,0,0,0,0.6396182179450989
video09,TriClass-Cloud,2051,1,1,0,0,0,0,0.7478868961334229
video09,TriClass-Cloud,2052,1,1,0,0,0,0,0.7035818696022034
video09,TriClass-Cloud,2053,1,1,0,0,0,0,0.6607722640037537
video09,TriClass-Cloud,2054,1,1,0,0,0,0,0.6121339797973633
video09,TriClass-Cloud,2055,1,1,0,0,0,0,0.6347949504852295
video09,TriClass-Cloud,2056,1,1,0,0,0,0,0.4910705089569092
video09,TriClass-Cloud,2057,1,1,0,0,0,0,0.5805947184562683
video09,TriClass-Cloud,2058,1,1,0,0,0,0,0.5150889754295349
video09,TriClass-Cloud,2059,1,1,0,0,0,0,0.5432946085929871
video09,TriClass-Cloud,2060,1,1,0,0,0,0,0.3790380656719208
video09,TriClass-Cloud,2061,1,1,0,0,1,0,0.2950301468372345
video09,TriClass-Cloud,2062,1,1,0,0,0,0,0.5520457029342651
video09,TriClass-Cloud,2063,1,1,0,0,0,0,0.48634541034698486
video09,TriClass-Cloud,2064,1,1,0,0,0,0,0.37088891863822937
video09,TriClass-Cloud,2065,1,1,0,0,0,0,0.40660446882247925
video09,TriClass-Cloud,2066,1,1,0,0,0,0,0.35102519392967224
video09,TriClass-Cloud,2067,1,1,0,0,0,0,0.3930729627609253
video09,TriClass-Cloud,2068,1,1,0,0,0,0,0.41644036769866943
video09,TriClass-Cloud,2069,1,1,0,0,1,0,0.2920476198196411
video09,TriClass-Cloud,2070,1,1,0,0,0,0,0.4028933346271515
video09,TriClass-Cloud,2071,1,1,0,0,1,0,0.33277004957199097
video09,TriClass-Cloud,2072,1,1,0,0,0,0,0.35538703203201294
video09,TriClass-Cloud,2073,1,1,0,0,1,0,0.25458425283432007
video09,TriClass-Cloud,2074,1,1,0,0,1,0,0.27852845191955566
video09,TriClass-Cloud,2075,1,1,0,0,1,0,0.2698996961116791
video09,TriClass-Cloud,2076,1,1,0,0,1,0,0.27796825766563416
video09,TriClass-Cloud,2077,1,1,0,0,1,0,0.32396528124809265
video09,TriClass-Cloud,2078,1,1,0,0,1,0,0.30601948499679565
video09,TriClass-Cloud,2079,1,1,0,0,1,0,0.275383323431015
video09,TriClass-Cloud,2080,1,1,0,0,1,0,0.2788502275943756
video09,TriClass-Cloud,2081,1,1,0,0,0,0,0.45399561524391174
video09,TriClass-Cloud,2082,1,1,0,0,0,0,0.4399126470088959
video09,TriClass-Cloud,2083,1,1,0,0,0,0,0.5593927502632141
video09,TriClass-Cloud,2084,1,1,0,0,0,0,0.5650874376296997
video09,TriClass-Cloud,2085,1,1,0,0,0,0,0.383393257856369
video09,TriClass-Cloud,2086,1,1,0,0,0,0,0.5931078791618347
video09,TriClass-Cloud,2087,1,1,0,0,0,0,0.5195094347000122
video09,TriClass-Cloud,2088,1,1,0,0,0,0,0.5050644278526306
video09,TriClass-Cloud,2089,1,1,0,0,0,0,0.4210076630115509
video09,TriClass-Cloud,2090,1,1,0,0,0,0,0.46913570165634155
video09,TriClass-Cloud,2091,1,1,0,0,0,0,0.5471231341362
video09,TriClass-Cloud,2092,1,1,0,0,0,0,0.6974859833717346
video09,TriClass-Cloud,2093,1,1,0,0,0,0,0.7118481397628784
video09,TriClass-Cloud,2094,1,1,0,0,0,0,0.6746528148651123
video09,TriClass-Cloud,2095,1,1,0,0,0,0,0.528497576713562
video09,TriClass-Cloud,2096,1,1,0,0,0,0,0.6304505467414856
video09,TriClass-Cloud,2097,1,1,0,0,0,0,0.49108466506004333
video09,TriClass-Cloud,2098,1,1,0,0,0,0,0.6629330515861511
video09,TriClass-Cloud,2099,1,1,0,0,0,0,0.6061499118804932
video09,TriClass-Cloud,2100,1,1,0,0,0,0,0.6845709681510925
video09,TriClass-Cloud,2101,1,1,0,0,0,0,0.6508592963218689
video09,TriClass-Cloud,2102,1,1,0,0,0,0,0.6771897673606873
video09,TriClass-Cloud,2103,1,1,0,0,0,0,0.7199384570121765
video09,TriClass-Cloud,2104,1,1,0,0,0,0,0.7724773287773132
video09,TriClass-Cloud,2105,1,1,0,0,0,0,0.8035224676132202
video09,TriClass-Cloud,2106,1,1,0,0,0,0,0.8049209713935852
video09,TriClass-Cloud,2107,1,1,0,0,0,0,0.8018003702163696
video09,TriClass-Cloud,2108,1,1,0,0,0,0,0.7948434948921204
video09,TriClass-Cloud,2109,1,1,0,0,0,0,0.7793251276016235
video09,TriClass-Cloud,2110,1,1,0,0,0,0,0.7460553050041199
video09,TriClass-Cloud,2111,1,1,0,0,0,0,0.7712699174880981
video09,TriClass-Cloud,2112,1,1,0,0,0,0,0.7730631828308105
video09,TriClass-Cloud,2113,1,1,0,0,0,0,0.5821328163146973
video09,TriClass-Cloud,2114,1,1,0,0,0,0,0.6784571409225464
video09,TriClass-Cloud,2115,1,1,0,0,0,0,0.6641245484352112
video09,TriClass-Cloud,2116,1,1,0,0,0,0,0.6381547451019287
video09,TriClass-Cloud,2117,1,1,0,0,0,0,0.7319134473800659
video09,TriClass-Cloud,2118,1,1,0,0,0,0,0.6531094312667847
video09,TriClass-Cloud,2119,1,1,0,0,0,0,0.6885220408439636
video09,TriClass-Cloud,2120,1,1,0,0,0,0,0.6396033763885498
video09,TriClass-Cloud,2121,1,1,0,0,0,0,0.46370962262153625
video09,TriClass-Cloud,2122,1,1,0,0,0,0,0.6394882798194885
video09,TriClass-Cloud,2123,1,1,0,0,0,0,0.7152078747749329
video09,TriClass-Cloud,2124,1,1,0,0,0,0,0.5260767340660095
video09,TriClass-Cloud,2125,1,1,0,0,0,0,0.5968865156173706
video09,TriClass-Cloud,2126,1,1,0,0,0,0,0.37402454018592834
video09,TriClass-Cloud,2127,1,1,0,0,0,0,0.4797466993331909
video09,TriClass-Cloud,2128,2,2,0,0,2,0,0.2844119668006897
video09,TriClass-Cloud,2129,2,2,0,0,2,0,0.2757215201854706
video09,TriClass-Cloud,2130,1,1,0,0,0,0,0.36874452233314514
video09,TriClass-Cloud,2131,1,1,0,0,0,0,0.40008822083473206
video09,TriClass-Cloud,2132,1,1,0,0,0,0,0.4510417580604553
video09,TriClass-Cloud,2133,1,1,0,0,0,0,0.5077934265136719
video09,TriClass-Cloud,2134,1,1,0,0,0,0,0.4980092942714691
video09,TriClass-Cloud,2135,1,1,0,0,0,0,0.6648789048194885
video09,TriClass-Cloud,2136,1,1,0,0,0,0,0.6405766010284424
video09,TriClass-Cloud,2137,1,1,0,0,0,0,0.6838573217391968
video09,TriClass-Cloud,2138,1,1,0,0,0,0,0.5837207436561584
video09,TriClass-Cloud,2139,1,1,0,0,0,0,0.6035670042037964
video09,TriClass-Cloud,2140,1,1,0,0,0,0,0.676726222038269
video09,TriClass-Cloud,2141,1,1,0,0,0,0,0.6557720899581909
video09,TriClass-Cloud,2142,1,1,0,0,0,0,0.5301476716995239
video09,TriClass-Cloud,2143,1,1,0,0,0,0,0.5787102580070496
video09,TriClass-Cloud,2144,1,1,0,0,0,0,0.6038312315940857
video09,TriClass-Cloud,2145,1,1,0,0,0,0,0.6066866517066956
video09,TriClass-Cloud,2146,1,1,0,0,0,0,0.43221035599708557
video09,TriClass-Cloud,2147,1,1,0,0,0,0,0.5093182325363159
video09,TriClass-Cloud,2148,1,1,0,0,0,0,0.6057145595550537
video09,TriClass-Cloud,2149,1,1,0,0,0,0,0.5250917673110962
video09,TriClass-Cloud,2150,1,1,0,0,0,0,0.6235219240188599
video09,TriClass-Cloud,2151,1,1,0,0,0,0,0.6606821417808533
video09,TriClass-Cloud,2152,1,1,0,0,0,0,0.7271289229393005
video09,TriClass-Cloud,2153,1,1,0,0,0,0,0.6796844601631165
video09,TriClass-Cloud,2154,1,1,0,0,0,0,0.530790388584137
video09,TriClass-Cloud,2155,1,1,0,0,0,0,0.5910260677337646
video09,TriClass-Cloud,2156,1,1,0,0,0,0,0.6201030015945435
video09,TriClass-Cloud,2157,1,1,0,0,0,0,0.6785786747932434
video09,TriClass-Cloud,2158,1,1,0,0,0,0,0.6106235384941101
video09,TriClass-Cloud,2159,1,1,0,0,0,0,0.6559000015258789
video09,TriClass-Cloud,2160,1,1,0,0,0,0,0.6714177131652832
video09,TriClass-Cloud,2161,1,1,0,0,0,0,0.498577356338501
video09,TriClass-Cloud,2162,1,1,0,0,0,0,0.5693687200546265
video09,TriClass-Cloud,2163,2,2,0,0,2,0,0.32435208559036255
video09,TriClass-Cloud,2164,1,1,0,0,1,0,0.33006545901298523
video09,TriClass-Cloud,2165,1,1,0,0,0,0,0.503619372844696
video09,TriClass-Cloud,2166,1,1,0,0,0,0,0.5516466498374939
video09,TriClass-Cloud,2167,1,1,0,0,0,0,0.42360031604766846
video09,TriClass-Cloud,2168,1,1,0,0,0,0,0.5815669894218445
video09,TriClass-Cloud,2169,2,2,0,0,2,0,0.3305777609348297
video09,TriClass-Cloud,2170,1,1,0,0,0,0,0.5071079730987549
video09,TriClass-Cloud,2171,1,1,0,0,0,0,0.4094403088092804
video09,TriClass-Cloud,2172,1,1,0,0,1,0,0.31115472316741943
video09,TriClass-Cloud,2173,2,2,0,0,2,0,0.30011239647865295
video09,TriClass-Cloud,2174,1,1,0,0,0,0,0.3937760591506958
video09,TriClass-Cloud,2175,2,2,0,0,2,0,0.27633699774742126
video09,TriClass-Cloud,2176,1,1,0,0,0,0,0.40773266553878784
video09,TriClass-Cloud,2177,1,1,0,0,1,0,0.29693150520324707
video09,TriClass-Cloud,2178,1,1,0,0,1,0,0.29349327087402344
video09,TriClass-Cloud,2179,1,1,0,0,1,0,0.3209449350833893
video09,TriClass-Cloud,2180,1,1,0,0,0,0,0.4167739152908325
video09,TriClass-Cloud,2181,1,1,0,0,0,0,0.4835616946220398
video09,TriClass-Cloud,2182,1,1,0,0,0,0,0.36871787905693054
video09,TriClass-Cloud,2183,1,1,0,0,0,0,0.6128003597259521
video09,TriClass-Cloud,2184,1,1,0,0,0,0,0.45808517932891846
video09,TriClass-Cloud,2185,1,1,0,0,0,0,0.50553297996521
video09,TriClass-Cloud,2186,1,1,0,0,0,0,0.5031850934028625
video09,TriClass-Cloud,2187,1,1,0,0,0,0,0.5534669756889343
video09,TriClass-Cloud,2188,1,1,0,0,0,0,0.4693647027015686
video09,TriClass-Cloud,2189,1,1,0,0,0,0,0.3672669529914856
video09,TriClass-Cloud,2190,1,1,0,0,0,0,0.40089157223701477
video09,TriClass-Cloud,2191,1,1,0,0,0,0,0.37348607182502747
video09,TriClass-Cloud,2192,1,1,0,0,0,0,0.41090261936187744
video09,TriClass-Cloud,2193,1,1,0,0,0,0,0.5724928975105286
video09,TriClass-Cloud,2194,2,2,0,0,1,0,0.44405263662338257
video09,TriClass-Cloud,2195,1,1,0,0,0,0,0.5790082812309265
video09,TriClass-Cloud,2196,1,1,0,0,1,0,0.3437030613422394
video09,TriClass-Cloud,2197,1,1,0,0,0,0,0.38795921206474304
video09,TriClass-Cloud,2198,1,1,0,0,1,0,0.3433714807033539
video09,TriClass-Cloud,2199,0,0,0,0,0,0,0.0
video09,TriClass-Cloud,2200,1,1,0,0,1,0,0.31958943605422974
video09,TriClass-Cloud,2201,1,1,0,0,1,0,0.3498215973377228
video09,TriClass-Cloud,2202,1,1,0,0,0,0,0.45365044474601746
video09,TriClass-Cloud,2203,1,1,0,0,1,0,0.28418609499931335
video09,TriClass-Cloud,2204,1,1,0,0,0,0,0.37742435932159424
video09,TriClass-Cloud,2205,2,2,0,0,2,0,0.31115904450416565
video09,TriClass-Cloud,2206,1,1,0,0,0,0,0.770164430141449
video09,TriClass-Cloud,2207,1,1,0,0,0,0,0.6767233610153198
video09,TriClass-Cloud,2208,1,1,0,0,0,0,0.4450635612010956
video09,TriClass-Cloud,2209,1,1,0,0,0,0,0.6377803087234497
video09,TriClass-Cloud,2210,1,1,0,0,0,0,0.5062444806098938
video09,TriClass-Cloud,2211,1,1,0,0,0,0,0.6666415333747864
video09,TriClass-Cloud,2212,1,1,0,0,0,0,0.6838759183883667
video09,TriClass-Cloud,2213,1,1,0,0,0,0,0.7215045094490051
video09,TriClass-Cloud,2214,1,1,0,0,0,0,0.7592271566390991
video09,TriClass-Cloud,2215,1,1,0,0,0,0,0.7406920194625854
video09,TriClass-Cloud,2216,2,2,0,0,1,0,0.4054594039916992
video09,TriClass-Cloud,2217,1,1,0,0,1,0,0.2577754557132721
video09,TriClass-Cloud,2218,0,0,0,0,0,0,0.0
video09,TriClass-Cloud,2219,0,0,0,0,0,0,0.0
video09,TriClass-Cloud,2220,1,1,0,0,0,0,0.3548969030380249
video09,TriClass-Cloud,2221,1,1,0,0,1,0,0.33082863688468933
video09,TriClass-Cloud,2222,1,1,0,0,0,0,0.4079791307449341
video09,TriClass-Cloud,2223,1,1,0,0,0,0,0.5575768947601318
video09,TriClass-Cloud,2224,1,1,0,0,0,0,0.6153249144554138
video09,TriClass-Cloud,2225,1,1,0,0,0,0,0.4190395176410675
video09,TriClass-Cloud,2226,0,0,0,0,0,0,0.0
video09,TriClass-Cloud,2227,2,2,0,0,1,0,0.4304061532020569
video09,TriClass-Cloud,2228,1,1,0,0,1,0,0.29369115829467773
video09,TriClass-Cloud,2229,1,1,0,0,0,0,0.5292248725891113
video09,TriClass-Cloud,2230,1,1,0,0,0,0,0.6024031043052673
video09,TriClass-Cloud,2231,2,2,0,0,0,0,0.4248129427433014
video09,TriClass-Cloud,2232,2,2,0,0,1,0,0.38460657000541687
video09,TriClass-Cloud,2233,2,2,0,0,1,0,0.7809892892837524
video09,TriClass-Cloud,2234,1,1,0,0,0,0,0.8468230366706848
video09,TriClass-Cloud,2235,1,1,0,0,0,0,0.8711984753608704
video09,TriClass-Cloud,2236,1,1,0,0,0,0,0.8629199862480164
video09,TriClass-Cloud,2237,1,1,0,0,0,0,0.8149119019508362
video09,TriClass-Cloud,2238,1,1,0,0,0,0,0.8768298029899597
video09,TriClass-Cloud,2239,1,1,0,0,0,0,0.8798616528511047
video09,TriClass-Cloud,2240,1,1,0,0,0,0,0.8868626952171326
video09,TriClass-Cloud,2241,1,1,0,0,0,0,0.8799488544464111
video09,TriClass-Cloud,2242,1,1,0,0,0,0,0.8881897926330566
video09,TriClass-Cloud,2243,2,2,0,0,1,0,0.8853206634521484
video09,TriClass-Cloud,2244,2,2,0,0,1,0,0.8832650184631348
video09,TriClass-Cloud,2245,1,1,0,0,0,0,0.8820626139640808
video09,TriClass-Cloud,2246,1,1,0,0,0,0,0.8856998085975647
video09,TriClass-Cloud,2247,1,1,0,0,0,0,0.8864567279815674
video09,TriClass-Cloud,2248,1,1,0,0,0,0,0.883368730545044
video09,TriClass-Cloud,2249,1,1,0,0,0,0,0.8793388605117798
video09,TriClass-Cloud,2250,1,1,0,0,0,0,0.8691457509994507
video09,TriClass-Cloud,2251,1,1,0,0,0,0,0.8767762780189514
video09,TriClass-Cloud,2252,1,1,0,0,0,0,0.8778560161590576
video09,TriClass-Cloud,2253,1,1,0,0,0,0,0.8704648613929749
video09,TriClass-Cloud,2254,1,1,0,0,0,0,0.8785039186477661
video09,TriClass-Cloud,2255,1,1,0,0,0,0,0.8798098564147949
video09,TriClass-Cloud,2256,1,1,0,0,0,0,0.8695397973060608
video09,TriClass-Cloud,2257,1,1,0,0,0,0,0.875995397567749
video09,TriClass-Cloud,2258,1,1,0,0,0,0,0.8696725964546204
video09,TriClass-Cloud,2259,1,1,0,0,0,0,0.8710403442382812
video09,TriClass-Cloud,2260,1,1,0,0,0,0,0.8760049939155579
video09,TriClass-Cloud,2261,1,1,0,0,0,0,0.8607938885688782
video09,TriClass-Cloud,2262,1,1,0,0,0,0,0.8584293723106384
video09,TriClass-Cloud,2263,1,1,0,0,0,0,0.8465321660041809
video09,TriClass-Cloud,2264,1,1,0,0,0,0,0.8430688977241516
video09,TriClass-Cloud,2265,1,1,0,0,0,0,0.8666263818740845
video09,TriClass-Cloud,2266,1,1,0,0,0,0,0.8713072538375854
video09,TriClass-Cloud,2267,1,1,0,0,0,0,0.8744158744812012
video09,TriClass-Cloud,2268,1,1,0,0,0,0,0.8663210272789001
video09,TriClass-Cloud,2269,1,1,0,0,0,0,0.8735655546188354
video09,TriClass-Cloud,2270,1,1,0,0,0,0,0.87611323595047
video09,TriClass-Cloud,2271,1,1,0,0,0,0,0.8719213604927063
video09,TriClass-Cloud,2272,1,1,0,0,0,0,0.8725462555885315
video09,TriClass-Cloud,2273,1,1,0,0,0,0,0.8634703159332275
video09,TriClass-Cloud,2274,1,1,0,0,0,0,0.8641674518585205
video09,TriClass-Cloud,2275,1,1,0,0,0,0,0.865297257900238
video09,TriClass-Cloud,2276,1,1,0,0,0,0,0.8766685128211975
video09,TriClass-Cloud,2277,1,1,0,0,0,0,0.8701996207237244
video09,TriClass-Cloud,2278,1,1,0,0,0,0,0.8717731833457947
video09,TriClass-Cloud,2279,1,1,0,0,0,0,0.8711534142494202
video09,TriClass-Cloud,2280,1,1,0,0,0,0,0.8476380705833435
video09,TriClass-Cloud,2281,1,1,0,0,0,0,0.8350539803504944
video09,TriClass-Cloud,2282,1,1,0,0,0,0,0.8731816411018372
video09,TriClass-Cloud,2283,1,1,0,0,0,0,0.863550066947937
video09,TriClass-Cloud,2284,1,1,0,0,0,0,0.8548164367675781
video09,TriClass-Cloud,2285,1,1,0,0,0,0,0.8613734841346741
video09,TriClass-Cloud,2286,1,1,0,0,0,0,0.8512040376663208
video09,TriClass-Cloud,2287,1,1,0,0,0,0,0.8706721067428589
video09,TriClass-Cloud,2288,1,1,0,0,0,0,0.8699156641960144
video09,TriClass-Cloud,2289,1,1,0,0,0,0,0.8406389355659485
video09,TriClass-Cloud,2290,1,1,0,0,0,0,0.8168293833732605
video09,TriClass-Cloud,2291,1,1,0,0,0,0,0.8444546461105347
video09,TriClass-Cloud,2292,1,1,0,0,0,0,0.853604257106781
video09,TriClass-Cloud,2293,1,1,0,0,0,0,0.829601526260376
video09,TriClass-Cloud,2294,1,1,0,0,0,0,0.8518250584602356
video09,TriClass-Cloud,2295,1,1,0,0,0,0,0.8579976558685303
video09,TriClass-Cloud,2296,1,1,0,0,0,0,0.8568817973136902
video09,TriClass-Cloud,2297,1,1,0,0,0,0,0.8462186455726624
video09,TriClass-Cloud,2298,1,1,0,0,0,0,0.8511773943901062
video09,TriClass-Cloud,2299,1,1,0,0,0,0,0.8617772459983826
video09,TriClass-Cloud,2300,1,1,0,0,0,0,0.8496327996253967
video09,TriClass-Cloud,2301,1,1,0,0,0,0,0.8391375541687012
video09,TriClass-Cloud,2302,1,1,0,0,0,0,0.8511227369308472
video09,TriClass-Cloud,2303,1,1,0,0,0,0,0.8336295485496521
video09,TriClass-Cloud,2304,1,1,0,0,0,0,0.8453601002693176
video09,TriClass-Cloud,2305,1,1,0,0,0,0,0.8505523800849915
video09,TriClass-Cloud,2306,1,1,0,0,0,0,0.8546551465988159
video09,TriClass-Cloud,2307,1,1,0,0,0,0,0.8538674116134644
video09,TriClass-Cloud,2308,1,1,0,0,0,0,0.8680191040039062
video09,TriClass-Cloud,2309,1,1,0,0,0,0,0.8527269959449768
video09,TriClass-Cloud,2310,1,1,0,0,0,0,0.871422529220581
video09,TriClass-Cloud,2311,1,1,0,0,0,0,0.8723030686378479
video09,TriClass-Cloud,2312,1,1,0,0,0,0,0.8670409917831421
video09,TriClass-Cloud,2313,1,1,0,0,0,0,0.8624315857887268
video09,TriClass-Cloud,2314,1,1,0,0,0,0,0.8776816129684448
video09,TriClass-Cloud,2315,1,1,0,0,0,0,0.8931187391281128
video09,TriClass-Cloud,2316,1,1,0,0,0,0,0.8904528617858887
video09,TriClass-Cloud,2317,1,1,0,0,0,0,0.8810823559761047
video09,TriClass-Cloud,2318,1,1,0,0,0,0,0.8672346472740173
video09,TriClass-Cloud,2319,2,2,0,0,0,0,0.8209813237190247
video09,TriClass-Cloud,2320,1,1,0,0,0,0,0.8782947659492493
video09,TriClass-Cloud,2321,1,1,0,0,0,0,0.8652046322822571
video09,TriClass-Cloud,2322,1,1,0,0,0,0,0.8783801794052124
video09,TriClass-Cloud,2323,1,1,0,0,0,0,0.8922682404518127
video09,TriClass-Cloud,2324,1,1,0,0,0,0,0.8853610157966614
video09,TriClass-Cloud,2325,1,1,0,0,0,0,0.883217453956604
video09,TriClass-Cloud,2326,1,1,0,0,0,0,0.8930583596229553
video09,TriClass-Cloud,2327,1,1,0,0,0,0,0.8721073865890503
video09,TriClass-Cloud,2328,1,1,0,0,0,0,0.8619499206542969
video09,TriClass-Cloud,2329,1,1,0,0,0,0,0.8770373463630676
video09,TriClass-Cloud,2330,1,1,0,0,0,0,0.8825657367706299
video09,TriClass-Cloud,2331,1,1,0,0,0,0,0.8881276249885559
video09,TriClass-Cloud,2332,1,1,0,0,0,0,0.8923903703689575
video09,TriClass-Cloud,2333,1,1,0,0,0,0,0.8881933689117432
video09,TriClass-Cloud,2334,1,1,0,0,0,0,0.8861243724822998
video09,TriClass-Cloud,2335,1,1,0,0,0,0,0.8747059106826782
video09,TriClass-Cloud,2336,1,1,0,0,0,0,0.8805309534072876
video09,TriClass-Cloud,2337,1,1,0,0,0,0,0.8701437711715698
video09,TriClass-Cloud,2338,1,1,0,0,0,0,0.8658289313316345
video09,TriClass-Cloud,2339,1,1,0,0,0,0,0.8376010656356812
video09,TriClass-Cloud,2340,2,2,0,0,0,0,0.8433308005332947
video09,TriClass-Cloud,2341,1,1,0,0,0,0,0.8605417013168335
video09,TriClass-Cloud,2342,1,1,0,0,0,0,0.8781375288963318
video09,TriClass-Cloud,2343,1,1,0,0,0,0,0.8923128247261047
video09,TriClass-Cloud,2344,1,1,0,0,0,0,0.8964642882347107
video09,TriClass-Cloud,2345,1,1,0,0,0,0,0.8869083523750305
video09,TriClass-Cloud,2346,1,1,0,0,0,0,0.8849135637283325
video09,TriClass-Cloud,2347,1,1,0,0,0,0,0.890191376209259
video09,TriClass-Cloud,2348,1,1,0,0,0,0,0.8792139291763306
video09,TriClass-Cloud,2349,1,1,0,0,0,0,0.8864713311195374
video09,TriClass-Cloud,2350,1,1,0,0,0,0,0.8854199647903442
video09,TriClass-Cloud,2351,1,1,0,0,0,0,0.8922612071037292
video09,TriClass-Cloud,2352,1,1,0,0,0,0,0.8901395201683044
video09,TriClass-Cloud,2353,1,1,0,0,0,0,0.887057363986969
video09,TriClass-Cloud,2354,1,1,0,0,0,0,0.8877936005592346
video09,TriClass-Cloud,2355,1,1,0,0,0,0,0.8922857046127319
video09,TriClass-Cloud,2356,1,1,0,0,0,0,0.8929527401924133
video09,TriClass-Cloud,2357,1,1,0,0,0,0,0.893376886844635
video09,TriClass-Cloud,2358,1,1,0,0,0,0,0.8965053558349609
video09,TriClass-Cloud,2359,1,1,0,0,0,0,0.8883450031280518
video09,TriClass-Cloud,2360,1,1,0,0,0,0,0.8748020529747009
video09,TriClass-Cloud,2361,1,1,0,0,0,0,0.8787109851837158
video09,TriClass-Cloud,2362,1,1,0,0,0,0,0.8741113543510437
video09,TriClass-Cloud,2363,1,1,0,0,0,0,0.8676584959030151
video09,TriClass-Cloud,2364,1,1,0,0,0,0,0.8701372742652893
video09,TriClass-Cloud,2365,1,1,0,0,0,0,0.8355448842048645
video09,TriClass-Cloud,2366,2,2,0,0,0,0,0.7193705439567566
video09,TriClass-Cloud,2367,1,1,0,0,0,0,0.8600286841392517
video09,TriClass-Cloud,2368,1,1,0,0,0,0,0.8694533705711365
video09,TriClass-Cloud,2369,1,1,0,0,0,0,0.875146746635437
video09,TriClass-Cloud,2370,1,1,0,0,0,0,0.878416895866394
video09,TriClass-Cloud,2371,1,1,0,0,0,0,0.856556236743927
video09,TriClass-Cloud,2372,1,1,0,0,0,0,0.837933361530304
video09,TriClass-Cloud,2373,1,1,0,0,0,0,0.8623481392860413
video09,TriClass-Cloud,2374,1,1,0,0,0,0,0.8731047511100769
video09,TriClass-Cloud,2375,1,1,0,0,0,0,0.8755682110786438
video09,TriClass-Cloud,2376,1,1,0,0,0,0,0.8775383234024048
video09,TriClass-Cloud,2377,1,1,0,0,0,0,0.8829265832901001
video09,TriClass-Cloud,2378,1,1,0,0,0,0,0.8714298009872437
video09,TriClass-Cloud,2379,1,1,0,0,0,0,0.8825424313545227
video09,TriClass-Cloud,2380,1,1,0,0,0,0,0.8841805458068848
video09,TriClass-Cloud,2381,1,1,0,0,0,0,0.8750455975532532
video09,TriClass-Cloud,2382,1,1,0,0,0,0,0.8595741391181946
video09,TriClass-Cloud,2383,1,1,0,0,0,0,0.854766309261322
video09,TriClass-Cloud,2384,1,1,0,0,0,0,0.848330557346344
video09,TriClass-Cloud,2385,1,1,0,0,0,0,0.8613449335098267
video09,TriClass-Cloud,2386,1,1,0,0,0,0,0.8858035206794739
video09,TriClass-Cloud,2387,1,1,0,0,0,0,0.8797703981399536
video09,TriClass-Cloud,2388,1,1,0,0,0,0,0.873826801776886
video09,TriClass-Cloud,2389,2,2,0,0,0,0,0.7988734841346741
video09,TriClass-Cloud,2390,1,1,0,0,0,0,0.8425535559654236
video09,TriClass-Cloud,2391,1,1,0,0,0,0,0.878574550151825
video09,TriClass-Cloud,2392,1,1,0,0,0,0,0.8620368242263794
video09,TriClass-Cloud,2393,1,1,0,0,0,0,0.8623272180557251
video09,TriClass-Cloud,2394,1,1,0,0,0,0,0.8824430704116821
video09,TriClass-Cloud,2395,1,1,0,0,0,0,0.8797059059143066
video09,TriClass-Cloud,2396,1,1,0,0,0,0,0.887396514415741
video09,TriClass-Cloud,2397,1,1,0,0,0,0,0.877324104309082
video09,TriClass-Cloud,2398,1,1,0,0,0,0,0.880704402923584
video09,TriClass-Cloud,2399,1,1,0,0,0,0,0.8894261717796326
video09,TriClass-Cloud,2400,1,1,0,0,0,0,0.8850459456443787
video09,TriClass-Cloud,2401,1,1,0,0,0,0,0.8725740909576416
video09,TriClass-Cloud,2402,1,1,0,0,0,0,0.8640605807304382
video09,TriClass-Cloud,2403,1,1,0,0,0,0,0.8706178665161133
video09,TriClass-Cloud,2404,1,1,0,0,0,0,0.8672341704368591
video09,TriClass-Cloud,2405,1,1,0,0,0,0,0.8626294136047363
video09,TriClass-Cloud,2406,1,1,0,0,0,0,0.8611857295036316
video09,TriClass-Cloud,2407,1,1,0,0,0,0,0.7917414903640747
video09,TriClass-Cloud,2408,1,1,0,0,0,0,0.7850364446640015
video09,TriClass-Cloud,2409,1,1,0,0,0,0,0.8217126727104187
video09,TriClass-Cloud,2410,1,1,0,0,0,0,0.843342661857605
video09,TriClass-Cloud,2411,1,1,0,0,0,0,0.81847083568573
video09,TriClass-Cloud,2412,1,1,0,0,0,0,0.8765531182289124
video09,TriClass-Cloud,2413,1,1,0,0,0,0,0.8863424062728882
video09,TriClass-Cloud,2414,1,1,0,0,0,0,0.8850376605987549
video09,TriClass-Cloud,2415,1,1,0,0,0,0,0.8575214743614197
video09,TriClass-Cloud,2416,1,1,0,0,0,0,0.8215214610099792
video09,TriClass-Cloud,2417,2,2,0,0,0,0,0.41569653153419495
video09,TriClass-Cloud,2418,1,1,0,0,0,0,0.6254965662956238
video09,TriClass-Cloud,2419,2,2,0,0,1,0,0.5656347870826721
video09,TriClass-Cloud,2420,1,1,0,0,0,0,0.6283659934997559
video09,TriClass-Cloud,2421,2,2,0,0,1,0,0.5544815063476562
video09,TriClass-Cloud,2422,2,2,0,0,1,0,0.48440220952033997
video09,TriClass-Cloud,2423,1,1,0,0,0,0,0.6157338619232178
video09,TriClass-Cloud,2424,1,1,0,0,0,0,0.6118094325065613
video09,TriClass-Cloud,2425,1,1,0,0,0,0,0.6916002631187439
video09,TriClass-Cloud,2426,1,1,0,0,0,0,0.8255898356437683
video09,TriClass-Cloud,2427,1,1,0,0,0,0,0.8151758909225464
video09,TriClass-Cloud,2428,1,1,0,0,0,0,0.8185411095619202
video09,TriClass-Cloud,2429,1,1,0,0,0,0,0.7959051728248596
video09,TriClass-Cloud,2430,1,1,0,0,0,0,0.7570735812187195
video09,TriClass-Cloud,2431,1,1,0,0,0,0,0.7542732357978821
video09,TriClass-Cloud,2432,1,1,0,0,0,0,0.6247605681419373
video09,TriClass-Cloud,2433,1,1,0,0,0,0,0.5840116739273071
video09,TriClass-Cloud,2434,2,2,0,0,0,0,0.4288172423839569
video09,TriClass-Cloud,2435,2,2,0,0,0,0,0.42941033840179443
video09,TriClass-Cloud,2436,2,2,0,0,1,0,0.49933794140815735
video09,TriClass-Cloud,2437,2,2,0,0,0,0,0.47913315892219543
video09,TriClass-Cloud,2438,2,2,0,0,0,0,0.4375700354576111
video09,TriClass-Cloud,2439,1,1,0,0,0,0,0.609383761882782
video09,TriClass-Cloud,2440,2,2,0,0,1,0,0.5517875552177429
video09,TriClass-Cloud,2441,2,2,0,0,1,0,0.5060651302337646
video09,TriClass-Cloud,2442,2,2,0,0,1,0,0.5547006130218506
video09,TriClass-Cloud,2443,1,1,0,0,0,0,0.6904411911964417
video09,TriClass-Cloud,2444,1,1,0,0,0,0,0.6270434260368347
video09,TriClass-Cloud,2445,1,1,0,0,0,0,0.6188939809799194
video09,TriClass-Cloud,2446,1,1,0,0,0,0,0.6019041538238525
video09,TriClass-Cloud,2447,1,1,0,0,0,0,0.6405559778213501
video09,TriClass-Cloud,2448,2,2,0,0,1,0,0.5184130668640137
video09,TriClass-Cloud,2449,2,2,0,0,1,0,0.5548710227012634
video09,TriClass-Cloud,2450,2,2,0,0,1,0,0.5252116322517395
video09,TriClass-Cloud,2451,1,1,0,0,0,0,0.6360554695129395
video09,TriClass-Cloud,2452,2,2,0,0,1,0,0.556279182434082
video09,TriClass-Cloud,2453,1,1,0,0,0,0,0.6946454644203186
video09,TriClass-Cloud,2454,2,2,0,0,1,0,0.5269580483436584
video09,TriClass-Cloud,2455,1,1,0,0,0,0,0.6010201573371887
video09,TriClass-Cloud,2456,1,1,0,0,0,0,0.6651380658149719
video09,TriClass-Cloud,2457,1,1,0,0,0,0,0.7193776369094849
video09,TriClass-Cloud,2458,1,1,0,0,0,0,0.7142585515975952
video09,TriClass-Cloud,2459,1,1,0,0,0,0,0.6392912268638611
video09,TriClass-Cloud,2460,1,1,0,0,0,0,0.7356300354003906
video09,TriClass-Cloud,2461,1,1,0,0,0,0,0.8266316652297974
video09,TriClass-Cloud,2462,1,1,0,0,0,0,0.7805609107017517
video09,TriClass-Cloud,2463,1,1,0,0,0,0,0.8274943232536316
video09,TriClass-Cloud,2464,1,1,0,0,0,0,0.8269829154014587
video09,TriClass-Cloud,2465,1,1,0,0,0,0,0.8063012361526489
video09,TriClass-Cloud,2466,1,1,0,0,0,0,0.8403569459915161
video09,TriClass-Cloud,2467,1,1,0,0,0,0,0.8342799544334412
video09,TriClass-Cloud,2468,1,1,0,0,0,0,0.7743456959724426
video09,TriClass-Cloud,2469,1,1,0,0,0,0,0.8106551766395569
video09,TriClass-Cloud,2470,1,1,0,0,0,0,0.7319202423095703
video09,TriClass-Cloud,2471,1,1,0,0,0,0,0.8575373888015747
video09,TriClass-Cloud,2472,1,1,0,0,0,0,0.7980361580848694
video09,TriClass-Cloud,2473,1,1,0,0,0,0,0.789186418056488
video09,TriClass-Cloud,2474,1,1,0,0,0,0,0.744360089302063
video09,TriClass-Cloud,2475,1,1,0,0,0,0,0.853010356426239
video09,TriClass-Cloud,2476,1,1,0,0,0,0,0.8648027181625366
video09,TriClass-Cloud,2477,1,1,0,0,0,0,0.8905706405639648
video09,TriClass-Cloud,2478,1,1,0,0,0,0,0.872061014175415
video09,TriClass-Cloud,2479,1,1,0,0,0,0,0.8912558555603027
video09,TriClass-Cloud,2480,1,1,0,0,0,0,0.886635959148407
video09,TriClass-Cloud,2481,1,1,0,0,0,0,0.8741381168365479
video09,TriClass-Cloud,2482,1,1,0,0,0,0,0.8800102472305298
video09,TriClass-Cloud,2483,1,1,0,0,0,0,0.8926266431808472
video09,TriClass-Cloud,2484,1,1,0,0,0,0,0.8917012214660645
video09,TriClass-Cloud,2485,1,1,0,0,0,0,0.8932428359985352
video09,TriClass-Cloud,2486,1,1,0,0,0,0,0.8871647715568542
video09,TriClass-Cloud,2487,1,1,0,0,0,0,0.8659335374832153
video09,TriClass-Cloud,2488,1,1,0,0,0,0,0.7928081750869751
video09,TriClass-Cloud,2489,1,1,0,0,0,0,0.8545855283737183
video09,TriClass-Cloud,2490,1,1,0,0,0,0,0.876581609249115
video09,TriClass-Cloud,2491,1,1,0,0,0,0,0.8462091684341431
video09,TriClass-Cloud,2492,1,1,0,0,0,0,0.8693856000900269
video09,TriClass-Cloud,2493,1,1,0,0,0,0,0.8546414971351624
video09,TriClass-Cloud,2494,1,1,0,0,0,0,0.8717179298400879
video09,TriClass-Cloud,2495,1,1,0,0,0,0,0.8629830479621887
video09,TriClass-Cloud,2496,1,1,0,0,0,0,0.8655023574829102
video09,TriClass-Cloud,2497,1,1,0,0,0,0,0.8809608817100525
video09,TriClass-Cloud,2498,1,1,0,0,0,0,0.8833155035972595
video09,TriClass-Cloud,2499,1,1,0,0,0,0,0.8854260444641113
