video,model,frame,detections,drone_det,bird_det,false_class,low_conf_fp,tp_iou,max_conf
video07,TriClass-Cloud,0,1,1,0,0,0,1,0.6044200658798218
video07,TriClass-Cloud,1,0,0,0,0,0,0,0.0
video07,TriClass-Cloud,2,1,1,0,0,0,0,0.35762688517570496
video07,TriClass-Cloud,3,1,1,0,0,0,0,0.47628989815711975
video07,TriClass-Cloud,4,0,0,0,0,0,0,0.0
video07,TriClass-Cloud,5,1,1,0,0,0,0,0.704706609249115
video07,TriClass-Cloud,6,1,1,0,0,0,0,0.4484272301197052
video07,TriClass-Cloud,7,1,1,0,0,1,0,0.2982202470302582
video07,TriClass-Cloud,8,1,1,0,0,0,0,0.5381487607955933
video07,TriClass-Cloud,9,0,0,0,0,0,0,0.0
video07,TriClass-Cloud,10,2,2,0,0,1,0,0.36623451113700867
video07,TriClass-Cloud,11,1,1,0,0,0,0,0.6106740832328796
video07,TriClass-Cloud,12,2,2,0,0,0,0,0.44811898469924927
video07,TriClass-Cloud,13,1,1,0,0,0,0,0.679031252861023
video07,TriClass-Cloud,14,1,1,0,0,0,0,0.4594069719314575
video07,TriClass-Cloud,15,1,1,0,0,0,0,0.4934171736240387
video07,TriClass-Cloud,16,1,1,0,0,0,0,0.6740716695785522
video07,TriClass-Cloud,17,1,1,0,0,0,0,0.5651452541351318
video07,TriClass-Cloud,18,1,1,0,0,0,0,0.360804945230484
video07,TriClass-Cloud,19,1,1,0,0,0,0,0.6119953989982605
video07,TriClass-Cloud,20,1,1,0,0,0,0,0.46744370460510254
video07,TriClass-Cloud,21,2,2,0,0,0,0,0.4877749979496002
video07,TriClass-Cloud,22,2,2,0,0,1,0,0.4216242730617523
video07,TriClass-Cloud,23,2,2,0,0,1,0,0.6747246980667114
video07,TriClass-Cloud,24,2,2,0,0,0,0,0.6384366750717163
video07,TriClass-Cloud,25,1,1,0,0,0,0,0.5755163431167603
video07,TriClass-Cloud,26,1,1,0,0,0,0,0.3750239312648773
video07,TriClass-Cloud,27,1,1,0,0,0,0,0.3898765742778778
video07,TriClass-Cloud,28,1,1,0,0,0,0,0.6567644476890564
video07,TriClass-Cloud,29,1,1,0,0,0,0,0.6592559814453125
video07,TriClass-Cloud,30,1,1,0,0,0,0,0.5049706101417542
video07,TriClass-Cloud,31,2,2,0,0,0,0,0.5033888220787048
video07,TriClass-Cloud,32,2,2,0,0,1,0,0.5356479287147522
video07,TriClass-Cloud,33,1,1,0,0,0,0,0.4668422341346741
video07,TriClass-Cloud,34,2,2,0,0,1,0,0.447375625371933
video07,TriClass-Cloud,35,2,2,0,0,1,0,0.41909295320510864
video07,TriClass-Cloud,36,1,1,0,0,0,0,0.6431262493133545
video07,TriClass-Cloud,37,1,1,0,0,1,0,0.25654467940330505
video07,TriClass-Cloud,38,0,0,0,0,0,0,0.0
video07,TriClass-Cloud,39,0,0,0,0,0,0,0.0
video07,TriClass-Cloud,40,0,0,0,0,0,0,0.0
video07,TriClass-Cloud,41,0,0,0,0,0,0,0.0
video07,TriClass-Cloud,42,1,1,0,0,0,0,0.3563823699951172
video07,TriClass-Cloud,43,1,1,0,0,0,0,0.35772308707237244
video07,TriClass-Cloud,44,1,1,0,0,0,0,0.43375495076179504
video07,TriClass-Cloud,45,1,1,0,0,0,0,0.5478355884552002
video07,TriClass-Cloud,46,2,2,0,0,2,0,0.3490510880947113
video07,TriClass-Cloud,47,1,1,0,0,1,0,0.3316196799278259
video07,TriClass-Cloud,48,1,1,0,0,1,0,0.30883345007896423
video07,TriClass-Cloud,49,1,1,0,0,0,0,0.37800246477127075
video07,TriClass-Cloud,50,1,1,0,0,0,0,0.46284765005111694
video07,TriClass-Cloud,51,1,1,0,0,0,0,0.4462752938270569
video07,TriClass-Cloud,52,1,1,0,0,0,0,0.3767808675765991
video07,TriClass-Cloud,53,2,2,0,0,1,0,0.5052794218063354
video07,TriClass-Cloud,54,2,2,0,0,1,0,0.4934948980808258
video07,TriClass-Cloud,55,1,1,0,0,0,0,0.4910014271736145
video07,TriClass-Cloud,56,1,1,0,0,1,0,0.2957462966442108
video07,TriClass-Cloud,57,1,1,0,0,1,0,0.31226667761802673
video07,TriClass-Cloud,58,2,2,0,0,1,0,0.41690513491630554
video07,TriClass-Cloud,59,2,2,0,0,0,0,0.5722506046295166
video07,TriClass-Cloud,60,2,2,0,0,0,0,0.5675422549247742
video07,TriClass-Cloud,61,2,2,0,0,0,0,0.5616472363471985
video07,TriClass-Cloud,62,1,1,0,0,0,0,0.5096490383148193
video07,TriClass-Cloud,63,1,1,0,0,0,0,0.5117306709289551
video07,TriClass-Cloud,64,1,1,0,0,0,0,0.7505851984024048
video07,TriClass-Cloud,65,2,2,0,0,1,0,0.6211348176002502
video07,TriClass-Cloud,66,2,2,0,0,0,0,0.603424608707428
video07,TriClass-Cloud,67,2,2,0,0,0,0,0.6073862314224243
video07,TriClass-Cloud,68,1,1,0,0,0,0,0.48317912220954895
video07,TriClass-Cloud,69,1,1,0,0,1,0,0.33771783113479614
video07,TriClass-Cloud,70,1,1,0,0,0,0,0.3503369390964508
video07,TriClass-Cloud,71,2,2,0,0,0,0,0.5606642365455627
video07,TriClass-Cloud,72,1,1,0,0,0,0,0.611595094203949
video07,TriClass-Cloud,73,1,1,0,0,0,0,0.6131778955459595
video07,TriClass-Cloud,74,2,2,0,0,1,0,0.6421855688095093
video07,TriClass-Cloud,75,2,2,0,0,0,0,0.5943974852561951
video07,TriClass-Cloud,76,2,2,0,0,0,0,0.5792263150215149
video07,TriClass-Cloud,77,1,1,0,0,0,0,0.4307890236377716
video07,TriClass-Cloud,78,1,1,0,0,0,0,0.5402535796165466
video07,TriClass-Cloud,79,1,1,0,0,0,0,0.5283131003379822
video07,TriClass-Cloud,80,1,1,0,0,0,0,0.49968934059143066
video07,TriClass-Cloud,81,1,1,0,0,0,0,0.5260957479476929
video07,TriClass-Cloud,82,1,1,0,0,0,0,0.5241937041282654
video07,TriClass-Cloud,83,1,1,0,0,0,0,0.36869698762893677
video07,TriClass-Cloud,84,1,1,0,0,0,0,0.7396818399429321
video07,TriClass-Cloud,85,1,1,0,0,0,0,0.42791318893432617
video07,TriClass-Cloud,86,1,1,0,0,0,0,0.4854124188423157
video07,TriClass-Cloud,87,1,1,0,0,0,0,0.4887666404247284
video07,TriClass-Cloud,88,1,1,0,0,1,0,0.27519381046295166
video07,TriClass-Cloud,89,0,0,0,0,0,0,0.0
video07,TriClass-Cloud,90,0,0,0,0,0,0,0.0
video07,TriClass-Cloud,91,2,2,0,0,1,0,0.5086250305175781
video07,TriClass-Cloud,92,1,1,0,0,0,0,0.3906865119934082
video07,TriClass-Cloud,93,1,1,0,0,0,0,0.4237293004989624
video07,TriClass-Cloud,94,2,2,0,0,1,0,0.4418748915195465
video07,TriClass-Cloud,95,1,1,0,0,1,0,0.3376825153827667
video07,TriClass-Cloud,96,1,1,0,0,0,0,0.5666099190711975
video07,TriClass-Cloud,97,1,1,0,0,0,0,0.5162994265556335
video07,TriClass-Cloud,98,1,1,0,0,0,0,0.4424010217189789
video07,TriClass-Cloud,99,2,2,0,0,0,0,0.446845680475235
video07,TriClass-Cloud,100,2,2,0,0,1,0,0.5170443654060364
video07,TriClass-Cloud,101,1,1,0,0,0,0,0.5753923058509827
video07,TriClass-Cloud,102,1,1,0,0,0,0,0.6422164440155029
video07,TriClass-Cloud,103,0,0,0,0,0,0,0.0
video07,TriClass-Cloud,104,1,1,0,0,0,0,0.5378775596618652
video07,TriClass-Cloud,105,2,2,0,0,2,0,0.3140731453895569
video07,TriClass-Cloud,106,0,0,0,0,0,0,0.0
video07,TriClass-Cloud,107,2,2,0,0,2,0,0.2885015606880188
video07,TriClass-Cloud,108,1,1,0,0,0,0,0.3936852216720581
video07,TriClass-Cloud,109,1,1,0,0,1,0,0.29204705357551575
video07,TriClass-Cloud,110,3,3,0,0,3,0,0.3270874321460724
video07,TriClass-Cloud,111,0,0,0,0,0,0,0.0
video07,TriClass-Cloud,112,1,1,0,0,0,0,0.5063344836235046
video07,TriClass-Cloud,113,1,1,0,0,0,0,0.621435284614563
video07,TriClass-Cloud,114,2,2,0,0,0,0,0.5709121823310852
video07,TriClass-Cloud,115,1,1,0,0,0,0,0.6809377670288086
video07,TriClass-Cloud,116,1,1,0,0,0,0,0.6592972278594971
video07,TriClass-Cloud,117,2,2,0,0,1,0,0.3602353632450104
video07,TriClass-Cloud,118,2,2,0,0,1,0,0.42394405603408813
video07,TriClass-Cloud,119,1,1,0,0,0,0,0.6945000290870667
video07,TriClass-Cloud,120,1,1,0,0,0,0,0.5367117524147034
video07,TriClass-Cloud,121,1,1,0,0,0,0,0.5914183855056763
video07,TriClass-Cloud,122,1,1,0,0,0,0,0.6702759861946106
video07,TriClass-Cloud,123,2,2,0,0,0,0,0.5942057967185974
video07,TriClass-Cloud,124,2,2,0,0,0,0,0.6165487766265869
video07,TriClass-Cloud,125,3,3,0,0,2,0,0.45311564207077026
video07,TriClass-Cloud,126,1,1,0,0,0,0,0.5539230108261108
video07,TriClass-Cloud,127,1,1,0,0,0,0,0.7431114315986633
video07,TriClass-Cloud,128,2,2,0,0,1,0,0.5221840143203735
video07,TriClass-Cloud,129,1,1,0,0,0,0,0.5386241674423218
video07,TriClass-Cloud,130,1,1,0,0,0,0,0.7018477320671082
video07,TriClass-Cloud,131,1,1,0,0,0,0,0.559044361114502
video07,TriClass-Cloud,132,1,1,0,0,0,0,0.6329076290130615
video07,TriClass-Cloud,133,1,1,0,0,0,0,0.6773285269737244
video07,TriClass-Cloud,134,1,1,0,0,0,0,0.6453081965446472
video07,TriClass-Cloud,135,1,1,0,0,0,0,0.8046749830245972
video07,TriClass-Cloud,136,1,1,0,0,0,0,0.7468075156211853
video07,TriClass-Cloud,137,1,1,0,0,0,0,0.8037120699882507
video07,TriClass-Cloud,138,1,1,0,0,0,0,0.7720123529434204
video07,TriClass-Cloud,139,1,1,0,0,0,0,0.6810513734817505
video07,TriClass-Cloud,140,2,2,0,0,0,0,0.6509219408035278
video07,TriClass-Cloud,141,1,1,0,0,0,0,0.7780975103378296
video07,TriClass-Cloud,142,1,1,0,0,0,0,0.795677900314331
video07,TriClass-Cloud,143,1,1,0,0,0,0,0.7287895679473877
video07,TriClass-Cloud,144,1,1,0,0,0,0,0.7567842602729797
video07,TriClass-Cloud,145,1,1,0,0,0,0,0.7868213653564453
video07,TriClass-Cloud,146,1,1,0,0,0,0,0.7970119118690491
video07,TriClass-Cloud,147,1,1,0,0,0,0,0.7874958515167236
video07,TriClass-Cloud,148,1,1,0,0,0,0,0.7938061356544495
video07,TriClass-Cloud,149,1,1,0,0,0,0,0.7350038886070251
video07,TriClass-Cloud,150,1,1,0,0,0,0,0.6620649695396423
video07,TriClass-Cloud,151,1,1,0,0,0,0,0.6100966334342957
video07,TriClass-Cloud,152,1,1,0,0,0,0,0.6227278113365173
video07,TriClass-Cloud,153,1,1,0,0,0,0,0.6719620227813721
video07,TriClass-Cloud,154,2,2,0,0,1,0,0.48657310009002686
video07,TriClass-Cloud,155,1,1,0,0,0,0,0.5193465948104858
video07,TriClass-Cloud,156,1,1,0,0,0,0,0.7391980886459351
video07,TriClass-Cloud,157,2,2,0,0,1,0,0.6571739912033081
video07,TriClass-Cloud,158,1,1,0,0,0,0,0.6559814214706421
video07,TriClass-Cloud,159,1,1,0,0,0,0,0.7691198587417603
video07,TriClass-Cloud,160,1,1,0,0,0,0,0.7273675799369812
video07,TriClass-Cloud,161,1,1,0,0,0,0,0.7407255172729492
video07,TriClass-Cloud,162,1,1,0,0,0,0,0.7859505414962769
video07,TriClass-Cloud,163,1,1,0,0,0,0,0.7426317930221558
video07,TriClass-Cloud,164,1,1,0,0,0,0,0.7417083382606506
video07,TriClass-Cloud,165,1,1,0,0,0,0,0.7359598278999329
video07,TriClass-Cloud,166,1,1,0,0,0,0,0.7172011137008667
video07,TriClass-Cloud,167,1,1,0,0,0,0,0.7141188383102417
video07,TriClass-Cloud,168,1,1,0,0,0,0,0.4140431880950928
video07,TriClass-Cloud,169,1,1,0,0,0,0,0.6272642612457275
video07,TriClass-Cloud,170,1,1,0,0,0,0,0.7436709403991699
video07,TriClass-Cloud,171,1,1,0,0,0,0,0.8602890372276306
video07,TriClass-Cloud,172,1,1,0,0,0,0,0.5477005839347839
video07,TriClass-Cloud,173,2,2,0,0,1,0,0.4925473928451538
video07,TriClass-Cloud,174,1,1,0,0,0,0,0.8014336824417114
video07,TriClass-Cloud,175,1,1,0,0,0,0,0.8674285411834717
video07,TriClass-Cloud,176,2,2,0,0,1,0,0.6064172983169556
video07,TriClass-Cloud,177,2,2,0,0,1,0,0.47725674510002136
video07,TriClass-Cloud,178,1,1,0,0,0,0,0.7513769865036011
video07,TriClass-Cloud,179,2,2,0,0,1,0,0.7359698414802551
video07,TriClass-Cloud,180,1,1,0,0,0,0,0.7967255711555481
video07,TriClass-Cloud,181,1,1,0,0,0,0,0.6204408407211304
video07,TriClass-Cloud,182,1,1,0,0,1,0,0.341525673866272
video07,TriClass-Cloud,183,1,1,0,0,1,0,0.31125807762145996
video07,TriClass-Cloud,184,1,1,0,0,0,0,0.7264898419380188
video07,TriClass-Cloud,185,1,1,0,0,0,0,0.48969221115112305
video07,TriClass-Cloud,186,2,2,0,0,1,0,0.5944433212280273
video07,TriClass-Cloud,187,1,1,0,0,0,0,0.6814355850219727
video07,TriClass-Cloud,188,1,1,0,0,0,0,0.8079628944396973
video07,TriClass-Cloud,189,1,1,0,0,0,0,0.7567392587661743
video07,TriClass-Cloud,190,1,1,0,0,0,0,0.5692185759544373
video07,TriClass-Cloud,191,1,1,0,0,0,0,0.7988979816436768
video07,TriClass-Cloud,192,1,1,0,0,0,0,0.8387629985809326
video07,TriClass-Cloud,193,1,1,0,0,0,0,0.8422630429267883
video07,TriClass-Cloud,194,1,1,0,0,0,0,0.851754903793335
video07,TriClass-Cloud,195,1,1,0,0,0,0,0.7984570264816284
video07,TriClass-Cloud,196,1,1,0,0,0,0,0.8161647915840149
video07,TriClass-Cloud,197,1,1,0,0,0,0,0.8202160000801086
video07,TriClass-Cloud,198,2,2,0,0,1,0,0.5426782369613647
video07,TriClass-Cloud,199,1,1,0,0,0,0,0.7130807042121887
video07,TriClass-Cloud,200,2,2,0,0,1,0,0.46399661898612976
video07,TriClass-Cloud,201,1,1,0,0,0,0,0.5427319407463074
video07,TriClass-Cloud,202,1,1,0,0,0,0,0.8073792457580566
video07,TriClass-Cloud,203,1,1,0,0,0,0,0.6671429872512817
video07,TriClass-Cloud,204,1,1,0,0,0,0,0.6842848062515259
video07,TriClass-Cloud,205,2,2,0,0,0,0,0.4405832290649414
video07,TriClass-Cloud,206,3,3,0,0,3,0,0.323443740606308
video07,TriClass-Cloud,207,1,1,0,0,0,0,0.6793851852416992
video07,TriClass-Cloud,208,1,1,0,0,0,0,0.8163523077964783
video07,TriClass-Cloud,209,2,2,0,0,1,0,0.5178239941596985
video07,TriClass-Cloud,210,1,1,0,0,0,0,0.5151246786117554
video07,TriClass-Cloud,211,1,1,0,0,0,0,0.7897917032241821
video07,TriClass-Cloud,212,1,1,0,0,0,0,0.7556084394454956
video07,TriClass-Cloud,213,1,1,0,0,0,0,0.7814993858337402
video07,TriClass-Cloud,214,1,1,0,0,0,0,0.6612367630004883
video07,TriClass-Cloud,215,1,1,0,0,0,0,0.7025792598724365
video07,TriClass-Cloud,216,1,1,0,0,0,0,0.7779990434646606
video07,TriClass-Cloud,217,2,2,0,0,1,0,0.8029351234436035
video07,TriClass-Cloud,218,0,0,0,0,0,0,0.0
video07,TriClass-Cloud,219,1,1,0,0,0,0,0.8350589275360107
video07,TriClass-Cloud,220,1,1,0,0,0,0,0.8453658819198608
video07,TriClass-Cloud,221,1,1,0,0,0,0,0.7293121218681335
video07,TriClass-Cloud,222,1,1,0,0,0,0,0.6122705340385437
video07,TriClass-Cloud,223,1,1,0,0,0,0,0.8136504292488098
video07,TriClass-Cloud,224,1,1,0,0,0,0,0.8794583678245544
video07,TriClass-Cloud,225,1,1,0,0,0,0,0.7916309833526611
video07,TriClass-Cloud,226,1,1,0,0,0,0,0.853722333908081
video07,TriClass-Cloud,227,1,1,0,0,0,0,0.8717120289802551
video07,TriClass-Cloud,228,1,1,0,0,0,0,0.7889695763587952
video07,TriClass-Cloud,229,1,1,0,0,0,0,0.7802826166152954
video07,TriClass-Cloud,230,1,1,0,0,0,0,0.8562777638435364
video07,TriClass-Cloud,231,1,1,0,0,0,0,0.7493051290512085
video07,TriClass-Cloud,232,1,1,0,0,0,0,0.8139426112174988
video07,TriClass-Cloud,233,1,1,0,0,0,0,0.7997816801071167
video07,TriClass-Cloud,234,1,1,0,0,0,0,0.8207911849021912
video07,TriClass-Cloud,235,1,1,0,0,0,0,0.7520966529846191
video07,TriClass-Cloud,236,1,1,0,0,0,0,0.8120556473731995
video07,TriClass-Cloud,237,1,1,0,0,0,0,0.8141053318977356
video07,TriClass-Cloud,238,1,1,0,0,0,0,0.8562610745429993
video07,TriClass-Cloud,239,1,1,0,0,0,0,0.8259025812149048
video07,TriClass-Cloud,240,1,1,0,0,0,0,0.8553234934806824
video07,TriClass-Cloud,241,2,2,0,0,0,0,0.7938100099563599
video07,TriClass-Cloud,242,1,1,0,0,0,0,0.8766108155250549
video07,TriClass-Cloud,243,1,1,0,0,0,0,0.8289724588394165
video07,TriClass-Cloud,244,1,1,0,0,0,0,0.7929239869117737
video07,TriClass-Cloud,245,1,1,0,0,0,0,0.7764615416526794
video07,TriClass-Cloud,246,1,1,0,0,0,0,0.8468828201293945
video07,TriClass-Cloud,247,2,2,0,0,0,0,0.6765833497047424
video07,TriClass-Cloud,248,1,1,0,0,0,0,0.8473996520042419
video07,TriClass-Cloud,249,1,1,0,0,0,0,0.851771354675293
video07,TriClass-Cloud,250,1,1,0,0,0,0,0.8348979353904724
video07,TriClass-Cloud,251,1,1,0,0,0,0,0.7548632621765137
video07,TriClass-Cloud,252,1,1,0,0,0,0,0.8440043330192566
video07,TriClass-Cloud,253,1,1,0,0,0,0,0.6094878315925598
video07,TriClass-Cloud,254,0,0,0,0,0,0,0.0
video07,TriClass-Cloud,255,1,1,0,0,0,0,0.8209511637687683
video07,TriClass-Cloud,256,1,1,0,0,0,0,0.7534505724906921
video07,TriClass-Cloud,257,1,1,0,0,0,0,0.8149795532226562
video07,TriClass-Cloud,258,1,1,0,0,0,0,0.8112008571624756
video07,TriClass-Cloud,259,1,1,0,0,0,0,0.8591371178627014
video07,TriClass-Cloud,260,1,1,0,0,0,0,0.8228890299797058
video07,TriClass-Cloud,261,1,1,0,0,0,0,0.7640001177787781
video07,TriClass-Cloud,262,1,1,0,0,0,0,0.7667389512062073
video07,TriClass-Cloud,263,1,1,0,0,0,0,0.8453450202941895
video07,TriClass-Cloud,264,1,1,0,0,0,0,0.7546876072883606
video07,TriClass-Cloud,265,1,1,0,0,0,0,0.76231449842453
video07,TriClass-Cloud,266,1,1,0,0,0,0,0.7950758934020996
video07,TriClass-Cloud,267,1,1,0,0,0,0,0.8564308881759644
video07,TriClass-Cloud,268,1,1,0,0,0,0,0.8579608201980591
video07,TriClass-Cloud,269,1,1,0,0,0,0,0.7947726845741272
video07,TriClass-Cloud,270,1,1,0,0,0,0,0.842336118221283
video07,TriClass-Cloud,271,1,1,0,0,0,0,0.41024115681648254
video07,TriClass-Cloud,272,0,0,0,0,0,0,0.0
video07,TriClass-Cloud,273,1,1,0,0,0,0,0.6948608160018921
video07,TriClass-Cloud,274,2,2,0,0,2,0,0.3303825855255127
video07,TriClass-Cloud,275,1,1,0,0,0,0,0.4468265771865845
video07,TriClass-Cloud,276,1,1,0,0,0,0,0.6679227352142334
video07,TriClass-Cloud,277,1,1,0,0,0,0,0.7070077061653137
video07,TriClass-Cloud,278,2,2,0,0,1,0,0.38643282651901245
video07,TriClass-Cloud,279,2,2,0,0,2,0,0.29155710339546204
video07,TriClass-Cloud,280,1,1,0,0,0,0,0.8341670036315918
video07,TriClass-Cloud,281,1,1,0,0,0,0,0.8333379626274109
video07,TriClass-Cloud,282,1,1,0,0,0,0,0.8162233233451843
video07,TriClass-Cloud,283,1,1,0,0,0,0,0.8346117734909058
video07,TriClass-Cloud,284,1,1,0,0,0,0,0.8669736981391907
video07,TriClass-Cloud,285,1,1,0,0,0,0,0.8277379274368286
video07,TriClass-Cloud,286,1,1,0,0,0,0,0.6999534964561462
video07,TriClass-Cloud,287,1,1,0,0,0,0,0.5509108304977417
video07,TriClass-Cloud,288,1,1,0,0,0,0,0.8211795687675476
video07,TriClass-Cloud,289,1,1,0,0,0,0,0.8467385172843933
video07,TriClass-Cloud,290,1,1,0,0,0,0,0.8263092637062073
video07,TriClass-Cloud,291,1,1,0,0,0,0,0.660886824131012
video07,TriClass-Cloud,292,1,1,0,0,0,0,0.7395913600921631
video07,TriClass-Cloud,293,1,1,0,0,0,0,0.8180273771286011
video07,TriClass-Cloud,294,1,1,0,0,0,0,0.8374992609024048
video07,TriClass-Cloud,295,1,1,0,0,1,0,0.321351021528244
video07,TriClass-Cloud,296,1,1,0,0,0,0,0.41244304180145264
video07,TriClass-Cloud,297,1,1,0,0,0,0,0.7824039459228516
video07,TriClass-Cloud,298,1,1,0,0,0,0,0.5710877776145935
video07,TriClass-Cloud,299,0,0,0,0,0,0,0.0
video07,TriClass-Cloud,300,1,1,0,0,0,0,0.8086062073707581
video07,TriClass-Cloud,301,1,1,0,0,0,0,0.8385980129241943
video07,TriClass-Cloud,302,1,1,0,0,0,0,0.8160964250564575
video07,TriClass-Cloud,303,1,1,0,0,0,0,0.4523204267024994
video07,TriClass-Cloud,304,0,0,0,0,0,0,0.0
video07,TriClass-Cloud,305,0,0,0,0,0,0,0.0
video07,TriClass-Cloud,306,0,0,0,0,0,0,0.0
video07,TriClass-Cloud,307,0,0,0,0,0,0,0.0
video07,TriClass-Cloud,308,0,0,0,0,0,0,0.0
video07,TriClass-Cloud,309,0,0,0,0,0,0,0.0
video07,TriClass-Cloud,310,0,0,0,0,0,0,0.0
video07,TriClass-Cloud,311,0,0,0,0,0,0,0.0
video07,TriClass-Cloud,312,0,0,0,0,0,0,0.0
video07,TriClass-Cloud,313,0,0,0,0,0,0,0.0
video07,TriClass-Cloud,314,0,0,0,0,0,0,0.0
video07,TriClass-Cloud,315,0,0,0,0,0,0,0.0
video07,TriClass-Cloud,316,0,0,0,0,0,0,0.0
video07,TriClass-Cloud,317,0,0,0,0,0,0,0.0
video07,TriClass-Cloud,318,0,0,0,0,0,0,0.0
video07,TriClass-Cloud,319,0,0,0,0,0,0,0.0
video07,TriClass-Cloud,320,0,0,0,0,0,0,0.0
video07,TriClass-Cloud,321,0,0,0,0,0,0,0.0
video07,TriClass-Cloud,322,0,0,0,0,0,0,0.0
video07,TriClass-Cloud,323,0,0,0,0,0,0,0.0
video07,TriClass-Cloud,324,0,0,0,0,0,0,0.0
video07,TriClass-Cloud,325,0,0,0,0,0,0,0.0
video07,TriClass-Cloud,326,0,0,0,0,0,0,0.0
video07,TriClass-Cloud,327,0,0,0,0,0,0,0.0
video07,TriClass-Cloud,328,0,0,0,0,0,0,0.0
video07,TriClass-Cloud,329,0,0,0,0,0,0,0.0
video07,TriClass-Cloud,330,0,0,0,0,0,0,0.0
video07,TriClass-Cloud,331,0,0,0,0,0,0,0.0
video07,TriClass-Cloud,332,0,0,0,0,0,0,0.0
video07,TriClass-Cloud,333,0,0,0,0,0,0,0.0
video07,TriClass-Cloud,334,0,0,0,0,0,0,0.0
video07,TriClass-Cloud,335,0,0,0,0,0,0,0.0
video07,TriClass-Cloud,336,0,0,0,0,0,0,0.0
video07,TriClass-Cloud,337,0,0,0,0,0,0,0.0
video07,TriClass-Cloud,338,1,1,0,0,0,0,0.4487219750881195
video07,TriClass-Cloud,339,1,1,0,0,0,0,0.686781108379364
video07,TriClass-Cloud,340,1,1,0,0,0,0,0.8514204621315002
video07,TriClass-Cloud,341,1,1,0,0,0,0,0.8789287209510803
video07,TriClass-Cloud,342,1,1,0,0,0,0,0.8763377070426941
video07,TriClass-Cloud,343,1,1,0,0,0,0,0.865986704826355
video07,TriClass-Cloud,344,1,1,0,0,0,0,0.7583861947059631
video07,TriClass-Cloud,345,1,1,0,0,0,0,0.8627960681915283
video07,TriClass-Cloud,346,2,2,0,0,1,0,0.5420619249343872
video07,TriClass-Cloud,347,2,2,0,0,1,0,0.621088445186615
video07,TriClass-Cloud,348,2,2,0,0,1,0,0.5696066617965698
video07,TriClass-Cloud,349,2,2,0,0,0,0,0.5433611869812012
video07,TriClass-Cloud,350,1,1,0,0,0,0,0.6966198086738586
video07,TriClass-Cloud,351,1,1,0,0,0,0,0.7430860996246338
video07,TriClass-Cloud,352,1,1,0,0,0,0,0.6622684001922607
video07,TriClass-Cloud,353,2,2,0,0,0,0,0.5223426222801208
video07,TriClass-Cloud,354,1,1,0,0,0,0,0.7832805514335632
video07,TriClass-Cloud,355,2,2,0,0,1,0,0.5761281847953796
video07,TriClass-Cloud,356,1,1,0,0,0,0,0.7193114757537842
video07,TriClass-Cloud,357,1,1,0,0,0,0,0.7038661241531372
video07,TriClass-Cloud,358,1,1,0,0,0,0,0.8021607995033264
video07,TriClass-Cloud,359,1,1,0,0,0,0,0.660305917263031
video07,TriClass-Cloud,360,1,1,0,0,0,0,0.7997066974639893
video07,TriClass-Cloud,361,1,1,0,0,0,0,0.7906118035316467
video07,TriClass-Cloud,362,1,1,0,0,0,0,0.7600118517875671
video07,TriClass-Cloud,363,1,1,0,0,0,0,0.7647070288658142
video07,TriClass-Cloud,364,1,1,0,0,0,0,0.7589544057846069
video07,TriClass-Cloud,365,1,1,0,0,0,0,0.8320128321647644
video07,TriClass-Cloud,366,1,1,0,0,0,0,0.7072668671607971
video07,TriClass-Cloud,367,2,2,0,0,0,0,0.5179548263549805
video07,TriClass-Cloud,368,1,1,0,0,0,0,0.7553731203079224
video07,TriClass-Cloud,369,1,1,0,0,0,0,0.7619503736495972
video07,TriClass-Cloud,370,1,1,0,0,0,0,0.665346622467041
video07,TriClass-Cloud,371,1,1,0,0,0,0,0.7150881886482239
video07,TriClass-Cloud,372,1,1,0,0,0,0,0.8267883062362671
video07,TriClass-Cloud,373,1,1,0,0,0,0,0.8831876516342163
video07,TriClass-Cloud,374,1,1,0,0,0,0,0.8680229187011719
video07,TriClass-Cloud,375,1,1,0,0,0,0,0.8588692545890808
video07,TriClass-Cloud,376,1,1,0,0,0,0,0.8344160914421082
video07,TriClass-Cloud,377,1,1,0,0,0,0,0.8493386507034302
video07,TriClass-Cloud,378,1,1,0,0,0,0,0.7949701547622681
video07,TriClass-Cloud,379,1,1,0,0,0,0,0.7895742058753967
video07,TriClass-Cloud,380,1,1,0,0,0,0,0.8343721032142639
video07,TriClass-Cloud,381,1,1,0,0,0,0,0.819838285446167
video07,TriClass-Cloud,382,1,1,0,0,0,0,0.6792598366737366
video07,TriClass-Cloud,383,1,1,0,0,0,0,0.8492671251296997
video07,TriClass-Cloud,384,1,1,0,0,0,0,0.7124741077423096
video07,TriClass-Cloud,385,1,1,0,0,0,0,0.8232958316802979
video07,TriClass-Cloud,386,1,1,0,0,0,0,0.7456976771354675
video07,TriClass-Cloud,387,1,1,0,0,0,0,0.8342583775520325
video07,TriClass-Cloud,388,1,1,0,0,0,0,0.8043873310089111
video07,TriClass-Cloud,389,1,1,0,0,0,0,0.62353515625
video07,TriClass-Cloud,390,1,1,0,0,0,0,0.8603969812393188
video07,TriClass-Cloud,391,2,2,0,0,0,0,0.5446918606758118
video07,TriClass-Cloud,392,2,2,0,0,1,0,0.5976424813270569
video07,TriClass-Cloud,393,2,2,0,0,1,0,0.6310728788375854
video07,TriClass-Cloud,394,1,1,0,0,0,0,0.7792676091194153
video07,TriClass-Cloud,395,1,1,0,0,0,0,0.790573239326477
video07,TriClass-Cloud,396,1,1,0,0,0,0,0.7788299322128296
video07,TriClass-Cloud,397,1,1,0,0,0,0,0.4942571222782135
video07,TriClass-Cloud,398,1,1,0,0,0,0,0.8421309590339661
video07,TriClass-Cloud,399,1,1,0,0,0,0,0.6733781695365906
video07,TriClass-Cloud,400,1,1,0,0,0,0,0.7849170565605164
video07,TriClass-Cloud,401,1,1,0,0,0,0,0.78650963306427
video07,TriClass-Cloud,402,1,1,0,0,0,0,0.8054001331329346
video07,TriClass-Cloud,403,1,1,0,0,0,0,0.7670050263404846
video07,TriClass-Cloud,404,1,1,0,0,0,0,0.7722979784011841
video07,TriClass-Cloud,405,1,1,0,0,0,0,0.8611964583396912
video07,TriClass-Cloud,406,1,1,0,0,0,0,0.8189275860786438
video07,TriClass-Cloud,407,1,1,0,0,0,0,0.7629943490028381
video07,TriClass-Cloud,408,2,2,0,0,1,0,0.5857605934143066
video07,TriClass-Cloud,409,1,1,0,0,0,0,0.876147449016571
video07,TriClass-Cloud,410,1,1,0,0,0,0,0.866001546382904
video07,TriClass-Cloud,411,1,1,0,0,0,0,0.8761837482452393
video07,TriClass-Cloud,412,2,2,0,0,1,0,0.5762101411819458
video07,TriClass-Cloud,413,2,2,0,0,0,0,0.5501563549041748
video07,TriClass-Cloud,414,1,1,0,0,0,0,0.8748055100440979
video07,TriClass-Cloud,415,2,2,0,0,0,0,0.4644835293292999
video07,TriClass-Cloud,416,1,1,0,0,0,0,0.8514929413795471
video07,TriClass-Cloud,417,1,1,0,0,0,0,0.8066461086273193
video07,TriClass-Cloud,418,1,1,0,0,0,0,0.8317604064941406
video07,TriClass-Cloud,419,1,1,0,0,0,0,0.8242597579956055
video07,TriClass-Cloud,420,1,1,0,0,0,0,0.8339352607727051
video07,TriClass-Cloud,421,1,1,0,0,0,0,0.8179038166999817
video07,TriClass-Cloud,422,1,1,0,0,0,0,0.623472273349762
video07,TriClass-Cloud,423,1,1,0,0,0,0,0.5695741772651672
video07,TriClass-Cloud,424,1,1,0,0,0,0,0.5496748685836792
video07,TriClass-Cloud,425,0,0,0,0,0,0,0.0
video07,TriClass-Cloud,426,0,0,0,0,0,0,0.0
video07,TriClass-Cloud,427,0,0,0,0,0,0,0.0
video07,TriClass-Cloud,428,0,0,0,0,0,0,0.0
video07,TriClass-Cloud,429,0,0,0,0,0,0,0.0
video07,TriClass-Cloud,430,0,0,0,0,0,0,0.0
video07,TriClass-Cloud,431,0,0,0,0,0,0,0.0
video07,TriClass-Cloud,432,0,0,0,0,0,0,0.0
video07,TriClass-Cloud,433,0,0,0,0,0,0,0.0
video07,TriClass-Cloud,434,0,0,0,0,0,0,0.0
video07,TriClass-Cloud,435,0,0,0,0,0,0,0.0
video07,TriClass-Cloud,436,0,0,0,0,0,0,0.0
video07,TriClass-Cloud,437,0,0,0,0,0,0,0.0
video07,TriClass-Cloud,438,0,0,0,0,0,0,0.0
video07,TriClass-Cloud,439,0,0,0,0,0,0,0.0
video07,TriClass-Cloud,440,0,0,0,0,0,0,0.0
video07,TriClass-Cloud,441,0,0,0,0,0,0,0.0
video07,TriClass-Cloud,442,0,0,0,0,0,0,0.0
video07,TriClass-Cloud,443,0,0,0,0,0,0,0.0
video07,TriClass-Cloud,444,0,0,0,0,0,0,0.0
video07,TriClass-Cloud,445,0,0,0,0,0,0,0.0
video07,TriClass-Cloud,446,0,0,0,0,0,0,0.0
video07,TriClass-Cloud,447,0,0,0,0,0,0,0.0
video07,TriClass-Cloud,448,0,0,0,0,0,0,0.0
video07,TriClass-Cloud,449,0,0,0,0,0,0,0.0
video07,TriClass-Cloud,450,0,0,0,0,0,0,0.0
video07,TriClass-Cloud,451,0,0,0,0,0,0,0.0
video07,TriClass-Cloud,452,0,0,0,0,0,0,0.0
video07,TriClass-Cloud,453,0,0,0,0,0,0,0.0
video07,TriClass-Cloud,454,0,0,0,0,0,0,0.0
video07,TriClass-Cloud,455,0,0,0,0,0,0,0.0
video07,TriClass-Cloud,456,0,0,0,0,0,0,0.0
video07,TriClass-Cloud,457,0,0,0,0,0,0,0.0
video07,TriClass-Cloud,458,0,0,0,0,0,0,0.0
video07,TriClass-Cloud,459,0,0,0,0,0,0,0.0
video07,TriClass-Cloud,460,0,0,0,0,0,0,0.0
video07,TriClass-Cloud,461,0,0,0,0,0,0,0.0
video07,TriClass-Cloud,462,0,0,0,0,0,0,0.0
video07,TriClass-Cloud,463,0,0,0,0,0,0,0.0
video07,TriClass-Cloud,464,0,0,0,0,0,0,0.0
video07,TriClass-Cloud,465,0,0,0,0,0,0,0.0
video07,TriClass-Cloud,466,0,0,0,0,0,0,0.0
video07,TriClass-Cloud,467,0,0,0,0,0,0,0.0
video07,TriClass-Cloud,468,0,0,0,0,0,0,0.0
video07,TriClass-Cloud,469,0,0,0,0,0,0,0.0
video07,TriClass-Cloud,470,0,0,0,0,0,0,0.0
video07,TriClass-Cloud,471,0,0,0,0,0,0,0.0
video07,TriClass-Cloud,472,0,0,0,0,0,0,0.0
video07,TriClass-Cloud,473,0,0,0,0,0,0,0.0
video07,TriClass-Cloud,474,0,0,0,0,0,0,0.0
video07,TriClass-Cloud,475,0,0,0,0,0,0,0.0
video07,TriClass-Cloud,476,0,0,0,0,0,0,0.0
video07,TriClass-Cloud,477,0,0,0,0,0,0,0.0
video07,TriClass-Cloud,478,0,0,0,0,0,0,0.0
video07,TriClass-Cloud,479,0,0,0,0,0,0,0.0
video07,TriClass-Cloud,480,0,0,0,0,0,0,0.0
video07,TriClass-Cloud,481,0,0,0,0,0,0,0.0
video07,TriClass-Cloud,482,0,0,0,0,0,0,0.0
video07,TriClass-Cloud,483,0,0,0,0,0,0,0.0
video07,TriClass-Cloud,484,0,0,0,0,0,0,0.0
video07,TriClass-Cloud,485,0,0,0,0,0,0,0.0
video07,TriClass-Cloud,486,0,0,0,0,0,0,0.0
video07,TriClass-Cloud,487,0,0,0,0,0,0,0.0
video07,TriClass-Cloud,488,0,0,0,0,0,0,0.0
video07,TriClass-Cloud,489,0,0,0,0,0,0,0.0
video07,TriClass-Cloud,490,0,0,0,0,0,0,0.0
video07,TriClass-Cloud,491,0,0,0,0,0,0,0.0
video07,TriClass-Cloud,492,0,0,0,0,0,0,0.0
video07,TriClass-Cloud,493,0,0,0,0,0,0,0.0
video07,TriClass-Cloud,494,0,0,0,0,0,0,0.0
video07,TriClass-Cloud,495,0,0,0,0,0,0,0.0
video07,TriClass-Cloud,496,0,0,0,0,0,0,0.0
video07,TriClass-Cloud,497,0,0,0,0,0,0,0.0
video07,TriClass-Cloud,498,0,0,0,0,0,0,0.0
video07,TriClass-Cloud,499,0,0,0,0,0,0,0.0
video07,TriClass-Cloud,500,0,0,0,0,0,0,0.0
video07,TriClass-Cloud,501,0,0,0,0,0,0,0.0
video07,TriClass-Cloud,502,0,0,0,0,0,0,0.0
video07,TriClass-Cloud,503,0,0,0,0,0,0,0.0
video07,TriClass-Cloud,504,0,0,0,0,0,0,0.0
video07,TriClass-Cloud,505,0,0,0,0,0,0,0.0
video07,TriClass-Cloud,506,0,0,0,0,0,0,0.0
video07,TriClass-Cloud,507,0,0,0,0,0,0,0.0
video07,TriClass-Cloud,508,0,0,0,0,0,0,0.0
video07,TriClass-Cloud,509,0,0,0,0,0,0,0.0
video07,TriClass-Cloud,510,0,0,0,0,0,0,0.0
video07,TriClass-Cloud,511,0,0,0,0,0,0,0.0
video07,TriClass-Cloud,512,0,0,0,0,0,0,0.0
video07,TriClass-Cloud,513,0,0,0,0,0,0,0.0
video07,TriClass-Cloud,514,0,0,0,0,0,0,0.0
video07,TriClass-Cloud,515,0,0,0,0,0,0,0.0
video07,TriClass-Cloud,516,0,0,0,0,0,0,0.0
video07,TriClass-Cloud,517,0,0,0,0,0,0,0.0
video07,TriClass-Cloud,518,0,0,0,0,0,0,0.0
video07,TriClass-Cloud,519,0,0,0,0,0,0,0.0
video07,TriClass-Cloud,520,0,0,0,0,0,0,0.0
video07,TriClass-Cloud,521,0,0,0,0,0,0,0.0
video07,TriClass-Cloud,522,0,0,0,0,0,0,0.0
video07,TriClass-Cloud,523,0,0,0,0,0,0,0.0
video07,TriClass-Cloud,524,0,0,0,0,0,0,0.0
video07,TriClass-Cloud,525,0,0,0,0,0,0,0.0
video07,TriClass-Cloud,526,0,0,0,0,0,0,0.0
video07,TriClass-Cloud,527,0,0,0,0,0,0,0.0
video07,TriClass-Cloud,528,0,0,0,0,0,0,0.0
video07,TriClass-Cloud,529,0,0,0,0,0,0,0.0
video07,TriClass-Cloud,530,0,0,0,0,0,0,0.0
video07,TriClass-Cloud,531,0,0,0,0,0,0,0.0
video07,TriClass-Cloud,532,0,0,0,0,0,0,0.0
video07,TriClass-Cloud,533,0,0,0,0,0,0,0.0
video07,TriClass-Cloud,534,0,0,0,0,0,0,0.0
video07,TriClass-Cloud,535,0,0,0,0,0,0,0.0
video07,TriClass-Cloud,536,0,0,0,0,0,0,0.0
video07,TriClass-Cloud,537,0,0,0,0,0,0,0.0
video07,TriClass-Cloud,538,0,0,0,0,0,0,0.0
video07,TriClass-Cloud,539,0,0,0,0,0,0,0.0
video07,TriClass-Cloud,540,0,0,0,0,0,0,0.0
video07,TriClass-Cloud,541,0,0,0,0,0,0,0.0
video07,TriClass-Cloud,542,0,0,0,0,0,0,0.0
video07,TriClass-Cloud,543,0,0,0,0,0,0,0.0
video07,TriClass-Cloud,544,0,0,0,0,0,0,0.0
video07,TriClass-Cloud,545,0,0,0,0,0,0,0.0
video07,TriClass-Cloud,546,0,0,0,0,0,0,0.0
video07,TriClass-Cloud,547,0,0,0,0,0,0,0.0
video07,TriClass-Cloud,548,0,0,0,0,0,0,0.0
video07,TriClass-Cloud,549,0,0,0,0,0,0,0.0
video07,TriClass-Cloud,550,0,0,0,0,0,0,0.0
video07,TriClass-Cloud,551,0,0,0,0,0,0,0.0
video07,TriClass-Cloud,552,0,0,0,0,0,0,0.0
video07,TriClass-Cloud,553,0,0,0,0,0,0,0.0
video07,TriClass-Cloud,554,0,0,0,0,0,0,0.0
video07,TriClass-Cloud,555,0,0,0,0,0,0,0.0
video07,TriClass-Cloud,556,0,0,0,0,0,0,0.0
video07,TriClass-Cloud,557,0,0,0,0,0,0,0.0
video07,TriClass-Cloud,558,0,0,0,0,0,0,0.0
video07,TriClass-Cloud,559,0,0,0,0,0,0,0.0
video07,TriClass-Cloud,560,0,0,0,0,0,0,0.0
video07,TriClass-Cloud,561,0,0,0,0,0,0,0.0
video07,TriClass-Cloud,562,0,0,0,0,0,0,0.0
video07,TriClass-Cloud,563,0,0,0,0,0,0,0.0
video07,TriClass-Cloud,564,0,0,0,0,0,0,0.0
video07,TriClass-Cloud,565,0,0,0,0,0,0,0.0
video07,TriClass-Cloud,566,0,0,0,0,0,0,0.0
video07,TriClass-Cloud,567,0,0,0,0,0,0,0.0
video07,TriClass-Cloud,568,0,0,0,0,0,0,0.0
video07,TriClass-Cloud,569,0,0,0,0,0,0,0.0
video07,TriClass-Cloud,570,0,0,0,0,0,0,0.0
video07,TriClass-Cloud,571,0,0,0,0,0,0,0.0
video07,TriClass-Cloud,572,0,0,0,0,0,0,0.0
video07,TriClass-Cloud,573,0,0,0,0,0,0,0.0
video07,TriClass-Cloud,574,0,0,0,0,0,0,0.0
video07,TriClass-Cloud,575,0,0,0,0,0,0,0.0
video07,TriClass-Cloud,576,0,0,0,0,0,0,0.0
video07,TriClass-Cloud,577,1,1,0,0,0,0,0.6446695923805237
video07,TriClass-Cloud,578,0,0,0,0,0,0,0.0
video07,TriClass-Cloud,579,0,0,0,0,0,0,0.0
video07,TriClass-Cloud,580,1,1,0,0,1,0,0.29082074761390686
video07,TriClass-Cloud,581,1,1,0,0,0,0,0.6690437197685242
video07,TriClass-Cloud,582,1,1,0,0,1,0,0.32932472229003906
video07,TriClass-Cloud,583,1,1,0,0,0,0,0.6476911306381226
video07,TriClass-Cloud,584,1,1,0,0,0,0,0.796676754951477
video07,TriClass-Cloud,585,1,1,0,0,0,0,0.870127260684967
video07,TriClass-Cloud,586,1,1,0,0,0,0,0.8791088461875916
video07,TriClass-Cloud,587,1,1,0,0,0,0,0.8663515448570251
video07,TriClass-Cloud,588,1,1,0,0,0,0,0.8785549402236938
video07,TriClass-Cloud,589,1,1,0,0,0,0,0.8769576549530029
video07,TriClass-Cloud,590,1,1,0,0,0,0,0.8202847838401794
video07,TriClass-Cloud,591,1,1,0,0,0,0,0.8738942742347717
video07,TriClass-Cloud,592,1,1,0,0,0,0,0.8856281638145447
video07,TriClass-Cloud,593,1,1,0,0,0,0,0.7010976672172546
video07,TriClass-Cloud,594,1,1,0,0,0,0,0.8791725039482117
video07,TriClass-Cloud,595,1,1,0,0,0,0,0.8601728677749634
video07,TriClass-Cloud,596,1,1,0,0,0,0,0.835578978061676
video07,TriClass-Cloud,597,1,1,0,0,0,0,0.8572386503219604
video07,TriClass-Cloud,598,2,2,0,0,0,0,0.47500690817832947
video07,TriClass-Cloud,599,1,1,0,0,0,0,0.6751078963279724
video07,TriClass-Cloud,600,1,1,0,0,0,0,0.7881407737731934
video07,TriClass-Cloud,601,1,1,0,0,0,0,0.7922970056533813
video07,TriClass-Cloud,602,1,1,0,0,0,0,0.7130225896835327
video07,TriClass-Cloud,603,1,1,0,0,0,0,0.8623470067977905
video07,TriClass-Cloud,604,1,1,0,0,0,0,0.8867573142051697
video07,TriClass-Cloud,605,1,1,0,0,0,0,0.8694010972976685
video07,TriClass-Cloud,606,1,1,0,0,0,0,0.8554754257202148
video07,TriClass-Cloud,607,1,1,0,0,0,0,0.8891528844833374
video07,TriClass-Cloud,608,1,1,0,0,0,0,0.8759706020355225
video07,TriClass-Cloud,609,1,1,0,0,0,0,0.8408646583557129
video07,TriClass-Cloud,610,1,1,0,0,0,0,0.7430189251899719
video07,TriClass-Cloud,611,1,1,0,0,0,0,0.8699011206626892
video07,TriClass-Cloud,612,1,1,0,0,0,0,0.8677641749382019
video07,TriClass-Cloud,613,1,1,0,0,0,0,0.8767260909080505
video07,TriClass-Cloud,614,1,1,0,0,0,0,0.8542874455451965
video07,TriClass-Cloud,615,1,1,0,0,0,0,0.843438982963562
video07,TriClass-Cloud,616,1,1,0,0,0,0,0.8534657955169678
video07,TriClass-Cloud,617,1,1,0,0,0,0,0.8569357991218567
video07,TriClass-Cloud,618,1,1,0,0,0,0,0.7966896295547485
video07,TriClass-Cloud,619,1,1,0,0,0,0,0.8160364031791687
video07,TriClass-Cloud,620,1,1,0,0,0,0,0.8625019192695618
video07,TriClass-Cloud,621,1,1,0,0,0,0,0.8253352642059326
video07,TriClass-Cloud,622,1,1,0,0,0,0,0.8802794218063354
video07,TriClass-Cloud,623,1,1,0,0,0,0,0.8627582788467407
video07,TriClass-Cloud,624,1,1,0,0,0,0,0.8323298692703247
video07,TriClass-Cloud,625,1,1,0,0,0,0,0.6629484295845032
video07,TriClass-Cloud,626,1,1,0,0,0,0,0.851776659488678
video07,TriClass-Cloud,627,1,1,0,0,0,0,0.8335216045379639
video07,TriClass-Cloud,628,1,1,0,0,0,0,0.8144926428794861
video07,TriClass-Cloud,629,1,1,0,0,0,0,0.8881304860115051
video07,TriClass-Cloud,630,1,1,0,0,0,0,0.8585926294326782
video07,TriClass-Cloud,631,1,1,0,0,0,0,0.876309335231781
video07,TriClass-Cloud,632,1,1,0,0,0,0,0.8746713995933533
video07,TriClass-Cloud,633,1,1,0,0,0,0,0.8249121308326721
video07,TriClass-Cloud,634,2,2,0,0,1,0,0.865419864654541
video07,TriClass-Cloud,635,1,1,0,0,0,0,0.8584956526756287
video07,TriClass-Cloud,636,1,1,0,0,0,0,0.8854620456695557
video07,TriClass-Cloud,637,1,1,0,0,0,0,0.8754140734672546
video07,TriClass-Cloud,638,1,1,0,0,0,0,0.8637388348579407
video07,TriClass-Cloud,639,1,1,0,0,0,0,0.8315524458885193
video07,TriClass-Cloud,640,1,1,0,0,0,0,0.8756523132324219
video07,TriClass-Cloud,641,1,1,0,0,0,0,0.8680844306945801
video07,TriClass-Cloud,642,1,1,0,0,0,0,0.8765438795089722
video07,TriClass-Cloud,643,1,1,0,0,0,0,0.8516457676887512
video07,TriClass-Cloud,644,1,1,0,0,0,0,0.6962623596191406
video07,TriClass-Cloud,645,1,1,0,0,0,0,0.8363199830055237
video07,TriClass-Cloud,646,1,1,0,0,0,0,0.8299530744552612
video07,TriClass-Cloud,647,1,1,0,0,0,0,0.8529214859008789
video07,TriClass-Cloud,648,1,1,0,0,0,0,0.8389501571655273
video07,TriClass-Cloud,649,1,1,0,0,0,0,0.8475296497344971
video07,TriClass-Cloud,650,1,1,0,0,0,0,0.8359931111335754
video07,TriClass-Cloud,651,1,1,0,0,0,0,0.8732038140296936
video07,TriClass-Cloud,652,1,1,0,0,0,0,0.7774611115455627
video07,TriClass-Cloud,653,1,1,0,0,1,0,0.26983609795570374
video07,TriClass-Cloud,654,1,1,0,0,0,0,0.5166727304458618
video07,TriClass-Cloud,655,1,1,0,0,1,0,0.2857860028743744
video07,TriClass-Cloud,656,0,0,0,0,0,0,0.0
video07,TriClass-Cloud,657,1,1,0,0,1,0,0.2885889708995819
video07,TriClass-Cloud,658,0,0,0,0,0,0,0.0
video07,TriClass-Cloud,659,0,0,0,0,0,0,0.0
video07,TriClass-Cloud,660,0,0,0,0,0,0,0.0
video07,TriClass-Cloud,661,0,0,0,0,0,0,0.0
video07,TriClass-Cloud,662,0,0,0,0,0,0,0.0
video07,TriClass-Cloud,663,0,0,0,0,0,0,0.0
video07,TriClass-Cloud,664,0,0,0,0,0,0,0.0
video07,TriClass-Cloud,665,0,0,0,0,0,0,0.0
video07,TriClass-Cloud,666,0,0,0,0,0,0,0.0
video07,TriClass-Cloud,667,0,0,0,0,0,0,0.0
video07,TriClass-Cloud,668,0,0,0,0,0,0,0.0
video07,TriClass-Cloud,669,0,0,0,0,0,0,0.0
video07,TriClass-Cloud,670,0,0,0,0,0,0,0.0
video07,TriClass-Cloud,671,0,0,0,0,0,0,0.0
video07,TriClass-Cloud,672,0,0,0,0,0,0,0.0
video07,TriClass-Cloud,673,0,0,0,0,0,0,0.0
video07,TriClass-Cloud,674,0,0,0,0,0,0,0.0
video07,TriClass-Cloud,675,0,0,0,0,0,0,0.0
video07,TriClass-Cloud,676,0,0,0,0,0,0,0.0
video07,TriClass-Cloud,677,1,1,0,0,0,0,0.5787193179130554
video07,TriClass-Cloud,678,0,0,0,0,0,0,0.0
video07,TriClass-Cloud,679,0,0,0,0,0,0,0.0
video07,TriClass-Cloud,680,0,0,0,0,0,0,0.0
video07,TriClass-Cloud,681,0,0,0,0,0,0,0.0
video07,TriClass-Cloud,682,0,0,0,0,0,0,0.0
video07,TriClass-Cloud,683,0,0,0,0,0,0,0.0
video07,TriClass-Cloud,684,0,0,0,0,0,0,0.0
video07,TriClass-Cloud,685,0,0,0,0,0,0,0.0
video07,TriClass-Cloud,686,0,0,0,0,0,0,0.0
video07,TriClass-Cloud,687,0,0,0,0,0,0,0.0
video07,TriClass-Cloud,688,0,0,0,0,0,0,0.0
video07,TriClass-Cloud,689,0,0,0,0,0,0,0.0
video07,TriClass-Cloud,690,1,1,0,0,0,0,0.760817289352417
video07,TriClass-Cloud,691,1,1,0,0,0,0,0.8805614709854126
video07,TriClass-Cloud,692,1,1,0,0,0,0,0.8245400190353394
video07,TriClass-Cloud,693,1,1,0,0,0,0,0.8781883716583252
video07,TriClass-Cloud,694,1,1,0,0,0,0,0.7251818776130676
video07,TriClass-Cloud,695,1,1,0,0,0,0,0.7785259485244751
video07,TriClass-Cloud,696,2,2,0,0,0,0,0.4629752039909363
video07,TriClass-Cloud,697,1,1,0,0,0,0,0.7101433277130127
video07,TriClass-Cloud,698,1,1,0,0,0,0,0.6068838238716125
video07,TriClass-Cloud,699,1,1,0,0,0,0,0.6354255080223083
video07,TriClass-Cloud,700,2,2,0,0,0,0,0.433706670999527
video07,TriClass-Cloud,701,2,2,0,0,1,0,0.7742658257484436
video07,TriClass-Cloud,702,2,2,0,0,1,0,0.5309410095214844
video07,TriClass-Cloud,703,2,2,0,0,0,0,0.7677340507507324
video07,TriClass-Cloud,704,1,1,0,0,0,0,0.8163620233535767
video07,TriClass-Cloud,705,1,1,0,0,0,0,0.8368147611618042
video07,TriClass-Cloud,706,1,1,0,0,0,0,0.6566741466522217
video07,TriClass-Cloud,707,2,2,0,0,1,0,0.6056760549545288
video07,TriClass-Cloud,708,1,1,0,0,0,0,0.8134448528289795
video07,TriClass-Cloud,709,1,1,0,0,0,0,0.7899665832519531
video07,TriClass-Cloud,710,1,1,0,0,0,0,0.8310899138450623
video07,TriClass-Cloud,711,2,2,0,0,1,0,0.537336528301239
video07,TriClass-Cloud,712,1,1,0,0,0,0,0.7606096863746643
video07,TriClass-Cloud,713,1,1,0,0,0,0,0.6504383087158203
video07,TriClass-Cloud,714,1,1,0,0,0,0,0.7691628932952881
video07,TriClass-Cloud,715,1,1,0,0,0,0,0.8130317330360413
video07,TriClass-Cloud,716,1,1,0,0,0,0,0.7489504218101501
video07,TriClass-Cloud,717,1,1,0,0,0,0,0.8403775095939636
video07,TriClass-Cloud,718,2,2,0,0,0,0,0.4070817828178406
video07,TriClass-Cloud,719,1,1,0,0,0,0,0.7802687287330627
video07,TriClass-Cloud,720,1,1,0,0,0,0,0.6614275574684143
video07,TriClass-Cloud,721,1,1,0,0,0,0,0.8010585308074951
video07,TriClass-Cloud,722,2,2,0,0,0,0,0.45232871174812317
video07,TriClass-Cloud,723,2,2,0,0,1,0,0.5837871432304382
video07,TriClass-Cloud,724,1,1,0,0,0,0,0.8387933373451233
video07,TriClass-Cloud,725,1,1,0,0,0,0,0.7650091052055359
video07,TriClass-Cloud,726,2,2,0,0,1,0,0.579003632068634
video07,TriClass-Cloud,727,2,2,0,0,1,0,0.5946353077888489
video07,TriClass-Cloud,728,1,1,0,0,0,0,0.6030781269073486
video07,TriClass-Cloud,729,1,1,0,0,0,0,0.8305865526199341
video07,TriClass-Cloud,730,1,1,0,0,0,0,0.8423569798469543
video07,TriClass-Cloud,731,1,1,0,0,0,0,0.8084591627120972
video07,TriClass-Cloud,732,1,1,0,0,0,0,0.6819363236427307
video07,TriClass-Cloud,733,1,1,0,0,0,0,0.8249441385269165
video07,TriClass-Cloud,734,1,1,0,0,0,0,0.8037980794906616
video07,TriClass-Cloud,735,1,1,0,0,0,0,0.8315879106521606
video07,TriClass-Cloud,736,1,1,0,0,0,0,0.815266489982605
video07,TriClass-Cloud,737,1,1,0,0,0,0,0.832973837852478
video07,TriClass-Cloud,738,1,1,0,0,0,0,0.8688040375709534
video07,TriClass-Cloud,739,1,1,0,0,0,0,0.8241625428199768
video07,TriClass-Cloud,740,1,1,0,0,0,0,0.7950325012207031
video07,TriClass-Cloud,741,1,1,0,0,0,0,0.7664348483085632
video07,TriClass-Cloud,742,1,1,0,0,0,0,0.8395406007766724
video07,TriClass-Cloud,743,1,1,0,0,0,0,0.814258873462677
video07,TriClass-Cloud,744,1,1,0,0,0,0,0.7612093091011047
video07,TriClass-Cloud,745,1,1,0,0,0,0,0.742031991481781
video07,TriClass-Cloud,746,1,1,0,0,0,0,0.7313503623008728
video07,TriClass-Cloud,747,2,2,0,0,0,0,0.4557766616344452
video07,TriClass-Cloud,748,1,1,0,0,0,0,0.7530416250228882
video07,TriClass-Cloud,749,1,1,0,0,0,0,0.7500030398368835
video07,TriClass-Cloud,750,1,1,0,0,0,0,0.6693152189254761
video07,TriClass-Cloud,751,1,1,0,0,0,0,0.7504833936691284
video07,TriClass-Cloud,752,1,1,0,0,0,0,0.822044312953949
video07,TriClass-Cloud,753,2,2,0,0,1,0,0.7593106627464294
video07,TriClass-Cloud,754,1,1,0,0,0,0,0.8437593579292297
video07,TriClass-Cloud,755,1,1,0,0,0,0,0.8653734922409058
video07,TriClass-Cloud,756,1,1,0,0,0,0,0.8338485956192017
video07,TriClass-Cloud,757,1,1,0,0,0,0,0.8370092511177063
video07,TriClass-Cloud,758,1,1,0,0,0,0,0.8033977150917053
video07,TriClass-Cloud,759,1,1,0,0,0,0,0.7501433491706848
video07,TriClass-Cloud,760,1,1,0,0,0,0,0.8567827343940735
video07,TriClass-Cloud,761,1,1,0,0,0,0,0.8742513656616211
video07,TriClass-Cloud,762,1,1,0,0,0,0,0.7542517185211182
video07,TriClass-Cloud,763,1,1,0,0,0,0,0.8622403740882874
video07,TriClass-Cloud,764,1,1,0,0,0,0,0.8496873378753662
video07,TriClass-Cloud,765,1,1,0,0,0,0,0.8804201483726501
video07,TriClass-Cloud,766,1,1,0,0,0,0,0.8742765188217163
video07,TriClass-Cloud,767,1,1,0,0,0,0,0.745862603187561
video07,TriClass-Cloud,768,1,1,0,0,0,0,0.8306262493133545
video07,TriClass-Cloud,769,1,1,0,0,0,0,0.8723790049552917
video07,TriClass-Cloud,770,1,1,0,0,0,0,0.8899627923965454
video07,TriClass-Cloud,771,1,1,0,0,0,0,0.8773268461227417
video07,TriClass-Cloud,772,1,1,0,0,0,0,0.8718797564506531
video07,TriClass-Cloud,773,1,1,0,0,0,0,0.8726749420166016
video07,TriClass-Cloud,774,1,1,0,0,0,0,0.843108057975769
video07,TriClass-Cloud,775,1,1,0,0,0,0,0.8222026228904724
video07,TriClass-Cloud,776,1,1,0,0,0,0,0.8457978367805481
video07,TriClass-Cloud,777,1,1,0,0,0,0,0.8794699907302856
video07,TriClass-Cloud,778,1,1,0,0,0,0,0.8622274994850159
video07,TriClass-Cloud,779,1,1,0,0,0,0,0.8426305055618286
video07,TriClass-Cloud,780,1,1,0,0,0,0,0.8371509313583374
video07,TriClass-Cloud,781,1,1,0,0,0,0,0.8485422134399414
video07,TriClass-Cloud,782,1,1,0,0,0,0,0.7893725037574768
video07,TriClass-Cloud,783,1,1,0,0,0,0,0.8046772480010986
video07,TriClass-Cloud,784,1,1,0,0,0,0,0.6639817953109741
video07,TriClass-Cloud,785,1,1,0,0,0,0,0.8423817753791809
video07,TriClass-Cloud,786,1,1,0,0,0,0,0.8630768656730652
video07,TriClass-Cloud,787,1,1,0,0,0,0,0.8303748965263367
video07,TriClass-Cloud,788,1,1,0,0,0,0,0.8593242168426514
video07,TriClass-Cloud,789,1,1,0,0,0,0,0.8594605326652527
video07,TriClass-Cloud,790,1,1,0,0,0,0,0.8904849886894226
video07,TriClass-Cloud,791,1,1,0,0,0,0,0.8858017325401306
video07,TriClass-Cloud,792,1,1,0,0,0,0,0.8786033987998962
video07,TriClass-Cloud,793,1,1,0,0,0,0,0.8537566065788269
video07,TriClass-Cloud,794,1,1,0,0,0,0,0.8643290400505066
video07,TriClass-Cloud,795,1,1,0,0,0,0,0.8200936317443848
video07,TriClass-Cloud,796,1,1,0,0,0,0,0.8794847130775452
video07,TriClass-Cloud,797,1,1,0,0,0,0,0.8805094361305237
video07,TriClass-Cloud,798,1,1,0,0,0,0,0.8889220356941223
video07,TriClass-Cloud,799,1,1,0,0,0,0,0.9015619158744812
video07,TriClass-Cloud,800,1,1,0,0,0,0,0.8793315887451172
video07,TriClass-Cloud,801,1,1,0,0,0,0,0.8665746450424194
video07,TriClass-Cloud,802,1,1,0,0,0,0,0.8700485825538635
video07,TriClass-Cloud,803,1,1,0,0,0,0,0.8748775124549866
video07,TriClass-Cloud,804,1,1,0,0,0,0,0.875931441783905
video07,TriClass-Cloud,805,2,2,0,0,0,0,0.8016186952590942
video07,TriClass-Cloud,806,1,1,0,0,0,0,0.8439005017280579
video07,TriClass-Cloud,807,1,1,0,0,0,0,0.8648912310600281
video07,TriClass-Cloud,808,1,1,0,0,0,0,0.8988421559333801
video07,TriClass-Cloud,809,1,1,0,0,0,0,0.8578724265098572
video07,TriClass-Cloud,810,1,1,0,0,0,0,0.8674151301383972
video07,TriClass-Cloud,811,2,2,0,0,0,0,0.7828506827354431
video07,TriClass-Cloud,812,1,1,0,0,0,0,0.8856422901153564
video07,TriClass-Cloud,813,2,2,0,0,0,0,0.5193365812301636
video07,TriClass-Cloud,814,1,1,0,0,0,0,0.845173716545105
video07,TriClass-Cloud,815,1,1,0,0,0,0,0.8861680030822754
video07,TriClass-Cloud,816,1,1,0,0,0,0,0.8672686815261841
video07,TriClass-Cloud,817,1,1,0,0,0,0,0.8535440564155579
video07,TriClass-Cloud,818,1,1,0,0,0,0,0.7775660753250122
video07,TriClass-Cloud,819,1,1,0,0,0,0,0.7524780631065369
video07,TriClass-Cloud,820,1,1,0,0,0,0,0.8744033575057983
video07,TriClass-Cloud,821,1,1,0,0,0,0,0.8370504975318909
video07,TriClass-Cloud,822,1,1,0,0,0,0,0.7802210450172424
video07,TriClass-Cloud,823,1,1,0,0,0,0,0.8379147052764893
video07,TriClass-Cloud,824,1,1,0,0,0,0,0.8380411267280579
video07,TriClass-Cloud,825,1,1,0,0,0,0,0.8655880093574524
video07,TriClass-Cloud,826,1,1,0,0,0,0,0.8678017258644104
video07,TriClass-Cloud,827,1,1,0,0,0,0,0.8532100915908813
video07,TriClass-Cloud,828,1,1,0,0,0,0,0.8050239682197571
video07,TriClass-Cloud,829,1,1,0,0,0,0,0.7052180171012878
video07,TriClass-Cloud,830,1,1,0,0,0,0,0.8207113146781921
video07,TriClass-Cloud,831,1,1,0,0,0,0,0.8889098167419434
video07,TriClass-Cloud,832,1,1,0,0,0,0,0.8764910101890564
video07,TriClass-Cloud,833,1,1,0,0,0,0,0.8691816926002502
video07,TriClass-Cloud,834,1,1,0,0,0,0,0.767270028591156
video07,TriClass-Cloud,835,1,1,0,0,0,0,0.833130419254303
video07,TriClass-Cloud,836,1,1,0,0,0,0,0.8412169814109802
video07,TriClass-Cloud,837,1,1,0,0,0,0,0.878603994846344
video07,TriClass-Cloud,838,1,1,0,0,0,0,0.8667774200439453
video07,TriClass-Cloud,839,1,1,0,0,0,0,0.8634446263313293
video07,TriClass-Cloud,840,1,1,0,0,0,0,0.8800197839736938
video07,TriClass-Cloud,841,1,1,0,0,0,0,0.8509559631347656
video07,TriClass-Cloud,842,1,1,0,0,0,0,0.8441584706306458
video07,TriClass-Cloud,843,1,1,0,0,0,0,0.8624916672706604
video07,TriClass-Cloud,844,1,1,0,0,0,0,0.8788954615592957
video07,TriClass-Cloud,845,1,1,0,0,0,0,0.8499710559844971
video07,TriClass-Cloud,846,1,1,0,0,0,0,0.8845493793487549
video07,TriClass-Cloud,847,1,1,0,0,0,0,0.8662004470825195
video07,TriClass-Cloud,848,1,1,0,0,0,0,0.8132595419883728
video07,TriClass-Cloud,849,1,1,0,0,0,0,0.7761753797531128
video07,TriClass-Cloud,850,1,1,0,0,0,0,0.8293226957321167
video07,TriClass-Cloud,851,2,2,0,0,0,0,0.6810117363929749
video07,TriClass-Cloud,852,1,1,0,0,0,0,0.8360968232154846
video07,TriClass-Cloud,853,1,1,0,0,0,0,0.8671706318855286
video07,TriClass-Cloud,854,1,1,0,0,0,0,0.8599649667739868
video07,TriClass-Cloud,855,1,1,0,0,0,0,0.8662728667259216
video07,TriClass-Cloud,856,1,1,0,0,0,0,0.870696485042572
video07,TriClass-Cloud,857,1,1,0,0,0,0,0.8520641326904297
video07,TriClass-Cloud,858,1,1,0,0,0,0,0.8503538370132446
video07,TriClass-Cloud,859,1,1,0,0,0,0,0.84377121925354
video07,TriClass-Cloud,860,1,1,0,0,0,0,0.7950023412704468
video07,TriClass-Cloud,861,1,1,0,0,0,0,0.862806499004364
video07,TriClass-Cloud,862,1,1,0,0,0,0,0.8461427092552185
video07,TriClass-Cloud,863,1,1,0,0,0,0,0.824760377407074
video07,TriClass-Cloud,864,1,1,0,0,0,0,0.7680990099906921
video07,TriClass-Cloud,865,1,1,0,0,0,0,0.8056336641311646
video07,TriClass-Cloud,866,1,1,0,0,0,0,0.7839093804359436
video07,TriClass-Cloud,867,1,1,0,0,0,0,0.7774538397789001
video07,TriClass-Cloud,868,1,1,0,0,0,0,0.6932047009468079
video07,TriClass-Cloud,869,1,1,0,0,0,0,0.8271999359130859
video07,TriClass-Cloud,870,1,1,0,0,0,0,0.8632157444953918
video07,TriClass-Cloud,871,1,1,0,0,0,0,0.8238105773925781
video07,TriClass-Cloud,872,1,1,0,0,0,0,0.828461229801178
video07,TriClass-Cloud,873,1,1,0,0,0,0,0.8686500191688538
video07,TriClass-Cloud,874,1,1,0,0,0,0,0.8392464518547058
video07,TriClass-Cloud,875,1,1,0,0,0,0,0.8590822219848633
video07,TriClass-Cloud,876,1,1,0,0,0,0,0.8604142665863037
video07,TriClass-Cloud,877,1,1,0,0,0,0,0.8374816179275513
video07,TriClass-Cloud,878,1,1,0,0,0,0,0.8089102506637573
video07,TriClass-Cloud,879,1,1,0,0,0,0,0.8645675182342529
video07,TriClass-Cloud,880,1,1,0,0,0,0,0.8588851094245911
video07,TriClass-Cloud,881,1,1,0,0,0,0,0.8869495987892151
video07,TriClass-Cloud,882,1,1,0,0,0,0,0.8879905939102173
video07,TriClass-Cloud,883,1,1,0,0,0,0,0.8285213708877563
video07,TriClass-Cloud,884,1,1,0,0,0,0,0.8789374232292175
video07,TriClass-Cloud,885,1,1,0,0,0,0,0.8481297492980957
video07,TriClass-Cloud,886,1,1,0,0,0,0,0.83472740650177
video07,TriClass-Cloud,887,1,1,0,0,0,0,0.8639296889305115
video07,TriClass-Cloud,888,1,1,0,0,0,0,0.8099300265312195
video07,TriClass-Cloud,889,1,1,0,0,0,0,0.8201644420623779
video07,TriClass-Cloud,890,1,1,0,0,0,0,0.8791950345039368
video07,TriClass-Cloud,891,1,1,0,0,0,0,0.857684314250946
video07,TriClass-Cloud,892,1,1,0,0,0,0,0.8466341495513916
video07,TriClass-Cloud,893,2,2,0,0,0,0,0.7361854314804077
video07,TriClass-Cloud,894,1,1,0,0,0,0,0.872766375541687
video07,TriClass-Cloud,895,1,1,0,0,0,0,0.870487630367279
video07,TriClass-Cloud,896,2,2,0,0,1,0,0.8464799523353577
video07,TriClass-Cloud,897,1,1,0,0,0,0,0.8283082246780396
video07,TriClass-Cloud,898,1,1,0,0,0,0,0.8437783122062683
video07,TriClass-Cloud,899,1,1,0,0,0,0,0.8356865048408508
video07,TriClass-Cloud,900,1,1,0,0,0,0,0.7014510631561279
video07,TriClass-Cloud,901,1,1,0,0,0,0,0.8527600169181824
video07,TriClass-Cloud,902,1,1,0,0,0,0,0.848263144493103
video07,TriClass-Cloud,903,1,1,0,0,0,0,0.873620867729187
video07,TriClass-Cloud,904,1,1,0,0,0,0,0.865842342376709
video07,TriClass-Cloud,905,1,1,0,0,0,0,0.860322117805481
video07,TriClass-Cloud,906,1,1,0,0,0,0,0.8725715279579163
video07,TriClass-Cloud,907,1,1,0,0,0,0,0.8583860993385315
video07,TriClass-Cloud,908,1,1,0,0,0,0,0.8075191974639893
video07,TriClass-Cloud,909,1,1,0,0,0,0,0.8381262421607971
video07,TriClass-Cloud,910,1,1,0,0,0,0,0.8218184113502502
video07,TriClass-Cloud,911,1,1,0,0,0,0,0.8752608895301819
video07,TriClass-Cloud,912,1,1,0,0,0,0,0.8746846318244934
video07,TriClass-Cloud,913,1,1,0,0,0,0,0.8572359085083008
video07,TriClass-Cloud,914,1,1,0,0,0,0,0.888383686542511
video07,TriClass-Cloud,915,1,1,0,0,0,0,0.868359386920929
video07,TriClass-Cloud,916,1,1,0,0,0,0,0.8529428243637085
video07,TriClass-Cloud,917,1,1,0,0,0,0,0.867804229259491
video07,TriClass-Cloud,918,1,1,0,0,0,0,0.8837732672691345
video07,TriClass-Cloud,919,1,1,0,0,0,0,0.8362051248550415
video07,TriClass-Cloud,920,1,1,0,0,0,0,0.8574817776679993
video07,TriClass-Cloud,921,1,1,0,0,0,0,0.8006227612495422
video07,TriClass-Cloud,922,1,1,0,0,0,0,0.7416154146194458
video07,TriClass-Cloud,923,1,1,0,0,0,0,0.6471499800682068
video07,TriClass-Cloud,924,1,1,0,0,0,0,0.6996950507164001
video07,TriClass-Cloud,925,2,2,0,0,0,0,0.45172181725502014
video07,TriClass-Cloud,926,1,1,0,0,0,0,0.8182418942451477
video07,TriClass-Cloud,927,1,1,0,0,0,0,0.8147363662719727
video07,TriClass-Cloud,928,1,1,0,0,0,0,0.775558590888977
video07,TriClass-Cloud,929,1,1,0,0,0,0,0.8029957413673401
video07,TriClass-Cloud,930,1,1,0,0,0,0,0.8663418292999268
video07,TriClass-Cloud,931,1,1,0,0,0,0,0.8699637651443481
video07,TriClass-Cloud,932,1,1,0,0,0,0,0.8634931445121765
video07,TriClass-Cloud,933,1,1,0,0,0,0,0.8580394387245178
video07,TriClass-Cloud,934,1,1,0,0,0,0,0.8520885109901428
video07,TriClass-Cloud,935,3,3,0,0,1,0,0.6497090458869934
video07,TriClass-Cloud,936,1,1,0,0,0,0,0.8771561980247498
video07,TriClass-Cloud,937,2,2,0,0,0,0,0.7420250177383423
video07,TriClass-Cloud,938,1,1,0,0,0,0,0.832198441028595
video07,TriClass-Cloud,939,1,1,0,0,0,0,0.8177720904350281
video07,TriClass-Cloud,940,1,1,0,0,0,0,0.8227782845497131
video07,TriClass-Cloud,941,2,2,0,0,1,0,0.5614193677902222
video07,TriClass-Cloud,942,1,1,0,0,0,0,0.7743344902992249
video07,TriClass-Cloud,943,1,1,0,0,0,0,0.6292191743850708
video07,TriClass-Cloud,944,1,1,0,0,0,0,0.7602709531784058
video07,TriClass-Cloud,945,1,1,0,0,0,0,0.6682152152061462
video07,TriClass-Cloud,946,1,1,0,0,0,0,0.581113874912262
video07,TriClass-Cloud,947,1,1,0,0,0,0,0.7688881158828735
video07,TriClass-Cloud,948,1,1,0,0,0,0,0.8035585284233093
video07,TriClass-Cloud,949,1,1,0,0,0,0,0.8006054162979126
video07,TriClass-Cloud,950,1,1,0,0,0,0,0.7377450466156006
video07,TriClass-Cloud,951,2,2,0,0,1,0,0.5194075107574463
video07,TriClass-Cloud,952,1,1,0,0,0,0,0.7132527828216553
video07,TriClass-Cloud,953,1,1,0,0,0,0,0.6797429919242859
video07,TriClass-Cloud,954,1,1,0,0,0,0,0.6619557738304138
video07,TriClass-Cloud,955,1,1,0,0,0,0,0.6973496079444885
video07,TriClass-Cloud,956,1,1,0,0,0,0,0.6569002270698547
video07,TriClass-Cloud,957,2,2,0,0,0,0,0.4769710302352905
video07,TriClass-Cloud,958,4,4,0,0,2,0,0.4492534101009369
video07,TriClass-Cloud,959,1,1,0,0,0,0,0.5766357779502869
video07,TriClass-Cloud,960,2,2,0,0,1,0,0.5148714780807495
video07,TriClass-Cloud,961,1,1,0,0,0,0,0.7776014804840088
video07,TriClass-Cloud,962,1,1,0,0,0,0,0.5191274285316467
video07,TriClass-Cloud,963,2,2,0,0,0,0,0.4667235016822815
video07,TriClass-Cloud,964,1,1,0,0,0,0,0.7292479872703552
video07,TriClass-Cloud,965,2,2,0,0,0,0,0.43500053882598877
video07,TriClass-Cloud,966,1,1,0,0,0,0,0.6740270256996155
video07,TriClass-Cloud,967,1,1,0,0,0,0,0.5944105386734009
video07,TriClass-Cloud,968,2,2,0,0,0,0,0.3741439878940582
video07,TriClass-Cloud,969,1,1,0,0,0,0,0.6158164143562317
video07,TriClass-Cloud,970,1,1,0,0,0,0,0.778182327747345
video07,TriClass-Cloud,971,1,1,0,0,0,0,0.7669563293457031
video07,TriClass-Cloud,972,1,1,0,0,0,0,0.81611168384552
video07,TriClass-Cloud,973,1,1,0,0,0,0,0.7732110023498535
video07,TriClass-Cloud,974,1,1,0,0,0,0,0.7738423943519592
video07,TriClass-Cloud,975,1,1,0,0,0,0,0.8009563684463501
video07,TriClass-Cloud,976,1,1,0,0,0,0,0.8046004176139832
video07,TriClass-Cloud,977,1,1,0,0,0,0,0.7586585283279419
video07,TriClass-Cloud,978,2,2,0,0,1,0,0.7704599499702454
video07,TriClass-Cloud,979,1,1,0,0,0,0,0.7973805665969849
video07,TriClass-Cloud,980,1,1,0,0,0,0,0.6809811592102051
video07,TriClass-Cloud,981,1,1,0,0,0,0,0.7088910341262817
video07,TriClass-Cloud,982,1,1,0,0,0,0,0.6002755165100098
video07,TriClass-Cloud,983,1,1,0,0,0,0,0.8032293319702148
video07,TriClass-Cloud,984,1,1,0,0,0,0,0.7091895937919617
video07,TriClass-Cloud,985,1,1,0,0,0,0,0.7638928890228271
video07,TriClass-Cloud,986,1,1,0,0,0,0,0.7513746619224548
video07,TriClass-Cloud,987,1,1,0,0,0,0,0.7503998875617981
video07,TriClass-Cloud,988,1,1,0,0,0,0,0.6932022571563721
video07,TriClass-Cloud,989,1,1,0,0,0,0,0.7528916001319885
video07,TriClass-Cloud,990,1,1,0,0,0,0,0.7046604156494141
video07,TriClass-Cloud,991,1,1,0,0,0,0,0.7096017599105835
video07,TriClass-Cloud,992,1,1,0,0,0,0,0.7877175807952881
video07,TriClass-Cloud,993,2,2,0,0,1,0,0.6133498549461365
video07,TriClass-Cloud,994,1,1,0,0,0,0,0.6428368091583252
video07,TriClass-Cloud,995,1,1,0,0,0,0,0.6704807281494141
video07,TriClass-Cloud,996,1,1,0,0,0,0,0.7744665145874023
video07,TriClass-Cloud,997,1,1,0,0,0,0,0.6543067097663879
video07,TriClass-Cloud,998,2,2,0,0,0,0,0.5302620530128479
video07,TriClass-Cloud,999,1,1,0,0,0,0,0.8226587772369385
video07,TriClass-Cloud,1000,1,1,0,0,0,0,0.7901207208633423
video07,TriClass-Cloud,1001,1,1,0,0,0,0,0.7233192324638367
video07,TriClass-Cloud,1002,1,1,0,0,0,0,0.6893621683120728
video07,TriClass-Cloud,1003,1,1,0,0,0,0,0.6453061103820801
video07,TriClass-Cloud,1004,1,1,0,0,0,0,0.7316563129425049
video07,TriClass-Cloud,1005,2,2,0,0,1,0,0.5683086514472961
video07,TriClass-Cloud,1006,1,1,0,0,0,0,0.750912606716156
video07,TriClass-Cloud,1007,1,1,0,0,0,0,0.7529353499412537
video07,TriClass-Cloud,1008,2,2,0,0,1,0,0.59893798828125
video07,TriClass-Cloud,1009,1,1,0,0,0,0,0.6927972435951233
video07,TriClass-Cloud,1010,1,1,0,0,0,0,0.7771738767623901
video07,TriClass-Cloud,1011,1,1,0,0,0,0,0.7322242259979248
video07,TriClass-Cloud,1012,1,1,0,0,0,0,0.8016916513442993
video07,TriClass-Cloud,1013,1,1,0,0,0,0,0.7329990863800049
video07,TriClass-Cloud,1014,2,2,0,0,0,0,0.7257252335548401
video07,TriClass-Cloud,1015,1,1,0,0,0,0,0.7978202700614929
video07,TriClass-Cloud,1016,2,2,0,0,0,0,0.6941220164299011
video07,TriClass-Cloud,1017,1,1,0,0,0,0,0.7739271521568298
video07,TriClass-Cloud,1018,1,1,0,0,0,0,0.7424414157867432
video07,TriClass-Cloud,1019,1,1,0,0,0,0,0.6874938607215881
video07,TriClass-Cloud,1020,1,1,0,0,0,0,0.6240143179893494
video07,TriClass-Cloud,1021,1,1,0,0,0,0,0.5909503102302551
video07,TriClass-Cloud,1022,1,1,0,0,0,0,0.7935106158256531
video07,TriClass-Cloud,1023,1,1,0,0,0,0,0.8035298585891724
video07,TriClass-Cloud,1024,1,1,0,0,0,0,0.8055005669593811
video07,TriClass-Cloud,1025,1,1,0,0,0,0,0.7651442289352417
video07,TriClass-Cloud,1026,1,1,0,0,0,0,0.765364944934845
video07,TriClass-Cloud,1027,1,1,0,0,0,0,0.80629962682724
video07,TriClass-Cloud,1028,1,1,0,0,0,0,0.743942141532898
video07,TriClass-Cloud,1029,1,1,0,0,0,0,0.7712117433547974
video07,TriClass-Cloud,1030,1,1,0,0,0,0,0.8053547143936157
video07,TriClass-Cloud,1031,1,1,0,0,0,0,0.7611420750617981
video07,TriClass-Cloud,1032,1,1,0,0,0,0,0.6219308972358704
video07,TriClass-Cloud,1033,1,1,0,0,0,0,0.505333423614502
video07,TriClass-Cloud,1034,1,1,0,0,0,0,0.6918831467628479
video07,TriClass-Cloud,1035,1,1,0,0,0,0,0.6359719038009644
video07,TriClass-Cloud,1036,1,1,0,0,0,0,0.7828116416931152
video07,TriClass-Cloud,1037,1,1,0,0,0,0,0.728044331073761
video07,TriClass-Cloud,1038,1,1,0,0,0,0,0.7763562798500061
video07,TriClass-Cloud,1039,1,1,0,0,0,0,0.731569230556488
video07,TriClass-Cloud,1040,2,2,0,0,0,0,0.5508238673210144
video07,TriClass-Cloud,1041,1,1,0,0,0,0,0.5277429223060608
video07,TriClass-Cloud,1042,1,1,0,0,0,0,0.6958239078521729
video07,TriClass-Cloud,1043,1,1,0,0,0,0,0.6339980363845825
video07,TriClass-Cloud,1044,1,1,0,0,0,0,0.540715217590332
video07,TriClass-Cloud,1045,1,1,0,0,0,0,0.6296314597129822
video07,TriClass-Cloud,1046,1,1,0,0,0,0,0.7394065260887146
video07,TriClass-Cloud,1047,1,1,0,0,0,0,0.7261867523193359
video07,TriClass-Cloud,1048,2,2,0,0,0,0,0.6689361333847046
video07,TriClass-Cloud,1049,1,1,0,0,0,0,0.7770342826843262
video07,TriClass-Cloud,1050,1,1,0,0,0,0,0.8048333525657654
video07,TriClass-Cloud,1051,1,1,0,0,0,0,0.7628806233406067
video07,TriClass-Cloud,1052,1,1,0,0,0,0,0.668163001537323
video07,TriClass-Cloud,1053,1,1,0,0,0,0,0.6638900637626648
video07,TriClass-Cloud,1054,1,1,0,0,0,0,0.6568480730056763
video07,TriClass-Cloud,1055,1,1,0,0,0,0,0.48163169622421265
video07,TriClass-Cloud,1056,2,2,0,0,0,0,0.6617523431777954
video07,TriClass-Cloud,1057,1,1,0,0,0,0,0.7121583223342896
video07,TriClass-Cloud,1058,1,1,0,0,0,0,0.6468512415885925
video07,TriClass-Cloud,1059,1,1,0,0,0,0,0.7633301019668579
video07,TriClass-Cloud,1060,2,2,0,0,0,0,0.7760299444198608
video07,TriClass-Cloud,1061,1,1,0,0,0,0,0.7331202030181885
video07,TriClass-Cloud,1062,1,1,0,0,0,0,0.6768803596496582
video07,TriClass-Cloud,1063,1,1,0,0,0,0,0.7207326889038086
video07,TriClass-Cloud,1064,1,1,0,0,0,0,0.8065720200538635
video07,TriClass-Cloud,1065,1,1,0,0,0,0,0.7730464339256287
video07,TriClass-Cloud,1066,1,1,0,0,0,0,0.7000992894172668
video07,TriClass-Cloud,1067,1,1,0,0,0,0,0.6267422437667847
video07,TriClass-Cloud,1068,1,1,0,0,0,0,0.7709517478942871
video07,TriClass-Cloud,1069,1,1,0,0,0,0,0.7796126008033752
video07,TriClass-Cloud,1070,1,1,0,0,0,0,0.7722400426864624
video07,TriClass-Cloud,1071,1,1,0,0,0,0,0.7718772888183594
video07,TriClass-Cloud,1072,1,1,0,0,0,0,0.6561963558197021
video07,TriClass-Cloud,1073,1,1,0,0,0,0,0.7429127097129822
video07,TriClass-Cloud,1074,1,1,0,0,0,0,0.6097855567932129
video07,TriClass-Cloud,1075,1,1,0,0,1,0,0.34367743134498596
video07,TriClass-Cloud,1076,1,1,0,0,0,0,0.6936754584312439
video07,TriClass-Cloud,1077,1,1,0,0,0,0,0.5659292936325073
video07,TriClass-Cloud,1078,2,2,0,0,1,0,0.6103463768959045
video07,TriClass-Cloud,1079,1,1,0,0,0,0,0.403590589761734
video07,TriClass-Cloud,1080,1,1,0,0,0,0,0.6632878184318542
video07,TriClass-Cloud,1081,2,2,0,0,2,0,0.3203323185443878
video07,TriClass-Cloud,1082,2,2,0,0,0,0,0.5874402523040771
video07,TriClass-Cloud,1083,2,2,0,0,1,0,0.5565311312675476
video07,TriClass-Cloud,1084,1,1,0,0,0,0,0.5969270467758179
video07,TriClass-Cloud,1085,1,1,0,0,0,0,0.47246721386909485
video07,TriClass-Cloud,1086,0,0,0,0,0,0,0.0
video07,TriClass-Cloud,1087,0,0,0,0,0,0,0.0
video07,TriClass-Cloud,1088,0,0,0,0,0,0,0.0
video07,TriClass-Cloud,1089,0,0,0,0,0,0,0.0
video07,TriClass-Cloud,1090,0,0,0,0,0,0,0.0
video07,TriClass-Cloud,1091,0,0,0,0,0,0,0.0
video07,TriClass-Cloud,1092,0,0,0,0,0,0,0.0
video07,TriClass-Cloud,1093,0,0,0,0,0,0,0.0
video07,TriClass-Cloud,1094,0,0,0,0,0,0,0.0
video07,TriClass-Cloud,1095,0,0,0,0,0,0,0.0
video07,TriClass-Cloud,1096,0,0,0,0,0,0,0.0
video07,TriClass-Cloud,1097,0,0,0,0,0,0,0.0
video07,TriClass-Cloud,1098,0,0,0,0,0,0,0.0
video07,TriClass-Cloud,1099,0,0,0,0,0,0,0.0
video07,TriClass-Cloud,1100,0,0,0,0,0,0,0.0
video07,TriClass-Cloud,1101,0,0,0,0,0,0,0.0
video07,TriClass-Cloud,1102,0,0,0,0,0,0,0.0
video07,TriClass-Cloud,1103,0,0,0,0,0,0,0.0
video07,TriClass-Cloud,1104,0,0,0,0,0,0,0.0
video07,TriClass-Cloud,1105,0,0,0,0,0,0,0.0
video07,TriClass-Cloud,1106,0,0,0,0,0,0,0.0
video07,TriClass-Cloud,1107,0,0,0,0,0,0,0.0
video07,TriClass-Cloud,1108,0,0,0,0,0,0,0.0
video07,TriClass-Cloud,1109,0,0,0,0,0,0,0.0
video07,TriClass-Cloud,1110,0,0,0,0,0,0,0.0
video07,TriClass-Cloud,1111,0,0,0,0,0,0,0.0
video07,TriClass-Cloud,1112,0,0,0,0,0,0,0.0
video07,TriClass-Cloud,1113,0,0,0,0,0,0,0.0
video07,TriClass-Cloud,1114,0,0,0,0,0,0,0.0
video07,TriClass-Cloud,1115,0,0,0,0,0,0,0.0
video07,TriClass-Cloud,1116,0,0,0,0,0,0,0.0
video07,TriClass-Cloud,1117,0,0,0,0,0,0,0.0
video07,TriClass-Cloud,1118,0,0,0,0,0,0,0.0
video07,TriClass-Cloud,1119,0,0,0,0,0,0,0.0
video07,TriClass-Cloud,1120,0,0,0,0,0,0,0.0
video07,TriClass-Cloud,1121,0,0,0,0,0,0,0.0
video07,TriClass-Cloud,1122,0,0,0,0,0,0,0.0
video07,TriClass-Cloud,1123,0,0,0,0,0,0,0.0
video07,TriClass-Cloud,1124,0,0,0,0,0,0,0.0
video07,TriClass-Cloud,1125,0,0,0,0,0,0,0.0
video07,TriClass-Cloud,1126,0,0,0,0,0,0,0.0
video07,TriClass-Cloud,1127,0,0,0,0,0,0,0.0
video07,TriClass-Cloud,1128,0,0,0,0,0,0,0.0
video07,TriClass-Cloud,1129,0,0,0,0,0,0,0.0
video07,TriClass-Cloud,1130,0,0,0,0,0,0,0.0
video07,TriClass-Cloud,1131,0,0,0,0,0,0,0.0
video07,TriClass-Cloud,1132,0,0,0,0,0,0,0.0
video07,TriClass-Cloud,1133,0,0,0,0,0,0,0.0
video07,TriClass-Cloud,1134,0,0,0,0,0,0,0.0
video07,TriClass-Cloud,1135,0,0,0,0,0,0,0.0
video07,TriClass-Cloud,1136,0,0,0,0,0,0,0.0
video07,TriClass-Cloud,1137,0,0,0,0,0,0,0.0
video07,TriClass-Cloud,1138,0,0,0,0,0,0,0.0
video07,TriClass-Cloud,1139,0,0,0,0,0,0,0.0
video07,TriClass-Cloud,1140,0,0,0,0,0,0,0.0
video07,TriClass-Cloud,1141,0,0,0,0,0,0,0.0
video07,TriClass-Cloud,1142,0,0,0,0,0,0,0.0
video07,TriClass-Cloud,1143,0,0,0,0,0,0,0.0
video07,TriClass-Cloud,1144,0,0,0,0,0,0,0.0
video07,TriClass-Cloud,1145,0,0,0,0,0,0,0.0
video07,TriClass-Cloud,1146,0,0,0,0,0,0,0.0
video07,TriClass-Cloud,1147,0,0,0,0,0,0,0.0
video07,TriClass-Cloud,1148,0,0,0,0,0,0,0.0
video07,TriClass-Cloud,1149,0,0,0,0,0,0,0.0
video07,TriClass-Cloud,1150,0,0,0,0,0,0,0.0
video07,TriClass-Cloud,1151,0,0,0,0,0,0,0.0
video07,TriClass-Cloud,1152,0,0,0,0,0,0,0.0
video07,TriClass-Cloud,1153,0,0,0,0,0,0,0.0
video07,TriClass-Cloud,1154,0,0,0,0,0,0,0.0
video07,TriClass-Cloud,1155,0,0,0,0,0,0,0.0
video07,TriClass-Cloud,1156,0,0,0,0,0,0,0.0
video07,TriClass-Cloud,1157,0,0,0,0,0,0,0.0
video07,TriClass-Cloud,1158,0,0,0,0,0,0,0.0
video07,TriClass-Cloud,1159,0,0,0,0,0,0,0.0
video07,TriClass-Cloud,1160,0,0,0,0,0,0,0.0
video07,TriClass-Cloud,1161,0,0,0,0,0,0,0.0
video07,TriClass-Cloud,1162,0,0,0,0,0,0,0.0
video07,TriClass-Cloud,1163,0,0,0,0,0,0,0.0
video07,TriClass-Cloud,1164,0,0,0,0,0,0,0.0
video07,TriClass-Cloud,1165,0,0,0,0,0,0,0.0
video07,TriClass-Cloud,1166,0,0,0,0,0,0,0.0
video07,TriClass-Cloud,1167,0,0,0,0,0,0,0.0
video07,TriClass-Cloud,1168,0,0,0,0,0,0,0.0
video07,TriClass-Cloud,1169,0,0,0,0,0,0,0.0
video07,TriClass-Cloud,1170,0,0,0,0,0,0,0.0
video07,TriClass-Cloud,1171,0,0,0,0,0,0,0.0
video07,TriClass-Cloud,1172,0,0,0,0,0,0,0.0
video07,TriClass-Cloud,1173,0,0,0,0,0,0,0.0
video07,TriClass-Cloud,1174,0,0,0,0,0,0,0.0
video07,TriClass-Cloud,1175,0,0,0,0,0,0,0.0
video07,TriClass-Cloud,1176,0,0,0,0,0,0,0.0
video07,TriClass-Cloud,1177,0,0,0,0,0,0,0.0
video07,TriClass-Cloud,1178,0,0,0,0,0,0,0.0
video07,TriClass-Cloud,1179,0,0,0,0,0,0,0.0
video07,TriClass-Cloud,1180,0,0,0,0,0,0,0.0
video07,TriClass-Cloud,1181,0,0,0,0,0,0,0.0
video07,TriClass-Cloud,1182,0,0,0,0,0,0,0.0
video07,TriClass-Cloud,1183,0,0,0,0,0,0,0.0
video07,TriClass-Cloud,1184,0,0,0,0,0,0,0.0
video07,TriClass-Cloud,1185,0,0,0,0,0,0,0.0
video07,TriClass-Cloud,1186,0,0,0,0,0,0,0.0
video07,TriClass-Cloud,1187,0,0,0,0,0,0,0.0
video07,TriClass-Cloud,1188,0,0,0,0,0,0,0.0
video07,TriClass-Cloud,1189,0,0,0,0,0,0,0.0
video07,TriClass-Cloud,1190,0,0,0,0,0,0,0.0
video07,TriClass-Cloud,1191,0,0,0,0,0,0,0.0
video07,TriClass-Cloud,1192,0,0,0,0,0,0,0.0
video07,TriClass-Cloud,1193,0,0,0,0,0,0,0.0
video07,TriClass-Cloud,1194,0,0,0,0,0,0,0.0
video07,TriClass-Cloud,1195,0,0,0,0,0,0,0.0
video07,TriClass-Cloud,1196,0,0,0,0,0,0,0.0
video07,TriClass-Cloud,1197,0,0,0,0,0,0,0.0
video07,TriClass-Cloud,1198,0,0,0,0,0,0,0.0
video07,TriClass-Cloud,1199,0,0,0,0,0,0,0.0
video07,TriClass-Cloud,1200,0,0,0,0,0,0,0.0
video07,TriClass-Cloud,1201,0,0,0,0,0,0,0.0
video07,TriClass-Cloud,1202,0,0,0,0,0,0,0.0
video07,TriClass-Cloud,1203,0,0,0,0,0,0,0.0
video07,TriClass-Cloud,1204,1,1,0,0,1,0,0.2749597132205963
video07,TriClass-Cloud,1205,0,0,0,0,0,0,0.0
video07,TriClass-Cloud,1206,0,0,0,0,0,0,0.0
video07,TriClass-Cloud,1207,1,1,0,0,0,0,0.4684733748435974
video07,TriClass-Cloud,1208,1,1,0,0,0,0,0.6795187592506409
video07,TriClass-Cloud,1209,1,1,0,0,1,0,0.33710357546806335
video07,TriClass-Cloud,1210,0,0,0,0,0,0,0.0
video07,TriClass-Cloud,1211,0,0,0,0,0,0,0.0
video07,TriClass-Cloud,1212,0,0,0,0,0,0,0.0
video07,TriClass-Cloud,1213,0,0,0,0,0,0,0.0
video07,TriClass-Cloud,1214,0,0,0,0,0,0,0.0
video07,TriClass-Cloud,1215,0,0,0,0,0,0,0.0
video07,TriClass-Cloud,1216,0,0,0,0,0,0,0.0
video07,TriClass-Cloud,1217,0,0,0,0,0,0,0.0
video07,TriClass-Cloud,1218,0,0,0,0,0,0,0.0
video07,TriClass-Cloud,1219,1,1,0,0,0,0,0.5288406610488892
video07,TriClass-Cloud,1220,2,2,0,0,1,0,0.43152523040771484
video07,TriClass-Cloud,1221,1,1,0,0,0,0,0.4599570333957672
video07,TriClass-Cloud,1222,0,0,0,0,0,0,0.0
video07,TriClass-Cloud,1223,1,1,0,0,1,0,0.32499510049819946
video07,TriClass-Cloud,1224,1,1,0,0,0,0,0.6967689394950867
video07,TriClass-Cloud,1225,0,0,0,0,0,0,0.0
video07,TriClass-Cloud,1226,0,0,0,0,0,0,0.0
video07,TriClass-Cloud,1227,0,0,0,0,0,0,0.0
video07,TriClass-Cloud,1228,0,0,0,0,0,0,0.0
video07,TriClass-Cloud,1229,0,0,0,0,0,0,0.0
video07,TriClass-Cloud,1230,0,0,0,0,0,0,0.0
video07,TriClass-Cloud,1231,0,0,0,0,0,0,0.0
video07,TriClass-Cloud,1232,0,0,0,0,0,0,0.0
video07,TriClass-Cloud,1233,0,0,0,0,0,0,0.0
video07,TriClass-Cloud,1234,0,0,0,0,0,0,0.0
video07,TriClass-Cloud,1235,0,0,0,0,0,0,0.0
video07,TriClass-Cloud,1236,0,0,0,0,0,0,0.0
video07,TriClass-Cloud,1237,0,0,0,0,0,0,0.0
video07,TriClass-Cloud,1238,0,0,0,0,0,0,0.0
video07,TriClass-Cloud,1239,0,0,0,0,0,0,0.0
video07,TriClass-Cloud,1240,0,0,0,0,0,0,0.0
video07,TriClass-Cloud,1241,0,0,0,0,0,0,0.0
video07,TriClass-Cloud,1242,0,0,0,0,0,0,0.0
video07,TriClass-Cloud,1243,0,0,0,0,0,0,0.0
video07,TriClass-Cloud,1244,0,0,0,0,0,0,0.0
video07,TriClass-Cloud,1245,0,0,0,0,0,0,0.0
video07,TriClass-Cloud,1246,0,0,0,0,0,0,0.0
video07,TriClass-Cloud,1247,0,0,0,0,0,0,0.0
video07,TriClass-Cloud,1248,0,0,0,0,0,0,0.0
video07,TriClass-Cloud,1249,0,0,0,0,0,0,0.0
video07,TriClass-Cloud,1250,0,0,0,0,0,0,0.0
video07,TriClass-Cloud,1251,0,0,0,0,0,0,0.0
video07,TriClass-Cloud,1252,0,0,0,0,0,0,0.0
video07,TriClass-Cloud,1253,0,0,0,0,0,0,0.0
video07,TriClass-Cloud,1254,0,0,0,0,0,0,0.0
video07,TriClass-Cloud,1255,1,1,0,0,0,0,0.4595084488391876
video07,TriClass-Cloud,1256,1,1,0,0,0,0,0.42171669006347656
video07,TriClass-Cloud,1257,0,0,0,0,0,0,0.0
video07,TriClass-Cloud,1258,0,0,0,0,0,0,0.0
video07,TriClass-Cloud,1259,0,0,0,0,0,0,0.0
video07,TriClass-Cloud,1260,0,0,0,0,0,0,0.0
video07,TriClass-Cloud,1261,0,0,0,0,0,0,0.0
video07,TriClass-Cloud,1262,0,0,0,0,0,0,0.0
video07,TriClass-Cloud,1263,0,0,0,0,0,0,0.0
video07,TriClass-Cloud,1264,0,0,0,0,0,0,0.0
video07,TriClass-Cloud,1265,0,0,0,0,0,0,0.0
video07,TriClass-Cloud,1266,0,0,0,0,0,0,0.0
video07,TriClass-Cloud,1267,0,0,0,0,0,0,0.0
video07,TriClass-Cloud,1268,0,0,0,0,0,0,0.0
video07,TriClass-Cloud,1269,0,0,0,0,0,0,0.0
video07,TriClass-Cloud,1270,0,0,0,0,0,0,0.0
video07,TriClass-Cloud,1271,0,0,0,0,0,0,0.0
video07,TriClass-Cloud,1272,0,0,0,0,0,0,0.0
video07,TriClass-Cloud,1273,0,0,0,0,0,0,0.0
video07,TriClass-Cloud,1274,0,0,0,0,0,0,0.0
video07,TriClass-Cloud,1275,0,0,0,0,0,0,0.0
video07,TriClass-Cloud,1276,0,0,0,0,0,0,0.0
video07,TriClass-Cloud,1277,1,1,0,0,0,0,0.5125832557678223
video07,TriClass-Cloud,1278,1,1,0,0,0,0,0.481550008058548
video07,TriClass-Cloud,1279,0,0,0,0,0,0,0.0
video07,TriClass-Cloud,1280,0,0,0,0,0,0,0.0
video07,TriClass-Cloud,1281,0,0,0,0,0,0,0.0
video07,TriClass-Cloud,1282,0,0,0,0,0,0,0.0
video07,TriClass-Cloud,1283,0,0,0,0,0,0,0.0
video07,TriClass-Cloud,1284,0,0,0,0,0,0,0.0
video07,TriClass-Cloud,1285,0,0,0,0,0,0,0.0
video07,TriClass-Cloud,1286,0,0,0,0,0,0,0.0
video07,TriClass-Cloud,1287,0,0,0,0,0,0,0.0
video07,TriClass-Cloud,1288,0,0,0,0,0,0,0.0
video07,TriClass-Cloud,1289,0,0,0,0,0,0,0.0
video07,TriClass-Cloud,1290,0,0,0,0,0,0,0.0
video07,TriClass-Cloud,1291,0,0,0,0,0,0,0.0
video07,TriClass-Cloud,1292,0,0,0,0,0,0,0.0
video07,TriClass-Cloud,1293,0,0,0,0,0,0,0.0
video07,TriClass-Cloud,1294,0,0,0,0,0,0,0.0
video07,TriClass-Cloud,1295,0,0,0,0,0,0,0.0
video07,TriClass-Cloud,1296,0,0,0,0,0,0,0.0
video07,TriClass-Cloud,1297,0,0,0,0,0,0,0.0
video07,TriClass-Cloud,1298,0,0,0,0,0,0,0.0
video07,TriClass-Cloud,1299,0,0,0,0,0,0,0.0
video07,TriClass-Cloud,1300,0,0,0,0,0,0,0.0
video07,TriClass-Cloud,1301,0,0,0,0,0,0,0.0
video07,TriClass-Cloud,1302,0,0,0,0,0,0,0.0
video07,TriClass-Cloud,1303,0,0,0,0,0,0,0.0
video07,TriClass-Cloud,1304,0,0,0,0,0,0,0.0
video07,TriClass-Cloud,1305,0,0,0,0,0,0,0.0
video07,TriClass-Cloud,1306,0,0,0,0,0,0,0.0
video07,TriClass-Cloud,1307,0,0,0,0,0,0,0.0
video07,TriClass-Cloud,1308,0,0,0,0,0,0,0.0
video07,TriClass-Cloud,1309,0,0,0,0,0,0,0.0
video07,TriClass-Cloud,1310,0,0,0,0,0,0,0.0
video07,TriClass-Cloud,1311,0,0,0,0,0,0,0.0
video07,TriClass-Cloud,1312,0,0,0,0,0,0,0.0
video07,TriClass-Cloud,1313,0,0,0,0,0,0,0.0
video07,TriClass-Cloud,1314,0,0,0,0,0,0,0.0
video07,TriClass-Cloud,1315,0,0,0,0,0,0,0.0
video07,TriClass-Cloud,1316,0,0,0,0,0,0,0.0
video07,TriClass-Cloud,1317,0,0,0,0,0,0,0.0
video07,TriClass-Cloud,1318,0,0,0,0,0,0,0.0
video07,TriClass-Cloud,1319,0,0,0,0,0,0,0.0
video07,TriClass-Cloud,1320,0,0,0,0,0,0,0.0
video07,TriClass-Cloud,1321,0,0,0,0,0,0,0.0
video07,TriClass-Cloud,1322,0,0,0,0,0,0,0.0
video07,TriClass-Cloud,1323,0,0,0,0,0,0,0.0
video07,TriClass-Cloud,1324,0,0,0,0,0,0,0.0
video07,TriClass-Cloud,1325,0,0,0,0,0,0,0.0
video07,TriClass-Cloud,1326,0,0,0,0,0,0,0.0
video07,TriClass-Cloud,1327,0,0,0,0,0,0,0.0
video07,TriClass-Cloud,1328,0,0,0,0,0,0,0.0
video07,TriClass-Cloud,1329,0,0,0,0,0,0,0.0
video07,TriClass-Cloud,1330,0,0,0,0,0,0,0.0
video07,TriClass-Cloud,1331,0,0,0,0,0,0,0.0
video07,TriClass-Cloud,1332,1,1,0,0,1,0,0.25992119312286377
video07,TriClass-Cloud,1333,0,0,0,0,0,0,0.0
video07,TriClass-Cloud,1334,1,1,0,0,0,0,0.37928518652915955
video07,TriClass-Cloud,1335,1,1,0,0,0,0,0.7086657285690308
video07,TriClass-Cloud,1336,1,1,0,0,0,0,0.6957681775093079
video07,TriClass-Cloud,1337,1,1,0,0,0,0,0.5099344253540039
video07,TriClass-Cloud,1338,1,1,0,0,0,0,0.7263742089271545
video07,TriClass-Cloud,1339,1,1,0,0,0,0,0.6707684993743896
video07,TriClass-Cloud,1340,1,1,0,0,0,0,0.6850041151046753
video07,TriClass-Cloud,1341,1,1,0,0,0,0,0.6738969087600708
video07,TriClass-Cloud,1342,1,1,0,0,0,0,0.746553361415863
video07,TriClass-Cloud,1343,1,1,0,0,0,0,0.6491759419441223
video07,TriClass-Cloud,1344,1,1,0,0,0,0,0.6374497413635254
video07,TriClass-Cloud,1345,1,1,0,0,0,0,0.6458225846290588
video07,TriClass-Cloud,1346,1,1,0,0,0,0,0.6060935258865356
video07,TriClass-Cloud,1347,0,0,0,0,0,0,0.0
video07,TriClass-Cloud,1348,0,0,0,0,0,0,0.0
video07,TriClass-Cloud,1349,0,0,0,0,0,0,0.0
video07,TriClass-Cloud,1350,0,0,0,0,0,0,0.0
video07,TriClass-Cloud,1351,0,0,0,0,0,0,0.0
video07,TriClass-Cloud,1352,0,0,0,0,0,0,0.0
video07,TriClass-Cloud,1353,0,0,0,0,0,0,0.0
video07,TriClass-Cloud,1354,0,0,0,0,0,0,0.0
video07,TriClass-Cloud,1355,0,0,0,0,0,0,0.0
video07,TriClass-Cloud,1356,0,0,0,0,0,0,0.0
video07,TriClass-Cloud,1357,0,0,0,0,0,0,0.0
video07,TriClass-Cloud,1358,0,0,0,0,0,0,0.0
video07,TriClass-Cloud,1359,0,0,0,0,0,0,0.0
video07,TriClass-Cloud,1360,0,0,0,0,0,0,0.0
video07,TriClass-Cloud,1361,0,0,0,0,0,0,0.0
video07,TriClass-Cloud,1362,0,0,0,0,0,0,0.0
video07,TriClass-Cloud,1363,0,0,0,0,0,0,0.0
video07,TriClass-Cloud,1364,0,0,0,0,0,0,0.0
video07,TriClass-Cloud,1365,0,0,0,0,0,0,0.0
video07,TriClass-Cloud,1366,0,0,0,0,0,0,0.0
video07,TriClass-Cloud,1367,0,0,0,0,0,0,0.0
video07,TriClass-Cloud,1368,0,0,0,0,0,0,0.0
video07,TriClass-Cloud,1369,0,0,0,0,0,0,0.0
video07,TriClass-Cloud,1370,0,0,0,0,0,0,0.0
video07,TriClass-Cloud,1371,0,0,0,0,0,0,0.0
video07,TriClass-Cloud,1372,0,0,0,0,0,0,0.0
video07,TriClass-Cloud,1373,1,1,0,0,0,0,0.6803233027458191
video07,TriClass-Cloud,1374,1,1,0,0,0,0,0.7179863452911377
video07,TriClass-Cloud,1375,1,1,0,0,0,0,0.8073694109916687
video07,TriClass-Cloud,1376,1,1,0,0,0,0,0.8695063591003418
video07,TriClass-Cloud,1377,1,1,0,0,0,0,0.8700686693191528
video07,TriClass-Cloud,1378,1,1,0,0,0,0,0.862298309803009
video07,TriClass-Cloud,1379,1,1,0,0,0,0,0.8623069524765015
video07,TriClass-Cloud,1380,1,1,0,0,0,0,0.8739511370658875
video07,TriClass-Cloud,1381,1,1,0,0,0,0,0.7957563996315002
video07,TriClass-Cloud,1382,1,1,0,0,0,0,0.8392868041992188
video07,TriClass-Cloud,1383,1,1,0,0,0,0,0.8178843855857849
video07,TriClass-Cloud,1384,2,2,0,0,0,0,0.6453253626823425
video07,TriClass-Cloud,1385,1,1,0,0,0,0,0.8681487441062927
video07,TriClass-Cloud,1386,1,1,0,0,0,0,0.869367778301239
video07,TriClass-Cloud,1387,1,1,0,0,0,0,0.8813645839691162
video07,TriClass-Cloud,1388,1,1,0,0,0,0,0.8647761344909668
video07,TriClass-Cloud,1389,1,1,0,0,0,0,0.8597995638847351
video07,TriClass-Cloud,1390,1,1,0,0,0,0,0.836997389793396
video07,TriClass-Cloud,1391,1,1,0,0,0,0,0.8123215436935425
video07,TriClass-Cloud,1392,1,1,0,0,0,0,0.882767915725708
video07,TriClass-Cloud,1393,1,1,0,0,0,0,0.8612184524536133
video07,TriClass-Cloud,1394,1,1,0,0,0,0,0.843999981880188
video07,TriClass-Cloud,1395,1,1,0,0,0,0,0.8515046238899231
video07,TriClass-Cloud,1396,1,1,0,0,0,0,0.8505926728248596
video07,TriClass-Cloud,1397,1,1,0,0,0,0,0.8671175837516785
video07,TriClass-Cloud,1398,1,1,0,0,0,0,0.8595626950263977
video07,TriClass-Cloud,1399,1,1,0,0,0,0,0.8664349913597107
video07,TriClass-Cloud,1400,1,1,0,0,0,0,0.8406332731246948
video07,TriClass-Cloud,1401,1,1,0,0,0,0,0.8138870000839233
video07,TriClass-Cloud,1402,1,1,0,0,0,0,0.8576253652572632
video07,TriClass-Cloud,1403,1,1,0,0,0,0,0.8088864684104919
video07,TriClass-Cloud,1404,1,1,0,0,0,0,0.8454504013061523
video07,TriClass-Cloud,1405,1,1,0,0,0,0,0.830730676651001
video07,TriClass-Cloud,1406,1,1,0,0,0,0,0.8489230275154114
video07,TriClass-Cloud,1407,1,1,0,0,0,0,0.871421217918396
video07,TriClass-Cloud,1408,1,1,0,0,0,0,0.8477219343185425
video07,TriClass-Cloud,1409,1,1,0,0,0,0,0.8567845821380615
video07,TriClass-Cloud,1410,1,1,0,0,0,0,0.848858654499054
video07,TriClass-Cloud,1411,1,1,0,0,0,0,0.7904298901557922
video07,TriClass-Cloud,1412,1,1,0,0,0,0,0.8368043303489685
video07,TriClass-Cloud,1413,1,1,0,0,0,0,0.8277437090873718
video07,TriClass-Cloud,1414,1,1,0,0,0,0,0.8252805471420288
video07,TriClass-Cloud,1415,1,1,0,0,0,0,0.817388653755188
video07,TriClass-Cloud,1416,1,1,0,0,0,0,0.8469645380973816
video07,TriClass-Cloud,1417,1,1,0,0,0,0,0.8470533490180969
video07,TriClass-Cloud,1418,1,1,0,0,0,0,0.8655966520309448
video07,TriClass-Cloud,1419,1,1,0,0,0,0,0.8302929401397705
video07,TriClass-Cloud,1420,1,1,0,0,0,0,0.803978681564331
video07,TriClass-Cloud,1421,1,1,0,0,0,0,0.8203659653663635
video07,TriClass-Cloud,1422,1,1,0,0,0,0,0.8338226079940796
video07,TriClass-Cloud,1423,1,1,0,0,0,0,0.838687539100647
video07,TriClass-Cloud,1424,1,1,0,0,0,0,0.7962797284126282
video07,TriClass-Cloud,1425,1,1,0,0,0,0,0.8345252871513367
video07,TriClass-Cloud,1426,1,1,0,0,0,0,0.83718341588974
video07,TriClass-Cloud,1427,1,1,0,0,0,0,0.8463851809501648
video07,TriClass-Cloud,1428,1,1,0,0,0,0,0.8511711955070496
video07,TriClass-Cloud,1429,1,1,0,0,0,0,0.8507465720176697
video07,TriClass-Cloud,1430,1,1,0,0,0,0,0.8108541965484619
video07,TriClass-Cloud,1431,1,1,0,0,0,0,0.8462620377540588
video07,TriClass-Cloud,1432,1,1,0,0,0,0,0.8040374517440796
video07,TriClass-Cloud,1433,2,2,0,0,0,0,0.5563204884529114
video07,TriClass-Cloud,1434,1,1,0,0,0,0,0.8342307209968567
video07,TriClass-Cloud,1435,1,1,0,0,0,0,0.8503866195678711
video07,TriClass-Cloud,1436,1,1,0,0,0,0,0.8433946967124939
video07,TriClass-Cloud,1437,1,1,0,0,0,0,0.8531697988510132
video07,TriClass-Cloud,1438,1,1,0,0,0,0,0.8439036011695862
video07,TriClass-Cloud,1439,1,1,0,0,0,0,0.841656506061554
video07,TriClass-Cloud,1440,1,1,0,0,0,0,0.86842280626297
video07,TriClass-Cloud,1441,1,1,0,0,0,0,0.8516564965248108
video07,TriClass-Cloud,1442,1,1,0,0,0,0,0.8372393250465393
video07,TriClass-Cloud,1443,1,1,0,0,0,0,0.8690919876098633
video07,TriClass-Cloud,1444,1,1,0,0,0,0,0.8184348940849304
video07,TriClass-Cloud,1445,1,1,0,0,0,0,0.8507723212242126
video07,TriClass-Cloud,1446,1,1,0,0,0,0,0.8285742402076721
video07,TriClass-Cloud,1447,1,1,0,0,0,0,0.8552223443984985
video07,TriClass-Cloud,1448,1,1,0,0,0,0,0.8343267440795898
video07,TriClass-Cloud,1449,1,1,0,0,0,0,0.8354461789131165
video07,TriClass-Cloud,1450,1,1,0,0,0,0,0.841702401638031
video07,TriClass-Cloud,1451,1,1,0,0,0,0,0.847510576248169
video07,TriClass-Cloud,1452,1,1,0,0,0,0,0.8389567136764526
video07,TriClass-Cloud,1453,1,1,0,0,0,0,0.7824265360832214
video07,TriClass-Cloud,1454,1,1,0,0,0,0,0.833625853061676
video07,TriClass-Cloud,1455,1,1,0,0,0,0,0.8265164494514465
video07,TriClass-Cloud,1456,1,1,0,0,0,0,0.875929057598114
video07,TriClass-Cloud,1457,1,1,0,0,0,0,0.8517346978187561
video07,TriClass-Cloud,1458,1,1,0,0,0,0,0.8626886010169983
video07,TriClass-Cloud,1459,1,1,0,0,0,0,0.8533122539520264
video07,TriClass-Cloud,1460,1,1,0,0,0,0,0.8789885640144348
video07,TriClass-Cloud,1461,1,1,0,0,0,0,0.8393105864524841
video07,TriClass-Cloud,1462,1,1,0,0,0,0,0.8238158822059631
video07,TriClass-Cloud,1463,1,1,0,0,0,0,0.8715940117835999
video07,TriClass-Cloud,1464,1,1,0,0,0,0,0.8351502418518066
video07,TriClass-Cloud,1465,1,1,0,0,0,0,0.812350869178772
video07,TriClass-Cloud,1466,1,1,0,0,0,0,0.8549207448959351
video07,TriClass-Cloud,1467,1,1,0,0,0,0,0.8706399202346802
video07,TriClass-Cloud,1468,1,1,0,0,0,0,0.8257913589477539
video07,TriClass-Cloud,1469,1,1,0,0,0,0,0.8831954598426819
video07,TriClass-Cloud,1470,1,1,0,0,0,0,0.8440154790878296
video07,TriClass-Cloud,1471,1,1,0,0,0,0,0.864791750907898
video07,TriClass-Cloud,1472,1,1,0,0,0,0,0.8563838005065918
video07,TriClass-Cloud,1473,1,1,0,0,0,0,0.860797107219696
video07,TriClass-Cloud,1474,1,1,0,0,0,0,0.8514566421508789
video07,TriClass-Cloud,1475,1,1,0,0,0,0,0.8713657259941101
video07,TriClass-Cloud,1476,1,1,0,0,0,0,0.8262930512428284
video07,TriClass-Cloud,1477,1,1,0,0,0,0,0.8581317663192749
video07,TriClass-Cloud,1478,1,1,0,0,0,0,0.8380409479141235
video07,TriClass-Cloud,1479,1,1,0,0,0,0,0.8547364473342896
video07,TriClass-Cloud,1480,1,1,0,0,0,0,0.7740644812583923
video07,TriClass-Cloud,1481,1,1,0,0,0,0,0.7913066744804382
video07,TriClass-Cloud,1482,1,1,0,0,0,0,0.8564398884773254
video07,TriClass-Cloud,1483,1,1,0,0,0,0,0.8435800671577454
video07,TriClass-Cloud,1484,1,1,0,0,0,0,0.8029426336288452
video07,TriClass-Cloud,1485,1,1,0,0,0,0,0.8756325244903564
video07,TriClass-Cloud,1486,1,1,0,0,0,0,0.8495078682899475
video07,TriClass-Cloud,1487,1,1,0,0,0,0,0.8158378005027771
video07,TriClass-Cloud,1488,1,1,0,0,0,0,0.8349876999855042
video07,TriClass-Cloud,1489,1,1,0,0,0,0,0.7359983325004578
video07,TriClass-Cloud,1490,1,1,0,0,0,0,0.8083105683326721
video07,TriClass-Cloud,1491,1,1,0,0,0,0,0.8103427886962891
video07,TriClass-Cloud,1492,1,1,0,0,0,0,0.848160445690155
video07,TriClass-Cloud,1493,1,1,0,0,0,0,0.8461156487464905
video07,TriClass-Cloud,1494,1,1,0,0,0,0,0.8370071053504944
video07,TriClass-Cloud,1495,1,1,0,0,0,0,0.8236611485481262
video07,TriClass-Cloud,1496,1,1,0,0,0,0,0.8367254734039307
video07,TriClass-Cloud,1497,1,1,0,0,0,0,0.8376392126083374
video07,TriClass-Cloud,1498,1,1,0,0,0,0,0.8393555283546448
video07,TriClass-Cloud,1499,1,1,0,0,0,0,0.8350744247436523
video07,TriClass-Cloud,1500,1,1,0,0,0,0,0.8485380411148071
video07,TriClass-Cloud,1501,1,1,0,0,0,0,0.8441670536994934
video07,TriClass-Cloud,1502,1,1,0,0,0,0,0.7771745324134827
video07,TriClass-Cloud,1503,1,1,0,0,0,0,0.7781240344047546
video07,TriClass-Cloud,1504,1,1,0,0,0,0,0.8319478034973145
video07,TriClass-Cloud,1505,1,1,0,0,0,0,0.8585270047187805
video07,TriClass-Cloud,1506,1,1,0,0,0,0,0.8256162405014038
video07,TriClass-Cloud,1507,1,1,0,0,0,0,0.7731427550315857
video07,TriClass-Cloud,1508,1,1,0,0,0,0,0.7922734618186951
video07,TriClass-Cloud,1509,1,1,0,0,0,0,0.8312814235687256
video07,TriClass-Cloud,1510,1,1,0,0,0,0,0.8410648107528687
video07,TriClass-Cloud,1511,1,1,0,0,0,0,0.8845391273498535
video07,TriClass-Cloud,1512,1,1,0,0,0,0,0.8736760020256042
video07,TriClass-Cloud,1513,1,1,0,0,0,0,0.8699464201927185
video07,TriClass-Cloud,1514,1,1,0,0,0,0,0.8610053658485413
video07,TriClass-Cloud,1515,1,1,0,0,0,0,0.8441082239151001
video07,TriClass-Cloud,1516,1,1,0,0,0,0,0.862260639667511
video07,TriClass-Cloud,1517,1,1,0,0,0,0,0.8885374069213867
video07,TriClass-Cloud,1518,1,1,0,0,0,0,0.857221782207489
video07,TriClass-Cloud,1519,2,2,0,0,0,0,0.8157949447631836
video07,TriClass-Cloud,1520,1,1,0,0,0,0,0.8688714504241943
video07,TriClass-Cloud,1521,1,1,0,0,0,0,0.8739640116691589
video07,TriClass-Cloud,1522,1,1,0,0,0,0,0.8525074124336243
video07,TriClass-Cloud,1523,1,1,0,0,0,0,0.8392292261123657
video07,TriClass-Cloud,1524,1,1,0,0,0,0,0.8171865344047546
video07,TriClass-Cloud,1525,1,1,0,0,0,0,0.8822038173675537
video07,TriClass-Cloud,1526,1,1,0,0,0,0,0.8623843789100647
video07,TriClass-Cloud,1527,1,1,0,0,0,0,0.8447672724723816
video07,TriClass-Cloud,1528,1,1,0,0,0,0,0.8357046842575073
video07,TriClass-Cloud,1529,1,1,0,0,0,0,0.8455497622489929
video07,TriClass-Cloud,1530,1,1,0,0,0,0,0.8425750136375427
video07,TriClass-Cloud,1531,1,1,0,0,0,0,0.8174173831939697
video07,TriClass-Cloud,1532,1,1,0,0,0,0,0.8685559630393982
video07,TriClass-Cloud,1533,1,1,0,0,0,0,0.8556552529335022
video07,TriClass-Cloud,1534,1,1,0,0,0,0,0.8508206009864807
video07,TriClass-Cloud,1535,1,1,0,0,0,0,0.8412674069404602
video07,TriClass-Cloud,1536,1,1,0,0,0,0,0.8510533571243286
video07,TriClass-Cloud,1537,1,1,0,0,0,0,0.8621768355369568
video07,TriClass-Cloud,1538,1,1,0,0,0,0,0.8452295064926147
video07,TriClass-Cloud,1539,1,1,0,0,0,0,0.8675797581672668
video07,TriClass-Cloud,1540,1,1,0,0,0,0,0.8732810616493225
video07,TriClass-Cloud,1541,1,1,0,0,0,0,0.8429694175720215
video07,TriClass-Cloud,1542,1,1,0,0,0,0,0.8713349103927612
video07,TriClass-Cloud,1543,1,1,0,0,0,0,0.8748472929000854
video07,TriClass-Cloud,1544,1,1,0,0,0,0,0.8567857146263123
video07,TriClass-Cloud,1545,1,1,0,0,0,0,0.8338672518730164
video07,TriClass-Cloud,1546,1,1,0,0,0,0,0.8396183848381042
video07,TriClass-Cloud,1547,1,1,0,0,0,0,0.8044740557670593
video07,TriClass-Cloud,1548,2,2,0,0,0,0,0.7156763076782227
video07,TriClass-Cloud,1549,2,2,0,0,0,0,0.8051658272743225
video07,TriClass-Cloud,1550,1,1,0,0,0,0,0.8326377272605896
video07,TriClass-Cloud,1551,1,1,0,0,0,0,0.7267162799835205
video07,TriClass-Cloud,1552,1,1,0,0,0,0,0.841793417930603
video07,TriClass-Cloud,1553,1,1,0,0,0,0,0.8405401110649109
video07,TriClass-Cloud,1554,1,1,0,0,0,0,0.8702560067176819
video07,TriClass-Cloud,1555,1,1,0,0,0,0,0.7819910049438477
video07,TriClass-Cloud,1556,1,1,0,0,0,0,0.7356957793235779
video07,TriClass-Cloud,1557,1,1,0,0,0,0,0.7012808918952942
video07,TriClass-Cloud,1558,1,1,0,0,0,0,0.6324248313903809
video07,TriClass-Cloud,1559,1,1,0,0,0,0,0.8314809203147888
video07,TriClass-Cloud,1560,1,1,0,0,0,0,0.7988668084144592
video07,TriClass-Cloud,1561,1,1,0,0,0,0,0.7790167927742004
video07,TriClass-Cloud,1562,1,1,0,0,0,0,0.7220614552497864
video07,TriClass-Cloud,1563,1,1,0,0,0,0,0.6477276086807251
video07,TriClass-Cloud,1564,1,1,0,0,0,0,0.8061985373497009
video07,TriClass-Cloud,1565,1,1,0,0,0,0,0.8179917335510254
video07,TriClass-Cloud,1566,1,1,0,0,0,0,0.7970471978187561
video07,TriClass-Cloud,1567,1,1,0,0,0,0,0.8030701875686646
video07,TriClass-Cloud,1568,1,1,0,0,0,0,0.7866137027740479
video07,TriClass-Cloud,1569,1,1,0,0,0,0,0.8228225708007812
video07,TriClass-Cloud,1570,1,1,0,0,0,0,0.6978839039802551
video07,TriClass-Cloud,1571,1,1,0,0,0,0,0.6505721807479858
video07,TriClass-Cloud,1572,2,2,0,0,0,0,0.43044519424438477
video07,TriClass-Cloud,1573,1,1,0,0,0,0,0.6535878777503967
video07,TriClass-Cloud,1574,2,2,0,0,0,0,0.536550760269165
video07,TriClass-Cloud,1575,1,1,0,0,0,0,0.6684536337852478
video07,TriClass-Cloud,1576,1,1,0,0,0,0,0.7356418967247009
video07,TriClass-Cloud,1577,2,2,0,0,1,0,0.5651342272758484
video07,TriClass-Cloud,1578,1,1,0,0,0,0,0.8107061386108398
video07,TriClass-Cloud,1579,2,2,0,0,1,0,0.5711119771003723
video07,TriClass-Cloud,1580,1,1,0,0,0,0,0.7563965320587158
video07,TriClass-Cloud,1581,2,2,0,0,0,0,0.44883447885513306
video07,TriClass-Cloud,1582,1,1,0,0,0,0,0.6196836829185486
video07,TriClass-Cloud,1583,1,1,0,0,0,0,0.8613069653511047
video07,TriClass-Cloud,1584,1,1,0,0,0,0,0.7061217427253723
video07,TriClass-Cloud,1585,1,1,0,0,0,0,0.5278677344322205
video07,TriClass-Cloud,1586,1,1,0,0,0,0,0.5846864581108093
video07,TriClass-Cloud,1587,2,2,0,0,1,0,0.5649510622024536
video07,TriClass-Cloud,1588,2,2,0,0,0,0,0.4499891698360443
video07,TriClass-Cloud,1589,1,1,0,0,0,0,0.6898962259292603
video07,TriClass-Cloud,1590,2,2,0,0,1,0,0.5482547283172607
video07,TriClass-Cloud,1591,2,2,0,0,1,0,0.5945152044296265
video07,TriClass-Cloud,1592,1,1,0,0,0,0,0.8018187284469604
video07,TriClass-Cloud,1593,1,1,0,0,0,0,0.7401263117790222
video07,TriClass-Cloud,1594,1,1,0,0,0,0,0.827264130115509
video07,TriClass-Cloud,1595,1,1,0,0,0,0,0.8458516001701355
video07,TriClass-Cloud,1596,1,1,0,0,0,0,0.8068333268165588
video07,TriClass-Cloud,1597,1,1,0,0,0,0,0.8106812834739685
video07,TriClass-Cloud,1598,1,1,0,0,0,0,0.863987386226654
video07,TriClass-Cloud,1599,1,1,0,0,0,0,0.8270276784896851
video07,TriClass-Cloud,1600,1,1,0,0,0,0,0.8058592677116394
video07,TriClass-Cloud,1601,1,1,0,0,0,0,0.8052471876144409
video07,TriClass-Cloud,1602,2,2,0,0,0,0,0.4967547357082367
video07,TriClass-Cloud,1603,1,1,0,0,0,0,0.6629550457000732
video07,TriClass-Cloud,1604,1,1,0,0,0,0,0.7648702263832092
video07,TriClass-Cloud,1605,2,2,0,0,1,0,0.5421871542930603
video07,TriClass-Cloud,1606,2,2,0,0,1,0,0.5751577019691467
video07,TriClass-Cloud,1607,1,1,0,0,0,0,0.7861430048942566
video07,TriClass-Cloud,1608,1,1,0,0,0,0,0.7048265933990479
video07,TriClass-Cloud,1609,2,2,0,0,1,0,0.5395335555076599
video07,TriClass-Cloud,1610,1,1,0,0,0,0,0.6257103085517883
video07,TriClass-Cloud,1611,2,2,0,0,1,0,0.4968789219856262
video07,TriClass-Cloud,1612,1,1,0,0,0,0,0.6620279550552368
video07,TriClass-Cloud,1613,1,1,0,0,0,0,0.8001444339752197
video07,TriClass-Cloud,1614,1,1,0,0,0,0,0.7351086139678955
video07,TriClass-Cloud,1615,2,2,0,0,0,0,0.5028736591339111
video07,TriClass-Cloud,1616,1,1,0,0,0,0,0.6621983647346497
video07,TriClass-Cloud,1617,1,1,0,0,0,0,0.7055229544639587
video07,TriClass-Cloud,1618,1,1,0,0,0,0,0.7741326093673706
video07,TriClass-Cloud,1619,1,1,0,0,0,0,0.6834133863449097
video07,TriClass-Cloud,1620,1,1,0,0,0,0,0.8566893339157104
video07,TriClass-Cloud,1621,1,1,0,0,0,0,0.6783378720283508
video07,TriClass-Cloud,1622,1,1,0,0,0,0,0.560967743396759
video07,TriClass-Cloud,1623,1,1,0,0,0,0,0.73370760679245
video07,TriClass-Cloud,1624,2,2,0,0,1,0,0.5571330189704895
video07,TriClass-Cloud,1625,1,1,0,0,0,0,0.820688784122467
video07,TriClass-Cloud,1626,2,2,0,0,1,0,0.48850831389427185
video07,TriClass-Cloud,1627,1,1,0,0,0,0,0.8603904247283936
video07,TriClass-Cloud,1628,1,1,0,0,0,0,0.8485591411590576
video07,TriClass-Cloud,1629,2,2,0,0,0,0,0.7870475053787231
video07,TriClass-Cloud,1630,1,1,0,0,0,0,0.8254578113555908
video07,TriClass-Cloud,1631,1,1,0,0,0,0,0.6623659729957581
video07,TriClass-Cloud,1632,1,1,0,0,0,0,0.6597672700881958
video07,TriClass-Cloud,1633,1,1,0,0,0,0,0.8049691915512085
video07,TriClass-Cloud,1634,1,1,0,0,0,0,0.624545156955719
video07,TriClass-Cloud,1635,2,2,0,0,0,0,0.44721731543540955
video07,TriClass-Cloud,1636,1,1,0,0,0,0,0.7913572192192078
video07,TriClass-Cloud,1637,2,2,0,0,1,0,0.48685967922210693
video07,TriClass-Cloud,1638,1,1,0,0,0,0,0.8084129095077515
video07,TriClass-Cloud,1639,1,1,0,0,0,0,0.800906777381897
video07,TriClass-Cloud,1640,1,1,0,0,0,0,0.6189886927604675
video07,TriClass-Cloud,1641,1,1,0,0,0,0,0.7919254302978516
video07,TriClass-Cloud,1642,1,1,0,0,0,0,0.6141979694366455
video07,TriClass-Cloud,1643,1,1,0,0,0,0,0.7648487091064453
video07,TriClass-Cloud,1644,2,2,0,0,0,0,0.49987104535102844
video07,TriClass-Cloud,1645,1,1,0,0,0,0,0.7847971320152283
video07,TriClass-Cloud,1646,2,2,0,0,1,0,0.5014753341674805
video07,TriClass-Cloud,1647,2,2,0,0,0,0,0.4602997601032257
video07,TriClass-Cloud,1648,2,2,0,0,1,0,0.601041316986084
video07,TriClass-Cloud,1649,1,1,0,0,0,0,0.6361098885536194
video07,TriClass-Cloud,1650,1,1,0,0,0,0,0.762896716594696
video07,TriClass-Cloud,1651,2,2,0,0,1,0,0.591139554977417
video07,TriClass-Cloud,1652,1,1,0,0,0,0,0.789299726486206
video07,TriClass-Cloud,1653,2,2,0,0,1,0,0.5741539001464844
video07,TriClass-Cloud,1654,1,1,0,0,0,0,0.827488362789154
video07,TriClass-Cloud,1655,1,1,0,0,0,0,0.7942752838134766
video07,TriClass-Cloud,1656,1,1,0,0,0,0,0.7570493817329407
video07,TriClass-Cloud,1657,1,1,0,0,0,0,0.721737265586853
video07,TriClass-Cloud,1658,1,1,0,0,0,0,0.8186583518981934
video07,TriClass-Cloud,1659,1,1,0,0,0,0,0.7909607887268066
video07,TriClass-Cloud,1660,2,2,0,0,1,0,0.5482366681098938
video07,TriClass-Cloud,1661,1,1,0,0,0,0,0.7288358807563782
video07,TriClass-Cloud,1662,1,1,0,0,0,0,0.7126815319061279
video07,TriClass-Cloud,1663,1,1,0,0,0,0,0.6739587187767029
video07,TriClass-Cloud,1664,1,1,0,0,0,0,0.7314084768295288
video07,TriClass-Cloud,1665,2,2,0,0,1,0,0.5488397479057312
video07,TriClass-Cloud,1666,1,1,0,0,0,0,0.7162778973579407
video07,TriClass-Cloud,1667,1,1,0,0,0,0,0.8251746296882629
video07,TriClass-Cloud,1668,1,1,0,0,0,0,0.8394593596458435
video07,TriClass-Cloud,1669,1,1,0,0,0,0,0.5982237458229065
video07,TriClass-Cloud,1670,1,1,0,0,0,0,0.7177566885948181
video07,TriClass-Cloud,1671,1,1,0,0,0,0,0.8154541850090027
video07,TriClass-Cloud,1672,1,1,0,0,0,0,0.8315203189849854
video07,TriClass-Cloud,1673,1,1,0,0,0,0,0.7593376636505127
video07,TriClass-Cloud,1674,1,1,0,0,0,0,0.8376927375793457
video07,TriClass-Cloud,1675,1,1,0,0,0,0,0.7019878625869751
video07,TriClass-Cloud,1676,1,1,0,0,0,0,0.8659789562225342
video07,TriClass-Cloud,1677,1,1,0,0,0,0,0.8414262533187866
video07,TriClass-Cloud,1678,1,1,0,0,0,0,0.8709672689437866
video07,TriClass-Cloud,1679,1,1,0,0,0,0,0.8717362284660339
video07,TriClass-Cloud,1680,1,1,0,0,0,0,0.7699592709541321
video07,TriClass-Cloud,1681,1,1,0,0,0,0,0.5050254464149475
video07,TriClass-Cloud,1682,0,0,0,0,0,0,0.0
video07,TriClass-Cloud,1683,0,0,0,0,0,0,0.0
video07,TriClass-Cloud,1684,0,0,0,0,0,0,0.0
video07,TriClass-Cloud,1685,0,0,0,0,0,0,0.0
video07,TriClass-Cloud,1686,0,0,0,0,0,0,0.0
video07,TriClass-Cloud,1687,0,0,0,0,0,0,0.0
video07,TriClass-Cloud,1688,0,0,0,0,0,0,0.0
video07,TriClass-Cloud,1689,0,0,0,0,0,0,0.0
video07,TriClass-Cloud,1690,0,0,0,0,0,0,0.0
video07,TriClass-Cloud,1691,0,0,0,0,0,0,0.0
video07,TriClass-Cloud,1692,0,0,0,0,0,0,0.0
video07,TriClass-Cloud,1693,0,0,0,0,0,0,0.0
video07,TriClass-Cloud,1694,0,0,0,0,0,0,0.0
video07,TriClass-Cloud,1695,0,0,0,0,0,0,0.0
video07,TriClass-Cloud,1696,0,0,0,0,0,0,0.0
video07,TriClass-Cloud,1697,0,0,0,0,0,0,0.0
video07,TriClass-Cloud,1698,0,0,0,0,0,0,0.0
video07,TriClass-Cloud,1699,0,0,0,0,0,0,0.0
video07,TriClass-Cloud,1700,0,0,0,0,0,0,0.0
video07,TriClass-Cloud,1701,0,0,0,0,0,0,0.0
video07,TriClass-Cloud,1702,0,0,0,0,0,0,0.0
video07,TriClass-Cloud,1703,0,0,0,0,0,0,0.0
video07,TriClass-Cloud,1704,0,0,0,0,0,0,0.0
video07,TriClass-Cloud,1705,0,0,0,0,0,0,0.0
video07,TriClass-Cloud,1706,0,0,0,0,0,0,0.0
video07,TriClass-Cloud,1707,0,0,0,0,0,0,0.0
video07,TriClass-Cloud,1708,0,0,0,0,0,0,0.0
video07,TriClass-Cloud,1709,0,0,0,0,0,0,0.0
video07,TriClass-Cloud,1710,0,0,0,0,0,0,0.0
video07,TriClass-Cloud,1711,0,0,0,0,0,0,0.0
video07,TriClass-Cloud,1712,0,0,0,0,0,0,0.0
video07,TriClass-Cloud,1713,0,0,0,0,0,0,0.0
video07,TriClass-Cloud,1714,0,0,0,0,0,0,0.0
video07,TriClass-Cloud,1715,0,0,0,0,0,0,0.0
video07,TriClass-Cloud,1716,0,0,0,0,0,0,0.0
video07,TriClass-Cloud,1717,0,0,0,0,0,0,0.0
video07,TriClass-Cloud,1718,0,0,0,0,0,0,0.0
video07,TriClass-Cloud,1719,0,0,0,0,0,0,0.0
video07,TriClass-Cloud,1720,0,0,0,0,0,0,0.0
video07,TriClass-Cloud,1721,0,0,0,0,0,0,0.0
video07,TriClass-Cloud,1722,0,0,0,0,0,0,0.0
video07,TriClass-Cloud,1723,0,0,0,0,0,0,0.0
video07,TriClass-Cloud,1724,0,0,0,0,0,0,0.0
video07,TriClass-Cloud,1725,0,0,0,0,0,0,0.0
video07,TriClass-Cloud,1726,0,0,0,0,0,0,0.0
video07,TriClass-Cloud,1727,0,0,0,0,0,0,0.0
video07,TriClass-Cloud,1728,0,0,0,0,0,0,0.0
video07,TriClass-Cloud,1729,0,0,0,0,0,0,0.0
video07,TriClass-Cloud,1730,0,0,0,0,0,0,0.0
video07,TriClass-Cloud,1731,0,0,0,0,0,0,0.0
video07,TriClass-Cloud,1732,0,0,0,0,0,0,0.0
video07,TriClass-Cloud,1733,0,0,0,0,0,0,0.0
video07,TriClass-Cloud,1734,0,0,0,0,0,0,0.0
video07,TriClass-Cloud,1735,0,0,0,0,0,0,0.0
video07,TriClass-Cloud,1736,0,0,0,0,0,0,0.0
video07,TriClass-Cloud,1737,0,0,0,0,0,0,0.0
video07,TriClass-Cloud,1738,0,0,0,0,0,0,0.0
video07,TriClass-Cloud,1739,0,0,0,0,0,0,0.0
video07,TriClass-Cloud,1740,0,0,0,0,0,0,0.0
video07,TriClass-Cloud,1741,0,0,0,0,0,0,0.0
video07,TriClass-Cloud,1742,0,0,0,0,0,0,0.0
video07,TriClass-Cloud,1743,0,0,0,0,0,0,0.0
video07,TriClass-Cloud,1744,0,0,0,0,0,0,0.0
video07,TriClass-Cloud,1745,0,0,0,0,0,0,0.0
video07,TriClass-Cloud,1746,0,0,0,0,0,0,0.0
video07,TriClass-Cloud,1747,0,0,0,0,0,0,0.0
video07,TriClass-Cloud,1748,0,0,0,0,0,0,0.0
video07,TriClass-Cloud,1749,0,0,0,0,0,0,0.0
video07,TriClass-Cloud,1750,0,0,0,0,0,0,0.0
video07,TriClass-Cloud,1751,0,0,0,0,0,0,0.0
video07,TriClass-Cloud,1752,0,0,0,0,0,0,0.0
video07,TriClass-Cloud,1753,0,0,0,0,0,0,0.0
video07,TriClass-Cloud,1754,0,0,0,0,0,0,0.0
video07,TriClass-Cloud,1755,0,0,0,0,0,0,0.0
video07,TriClass-Cloud,1756,0,0,0,0,0,0,0.0
video07,TriClass-Cloud,1757,0,0,0,0,0,0,0.0
video07,TriClass-Cloud,1758,0,0,0,0,0,0,0.0
video07,TriClass-Cloud,1759,0,0,0,0,0,0,0.0
video07,TriClass-Cloud,1760,0,0,0,0,0,0,0.0
video07,TriClass-Cloud,1761,0,0,0,0,0,0,0.0
video07,TriClass-Cloud,1762,0,0,0,0,0,0,0.0
video07,TriClass-Cloud,1763,0,0,0,0,0,0,0.0
video07,TriClass-Cloud,1764,0,0,0,0,0,0,0.0
video07,TriClass-Cloud,1765,0,0,0,0,0,0,0.0
video07,TriClass-Cloud,1766,0,0,0,0,0,0,0.0
video07,TriClass-Cloud,1767,0,0,0,0,0,0,0.0
video07,TriClass-Cloud,1768,1,1,0,0,0,0,0.38559016585350037
video07,TriClass-Cloud,1769,1,1,0,0,1,0,0.34258848428726196
video07,TriClass-Cloud,1770,1,1,0,0,0,0,0.4828827381134033
video07,TriClass-Cloud,1771,2,2,0,0,0,0,0.3902396857738495
video07,TriClass-Cloud,1772,1,1,0,0,0,0,0.48610788583755493
video07,TriClass-Cloud,1773,1,1,0,0,0,0,0.5217100977897644
video07,TriClass-Cloud,1774,1,1,0,0,0,0,0.5582122206687927
video07,TriClass-Cloud,1775,2,2,0,0,0,0,0.513067364692688
video07,TriClass-Cloud,1776,1,1,0,0,0,0,0.4688747525215149
video07,TriClass-Cloud,1777,2,2,0,0,1,0,0.4471627175807953
video07,TriClass-Cloud,1778,1,1,0,0,0,0,0.4342241585254669
video07,TriClass-Cloud,1779,1,1,0,0,0,0,0.5199840664863586
video07,TriClass-Cloud,1780,1,1,0,0,0,0,0.503033459186554
video07,TriClass-Cloud,1781,1,1,0,0,0,0,0.5095911622047424
video07,TriClass-Cloud,1782,2,2,0,0,0,0,0.4949476420879364
video07,TriClass-Cloud,1783,2,2,0,0,1,0,0.5456267595291138
video07,TriClass-Cloud,1784,2,2,0,0,0,0,0.4882933795452118
video07,TriClass-Cloud,1785,1,1,0,0,0,0,0.5050267577171326
video07,TriClass-Cloud,1786,1,1,0,0,0,0,0.7217551469802856
video07,TriClass-Cloud,1787,1,1,0,0,0,0,0.7984904646873474
video07,TriClass-Cloud,1788,1,1,0,0,0,0,0.8445931673049927
video07,TriClass-Cloud,1789,1,1,0,0,0,0,0.8541887998580933
video07,TriClass-Cloud,1790,1,1,0,0,0,0,0.8643633127212524
video07,TriClass-Cloud,1791,1,1,0,0,0,0,0.873079240322113
video07,TriClass-Cloud,1792,1,1,0,0,0,0,0.8824565410614014
video07,TriClass-Cloud,1793,1,1,0,0,0,0,0.8367116451263428
video07,TriClass-Cloud,1794,1,1,0,0,0,0,0.8799424767494202
video07,TriClass-Cloud,1795,1,1,0,0,0,0,0.8808121085166931
video07,TriClass-Cloud,1796,1,1,0,0,0,0,0.8882854580879211
video07,TriClass-Cloud,1797,1,1,0,0,0,0,0.8755884766578674
video07,TriClass-Cloud,1798,1,1,0,0,0,0,0.8751058578491211
video07,TriClass-Cloud,1799,1,1,0,0,0,0,0.8532536625862122
video07,TriClass-Cloud,1800,1,1,0,0,0,0,0.8310455679893494
video07,TriClass-Cloud,1801,1,1,0,0,0,0,0.8696994781494141
video07,TriClass-Cloud,1802,1,1,0,0,0,0,0.8784001469612122
video07,TriClass-Cloud,1803,1,1,0,0,0,0,0.862872838973999
video07,TriClass-Cloud,1804,1,1,0,0,0,0,0.8588864207267761
video07,TriClass-Cloud,1805,1,1,0,0,0,0,0.8592109680175781
video07,TriClass-Cloud,1806,1,1,0,0,0,0,0.8520860075950623
video07,TriClass-Cloud,1807,1,1,0,0,0,0,0.8212625980377197
video07,TriClass-Cloud,1808,1,1,0,0,0,0,0.7947489023208618
video07,TriClass-Cloud,1809,1,1,0,0,0,0,0.8056793808937073
video07,TriClass-Cloud,1810,1,1,0,0,0,0,0.857601523399353
video07,TriClass-Cloud,1811,1,1,0,0,0,0,0.8146036267280579
video07,TriClass-Cloud,1812,1,1,0,0,0,0,0.7661761045455933
video07,TriClass-Cloud,1813,1,1,0,0,0,0,0.8251311182975769
video07,TriClass-Cloud,1814,1,1,0,0,0,0,0.872390627861023
video07,TriClass-Cloud,1815,1,1,0,0,0,0,0.8264617323875427
video07,TriClass-Cloud,1816,1,1,0,0,0,0,0.8544883728027344
video07,TriClass-Cloud,1817,1,1,0,0,0,0,0.7860453128814697
video07,TriClass-Cloud,1818,1,1,0,0,0,0,0.8330609202384949
video07,TriClass-Cloud,1819,1,1,0,0,0,0,0.7677648663520813
video07,TriClass-Cloud,1820,1,1,0,0,0,0,0.8440420627593994
video07,TriClass-Cloud,1821,1,1,0,0,0,0,0.8533965349197388
video07,TriClass-Cloud,1822,1,1,0,0,0,0,0.8400285243988037
video07,TriClass-Cloud,1823,1,1,0,0,0,0,0.8397809267044067
video07,TriClass-Cloud,1824,1,1,0,0,0,0,0.7028552293777466
video07,TriClass-Cloud,1825,1,1,0,0,0,0,0.7980439066886902
video07,TriClass-Cloud,1826,1,1,0,0,0,0,0.7616287469863892
video07,TriClass-Cloud,1827,1,1,0,0,0,0,0.8265373110771179
video07,TriClass-Cloud,1828,1,1,0,0,0,0,0.8591964244842529
video07,TriClass-Cloud,1829,1,1,0,0,0,0,0.8686321377754211
video07,TriClass-Cloud,1830,1,1,0,0,0,0,0.8682158589363098
video07,TriClass-Cloud,1831,1,1,0,0,0,0,0.8086416125297546
video07,TriClass-Cloud,1832,1,1,0,0,0,0,0.8612357974052429
video07,TriClass-Cloud,1833,1,1,0,0,0,0,0.8235697746276855
video07,TriClass-Cloud,1834,1,1,0,0,0,0,0.8425190448760986
video07,TriClass-Cloud,1835,1,1,0,0,0,0,0.7910820841789246
video07,TriClass-Cloud,1836,1,1,0,0,0,0,0.8169727921485901
video07,TriClass-Cloud,1837,1,1,0,0,0,0,0.815523087978363
video07,TriClass-Cloud,1838,1,1,0,0,0,0,0.8278473019599915
video07,TriClass-Cloud,1839,1,1,0,0,0,0,0.7948157787322998
video07,TriClass-Cloud,1840,1,1,0,0,0,0,0.852769136428833
video07,TriClass-Cloud,1841,1,1,0,0,0,0,0.8771926164627075
video07,TriClass-Cloud,1842,1,1,0,0,0,0,0.8533733487129211
video07,TriClass-Cloud,1843,1,1,0,0,0,0,0.850308358669281
video07,TriClass-Cloud,1844,1,1,0,0,0,0,0.7507757544517517
video07,TriClass-Cloud,1845,1,1,0,0,0,0,0.8331239223480225
video07,TriClass-Cloud,1846,1,1,0,0,0,0,0.7773153185844421
video07,TriClass-Cloud,1847,1,1,0,0,0,0,0.8338941931724548
video07,TriClass-Cloud,1848,2,2,0,0,0,0,0.7953779697418213
video07,TriClass-Cloud,1849,1,1,0,0,0,0,0.8516034483909607
video07,TriClass-Cloud,1850,1,1,0,0,0,0,0.8047627806663513
video07,TriClass-Cloud,1851,1,1,0,0,0,0,0.8222257494926453
video07,TriClass-Cloud,1852,2,2,0,0,0,0,0.8075350522994995
video07,TriClass-Cloud,1853,2,2,0,0,0,0,0.7992660999298096
video07,TriClass-Cloud,1854,2,2,0,0,0,0,0.7854971289634705
video07,TriClass-Cloud,1855,1,1,0,0,0,0,0.7177263498306274
video07,TriClass-Cloud,1856,1,1,0,0,0,0,0.6846688389778137
video07,TriClass-Cloud,1857,1,1,0,0,0,0,0.7874084115028381
video07,TriClass-Cloud,1858,1,1,0,0,0,0,0.7641674280166626
video07,TriClass-Cloud,1859,1,1,0,0,0,0,0.8295038342475891
video07,TriClass-Cloud,1860,1,1,0,0,0,0,0.7867611646652222
video07,TriClass-Cloud,1861,1,1,0,0,0,0,0.7908132076263428
video07,TriClass-Cloud,1862,1,1,0,0,0,0,0.7831447720527649
video07,TriClass-Cloud,1863,1,1,0,0,0,0,0.7627726793289185
video07,TriClass-Cloud,1864,1,1,0,0,0,0,0.7486686110496521
video07,TriClass-Cloud,1865,1,1,0,0,0,0,0.7217158079147339
video07,TriClass-Cloud,1866,1,1,0,0,0,0,0.716853678226471
video07,TriClass-Cloud,1867,1,1,0,0,0,0,0.8125172853469849
video07,TriClass-Cloud,1868,1,1,0,0,0,0,0.7841021418571472
video07,TriClass-Cloud,1869,1,1,0,0,0,0,0.8119248747825623
video07,TriClass-Cloud,1870,1,1,0,0,0,0,0.789928674697876
video07,TriClass-Cloud,1871,1,1,0,0,0,0,0.7241920828819275
video07,TriClass-Cloud,1872,1,1,0,0,0,0,0.7896278500556946
video07,TriClass-Cloud,1873,1,1,0,0,0,0,0.7990911602973938
video07,TriClass-Cloud,1874,2,2,0,0,0,0,0.6957799792289734
video07,TriClass-Cloud,1875,1,1,0,0,0,0,0.7283290028572083
video07,TriClass-Cloud,1876,1,1,0,0,0,0,0.8372313976287842
video07,TriClass-Cloud,1877,1,1,0,0,0,0,0.8058574199676514
video07,TriClass-Cloud,1878,1,1,0,0,0,0,0.8049700856208801
video07,TriClass-Cloud,1879,1,1,0,0,0,0,0.6818258166313171
video07,TriClass-Cloud,1880,1,1,0,0,0,0,0.7803535461425781
video07,TriClass-Cloud,1881,1,1,0,0,0,0,0.7707599997520447
video07,TriClass-Cloud,1882,2,2,0,0,0,0,0.7160327434539795
video07,TriClass-Cloud,1883,1,1,0,0,0,0,0.7882954478263855
video07,TriClass-Cloud,1884,1,1,0,0,0,0,0.8193674683570862
video07,TriClass-Cloud,1885,2,2,0,0,0,0,0.7035862803459167
video07,TriClass-Cloud,1886,1,1,0,0,0,0,0.7814103960990906
video07,TriClass-Cloud,1887,1,1,0,0,0,0,0.7074223160743713
video07,TriClass-Cloud,1888,1,1,0,0,0,0,0.7386324405670166
video07,TriClass-Cloud,1889,1,1,0,0,0,0,0.7664079070091248
video07,TriClass-Cloud,1890,1,1,0,0,0,0,0.7080978155136108
video07,TriClass-Cloud,1891,1,1,0,0,0,0,0.6498067378997803
video07,TriClass-Cloud,1892,2,2,0,0,0,0,0.5019700527191162
video07,TriClass-Cloud,1893,1,1,0,0,0,0,0.6725000739097595
video07,TriClass-Cloud,1894,1,1,0,0,0,0,0.7355352640151978
video07,TriClass-Cloud,1895,1,1,0,0,0,0,0.6413151025772095
video07,TriClass-Cloud,1896,1,1,0,0,0,0,0.6295972466468811
video07,TriClass-Cloud,1897,1,1,0,0,0,0,0.6385124325752258
video07,TriClass-Cloud,1898,1,1,0,0,0,0,0.699180006980896
video07,TriClass-Cloud,1899,1,1,0,0,0,0,0.6340473294258118
video07,TriClass-Cloud,1900,1,1,0,0,0,0,0.6446837186813354
video07,TriClass-Cloud,1901,1,1,0,0,0,0,0.5674176812171936
video07,TriClass-Cloud,1902,1,1,0,0,0,0,0.5279523134231567
video07,TriClass-Cloud,1903,1,1,0,0,0,0,0.579629123210907
video07,TriClass-Cloud,1904,1,1,0,0,0,0,0.5505964159965515
video07,TriClass-Cloud,1905,1,1,0,0,0,0,0.5189028382301331
video07,TriClass-Cloud,1906,1,1,0,0,0,0,0.6569128036499023
video07,TriClass-Cloud,1907,1,1,0,0,0,0,0.49119219183921814
video07,TriClass-Cloud,1908,1,1,0,0,0,0,0.6681495904922485
video07,TriClass-Cloud,1909,2,2,0,0,1,0,0.534382164478302
video07,TriClass-Cloud,1910,1,1,0,0,0,0,0.47906291484832764
video07,TriClass-Cloud,1911,1,1,0,0,0,0,0.544093906879425
video07,TriClass-Cloud,1912,1,1,0,0,0,0,0.5211840271949768
video07,TriClass-Cloud,1913,1,1,0,0,0,0,0.5826956033706665
video07,TriClass-Cloud,1914,1,1,0,0,0,0,0.5349034667015076
video07,TriClass-Cloud,1915,2,2,0,0,0,0,0.5445322394371033
video07,TriClass-Cloud,1916,1,1,0,0,0,0,0.4926166832447052
video07,TriClass-Cloud,1917,1,1,0,0,0,0,0.5886247754096985
video07,TriClass-Cloud,1918,1,1,0,0,0,0,0.725541889667511
video07,TriClass-Cloud,1919,1,1,0,0,0,0,0.5078311562538147
video07,TriClass-Cloud,1920,1,1,0,0,0,0,0.6117355823516846
video07,TriClass-Cloud,1921,1,1,0,0,0,0,0.6842290163040161
video07,TriClass-Cloud,1922,1,1,0,0,0,0,0.4497455954551697
video07,TriClass-Cloud,1923,2,2,0,0,1,0,0.3936408758163452
video07,TriClass-Cloud,1924,0,0,0,0,0,0,0.0
video07,TriClass-Cloud,1925,1,1,0,0,0,0,0.5029474496841431
video07,TriClass-Cloud,1926,1,1,0,0,0,0,0.43152502179145813
video07,TriClass-Cloud,1927,1,1,0,0,0,0,0.4117695093154907
video07,TriClass-Cloud,1928,1,1,0,0,0,0,0.4602155387401581
video07,TriClass-Cloud,1929,2,2,0,0,1,0,0.38246360421180725
video07,TriClass-Cloud,1930,1,1,0,0,0,0,0.4535883665084839
video07,TriClass-Cloud,1931,1,1,0,0,1,0,0.2897877097129822
video07,TriClass-Cloud,1932,1,1,0,0,0,0,0.39086562395095825
video07,TriClass-Cloud,1933,2,2,0,0,2,0,0.3119645416736603
video07,TriClass-Cloud,1934,1,1,0,0,1,0,0.3071623146533966
video07,TriClass-Cloud,1935,1,1,0,0,0,0,0.4357052445411682
video07,TriClass-Cloud,1936,1,1,0,0,0,0,0.4837224781513214
video07,TriClass-Cloud,1937,1,1,0,0,0,0,0.40140199661254883
video07,TriClass-Cloud,1938,2,2,0,0,2,0,0.2869665026664734
video07,TriClass-Cloud,1939,2,2,0,0,0,0,0.559912383556366
video07,TriClass-Cloud,1940,1,1,0,0,0,0,0.5973413586616516
video07,TriClass-Cloud,1941,1,1,0,0,1,0,0.2715934216976166
video07,TriClass-Cloud,1942,1,1,0,0,0,0,0.4344085454940796
video07,TriClass-Cloud,1943,1,1,0,0,1,0,0.2612467110157013
video07,TriClass-Cloud,1944,1,1,0,0,0,0,0.6720088124275208
video07,TriClass-Cloud,1945,2,2,0,0,0,0,0.3780134320259094
video07,TriClass-Cloud,1946,2,2,0,0,1,0,0.5297703742980957
video07,TriClass-Cloud,1947,0,0,0,0,0,0,0.0
video07,TriClass-Cloud,1948,2,2,0,0,0,0,0.4968469440937042
video07,TriClass-Cloud,1949,1,1,0,0,1,0,0.310824990272522
video07,TriClass-Cloud,1950,0,0,0,0,0,0,0.0
video07,TriClass-Cloud,1951,2,2,0,0,0,0,0.5318239331245422
video07,TriClass-Cloud,1952,1,1,0,0,0,0,0.46742790937423706
video07,TriClass-Cloud,1953,1,1,0,0,0,0,0.4793359935283661
video07,TriClass-Cloud,1954,1,1,0,0,1,0,0.25598612427711487
video07,TriClass-Cloud,1955,1,1,0,0,1,0,0.25826495885849
video07,TriClass-Cloud,1956,2,2,0,0,0,0,0.48618337512016296
video07,TriClass-Cloud,1957,2,2,0,0,2,0,0.3039647936820984
video07,TriClass-Cloud,1958,2,2,0,0,2,0,0.30182304978370667
video07,TriClass-Cloud,1959,1,1,0,0,1,0,0.25778642296791077
video07,TriClass-Cloud,1960,1,1,0,0,1,0,0.3162643015384674
video07,TriClass-Cloud,1961,1,1,0,0,1,0,0.31253790855407715
video07,TriClass-Cloud,1962,2,2,0,0,1,0,0.4237326383590698
video07,TriClass-Cloud,1963,1,1,0,0,0,0,0.42853182554244995
video07,TriClass-Cloud,1964,1,1,0,0,0,0,0.4354782998561859
video07,TriClass-Cloud,1965,2,2,0,0,2,0,0.3171203136444092
video07,TriClass-Cloud,1966,1,1,0,0,1,0,0.27692344784736633
video07,TriClass-Cloud,1967,1,1,0,0,1,0,0.28621456027030945
video07,TriClass-Cloud,1968,1,1,0,0,0,0,0.5830134749412537
video07,TriClass-Cloud,1969,2,2,0,0,1,0,0.478659987449646
video07,TriClass-Cloud,1970,2,2,0,0,0,0,0.4894447922706604
video07,TriClass-Cloud,1971,2,2,0,0,0,0,0.488027960062027
video07,TriClass-Cloud,1972,2,2,0,0,0,0,0.5054602026939392
video07,TriClass-Cloud,1973,0,0,0,0,0,0,0.0
video07,TriClass-Cloud,1974,0,0,0,0,0,0,0.0
video07,TriClass-Cloud,1975,0,0,0,0,0,0,0.0
video07,TriClass-Cloud,1976,0,0,0,0,0,0,0.0
video07,TriClass-Cloud,1977,0,0,0,0,0,0,0.0
video07,TriClass-Cloud,1978,0,0,0,0,0,0,0.0
video07,TriClass-Cloud,1979,0,0,0,0,0,0,0.0
video07,TriClass-Cloud,1980,0,0,0,0,0,0,0.0
video07,TriClass-Cloud,1981,0,0,0,0,0,0,0.0
video07,TriClass-Cloud,1982,0,0,0,0,0,0,0.0
video07,TriClass-Cloud,1983,0,0,0,0,0,0,0.0
video07,TriClass-Cloud,1984,0,0,0,0,0,0,0.0
video07,TriClass-Cloud,1985,0,0,0,0,0,0,0.0
video07,TriClass-Cloud,1986,0,0,0,0,0,0,0.0
video07,TriClass-Cloud,1987,0,0,0,0,0,0,0.0
video07,TriClass-Cloud,1988,0,0,0,0,0,0,0.0
video07,TriClass-Cloud,1989,0,0,0,0,0,0,0.0
video07,TriClass-Cloud,1990,0,0,0,0,0,0,0.0
video07,TriClass-Cloud,1991,0,0,0,0,0,0,0.0
video07,TriClass-Cloud,1992,0,0,0,0,0,0,0.0
video07,TriClass-Cloud,1993,0,0,0,0,0,0,0.0
video07,TriClass-Cloud,1994,0,0,0,0,0,0,0.0
video07,TriClass-Cloud,1995,0,0,0,0,0,0,0.0
video07,TriClass-Cloud,1996,0,0,0,0,0,0,0.0
video07,TriClass-Cloud,1997,0,0,0,0,0,0,0.0
video07,TriClass-Cloud,1998,0,0,0,0,0,0,0.0
video07,TriClass-Cloud,1999,0,0,0,0,0,0,0.0
video07,TriClass-Cloud,2000,0,0,0,0,0,0,0.0
video07,TriClass-Cloud,2001,0,0,0,0,0,0,0.0
video07,TriClass-Cloud,2002,0,0,0,0,0,0,0.0
video07,TriClass-Cloud,2003,0,0,0,0,0,0,0.0
video07,TriClass-Cloud,2004,0,0,0,0,0,0,0.0
video07,TriClass-Cloud,2005,0,0,0,0,0,0,0.0
video07,TriClass-Cloud,2006,0,0,0,0,0,0,0.0
video07,TriClass-Cloud,2007,0,0,0,0,0,0,0.0
video07,TriClass-Cloud,2008,0,0,0,0,0,0,0.0
video07,TriClass-Cloud,2009,0,0,0,0,0,0,0.0
video07,TriClass-Cloud,2010,0,0,0,0,0,0,0.0
video07,TriClass-Cloud,2011,1,1,0,0,0,0,0.505870521068573
video07,TriClass-Cloud,2012,0,0,0,0,0,0,0.0
video07,TriClass-Cloud,2013,1,1,0,0,0,0,0.5787020921707153
video07,TriClass-Cloud,2014,1,1,0,0,0,0,0.40115928649902344
video07,TriClass-Cloud,2015,2,2,0,0,2,0,0.2783631980419159
video07,TriClass-Cloud,2016,1,1,0,0,1,0,0.3040594160556793
video07,TriClass-Cloud,2017,1,1,0,0,0,0,0.7695196270942688
video07,TriClass-Cloud,2018,1,1,0,0,0,0,0.7807921171188354
video07,TriClass-Cloud,2019,1,1,0,0,1,0,0.2555767595767975
video07,TriClass-Cloud,2020,1,1,0,0,1,0,0.2535720765590668
video07,TriClass-Cloud,2021,0,0,0,0,0,0,0.0
video07,TriClass-Cloud,2022,0,0,0,0,0,0,0.0
video07,TriClass-Cloud,2023,0,0,0,0,0,0,0.0
video07,TriClass-Cloud,2024,1,1,0,0,0,0,0.48198893666267395
video07,TriClass-Cloud,2025,1,1,0,0,1,0,0.29278919100761414
video07,TriClass-Cloud,2026,1,1,0,0,0,0,0.6565099358558655
video07,TriClass-Cloud,2027,1,1,0,0,0,0,0.6495703458786011
video07,TriClass-Cloud,2028,1,1,0,0,0,0,0.7194071412086487
video07,TriClass-Cloud,2029,1,1,0,0,0,0,0.69439697265625
video07,TriClass-Cloud,2030,1,1,0,0,0,0,0.7634469270706177
video07,TriClass-Cloud,2031,1,1,0,0,0,0,0.7772983908653259
video07,TriClass-Cloud,2032,1,1,0,0,0,0,0.7045114636421204
video07,TriClass-Cloud,2033,1,1,0,0,0,0,0.7495365142822266
video07,TriClass-Cloud,2034,1,1,0,0,0,0,0.7169042825698853
video07,TriClass-Cloud,2035,1,1,0,0,0,0,0.7192534804344177
video07,TriClass-Cloud,2036,1,1,0,0,0,0,0.7265700101852417
video07,TriClass-Cloud,2037,1,1,0,0,0,0,0.6644033789634705
video07,TriClass-Cloud,2038,1,1,0,0,0,0,0.5260061025619507
video07,TriClass-Cloud,2039,1,1,0,0,0,0,0.48472878336906433
video07,TriClass-Cloud,2040,1,1,0,0,1,0,0.3120826780796051
video07,TriClass-Cloud,2041,1,1,0,0,0,0,0.7273495197296143
video07,TriClass-Cloud,2042,1,1,0,0,0,0,0.6872878074645996
video07,TriClass-Cloud,2043,1,1,0,0,0,0,0.7598173022270203
video07,TriClass-Cloud,2044,1,1,0,0,0,0,0.757117748260498
video07,TriClass-Cloud,2045,1,1,0,0,0,0,0.7507534027099609
video07,TriClass-Cloud,2046,2,2,0,0,1,0,0.3860801160335541
video07,TriClass-Cloud,2047,1,1,0,0,0,0,0.59664386510849
video07,TriClass-Cloud,2048,1,1,0,0,0,0,0.7696038484573364
video07,TriClass-Cloud,2049,1,1,0,0,0,0,0.7477113604545593
video07,TriClass-Cloud,2050,1,1,0,0,0,0,0.7493663430213928
video07,TriClass-Cloud,2051,1,1,0,0,0,0,0.591198742389679
video07,TriClass-Cloud,2052,0,0,0,0,0,0,0.0
video07,TriClass-Cloud,2053,1,1,0,0,0,0,0.7223330736160278
video07,TriClass-Cloud,2054,1,1,0,0,0,0,0.6677393317222595
video07,TriClass-Cloud,2055,1,1,0,0,0,0,0.7528383135795593
video07,TriClass-Cloud,2056,1,1,0,0,0,0,0.6607023477554321
video07,TriClass-Cloud,2057,1,1,0,0,0,0,0.7259982228279114
video07,TriClass-Cloud,2058,1,1,0,0,0,0,0.7304209470748901
video07,TriClass-Cloud,2059,1,1,0,0,0,0,0.7753328084945679
video07,TriClass-Cloud,2060,1,1,0,0,0,0,0.7080345749855042
video07,TriClass-Cloud,2061,1,1,0,0,0,0,0.7193909883499146
video07,TriClass-Cloud,2062,1,1,0,0,0,0,0.7606402039527893
video07,TriClass-Cloud,2063,1,1,0,0,0,0,0.6862090826034546
video07,TriClass-Cloud,2064,1,1,0,0,0,0,0.5085901021957397
video07,TriClass-Cloud,2065,1,1,0,0,0,0,0.5905025005340576
video07,TriClass-Cloud,2066,1,1,0,0,0,0,0.6120986938476562
video07,TriClass-Cloud,2067,1,1,0,0,0,0,0.5358715057373047
video07,TriClass-Cloud,2068,2,2,0,0,1,0,0.5551700592041016
video07,TriClass-Cloud,2069,1,1,0,0,0,0,0.6463913321495056
video07,TriClass-Cloud,2070,2,2,0,0,0,0,0.561229407787323
video07,TriClass-Cloud,2071,1,1,0,0,0,0,0.6130185127258301
video07,TriClass-Cloud,2072,1,1,0,0,0,0,0.633377730846405
video07,TriClass-Cloud,2073,1,1,0,0,0,0,0.7005532383918762
video07,TriClass-Cloud,2074,2,2,0,0,1,0,0.40621161460876465
video07,TriClass-Cloud,2075,1,1,0,0,0,0,0.5006051063537598
video07,TriClass-Cloud,2076,1,1,0,0,0,0,0.5107529163360596
video07,TriClass-Cloud,2077,2,2,0,0,1,0,0.45306524634361267
video07,TriClass-Cloud,2078,1,1,0,0,0,0,0.557466983795166
video07,TriClass-Cloud,2079,1,1,0,0,0,0,0.6680783629417419
video07,TriClass-Cloud,2080,1,1,0,0,0,0,0.5807651877403259
video07,TriClass-Cloud,2081,1,1,0,0,0,0,0.6376327872276306
video07,TriClass-Cloud,2082,1,1,0,0,0,0,0.46469277143478394
video07,TriClass-Cloud,2083,1,1,0,0,0,0,0.5432720184326172
video07,TriClass-Cloud,2084,1,1,0,0,0,0,0.43696457147598267
video07,TriClass-Cloud,2085,1,1,0,0,0,0,0.7090061902999878
video07,TriClass-Cloud,2086,1,1,0,0,0,0,0.44134634733200073
video07,TriClass-Cloud,2087,1,1,0,0,0,0,0.5198231935501099
video07,TriClass-Cloud,2088,1,1,0,0,0,0,0.6457394957542419
video07,TriClass-Cloud,2089,1,1,0,0,0,0,0.7232712507247925
video07,TriClass-Cloud,2090,2,2,0,0,2,0,0.32543137669563293
video07,TriClass-Cloud,2091,0,0,0,0,0,0,0.0
video07,TriClass-Cloud,2092,1,1,0,0,0,0,0.5450535416603088
video07,TriClass-Cloud,2093,1,1,0,0,0,0,0.6532217264175415
video07,TriClass-Cloud,2094,1,1,0,0,0,0,0.7512213587760925
video07,TriClass-Cloud,2095,1,1,0,0,0,0,0.621549665927887
video07,TriClass-Cloud,2096,1,1,0,0,0,0,0.544279158115387
video07,TriClass-Cloud,2097,1,1,0,0,0,0,0.663882851600647
video07,TriClass-Cloud,2098,1,1,0,0,0,0,0.38774389028549194
video07,TriClass-Cloud,2099,1,1,0,0,0,0,0.4514632523059845
video07,TriClass-Cloud,2100,1,1,0,0,0,0,0.6033895015716553
video07,TriClass-Cloud,2101,1,1,0,0,0,0,0.44766804575920105
video07,TriClass-Cloud,2102,1,1,0,0,1,0,0.3097502589225769
video07,TriClass-Cloud,2103,1,1,0,0,0,0,0.5873304605484009
video07,TriClass-Cloud,2104,2,2,0,0,1,0,0.41024646162986755
video07,TriClass-Cloud,2105,1,1,0,0,0,0,0.6782435178756714
video07,TriClass-Cloud,2106,1,1,0,0,0,0,0.4939724802970886
video07,TriClass-Cloud,2107,1,1,0,0,0,0,0.48337870836257935
video07,TriClass-Cloud,2108,1,1,0,0,0,0,0.7471350431442261
video07,TriClass-Cloud,2109,1,1,0,0,0,0,0.7880945205688477
video07,TriClass-Cloud,2110,1,1,0,0,0,0,0.7771420478820801
video07,TriClass-Cloud,2111,1,1,0,0,0,0,0.785417914390564
video07,TriClass-Cloud,2112,1,1,0,0,0,0,0.7432400584220886
video07,TriClass-Cloud,2113,1,1,0,0,0,0,0.5984078645706177
video07,TriClass-Cloud,2114,1,1,0,0,0,0,0.5233928561210632
video07,TriClass-Cloud,2115,1,1,0,0,0,0,0.5668872594833374
video07,TriClass-Cloud,2116,2,2,0,0,2,0,0.3277616798877716
video07,TriClass-Cloud,2117,1,1,0,0,0,0,0.5003721714019775
video07,TriClass-Cloud,2118,1,1,0,0,0,0,0.746209442615509
video07,TriClass-Cloud,2119,1,1,0,0,0,0,0.801842451095581
video07,TriClass-Cloud,2120,1,1,0,0,0,0,0.48219552636146545
video07,TriClass-Cloud,2121,1,1,0,0,0,0,0.5903528332710266
video07,TriClass-Cloud,2122,2,2,0,0,1,0,0.5297017693519592
video07,TriClass-Cloud,2123,1,1,0,0,0,0,0.6241620182991028
video07,TriClass-Cloud,2124,1,1,0,0,0,0,0.695499062538147
video07,TriClass-Cloud,2125,1,1,0,0,0,0,0.5496748685836792
video07,TriClass-Cloud,2126,1,1,0,0,0,0,0.6786311268806458
video07,TriClass-Cloud,2127,1,1,0,0,0,0,0.4963117837905884
video07,TriClass-Cloud,2128,1,1,0,0,0,0,0.712895929813385
video07,TriClass-Cloud,2129,1,1,0,0,0,0,0.6860932111740112
video07,TriClass-Cloud,2130,1,1,0,0,0,0,0.742634654045105
video07,TriClass-Cloud,2131,1,1,0,0,0,0,0.8229050040245056
video07,TriClass-Cloud,2132,1,1,0,0,0,0,0.8137347102165222
video07,TriClass-Cloud,2133,1,1,0,0,1,0,0.3164726197719574
video07,TriClass-Cloud,2134,1,1,0,0,0,0,0.7821456789970398
video07,TriClass-Cloud,2135,0,0,0,0,0,0,0.0
video07,TriClass-Cloud,2136,1,1,0,0,0,0,0.6136855483055115
video07,TriClass-Cloud,2137,1,1,0,0,0,0,0.4150511920452118
video07,TriClass-Cloud,2138,1,1,0,0,0,0,0.5979903340339661
video07,TriClass-Cloud,2139,1,1,0,0,0,0,0.3844298720359802
video07,TriClass-Cloud,2140,1,1,0,0,1,0,0.3177455961704254
video07,TriClass-Cloud,2141,1,1,0,0,0,0,0.7015653252601624
video07,TriClass-Cloud,2142,1,1,0,0,0,0,0.6211628317832947
video07,TriClass-Cloud,2143,1,1,0,0,0,0,0.7434091567993164
video07,TriClass-Cloud,2144,1,1,0,0,0,0,0.660395085811615
video07,TriClass-Cloud,2145,1,1,0,0,0,0,0.7719940543174744
video07,TriClass-Cloud,2146,1,1,0,0,0,0,0.7988617420196533
video07,TriClass-Cloud,2147,1,1,0,0,0,0,0.45681628584861755
video07,TriClass-Cloud,2148,0,0,0,0,0,0,0.0
video07,TriClass-Cloud,2149,1,1,0,0,0,0,0.5779250860214233
video07,TriClass-Cloud,2150,1,1,0,0,0,0,0.7483226656913757
video07,TriClass-Cloud,2151,1,1,0,0,0,0,0.41899916529655457
video07,TriClass-Cloud,2152,1,1,0,0,0,0,0.62081378698349
video07,TriClass-Cloud,2153,1,1,0,0,0,0,0.48385846614837646
video07,TriClass-Cloud,2154,1,1,0,0,0,0,0.7764503359794617
video07,TriClass-Cloud,2155,1,1,0,0,1,0,0.3108294904232025
video07,TriClass-Cloud,2156,1,1,0,0,0,0,0.7352554798126221
video07,TriClass-Cloud,2157,2,2,0,0,2,0,0.2858735918998718
video07,TriClass-Cloud,2158,2,2,0,0,2,0,0.3003186583518982
video07,TriClass-Cloud,2159,1,1,0,0,1,0,0.2589153051376343
video07,TriClass-Cloud,2160,1,1,0,0,0,0,0.4880063235759735
video07,TriClass-Cloud,2161,1,1,0,0,0,0,0.6348179578781128
video07,TriClass-Cloud,2162,1,1,0,0,0,0,0.6095036864280701
video07,TriClass-Cloud,2163,1,1,0,0,1,0,0.3296506702899933
video07,TriClass-Cloud,2164,1,1,0,0,0,0,0.5060800909996033
video07,TriClass-Cloud,2165,1,1,0,0,0,0,0.4305213987827301
video07,TriClass-Cloud,2166,1,1,0,0,1,0,0.28819018602371216
video07,TriClass-Cloud,2167,0,0,0,0,0,0,0.0
video07,TriClass-Cloud,2168,1,1,0,0,1,0,0.3026560842990875
video07,TriClass-Cloud,2169,0,0,0,0,0,0,0.0
video07,TriClass-Cloud,2170,0,0,0,0,0,0,0.0
video07,TriClass-Cloud,2171,1,1,0,0,1,0,0.31562596559524536
video07,TriClass-Cloud,2172,1,1,0,0,1,0,0.31756120920181274
video07,TriClass-Cloud,2173,1,1,0,0,0,0,0.6660417318344116
video07,TriClass-Cloud,2174,1,1,0,0,0,0,0.6623043417930603
video07,TriClass-Cloud,2175,1,1,0,0,0,0,0.49728459119796753
video07,TriClass-Cloud,2176,1,1,0,0,0,0,0.4827592968940735
video07,TriClass-Cloud,2177,1,1,0,0,0,0,0.7932789921760559
video07,TriClass-Cloud,2178,1,1,0,0,0,0,0.8280272483825684
video07,TriClass-Cloud,2179,1,1,0,0,0,0,0.8266489505767822
video07,TriClass-Cloud,2180,1,1,0,0,0,0,0.8250401616096497
video07,TriClass-Cloud,2181,1,1,0,0,0,0,0.8490833640098572
video07,TriClass-Cloud,2182,1,1,0,0,0,0,0.8493894338607788
video07,TriClass-Cloud,2183,1,1,0,0,0,0,0.8781841397285461
video07,TriClass-Cloud,2184,1,1,0,0,0,0,0.8539627194404602
video07,TriClass-Cloud,2185,1,1,0,0,0,0,0.8727391362190247
video07,TriClass-Cloud,2186,1,1,0,0,0,0,0.8546395897865295
video07,TriClass-Cloud,2187,1,1,0,0,0,0,0.8510560989379883
video07,TriClass-Cloud,2188,1,1,0,0,0,0,0.8205624222755432
video07,TriClass-Cloud,2189,1,1,0,0,0,0,0.8571162819862366
video07,TriClass-Cloud,2190,1,1,0,0,0,0,0.8578569889068604
video07,TriClass-Cloud,2191,1,1,0,0,0,0,0.8351417183876038
video07,TriClass-Cloud,2192,2,2,0,0,0,0,0.7355919480323792
video07,TriClass-Cloud,2193,1,1,0,0,0,0,0.8437079191207886
video07,TriClass-Cloud,2194,1,1,0,0,0,0,0.7795108556747437
video07,TriClass-Cloud,2195,1,1,0,0,0,0,0.8051750659942627
video07,TriClass-Cloud,2196,1,1,0,0,0,0,0.8450436592102051
video07,TriClass-Cloud,2197,2,2,0,0,0,0,0.6664283275604248
video07,TriClass-Cloud,2198,1,1,0,0,0,0,0.8639516234397888
video07,TriClass-Cloud,2199,1,1,0,0,0,0,0.8459592461585999
video07,TriClass-Cloud,2200,1,1,0,0,0,0,0.8246429562568665
video07,TriClass-Cloud,2201,1,1,0,0,0,0,0.8212738037109375
video07,TriClass-Cloud,2202,1,1,0,0,0,0,0.7885734438896179
video07,TriClass-Cloud,2203,1,1,0,0,0,0,0.873620331287384
video07,TriClass-Cloud,2204,1,1,0,0,0,0,0.8862383961677551
video07,TriClass-Cloud,2205,1,1,0,0,0,0,0.854840874671936
video07,TriClass-Cloud,2206,1,1,0,0,0,0,0.8426558971405029
video07,TriClass-Cloud,2207,1,1,0,0,0,0,0.8839742541313171
video07,TriClass-Cloud,2208,1,1,0,0,0,0,0.7884449362754822
video07,TriClass-Cloud,2209,1,1,0,0,0,0,0.8523654937744141
video07,TriClass-Cloud,2210,1,1,0,0,0,0,0.8549062609672546
video07,TriClass-Cloud,2211,1,1,0,0,0,0,0.847378134727478
video07,TriClass-Cloud,2212,1,1,0,0,0,0,0.8529356122016907
video07,TriClass-Cloud,2213,1,1,0,0,0,0,0.8263229131698608
video07,TriClass-Cloud,2214,1,1,0,0,0,0,0.8650979399681091
video07,TriClass-Cloud,2215,1,1,0,0,0,0,0.8313501477241516
video07,TriClass-Cloud,2216,1,1,0,0,0,0,0.8512580990791321
video07,TriClass-Cloud,2217,1,1,0,0,0,0,0.8509780168533325
video07,TriClass-Cloud,2218,1,1,0,0,0,0,0.8532942533493042
video07,TriClass-Cloud,2219,1,1,0,0,0,0,0.8549273610115051
video07,TriClass-Cloud,2220,1,1,0,0,0,0,0.8641372323036194
video07,TriClass-Cloud,2221,1,1,0,0,0,0,0.8624635934829712
video07,TriClass-Cloud,2222,1,1,0,0,0,0,0.8497530817985535
video07,TriClass-Cloud,2223,1,1,0,0,0,0,0.7540104985237122
video07,TriClass-Cloud,2224,1,1,0,0,0,0,0.8255544304847717
video07,TriClass-Cloud,2225,1,1,0,0,0,0,0.7909929752349854
video07,TriClass-Cloud,2226,1,1,0,0,0,0,0.8627585172653198
video07,TriClass-Cloud,2227,1,1,0,0,0,0,0.8456846475601196
video07,TriClass-Cloud,2228,1,1,0,0,0,0,0.8647670745849609
video07,TriClass-Cloud,2229,1,1,0,0,0,0,0.8326758742332458
video07,TriClass-Cloud,2230,2,2,0,0,0,0,0.7660028338432312
video07,TriClass-Cloud,2231,1,1,0,0,0,0,0.827233076095581
video07,TriClass-Cloud,2232,1,1,0,0,0,0,0.8277071118354797
video07,TriClass-Cloud,2233,1,1,0,0,0,0,0.8366209268569946
video07,TriClass-Cloud,2234,1,1,0,0,0,0,0.8558499217033386
video07,TriClass-Cloud,2235,2,2,0,0,1,0,0.7970178127288818
video07,TriClass-Cloud,2236,1,1,0,0,0,0,0.8548881411552429
video07,TriClass-Cloud,2237,1,1,0,0,0,0,0.8425189256668091
video07,TriClass-Cloud,2238,1,1,0,0,0,0,0.863002598285675
video07,TriClass-Cloud,2239,1,1,0,0,0,0,0.8432664275169373
video07,TriClass-Cloud,2240,1,1,0,0,0,0,0.8437279462814331
video07,TriClass-Cloud,2241,1,1,0,0,0,0,0.8466886878013611
video07,TriClass-Cloud,2242,1,1,0,0,0,0,0.8290802240371704
video07,TriClass-Cloud,2243,1,1,0,0,0,0,0.8496254086494446
video07,TriClass-Cloud,2244,2,2,0,0,0,0,0.7045263648033142
video07,TriClass-Cloud,2245,1,1,0,0,0,0,0.831156313419342
video07,TriClass-Cloud,2246,1,1,0,0,0,0,0.8588237166404724
video07,TriClass-Cloud,2247,1,1,0,0,0,0,0.8518273830413818
video07,TriClass-Cloud,2248,1,1,0,0,0,0,0.8459574580192566
video07,TriClass-Cloud,2249,1,1,0,0,0,0,0.8341573476791382
video07,TriClass-Cloud,2250,1,1,0,0,0,0,0.8648149371147156
video07,TriClass-Cloud,2251,1,1,0,0,0,0,0.8115643262863159
video07,TriClass-Cloud,2252,1,1,0,0,0,0,0.8516188859939575
video07,TriClass-Cloud,2253,1,1,0,0,0,0,0.8456246256828308
video07,TriClass-Cloud,2254,1,1,0,0,0,0,0.8334835171699524
video07,TriClass-Cloud,2255,1,1,0,0,0,0,0.8471478819847107
video07,TriClass-Cloud,2256,1,1,0,0,0,0,0.8328067064285278
video07,TriClass-Cloud,2257,1,1,0,0,0,0,0.8225051164627075
video07,TriClass-Cloud,2258,1,1,0,0,0,0,0.845775842666626
video07,TriClass-Cloud,2259,1,1,0,0,0,0,0.7845671772956848
video07,TriClass-Cloud,2260,1,1,0,0,0,0,0.7643672227859497
video07,TriClass-Cloud,2261,1,1,0,0,0,0,0.8321181535720825
video07,TriClass-Cloud,2262,1,1,0,0,0,0,0.8597437143325806
video07,TriClass-Cloud,2263,1,1,0,0,0,0,0.8012098670005798
video07,TriClass-Cloud,2264,1,1,0,0,0,0,0.8096030950546265
video07,TriClass-Cloud,2265,1,1,0,0,0,0,0.8054599761962891
video07,TriClass-Cloud,2266,1,1,0,0,0,0,0.8581640720367432
video07,TriClass-Cloud,2267,1,1,0,0,0,0,0.5918831825256348
video07,TriClass-Cloud,2268,1,1,0,0,0,0,0.8345363736152649
video07,TriClass-Cloud,2269,2,2,0,0,0,0,0.802101731300354
video07,TriClass-Cloud,2270,1,1,0,0,0,0,0.820927619934082
video07,TriClass-Cloud,2271,1,1,0,0,0,0,0.837157666683197
video07,TriClass-Cloud,2272,2,2,0,0,0,0,0.8395335078239441
video07,TriClass-Cloud,2273,1,1,0,0,0,0,0.8558796048164368
video07,TriClass-Cloud,2274,1,1,0,0,0,0,0.8591704964637756
video07,TriClass-Cloud,2275,1,1,0,0,0,0,0.8530629277229309
video07,TriClass-Cloud,2276,2,2,0,0,0,0,0.5456036925315857
video07,TriClass-Cloud,2277,2,2,0,0,0,0,0.8453156352043152
video07,TriClass-Cloud,2278,1,1,0,0,0,0,0.8550043106079102
video07,TriClass-Cloud,2279,1,1,0,0,0,0,0.8606957793235779
video07,TriClass-Cloud,2280,1,1,0,0,0,0,0.8463325500488281
video07,TriClass-Cloud,2281,1,1,0,0,0,0,0.8585153818130493
video07,TriClass-Cloud,2282,1,1,0,0,0,0,0.8539726734161377
video07,TriClass-Cloud,2283,1,1,0,0,0,0,0.8565866351127625
video07,TriClass-Cloud,2284,1,1,0,0,0,0,0.8487213253974915
video07,TriClass-Cloud,2285,1,1,0,0,0,0,0.8593288064002991
video07,TriClass-Cloud,2286,1,1,0,0,0,0,0.8633403778076172
video07,TriClass-Cloud,2287,1,1,0,0,0,0,0.8633401393890381
video07,TriClass-Cloud,2288,1,1,0,0,0,0,0.8582330346107483
video07,TriClass-Cloud,2289,1,1,0,0,0,0,0.817803680896759
video07,TriClass-Cloud,2290,1,1,0,0,0,0,0.85918790102005
video07,TriClass-Cloud,2291,1,1,0,0,0,0,0.8583567142486572
video07,TriClass-Cloud,2292,1,1,0,0,0,0,0.863166868686676
video07,TriClass-Cloud,2293,1,1,0,0,0,0,0.8704257607460022
video07,TriClass-Cloud,2294,1,1,0,0,0,0,0.864901065826416
video07,TriClass-Cloud,2295,1,1,0,0,0,0,0.8688071966171265
video07,TriClass-Cloud,2296,1,1,0,0,0,0,0.8675255179405212
video07,TriClass-Cloud,2297,2,2,0,0,0,0,0.7216023206710815
video07,TriClass-Cloud,2298,2,2,0,0,0,0,0.7702167630195618
video07,TriClass-Cloud,2299,1,1,0,0,0,0,0.8710882663726807
video07,TriClass-Cloud,2300,1,1,0,0,0,0,0.8846332430839539
video07,TriClass-Cloud,2301,1,1,0,0,0,0,0.8889256119728088
video07,TriClass-Cloud,2302,1,1,0,0,0,0,0.8744695782661438
video07,TriClass-Cloud,2303,1,1,0,0,0,0,0.8858314752578735
video07,TriClass-Cloud,2304,1,1,0,0,0,0,0.8810193538665771
video07,TriClass-Cloud,2305,1,1,0,0,0,0,0.8849506974220276
video07,TriClass-Cloud,2306,1,1,0,0,0,0,0.8787988424301147
video07,TriClass-Cloud,2307,1,1,0,0,0,0,0.8902230858802795
video07,TriClass-Cloud,2308,1,1,0,0,0,0,0.8851204514503479
video07,TriClass-Cloud,2309,1,1,0,0,0,0,0.875607967376709
video07,TriClass-Cloud,2310,1,1,0,0,0,0,0.8752691745758057
video07,TriClass-Cloud,2311,1,1,0,0,0,0,0.7467508912086487
video07,TriClass-Cloud,2312,1,1,0,0,0,0,0.8846030831336975
video07,TriClass-Cloud,2313,1,1,0,0,0,0,0.86998450756073
video07,TriClass-Cloud,2314,1,1,0,0,0,0,0.8825356364250183
video07,TriClass-Cloud,2315,1,1,0,0,0,0,0.8771078586578369
video07,TriClass-Cloud,2316,1,1,0,0,0,0,0.8483182191848755
video07,TriClass-Cloud,2317,1,1,0,0,0,0,0.8729965090751648
video07,TriClass-Cloud,2318,1,1,0,0,0,0,0.8817699551582336
video07,TriClass-Cloud,2319,1,1,0,0,0,0,0.8699594736099243
video07,TriClass-Cloud,2320,1,1,0,0,0,0,0.8820438385009766
video07,TriClass-Cloud,2321,1,1,0,0,0,0,0.8620890378952026
video07,TriClass-Cloud,2322,1,1,0,0,0,0,0.8536014556884766
video07,TriClass-Cloud,2323,1,1,0,0,0,0,0.8769814372062683
video07,TriClass-Cloud,2324,1,1,0,0,0,0,0.8423036932945251
video07,TriClass-Cloud,2325,1,1,0,0,0,0,0.8607698678970337
video07,TriClass-Cloud,2326,1,1,0,0,0,0,0.8452628254890442
video07,TriClass-Cloud,2327,1,1,0,0,0,0,0.8562607765197754
video07,TriClass-Cloud,2328,1,1,0,0,0,0,0.8489885330200195
video07,TriClass-Cloud,2329,1,1,0,0,0,0,0.8585529327392578
video07,TriClass-Cloud,2330,1,1,0,0,0,0,0.8466212749481201
video07,TriClass-Cloud,2331,1,1,0,0,0,0,0.8551087975502014
video07,TriClass-Cloud,2332,1,1,0,0,0,0,0.8632195591926575
video07,TriClass-Cloud,2333,1,1,0,0,0,0,0.8626479506492615
video07,TriClass-Cloud,2334,1,1,0,0,0,0,0.8529893159866333
video07,TriClass-Cloud,2335,1,1,0,0,0,0,0.8735292553901672
video07,TriClass-Cloud,2336,1,1,0,0,0,0,0.8607600927352905
video07,TriClass-Cloud,2337,1,1,0,0,0,0,0.8626524806022644
video07,TriClass-Cloud,2338,1,1,0,0,0,0,0.8472013473510742
video07,TriClass-Cloud,2339,1,1,0,0,0,0,0.8505547642707825
video07,TriClass-Cloud,2340,1,1,0,0,0,0,0.8691796064376831
video07,TriClass-Cloud,2341,1,1,0,0,0,0,0.8574921488761902
video07,TriClass-Cloud,2342,1,1,0,0,0,0,0.8513916730880737
video07,TriClass-Cloud,2343,2,2,0,0,0,0,0.6174594759941101
video07,TriClass-Cloud,2344,1,1,0,0,0,0,0.780073881149292
video07,TriClass-Cloud,2345,1,1,0,0,0,0,0.848084032535553
video07,TriClass-Cloud,2346,1,1,0,0,0,0,0.8692636489868164
video07,TriClass-Cloud,2347,1,1,0,0,0,0,0.8738148808479309
video07,TriClass-Cloud,2348,1,1,0,0,0,0,0.7429303526878357
video07,TriClass-Cloud,2349,1,1,0,0,0,0,0.8397306203842163
video07,TriClass-Cloud,2350,1,1,0,0,0,0,0.77812260389328
video07,TriClass-Cloud,2351,1,1,0,0,0,0,0.8245239853858948
video07,TriClass-Cloud,2352,1,1,0,0,0,0,0.8336064219474792
video07,TriClass-Cloud,2353,1,1,0,0,0,0,0.8346434235572815
video07,TriClass-Cloud,2354,1,1,0,0,0,0,0.8619998693466187
video07,TriClass-Cloud,2355,1,1,0,0,0,0,0.8481041789054871
video07,TriClass-Cloud,2356,1,1,0,0,0,0,0.848263144493103
video07,TriClass-Cloud,2357,1,1,0,0,0,0,0.842143714427948
video07,TriClass-Cloud,2358,1,1,0,0,0,0,0.8622037768363953
video07,TriClass-Cloud,2359,1,1,0,0,0,0,0.8534106016159058
video07,TriClass-Cloud,2360,1,1,0,0,0,0,0.8531261086463928
video07,TriClass-Cloud,2361,1,1,0,0,0,0,0.8336110711097717
video07,TriClass-Cloud,2362,1,1,0,0,0,0,0.8763951659202576
video07,TriClass-Cloud,2363,1,1,0,0,0,0,0.8411628007888794
video07,TriClass-Cloud,2364,1,1,0,0,0,0,0.8370392918586731
video07,TriClass-Cloud,2365,1,1,0,0,0,0,0.8466907143592834
video07,TriClass-Cloud,2366,1,1,0,0,0,0,0.8637071251869202
video07,TriClass-Cloud,2367,1,1,0,0,0,0,0.8655669093132019
video07,TriClass-Cloud,2368,1,1,0,0,0,0,0.8269811868667603
video07,TriClass-Cloud,2369,1,1,0,0,0,0,0.780798077583313
video07,TriClass-Cloud,2370,1,1,0,0,0,0,0.863695502281189
video07,TriClass-Cloud,2371,1,1,0,0,0,0,0.8503478765487671
video07,TriClass-Cloud,2372,1,1,0,0,0,0,0.8421849012374878
video07,TriClass-Cloud,2373,1,1,0,0,0,0,0.8578711152076721
video07,TriClass-Cloud,2374,1,1,0,0,0,0,0.8373347520828247
video07,TriClass-Cloud,2375,1,1,0,0,0,0,0.8576437830924988
video07,TriClass-Cloud,2376,1,1,0,0,0,0,0.8465088605880737
video07,TriClass-Cloud,2377,1,1,0,0,0,0,0.8688747882843018
video07,TriClass-Cloud,2378,1,1,0,0,0,0,0.8651626110076904
video07,TriClass-Cloud,2379,1,1,0,0,0,0,0.842553973197937
video07,TriClass-Cloud,2380,1,1,0,0,0,0,0.8647154569625854
video07,TriClass-Cloud,2381,1,1,0,0,0,0,0.8783578276634216
video07,TriClass-Cloud,2382,1,1,0,0,0,0,0.8652707934379578
video07,TriClass-Cloud,2383,1,1,0,0,0,0,0.8859792947769165
video07,TriClass-Cloud,2384,1,1,0,0,0,0,0.8500744104385376
video07,TriClass-Cloud,2385,1,1,0,0,0,0,0.8629047870635986
video07,TriClass-Cloud,2386,1,1,0,0,0,0,0.8493983745574951
video07,TriClass-Cloud,2387,1,1,0,0,0,0,0.8576467037200928
video07,TriClass-Cloud,2388,1,1,0,0,0,0,0.8526718616485596
video07,TriClass-Cloud,2389,1,1,0,0,0,0,0.7781299352645874
video07,TriClass-Cloud,2390,1,1,0,0,0,0,0.8535206913948059
video07,TriClass-Cloud,2391,1,1,0,0,0,0,0.8774413466453552
video07,TriClass-Cloud,2392,1,1,0,0,0,0,0.8328641653060913
video07,TriClass-Cloud,2393,1,1,0,0,0,0,0.8694112300872803
video07,TriClass-Cloud,2394,1,1,0,0,0,0,0.8445995450019836
video07,TriClass-Cloud,2395,1,1,0,0,0,0,0.845562756061554
video07,TriClass-Cloud,2396,1,1,0,0,0,0,0.8307603001594543
video07,TriClass-Cloud,2397,1,1,0,0,0,0,0.857297420501709
video07,TriClass-Cloud,2398,1,1,0,0,0,0,0.7572745680809021
video07,TriClass-Cloud,2399,1,1,0,0,0,0,0.8758472800254822
video07,TriClass-Cloud,2400,1,1,0,0,0,0,0.8441826105117798
video07,TriClass-Cloud,2401,1,1,0,0,0,0,0.8730794787406921
video07,TriClass-Cloud,2402,2,2,0,0,0,0,0.8174662590026855
video07,TriClass-Cloud,2403,1,1,0,0,0,0,0.821492075920105
video07,TriClass-Cloud,2404,1,1,0,0,0,0,0.8066614270210266
video07,TriClass-Cloud,2405,1,1,0,0,0,0,0.8560295104980469
video07,TriClass-Cloud,2406,1,1,0,0,0,0,0.8426825404167175
video07,TriClass-Cloud,2407,1,1,0,0,0,0,0.8685823082923889
video07,TriClass-Cloud,2408,1,1,0,0,0,0,0.8479548692703247
video07,TriClass-Cloud,2409,1,1,0,0,0,0,0.8651825189590454
video07,TriClass-Cloud,2410,1,1,0,0,0,0,0.8574953079223633
video07,TriClass-Cloud,2411,1,1,0,0,0,0,0.8685752749443054
video07,TriClass-Cloud,2412,1,1,0,0,0,0,0.8686471581459045
video07,TriClass-Cloud,2413,1,1,0,0,0,0,0.8662436008453369
video07,TriClass-Cloud,2414,1,1,0,0,0,0,0.8568682074546814
video07,TriClass-Cloud,2415,1,1,0,0,0,0,0.8263594508171082
video07,TriClass-Cloud,2416,1,1,0,0,0,0,0.8541983366012573
video07,TriClass-Cloud,2417,1,1,0,0,0,0,0.8562597632408142
video07,TriClass-Cloud,2418,1,1,0,0,0,0,0.8174829483032227
video07,TriClass-Cloud,2419,1,1,0,0,0,0,0.8414835333824158
video07,TriClass-Cloud,2420,1,1,0,0,0,0,0.8570929765701294
video07,TriClass-Cloud,2421,1,1,0,0,0,0,0.8581152558326721
video07,TriClass-Cloud,2422,1,1,0,0,0,0,0.8558440804481506
video07,TriClass-Cloud,2423,1,1,0,0,0,0,0.8552615642547607
video07,TriClass-Cloud,2424,1,1,0,0,0,0,0.8545448780059814
video07,TriClass-Cloud,2425,1,1,0,0,0,0,0.8688504695892334
video07,TriClass-Cloud,2426,1,1,0,0,0,0,0.8757290840148926
video07,TriClass-Cloud,2427,1,1,0,0,0,0,0.8732175230979919
video07,TriClass-Cloud,2428,1,1,0,0,0,0,0.8406129479408264
video07,TriClass-Cloud,2429,1,1,0,0,0,0,0.8627116680145264
video07,TriClass-Cloud,2430,1,1,0,0,0,0,0.8428307771682739
video07,TriClass-Cloud,2431,1,1,0,0,0,0,0.8731425404548645
video07,TriClass-Cloud,2432,1,1,0,0,0,0,0.8565877079963684
video07,TriClass-Cloud,2433,1,1,0,0,0,0,0.8551663160324097
video07,TriClass-Cloud,2434,1,1,0,0,0,0,0.8219640254974365
video07,TriClass-Cloud,2435,1,1,0,0,0,0,0.8317310214042664
video07,TriClass-Cloud,2436,1,1,0,0,0,0,0.8564911484718323
video07,TriClass-Cloud,2437,1,1,0,0,0,0,0.8442437648773193
video07,TriClass-Cloud,2438,1,1,0,0,0,0,0.8546054363250732
video07,TriClass-Cloud,2439,1,1,0,0,0,0,0.8522742986679077
video07,TriClass-Cloud,2440,1,1,0,0,0,0,0.8512221574783325
video07,TriClass-Cloud,2441,1,1,0,0,0,0,0.8125998973846436
video07,TriClass-Cloud,2442,1,1,0,0,0,0,0.8649066090583801
video07,TriClass-Cloud,2443,1,1,0,0,0,0,0.8721883296966553
video07,TriClass-Cloud,2444,1,1,0,0,0,0,0.8745701909065247
video07,TriClass-Cloud,2445,1,1,0,0,0,0,0.8546555042266846
video07,TriClass-Cloud,2446,1,1,0,0,0,0,0.8546873927116394
video07,TriClass-Cloud,2447,1,1,0,0,0,0,0.8284358382225037
video07,TriClass-Cloud,2448,1,1,0,0,0,0,0.844278872013092
video07,TriClass-Cloud,2449,1,1,0,0,0,0,0.821260392665863
video07,TriClass-Cloud,2450,1,1,0,0,0,0,0.7637340426445007
video07,TriClass-Cloud,2451,1,1,0,0,0,0,0.842361330986023
video07,TriClass-Cloud,2452,1,1,0,0,0,0,0.8442237377166748
video07,TriClass-Cloud,2453,1,1,0,0,0,0,0.8602742552757263
video07,TriClass-Cloud,2454,1,1,0,0,0,0,0.8390002250671387
video07,TriClass-Cloud,2455,1,1,0,0,0,0,0.8508837819099426
video07,TriClass-Cloud,2456,1,1,0,0,0,0,0.7898157835006714
video07,TriClass-Cloud,2457,1,1,0,0,0,0,0.859573245048523
video07,TriClass-Cloud,2458,1,1,0,0,0,0,0.851125955581665
video07,TriClass-Cloud,2459,1,1,0,0,0,0,0.8388062715530396
video07,TriClass-Cloud,2460,1,1,0,0,0,0,0.8543870449066162
video07,TriClass-Cloud,2461,1,1,0,0,0,0,0.8547945022583008
video07,TriClass-Cloud,2462,1,1,0,0,0,0,0.8354581594467163
video07,TriClass-Cloud,2463,1,1,0,0,0,0,0.861623227596283
video07,TriClass-Cloud,2464,1,1,0,0,0,0,0.850803792476654
video07,TriClass-Cloud,2465,1,1,0,0,0,0,0.8512438535690308
video07,TriClass-Cloud,2466,1,1,0,0,0,0,0.8254844546318054
video07,TriClass-Cloud,2467,1,1,0,0,0,0,0.8551397323608398
video07,TriClass-Cloud,2468,1,1,0,0,0,0,0.8450484275817871
video07,TriClass-Cloud,2469,1,1,0,0,0,0,0.8342072367668152
video07,TriClass-Cloud,2470,1,1,0,0,0,0,0.7856021523475647
video07,TriClass-Cloud,2471,2,2,0,0,0,0,0.7829627394676208
video07,TriClass-Cloud,2472,1,1,0,0,0,0,0.8507152795791626
video07,TriClass-Cloud,2473,1,1,0,0,0,0,0.8433569073677063
video07,TriClass-Cloud,2474,1,1,0,0,0,0,0.8637356758117676
video07,TriClass-Cloud,2475,1,1,0,0,0,0,0.8466464877128601
video07,TriClass-Cloud,2476,1,1,0,0,0,0,0.8621193766593933
video07,TriClass-Cloud,2477,1,1,0,0,0,0,0.8692863583564758
video07,TriClass-Cloud,2478,1,1,0,0,0,0,0.8815954327583313
video07,TriClass-Cloud,2479,1,1,0,0,0,0,0.8813807964324951
