video,model,frame,detections,drone_det,bird_det,false_class,low_conf_fp,tp_iou,max_conf
video13,TriClass-Cloud-FT,0,1,1,0,0,0,1,0.8314434289932251
video13,TriClass-Cloud-FT,1,1,1,0,0,0,0,0.821251392364502
video13,TriClass-Cloud-FT,2,1,1,0,0,0,0,0.846228837966919
video13,TriClass-Cloud-FT,3,1,1,0,0,0,0,0.8642673492431641
video13,TriClass-Cloud-FT,4,1,1,0,0,0,0,0.8714233636856079
video13,TriClass-Cloud-FT,5,1,1,0,0,0,0,0.8738495707511902
video13,TriClass-Cloud-FT,6,1,1,0,0,0,0,0.875194251537323
video13,TriClass-Cloud-FT,7,1,1,0,0,0,0,0.874618649482727
video13,TriClass-Cloud-FT,8,1,1,0,0,0,0,0.8782740235328674
video13,TriClass-Cloud-FT,9,1,1,0,0,0,0,0.883345901966095
video13,TriClass-Cloud-FT,10,1,1,0,0,0,0,0.8785000443458557
video13,TriClass-Cloud-FT,11,1,1,0,0,0,0,0.8776084184646606
video13,TriClass-Cloud-FT,12,1,1,0,0,0,0,0.8823802471160889
video13,TriClass-Cloud-FT,13,1,1,0,0,0,0,0.8791672587394714
video13,TriClass-Cloud-FT,14,1,1,0,0,0,0,0.8869099617004395
video13,TriClass-Cloud-FT,15,1,1,0,0,0,0,0.8900432586669922
video13,TriClass-Cloud-FT,16,1,1,0,0,0,0,0.884961724281311
video13,TriClass-Cloud-FT,17,1,1,0,0,0,0,0.9230974316596985
video13,TriClass-Cloud-FT,18,1,1,0,0,0,0,0.9192795753479004
video13,TriClass-Cloud-FT,19,1,1,0,0,0,0,0.9178460240364075
video13,TriClass-Cloud-FT,20,1,1,0,0,0,0,0.9119135737419128
video13,TriClass-Cloud-FT,21,1,1,0,0,0,0,0.919837474822998
video13,TriClass-Cloud-FT,22,1,1,0,0,0,0,0.9170731902122498
video13,TriClass-Cloud-FT,23,1,1,0,0,0,0,0.9217220544815063
video13,TriClass-Cloud-FT,24,1,1,0,0,0,0,0.9248351454734802
video13,TriClass-Cloud-FT,25,1,1,0,0,0,0,0.8835662603378296
video13,TriClass-Cloud-FT,26,1,1,0,0,0,0,0.9217901229858398
video13,TriClass-Cloud-FT,27,1,1,0,0,0,0,0.9188966751098633
video13,TriClass-Cloud-FT,28,1,1,0,0,0,0,0.8935008645057678
video13,TriClass-Cloud-FT,29,1,1,0,0,0,0,0.9192556738853455
video13,TriClass-Cloud-FT,30,1,1,0,0,0,0,0.9183182716369629
video13,TriClass-Cloud-FT,31,1,1,0,0,0,0,0.9214187264442444
video13,TriClass-Cloud-FT,32,1,1,0,0,0,0,0.8770714998245239
video13,TriClass-Cloud-FT,33,1,1,0,0,0,0,0.8732110261917114
video13,TriClass-Cloud-FT,34,1,1,0,0,0,0,0.8666149973869324
video13,TriClass-Cloud-FT,35,1,1,0,0,0,0,0.8464810848236084
video13,TriClass-Cloud-FT,36,1,1,0,0,0,0,0.8363285660743713
video13,TriClass-Cloud-FT,37,1,1,0,0,0,0,0.8020572662353516
video13,TriClass-Cloud-FT,38,1,1,0,0,0,0,0.7550191283226013
video13,TriClass-Cloud-FT,39,1,1,0,0,0,0,0.7299339175224304
video13,TriClass-Cloud-FT,40,2,2,0,0,1,0,0.6317703127861023
video13,TriClass-Cloud-FT,41,1,1,0,0,0,0,0.8578211069107056
video13,TriClass-Cloud-FT,42,1,1,0,0,0,0,0.854744017124176
video13,TriClass-Cloud-FT,43,1,1,0,0,0,0,0.8413851261138916
video13,TriClass-Cloud-FT,44,1,1,0,0,0,0,0.8601458072662354
video13,TriClass-Cloud-FT,45,1,1,0,0,0,0,0.8604271411895752
video13,TriClass-Cloud-FT,46,1,1,0,0,0,0,0.8702208399772644
video13,TriClass-Cloud-FT,47,1,1,0,0,0,0,0.8447325229644775
video13,TriClass-Cloud-FT,48,1,1,0,0,0,0,0.8627902865409851
video13,TriClass-Cloud-FT,49,1,1,0,0,0,0,0.86709064245224
video13,TriClass-Cloud-FT,50,2,2,0,0,0,0,0.6439765691757202
video13,TriClass-Cloud-FT,51,2,2,0,0,1,0,0.6309219002723694
video13,TriClass-Cloud-FT,52,2,2,0,0,0,0,0.5509791970252991
video13,TriClass-Cloud-FT,53,1,1,0,0,0,0,0.8642165660858154
video13,TriClass-Cloud-FT,54,1,1,0,0,0,0,0.8514581322669983
video13,TriClass-Cloud-FT,55,1,1,0,0,0,0,0.8561924695968628
video13,TriClass-Cloud-FT,56,1,1,0,0,0,0,0.8374346494674683
video13,TriClass-Cloud-FT,57,1,1,0,0,0,0,0.8506435751914978
video13,TriClass-Cloud-FT,58,1,1,0,0,0,0,0.8496205806732178
video13,TriClass-Cloud-FT,59,1,1,0,0,0,0,0.7587257623672485
video13,TriClass-Cloud-FT,60,1,1,0,0,0,0,0.7557281851768494
video13,TriClass-Cloud-FT,61,1,1,0,0,0,0,0.8288379907608032
video13,TriClass-Cloud-FT,62,1,1,0,0,0,0,0.792304515838623
video13,TriClass-Cloud-FT,63,1,1,0,0,0,0,0.8260717391967773
video13,TriClass-Cloud-FT,64,1,1,0,0,0,0,0.8484463095664978
video13,TriClass-Cloud-FT,65,1,1,0,0,0,0,0.8647651076316833
video13,TriClass-Cloud-FT,66,1,1,0,0,0,0,0.8063251972198486
video13,TriClass-Cloud-FT,67,1,1,0,0,0,0,0.7095958590507507
video13,TriClass-Cloud-FT,68,1,1,0,0,0,0,0.7197556495666504
video13,TriClass-Cloud-FT,69,1,1,0,0,0,0,0.8133904337882996
video13,TriClass-Cloud-FT,70,1,1,0,0,0,0,0.7189275026321411
video13,TriClass-Cloud-FT,71,1,1,0,0,0,0,0.8359740972518921
video13,TriClass-Cloud-FT,72,1,1,0,0,0,0,0.8481931090354919
video13,TriClass-Cloud-FT,73,1,1,0,0,0,0,0.8540083169937134
video13,TriClass-Cloud-FT,74,1,1,0,0,0,0,0.8669561743736267
video13,TriClass-Cloud-FT,75,1,1,0,0,0,0,0.8662592172622681
video13,TriClass-Cloud-FT,76,1,1,0,0,0,0,0.8648302555084229
video13,TriClass-Cloud-FT,77,1,1,0,0,0,0,0.8711163401603699
video13,TriClass-Cloud-FT,78,1,1,0,0,0,0,0.8749352693557739
video13,TriClass-Cloud-FT,79,1,1,0,0,0,0,0.8728320598602295
video13,TriClass-Cloud-FT,80,1,1,0,0,0,0,0.8642377853393555
video13,TriClass-Cloud-FT,81,1,1,0,0,0,0,0.8562894463539124
video13,TriClass-Cloud-FT,82,1,1,0,0,0,0,0.8450924158096313
video13,TriClass-Cloud-FT,83,1,1,0,0,0,0,0.8601972460746765
video13,TriClass-Cloud-FT,84,1,1,0,0,0,0,0.8552340269088745
video13,TriClass-Cloud-FT,85,1,1,0,0,0,0,0.859712541103363
video13,TriClass-Cloud-FT,86,1,1,0,0,0,0,0.8624439835548401
video13,TriClass-Cloud-FT,87,1,1,0,0,0,0,0.8633379936218262
video13,TriClass-Cloud-FT,88,1,1,0,0,0,0,0.8693365454673767
video13,TriClass-Cloud-FT,89,1,1,0,0,0,0,0.8702392578125
video13,TriClass-Cloud-FT,90,1,1,0,0,0,0,0.8550360202789307
video13,TriClass-Cloud-FT,91,1,1,0,0,0,0,0.8799733519554138
video13,TriClass-Cloud-FT,92,1,1,0,0,0,0,0.871454119682312
video13,TriClass-Cloud-FT,93,1,1,0,0,0,0,0.8805131912231445
video13,TriClass-Cloud-FT,94,1,1,0,0,0,0,0.8655722737312317
video13,TriClass-Cloud-FT,95,1,1,0,0,0,0,0.8395747542381287
video13,TriClass-Cloud-FT,96,1,1,0,0,0,0,0.8808537125587463
video13,TriClass-Cloud-FT,97,1,1,0,0,0,0,0.8809949159622192
video13,TriClass-Cloud-FT,98,1,1,0,0,0,0,0.8321151733398438
video13,TriClass-Cloud-FT,99,1,1,0,0,0,0,0.8272227048873901
video13,TriClass-Cloud-FT,100,1,1,0,0,0,0,0.8459542989730835
video13,TriClass-Cloud-FT,101,1,1,0,0,0,0,0.8624342083930969
video13,TriClass-Cloud-FT,102,1,1,0,0,0,0,0.8512189388275146
video13,TriClass-Cloud-FT,103,1,1,0,0,0,0,0.8785362839698792
video13,TriClass-Cloud-FT,104,2,2,0,0,0,0,0.4861566722393036
video13,TriClass-Cloud-FT,105,1,1,0,0,0,0,0.8894078135490417
video13,TriClass-Cloud-FT,106,1,1,0,0,0,0,0.8607367873191833
video13,TriClass-Cloud-FT,107,1,1,0,0,0,0,0.882509171962738
video13,TriClass-Cloud-FT,108,2,2,0,0,1,0,0.4664885997772217
video13,TriClass-Cloud-FT,109,2,2,0,0,0,0,0.5827665328979492
video13,TriClass-Cloud-FT,110,2,2,0,0,0,0,0.5770278573036194
video13,TriClass-Cloud-FT,111,1,1,0,0,0,0,0.8463128209114075
video13,TriClass-Cloud-FT,112,1,1,0,0,0,0,0.8515505194664001
video13,TriClass-Cloud-FT,113,1,1,0,0,0,0,0.803882896900177
video13,TriClass-Cloud-FT,114,1,1,0,0,0,0,0.8830694556236267
video13,TriClass-Cloud-FT,115,1,1,0,0,0,0,0.8383119702339172
video13,TriClass-Cloud-FT,116,1,1,0,0,0,0,0.8722655773162842
video13,TriClass-Cloud-FT,117,1,1,0,0,0,0,0.85319983959198
video13,TriClass-Cloud-FT,118,1,1,0,0,0,0,0.8037300705909729
video13,TriClass-Cloud-FT,119,1,1,0,0,0,0,0.721283495426178
video13,TriClass-Cloud-FT,120,1,1,0,0,0,0,0.8452234864234924
video13,TriClass-Cloud-FT,121,1,1,0,0,0,0,0.7968549728393555
video13,TriClass-Cloud-FT,122,2,2,0,0,0,0,0.7160952687263489
video13,TriClass-Cloud-FT,123,1,1,0,0,0,0,0.8452593088150024
video13,TriClass-Cloud-FT,124,2,2,0,0,0,0,0.7363059520721436
video13,TriClass-Cloud-FT,125,1,1,0,0,0,0,0.7708662152290344
video13,TriClass-Cloud-FT,126,1,1,0,0,0,0,0.8198707699775696
video13,TriClass-Cloud-FT,127,1,1,0,0,0,0,0.8338692784309387
video13,TriClass-Cloud-FT,128,1,1,0,0,0,0,0.8630234003067017
video13,TriClass-Cloud-FT,129,1,1,0,0,0,0,0.798555850982666
video13,TriClass-Cloud-FT,130,2,2,0,0,0,0,0.6066577434539795
video13,TriClass-Cloud-FT,131,1,1,0,0,0,0,0.8055503368377686
video13,TriClass-Cloud-FT,132,1,1,0,0,0,0,0.8440126776695251
video13,TriClass-Cloud-FT,133,1,1,0,0,0,0,0.8483648896217346
video13,TriClass-Cloud-FT,134,1,1,0,0,0,0,0.8492588996887207
video13,TriClass-Cloud-FT,135,2,2,0,0,0,0,0.5064882040023804
video13,TriClass-Cloud-FT,136,1,1,0,0,0,0,0.8516806364059448
video13,TriClass-Cloud-FT,137,1,1,0,0,0,0,0.8563948273658752
video13,TriClass-Cloud-FT,138,1,1,0,0,0,0,0.8992470502853394
video13,TriClass-Cloud-FT,139,1,1,0,0,0,0,0.8253517746925354
video13,TriClass-Cloud-FT,140,1,1,0,0,0,0,0.8154845833778381
video13,TriClass-Cloud-FT,141,1,1,0,0,0,0,0.8525651693344116
video13,TriClass-Cloud-FT,142,1,1,0,0,0,0,0.8469424843788147
video13,TriClass-Cloud-FT,143,1,1,0,0,0,0,0.875158965587616
video13,TriClass-Cloud-FT,144,1,1,0,0,0,0,0.8796314597129822
video13,TriClass-Cloud-FT,145,1,1,0,0,0,0,0.8907646536827087
video13,TriClass-Cloud-FT,146,1,1,0,0,0,0,0.8759254813194275
video13,TriClass-Cloud-FT,147,1,1,0,0,0,0,0.8678247332572937
video13,TriClass-Cloud-FT,148,1,1,0,0,0,0,0.8767746686935425
video13,TriClass-Cloud-FT,149,1,1,0,0,0,0,0.8600191473960876
video13,TriClass-Cloud-FT,150,1,1,0,0,0,0,0.842848002910614
video13,TriClass-Cloud-FT,151,1,1,0,0,0,0,0.8063830137252808
video13,TriClass-Cloud-FT,152,1,1,0,0,0,0,0.7313030362129211
video13,TriClass-Cloud-FT,153,1,1,0,0,0,0,0.8070261478424072
video13,TriClass-Cloud-FT,154,1,1,0,0,0,0,0.8473660945892334
video13,TriClass-Cloud-FT,155,1,1,0,0,0,0,0.8597169518470764
video13,TriClass-Cloud-FT,156,1,1,0,0,0,0,0.861376166343689
video13,TriClass-Cloud-FT,157,1,1,0,0,0,0,0.8383970260620117
video13,TriClass-Cloud-FT,158,1,1,0,0,0,0,0.7781152725219727
video13,TriClass-Cloud-FT,159,1,1,0,0,0,0,0.8135337233543396
video13,TriClass-Cloud-FT,160,1,1,0,0,0,0,0.8047966361045837
video13,TriClass-Cloud-FT,161,1,1,0,0,0,0,0.8323601484298706
video13,TriClass-Cloud-FT,162,1,1,0,0,0,0,0.8110117316246033
video13,TriClass-Cloud-FT,163,1,1,0,0,0,0,0.8435532450675964
video13,TriClass-Cloud-FT,164,1,1,0,0,0,0,0.8114257454872131
video13,TriClass-Cloud-FT,165,1,1,0,0,0,0,0.8530705571174622
video13,TriClass-Cloud-FT,166,1,1,0,0,0,0,0.8352786898612976
video13,TriClass-Cloud-FT,167,1,1,0,0,0,0,0.7896504402160645
video13,TriClass-Cloud-FT,168,1,1,0,0,0,0,0.7830097079277039
video13,TriClass-Cloud-FT,169,1,1,0,0,0,0,0.7949336171150208
video13,TriClass-Cloud-FT,170,1,1,0,0,0,0,0.8062699437141418
video13,TriClass-Cloud-FT,171,1,1,0,0,0,0,0.826569139957428
video13,TriClass-Cloud-FT,172,1,1,0,0,0,0,0.8049131631851196
video13,TriClass-Cloud-FT,173,2,2,0,0,1,0,0.6312360763549805
video13,TriClass-Cloud-FT,174,1,1,0,0,0,0,0.7915812134742737
video13,TriClass-Cloud-FT,175,1,1,0,0,0,0,0.7496492266654968
video13,TriClass-Cloud-FT,176,1,1,0,0,0,0,0.7220330834388733
video13,TriClass-Cloud-FT,177,1,1,0,0,0,0,0.8428885340690613
video13,TriClass-Cloud-FT,178,1,1,0,0,0,0,0.7861049771308899
video13,TriClass-Cloud-FT,179,1,1,0,0,0,0,0.7593425512313843
video13,TriClass-Cloud-FT,180,1,1,0,0,0,0,0.8167240619659424
video13,TriClass-Cloud-FT,181,1,1,0,0,0,0,0.8033546209335327
video13,TriClass-Cloud-FT,182,1,1,0,0,0,0,0.8087652921676636
video13,TriClass-Cloud-FT,183,1,1,0,0,0,0,0.4350385367870331
video13,TriClass-Cloud-FT,184,0,0,0,0,0,0,0.0
video13,TriClass-Cloud-FT,185,1,1,0,0,0,0,0.6410731077194214
video13,TriClass-Cloud-FT,186,2,2,0,0,1,0,0.4961491525173187
video13,TriClass-Cloud-FT,187,2,2,0,0,0,0,0.6278509497642517
video13,TriClass-Cloud-FT,188,2,2,0,0,0,0,0.41362264752388
video13,TriClass-Cloud-FT,189,2,2,0,0,1,0,0.49418380856513977
video13,TriClass-Cloud-FT,190,1,1,0,0,0,0,0.7491422295570374
video13,TriClass-Cloud-FT,191,1,1,0,0,0,0,0.7876158356666565
video13,TriClass-Cloud-FT,192,1,1,0,0,0,0,0.7654122114181519
video13,TriClass-Cloud-FT,193,1,1,0,0,0,0,0.7594653964042664
video13,TriClass-Cloud-FT,194,1,1,0,0,0,0,0.7099999189376831
video13,TriClass-Cloud-FT,195,2,2,0,0,1,0,0.4116330146789551
video13,TriClass-Cloud-FT,196,1,1,0,0,0,0,0.821679413318634
video13,TriClass-Cloud-FT,197,1,1,0,0,0,0,0.8147534132003784
video13,TriClass-Cloud-FT,198,1,1,0,0,0,0,0.786906361579895
video13,TriClass-Cloud-FT,199,1,1,0,0,0,0,0.8334516882896423
video13,TriClass-Cloud-FT,200,1,1,0,0,0,0,0.7527297139167786
video13,TriClass-Cloud-FT,201,1,1,0,0,0,0,0.8165671229362488
video13,TriClass-Cloud-FT,202,1,1,0,0,0,0,0.8026149272918701
video13,TriClass-Cloud-FT,203,1,1,0,0,0,0,0.4561838209629059
video13,TriClass-Cloud-FT,204,2,2,0,0,1,0,0.7135037779808044
video13,TriClass-Cloud-FT,205,1,1,0,0,0,0,0.7517339587211609
video13,TriClass-Cloud-FT,206,0,0,0,0,0,0,0.0
video13,TriClass-Cloud-FT,207,0,0,0,0,0,0,0.0
video13,TriClass-Cloud-FT,208,0,0,0,0,0,0,0.0
video13,TriClass-Cloud-FT,209,0,0,0,0,0,0,0.0
video13,TriClass-Cloud-FT,210,1,1,0,0,0,0,0.5296604037284851
video13,TriClass-Cloud-FT,211,1,1,0,0,0,0,0.8047415018081665
video13,TriClass-Cloud-FT,212,1,1,0,0,0,0,0.7466756105422974
video13,TriClass-Cloud-FT,213,1,1,0,0,0,0,0.7777271866798401
video13,TriClass-Cloud-FT,214,1,1,0,0,0,0,0.8125666975975037
video13,TriClass-Cloud-FT,215,2,2,0,0,0,0,0.6104114651679993
video13,TriClass-Cloud-FT,216,1,1,0,0,0,0,0.7429302334785461
video13,TriClass-Cloud-FT,217,2,2,0,0,1,0,0.6414747834205627
video13,TriClass-Cloud-FT,218,2,2,0,0,0,0,0.5155032277107239
video13,TriClass-Cloud-FT,219,1,1,0,0,0,0,0.7109317779541016
video13,TriClass-Cloud-FT,220,1,1,0,0,0,0,0.7361381649971008
video13,TriClass-Cloud-FT,221,1,1,0,0,0,0,0.792625904083252
video13,TriClass-Cloud-FT,222,1,1,0,0,0,0,0.5290761590003967
video13,TriClass-Cloud-FT,223,2,2,0,0,0,0,0.5113160610198975
video13,TriClass-Cloud-FT,224,1,1,0,0,0,0,0.6048924922943115
video13,TriClass-Cloud-FT,225,1,1,0,0,0,0,0.7197381258010864
video13,TriClass-Cloud-FT,226,1,1,0,0,0,0,0.45176318287849426
video13,TriClass-Cloud-FT,227,1,1,0,0,0,0,0.5788571834564209
video13,TriClass-Cloud-FT,228,1,1,0,0,0,0,0.6538431644439697
video13,TriClass-Cloud-FT,229,1,1,0,0,0,0,0.4649176597595215
video13,TriClass-Cloud-FT,230,1,1,0,0,0,0,0.5564308762550354
video13,TriClass-Cloud-FT,231,1,1,0,0,0,0,0.7969207763671875
video13,TriClass-Cloud-FT,232,1,1,0,0,0,0,0.7846382856369019
video13,TriClass-Cloud-FT,233,1,1,0,0,0,0,0.7726201415061951
video13,TriClass-Cloud-FT,234,1,1,0,0,0,0,0.6867004632949829
video13,TriClass-Cloud-FT,235,1,1,0,0,0,0,0.39745253324508667
video13,TriClass-Cloud-FT,236,1,1,0,0,0,0,0.8242177367210388
video13,TriClass-Cloud-FT,237,1,1,0,0,0,0,0.8131943345069885
video13,TriClass-Cloud-FT,238,1,1,0,0,0,0,0.5848117470741272
video13,TriClass-Cloud-FT,239,1,1,0,0,0,0,0.7517289519309998
video13,TriClass-Cloud-FT,240,1,1,0,0,0,0,0.7512774467468262
video13,TriClass-Cloud-FT,241,1,1,0,0,0,0,0.747005820274353
video13,TriClass-Cloud-FT,242,1,1,0,0,0,0,0.7786920666694641
video13,TriClass-Cloud-FT,243,1,1,0,0,0,0,0.7537025213241577
video13,TriClass-Cloud-FT,244,1,1,0,0,0,0,0.8442465662956238
video13,TriClass-Cloud-FT,245,1,1,0,0,0,0,0.8467997908592224
video13,TriClass-Cloud-FT,246,1,1,0,0,0,0,0.8430755138397217
video13,TriClass-Cloud-FT,247,1,1,0,0,0,0,0.8565648794174194
video13,TriClass-Cloud-FT,248,1,1,0,0,0,0,0.7796878814697266
video13,TriClass-Cloud-FT,249,1,1,0,0,0,0,0.8338239192962646
video13,TriClass-Cloud-FT,250,1,1,0,0,0,0,0.72597736120224
video13,TriClass-Cloud-FT,251,1,1,0,0,0,0,0.5407246947288513
video13,TriClass-Cloud-FT,252,1,1,0,0,0,0,0.43697020411491394
video13,TriClass-Cloud-FT,253,1,1,0,0,0,0,0.7849463224411011
video13,TriClass-Cloud-FT,254,1,1,0,0,0,0,0.806489884853363
video13,TriClass-Cloud-FT,255,1,1,0,0,0,0,0.8299759030342102
video13,TriClass-Cloud-FT,256,1,1,0,0,0,0,0.836893618106842
video13,TriClass-Cloud-FT,257,1,1,0,0,0,0,0.8423840999603271
video13,TriClass-Cloud-FT,258,1,1,0,0,0,0,0.8312298059463501
video13,TriClass-Cloud-FT,259,1,1,0,0,0,0,0.7731521725654602
video13,TriClass-Cloud-FT,260,1,1,0,0,0,0,0.7117961049079895
video13,TriClass-Cloud-FT,261,1,1,0,0,0,0,0.6143867373466492
video13,TriClass-Cloud-FT,262,0,0,0,0,0,0,0.0
video13,TriClass-Cloud-FT,263,1,1,0,0,1,0,0.2507402002811432
video13,TriClass-Cloud-FT,264,1,1,0,0,0,0,0.8131274580955505
video13,TriClass-Cloud-FT,265,1,1,0,0,0,0,0.8268154859542847
video13,TriClass-Cloud-FT,266,1,1,0,0,0,0,0.8264216780662537
video13,TriClass-Cloud-FT,267,1,1,0,0,0,0,0.8292508721351624
video13,TriClass-Cloud-FT,268,1,1,0,0,0,0,0.8317813277244568
video13,TriClass-Cloud-FT,269,1,1,0,0,0,0,0.7664375901222229
video13,TriClass-Cloud-FT,270,1,1,0,0,0,0,0.8314979672431946
video13,TriClass-Cloud-FT,271,1,1,0,0,0,0,0.7885774970054626
video13,TriClass-Cloud-FT,272,1,1,0,0,0,0,0.8023360371589661
video13,TriClass-Cloud-FT,273,1,1,0,0,0,0,0.7434711456298828
video13,TriClass-Cloud-FT,274,1,1,0,0,0,0,0.8030184507369995
video13,TriClass-Cloud-FT,275,1,1,0,0,0,0,0.8138563632965088
video13,TriClass-Cloud-FT,276,1,1,0,0,0,0,0.8152062296867371
video13,TriClass-Cloud-FT,277,1,1,0,0,0,0,0.779967725276947
video13,TriClass-Cloud-FT,278,1,1,0,0,0,0,0.739183247089386
video13,TriClass-Cloud-FT,279,0,0,0,0,0,0,0.0
video13,TriClass-Cloud-FT,280,0,0,0,0,0,0,0.0
video13,TriClass-Cloud-FT,281,0,0,0,0,0,0,0.0
video13,TriClass-Cloud-FT,282,0,0,0,0,0,0,0.0
video13,TriClass-Cloud-FT,283,2,2,0,0,1,0,0.3507273197174072
video13,TriClass-Cloud-FT,284,0,0,0,0,0,0,0.0
video13,TriClass-Cloud-FT,285,1,1,0,0,0,0,0.4594112038612366
video13,TriClass-Cloud-FT,286,1,1,0,0,1,0,0.2925751507282257
video13,TriClass-Cloud-FT,287,1,1,0,0,0,0,0.37735646963119507
video13,TriClass-Cloud-FT,288,1,1,0,0,1,0,0.3109913170337677
video13,TriClass-Cloud-FT,289,0,0,0,0,0,0,0.0
video13,TriClass-Cloud-FT,290,0,0,0,0,0,0,0.0
video13,TriClass-Cloud-FT,291,0,0,0,0,0,0,0.0
video13,TriClass-Cloud-FT,292,0,0,0,0,0,0,0.0
video13,TriClass-Cloud-FT,293,0,0,0,0,0,0,0.0
video13,TriClass-Cloud-FT,294,0,0,0,0,0,0,0.0
video13,TriClass-Cloud-FT,295,0,0,0,0,0,0,0.0
video13,TriClass-Cloud-FT,296,0,0,0,0,0,0,0.0
video13,TriClass-Cloud-FT,297,1,1,0,0,0,0,0.35376325249671936
video13,TriClass-Cloud-FT,298,1,1,0,0,1,0,0.2517186403274536
video13,TriClass-Cloud-FT,299,1,1,0,0,0,0,0.36115968227386475
video13,TriClass-Cloud-FT,300,0,0,0,0,0,0,0.0
video13,TriClass-Cloud-FT,301,0,0,0,0,0,0,0.0
video13,TriClass-Cloud-FT,302,1,1,0,0,0,0,0.3755890130996704
video13,TriClass-Cloud-FT,303,1,1,0,0,1,0,0.25044283270835876
video13,TriClass-Cloud-FT,304,0,0,0,0,0,0,0.0
video13,TriClass-Cloud-FT,305,0,0,0,0,0,0,0.0
video13,TriClass-Cloud-FT,306,0,0,0,0,0,0,0.0
video13,TriClass-Cloud-FT,307,0,0,0,0,0,0,0.0
video13,TriClass-Cloud-FT,308,1,1,0,0,1,0,0.3231794834136963
video13,TriClass-Cloud-FT,309,0,0,0,0,0,0,0.0
video13,TriClass-Cloud-FT,310,0,0,0,0,0,0,0.0
video13,TriClass-Cloud-FT,311,0,0,0,0,0,0,0.0
video13,TriClass-Cloud-FT,312,1,1,0,0,0,0,0.4973635971546173
video13,TriClass-Cloud-FT,313,0,0,0,0,0,0,0.0
video13,TriClass-Cloud-FT,314,1,1,0,0,0,0,0.5619600415229797
video13,TriClass-Cloud-FT,315,1,1,0,0,0,0,0.6866062879562378
video13,TriClass-Cloud-FT,316,1,1,0,0,0,0,0.6849315762519836
video13,TriClass-Cloud-FT,317,1,1,0,0,0,0,0.6445707678794861
video13,TriClass-Cloud-FT,318,1,1,0,0,0,0,0.6301829814910889
video13,TriClass-Cloud-FT,319,1,1,0,0,0,0,0.7176415324211121
video13,TriClass-Cloud-FT,320,1,1,0,0,0,0,0.7072392702102661
video13,TriClass-Cloud-FT,321,1,1,0,0,0,0,0.6998655200004578
video13,TriClass-Cloud-FT,322,1,1,0,0,0,0,0.5774879455566406
video13,TriClass-Cloud-FT,323,1,1,0,0,0,0,0.7613084316253662
video13,TriClass-Cloud-FT,324,1,1,0,0,0,0,0.7647082805633545
video13,TriClass-Cloud-FT,325,1,1,0,0,0,0,0.7287458181381226
video13,TriClass-Cloud-FT,326,1,1,0,0,0,0,0.7320085167884827
video13,TriClass-Cloud-FT,327,1,1,0,0,0,0,0.5926730632781982
video13,TriClass-Cloud-FT,328,1,1,0,0,1,0,0.2908669412136078
video13,TriClass-Cloud-FT,329,1,1,0,0,0,0,0.4168533980846405
video13,TriClass-Cloud-FT,330,1,1,0,0,0,0,0.681138813495636
video13,TriClass-Cloud-FT,331,1,1,0,0,0,0,0.671961784362793
video13,TriClass-Cloud-FT,332,1,1,0,0,0,0,0.825002908706665
video13,TriClass-Cloud-FT,333,1,1,0,0,0,0,0.8305216431617737
video13,TriClass-Cloud-FT,334,1,1,0,0,0,0,0.8271933794021606
video13,TriClass-Cloud-FT,335,1,1,0,0,0,0,0.8225588202476501
video13,TriClass-Cloud-FT,336,1,1,0,0,0,0,0.8198639154434204
video13,TriClass-Cloud-FT,337,1,1,0,0,0,0,0.7725533246994019
video13,TriClass-Cloud-FT,338,1,1,0,0,0,0,0.7501892447471619
video13,TriClass-Cloud-FT,339,1,1,0,0,0,0,0.743799090385437
video13,TriClass-Cloud-FT,340,1,1,0,0,0,0,0.5569601655006409
video13,TriClass-Cloud-FT,341,1,1,0,0,0,0,0.6688975691795349
video13,TriClass-Cloud-FT,342,1,1,0,0,0,0,0.7487985491752625
video13,TriClass-Cloud-FT,343,1,1,0,0,0,0,0.7485417723655701
video13,TriClass-Cloud-FT,344,1,1,0,0,0,0,0.8310268521308899
video13,TriClass-Cloud-FT,345,1,1,0,0,0,0,0.8337777853012085
video13,TriClass-Cloud-FT,346,1,1,0,0,0,0,0.8705129027366638
video13,TriClass-Cloud-FT,347,1,1,0,0,0,0,0.8724246621131897
video13,TriClass-Cloud-FT,348,1,1,0,0,0,0,0.861430823802948
video13,TriClass-Cloud-FT,349,1,1,0,0,0,0,0.8643600940704346
video13,TriClass-Cloud-FT,350,1,1,0,0,0,0,0.8693429827690125
video13,TriClass-Cloud-FT,351,1,1,0,0,0,0,0.8485262989997864
video13,TriClass-Cloud-FT,352,1,1,0,0,0,0,0.8569849133491516
video13,TriClass-Cloud-FT,353,1,1,0,0,0,0,0.8551462888717651
video13,TriClass-Cloud-FT,354,1,1,0,0,0,0,0.8583056926727295
video13,TriClass-Cloud-FT,355,1,1,0,0,0,0,0.8579939007759094
video13,TriClass-Cloud-FT,356,2,2,0,0,0,0,0.6244359612464905
video13,TriClass-Cloud-FT,357,1,1,0,0,0,0,0.9022767543792725
video13,TriClass-Cloud-FT,358,1,1,0,0,0,0,0.896228015422821
video13,TriClass-Cloud-FT,359,1,1,0,0,0,0,0.8636339902877808
video13,TriClass-Cloud-FT,360,1,1,0,0,0,0,0.8851404786109924
video13,TriClass-Cloud-FT,361,1,1,0,0,0,0,0.8782945275306702
video13,TriClass-Cloud-FT,362,1,1,0,0,0,0,0.8742189407348633
video13,TriClass-Cloud-FT,363,1,1,0,0,0,0,0.8768585920333862
video13,TriClass-Cloud-FT,364,2,2,0,0,1,0,0.864765465259552
video13,TriClass-Cloud-FT,365,1,1,0,0,0,0,0.7989017367362976
video13,TriClass-Cloud-FT,366,1,1,0,0,0,0,0.88843834400177
video13,TriClass-Cloud-FT,367,1,1,0,0,0,0,0.8419089317321777
video13,TriClass-Cloud-FT,368,1,1,0,0,0,0,0.8488444685935974
video13,TriClass-Cloud-FT,369,1,1,0,0,0,0,0.8305836319923401
video13,TriClass-Cloud-FT,370,1,1,0,0,0,0,0.8153619170188904
video13,TriClass-Cloud-FT,371,1,1,0,0,0,0,0.565193772315979
video13,TriClass-Cloud-FT,372,1,1,0,0,0,0,0.8266729712486267
video13,TriClass-Cloud-FT,373,2,2,0,0,1,0,0.6934648752212524
video13,TriClass-Cloud-FT,374,2,2,0,0,0,0,0.6657616496086121
video13,TriClass-Cloud-FT,375,2,2,0,0,0,0,0.48007282614707947
video13,TriClass-Cloud-FT,376,2,2,0,0,0,0,0.45492851734161377
video13,TriClass-Cloud-FT,377,2,2,0,0,0,0,0.5837494134902954
video13,TriClass-Cloud-FT,378,1,1,0,0,0,0,0.763820469379425
video13,TriClass-Cloud-FT,379,1,1,0,0,0,0,0.7538692951202393
video13,TriClass-Cloud-FT,380,1,1,0,0,0,0,0.6236206889152527
video13,TriClass-Cloud-FT,381,1,1,0,0,1,0,0.3017290234565735
video13,TriClass-Cloud-FT,382,1,1,0,0,0,0,0.7226384282112122
video13,TriClass-Cloud-FT,383,1,1,0,0,0,0,0.7157065868377686
video13,TriClass-Cloud-FT,384,1,1,0,0,0,0,0.6773219108581543
video13,TriClass-Cloud-FT,385,1,1,0,0,0,0,0.47089412808418274
video13,TriClass-Cloud-FT,386,1,1,0,0,0,0,0.7127715349197388
video13,TriClass-Cloud-FT,387,2,2,0,0,1,0,0.7135282754898071
video13,TriClass-Cloud-FT,388,1,1,0,0,0,0,0.8172858357429504
video13,TriClass-Cloud-FT,389,1,1,0,0,0,0,0.8382425308227539
video13,TriClass-Cloud-FT,390,1,1,0,0,0,0,0.8446486592292786
video13,TriClass-Cloud-FT,391,1,1,0,0,0,0,0.8475327491760254
video13,TriClass-Cloud-FT,392,1,1,0,0,0,0,0.840424656867981
video13,TriClass-Cloud-FT,393,1,1,0,0,0,0,0.8616512417793274
video13,TriClass-Cloud-FT,394,1,1,0,0,0,0,0.8718547224998474
video13,TriClass-Cloud-FT,395,1,1,0,0,0,0,0.8724064230918884
video13,TriClass-Cloud-FT,396,1,1,0,0,0,0,0.8616960048675537
video13,TriClass-Cloud-FT,397,1,1,0,0,0,0,0.8616859316825867
video13,TriClass-Cloud-FT,398,1,1,0,0,0,0,0.8490489721298218
video13,TriClass-Cloud-FT,399,1,1,0,0,0,0,0.871859073638916
video13,TriClass-Cloud-FT,400,1,1,0,0,0,0,0.8526453375816345
video13,TriClass-Cloud-FT,401,1,1,0,0,0,0,0.8299766182899475
video13,TriClass-Cloud-FT,402,1,1,0,0,0,0,0.8599157333374023
video13,TriClass-Cloud-FT,403,1,1,0,0,0,0,0.8621704578399658
video13,TriClass-Cloud-FT,404,1,1,0,0,0,0,0.8567222356796265
video13,TriClass-Cloud-FT,405,1,1,0,0,0,0,0.8626307845115662
video13,TriClass-Cloud-FT,406,1,1,0,0,0,0,0.8821418285369873
video13,TriClass-Cloud-FT,407,1,1,0,0,0,0,0.8661629557609558
video13,TriClass-Cloud-FT,408,1,1,0,0,0,0,0.8711854219436646
video13,TriClass-Cloud-FT,409,1,1,0,0,0,0,0.8810245990753174
video13,TriClass-Cloud-FT,410,1,1,0,0,0,0,0.8734203577041626
video13,TriClass-Cloud-FT,411,1,1,0,0,0,0,0.8808152675628662
video13,TriClass-Cloud-FT,412,1,1,0,0,0,0,0.8842363357543945
video13,TriClass-Cloud-FT,413,1,1,0,0,0,0,0.8821514844894409
video13,TriClass-Cloud-FT,414,1,1,0,0,0,0,0.8888764381408691
video13,TriClass-Cloud-FT,415,1,1,0,0,0,0,0.8929415345191956
video13,TriClass-Cloud-FT,416,1,1,0,0,0,0,0.8952909708023071
video13,TriClass-Cloud-FT,417,1,1,0,0,0,0,0.8899084329605103
video13,TriClass-Cloud-FT,418,1,1,0,0,0,0,0.8691668510437012
video13,TriClass-Cloud-FT,419,1,1,0,0,0,0,0.8808548450469971
video13,TriClass-Cloud-FT,420,1,1,0,0,0,0,0.8593175411224365
video13,TriClass-Cloud-FT,421,1,1,0,0,0,0,0.8535837531089783
video13,TriClass-Cloud-FT,422,1,1,0,0,0,0,0.8521401286125183
video13,TriClass-Cloud-FT,423,1,1,0,0,0,0,0.8551216125488281
video13,TriClass-Cloud-FT,424,1,1,0,0,0,0,0.846580445766449
video13,TriClass-Cloud-FT,425,1,1,0,0,0,0,0.8553100228309631
video13,TriClass-Cloud-FT,426,1,1,0,0,0,0,0.8725565671920776
video13,TriClass-Cloud-FT,427,1,1,0,0,0,0,0.8600242137908936
video13,TriClass-Cloud-FT,428,1,1,0,0,0,0,0.8528732657432556
video13,TriClass-Cloud-FT,429,1,1,0,0,0,0,0.8353637456893921
video13,TriClass-Cloud-FT,430,1,1,0,0,0,0,0.8661878108978271
video13,TriClass-Cloud-FT,431,1,1,0,0,0,0,0.8619433641433716
video13,TriClass-Cloud-FT,432,1,1,0,0,0,0,0.8419336676597595
video13,TriClass-Cloud-FT,433,1,1,0,0,0,0,0.8677561283111572
video13,TriClass-Cloud-FT,434,1,1,0,0,0,0,0.8834742307662964
video13,TriClass-Cloud-FT,435,1,1,0,0,0,0,0.8776705265045166
video13,TriClass-Cloud-FT,436,1,1,0,0,0,0,0.8423473834991455
video13,TriClass-Cloud-FT,437,1,1,0,0,0,0,0.8751065135002136
video13,TriClass-Cloud-FT,438,1,1,0,0,0,0,0.8881744742393494
video13,TriClass-Cloud-FT,439,1,1,0,0,0,0,0.8911652565002441
video13,TriClass-Cloud-FT,440,1,1,0,0,0,0,0.8937487602233887
video13,TriClass-Cloud-FT,441,2,2,0,0,0,0,0.8339472413063049
video13,TriClass-Cloud-FT,442,1,1,0,0,0,0,0.8650067448616028
video13,TriClass-Cloud-FT,443,1,1,0,0,0,0,0.8081600666046143
video13,TriClass-Cloud-FT,444,1,1,0,0,0,0,0.8873550891876221
video13,TriClass-Cloud-FT,445,2,2,0,0,0,0,0.665883481502533
video13,TriClass-Cloud-FT,446,1,1,0,0,0,0,0.8487747311592102
video13,TriClass-Cloud-FT,447,1,1,0,0,0,0,0.8693621158599854
video13,TriClass-Cloud-FT,448,1,1,0,0,0,0,0.8900936841964722
video13,TriClass-Cloud-FT,449,1,1,0,0,0,0,0.7560977339744568
video13,TriClass-Cloud-FT,450,1,1,0,0,0,0,0.8851838707923889
video13,TriClass-Cloud-FT,451,1,1,0,0,0,0,0.8814069032669067
video13,TriClass-Cloud-FT,452,1,1,0,0,0,0,0.9182125329971313
video13,TriClass-Cloud-FT,453,1,1,0,0,0,0,0.862409234046936
video13,TriClass-Cloud-FT,454,1,1,0,0,0,0,0.8778620362281799
video13,TriClass-Cloud-FT,455,1,1,0,0,0,0,0.8919129371643066
video13,TriClass-Cloud-FT,456,1,1,0,0,0,0,0.797071635723114
video13,TriClass-Cloud-FT,457,1,1,0,0,0,0,0.8347660303115845
video13,TriClass-Cloud-FT,458,1,1,0,0,0,0,0.8806712627410889
video13,TriClass-Cloud-FT,459,1,1,0,0,0,0,0.6393812298774719
video13,TriClass-Cloud-FT,460,1,1,0,0,1,0,0.2509373426437378
video13,TriClass-Cloud-FT,461,2,2,0,0,0,0,0.6288400292396545
video13,TriClass-Cloud-FT,462,1,1,0,0,0,0,0.8455186486244202
video13,TriClass-Cloud-FT,463,1,1,0,0,0,0,0.8373295664787292
video13,TriClass-Cloud-FT,464,1,1,0,0,0,0,0.8750122785568237
video13,TriClass-Cloud-FT,465,1,1,0,0,0,0,0.8787822723388672
video13,TriClass-Cloud-FT,466,1,1,0,0,0,0,0.8063095808029175
video13,TriClass-Cloud-FT,467,1,1,0,0,0,0,0.8370575308799744
video13,TriClass-Cloud-FT,468,1,1,0,0,0,0,0.4761609733104706
video13,TriClass-Cloud-FT,469,1,1,0,0,0,0,0.8338799476623535
video13,TriClass-Cloud-FT,470,1,1,0,0,0,0,0.87533038854599
video13,TriClass-Cloud-FT,471,1,1,0,0,0,0,0.7840877771377563
video13,TriClass-Cloud-FT,472,1,1,0,0,0,0,0.794903039932251
video13,TriClass-Cloud-FT,473,1,1,0,0,0,0,0.8539246916770935
video13,TriClass-Cloud-FT,474,1,1,0,0,0,0,0.855013906955719
video13,TriClass-Cloud-FT,475,1,1,0,0,0,0,0.8694108724594116
video13,TriClass-Cloud-FT,476,1,1,0,0,0,0,0.8689382076263428
video13,TriClass-Cloud-FT,477,1,1,0,0,0,0,0.8900479078292847
video13,TriClass-Cloud-FT,478,1,1,0,0,0,0,0.9075399041175842
video13,TriClass-Cloud-FT,479,1,1,0,0,0,0,0.8985233902931213
video13,TriClass-Cloud-FT,480,1,1,0,0,0,0,0.900079071521759
video13,TriClass-Cloud-FT,481,1,1,0,0,0,0,0.8645702600479126
video13,TriClass-Cloud-FT,482,1,1,0,0,0,0,0.9037598967552185
video13,TriClass-Cloud-FT,483,1,1,0,0,0,0,0.8682039976119995
video13,TriClass-Cloud-FT,484,1,1,0,0,0,0,0.8660891652107239
video13,TriClass-Cloud-FT,485,1,1,0,0,0,0,0.8653596639633179
video13,TriClass-Cloud-FT,486,1,1,0,0,0,0,0.864342451095581
video13,TriClass-Cloud-FT,487,1,1,0,0,0,0,0.8568848371505737
video13,TriClass-Cloud-FT,488,1,1,0,0,0,0,0.8572915196418762
video13,TriClass-Cloud-FT,489,1,1,0,0,0,0,0.8517704010009766
video13,TriClass-Cloud-FT,490,1,1,0,0,0,0,0.8792794346809387
video13,TriClass-Cloud-FT,491,1,1,0,0,0,0,0.879856288433075
video13,TriClass-Cloud-FT,492,1,1,0,0,0,0,0.8779056668281555
video13,TriClass-Cloud-FT,493,1,1,0,0,0,0,0.8891558051109314
video13,TriClass-Cloud-FT,494,1,1,0,0,0,0,0.8808945417404175
video13,TriClass-Cloud-FT,495,1,1,0,0,0,0,0.8716760277748108
video13,TriClass-Cloud-FT,496,1,1,0,0,0,0,0.8662319779396057
video13,TriClass-Cloud-FT,497,1,1,0,0,0,0,0.790682852268219
video13,TriClass-Cloud-FT,498,1,1,0,0,0,0,0.8416112065315247
video13,TriClass-Cloud-FT,499,1,1,0,0,0,0,0.6911566853523254
video13,TriClass-Cloud-FT,500,1,1,0,0,0,0,0.8353463411331177
video13,TriClass-Cloud-FT,501,1,1,0,0,0,0,0.7623010873794556
video13,TriClass-Cloud-FT,502,1,1,0,0,0,0,0.6920374631881714
video13,TriClass-Cloud-FT,503,1,1,0,0,0,0,0.8804226517677307
video13,TriClass-Cloud-FT,504,1,1,0,0,0,0,0.8743383884429932
video13,TriClass-Cloud-FT,505,1,1,0,0,0,0,0.8548531532287598
video13,TriClass-Cloud-FT,506,1,1,0,0,0,0,0.8409507870674133
video13,TriClass-Cloud-FT,507,1,1,0,0,0,0,0.8418679237365723
video13,TriClass-Cloud-FT,508,1,1,0,0,0,0,0.8440631031990051
video13,TriClass-Cloud-FT,509,1,1,0,0,0,0,0.8151280283927917
video13,TriClass-Cloud-FT,510,1,1,0,0,0,0,0.6905032992362976
video13,TriClass-Cloud-FT,511,2,2,0,0,1,0,0.5697563290596008
video13,TriClass-Cloud-FT,512,1,1,0,0,0,0,0.7541728019714355
video13,TriClass-Cloud-FT,513,1,1,0,0,0,0,0.7852415442466736
video13,TriClass-Cloud-FT,514,1,1,0,0,0,0,0.8199479579925537
video13,TriClass-Cloud-FT,515,1,1,0,0,0,0,0.836750328540802
video13,TriClass-Cloud-FT,516,1,1,0,0,0,0,0.8485875725746155
video13,TriClass-Cloud-FT,517,1,1,0,0,0,0,0.8489440679550171
video13,TriClass-Cloud-FT,518,1,1,0,0,0,0,0.8438475131988525
video13,TriClass-Cloud-FT,519,1,1,0,0,0,0,0.8399912714958191
video13,TriClass-Cloud-FT,520,1,1,0,0,0,0,0.7757793664932251
video13,TriClass-Cloud-FT,521,2,2,0,0,1,0,0.6737036108970642
video13,TriClass-Cloud-FT,522,1,1,0,0,0,0,0.8244144320487976
video13,TriClass-Cloud-FT,523,1,1,0,0,0,0,0.8238900303840637
video13,TriClass-Cloud-FT,524,1,1,0,0,0,0,0.8416919708251953
video13,TriClass-Cloud-FT,525,1,1,0,0,0,0,0.8568037152290344
video13,TriClass-Cloud-FT,526,1,1,0,0,0,0,0.8262307643890381
video13,TriClass-Cloud-FT,527,1,1,0,0,0,0,0.8148858547210693
video13,TriClass-Cloud-FT,528,1,1,0,0,0,0,0.6172925233840942
video13,TriClass-Cloud-FT,529,1,1,0,0,0,0,0.7294445037841797
video13,TriClass-Cloud-FT,530,1,1,0,0,0,0,0.5855081081390381
video13,TriClass-Cloud-FT,531,1,1,0,0,0,0,0.7549706101417542
video13,TriClass-Cloud-FT,532,1,1,0,0,0,0,0.7247530817985535
video13,TriClass-Cloud-FT,533,1,1,0,0,0,0,0.7566835880279541
video13,TriClass-Cloud-FT,534,1,1,0,0,0,0,0.7909631729125977
video13,TriClass-Cloud-FT,535,1,1,0,0,0,0,0.7776933312416077
video13,TriClass-Cloud-FT,536,1,1,0,0,0,0,0.5998521447181702
video13,TriClass-Cloud-FT,537,1,1,0,0,0,0,0.5907780528068542
video13,TriClass-Cloud-FT,538,1,1,0,0,0,0,0.457920640707016
video13,TriClass-Cloud-FT,539,1,1,0,0,0,0,0.6197302341461182
video13,TriClass-Cloud-FT,540,1,1,0,0,0,0,0.8501821756362915
video13,TriClass-Cloud-FT,541,1,1,0,0,0,0,0.7105070948600769
video13,TriClass-Cloud-FT,542,1,1,0,0,0,0,0.8351439237594604
video13,TriClass-Cloud-FT,543,1,1,0,0,0,0,0.8338056802749634
video13,TriClass-Cloud-FT,544,0,0,0,0,0,0,0.0
video13,TriClass-Cloud-FT,545,1,1,0,0,0,0,0.5039423704147339
video13,TriClass-Cloud-FT,546,1,1,0,0,0,0,0.69358891248703
video13,TriClass-Cloud-FT,547,1,1,0,0,0,0,0.6120359301567078
video13,TriClass-Cloud-FT,548,1,1,0,0,0,0,0.8451913595199585
video13,TriClass-Cloud-FT,549,1,1,0,0,0,0,0.8533288240432739
video13,TriClass-Cloud-FT,550,1,1,0,0,0,0,0.8644047975540161
video13,TriClass-Cloud-FT,551,1,1,0,0,0,0,0.8549833297729492
video13,TriClass-Cloud-FT,552,1,1,0,0,0,0,0.8601662516593933
video13,TriClass-Cloud-FT,553,1,1,0,0,0,0,0.7163453102111816
video13,TriClass-Cloud-FT,554,2,2,0,0,0,0,0.4539884626865387
video13,TriClass-Cloud-FT,555,1,1,0,0,0,0,0.8441750407218933
video13,TriClass-Cloud-FT,556,1,1,0,0,0,0,0.8675130009651184
video13,TriClass-Cloud-FT,557,1,1,0,0,0,0,0.8549111485481262
video13,TriClass-Cloud-FT,558,1,1,0,0,0,0,0.8907227516174316
video13,TriClass-Cloud-FT,559,1,1,0,0,0,0,0.8862380981445312
video13,TriClass-Cloud-FT,560,1,1,0,0,0,0,0.8899192810058594
video13,TriClass-Cloud-FT,561,1,1,0,0,0,0,0.8472049236297607
video13,TriClass-Cloud-FT,562,1,1,0,0,0,0,0.7713924050331116
video13,TriClass-Cloud-FT,563,1,1,0,0,0,0,0.8553364872932434
video13,TriClass-Cloud-FT,564,1,1,0,0,0,0,0.846828281879425
video13,TriClass-Cloud-FT,565,1,1,0,0,0,0,0.8694510459899902
video13,TriClass-Cloud-FT,566,1,1,0,0,0,0,0.8507090210914612
video13,TriClass-Cloud-FT,567,1,1,0,0,0,0,0.8489969968795776
video13,TriClass-Cloud-FT,568,1,1,0,0,0,0,0.7801867723464966
video13,TriClass-Cloud-FT,569,1,1,0,0,0,0,0.8004171848297119
video13,TriClass-Cloud-FT,570,1,1,0,0,0,0,0.8307092189788818
video13,TriClass-Cloud-FT,571,1,1,0,0,0,0,0.8310953974723816
video13,TriClass-Cloud-FT,572,1,1,0,0,0,0,0.8658850789070129
video13,TriClass-Cloud-FT,573,1,1,0,0,0,0,0.8810513615608215
video13,TriClass-Cloud-FT,574,1,1,0,0,0,0,0.7373999357223511
video13,TriClass-Cloud-FT,575,1,1,0,0,0,0,0.6790167689323425
video13,TriClass-Cloud-FT,576,2,2,0,0,0,0,0.49417948722839355
video13,TriClass-Cloud-FT,577,1,1,0,0,1,0,0.3071676194667816
video13,TriClass-Cloud-FT,578,1,1,0,0,0,0,0.737949013710022
video13,TriClass-Cloud-FT,579,0,0,0,0,0,0,0.0
video13,TriClass-Cloud-FT,580,0,0,0,0,0,0,0.0
video13,TriClass-Cloud-FT,581,0,0,0,0,0,0,0.0
video13,TriClass-Cloud-FT,582,0,0,0,0,0,0,0.0
video13,TriClass-Cloud-FT,583,0,0,0,0,0,0,0.0
video13,TriClass-Cloud-FT,584,0,0,0,0,0,0,0.0
video13,TriClass-Cloud-FT,585,0,0,0,0,0,0,0.0
video13,TriClass-Cloud-FT,586,0,0,0,0,0,0,0.0
video13,TriClass-Cloud-FT,587,0,0,0,0,0,0,0.0
video13,TriClass-Cloud-FT,588,0,0,0,0,0,0,0.0
video13,TriClass-Cloud-FT,589,0,0,0,0,0,0,0.0
video13,TriClass-Cloud-FT,590,0,0,0,0,0,0,0.0
video13,TriClass-Cloud-FT,591,0,0,0,0,0,0,0.0
video13,TriClass-Cloud-FT,592,0,0,0,0,0,0,0.0
video13,TriClass-Cloud-FT,593,0,0,0,0,0,0,0.0
video13,TriClass-Cloud-FT,594,0,0,0,0,0,0,0.0
video13,TriClass-Cloud-FT,595,0,0,0,0,0,0,0.0
video13,TriClass-Cloud-FT,596,0,0,0,0,0,0,0.0
video13,TriClass-Cloud-FT,597,0,0,0,0,0,0,0.0
video13,TriClass-Cloud-FT,598,0,0,0,0,0,0,0.0
video13,TriClass-Cloud-FT,599,0,0,0,0,0,0,0.0
video13,TriClass-Cloud-FT,600,0,0,0,0,0,0,0.0
video13,TriClass-Cloud-FT,601,0,0,0,0,0,0,0.0
video13,TriClass-Cloud-FT,602,0,0,0,0,0,0,0.0
video13,TriClass-Cloud-FT,603,0,0,0,0,0,0,0.0
video13,TriClass-Cloud-FT,604,0,0,0,0,0,0,0.0
video13,TriClass-Cloud-FT,605,0,0,0,0,0,0,0.0
video13,TriClass-Cloud-FT,606,0,0,0,0,0,0,0.0
video13,TriClass-Cloud-FT,607,0,0,0,0,0,0,0.0
video13,TriClass-Cloud-FT,608,0,0,0,0,0,0,0.0
video13,TriClass-Cloud-FT,609,0,0,0,0,0,0,0.0
video13,TriClass-Cloud-FT,610,0,0,0,0,0,0,0.0
video13,TriClass-Cloud-FT,611,0,0,0,0,0,0,0.0
video13,TriClass-Cloud-FT,612,0,0,0,0,0,0,0.0
video13,TriClass-Cloud-FT,613,0,0,0,0,0,0,0.0
video13,TriClass-Cloud-FT,614,0,0,0,0,0,0,0.0
video13,TriClass-Cloud-FT,615,0,0,0,0,0,0,0.0
video13,TriClass-Cloud-FT,616,0,0,0,0,0,0,0.0
video13,TriClass-Cloud-FT,617,0,0,0,0,0,0,0.0
video13,TriClass-Cloud-FT,618,0,0,0,0,0,0,0.0
video13,TriClass-Cloud-FT,619,0,0,0,0,0,0,0.0
video13,TriClass-Cloud-FT,620,0,0,0,0,0,0,0.0
video13,TriClass-Cloud-FT,621,0,0,0,0,0,0,0.0
video13,TriClass-Cloud-FT,622,0,0,0,0,0,0,0.0
video13,TriClass-Cloud-FT,623,0,0,0,0,0,0,0.0
video13,TriClass-Cloud-FT,624,0,0,0,0,0,0,0.0
video13,TriClass-Cloud-FT,625,0,0,0,0,0,0,0.0
video13,TriClass-Cloud-FT,626,0,0,0,0,0,0,0.0
video13,TriClass-Cloud-FT,627,0,0,0,0,0,0,0.0
video13,TriClass-Cloud-FT,628,0,0,0,0,0,0,0.0
video13,TriClass-Cloud-FT,629,1,1,0,0,0,0,0.4052266776561737
video13,TriClass-Cloud-FT,630,1,1,0,0,0,0,0.7160061001777649
video13,TriClass-Cloud-FT,631,1,1,0,0,0,0,0.41509029269218445
video13,TriClass-Cloud-FT,632,1,1,0,0,0,0,0.5592806339263916
video13,TriClass-Cloud-FT,633,1,1,0,0,0,0,0.716722309589386
video13,TriClass-Cloud-FT,634,1,1,0,0,0,0,0.5950532555580139
video13,TriClass-Cloud-FT,635,0,0,0,0,0,0,0.0
video13,TriClass-Cloud-FT,636,1,1,0,0,0,0,0.6792952418327332
video13,TriClass-Cloud-FT,637,0,0,0,0,0,0,0.0
video13,TriClass-Cloud-FT,638,2,2,0,0,1,0,0.48880526423454285
video13,TriClass-Cloud-FT,639,1,1,0,0,0,0,0.7104744911193848
video13,TriClass-Cloud-FT,640,0,0,0,0,0,0,0.0
video13,TriClass-Cloud-FT,641,0,0,0,0,0,0,0.0
video13,TriClass-Cloud-FT,642,1,1,0,0,0,0,0.3769245445728302
video13,TriClass-Cloud-FT,643,1,1,0,0,0,0,0.7006320357322693
video13,TriClass-Cloud-FT,644,1,1,0,0,0,0,0.6008488535881042
video13,TriClass-Cloud-FT,645,1,1,0,0,0,0,0.8363922834396362
video13,TriClass-Cloud-FT,646,1,1,0,0,0,0,0.7954868674278259
video13,TriClass-Cloud-FT,647,1,1,0,0,0,0,0.5151078104972839
video13,TriClass-Cloud-FT,648,1,1,0,0,1,0,0.310810923576355
video13,TriClass-Cloud-FT,649,0,0,0,0,0,0,0.0
video13,TriClass-Cloud-FT,650,1,1,0,0,0,0,0.603385329246521
video13,TriClass-Cloud-FT,651,1,1,0,0,0,0,0.5928364992141724
video13,TriClass-Cloud-FT,652,2,2,0,0,1,0,0.5407876968383789
video13,TriClass-Cloud-FT,653,1,1,0,0,0,0,0.7591051459312439
video13,TriClass-Cloud-FT,654,1,1,0,0,0,0,0.7170866131782532
video13,TriClass-Cloud-FT,655,2,2,0,0,1,0,0.44370967149734497
video13,TriClass-Cloud-FT,656,1,1,0,0,0,0,0.7333703637123108
video13,TriClass-Cloud-FT,657,1,1,0,0,0,0,0.7563239932060242
video13,TriClass-Cloud-FT,658,1,1,0,0,0,0,0.8196932673454285
video13,TriClass-Cloud-FT,659,1,1,0,0,0,0,0.8335796594619751
video13,TriClass-Cloud-FT,660,1,1,0,0,0,0,0.8111287951469421
video13,TriClass-Cloud-FT,661,1,1,0,0,0,0,0.8034113049507141
video13,TriClass-Cloud-FT,662,2,2,0,0,0,0,0.5647042989730835
video13,TriClass-Cloud-FT,663,1,1,0,0,0,0,0.7422626614570618
video13,TriClass-Cloud-FT,664,1,1,0,0,0,0,0.6396444439888
video13,TriClass-Cloud-FT,665,1,1,0,0,0,0,0.6267218589782715
video13,TriClass-Cloud-FT,666,1,1,0,0,0,0,0.7473702430725098
video13,TriClass-Cloud-FT,667,1,1,0,0,0,0,0.7285846471786499
video13,TriClass-Cloud-FT,668,2,2,0,0,1,0,0.5960407853126526
video13,TriClass-Cloud-FT,669,2,2,0,0,1,0,0.6002432703971863
video13,TriClass-Cloud-FT,670,1,1,0,0,0,0,0.7100602388381958
video13,TriClass-Cloud-FT,671,1,1,0,0,0,0,0.5868726968765259
video13,TriClass-Cloud-FT,672,1,1,0,0,0,0,0.821533203125
video13,TriClass-Cloud-FT,673,1,1,0,0,0,0,0.8095081448554993
video13,TriClass-Cloud-FT,674,1,1,0,0,0,0,0.7962807416915894
video13,TriClass-Cloud-FT,675,1,1,0,0,0,0,0.6937806010246277
video13,TriClass-Cloud-FT,676,1,1,0,0,0,0,0.7320660948753357
video13,TriClass-Cloud-FT,677,2,2,0,0,1,0,0.6505504846572876
video13,TriClass-Cloud-FT,678,1,1,0,0,0,0,0.6570513844490051
video13,TriClass-Cloud-FT,679,1,1,0,0,0,0,0.5154736638069153
video13,TriClass-Cloud-FT,680,1,1,0,0,0,0,0.35399019718170166
video13,TriClass-Cloud-FT,681,2,2,0,0,2,0,0.30149558186531067
video13,TriClass-Cloud-FT,682,1,1,0,0,0,0,0.4894210398197174
video13,TriClass-Cloud-FT,683,1,1,0,0,0,0,0.735284149646759
video13,TriClass-Cloud-FT,684,1,1,0,0,0,0,0.7851666808128357
video13,TriClass-Cloud-FT,685,1,1,0,0,0,0,0.7117751836776733
video13,TriClass-Cloud-FT,686,1,1,0,0,0,0,0.6499187350273132
video13,TriClass-Cloud-FT,687,1,1,0,0,0,0,0.7035117149353027
video13,TriClass-Cloud-FT,688,1,1,0,0,0,0,0.7865371704101562
video13,TriClass-Cloud-FT,689,1,1,0,0,0,0,0.7692444920539856
video13,TriClass-Cloud-FT,690,1,1,0,0,0,0,0.7568726539611816
video13,TriClass-Cloud-FT,691,1,1,0,0,0,0,0.7516253590583801
video13,TriClass-Cloud-FT,692,1,1,0,0,0,0,0.7731173634529114
video13,TriClass-Cloud-FT,693,1,1,0,0,0,0,0.7828953862190247
video13,TriClass-Cloud-FT,694,1,1,0,0,0,0,0.7945349812507629
video13,TriClass-Cloud-FT,695,1,1,0,0,0,0,0.7545297741889954
video13,TriClass-Cloud-FT,696,1,1,0,0,0,0,0.6346390247344971
video13,TriClass-Cloud-FT,697,1,1,0,0,0,0,0.6995557546615601
video13,TriClass-Cloud-FT,698,1,1,0,0,0,0,0.7740947604179382
video13,TriClass-Cloud-FT,699,1,1,0,0,0,0,0.8089392781257629
video13,TriClass-Cloud-FT,700,1,1,0,0,0,0,0.761753499507904
video13,TriClass-Cloud-FT,701,1,1,0,0,0,0,0.6649515628814697
video13,TriClass-Cloud-FT,702,1,1,0,0,0,0,0.738241970539093
video13,TriClass-Cloud-FT,703,1,1,0,0,0,0,0.7395991086959839
video13,TriClass-Cloud-FT,704,1,1,0,0,0,0,0.6861407160758972
video13,TriClass-Cloud-FT,705,1,1,0,0,0,0,0.5315465927124023
video13,TriClass-Cloud-FT,706,0,0,0,0,0,0,0.0
video13,TriClass-Cloud-FT,707,0,0,0,0,0,0,0.0
video13,TriClass-Cloud-FT,708,0,0,0,0,0,0,0.0
video13,TriClass-Cloud-FT,709,0,0,0,0,0,0,0.0
video13,TriClass-Cloud-FT,710,1,1,0,0,0,0,0.4320533573627472
video13,TriClass-Cloud-FT,711,1,1,0,0,1,0,0.3294174075126648
video13,TriClass-Cloud-FT,712,2,2,0,0,0,0,0.5582495927810669
video13,TriClass-Cloud-FT,713,1,1,0,0,0,0,0.7256782054901123
video13,TriClass-Cloud-FT,714,1,1,0,0,0,0,0.7913244962692261
video13,TriClass-Cloud-FT,715,1,1,0,0,0,0,0.6900036931037903
video13,TriClass-Cloud-FT,716,1,1,0,0,0,0,0.4952794909477234
video13,TriClass-Cloud-FT,717,2,2,0,0,1,0,0.353341668844223
video13,TriClass-Cloud-FT,718,1,1,0,0,0,0,0.5776757001876831
video13,TriClass-Cloud-FT,719,1,1,0,0,0,0,0.7688032388687134
video13,TriClass-Cloud-FT,720,1,1,0,0,0,0,0.7978805899620056
video13,TriClass-Cloud-FT,721,1,1,0,0,0,0,0.7704379558563232
video13,TriClass-Cloud-FT,722,1,1,0,0,0,0,0.7943009734153748
video13,TriClass-Cloud-FT,723,1,1,0,0,0,0,0.7482757568359375
video13,TriClass-Cloud-FT,724,1,1,0,0,0,0,0.7980232238769531
video13,TriClass-Cloud-FT,725,1,1,0,0,0,0,0.8239268660545349
video13,TriClass-Cloud-FT,726,1,1,0,0,0,0,0.7933330535888672
video13,TriClass-Cloud-FT,727,1,1,0,0,0,0,0.6247318387031555
video13,TriClass-Cloud-FT,728,1,1,0,0,0,0,0.7770878076553345
video13,TriClass-Cloud-FT,729,1,1,0,0,0,0,0.8073616027832031
video13,TriClass-Cloud-FT,730,1,1,0,0,0,0,0.8187474608421326
video13,TriClass-Cloud-FT,731,1,1,0,0,0,0,0.8324987888336182
video13,TriClass-Cloud-FT,732,1,1,0,0,0,0,0.8336775898933411
video13,TriClass-Cloud-FT,733,1,1,0,0,0,0,0.8314747214317322
video13,TriClass-Cloud-FT,734,1,1,0,0,0,0,0.8158578276634216
video13,TriClass-Cloud-FT,735,1,1,0,0,0,0,0.8000332713127136
video13,TriClass-Cloud-FT,736,1,1,0,0,0,0,0.7885499596595764
video13,TriClass-Cloud-FT,737,1,1,0,0,0,0,0.8136687874794006
video13,TriClass-Cloud-FT,738,0,0,0,0,0,0,0.0
video13,TriClass-Cloud-FT,739,1,1,0,0,0,0,0.6749734282493591
video13,TriClass-Cloud-FT,740,0,0,0,0,0,0,0.0
video13,TriClass-Cloud-FT,741,0,0,0,0,0,0,0.0
video13,TriClass-Cloud-FT,742,0,0,0,0,0,0,0.0
video13,TriClass-Cloud-FT,743,0,0,0,0,0,0,0.0
video13,TriClass-Cloud-FT,744,0,0,0,0,0,0,0.0
video13,TriClass-Cloud-FT,745,1,1,0,0,0,0,0.39357709884643555
video13,TriClass-Cloud-FT,746,1,1,0,0,0,0,0.4264172613620758
video13,TriClass-Cloud-FT,747,0,0,0,0,0,0,0.0
video13,TriClass-Cloud-FT,748,1,1,0,0,0,0,0.6458725929260254
video13,TriClass-Cloud-FT,749,1,1,0,0,0,0,0.41766783595085144
video13,TriClass-Cloud-FT,750,0,0,0,0,0,0,0.0
video13,TriClass-Cloud-FT,751,1,1,0,0,0,0,0.3551442325115204
video13,TriClass-Cloud-FT,752,0,0,0,0,0,0,0.0
video13,TriClass-Cloud-FT,753,0,0,0,0,0,0,0.0
video13,TriClass-Cloud-FT,754,0,0,0,0,0,0,0.0
video13,TriClass-Cloud-FT,755,0,0,0,0,0,0,0.0
video13,TriClass-Cloud-FT,756,0,0,0,0,0,0,0.0
video13,TriClass-Cloud-FT,757,0,0,0,0,0,0,0.0
video13,TriClass-Cloud-FT,758,0,0,0,0,0,0,0.0
video13,TriClass-Cloud-FT,759,1,1,0,0,0,0,0.38251641392707825
video13,TriClass-Cloud-FT,760,0,0,0,0,0,0,0.0
video13,TriClass-Cloud-FT,761,0,0,0,0,0,0,0.0
video13,TriClass-Cloud-FT,762,1,1,0,0,0,0,0.5020091533660889
video13,TriClass-Cloud-FT,763,1,1,0,0,0,0,0.40681686997413635
video13,TriClass-Cloud-FT,764,1,1,0,0,1,0,0.29108181595802307
video13,TriClass-Cloud-FT,765,0,0,0,0,0,0,0.0
video13,TriClass-Cloud-FT,766,0,0,0,0,0,0,0.0
video13,TriClass-Cloud-FT,767,0,0,0,0,0,0,0.0
video13,TriClass-Cloud-FT,768,0,0,0,0,0,0,0.0
video13,TriClass-Cloud-FT,769,0,0,0,0,0,0,0.0
video13,TriClass-Cloud-FT,770,0,0,0,0,0,0,0.0
video13,TriClass-Cloud-FT,771,0,0,0,0,0,0,0.0
video13,TriClass-Cloud-FT,772,0,0,0,0,0,0,0.0
video13,TriClass-Cloud-FT,773,0,0,0,0,0,0,0.0
video13,TriClass-Cloud-FT,774,0,0,0,0,0,0,0.0
video13,TriClass-Cloud-FT,775,0,0,0,0,0,0,0.0
video13,TriClass-Cloud-FT,776,0,0,0,0,0,0,0.0
video13,TriClass-Cloud-FT,777,0,0,0,0,0,0,0.0
video13,TriClass-Cloud-FT,778,0,0,0,0,0,0,0.0
video13,TriClass-Cloud-FT,779,0,0,0,0,0,0,0.0
video13,TriClass-Cloud-FT,780,1,1,0,0,1,0,0.25284895300865173
video13,TriClass-Cloud-FT,781,0,0,0,0,0,0,0.0
video13,TriClass-Cloud-FT,782,0,0,0,0,0,0,0.0
video13,TriClass-Cloud-FT,783,0,0,0,0,0,0,0.0
video13,TriClass-Cloud-FT,784,1,1,0,0,1,0,0.33523064851760864
video13,TriClass-Cloud-FT,785,1,1,0,0,0,0,0.43158602714538574
video13,TriClass-Cloud-FT,786,1,1,0,0,1,0,0.2633451223373413
video13,TriClass-Cloud-FT,787,0,0,0,0,0,0,0.0
video13,TriClass-Cloud-FT,788,0,0,0,0,0,0,0.0
video13,TriClass-Cloud-FT,789,0,0,0,0,0,0,0.0
video13,TriClass-Cloud-FT,790,0,0,0,0,0,0,0.0
video13,TriClass-Cloud-FT,791,0,0,0,0,0,0,0.0
video13,TriClass-Cloud-FT,792,0,0,0,0,0,0,0.0
video13,TriClass-Cloud-FT,793,0,0,0,0,0,0,0.0
video13,TriClass-Cloud-FT,794,0,0,0,0,0,0,0.0
video13,TriClass-Cloud-FT,795,0,0,0,0,0,0,0.0
video13,TriClass-Cloud-FT,796,0,0,0,0,0,0,0.0
video13,TriClass-Cloud-FT,797,0,0,0,0,0,0,0.0
video13,TriClass-Cloud-FT,798,0,0,0,0,0,0,0.0
video13,TriClass-Cloud-FT,799,0,0,0,0,0,0,0.0
video13,TriClass-Cloud-FT,800,0,0,0,0,0,0,0.0
video13,TriClass-Cloud-FT,801,0,0,0,0,0,0,0.0
video13,TriClass-Cloud-FT,802,0,0,0,0,0,0,0.0
video13,TriClass-Cloud-FT,803,0,0,0,0,0,0,0.0
video13,TriClass-Cloud-FT,804,0,0,0,0,0,0,0.0
video13,TriClass-Cloud-FT,805,0,0,0,0,0,0,0.0
video13,TriClass-Cloud-FT,806,1,1,0,0,0,0,0.3539317846298218
video13,TriClass-Cloud-FT,807,0,0,0,0,0,0,0.0
video13,TriClass-Cloud-FT,808,0,0,0,0,0,0,0.0
video13,TriClass-Cloud-FT,809,1,1,0,0,0,0,0.4659149646759033
video13,TriClass-Cloud-FT,810,1,1,0,0,0,0,0.48193761706352234
video13,TriClass-Cloud-FT,811,0,0,0,0,0,0,0.0
video13,TriClass-Cloud-FT,812,0,0,0,0,0,0,0.0
video13,TriClass-Cloud-FT,813,0,0,0,0,0,0,0.0
video13,TriClass-Cloud-FT,814,0,0,0,0,0,0,0.0
video13,TriClass-Cloud-FT,815,0,0,0,0,0,0,0.0
video13,TriClass-Cloud-FT,816,0,0,0,0,0,0,0.0
video13,TriClass-Cloud-FT,817,1,1,0,0,0,0,0.5008335113525391
video13,TriClass-Cloud-FT,818,1,1,0,0,0,0,0.6189671754837036
video13,TriClass-Cloud-FT,819,1,1,0,0,0,0,0.4989793300628662
video13,TriClass-Cloud-FT,820,1,1,0,0,1,0,0.33399516344070435
video13,TriClass-Cloud-FT,821,1,1,0,0,1,0,0.2521909177303314
video13,TriClass-Cloud-FT,822,0,0,0,0,0,0,0.0
video13,TriClass-Cloud-FT,823,0,0,0,0,0,0,0.0
video13,TriClass-Cloud-FT,824,1,1,0,0,0,0,0.5840251445770264
video13,TriClass-Cloud-FT,825,1,1,0,0,0,0,0.3946619927883148
video13,TriClass-Cloud-FT,826,1,1,0,0,0,0,0.5804834961891174
video13,TriClass-Cloud-FT,827,0,0,0,0,0,0,0.0
video13,TriClass-Cloud-FT,828,0,0,0,0,0,0,0.0
video13,TriClass-Cloud-FT,829,0,0,0,0,0,0,0.0
video13,TriClass-Cloud-FT,830,0,0,0,0,0,0,0.0
video13,TriClass-Cloud-FT,831,0,0,0,0,0,0,0.0
video13,TriClass-Cloud-FT,832,0,0,0,0,0,0,0.0
video13,TriClass-Cloud-FT,833,0,0,0,0,0,0,0.0
video13,TriClass-Cloud-FT,834,0,0,0,0,0,0,0.0
video13,TriClass-Cloud-FT,835,0,0,0,0,0,0,0.0
video13,TriClass-Cloud-FT,836,0,0,0,0,0,0,0.0
video13,TriClass-Cloud-FT,837,0,0,0,0,0,0,0.0
video13,TriClass-Cloud-FT,838,0,0,0,0,0,0,0.0
video13,TriClass-Cloud-FT,839,0,0,0,0,0,0,0.0
video13,TriClass-Cloud-FT,840,1,1,0,0,0,0,0.5143202543258667
video13,TriClass-Cloud-FT,841,1,1,0,0,1,0,0.26130202412605286
video13,TriClass-Cloud-FT,842,0,0,0,0,0,0,0.0
video13,TriClass-Cloud-FT,843,0,0,0,0,0,0,0.0
video13,TriClass-Cloud-FT,844,0,0,0,0,0,0,0.0
video13,TriClass-Cloud-FT,845,0,0,0,0,0,0,0.0
video13,TriClass-Cloud-FT,846,0,0,0,0,0,0,0.0
video13,TriClass-Cloud-FT,847,0,0,0,0,0,0,0.0
video13,TriClass-Cloud-FT,848,0,0,0,0,0,0,0.0
video13,TriClass-Cloud-FT,849,0,0,0,0,0,0,0.0
video13,TriClass-Cloud-FT,850,0,0,0,0,0,0,0.0
video13,TriClass-Cloud-FT,851,0,0,0,0,0,0,0.0
video13,TriClass-Cloud-FT,852,0,0,0,0,0,0,0.0
video13,TriClass-Cloud-FT,853,0,0,0,0,0,0,0.0
video13,TriClass-Cloud-FT,854,1,1,0,0,0,0,0.7014493346214294
video13,TriClass-Cloud-FT,855,1,1,0,0,0,0,0.6663986444473267
video13,TriClass-Cloud-FT,856,1,1,0,0,0,0,0.6832360029220581
video13,TriClass-Cloud-FT,857,1,1,0,0,0,0,0.7549012303352356
video13,TriClass-Cloud-FT,858,1,1,0,0,0,0,0.7114539742469788
video13,TriClass-Cloud-FT,859,1,1,0,0,0,0,0.5304018259048462
video13,TriClass-Cloud-FT,860,0,0,0,0,0,0,0.0
video13,TriClass-Cloud-FT,861,1,1,0,0,0,0,0.4990982711315155
video13,TriClass-Cloud-FT,862,1,1,0,0,0,0,0.48602327704429626
video13,TriClass-Cloud-FT,863,0,0,0,0,0,0,0.0
video13,TriClass-Cloud-FT,864,0,0,0,0,0,0,0.0
video13,TriClass-Cloud-FT,865,0,0,0,0,0,0,0.0
video13,TriClass-Cloud-FT,866,0,0,0,0,0,0,0.0
video13,TriClass-Cloud-FT,867,2,2,0,0,1,0,0.40583130717277527
video13,TriClass-Cloud-FT,868,0,0,0,0,0,0,0.0
video13,TriClass-Cloud-FT,869,2,2,0,0,0,0,0.4111270308494568
video13,TriClass-Cloud-FT,870,2,2,0,0,2,0,0.3374510407447815
video13,TriClass-Cloud-FT,871,2,2,0,0,1,0,0.6171929240226746
video13,TriClass-Cloud-FT,872,1,1,0,0,1,0,0.32732507586479187
video13,TriClass-Cloud-FT,873,1,1,0,0,0,0,0.5557305216789246
video13,TriClass-Cloud-FT,874,2,2,0,0,1,0,0.41943660378456116
video13,TriClass-Cloud-FT,875,2,2,0,0,2,0,0.2927292585372925
video13,TriClass-Cloud-FT,876,1,1,0,0,0,0,0.6341665983200073
video13,TriClass-Cloud-FT,877,1,1,0,0,0,0,0.7285513877868652
video13,TriClass-Cloud-FT,878,1,1,0,0,0,0,0.523956298828125
video13,TriClass-Cloud-FT,879,1,1,0,0,0,0,0.35793039202690125
video13,TriClass-Cloud-FT,880,0,0,0,0,0,0,0.0
video13,TriClass-Cloud-FT,881,0,0,0,0,0,0,0.0
video13,TriClass-Cloud-FT,882,1,1,0,0,0,0,0.47654491662979126
video13,TriClass-Cloud-FT,883,1,1,0,0,0,0,0.7354702353477478
video13,TriClass-Cloud-FT,884,1,1,0,0,0,0,0.7577639222145081
video13,TriClass-Cloud-FT,885,1,1,0,0,0,0,0.7624530792236328
video13,TriClass-Cloud-FT,886,1,1,0,0,0,0,0.7370849847793579
video13,TriClass-Cloud-FT,887,1,1,0,0,0,0,0.7207062840461731
video13,TriClass-Cloud-FT,888,1,1,0,0,0,0,0.7355597019195557
video13,TriClass-Cloud-FT,889,1,1,0,0,0,0,0.8102541565895081
video13,TriClass-Cloud-FT,890,1,1,0,0,0,0,0.8240519165992737
video13,TriClass-Cloud-FT,891,1,1,0,0,0,0,0.7836441397666931
video13,TriClass-Cloud-FT,892,1,1,0,0,0,0,0.8211669325828552
video13,TriClass-Cloud-FT,893,2,2,0,0,0,0,0.5864306092262268
video13,TriClass-Cloud-FT,894,1,1,0,0,0,0,0.829731285572052
video13,TriClass-Cloud-FT,895,1,1,0,0,0,0,0.7991464138031006
video13,TriClass-Cloud-FT,896,1,1,0,0,0,0,0.7462735772132874
video13,TriClass-Cloud-FT,897,1,1,0,0,0,0,0.45034167170524597
video13,TriClass-Cloud-FT,898,1,1,0,0,0,0,0.7714821696281433
video13,TriClass-Cloud-FT,899,2,2,0,0,1,0,0.5690955519676208
video13,TriClass-Cloud-FT,900,0,0,0,0,0,0,0.0
video13,TriClass-Cloud-FT,901,1,1,0,0,0,0,0.6607218384742737
video13,TriClass-Cloud-FT,902,1,1,0,0,0,0,0.862720251083374
video13,TriClass-Cloud-FT,903,1,1,0,0,0,0,0.8346184492111206
video13,TriClass-Cloud-FT,904,1,1,0,0,0,0,0.8199372887611389
video13,TriClass-Cloud-FT,905,1,1,0,0,0,0,0.8312441110610962
video13,TriClass-Cloud-FT,906,1,1,0,0,0,0,0.8864434957504272
video13,TriClass-Cloud-FT,907,1,1,0,0,0,0,0.8650458455085754
video13,TriClass-Cloud-FT,908,1,1,0,0,0,0,0.869427502155304
video13,TriClass-Cloud-FT,909,1,1,0,0,0,0,0.8683028817176819
video13,TriClass-Cloud-FT,910,1,1,0,0,0,0,0.8592156171798706
video13,TriClass-Cloud-FT,911,1,1,0,0,0,0,0.8497765064239502
video13,TriClass-Cloud-FT,912,1,1,0,0,0,0,0.8334612250328064
video13,TriClass-Cloud-FT,913,1,1,0,0,0,0,0.6687127351760864
video13,TriClass-Cloud-FT,914,2,2,0,0,0,0,0.5822096467018127
video13,TriClass-Cloud-FT,915,2,2,0,0,0,0,0.6157503128051758
video13,TriClass-Cloud-FT,916,1,1,0,0,0,0,0.6913626790046692
video13,TriClass-Cloud-FT,917,1,1,0,0,0,0,0.7562573552131653
video13,TriClass-Cloud-FT,918,1,1,0,0,0,0,0.7042912244796753
video13,TriClass-Cloud-FT,919,1,1,0,0,0,0,0.512803852558136
video13,TriClass-Cloud-FT,920,1,1,0,0,0,0,0.6735952496528625
video13,TriClass-Cloud-FT,921,2,2,0,0,0,0,0.5178685188293457
video13,TriClass-Cloud-FT,922,1,1,0,0,0,0,0.6887902617454529
video13,TriClass-Cloud-FT,923,1,1,0,0,0,0,0.7910935282707214
video13,TriClass-Cloud-FT,924,2,2,0,0,0,0,0.4615054726600647
video13,TriClass-Cloud-FT,925,2,2,0,0,1,0,0.5606454610824585
video13,TriClass-Cloud-FT,926,1,1,0,0,0,0,0.8188754916191101
video13,TriClass-Cloud-FT,927,1,1,0,0,0,0,0.7262941002845764
video13,TriClass-Cloud-FT,928,1,1,0,0,0,0,0.8029047250747681
video13,TriClass-Cloud-FT,929,1,1,0,0,0,0,0.8218927979469299
video13,TriClass-Cloud-FT,930,1,1,0,0,0,0,0.8310002684593201
video13,TriClass-Cloud-FT,931,1,1,0,0,0,0,0.8347207307815552
video13,TriClass-Cloud-FT,932,1,1,0,0,0,0,0.8466225266456604
video13,TriClass-Cloud-FT,933,1,1,0,0,0,0,0.8506622910499573
video13,TriClass-Cloud-FT,934,1,1,0,0,0,0,0.8178331851959229
video13,TriClass-Cloud-FT,935,1,1,0,0,0,0,0.7748929262161255
video13,TriClass-Cloud-FT,936,2,2,0,0,0,0,0.509027898311615
video13,TriClass-Cloud-FT,937,2,2,0,0,0,0,0.5269946455955505
video13,TriClass-Cloud-FT,938,1,1,0,0,0,0,0.8570446968078613
video13,TriClass-Cloud-FT,939,1,1,0,0,0,0,0.8735446929931641
video13,TriClass-Cloud-FT,940,1,1,0,0,0,0,0.8881912231445312
video13,TriClass-Cloud-FT,941,1,1,0,0,0,0,0.8893487453460693
video13,TriClass-Cloud-FT,942,1,1,0,0,0,0,0.8972138166427612
video13,TriClass-Cloud-FT,943,1,1,0,0,0,0,0.8891021609306335
video13,TriClass-Cloud-FT,944,1,1,0,0,0,0,0.8815720677375793
video13,TriClass-Cloud-FT,945,1,1,0,0,0,0,0.887496292591095
video13,TriClass-Cloud-FT,946,1,1,0,0,0,0,0.8930872678756714
video13,TriClass-Cloud-FT,947,1,1,0,0,0,0,0.8811922073364258
video13,TriClass-Cloud-FT,948,1,1,0,0,0,0,0.8690358996391296
video13,TriClass-Cloud-FT,949,1,1,0,0,0,0,0.8720837831497192
video13,TriClass-Cloud-FT,950,1,1,0,0,0,0,0.8726561665534973
video13,TriClass-Cloud-FT,951,1,1,0,0,0,0,0.8766762018203735
video13,TriClass-Cloud-FT,952,1,1,0,0,0,0,0.863482654094696
video13,TriClass-Cloud-FT,953,1,1,0,0,0,0,0.8702234029769897
video13,TriClass-Cloud-FT,954,1,1,0,0,0,0,0.8717628121376038
video13,TriClass-Cloud-FT,955,1,1,0,0,0,0,0.8719330430030823
video13,TriClass-Cloud-FT,956,1,1,0,0,0,0,0.8669136762619019
video13,TriClass-Cloud-FT,957,1,1,0,0,0,0,0.8694588541984558
video13,TriClass-Cloud-FT,958,1,1,0,0,0,0,0.8697776794433594
video13,TriClass-Cloud-FT,959,1,1,0,0,0,0,0.8559610247612
video13,TriClass-Cloud-FT,960,1,1,0,0,0,0,0.8596698045730591
video13,TriClass-Cloud-FT,961,1,1,0,0,0,0,0.8538190126419067
video13,TriClass-Cloud-FT,962,1,1,0,0,0,0,0.857227087020874
video13,TriClass-Cloud-FT,963,1,1,0,0,0,0,0.8185443878173828
video13,TriClass-Cloud-FT,964,2,2,0,0,0,0,0.6324349045753479
video13,TriClass-Cloud-FT,965,2,2,0,0,1,0,0.6779962182044983
video13,TriClass-Cloud-FT,966,1,1,0,0,0,0,0.8340656161308289
video13,TriClass-Cloud-FT,967,1,1,0,0,0,0,0.8482168912887573
video13,TriClass-Cloud-FT,968,1,1,0,0,0,0,0.8195741772651672
video13,TriClass-Cloud-FT,969,1,1,0,0,0,0,0.8594024777412415
video13,TriClass-Cloud-FT,970,1,1,0,0,0,0,0.8463479280471802
video13,TriClass-Cloud-FT,971,1,1,0,0,0,0,0.7926720976829529
video13,TriClass-Cloud-FT,972,1,1,0,0,0,0,0.8526301980018616
video13,TriClass-Cloud-FT,973,1,1,0,0,0,0,0.8654534220695496
video13,TriClass-Cloud-FT,974,1,1,0,0,0,0,0.8622245788574219
video13,TriClass-Cloud-FT,975,1,1,0,0,0,0,0.8542671799659729
video13,TriClass-Cloud-FT,976,1,1,0,0,0,0,0.8172106146812439
video13,TriClass-Cloud-FT,977,1,1,0,0,0,0,0.8317714333534241
video13,TriClass-Cloud-FT,978,1,1,0,0,0,0,0.7975127696990967
video13,TriClass-Cloud-FT,979,1,1,0,0,0,0,0.8192691802978516
video13,TriClass-Cloud-FT,980,1,1,0,0,0,0,0.702049970626831
video13,TriClass-Cloud-FT,981,2,2,0,0,1,0,0.44270896911621094
video13,TriClass-Cloud-FT,982,3,3,0,0,2,0,0.4876214265823364
video13,TriClass-Cloud-FT,983,1,1,0,0,0,0,0.5584191679954529
video13,TriClass-Cloud-FT,984,1,1,0,0,0,0,0.6300814151763916
video13,TriClass-Cloud-FT,985,1,1,0,0,0,0,0.5895193219184875
video13,TriClass-Cloud-FT,986,2,2,0,0,1,0,0.37765252590179443
video13,TriClass-Cloud-FT,987,1,1,0,0,0,0,0.5719814300537109
video13,TriClass-Cloud-FT,988,2,2,0,0,1,0,0.407852441072464
video13,TriClass-Cloud-FT,989,1,1,0,0,0,0,0.4207278788089752
video13,TriClass-Cloud-FT,990,0,0,0,0,0,0,0.0
video13,TriClass-Cloud-FT,991,1,1,0,0,0,0,0.5721130967140198
video13,TriClass-Cloud-FT,992,1,1,0,0,0,0,0.6705920696258545
video13,TriClass-Cloud-FT,993,0,0,0,0,0,0,0.0
video13,TriClass-Cloud-FT,994,1,1,0,0,0,0,0.4248215854167938
video13,TriClass-Cloud-FT,995,1,1,0,0,0,0,0.6449570655822754
video13,TriClass-Cloud-FT,996,1,1,0,0,0,0,0.43493959307670593
video13,TriClass-Cloud-FT,997,1,1,0,0,0,0,0.6995667815208435
video13,TriClass-Cloud-FT,998,1,1,0,0,0,0,0.7267624735832214
video13,TriClass-Cloud-FT,999,1,1,0,0,0,0,0.5341910719871521
video13,TriClass-Cloud-FT,1000,1,1,0,0,0,0,0.6463028192520142
video13,TriClass-Cloud-FT,1001,2,2,0,0,1,0,0.46167394518852234
video13,TriClass-Cloud-FT,1002,1,1,0,0,1,0,0.3348708152770996
video13,TriClass-Cloud-FT,1003,1,1,0,0,0,0,0.5338028073310852
video13,TriClass-Cloud-FT,1004,1,1,0,0,0,0,0.7442419528961182
video13,TriClass-Cloud-FT,1005,1,1,0,0,0,0,0.7026641964912415
video13,TriClass-Cloud-FT,1006,1,1,0,0,0,0,0.7682873010635376
video13,TriClass-Cloud-FT,1007,1,1,0,0,0,0,0.7073245644569397
video13,TriClass-Cloud-FT,1008,1,1,0,0,0,0,0.814146876335144
video13,TriClass-Cloud-FT,1009,0,0,0,0,0,0,0.0
video13,TriClass-Cloud-FT,1010,0,0,0,0,0,0,0.0
video13,TriClass-Cloud-FT,1011,1,1,0,0,0,0,0.6497309803962708
video13,TriClass-Cloud-FT,1012,1,1,0,0,1,0,0.2658264935016632
video13,TriClass-Cloud-FT,1013,2,2,0,0,0,0,0.6534894108772278
video13,TriClass-Cloud-FT,1014,1,1,0,0,1,0,0.2926049828529358
video13,TriClass-Cloud-FT,1015,0,0,0,0,0,0,0.0
video13,TriClass-Cloud-FT,1016,0,0,0,0,0,0,0.0
video13,TriClass-Cloud-FT,1017,2,2,0,0,1,0,0.6275812983512878
video13,TriClass-Cloud-FT,1018,1,1,0,0,0,0,0.7259496450424194
video13,TriClass-Cloud-FT,1019,1,1,0,0,0,0,0.5785728096961975
video13,TriClass-Cloud-FT,1020,1,1,0,0,0,0,0.5732921361923218
video13,TriClass-Cloud-FT,1021,1,1,0,0,0,0,0.8447900414466858
video13,TriClass-Cloud-FT,1022,1,1,0,0,0,0,0.8193244934082031
video13,TriClass-Cloud-FT,1023,1,1,0,0,0,0,0.8252583742141724
video13,TriClass-Cloud-FT,1024,1,1,0,0,0,0,0.8597587943077087
video13,TriClass-Cloud-FT,1025,1,1,0,0,0,0,0.8184731006622314
video13,TriClass-Cloud-FT,1026,1,1,0,0,0,0,0.6923497319221497
video13,TriClass-Cloud-FT,1027,1,1,0,0,0,0,0.7830207943916321
video13,TriClass-Cloud-FT,1028,1,1,0,0,0,0,0.7591767907142639
video13,TriClass-Cloud-FT,1029,1,1,0,0,0,0,0.7535477876663208
video13,TriClass-Cloud-FT,1030,1,1,0,0,0,0,0.7980543375015259
video13,TriClass-Cloud-FT,1031,1,1,0,0,0,0,0.7776354551315308
video13,TriClass-Cloud-FT,1032,1,1,0,0,0,0,0.5809764862060547
video13,TriClass-Cloud-FT,1033,1,1,0,0,0,0,0.8027622103691101
video13,TriClass-Cloud-FT,1034,1,1,0,0,0,0,0.8003712892532349
video13,TriClass-Cloud-FT,1035,1,1,0,0,0,0,0.8334406018257141
video13,TriClass-Cloud-FT,1036,1,1,0,0,0,0,0.7780430316925049
video13,TriClass-Cloud-FT,1037,2,2,0,0,0,0,0.6662113666534424
video13,TriClass-Cloud-FT,1038,2,2,0,0,0,0,0.5843638181686401
video13,TriClass-Cloud-FT,1039,2,2,0,0,1,0,0.3584834039211273
video13,TriClass-Cloud-FT,1040,1,1,0,0,0,0,0.6407818794250488
video13,TriClass-Cloud-FT,1041,1,1,0,0,0,0,0.5823987126350403
video13,TriClass-Cloud-FT,1042,1,1,0,0,0,0,0.8076276779174805
video13,TriClass-Cloud-FT,1043,2,2,0,0,1,0,0.5355451107025146
video13,TriClass-Cloud-FT,1044,1,1,0,0,0,0,0.8090471029281616
video13,TriClass-Cloud-FT,1045,1,1,0,0,0,0,0.7761093378067017
video13,TriClass-Cloud-FT,1046,1,1,0,0,0,0,0.831866979598999
video13,TriClass-Cloud-FT,1047,1,1,0,0,0,0,0.8323169350624084
video13,TriClass-Cloud-FT,1048,1,1,0,0,0,0,0.8270105719566345
video13,TriClass-Cloud-FT,1049,1,1,0,0,0,0,0.8473308086395264
video13,TriClass-Cloud-FT,1050,1,1,0,0,0,0,0.7658889889717102
video13,TriClass-Cloud-FT,1051,1,1,0,0,0,0,0.8212913870811462
video13,TriClass-Cloud-FT,1052,1,1,0,0,0,0,0.7693885564804077
video13,TriClass-Cloud-FT,1053,1,1,0,0,0,0,0.6784981489181519
video13,TriClass-Cloud-FT,1054,1,1,0,0,0,0,0.7739992141723633
video13,TriClass-Cloud-FT,1055,1,1,0,0,0,0,0.8096572160720825
video13,TriClass-Cloud-FT,1056,1,1,0,0,0,0,0.8094384670257568
video13,TriClass-Cloud-FT,1057,1,1,0,0,0,0,0.8204503059387207
video13,TriClass-Cloud-FT,1058,1,1,0,0,0,0,0.8105987310409546
video13,TriClass-Cloud-FT,1059,1,1,0,0,0,0,0.8321780562400818
video13,TriClass-Cloud-FT,1060,1,1,0,0,0,0,0.8128757476806641
video13,TriClass-Cloud-FT,1061,1,1,0,0,0,0,0.7975189089775085
video13,TriClass-Cloud-FT,1062,1,1,0,0,0,0,0.829133152961731
video13,TriClass-Cloud-FT,1063,1,1,0,0,0,0,0.7815536260604858
video13,TriClass-Cloud-FT,1064,1,1,0,0,0,0,0.8423684239387512
video13,TriClass-Cloud-FT,1065,1,1,0,0,0,0,0.8173640966415405
video13,TriClass-Cloud-FT,1066,1,1,0,0,0,0,0.8473275303840637
video13,TriClass-Cloud-FT,1067,1,1,0,0,0,0,0.822027325630188
video13,TriClass-Cloud-FT,1068,1,1,0,0,0,0,0.8098865151405334
video13,TriClass-Cloud-FT,1069,1,1,0,0,0,0,0.8493250012397766
video13,TriClass-Cloud-FT,1070,1,1,0,0,0,0,0.8440573215484619
video13,TriClass-Cloud-FT,1071,1,1,0,0,0,0,0.8221906423568726
video13,TriClass-Cloud-FT,1072,1,1,0,0,0,0,0.7917670011520386
video13,TriClass-Cloud-FT,1073,1,1,0,0,0,0,0.8359465003013611
video13,TriClass-Cloud-FT,1074,1,1,0,0,0,0,0.7311819791793823
video13,TriClass-Cloud-FT,1075,1,1,0,0,0,0,0.7621747255325317
video13,TriClass-Cloud-FT,1076,2,2,0,0,1,0,0.644733190536499
video13,TriClass-Cloud-FT,1077,1,1,0,0,0,0,0.7386698126792908
video13,TriClass-Cloud-FT,1078,1,1,0,0,0,0,0.5863105058670044
video13,TriClass-Cloud-FT,1079,1,1,0,0,0,0,0.7121017575263977
video13,TriClass-Cloud-FT,1080,1,1,0,0,0,0,0.7004403471946716
video13,TriClass-Cloud-FT,1081,1,1,0,0,0,0,0.7312970161437988
video13,TriClass-Cloud-FT,1082,2,2,0,0,0,0,0.4732411205768585
video13,TriClass-Cloud-FT,1083,1,1,0,0,0,0,0.7738540172576904
video13,TriClass-Cloud-FT,1084,1,1,0,0,0,0,0.8133516311645508
video13,TriClass-Cloud-FT,1085,1,1,0,0,0,0,0.8175725340843201
video13,TriClass-Cloud-FT,1086,1,1,0,0,0,0,0.8008924722671509
video13,TriClass-Cloud-FT,1087,1,1,0,0,0,0,0.808008074760437
video13,TriClass-Cloud-FT,1088,1,1,0,0,0,0,0.8042317628860474
video13,TriClass-Cloud-FT,1089,1,1,0,0,0,0,0.8125634789466858
video13,TriClass-Cloud-FT,1090,1,1,0,0,0,0,0.8016927242279053
video13,TriClass-Cloud-FT,1091,1,1,0,0,0,0,0.7906888723373413
video13,TriClass-Cloud-FT,1092,1,1,0,0,0,0,0.8002127408981323
video13,TriClass-Cloud-FT,1093,1,1,0,0,0,0,0.8295858502388
video13,TriClass-Cloud-FT,1094,1,1,0,0,0,0,0.8286307454109192
video13,TriClass-Cloud-FT,1095,1,1,0,0,0,0,0.8363776803016663
video13,TriClass-Cloud-FT,1096,1,1,0,0,0,0,0.8352290391921997
video13,TriClass-Cloud-FT,1097,1,1,0,0,0,0,0.8018403649330139
video13,TriClass-Cloud-FT,1098,1,1,0,0,0,0,0.828856348991394
video13,TriClass-Cloud-FT,1099,1,1,0,0,0,0,0.8206387758255005
video13,TriClass-Cloud-FT,1100,1,1,0,0,0,0,0.8248426914215088
video13,TriClass-Cloud-FT,1101,1,1,0,0,0,0,0.8277501463890076
video13,TriClass-Cloud-FT,1102,1,1,0,0,0,0,0.793061375617981
video13,TriClass-Cloud-FT,1103,1,1,0,0,0,0,0.8124264478683472
video13,TriClass-Cloud-FT,1104,1,1,0,0,0,0,0.809796929359436
video13,TriClass-Cloud-FT,1105,2,2,0,0,1,0,0.47594496607780457
video13,TriClass-Cloud-FT,1106,1,1,0,0,0,0,0.7745970487594604
video13,TriClass-Cloud-FT,1107,1,1,0,0,0,0,0.7391453981399536
video13,TriClass-Cloud-FT,1108,1,1,0,0,0,0,0.7804660201072693
video13,TriClass-Cloud-FT,1109,1,1,0,0,0,0,0.8421663045883179
video13,TriClass-Cloud-FT,1110,1,1,0,0,0,0,0.7763746976852417
video13,TriClass-Cloud-FT,1111,1,1,0,0,0,0,0.8134697079658508
video13,TriClass-Cloud-FT,1112,1,1,0,0,0,0,0.833214521408081
video13,TriClass-Cloud-FT,1113,1,1,0,0,0,0,0.8365999460220337
video13,TriClass-Cloud-FT,1114,1,1,0,0,0,0,0.7936796545982361
video13,TriClass-Cloud-FT,1115,1,1,0,0,0,0,0.8267145156860352
video13,TriClass-Cloud-FT,1116,2,2,0,0,0,0,0.5626857876777649
video13,TriClass-Cloud-FT,1117,1,1,0,0,0,0,0.7105333805084229
video13,TriClass-Cloud-FT,1118,1,1,0,0,0,0,0.835311233997345
video13,TriClass-Cloud-FT,1119,1,1,0,0,0,0,0.7958579063415527
video13,TriClass-Cloud-FT,1120,1,1,0,0,0,0,0.7910251617431641
video13,TriClass-Cloud-FT,1121,1,1,0,0,0,0,0.7642517685890198
video13,TriClass-Cloud-FT,1122,2,2,0,0,1,0,0.6081748604774475
video13,TriClass-Cloud-FT,1123,1,1,0,0,0,0,0.7711392045021057
video13,TriClass-Cloud-FT,1124,1,1,0,0,0,0,0.7761914730072021
video13,TriClass-Cloud-FT,1125,1,1,0,0,0,0,0.82763671875
video13,TriClass-Cloud-FT,1126,1,1,0,0,0,0,0.8342052102088928
video13,TriClass-Cloud-FT,1127,1,1,0,0,0,0,0.6904960870742798
video13,TriClass-Cloud-FT,1128,1,1,0,0,0,0,0.7257705330848694
video13,TriClass-Cloud-FT,1129,1,1,0,0,0,0,0.7981677055358887
video13,TriClass-Cloud-FT,1130,1,1,0,0,0,0,0.736886203289032
video13,TriClass-Cloud-FT,1131,1,1,0,0,0,0,0.8059291839599609
video13,TriClass-Cloud-FT,1132,1,1,0,0,0,0,0.7642043828964233
video13,TriClass-Cloud-FT,1133,1,1,0,0,0,0,0.7407909035682678
video13,TriClass-Cloud-FT,1134,1,1,0,0,0,0,0.8025828003883362
video13,TriClass-Cloud-FT,1135,1,1,0,0,0,0,0.817430853843689
video13,TriClass-Cloud-FT,1136,1,1,0,0,0,0,0.8197169899940491
video13,TriClass-Cloud-FT,1137,1,1,0,0,0,0,0.820490837097168
video13,TriClass-Cloud-FT,1138,1,1,0,0,0,0,0.807044506072998
video13,TriClass-Cloud-FT,1139,1,1,0,0,0,0,0.8188064098358154
video13,TriClass-Cloud-FT,1140,1,1,0,0,0,0,0.8207899332046509
video13,TriClass-Cloud-FT,1141,1,1,0,0,0,0,0.7916889786720276
video13,TriClass-Cloud-FT,1142,1,1,0,0,0,0,0.8169031739234924
video13,TriClass-Cloud-FT,1143,1,1,0,0,0,0,0.8144399523735046
video13,TriClass-Cloud-FT,1144,2,2,0,0,0,0,0.6667717099189758
video13,TriClass-Cloud-FT,1145,1,1,0,0,0,0,0.7651323676109314
video13,TriClass-Cloud-FT,1146,1,1,0,0,0,0,0.6997365355491638
video13,TriClass-Cloud-FT,1147,1,1,0,0,0,0,0.7748565077781677
video13,TriClass-Cloud-FT,1148,1,1,0,0,0,0,0.8254442811012268
video13,TriClass-Cloud-FT,1149,1,1,0,0,0,0,0.8308438062667847
video13,TriClass-Cloud-FT,1150,1,1,0,0,0,0,0.7707237601280212
video13,TriClass-Cloud-FT,1151,1,1,0,0,0,0,0.8230834603309631
video13,TriClass-Cloud-FT,1152,1,1,0,0,0,0,0.7886168956756592
video13,TriClass-Cloud-FT,1153,1,1,0,0,0,0,0.48358121514320374
video13,TriClass-Cloud-FT,1154,1,1,0,0,0,0,0.5604208707809448
video13,TriClass-Cloud-FT,1155,1,1,0,0,0,0,0.7804478406906128
video13,TriClass-Cloud-FT,1156,2,2,0,0,1,0,0.6721615195274353
video13,TriClass-Cloud-FT,1157,2,2,0,0,1,0,0.6086386442184448
video13,TriClass-Cloud-FT,1158,1,1,0,0,0,0,0.8283956050872803
video13,TriClass-Cloud-FT,1159,1,1,0,0,0,0,0.8511525392532349
video13,TriClass-Cloud-FT,1160,1,1,0,0,0,0,0.7667428851127625
video13,TriClass-Cloud-FT,1161,1,1,0,0,0,0,0.8377467393875122
video13,TriClass-Cloud-FT,1162,1,1,0,0,0,0,0.8166661262512207
video13,TriClass-Cloud-FT,1163,1,1,0,0,0,0,0.8084421753883362
video13,TriClass-Cloud-FT,1164,1,1,0,0,0,0,0.7280470132827759
video13,TriClass-Cloud-FT,1165,1,1,0,0,0,0,0.7133126258850098
video13,TriClass-Cloud-FT,1166,1,1,0,0,0,0,0.3869091272354126
video13,TriClass-Cloud-FT,1167,0,0,0,0,0,0,0.0
video13,TriClass-Cloud-FT,1168,0,0,0,0,0,0,0.0
video13,TriClass-Cloud-FT,1169,2,2,0,0,1,0,0.4947320818901062
video13,TriClass-Cloud-FT,1170,1,1,0,0,0,0,0.8497349619865417
video13,TriClass-Cloud-FT,1171,1,1,0,0,0,0,0.8635727167129517
video13,TriClass-Cloud-FT,1172,2,2,0,0,1,0,0.7483145594596863
video13,TriClass-Cloud-FT,1173,1,1,0,0,0,0,0.8582221269607544
video13,TriClass-Cloud-FT,1174,1,1,0,0,0,0,0.8649226427078247
video13,TriClass-Cloud-FT,1175,1,1,0,0,0,0,0.861007034778595
video13,TriClass-Cloud-FT,1176,1,1,0,0,0,0,0.8729715347290039
video13,TriClass-Cloud-FT,1177,1,1,0,0,0,0,0.8776815533638
video13,TriClass-Cloud-FT,1178,1,1,0,0,0,0,0.877151608467102
video13,TriClass-Cloud-FT,1179,1,1,0,0,0,0,0.8750640153884888
video13,TriClass-Cloud-FT,1180,1,1,0,0,0,0,0.8810036182403564
video13,TriClass-Cloud-FT,1181,1,1,0,0,0,0,0.8709424734115601
video13,TriClass-Cloud-FT,1182,1,1,0,0,0,0,0.8599164485931396
video13,TriClass-Cloud-FT,1183,1,1,0,0,0,0,0.856131911277771
video13,TriClass-Cloud-FT,1184,1,1,0,0,0,0,0.8573647737503052
video13,TriClass-Cloud-FT,1185,1,1,0,0,0,0,0.8295758366584778
video13,TriClass-Cloud-FT,1186,1,1,0,0,0,0,0.8127968311309814
video13,TriClass-Cloud-FT,1187,1,1,0,0,0,0,0.8510693311691284
video13,TriClass-Cloud-FT,1188,1,1,0,0,0,0,0.8507803082466125
video13,TriClass-Cloud-FT,1189,1,1,0,0,0,0,0.8765824437141418
video13,TriClass-Cloud-FT,1190,1,1,0,0,0,0,0.8525047898292542
video13,TriClass-Cloud-FT,1191,1,1,0,0,0,0,0.6673882007598877
video13,TriClass-Cloud-FT,1192,1,1,0,0,0,0,0.4190613627433777
video13,TriClass-Cloud-FT,1193,1,1,0,0,0,0,0.6242300271987915
video13,TriClass-Cloud-FT,1194,1,1,0,0,0,0,0.6273906826972961
video13,TriClass-Cloud-FT,1195,2,2,0,0,1,0,0.4607248306274414
video13,TriClass-Cloud-FT,1196,1,1,0,0,0,0,0.48133599758148193
video13,TriClass-Cloud-FT,1197,1,1,0,0,1,0,0.28525450825691223
video13,TriClass-Cloud-FT,1198,1,1,0,0,0,0,0.4508211612701416
video13,TriClass-Cloud-FT,1199,1,1,0,0,0,0,0.6880798935890198
video13,TriClass-Cloud-FT,1200,1,1,0,0,0,0,0.7920030355453491
video13,TriClass-Cloud-FT,1201,1,1,0,0,0,0,0.7644028663635254
video13,TriClass-Cloud-FT,1202,2,2,0,0,0,0,0.5467755198478699
video13,TriClass-Cloud-FT,1203,2,2,0,0,0,0,0.550813615322113
video13,TriClass-Cloud-FT,1204,1,1,0,0,0,0,0.7765873670578003
video13,TriClass-Cloud-FT,1205,1,1,0,0,0,0,0.800422191619873
video13,TriClass-Cloud-FT,1206,2,2,0,0,0,0,0.5302987098693848
video13,TriClass-Cloud-FT,1207,2,2,0,0,0,0,0.6651229858398438
video13,TriClass-Cloud-FT,1208,1,1,0,0,0,0,0.758495032787323
video13,TriClass-Cloud-FT,1209,1,1,0,0,0,0,0.7499249577522278
video13,TriClass-Cloud-FT,1210,1,1,0,0,0,0,0.8073663115501404
video13,TriClass-Cloud-FT,1211,2,2,0,0,0,0,0.6618332266807556
video13,TriClass-Cloud-FT,1212,2,2,0,0,0,0,0.7255282402038574
video13,TriClass-Cloud-FT,1213,2,2,0,0,0,0,0.6742708683013916
video13,TriClass-Cloud-FT,1214,1,1,0,0,0,0,0.7743298411369324
video13,TriClass-Cloud-FT,1215,2,2,0,0,0,0,0.7247135043144226
video13,TriClass-Cloud-FT,1216,1,1,0,0,0,0,0.7631836533546448
video13,TriClass-Cloud-FT,1217,1,1,0,0,0,0,0.7061856985092163
video13,TriClass-Cloud-FT,1218,1,1,0,0,0,0,0.7009875774383545
video13,TriClass-Cloud-FT,1219,1,1,0,0,0,0,0.7800413370132446
video13,TriClass-Cloud-FT,1220,1,1,0,0,0,0,0.7770217061042786
video13,TriClass-Cloud-FT,1221,2,2,0,0,0,0,0.5007214546203613
video13,TriClass-Cloud-FT,1222,2,2,0,0,0,0,0.5511514544487
video13,TriClass-Cloud-FT,1223,2,2,0,0,0,0,0.6201234459877014
video13,TriClass-Cloud-FT,1224,2,2,0,0,1,0,0.597272515296936
video13,TriClass-Cloud-FT,1225,1,1,0,0,0,0,0.7214921712875366
video13,TriClass-Cloud-FT,1226,1,1,0,0,0,0,0.6324642300605774
video13,TriClass-Cloud-FT,1227,1,1,0,0,0,0,0.7526126503944397
video13,TriClass-Cloud-FT,1228,1,1,0,0,0,0,0.74591463804245
video13,TriClass-Cloud-FT,1229,1,1,0,0,0,0,0.8126758933067322
video13,TriClass-Cloud-FT,1230,1,1,0,0,0,0,0.7295905351638794
video13,TriClass-Cloud-FT,1231,2,2,0,0,0,0,0.5197417736053467
video13,TriClass-Cloud-FT,1232,1,1,0,0,0,0,0.7604686617851257
video13,TriClass-Cloud-FT,1233,1,1,0,0,0,0,0.6958105564117432
video13,TriClass-Cloud-FT,1234,1,1,0,0,0,0,0.7545075416564941
video13,TriClass-Cloud-FT,1235,1,1,0,0,0,0,0.8365635871887207
video13,TriClass-Cloud-FT,1236,1,1,0,0,0,0,0.8239044547080994
video13,TriClass-Cloud-FT,1237,1,1,0,0,0,0,0.8575858473777771
video13,TriClass-Cloud-FT,1238,1,1,0,0,0,0,0.8526619076728821
video13,TriClass-Cloud-FT,1239,1,1,0,0,0,0,0.8600031137466431
video13,TriClass-Cloud-FT,1240,1,1,0,0,0,0,0.8513542413711548
video13,TriClass-Cloud-FT,1241,1,1,0,0,0,0,0.8509105443954468
video13,TriClass-Cloud-FT,1242,1,1,0,0,0,0,0.8591805100440979
video13,TriClass-Cloud-FT,1243,1,1,0,0,0,0,0.8662916421890259
video13,TriClass-Cloud-FT,1244,1,1,0,0,0,0,0.8737491965293884
video13,TriClass-Cloud-FT,1245,1,1,0,0,0,0,0.8715003132820129
video13,TriClass-Cloud-FT,1246,1,1,0,0,0,0,0.8689148426055908
video13,TriClass-Cloud-FT,1247,1,1,0,0,0,0,0.872136116027832
video13,TriClass-Cloud-FT,1248,1,1,0,0,0,0,0.8750844597816467
video13,TriClass-Cloud-FT,1249,1,1,0,0,0,0,0.8726311922073364
video13,TriClass-Cloud-FT,1250,1,1,0,0,0,0,0.8736242055892944
video13,TriClass-Cloud-FT,1251,1,1,0,0,0,0,0.8675113320350647
video13,TriClass-Cloud-FT,1252,1,1,0,0,0,0,0.8668386936187744
video13,TriClass-Cloud-FT,1253,1,1,0,0,0,0,0.8687391877174377
video13,TriClass-Cloud-FT,1254,1,1,0,0,0,0,0.8587613701820374
video13,TriClass-Cloud-FT,1255,1,1,0,0,0,0,0.8585889339447021
video13,TriClass-Cloud-FT,1256,1,1,0,0,0,0,0.8667628765106201
video13,TriClass-Cloud-FT,1257,1,1,0,0,0,0,0.8693016767501831
video13,TriClass-Cloud-FT,1258,1,1,0,0,0,0,0.8694797158241272
video13,TriClass-Cloud-FT,1259,1,1,0,0,0,0,0.8746004700660706
video13,TriClass-Cloud-FT,1260,1,1,0,0,0,0,0.8799930810928345
video13,TriClass-Cloud-FT,1261,1,1,0,0,0,0,0.8803161978721619
video13,TriClass-Cloud-FT,1262,1,1,0,0,0,0,0.8857679963111877
video13,TriClass-Cloud-FT,1263,1,1,0,0,0,0,0.8584851622581482
video13,TriClass-Cloud-FT,1264,1,1,0,0,0,0,0.8535854816436768
video13,TriClass-Cloud-FT,1265,1,1,0,0,0,0,0.8713305592536926
video13,TriClass-Cloud-FT,1266,1,1,0,0,0,0,0.8354624509811401
video13,TriClass-Cloud-FT,1267,1,1,0,0,0,0,0.7492157220840454
video13,TriClass-Cloud-FT,1268,1,1,0,0,0,0,0.6782093644142151
video13,TriClass-Cloud-FT,1269,1,1,0,0,0,0,0.8269937634468079
video13,TriClass-Cloud-FT,1270,1,1,0,0,0,0,0.8534135222434998
video13,TriClass-Cloud-FT,1271,1,1,0,0,0,0,0.8253458738327026
video13,TriClass-Cloud-FT,1272,1,1,0,0,0,0,0.8470426201820374
video13,TriClass-Cloud-FT,1273,1,1,0,0,0,0,0.8130784034729004
video13,TriClass-Cloud-FT,1274,1,1,0,0,0,0,0.7846202254295349
video13,TriClass-Cloud-FT,1275,1,1,0,0,0,0,0.8130393028259277
video13,TriClass-Cloud-FT,1276,1,1,0,0,0,0,0.8265726566314697
video13,TriClass-Cloud-FT,1277,1,1,0,0,0,0,0.8635824918746948
video13,TriClass-Cloud-FT,1278,1,1,0,0,0,0,0.8277711272239685
video13,TriClass-Cloud-FT,1279,1,1,0,0,0,0,0.8084476590156555
video13,TriClass-Cloud-FT,1280,1,1,0,0,0,0,0.8271198868751526
video13,TriClass-Cloud-FT,1281,1,1,0,0,0,0,0.8374320864677429
video13,TriClass-Cloud-FT,1282,1,1,0,0,0,0,0.8211700320243835
video13,TriClass-Cloud-FT,1283,1,1,0,0,0,0,0.8444879651069641
video13,TriClass-Cloud-FT,1284,1,1,0,0,0,0,0.8553789258003235
video13,TriClass-Cloud-FT,1285,1,1,0,0,0,0,0.8508257865905762
video13,TriClass-Cloud-FT,1286,1,1,0,0,0,0,0.8647809028625488
video13,TriClass-Cloud-FT,1287,1,1,0,0,0,0,0.8636527061462402
video13,TriClass-Cloud-FT,1288,1,1,0,0,0,0,0.8595852255821228
video13,TriClass-Cloud-FT,1289,1,1,0,0,0,0,0.8553730249404907
video13,TriClass-Cloud-FT,1290,1,1,0,0,0,0,0.8472345471382141
video13,TriClass-Cloud-FT,1291,1,1,0,0,0,0,0.860990583896637
video13,TriClass-Cloud-FT,1292,1,1,0,0,0,0,0.8632106184959412
video13,TriClass-Cloud-FT,1293,1,1,0,0,0,0,0.8408400416374207
video13,TriClass-Cloud-FT,1294,1,1,0,0,0,0,0.8577284216880798
video13,TriClass-Cloud-FT,1295,1,1,0,0,0,0,0.8601235747337341
video13,TriClass-Cloud-FT,1296,1,1,0,0,0,0,0.8685420751571655
video13,TriClass-Cloud-FT,1297,1,1,0,0,0,0,0.8571681380271912
video13,TriClass-Cloud-FT,1298,1,1,0,0,0,0,0.8629516363143921
video13,TriClass-Cloud-FT,1299,1,1,0,0,0,0,0.8330507874488831
video13,TriClass-Cloud-FT,1300,1,1,0,0,0,0,0.8671044111251831
video13,TriClass-Cloud-FT,1301,1,1,0,0,0,0,0.848819375038147
video13,TriClass-Cloud-FT,1302,1,1,0,0,0,0,0.8339470028877258
video13,TriClass-Cloud-FT,1303,1,1,0,0,0,0,0.8477421998977661
video13,TriClass-Cloud-FT,1304,1,1,0,0,0,0,0.8480654358863831
video13,TriClass-Cloud-FT,1305,1,1,0,0,0,0,0.8407854437828064
video13,TriClass-Cloud-FT,1306,1,1,0,0,0,0,0.8401158452033997
video13,TriClass-Cloud-FT,1307,1,1,0,0,0,0,0.8516725897789001
video13,TriClass-Cloud-FT,1308,1,1,0,0,0,0,0.8697951436042786
video13,TriClass-Cloud-FT,1309,1,1,0,0,0,0,0.8754168152809143
video13,TriClass-Cloud-FT,1310,1,1,0,0,0,0,0.8750184774398804
video13,TriClass-Cloud-FT,1311,1,1,0,0,0,0,0.8742572069168091
video13,TriClass-Cloud-FT,1312,1,1,0,0,0,0,0.8802923560142517
video13,TriClass-Cloud-FT,1313,1,1,0,0,0,0,0.8753705620765686
video13,TriClass-Cloud-FT,1314,1,1,0,0,0,0,0.8673787117004395
video13,TriClass-Cloud-FT,1315,1,1,0,0,0,0,0.8719337582588196
video13,TriClass-Cloud-FT,1316,1,1,0,0,0,0,0.8628618121147156
video13,TriClass-Cloud-FT,1317,1,1,0,0,0,0,0.8644102811813354
video13,TriClass-Cloud-FT,1318,1,1,0,0,0,0,0.8646042943000793
video13,TriClass-Cloud-FT,1319,1,1,0,0,0,0,0.8435831665992737
video13,TriClass-Cloud-FT,1320,1,1,0,0,0,0,0.825300395488739
video13,TriClass-Cloud-FT,1321,1,1,0,0,0,0,0.796390175819397
video13,TriClass-Cloud-FT,1322,1,1,0,0,0,0,0.551353394985199
video13,TriClass-Cloud-FT,1323,2,2,0,0,1,0,0.41508710384368896
video13,TriClass-Cloud-FT,1324,1,1,0,0,0,0,0.5774543881416321
video13,TriClass-Cloud-FT,1325,1,1,0,0,0,0,0.6435443758964539
video13,TriClass-Cloud-FT,1326,2,2,0,0,1,0,0.7314650416374207
video13,TriClass-Cloud-FT,1327,1,1,0,0,0,0,0.8641956448554993
video13,TriClass-Cloud-FT,1328,1,1,0,0,0,0,0.8902989625930786
video13,TriClass-Cloud-FT,1329,1,1,0,0,0,0,0.914413571357727
video13,TriClass-Cloud-FT,1330,1,1,0,0,0,0,0.8977065682411194
video13,TriClass-Cloud-FT,1331,1,1,0,0,0,0,0.9010043144226074
video13,TriClass-Cloud-FT,1332,1,1,0,0,0,0,0.9020190238952637
video13,TriClass-Cloud-FT,1333,1,1,0,0,0,0,0.8967690467834473
video13,TriClass-Cloud-FT,1334,1,1,0,0,0,0,0.8880434036254883
video13,TriClass-Cloud-FT,1335,1,1,0,0,0,0,0.8784629702568054
video13,TriClass-Cloud-FT,1336,1,1,0,0,0,0,0.8778876662254333
video13,TriClass-Cloud-FT,1337,1,1,0,0,0,0,0.8711286187171936
video13,TriClass-Cloud-FT,1338,1,1,0,0,0,0,0.8715366125106812
video13,TriClass-Cloud-FT,1339,1,1,0,0,0,0,0.8756468892097473
video13,TriClass-Cloud-FT,1340,1,1,0,0,0,0,0.8780683279037476
video13,TriClass-Cloud-FT,1341,1,1,0,0,0,0,0.8802765011787415
video13,TriClass-Cloud-FT,1342,1,1,0,0,0,0,0.8606139421463013
video13,TriClass-Cloud-FT,1343,1,1,0,0,0,0,0.8712475895881653
video13,TriClass-Cloud-FT,1344,1,1,0,0,0,0,0.8683071732521057
video13,TriClass-Cloud-FT,1345,1,1,0,0,0,0,0.8333407640457153
video13,TriClass-Cloud-FT,1346,1,1,0,0,0,0,0.7019122242927551
video13,TriClass-Cloud-FT,1347,2,2,0,0,1,0,0.7328736186027527
video13,TriClass-Cloud-FT,1348,1,1,0,0,0,0,0.8040477633476257
video13,TriClass-Cloud-FT,1349,1,1,0,0,0,0,0.6910927295684814
video13,TriClass-Cloud-FT,1350,1,1,0,0,0,0,0.811350405216217
video13,TriClass-Cloud-FT,1351,1,1,0,0,0,0,0.8012007474899292
video13,TriClass-Cloud-FT,1352,1,1,0,0,0,0,0.8500657677650452
video13,TriClass-Cloud-FT,1353,1,1,0,0,0,0,0.8481857776641846
video13,TriClass-Cloud-FT,1354,1,1,0,0,0,0,0.8044916987419128
video13,TriClass-Cloud-FT,1355,1,1,0,0,0,0,0.7806223034858704
video13,TriClass-Cloud-FT,1356,1,1,0,0,0,0,0.8004432320594788
video13,TriClass-Cloud-FT,1357,2,2,0,0,1,0,0.717096209526062
video13,TriClass-Cloud-FT,1358,2,2,0,0,0,0,0.6607306003570557
video13,TriClass-Cloud-FT,1359,2,2,0,0,0,0,0.7146657705307007
video13,TriClass-Cloud-FT,1360,1,1,0,0,0,0,0.7543411254882812
video13,TriClass-Cloud-FT,1361,1,1,0,0,0,0,0.8396562933921814
video13,TriClass-Cloud-FT,1362,1,1,0,0,0,0,0.8486944437026978
video13,TriClass-Cloud-FT,1363,2,2,0,0,0,0,0.51287841796875
video13,TriClass-Cloud-FT,1364,1,1,0,0,0,0,0.6730770468711853
video13,TriClass-Cloud-FT,1365,1,1,0,0,0,0,0.7064999938011169
video13,TriClass-Cloud-FT,1366,1,1,0,0,0,0,0.8711462020874023
video13,TriClass-Cloud-FT,1367,1,1,0,0,0,0,0.8397325873374939
video13,TriClass-Cloud-FT,1368,1,1,0,0,0,0,0.8653001189231873
video13,TriClass-Cloud-FT,1369,1,1,0,0,0,0,0.8749477863311768
video13,TriClass-Cloud-FT,1370,1,1,0,0,0,0,0.8788812756538391
video13,TriClass-Cloud-FT,1371,1,1,0,0,0,0,0.8686419129371643
video13,TriClass-Cloud-FT,1372,1,1,0,0,0,0,0.8283146023750305
video13,TriClass-Cloud-FT,1373,1,1,0,0,0,0,0.8504341840744019
video13,TriClass-Cloud-FT,1374,1,1,0,0,0,0,0.8203561902046204
video13,TriClass-Cloud-FT,1375,1,1,0,0,0,0,0.8487926125526428
video13,TriClass-Cloud-FT,1376,1,1,0,0,0,0,0.8194580078125
video13,TriClass-Cloud-FT,1377,2,2,0,0,0,0,0.6786348223686218
video13,TriClass-Cloud-FT,1378,1,1,0,0,0,0,0.8480721116065979
video13,TriClass-Cloud-FT,1379,1,1,0,0,0,0,0.8645418286323547
video13,TriClass-Cloud-FT,1380,1,1,0,0,0,0,0.8049750328063965
video13,TriClass-Cloud-FT,1381,1,1,0,0,0,0,0.8197147250175476
video13,TriClass-Cloud-FT,1382,1,1,0,0,0,0,0.8378762006759644
video13,TriClass-Cloud-FT,1383,2,2,0,0,0,0,0.6037328839302063
video13,TriClass-Cloud-FT,1384,1,1,0,0,1,0,0.3185010850429535
video13,TriClass-Cloud-FT,1385,1,1,0,0,0,0,0.8218995332717896
video13,TriClass-Cloud-FT,1386,1,1,0,0,0,0,0.833666205406189
video13,TriClass-Cloud-FT,1387,1,1,0,0,0,0,0.8308306336402893
video13,TriClass-Cloud-FT,1388,2,2,0,0,1,0,0.6304770112037659
video13,TriClass-Cloud-FT,1389,1,1,0,0,0,0,0.8725250959396362
video13,TriClass-Cloud-FT,1390,1,1,0,0,0,0,0.8725341558456421
video13,TriClass-Cloud-FT,1391,1,1,0,0,0,0,0.8108623623847961
video13,TriClass-Cloud-FT,1392,1,1,0,0,0,0,0.8651233315467834
video13,TriClass-Cloud-FT,1393,1,1,0,0,0,0,0.8674980998039246
video13,TriClass-Cloud-FT,1394,1,1,0,0,0,0,0.8698762655258179
video13,TriClass-Cloud-FT,1395,1,1,0,0,0,0,0.8700112104415894
video13,TriClass-Cloud-FT,1396,1,1,0,0,0,0,0.8792352080345154
video13,TriClass-Cloud-FT,1397,1,1,0,0,0,0,0.8818315863609314
video13,TriClass-Cloud-FT,1398,1,1,0,0,0,0,0.8813742399215698
video13,TriClass-Cloud-FT,1399,1,1,0,0,0,0,0.8629166483879089
video13,TriClass-Cloud-FT,1400,1,1,0,0,0,0,0.8806333541870117
video13,TriClass-Cloud-FT,1401,1,1,0,0,0,0,0.6486965417861938
video13,TriClass-Cloud-FT,1402,1,1,0,0,0,0,0.8473280072212219
video13,TriClass-Cloud-FT,1403,1,1,0,0,0,0,0.8830212354660034
video13,TriClass-Cloud-FT,1404,2,2,0,0,1,0,0.6084654927253723
video13,TriClass-Cloud-FT,1405,1,1,0,0,0,0,0.8878303170204163
video13,TriClass-Cloud-FT,1406,1,1,0,0,0,0,0.8242044448852539
video13,TriClass-Cloud-FT,1407,1,1,0,0,0,0,0.8628630638122559
video13,TriClass-Cloud-FT,1408,1,1,0,0,0,0,0.8396931290626526
video13,TriClass-Cloud-FT,1409,1,1,0,0,0,0,0.801191508769989
video13,TriClass-Cloud-FT,1410,1,1,0,0,0,0,0.8099007606506348
video13,TriClass-Cloud-FT,1411,1,1,0,0,0,0,0.7445939183235168
video13,TriClass-Cloud-FT,1412,1,1,0,0,0,0,0.8298974633216858
video13,TriClass-Cloud-FT,1413,1,1,0,0,0,0,0.8703546524047852
video13,TriClass-Cloud-FT,1414,1,1,0,0,0,0,0.8341769576072693
video13,TriClass-Cloud-FT,1415,1,1,0,0,0,0,0.8844020962715149
video13,TriClass-Cloud-FT,1416,1,1,0,0,0,0,0.8281075954437256
video13,TriClass-Cloud-FT,1417,1,1,0,0,0,0,0.8776327967643738
video13,TriClass-Cloud-FT,1418,1,1,0,0,0,0,0.8846232295036316
video13,TriClass-Cloud-FT,1419,1,1,0,0,0,0,0.7938246130943298
video13,TriClass-Cloud-FT,1420,1,1,0,0,0,0,0.79073566198349
video13,TriClass-Cloud-FT,1421,1,1,0,0,0,0,0.8876416683197021
video13,TriClass-Cloud-FT,1422,2,2,0,0,0,0,0.695228099822998
video13,TriClass-Cloud-FT,1423,1,1,0,0,0,0,0.8906135559082031
video13,TriClass-Cloud-FT,1424,1,1,0,0,0,0,0.7683550119400024
video13,TriClass-Cloud-FT,1425,2,2,0,0,1,0,0.5259935259819031
video13,TriClass-Cloud-FT,1426,2,2,0,0,1,0,0.4170284867286682
video13,TriClass-Cloud-FT,1427,1,1,0,0,0,0,0.7771461606025696
video13,TriClass-Cloud-FT,1428,1,1,0,0,0,0,0.6383708715438843
video13,TriClass-Cloud-FT,1429,1,1,0,0,0,0,0.8270034193992615
video13,TriClass-Cloud-FT,1430,1,1,0,0,0,0,0.500765323638916
video13,TriClass-Cloud-FT,1431,1,1,0,0,0,0,0.7922175526618958
video13,TriClass-Cloud-FT,1432,1,1,0,0,0,0,0.6117458343505859
video13,TriClass-Cloud-FT,1433,1,1,0,0,0,0,0.6590369343757629
video13,TriClass-Cloud-FT,1434,1,1,0,0,0,0,0.7083737254142761
video13,TriClass-Cloud-FT,1435,1,1,0,0,0,0,0.801272451877594
video13,TriClass-Cloud-FT,1436,1,1,0,0,0,0,0.7481435537338257
video13,TriClass-Cloud-FT,1437,1,1,0,0,0,0,0.8323801159858704
video13,TriClass-Cloud-FT,1438,1,1,0,0,0,0,0.8493902087211609
video13,TriClass-Cloud-FT,1439,1,1,0,0,0,0,0.8658369183540344
video13,TriClass-Cloud-FT,1440,1,1,0,0,0,0,0.8587724566459656
video13,TriClass-Cloud-FT,1441,1,1,0,0,0,0,0.8425779938697815
video13,TriClass-Cloud-FT,1442,1,1,0,0,0,0,0.8552902340888977
video13,TriClass-Cloud-FT,1443,1,1,0,0,0,0,0.7933712005615234
video13,TriClass-Cloud-FT,1444,1,1,0,0,0,0,0.7590527534484863
video13,TriClass-Cloud-FT,1445,1,1,0,0,0,0,0.7714349627494812
video13,TriClass-Cloud-FT,1446,1,1,0,0,0,0,0.8755947947502136
video13,TriClass-Cloud-FT,1447,1,1,0,0,0,0,0.8864728212356567
video13,TriClass-Cloud-FT,1448,1,1,0,0,0,0,0.8747749328613281
video13,TriClass-Cloud-FT,1449,1,1,0,0,0,0,0.8737466931343079
video13,TriClass-Cloud-FT,1450,1,1,0,0,0,0,0.8693602085113525
video13,TriClass-Cloud-FT,1451,1,1,0,0,0,0,0.7914460301399231
video13,TriClass-Cloud-FT,1452,1,1,0,0,0,0,0.8592513203620911
video13,TriClass-Cloud-FT,1453,1,1,0,0,0,0,0.7542118430137634
video13,TriClass-Cloud-FT,1454,1,1,0,0,0,0,0.6826671361923218
video13,TriClass-Cloud-FT,1455,2,2,0,0,1,0,0.4548090994358063
video13,TriClass-Cloud-FT,1456,1,1,0,0,0,0,0.7009795904159546
video13,TriClass-Cloud-FT,1457,1,1,0,0,1,0,0.3002067506313324
video13,TriClass-Cloud-FT,1458,1,1,0,0,0,0,0.48761337995529175
video13,TriClass-Cloud-FT,1459,1,1,0,0,0,0,0.7384945154190063
video13,TriClass-Cloud-FT,1460,1,1,0,0,0,0,0.7509928345680237
video13,TriClass-Cloud-FT,1461,1,1,0,0,0,0,0.8074327707290649
video13,TriClass-Cloud-FT,1462,1,1,0,0,0,0,0.5530103445053101
video13,TriClass-Cloud-FT,1463,1,1,0,0,0,0,0.6239789724349976
video13,TriClass-Cloud-FT,1464,1,1,0,0,0,0,0.7883283495903015
video13,TriClass-Cloud-FT,1465,1,1,0,0,0,0,0.783626914024353
video13,TriClass-Cloud-FT,1466,1,1,0,0,0,0,0.4558583199977875
video13,TriClass-Cloud-FT,1467,2,2,0,0,0,0,0.3927859663963318
video13,TriClass-Cloud-FT,1468,1,1,0,0,0,0,0.6480957865715027
video13,TriClass-Cloud-FT,1469,1,1,0,0,0,0,0.736007034778595
video13,TriClass-Cloud-FT,1470,1,1,0,0,0,0,0.6713308691978455
video13,TriClass-Cloud-FT,1471,1,1,0,0,0,0,0.5999892354011536
video13,TriClass-Cloud-FT,1472,1,1,0,0,0,0,0.7266829013824463
video13,TriClass-Cloud-FT,1473,2,2,0,0,0,0,0.38916605710983276
video13,TriClass-Cloud-FT,1474,1,1,0,0,0,0,0.7068181037902832
video13,TriClass-Cloud-FT,1475,1,1,0,0,0,0,0.7058418393135071
video13,TriClass-Cloud-FT,1476,1,1,0,0,0,0,0.6557714343070984
video13,TriClass-Cloud-FT,1477,1,1,0,0,0,0,0.6712771654129028
video13,TriClass-Cloud-FT,1478,1,1,0,0,0,0,0.6966171264648438
video13,TriClass-Cloud-FT,1479,1,1,0,0,0,0,0.49715620279312134
video13,TriClass-Cloud-FT,1480,1,1,0,0,0,0,0.6308672428131104
video13,TriClass-Cloud-FT,1481,1,1,0,0,0,0,0.5308692455291748
video13,TriClass-Cloud-FT,1482,1,1,0,0,0,0,0.5770792365074158
video13,TriClass-Cloud-FT,1483,1,1,0,0,0,0,0.7275593876838684
video13,TriClass-Cloud-FT,1484,1,1,0,0,0,0,0.6507920026779175
video13,TriClass-Cloud-FT,1485,1,1,0,0,0,0,0.6045917868614197
video13,TriClass-Cloud-FT,1486,1,1,0,0,0,0,0.5566848516464233
video13,TriClass-Cloud-FT,1487,2,2,0,0,0,0,0.4906989336013794
video13,TriClass-Cloud-FT,1488,2,2,0,0,1,0,0.45124855637550354
video13,TriClass-Cloud-FT,1489,2,2,0,0,0,0,0.5903133749961853
video13,TriClass-Cloud-FT,1490,2,2,0,0,1,0,0.6630262136459351
video13,TriClass-Cloud-FT,1491,1,1,0,0,0,0,0.6517521739006042
video13,TriClass-Cloud-FT,1492,2,2,0,0,1,0,0.5554398894309998
video13,TriClass-Cloud-FT,1493,1,1,0,0,0,0,0.627962589263916
video13,TriClass-Cloud-FT,1494,1,1,0,0,0,0,0.6855705380439758
video13,TriClass-Cloud-FT,1495,1,1,0,0,0,0,0.5607835650444031
video13,TriClass-Cloud-FT,1496,1,1,0,0,0,0,0.4554417133331299
video13,TriClass-Cloud-FT,1497,2,2,0,0,2,0,0.28688278794288635
video13,TriClass-Cloud-FT,1498,1,1,0,0,0,0,0.42161041498184204
video13,TriClass-Cloud-FT,1499,2,2,0,0,1,0,0.43818503618240356
video13,TriClass-Cloud-FT,1500,1,1,0,0,0,0,0.49452850222587585
video13,TriClass-Cloud-FT,1501,1,1,0,0,0,0,0.46001455187797546
video13,TriClass-Cloud-FT,1502,2,2,0,0,1,0,0.43769556283950806
video13,TriClass-Cloud-FT,1503,2,2,0,0,1,0,0.426481157541275
video13,TriClass-Cloud-FT,1504,2,2,0,0,1,0,0.426481157541275
video13,TriClass-Cloud-FT,1505,1,1,0,0,1,0,0.30757081508636475
video13,TriClass-Cloud-FT,1506,0,0,0,0,0,0,0.0
video13,TriClass-Cloud-FT,1507,1,1,0,0,0,0,0.39507192373275757
video13,TriClass-Cloud-FT,1508,2,2,0,0,1,0,0.5580955147743225
video13,TriClass-Cloud-FT,1509,1,1,0,0,0,0,0.7772790789604187
video13,TriClass-Cloud-FT,1510,1,1,0,0,0,0,0.8272908926010132
video13,TriClass-Cloud-FT,1511,1,1,0,0,0,0,0.8419503569602966
video13,TriClass-Cloud-FT,1512,1,1,0,0,0,0,0.7776671051979065
video13,TriClass-Cloud-FT,1513,1,1,0,0,0,0,0.8228042721748352
video13,TriClass-Cloud-FT,1514,1,1,0,0,0,0,0.8006322383880615
video13,TriClass-Cloud-FT,1515,1,1,0,0,0,0,0.7781831622123718
video13,TriClass-Cloud-FT,1516,1,1,0,0,0,0,0.7978171110153198
video13,TriClass-Cloud-FT,1517,1,1,0,0,0,0,0.8398216962814331
video13,TriClass-Cloud-FT,1518,1,1,0,0,0,0,0.8441893458366394
video13,TriClass-Cloud-FT,1519,1,1,0,0,0,0,0.8394232392311096
video13,TriClass-Cloud-FT,1520,1,1,0,0,0,0,0.7704322338104248
video13,TriClass-Cloud-FT,1521,1,1,0,0,0,0,0.6153371334075928
video13,TriClass-Cloud-FT,1522,1,1,0,0,0,0,0.3857874274253845
video13,TriClass-Cloud-FT,1523,2,2,0,0,1,0,0.7051877975463867
video13,TriClass-Cloud-FT,1524,2,2,0,0,1,0,0.5215770602226257
video13,TriClass-Cloud-FT,1525,1,1,0,0,0,0,0.6967512369155884
video13,TriClass-Cloud-FT,1526,1,1,0,0,0,0,0.7206674218177795
video13,TriClass-Cloud-FT,1527,1,1,0,0,0,0,0.5728868246078491
video13,TriClass-Cloud-FT,1528,1,1,0,0,0,0,0.7169244289398193
video13,TriClass-Cloud-FT,1529,1,1,0,0,0,0,0.7064290046691895
video13,TriClass-Cloud-FT,1530,1,1,0,0,0,0,0.623856782913208
video13,TriClass-Cloud-FT,1531,1,1,0,0,0,0,0.4633750319480896
video13,TriClass-Cloud-FT,1532,1,1,0,0,0,0,0.627109944820404
video13,TriClass-Cloud-FT,1533,2,2,0,0,0,0,0.5738192796707153
video13,TriClass-Cloud-FT,1534,1,1,0,0,0,0,0.6892355680465698
video13,TriClass-Cloud-FT,1535,1,1,0,0,0,0,0.8312240242958069
video13,TriClass-Cloud-FT,1536,1,1,0,0,0,0,0.7970741391181946
video13,TriClass-Cloud-FT,1537,1,1,0,0,0,0,0.7836456298828125
video13,TriClass-Cloud-FT,1538,1,1,0,0,0,0,0.7245122194290161
video13,TriClass-Cloud-FT,1539,1,1,0,0,0,0,0.8195342421531677
video13,TriClass-Cloud-FT,1540,1,1,0,0,0,0,0.8443558812141418
video13,TriClass-Cloud-FT,1541,1,1,0,0,0,0,0.8460175395011902
video13,TriClass-Cloud-FT,1542,1,1,0,0,0,0,0.8518950343132019
video13,TriClass-Cloud-FT,1543,1,1,0,0,0,0,0.8367500305175781
video13,TriClass-Cloud-FT,1544,1,1,0,0,0,0,0.7882965207099915
video13,TriClass-Cloud-FT,1545,1,1,0,0,0,0,0.8391585350036621
video13,TriClass-Cloud-FT,1546,1,1,0,0,0,0,0.8508962392807007
video13,TriClass-Cloud-FT,1547,1,1,0,0,0,0,0.8527171015739441
video13,TriClass-Cloud-FT,1548,1,1,0,0,0,0,0.8428800702095032
video13,TriClass-Cloud-FT,1549,1,1,0,0,0,0,0.8494210839271545
video13,TriClass-Cloud-FT,1550,1,1,0,0,0,0,0.8304482102394104
video13,TriClass-Cloud-FT,1551,1,1,0,0,0,0,0.8503109216690063
video13,TriClass-Cloud-FT,1552,1,1,0,0,0,0,0.867310106754303
video13,TriClass-Cloud-FT,1553,1,1,0,0,0,0,0.8578642010688782
video13,TriClass-Cloud-FT,1554,1,1,0,0,0,0,0.8664343953132629
video13,TriClass-Cloud-FT,1555,1,1,0,0,0,0,0.8555984497070312
video13,TriClass-Cloud-FT,1556,1,1,0,0,0,0,0.8436625003814697
video13,TriClass-Cloud-FT,1557,1,1,0,0,0,0,0.8650903105735779
video13,TriClass-Cloud-FT,1558,1,1,0,0,0,0,0.8330875039100647
video13,TriClass-Cloud-FT,1559,1,1,0,0,0,0,0.8543846011161804
video13,TriClass-Cloud-FT,1560,1,1,0,0,0,0,0.8595491051673889
video13,TriClass-Cloud-FT,1561,1,1,0,0,0,0,0.8854216933250427
video13,TriClass-Cloud-FT,1562,1,1,0,0,0,0,0.8888278603553772
video13,TriClass-Cloud-FT,1563,1,1,0,0,0,0,0.8875124454498291
video13,TriClass-Cloud-FT,1564,1,1,0,0,0,0,0.8901007175445557
video13,TriClass-Cloud-FT,1565,1,1,0,0,0,0,0.8887961506843567
video13,TriClass-Cloud-FT,1566,1,1,0,0,0,0,0.879223108291626
video13,TriClass-Cloud-FT,1567,1,1,0,0,0,0,0.8913732171058655
video13,TriClass-Cloud-FT,1568,1,1,0,0,0,0,0.8795207142829895
video13,TriClass-Cloud-FT,1569,1,1,0,0,0,0,0.7870694398880005
video13,TriClass-Cloud-FT,1570,1,1,0,0,0,0,0.7559147477149963
video13,TriClass-Cloud-FT,1571,1,1,0,0,0,0,0.8501237630844116
video13,TriClass-Cloud-FT,1572,1,1,0,0,0,0,0.8092731237411499
video13,TriClass-Cloud-FT,1573,1,1,0,0,0,0,0.8640040159225464
video13,TriClass-Cloud-FT,1574,1,1,0,0,0,0,0.8560239672660828
video13,TriClass-Cloud-FT,1575,1,1,0,0,0,0,0.8634862303733826
video13,TriClass-Cloud-FT,1576,1,1,0,0,0,0,0.8422155976295471
video13,TriClass-Cloud-FT,1577,1,1,0,0,0,0,0.8453570604324341
video13,TriClass-Cloud-FT,1578,1,1,0,0,0,0,0.8343818187713623
video13,TriClass-Cloud-FT,1579,1,1,0,0,0,0,0.8498985767364502
video13,TriClass-Cloud-FT,1580,1,1,0,0,0,0,0.7770463824272156
video13,TriClass-Cloud-FT,1581,1,1,0,0,0,0,0.765255331993103
video13,TriClass-Cloud-FT,1582,1,1,0,0,0,0,0.8479582667350769
video13,TriClass-Cloud-FT,1583,1,1,0,0,0,0,0.8534379601478577
video13,TriClass-Cloud-FT,1584,1,1,0,0,0,0,0.8622127771377563
video13,TriClass-Cloud-FT,1585,1,1,0,0,0,0,0.8555268049240112
video13,TriClass-Cloud-FT,1586,2,2,0,0,1,0,0.6737218499183655
video13,TriClass-Cloud-FT,1587,1,1,0,0,0,0,0.6729946136474609
video13,TriClass-Cloud-FT,1588,1,1,0,0,0,0,0.7824044227600098
video13,TriClass-Cloud-FT,1589,1,1,0,0,0,0,0.7621015906333923
video13,TriClass-Cloud-FT,1590,1,1,0,0,0,0,0.6868851184844971
video13,TriClass-Cloud-FT,1591,1,1,0,0,0,0,0.7569072246551514
video13,TriClass-Cloud-FT,1592,1,1,0,0,0,0,0.8142135739326477
video13,TriClass-Cloud-FT,1593,1,1,0,0,0,0,0.8125774264335632
video13,TriClass-Cloud-FT,1594,1,1,0,0,0,0,0.7742817997932434
video13,TriClass-Cloud-FT,1595,1,1,0,0,0,0,0.7836849689483643
video13,TriClass-Cloud-FT,1596,1,1,0,0,0,0,0.8047595024108887
video13,TriClass-Cloud-FT,1597,1,1,0,0,0,0,0.7849084138870239
video13,TriClass-Cloud-FT,1598,1,1,0,0,0,0,0.8019673228263855
video13,TriClass-Cloud-FT,1599,1,1,0,0,0,0,0.7552804350852966
video13,TriClass-Cloud-FT,1600,1,1,0,0,0,0,0.6204702854156494
video13,TriClass-Cloud-FT,1601,1,1,0,0,0,0,0.5543432235717773
video13,TriClass-Cloud-FT,1602,1,1,0,0,0,0,0.5789892673492432
video13,TriClass-Cloud-FT,1603,1,1,0,0,0,0,0.709848940372467
video13,TriClass-Cloud-FT,1604,1,1,0,0,0,0,0.7157416939735413
video13,TriClass-Cloud-FT,1605,1,1,0,0,0,0,0.805036723613739
video13,TriClass-Cloud-FT,1606,1,1,0,0,0,0,0.8206438422203064
video13,TriClass-Cloud-FT,1607,1,1,0,0,0,0,0.7950227856636047
video13,TriClass-Cloud-FT,1608,1,1,0,0,0,0,0.7075536847114563
video13,TriClass-Cloud-FT,1609,1,1,0,0,0,0,0.7693375945091248
video13,TriClass-Cloud-FT,1610,1,1,0,0,0,0,0.7459107637405396
video13,TriClass-Cloud-FT,1611,1,1,0,0,0,0,0.760797381401062
video13,TriClass-Cloud-FT,1612,1,1,0,0,0,0,0.7448245882987976
video13,TriClass-Cloud-FT,1613,1,1,0,0,0,0,0.6719441413879395
video13,TriClass-Cloud-FT,1614,1,1,0,0,0,0,0.6198241114616394
video13,TriClass-Cloud-FT,1615,1,1,0,0,0,0,0.43210574984550476
video13,TriClass-Cloud-FT,1616,1,1,0,0,0,0,0.5441866517066956
video13,TriClass-Cloud-FT,1617,1,1,0,0,0,0,0.6603326201438904
video13,TriClass-Cloud-FT,1618,1,1,0,0,0,0,0.6206552982330322
video13,TriClass-Cloud-FT,1619,1,1,0,0,0,0,0.6469648480415344
video13,TriClass-Cloud-FT,1620,1,1,0,0,0,0,0.8103654980659485
video13,TriClass-Cloud-FT,1621,1,1,0,0,0,0,0.7320343852043152
video13,TriClass-Cloud-FT,1622,1,1,0,0,0,0,0.7951211333274841
video13,TriClass-Cloud-FT,1623,2,2,0,0,1,0,0.5060905814170837
video13,TriClass-Cloud-FT,1624,2,2,0,0,1,0,0.6339530944824219
video13,TriClass-Cloud-FT,1625,1,1,0,0,0,0,0.6747068166732788
video13,TriClass-Cloud-FT,1626,1,1,0,0,0,0,0.782859742641449
video13,TriClass-Cloud-FT,1627,1,1,0,0,0,0,0.6383004188537598
video13,TriClass-Cloud-FT,1628,2,2,0,0,1,0,0.528910756111145
video13,TriClass-Cloud-FT,1629,2,2,0,0,1,0,0.37949830293655396
video13,TriClass-Cloud-FT,1630,1,1,0,0,0,0,0.7245420217514038
video13,TriClass-Cloud-FT,1631,1,1,0,0,0,0,0.8136621713638306
video13,TriClass-Cloud-FT,1632,1,1,0,0,0,0,0.8321316242218018
video13,TriClass-Cloud-FT,1633,1,1,0,0,0,0,0.8129987120628357
video13,TriClass-Cloud-FT,1634,1,1,0,0,0,0,0.7585350275039673
video13,TriClass-Cloud-FT,1635,1,1,0,0,0,0,0.7864575386047363
video13,TriClass-Cloud-FT,1636,1,1,0,0,0,0,0.8356289863586426
video13,TriClass-Cloud-FT,1637,1,1,0,0,0,0,0.8353744745254517
video13,TriClass-Cloud-FT,1638,1,1,0,0,0,0,0.749060332775116
video13,TriClass-Cloud-FT,1639,2,2,0,0,1,0,0.6847039461135864
video13,TriClass-Cloud-FT,1640,1,1,0,0,0,0,0.8596458435058594
video13,TriClass-Cloud-FT,1641,1,1,0,0,0,0,0.7943472266197205
video13,TriClass-Cloud-FT,1642,1,1,0,0,0,0,0.7862175703048706
video13,TriClass-Cloud-FT,1643,1,1,0,0,0,0,0.8425471186637878
video13,TriClass-Cloud-FT,1644,1,1,0,0,0,0,0.868657648563385
video13,TriClass-Cloud-FT,1645,1,1,0,0,0,0,0.8730001449584961
video13,TriClass-Cloud-FT,1646,1,1,0,0,0,0,0.8736830353736877
video13,TriClass-Cloud-FT,1647,1,1,0,0,0,0,0.876164436340332
video13,TriClass-Cloud-FT,1648,1,1,0,0,0,0,0.8472283482551575
video13,TriClass-Cloud-FT,1649,1,1,0,0,0,0,0.8744715452194214
video13,TriClass-Cloud-FT,1650,1,1,0,0,0,0,0.8554955720901489
video13,TriClass-Cloud-FT,1651,1,1,0,0,0,0,0.76341313123703
video13,TriClass-Cloud-FT,1652,1,1,0,0,0,0,0.7330870032310486
video13,TriClass-Cloud-FT,1653,1,1,0,0,0,0,0.7438307404518127
video13,TriClass-Cloud-FT,1654,1,1,0,0,0,0,0.7256633043289185
video13,TriClass-Cloud-FT,1655,1,1,0,0,0,0,0.7128459215164185
video13,TriClass-Cloud-FT,1656,1,1,0,0,0,0,0.7071914672851562
video13,TriClass-Cloud-FT,1657,1,1,0,0,0,0,0.6707077026367188
video13,TriClass-Cloud-FT,1658,1,1,0,0,0,0,0.5931658744812012
video13,TriClass-Cloud-FT,1659,1,1,0,0,0,0,0.6135662794113159
video13,TriClass-Cloud-FT,1660,2,2,0,0,0,0,0.4680611193180084
video13,TriClass-Cloud-FT,1661,1,1,0,0,0,0,0.7193697690963745
video13,TriClass-Cloud-FT,1662,1,1,0,0,0,0,0.6542394161224365
video13,TriClass-Cloud-FT,1663,1,1,0,0,0,0,0.8014551997184753
video13,TriClass-Cloud-FT,1664,1,1,0,0,0,0,0.8417294025421143
video13,TriClass-Cloud-FT,1665,1,1,0,0,0,0,0.6917792558670044
video13,TriClass-Cloud-FT,1666,1,1,0,0,0,0,0.639877200126648
video13,TriClass-Cloud-FT,1667,1,1,0,0,0,0,0.672397255897522
video13,TriClass-Cloud-FT,1668,1,1,0,0,0,0,0.7396972179412842
video13,TriClass-Cloud-FT,1669,1,1,0,0,0,0,0.7502259016036987
video13,TriClass-Cloud-FT,1670,1,1,0,0,0,0,0.8099160194396973
video13,TriClass-Cloud-FT,1671,1,1,0,0,0,0,0.8236186504364014
video13,TriClass-Cloud-FT,1672,1,1,0,0,0,0,0.6745093464851379
video13,TriClass-Cloud-FT,1673,1,1,0,0,0,0,0.7477012276649475
video13,TriClass-Cloud-FT,1674,1,1,0,0,0,0,0.7595003843307495
video13,TriClass-Cloud-FT,1675,1,1,0,0,0,0,0.7453165650367737
video13,TriClass-Cloud-FT,1676,1,1,0,0,0,0,0.7933074235916138
video13,TriClass-Cloud-FT,1677,1,1,0,0,0,0,0.7895789742469788
video13,TriClass-Cloud-FT,1678,1,1,0,0,0,0,0.6595773100852966
video13,TriClass-Cloud-FT,1679,1,1,0,0,0,0,0.6101429462432861
video13,TriClass-Cloud-FT,1680,1,1,0,0,0,0,0.5479198098182678
video13,TriClass-Cloud-FT,1681,1,1,0,0,0,0,0.5920293927192688
video13,TriClass-Cloud-FT,1682,1,1,0,0,0,0,0.5697689652442932
video13,TriClass-Cloud-FT,1683,1,1,0,0,0,0,0.48852646350860596
video13,TriClass-Cloud-FT,1684,1,1,0,0,0,0,0.6029728651046753
video13,TriClass-Cloud-FT,1685,1,1,0,0,0,0,0.6571199297904968
video13,TriClass-Cloud-FT,1686,1,1,0,0,0,0,0.6947409510612488
video13,TriClass-Cloud-FT,1687,1,1,0,0,0,0,0.7193397283554077
video13,TriClass-Cloud-FT,1688,1,1,0,0,0,0,0.6480860710144043
video13,TriClass-Cloud-FT,1689,1,1,0,0,0,0,0.7233060002326965
video13,TriClass-Cloud-FT,1690,1,1,0,0,0,0,0.7194615602493286
video13,TriClass-Cloud-FT,1691,1,1,0,0,0,0,0.5899055600166321
video13,TriClass-Cloud-FT,1692,1,1,0,0,0,0,0.36550554633140564
video13,TriClass-Cloud-FT,1693,0,0,0,0,0,0,0.0
video13,TriClass-Cloud-FT,1694,1,1,0,0,0,0,0.4853416979312897
video13,TriClass-Cloud-FT,1695,1,1,0,0,0,0,0.5720575451850891
video13,TriClass-Cloud-FT,1696,1,1,0,0,0,0,0.639473557472229
video13,TriClass-Cloud-FT,1697,1,1,0,0,0,0,0.6422861218452454
video13,TriClass-Cloud-FT,1698,1,1,0,0,0,0,0.6956153512001038
video13,TriClass-Cloud-FT,1699,1,1,0,0,0,0,0.7157974243164062
video13,TriClass-Cloud-FT,1700,1,1,0,0,0,0,0.7401735782623291
video13,TriClass-Cloud-FT,1701,1,1,0,0,0,0,0.6969442367553711
video13,TriClass-Cloud-FT,1702,1,1,0,0,0,0,0.7181017994880676
video13,TriClass-Cloud-FT,1703,1,1,0,0,0,0,0.7910963892936707
video13,TriClass-Cloud-FT,1704,1,1,0,0,0,0,0.8067740797996521
video13,TriClass-Cloud-FT,1705,1,1,0,0,0,0,0.8229082226753235
video13,TriClass-Cloud-FT,1706,1,1,0,0,0,0,0.8061702847480774
video13,TriClass-Cloud-FT,1707,1,1,0,0,0,0,0.7900070548057556
video13,TriClass-Cloud-FT,1708,1,1,0,0,0,0,0.8155085444450378
video13,TriClass-Cloud-FT,1709,1,1,0,0,0,0,0.835639476776123
video13,TriClass-Cloud-FT,1710,1,1,0,0,0,0,0.8268424272537231
video13,TriClass-Cloud-FT,1711,1,1,0,0,0,0,0.8603265285491943
video13,TriClass-Cloud-FT,1712,1,1,0,0,0,0,0.8567505478858948
video13,TriClass-Cloud-FT,1713,1,1,0,0,0,0,0.834629237651825
video13,TriClass-Cloud-FT,1714,1,1,0,0,0,0,0.8469428420066833
video13,TriClass-Cloud-FT,1715,1,1,0,0,0,0,0.8546656370162964
video13,TriClass-Cloud-FT,1716,1,1,0,0,0,0,0.8411420583724976
video13,TriClass-Cloud-FT,1717,1,1,0,0,0,0,0.43078121542930603
video13,TriClass-Cloud-FT,1718,1,1,0,0,0,0,0.743674099445343
video13,TriClass-Cloud-FT,1719,1,1,0,0,0,0,0.6278331279754639
video13,TriClass-Cloud-FT,1720,1,1,0,0,0,0,0.5018908977508545
video13,TriClass-Cloud-FT,1721,1,1,0,0,0,0,0.7181637287139893
video13,TriClass-Cloud-FT,1722,1,1,0,0,0,0,0.6766511797904968
video13,TriClass-Cloud-FT,1723,1,1,0,0,0,0,0.7855429649353027
video13,TriClass-Cloud-FT,1724,1,1,0,0,0,0,0.7461447715759277
video13,TriClass-Cloud-FT,1725,1,1,0,0,0,0,0.7363298535346985
video13,TriClass-Cloud-FT,1726,1,1,0,0,0,0,0.703211784362793
video13,TriClass-Cloud-FT,1727,1,1,0,0,0,0,0.5575752258300781
video13,TriClass-Cloud-FT,1728,1,1,0,0,0,0,0.5127225518226624
video13,TriClass-Cloud-FT,1729,1,1,0,0,0,0,0.6774506568908691
video13,TriClass-Cloud-FT,1730,1,1,0,0,0,0,0.4832375645637512
video13,TriClass-Cloud-FT,1731,1,1,0,0,0,0,0.4066804051399231
video13,TriClass-Cloud-FT,1732,1,1,0,0,0,0,0.3842322528362274
video13,TriClass-Cloud-FT,1733,1,1,0,0,1,0,0.34872084856033325
video13,TriClass-Cloud-FT,1734,1,1,0,0,0,0,0.5199407935142517
video13,TriClass-Cloud-FT,1735,1,1,0,0,1,0,0.34349116683006287
video13,TriClass-Cloud-FT,1736,1,1,0,0,0,0,0.5358143448829651
video13,TriClass-Cloud-FT,1737,1,1,0,0,1,0,0.3241862952709198
video13,TriClass-Cloud-FT,1738,0,0,0,0,0,0,0.0
video13,TriClass-Cloud-FT,1739,1,1,0,0,0,0,0.36430081725120544
video13,TriClass-Cloud-FT,1740,1,1,0,0,0,0,0.5849580764770508
video13,TriClass-Cloud-FT,1741,1,1,0,0,0,0,0.5561119318008423
video13,TriClass-Cloud-FT,1742,0,0,0,0,0,0,0.0
video13,TriClass-Cloud-FT,1743,1,1,0,0,0,0,0.6521862745285034
video13,TriClass-Cloud-FT,1744,1,1,0,0,0,0,0.6629765629768372
video13,TriClass-Cloud-FT,1745,2,2,0,0,1,0,0.35101771354675293
video13,TriClass-Cloud-FT,1746,1,1,0,0,0,0,0.48768576979637146
video13,TriClass-Cloud-FT,1747,2,2,0,0,1,0,0.39748749136924744
video13,TriClass-Cloud-FT,1748,1,1,0,0,0,0,0.7298567295074463
video13,TriClass-Cloud-FT,1749,1,1,0,0,0,0,0.7771636247634888
video13,TriClass-Cloud-FT,1750,1,1,0,0,0,0,0.8149844408035278
video13,TriClass-Cloud-FT,1751,1,1,0,0,0,0,0.8384047150611877
video13,TriClass-Cloud-FT,1752,1,1,0,0,0,0,0.8541465997695923
video13,TriClass-Cloud-FT,1753,1,1,0,0,0,0,0.835719645023346
video13,TriClass-Cloud-FT,1754,1,1,0,0,0,0,0.7583786845207214
video13,TriClass-Cloud-FT,1755,2,2,0,0,0,0,0.5320300459861755
video13,TriClass-Cloud-FT,1756,1,1,0,0,0,0,0.7164153456687927
video13,TriClass-Cloud-FT,1757,1,1,0,0,0,0,0.7330153584480286
video13,TriClass-Cloud-FT,1758,1,1,0,0,0,0,0.844108521938324
video13,TriClass-Cloud-FT,1759,1,1,0,0,0,0,0.8632142543792725
video13,TriClass-Cloud-FT,1760,1,1,0,0,0,0,0.83448326587677
video13,TriClass-Cloud-FT,1761,1,1,0,0,0,0,0.8478248715400696
video13,TriClass-Cloud-FT,1762,1,1,0,0,0,0,0.8144212365150452
video13,TriClass-Cloud-FT,1763,1,1,0,0,0,0,0.7432295083999634
video13,TriClass-Cloud-FT,1764,1,1,0,0,0,0,0.8321031928062439
video13,TriClass-Cloud-FT,1765,1,1,0,0,0,0,0.7910090088844299
video13,TriClass-Cloud-FT,1766,1,1,0,0,0,0,0.6549395322799683
video13,TriClass-Cloud-FT,1767,1,1,0,0,0,0,0.7951180338859558
video13,TriClass-Cloud-FT,1768,1,1,0,0,0,0,0.7538175582885742
video13,TriClass-Cloud-FT,1769,1,1,0,0,0,0,0.6722294092178345
video13,TriClass-Cloud-FT,1770,1,1,0,0,0,0,0.6072815656661987
video13,TriClass-Cloud-FT,1771,1,1,0,0,0,0,0.6792593002319336
video13,TriClass-Cloud-FT,1772,1,1,0,0,0,0,0.6890947818756104
video13,TriClass-Cloud-FT,1773,2,2,0,0,1,0,0.623479425907135
video13,TriClass-Cloud-FT,1774,2,2,0,0,1,0,0.6186134815216064
video13,TriClass-Cloud-FT,1775,1,1,0,0,0,0,0.36888250708580017
video13,TriClass-Cloud-FT,1776,1,1,0,0,0,0,0.41272541880607605
video13,TriClass-Cloud-FT,1777,1,1,0,0,1,0,0.25002673268318176
video13,TriClass-Cloud-FT,1778,1,1,0,0,1,0,0.2893991470336914
video13,TriClass-Cloud-FT,1779,1,1,0,0,1,0,0.28663772344589233
video13,TriClass-Cloud-FT,1780,0,0,0,0,0,0,0.0
video13,TriClass-Cloud-FT,1781,0,0,0,0,0,0,0.0
video13,TriClass-Cloud-FT,1782,0,0,0,0,0,0,0.0
video13,TriClass-Cloud-FT,1783,1,1,0,0,1,0,0.25582069158554077
video13,TriClass-Cloud-FT,1784,1,1,0,0,0,0,0.46144527196884155
video13,TriClass-Cloud-FT,1785,1,1,0,0,0,0,0.4880119860172272
video13,TriClass-Cloud-FT,1786,1,1,0,0,0,0,0.65671306848526
video13,TriClass-Cloud-FT,1787,1,1,0,0,0,0,0.5694940090179443
video13,TriClass-Cloud-FT,1788,1,1,0,0,0,0,0.6405763626098633
video13,TriClass-Cloud-FT,1789,1,1,0,0,0,0,0.5281034708023071
video13,TriClass-Cloud-FT,1790,1,1,0,0,0,0,0.6556453108787537
video13,TriClass-Cloud-FT,1791,1,1,0,0,0,0,0.5089571475982666
video13,TriClass-Cloud-FT,1792,1,1,0,0,0,0,0.45125046372413635
video13,TriClass-Cloud-FT,1793,1,1,0,0,0,0,0.5750516057014465
video13,TriClass-Cloud-FT,1794,1,1,0,0,0,0,0.5572870373725891
video13,TriClass-Cloud-FT,1795,1,1,0,0,0,0,0.6703733205795288
video13,TriClass-Cloud-FT,1796,1,1,0,0,0,0,0.7443482875823975
video13,TriClass-Cloud-FT,1797,1,1,0,0,0,0,0.7730070948600769
video13,TriClass-Cloud-FT,1798,1,1,0,0,0,0,0.7945016026496887
video13,TriClass-Cloud-FT,1799,1,1,0,0,0,0,0.7688738703727722
video13,TriClass-Cloud-FT,1800,1,1,0,0,0,0,0.8338374495506287
video13,TriClass-Cloud-FT,1801,1,1,0,0,0,0,0.8074456453323364
video13,TriClass-Cloud-FT,1802,1,1,0,0,0,0,0.789189875125885
video13,TriClass-Cloud-FT,1803,1,1,0,0,0,0,0.8547272086143494
video13,TriClass-Cloud-FT,1804,1,1,0,0,0,0,0.8453773260116577
video13,TriClass-Cloud-FT,1805,1,1,0,0,0,0,0.8512117266654968
video13,TriClass-Cloud-FT,1806,1,1,0,0,0,0,0.8547429442405701
video13,TriClass-Cloud-FT,1807,1,1,0,0,0,0,0.8469283580780029
video13,TriClass-Cloud-FT,1808,1,1,0,0,0,0,0.7950351238250732
video13,TriClass-Cloud-FT,1809,1,1,0,0,0,0,0.7897022366523743
video13,TriClass-Cloud-FT,1810,1,1,0,0,0,0,0.7918561697006226
video13,TriClass-Cloud-FT,1811,1,1,0,0,0,0,0.8119144439697266
video13,TriClass-Cloud-FT,1812,1,1,0,0,0,0,0.7472935914993286
video13,TriClass-Cloud-FT,1813,1,1,0,0,0,0,0.7421600818634033
video13,TriClass-Cloud-FT,1814,1,1,0,0,0,0,0.6229376792907715
video13,TriClass-Cloud-FT,1815,1,1,0,0,0,0,0.7153306007385254
video13,TriClass-Cloud-FT,1816,1,1,0,0,0,0,0.7591490149497986
video13,TriClass-Cloud-FT,1817,1,1,0,0,0,0,0.7754331827163696
video13,TriClass-Cloud-FT,1818,1,1,0,0,0,0,0.7534198760986328
video13,TriClass-Cloud-FT,1819,1,1,0,0,0,0,0.549610435962677
video13,TriClass-Cloud-FT,1820,2,2,0,0,0,0,0.5562437772750854
video13,TriClass-Cloud-FT,1821,1,1,0,0,0,0,0.8669695258140564
video13,TriClass-Cloud-FT,1822,1,1,0,0,0,0,0.8697798252105713
video13,TriClass-Cloud-FT,1823,1,1,0,0,0,0,0.8688008785247803
video13,TriClass-Cloud-FT,1824,1,1,0,0,0,0,0.8260999321937561
video13,TriClass-Cloud-FT,1825,1,1,0,0,0,0,0.861687421798706
video13,TriClass-Cloud-FT,1826,1,1,0,0,0,0,0.8434267640113831
video13,TriClass-Cloud-FT,1827,1,1,0,0,0,0,0.8518772125244141
video13,TriClass-Cloud-FT,1828,1,1,0,0,0,0,0.8448322415351868
video13,TriClass-Cloud-FT,1829,1,1,0,0,0,0,0.8494613170623779
video13,TriClass-Cloud-FT,1830,1,1,0,0,0,0,0.8455657362937927
video13,TriClass-Cloud-FT,1831,1,1,0,0,0,0,0.8242031931877136
video13,TriClass-Cloud-FT,1832,1,1,0,0,0,0,0.8344454765319824
video13,TriClass-Cloud-FT,1833,1,1,0,0,0,0,0.7203400135040283
video13,TriClass-Cloud-FT,1834,1,1,0,0,0,0,0.7280753254890442
video13,TriClass-Cloud-FT,1835,1,1,0,0,0,0,0.8376258015632629
video13,TriClass-Cloud-FT,1836,1,1,0,0,0,0,0.8141063451766968
video13,TriClass-Cloud-FT,1837,1,1,0,0,0,0,0.8642851114273071
video13,TriClass-Cloud-FT,1838,1,1,0,0,0,0,0.8663251399993896
video13,TriClass-Cloud-FT,1839,1,1,0,0,0,0,0.8583465814590454
video13,TriClass-Cloud-FT,1840,1,1,0,0,0,0,0.8635846972465515
video13,TriClass-Cloud-FT,1841,1,1,0,0,0,0,0.8536227345466614
video13,TriClass-Cloud-FT,1842,1,1,0,0,0,0,0.8520432710647583
video13,TriClass-Cloud-FT,1843,1,1,0,0,0,0,0.8607637286186218
video13,TriClass-Cloud-FT,1844,1,1,0,0,0,0,0.8576701283454895
video13,TriClass-Cloud-FT,1845,1,1,0,0,0,0,0.854662299156189
video13,TriClass-Cloud-FT,1846,1,1,0,0,0,0,0.7307208776473999
video13,TriClass-Cloud-FT,1847,2,2,0,0,1,0,0.66457599401474
video13,TriClass-Cloud-FT,1848,1,1,0,0,0,0,0.851309061050415
video13,TriClass-Cloud-FT,1849,1,1,0,0,0,0,0.8692652583122253
video13,TriClass-Cloud-FT,1850,1,1,0,0,0,0,0.8447853922843933
video13,TriClass-Cloud-FT,1851,1,1,0,0,0,0,0.8751760721206665
video13,TriClass-Cloud-FT,1852,1,1,0,0,0,0,0.8756572008132935
video13,TriClass-Cloud-FT,1853,1,1,0,0,0,0,0.878018856048584
video13,TriClass-Cloud-FT,1854,1,1,0,0,0,0,0.8776387572288513
video13,TriClass-Cloud-FT,1855,1,1,0,0,0,0,0.8711220026016235
video13,TriClass-Cloud-FT,1856,1,1,0,0,0,0,0.8503470420837402
video13,TriClass-Cloud-FT,1857,1,1,0,0,0,0,0.8171935677528381
video13,TriClass-Cloud-FT,1858,1,1,0,0,0,0,0.8154920339584351
video13,TriClass-Cloud-FT,1859,1,1,0,0,0,0,0.8610298037528992
video13,TriClass-Cloud-FT,1860,1,1,0,0,0,0,0.9035388231277466
video13,TriClass-Cloud-FT,1861,1,1,0,0,0,0,0.8863879442214966
video13,TriClass-Cloud-FT,1862,1,1,0,0,0,0,0.8984163999557495
video13,TriClass-Cloud-FT,1863,1,1,0,0,0,0,0.8827983736991882
video13,TriClass-Cloud-FT,1864,1,1,0,0,0,0,0.8899283409118652
video13,TriClass-Cloud-FT,1865,1,1,0,0,0,0,0.885608971118927
video13,TriClass-Cloud-FT,1866,1,1,0,0,0,0,0.8829200863838196
video13,TriClass-Cloud-FT,1867,1,1,0,0,0,0,0.8798183798789978
video13,TriClass-Cloud-FT,1868,1,1,0,0,0,0,0.8750247955322266
video13,TriClass-Cloud-FT,1869,1,1,0,0,0,0,0.8823044300079346
video13,TriClass-Cloud-FT,1870,1,1,0,0,0,0,0.8799716830253601
video13,TriClass-Cloud-FT,1871,1,1,0,0,0,0,0.8746150732040405
video13,TriClass-Cloud-FT,1872,1,1,0,0,0,0,0.8126829862594604
video13,TriClass-Cloud-FT,1873,1,1,0,0,0,0,0.8573801517486572
video13,TriClass-Cloud-FT,1874,1,1,0,0,0,0,0.8599453568458557
video13,TriClass-Cloud-FT,1875,1,1,0,0,0,0,0.888832688331604
video13,TriClass-Cloud-FT,1876,1,1,0,0,0,0,0.8903413414955139
video13,TriClass-Cloud-FT,1877,1,1,0,0,0,0,0.8904625773429871
video13,TriClass-Cloud-FT,1878,1,1,0,0,0,0,0.875832200050354
video13,TriClass-Cloud-FT,1879,1,1,0,0,0,0,0.8669423460960388
video13,TriClass-Cloud-FT,1880,1,1,0,0,0,0,0.8703967332839966
video13,TriClass-Cloud-FT,1881,1,1,0,0,0,0,0.8668910264968872
video13,TriClass-Cloud-FT,1882,1,1,0,0,0,0,0.8728078007698059
video13,TriClass-Cloud-FT,1883,1,1,0,0,0,0,0.8726450800895691
video13,TriClass-Cloud-FT,1884,1,1,0,0,0,0,0.8776816129684448
video13,TriClass-Cloud-FT,1885,1,1,0,0,0,0,0.8812046051025391
video13,TriClass-Cloud-FT,1886,1,1,0,0,0,0,0.8868950605392456
video13,TriClass-Cloud-FT,1887,1,1,0,0,0,0,0.8796426057815552
video13,TriClass-Cloud-FT,1888,1,1,0,0,0,0,0.8706710934638977
video13,TriClass-Cloud-FT,1889,1,1,0,0,0,0,0.8991253972053528
video13,TriClass-Cloud-FT,1890,1,1,0,0,0,0,0.8571780920028687
video13,TriClass-Cloud-FT,1891,1,1,0,0,0,0,0.8987194895744324
video13,TriClass-Cloud-FT,1892,1,1,0,0,0,0,0.8979056477546692
video13,TriClass-Cloud-FT,1893,1,1,0,0,0,0,0.8992885947227478
video13,TriClass-Cloud-FT,1894,1,1,0,0,0,0,0.8953678011894226
video13,TriClass-Cloud-FT,1895,1,1,0,0,0,0,0.8839537501335144
video13,TriClass-Cloud-FT,1896,1,1,0,0,0,0,0.882932186126709
video13,TriClass-Cloud-FT,1897,1,1,0,0,0,0,0.8812140822410583
video13,TriClass-Cloud-FT,1898,1,1,0,0,0,0,0.8805200457572937
video13,TriClass-Cloud-FT,1899,1,1,0,0,0,0,0.8662547469139099
video13,TriClass-Cloud-FT,1900,1,1,0,0,0,0,0.8670340180397034
video13,TriClass-Cloud-FT,1901,1,1,0,0,0,0,0.8686316609382629
video13,TriClass-Cloud-FT,1902,1,1,0,0,0,0,0.8631092309951782
video13,TriClass-Cloud-FT,1903,2,2,0,0,0,0,0.5534896850585938
video13,TriClass-Cloud-FT,1904,1,1,0,0,0,0,0.7858648896217346
video13,TriClass-Cloud-FT,1905,1,1,0,0,0,0,0.8114771246910095
video13,TriClass-Cloud-FT,1906,1,1,0,0,0,0,0.8500874042510986
video13,TriClass-Cloud-FT,1907,2,2,0,0,0,0,0.5831732153892517
video13,TriClass-Cloud-FT,1908,1,1,0,0,0,0,0.8566080927848816
video13,TriClass-Cloud-FT,1909,1,1,0,0,0,0,0.8944011330604553
video13,TriClass-Cloud-FT,1910,1,1,0,0,0,0,0.9049957990646362
video13,TriClass-Cloud-FT,1911,1,1,0,0,0,0,0.8941698670387268
video13,TriClass-Cloud-FT,1912,1,1,0,0,0,0,0.8910249471664429
video13,TriClass-Cloud-FT,1913,1,1,0,0,0,0,0.8945322036743164
video13,TriClass-Cloud-FT,1914,1,1,0,0,0,0,0.8860682249069214
