video,model,frame,detections,drone_det,bird_det,false_class,low_conf_fp,tp_iou,max_conf
video07,BirdDrone-Local-FT,0,1,1,0,0,0,1,0.8409696817398071
video07,BirdDrone-Local-FT,1,1,1,0,0,0,0,0.4639517664909363
video07,BirdDrone-Local-FT,2,2,2,0,0,1,0,0.7742080092430115
video07,BirdDrone-Local-FT,3,1,1,0,0,0,0,0.8253495693206787
video07,BirdDrone-Local-FT,4,2,2,0,0,0,0,0.7697901725769043
video07,BirdDrone-Local-FT,5,1,1,0,0,0,0,0.8861299157142639
video07,BirdDrone-Local-FT,6,1,1,0,0,0,0,0.8529062867164612
video07,BirdDrone-Local-FT,7,1,1,0,0,0,0,0.3665826618671417
video07,BirdDrone-Local-FT,8,1,1,0,0,0,0,0.6821343302726746
video07,BirdDrone-Local-FT,9,1,1,0,0,0,0,0.8495341539382935
video07,BirdDrone-Local-FT,10,1,1,0,0,0,0,0.8557390570640564
video07,BirdDrone-Local-FT,11,1,1,0,0,0,0,0.8473166823387146
video07,BirdDrone-Local-FT,12,1,1,0,0,0,0,0.8543046712875366
video07,BirdDrone-Local-FT,13,1,1,0,0,0,0,0.8801528811454773
video07,BirdDrone-Local-FT,14,2,2,0,0,0,0,0.5547239184379578
video07,BirdDrone-Local-FT,15,1,1,0,0,0,0,0.6589968204498291
video07,BirdDrone-Local-FT,16,1,1,0,0,0,0,0.8685134053230286
video07,BirdDrone-Local-FT,17,2,2,0,0,1,0,0.7214239835739136
video07,BirdDrone-Local-FT,18,2,2,0,0,0,0,0.6475551128387451
video07,BirdDrone-Local-FT,19,1,1,0,0,0,0,0.8440777659416199
video07,BirdDrone-Local-FT,20,1,1,0,0,0,0,0.8042089343070984
video07,BirdDrone-Local-FT,21,1,1,0,0,0,0,0.8399258852005005
video07,BirdDrone-Local-FT,22,1,1,0,0,0,0,0.8283736109733582
video07,BirdDrone-Local-FT,23,1,1,0,0,0,0,0.8704254627227783
video07,BirdDrone-Local-FT,24,1,1,0,0,0,0,0.8203722238540649
video07,BirdDrone-Local-FT,25,1,1,0,0,0,0,0.8816196918487549
video07,BirdDrone-Local-FT,26,1,1,0,0,0,0,0.7013410925865173
video07,BirdDrone-Local-FT,27,1,1,0,0,0,0,0.6117899417877197
video07,BirdDrone-Local-FT,28,1,1,0,0,0,0,0.8717560768127441
video07,BirdDrone-Local-FT,29,1,1,0,0,0,0,0.8718900680541992
video07,BirdDrone-Local-FT,30,1,1,0,0,0,0,0.6973217725753784
video07,BirdDrone-Local-FT,31,1,1,0,0,0,0,0.840636134147644
video07,BirdDrone-Local-FT,32,1,1,0,0,0,0,0.8355532884597778
video07,BirdDrone-Local-FT,33,2,2,0,0,0,0,0.6905876398086548
video07,BirdDrone-Local-FT,34,2,2,0,0,0,0,0.38029491901397705
video07,BirdDrone-Local-FT,35,2,2,0,0,1,0,0.36559513211250305
video07,BirdDrone-Local-FT,36,2,2,0,0,1,0,0.6836233139038086
video07,BirdDrone-Local-FT,37,1,1,0,0,0,0,0.7884622812271118
video07,BirdDrone-Local-FT,38,1,1,0,0,0,0,0.7891141176223755
video07,BirdDrone-Local-FT,39,0,0,0,0,0,0,0.0
video07,BirdDrone-Local-FT,40,1,1,0,0,0,0,0.8466291427612305
video07,BirdDrone-Local-FT,41,1,1,0,0,0,0,0.8461774587631226
video07,BirdDrone-Local-FT,42,1,1,0,0,0,0,0.5190377831459045
video07,BirdDrone-Local-FT,43,1,1,0,0,0,0,0.8698336482048035
video07,BirdDrone-Local-FT,44,1,1,0,0,0,0,0.8744443655014038
video07,BirdDrone-Local-FT,45,1,1,0,0,0,0,0.8120375871658325
video07,BirdDrone-Local-FT,46,1,1,0,0,0,0,0.9017042517662048
video07,BirdDrone-Local-FT,47,1,1,0,0,1,0,0.2978326082229614
video07,BirdDrone-Local-FT,48,1,1,0,0,1,0,0.32431676983833313
video07,BirdDrone-Local-FT,49,1,1,0,0,0,0,0.8016806244850159
video07,BirdDrone-Local-FT,50,1,1,0,0,0,0,0.8302979469299316
video07,BirdDrone-Local-FT,51,1,1,0,0,0,0,0.8326631784439087
video07,BirdDrone-Local-FT,52,1,1,0,0,0,0,0.8184235095977783
video07,BirdDrone-Local-FT,53,1,1,0,0,0,0,0.8281488418579102
video07,BirdDrone-Local-FT,54,1,1,0,0,0,0,0.8252460360527039
video07,BirdDrone-Local-FT,55,1,1,0,0,0,0,0.8165320158004761
video07,BirdDrone-Local-FT,56,1,1,0,0,0,0,0.5117065906524658
video07,BirdDrone-Local-FT,57,1,1,0,0,0,0,0.45616891980171204
video07,BirdDrone-Local-FT,58,1,1,0,0,0,0,0.4283674359321594
video07,BirdDrone-Local-FT,59,1,1,0,0,0,0,0.8494514226913452
video07,BirdDrone-Local-FT,60,1,1,0,0,0,0,0.8465302586555481
video07,BirdDrone-Local-FT,61,1,1,0,0,0,0,0.8083767294883728
video07,BirdDrone-Local-FT,62,1,1,0,0,0,0,0.7381066679954529
video07,BirdDrone-Local-FT,63,1,1,0,0,0,0,0.7434094548225403
video07,BirdDrone-Local-FT,64,1,1,0,0,0,0,0.853178083896637
video07,BirdDrone-Local-FT,65,1,1,0,0,0,0,0.8085935115814209
video07,BirdDrone-Local-FT,66,1,1,0,0,0,0,0.6949512362480164
video07,BirdDrone-Local-FT,67,1,1,0,0,0,0,0.6946579813957214
video07,BirdDrone-Local-FT,68,1,1,0,0,0,0,0.7595607042312622
video07,BirdDrone-Local-FT,69,1,1,0,0,0,0,0.7982205748558044
video07,BirdDrone-Local-FT,70,1,1,0,0,0,0,0.8028548359870911
video07,BirdDrone-Local-FT,71,1,1,0,0,0,0,0.8360103368759155
video07,BirdDrone-Local-FT,72,1,1,0,0,0,0,0.8600336313247681
video07,BirdDrone-Local-FT,73,1,1,0,0,0,0,0.8638109564781189
video07,BirdDrone-Local-FT,74,1,1,0,0,0,0,0.8384933471679688
video07,BirdDrone-Local-FT,75,1,1,0,0,0,0,0.7015541791915894
video07,BirdDrone-Local-FT,76,1,1,0,0,0,0,0.7202664613723755
video07,BirdDrone-Local-FT,77,0,0,0,0,0,0,0.0
video07,BirdDrone-Local-FT,78,1,1,0,0,0,0,0.8631832599639893
video07,BirdDrone-Local-FT,79,1,1,0,0,0,0,0.8634647130966187
video07,BirdDrone-Local-FT,80,1,1,0,0,0,0,0.84536212682724
video07,BirdDrone-Local-FT,81,1,1,0,0,0,0,0.5516992211341858
video07,BirdDrone-Local-FT,82,1,1,0,0,0,0,0.5355933904647827
video07,BirdDrone-Local-FT,83,1,1,0,0,0,0,0.6842395067214966
video07,BirdDrone-Local-FT,84,2,2,0,0,0,0,0.8070916533470154
video07,BirdDrone-Local-FT,85,2,2,0,0,1,0,0.7806938886642456
video07,BirdDrone-Local-FT,86,1,1,0,0,0,0,0.6295433044433594
video07,BirdDrone-Local-FT,87,2,2,0,0,1,0,0.8575299382209778
video07,BirdDrone-Local-FT,88,2,2,0,0,0,0,0.5575498342514038
video07,BirdDrone-Local-FT,89,1,1,0,0,1,0,0.30190545320510864
video07,BirdDrone-Local-FT,90,1,1,0,0,0,0,0.7768392562866211
video07,BirdDrone-Local-FT,91,2,2,0,0,0,0,0.6448321342468262
video07,BirdDrone-Local-FT,92,1,1,0,0,0,0,0.6568117737770081
video07,BirdDrone-Local-FT,93,1,1,0,0,0,0,0.8755232691764832
video07,BirdDrone-Local-FT,94,1,1,0,0,0,0,0.7904026508331299
video07,BirdDrone-Local-FT,95,1,1,0,0,0,0,0.7408252954483032
video07,BirdDrone-Local-FT,96,0,0,0,0,0,0,0.0
video07,BirdDrone-Local-FT,97,1,1,0,0,0,0,0.7544933557510376
video07,BirdDrone-Local-FT,98,1,1,0,0,0,0,0.8645861148834229
video07,BirdDrone-Local-FT,99,1,1,0,0,0,0,0.7992684245109558
video07,BirdDrone-Local-FT,100,2,2,0,0,0,0,0.5604831576347351
video07,BirdDrone-Local-FT,101,1,1,0,0,0,0,0.8789791464805603
video07,BirdDrone-Local-FT,102,1,1,0,0,0,0,0.7882758975028992
video07,BirdDrone-Local-FT,103,2,2,0,0,0,0,0.5060870051383972
video07,BirdDrone-Local-FT,104,1,1,0,0,0,0,0.9139681458473206
video07,BirdDrone-Local-FT,105,1,1,0,0,0,0,0.6593995690345764
video07,BirdDrone-Local-FT,106,2,2,0,0,0,0,0.6573689579963684
video07,BirdDrone-Local-FT,107,1,1,0,0,0,0,0.884902834892273
video07,BirdDrone-Local-FT,108,1,1,0,0,0,0,0.7355025410652161
video07,BirdDrone-Local-FT,109,2,2,0,0,2,0,0.32520392537117004
video07,BirdDrone-Local-FT,110,0,0,0,0,0,0,0.0
video07,BirdDrone-Local-FT,111,0,0,0,0,0,0,0.0
video07,BirdDrone-Local-FT,112,1,1,0,0,0,0,0.7514209747314453
video07,BirdDrone-Local-FT,113,1,1,0,0,0,0,0.850490927696228
video07,BirdDrone-Local-FT,114,1,1,0,0,0,0,0.7153003215789795
video07,BirdDrone-Local-FT,115,1,1,0,0,0,0,0.9079217910766602
video07,BirdDrone-Local-FT,116,1,1,0,0,0,0,0.899649977684021
video07,BirdDrone-Local-FT,117,1,1,0,0,0,0,0.6011166572570801
video07,BirdDrone-Local-FT,118,1,1,0,0,0,0,0.820570707321167
video07,BirdDrone-Local-FT,119,1,1,0,0,0,0,0.9065269827842712
video07,BirdDrone-Local-FT,120,1,1,0,0,0,0,0.8622415065765381
video07,BirdDrone-Local-FT,121,1,1,0,0,0,0,0.8373938798904419
video07,BirdDrone-Local-FT,122,1,1,0,0,0,0,0.8869572281837463
video07,BirdDrone-Local-FT,123,2,2,0,0,0,0,0.5562975406646729
video07,BirdDrone-Local-FT,124,1,1,0,0,0,0,0.9345020651817322
video07,BirdDrone-Local-FT,125,1,1,0,0,0,0,0.7128399014472961
video07,BirdDrone-Local-FT,126,2,2,0,0,1,0,0.41619986295700073
video07,BirdDrone-Local-FT,127,1,1,0,0,0,0,0.8580821752548218
video07,BirdDrone-Local-FT,128,1,1,0,0,0,0,0.7062518000602722
video07,BirdDrone-Local-FT,129,0,0,0,0,0,0,0.0
video07,BirdDrone-Local-FT,130,1,1,0,0,0,0,0.894905149936676
video07,BirdDrone-Local-FT,131,1,1,0,0,0,0,0.835119903087616
video07,BirdDrone-Local-FT,132,1,1,0,0,0,0,0.8784411549568176
video07,BirdDrone-Local-FT,133,1,1,0,0,0,0,0.8561456799507141
video07,BirdDrone-Local-FT,134,1,1,0,0,0,0,0.8548886775970459
video07,BirdDrone-Local-FT,135,1,1,0,0,0,0,0.9196136593818665
video07,BirdDrone-Local-FT,136,1,1,0,0,0,0,0.7789967656135559
video07,BirdDrone-Local-FT,137,1,1,0,0,0,0,0.9148889183998108
video07,BirdDrone-Local-FT,138,1,1,0,0,0,0,0.9334766864776611
video07,BirdDrone-Local-FT,139,1,1,0,0,0,0,0.8979775309562683
video07,BirdDrone-Local-FT,140,1,1,0,0,0,0,0.5438652634620667
video07,BirdDrone-Local-FT,141,1,1,0,0,0,0,0.8876491785049438
video07,BirdDrone-Local-FT,142,1,1,0,0,0,0,0.7678261995315552
video07,BirdDrone-Local-FT,143,0,0,0,0,0,0,0.0
video07,BirdDrone-Local-FT,144,1,1,0,0,0,0,0.9139791131019592
video07,BirdDrone-Local-FT,145,1,1,0,0,0,0,0.8669466376304626
video07,BirdDrone-Local-FT,146,1,1,0,0,0,0,0.7253644466400146
video07,BirdDrone-Local-FT,147,1,1,0,0,0,0,0.9182133674621582
video07,BirdDrone-Local-FT,148,1,1,0,0,0,0,0.9050418138504028
video07,BirdDrone-Local-FT,149,1,1,0,0,0,0,0.5250664353370667
video07,BirdDrone-Local-FT,150,1,1,0,0,0,0,0.93167644739151
video07,BirdDrone-Local-FT,151,1,1,0,0,0,0,0.9111803770065308
video07,BirdDrone-Local-FT,152,1,1,0,0,0,0,0.8969348073005676
video07,BirdDrone-Local-FT,153,1,1,0,0,0,0,0.9523991346359253
video07,BirdDrone-Local-FT,154,1,1,0,0,0,0,0.935941219329834
video07,BirdDrone-Local-FT,155,1,1,0,0,0,0,0.9048281311988831
video07,BirdDrone-Local-FT,156,1,1,0,0,0,0,0.9198198318481445
video07,BirdDrone-Local-FT,157,1,1,0,0,0,0,0.7150059938430786
video07,BirdDrone-Local-FT,158,1,1,0,0,0,0,0.46020370721817017
video07,BirdDrone-Local-FT,159,1,1,0,0,0,0,0.9444436430931091
video07,BirdDrone-Local-FT,160,1,1,0,0,0,0,0.9359733462333679
video07,BirdDrone-Local-FT,161,1,1,0,0,0,0,0.9158462882041931
video07,BirdDrone-Local-FT,162,1,1,0,0,0,0,0.9087967276573181
video07,BirdDrone-Local-FT,163,1,1,0,0,0,0,0.911817193031311
video07,BirdDrone-Local-FT,164,1,1,0,0,0,0,0.9096986651420593
video07,BirdDrone-Local-FT,165,1,1,0,0,0,0,0.9045412540435791
video07,BirdDrone-Local-FT,166,1,1,0,0,0,0,0.9105164408683777
video07,BirdDrone-Local-FT,167,1,1,0,0,0,0,0.9155656099319458
video07,BirdDrone-Local-FT,168,1,1,0,0,0,0,0.8187165260314941
video07,BirdDrone-Local-FT,169,1,1,0,0,0,0,0.9219831824302673
video07,BirdDrone-Local-FT,170,1,1,0,0,0,0,0.8902406096458435
video07,BirdDrone-Local-FT,171,1,1,0,0,0,0,0.92828768491745
video07,BirdDrone-Local-FT,172,1,1,0,0,0,0,0.9412298202514648
video07,BirdDrone-Local-FT,173,1,1,0,0,0,0,0.9421354532241821
video07,BirdDrone-Local-FT,174,1,1,0,0,0,0,0.9433463215827942
video07,BirdDrone-Local-FT,175,1,1,0,0,0,0,0.9322798848152161
video07,BirdDrone-Local-FT,176,1,1,0,0,0,0,0.9179282784461975
video07,BirdDrone-Local-FT,177,1,1,0,0,0,0,0.940253496170044
video07,BirdDrone-Local-FT,178,1,1,0,0,0,0,0.9101488590240479
video07,BirdDrone-Local-FT,179,1,1,0,0,0,0,0.8406732678413391
video07,BirdDrone-Local-FT,180,1,1,0,0,0,0,0.91752690076828
video07,BirdDrone-Local-FT,181,1,1,0,0,0,0,0.9021421074867249
video07,BirdDrone-Local-FT,182,1,1,0,0,0,0,0.8265393972396851
video07,BirdDrone-Local-FT,183,1,1,0,0,0,0,0.7715815901756287
video07,BirdDrone-Local-FT,184,1,1,0,0,0,0,0.8935537934303284
video07,BirdDrone-Local-FT,185,1,1,0,0,0,0,0.9161332249641418
video07,BirdDrone-Local-FT,186,1,1,0,0,0,0,0.8816859722137451
video07,BirdDrone-Local-FT,187,1,1,0,0,0,0,0.9294514656066895
video07,BirdDrone-Local-FT,188,1,1,0,0,0,0,0.9441410303115845
video07,BirdDrone-Local-FT,189,1,1,0,0,0,0,0.9273582100868225
video07,BirdDrone-Local-FT,190,1,1,0,0,0,0,0.9230598211288452
video07,BirdDrone-Local-FT,191,1,1,0,0,0,0,0.9198601841926575
video07,BirdDrone-Local-FT,192,1,1,0,0,0,0,0.894930362701416
video07,BirdDrone-Local-FT,193,1,1,0,0,0,0,0.9248403310775757
video07,BirdDrone-Local-FT,194,1,1,0,0,0,0,0.9449469447135925
video07,BirdDrone-Local-FT,195,1,1,0,0,0,0,0.9422348737716675
video07,BirdDrone-Local-FT,196,1,1,0,0,0,0,0.9206724762916565
video07,BirdDrone-Local-FT,197,1,1,0,0,0,0,0.9382843971252441
video07,BirdDrone-Local-FT,198,1,1,0,0,0,0,0.9334287047386169
video07,BirdDrone-Local-FT,199,1,1,0,0,0,0,0.9202879667282104
video07,BirdDrone-Local-FT,200,1,1,0,0,0,0,0.9278038740158081
video07,BirdDrone-Local-FT,201,1,1,0,0,0,0,0.9053779244422913
video07,BirdDrone-Local-FT,202,1,1,0,0,0,0,0.9300699830055237
video07,BirdDrone-Local-FT,203,1,1,0,0,0,0,0.9191635251045227
video07,BirdDrone-Local-FT,204,1,1,0,0,0,0,0.9415798187255859
video07,BirdDrone-Local-FT,205,1,1,0,0,0,0,0.918896496295929
video07,BirdDrone-Local-FT,206,1,1,0,0,0,0,0.9261050820350647
video07,BirdDrone-Local-FT,207,1,1,0,0,0,0,0.8225582838058472
video07,BirdDrone-Local-FT,208,1,1,0,0,0,0,0.9390113353729248
video07,BirdDrone-Local-FT,209,1,1,0,0,0,0,0.7655925154685974
video07,BirdDrone-Local-FT,210,1,1,0,0,0,0,0.9066579341888428
video07,BirdDrone-Local-FT,211,1,1,0,0,0,0,0.9269697666168213
video07,BirdDrone-Local-FT,212,1,1,0,0,0,0,0.9206326007843018
video07,BirdDrone-Local-FT,213,2,2,0,0,0,0,0.5844624042510986
video07,BirdDrone-Local-FT,214,1,1,0,0,0,0,0.9343233108520508
video07,BirdDrone-Local-FT,215,1,1,0,0,0,0,0.87244713306427
video07,BirdDrone-Local-FT,216,1,1,0,0,0,0,0.9237463474273682
video07,BirdDrone-Local-FT,217,1,1,0,0,0,0,0.9339292645454407
video07,BirdDrone-Local-FT,218,1,1,0,0,0,0,0.929031491279602
video07,BirdDrone-Local-FT,219,1,1,0,0,0,0,0.9222787022590637
video07,BirdDrone-Local-FT,220,1,1,0,0,0,0,0.9192898273468018
video07,BirdDrone-Local-FT,221,1,1,0,0,0,0,0.8783687949180603
video07,BirdDrone-Local-FT,222,1,1,0,0,0,0,0.9246052503585815
video07,BirdDrone-Local-FT,223,1,1,0,0,0,0,0.9425325989723206
video07,BirdDrone-Local-FT,224,1,1,0,0,0,0,0.9330323934555054
video07,BirdDrone-Local-FT,225,1,1,0,0,0,0,0.5451164245605469
video07,BirdDrone-Local-FT,226,1,1,0,0,0,0,0.929243803024292
video07,BirdDrone-Local-FT,227,2,2,0,0,0,0,0.6766044497489929
video07,BirdDrone-Local-FT,228,1,1,0,0,0,0,0.9369688630104065
video07,BirdDrone-Local-FT,229,1,1,0,0,0,0,0.9288182258605957
video07,BirdDrone-Local-FT,230,1,1,0,0,0,0,0.9235765933990479
video07,BirdDrone-Local-FT,231,1,1,0,0,0,0,0.9220684170722961
video07,BirdDrone-Local-FT,232,1,1,0,0,0,0,0.9141762852668762
video07,BirdDrone-Local-FT,233,1,1,0,0,0,0,0.9281708598136902
video07,BirdDrone-Local-FT,234,1,1,0,0,0,0,0.9418593049049377
video07,BirdDrone-Local-FT,235,1,1,0,0,0,0,0.6933559775352478
video07,BirdDrone-Local-FT,236,1,1,0,0,0,0,0.9374992251396179
video07,BirdDrone-Local-FT,237,1,1,0,0,0,0,0.9227587580680847
video07,BirdDrone-Local-FT,238,1,1,0,0,0,0,0.9152712225914001
video07,BirdDrone-Local-FT,239,1,1,0,0,0,0,0.9359548687934875
video07,BirdDrone-Local-FT,240,1,1,0,0,0,0,0.923201858997345
video07,BirdDrone-Local-FT,241,1,1,0,0,0,0,0.8571357131004333
video07,BirdDrone-Local-FT,242,1,1,0,0,0,0,0.923566460609436
video07,BirdDrone-Local-FT,243,1,1,0,0,0,0,0.9271097779273987
video07,BirdDrone-Local-FT,244,1,1,0,0,0,0,0.915942370891571
video07,BirdDrone-Local-FT,245,1,1,0,0,0,0,0.9211474657058716
video07,BirdDrone-Local-FT,246,1,1,0,0,0,0,0.9259434938430786
video07,BirdDrone-Local-FT,247,1,1,0,0,0,0,0.9272714257240295
video07,BirdDrone-Local-FT,248,1,1,0,0,0,0,0.9390219449996948
video07,BirdDrone-Local-FT,249,1,1,0,0,0,0,0.9208656549453735
video07,BirdDrone-Local-FT,250,1,1,0,0,0,0,0.9165204167366028
video07,BirdDrone-Local-FT,251,1,1,0,0,0,0,0.9237431883811951
video07,BirdDrone-Local-FT,252,1,1,0,0,0,0,0.9267314076423645
video07,BirdDrone-Local-FT,253,1,1,0,0,0,0,0.9200577139854431
video07,BirdDrone-Local-FT,254,1,1,0,0,0,0,0.8993711471557617
video07,BirdDrone-Local-FT,255,1,1,0,0,0,0,0.9150721430778503
video07,BirdDrone-Local-FT,256,1,1,0,0,0,0,0.9410251975059509
video07,BirdDrone-Local-FT,257,1,1,0,0,0,0,0.9360876083374023
video07,BirdDrone-Local-FT,258,1,1,0,0,0,0,0.9292517304420471
video07,BirdDrone-Local-FT,259,1,1,0,0,0,0,0.9173739552497864
video07,BirdDrone-Local-FT,260,1,1,0,0,0,0,0.9205859899520874
video07,BirdDrone-Local-FT,261,1,1,0,0,0,0,0.9238747358322144
video07,BirdDrone-Local-FT,262,1,1,0,0,0,0,0.9243602156639099
video07,BirdDrone-Local-FT,263,1,1,0,0,0,0,0.9209769368171692
video07,BirdDrone-Local-FT,264,1,1,0,0,0,0,0.9187542200088501
video07,BirdDrone-Local-FT,265,1,1,0,0,0,0,0.8754836916923523
video07,BirdDrone-Local-FT,266,1,1,0,0,0,0,0.9262014031410217
video07,BirdDrone-Local-FT,267,1,1,0,0,0,0,0.9005491137504578
video07,BirdDrone-Local-FT,268,1,1,0,0,0,0,0.9249986410140991
video07,BirdDrone-Local-FT,269,1,1,0,0,0,0,0.9026268720626831
video07,BirdDrone-Local-FT,270,1,1,0,0,0,0,0.9195070862770081
video07,BirdDrone-Local-FT,271,0,0,0,0,0,0,0.0
video07,BirdDrone-Local-FT,272,0,0,0,0,0,0,0.0
video07,BirdDrone-Local-FT,273,1,1,0,0,0,0,0.7004957795143127
video07,BirdDrone-Local-FT,274,2,2,0,0,2,0,0.32349497079849243
video07,BirdDrone-Local-FT,275,1,1,0,0,0,0,0.402054101228714
video07,BirdDrone-Local-FT,276,1,1,0,0,0,0,0.6986029744148254
video07,BirdDrone-Local-FT,277,1,1,0,0,0,0,0.7981360554695129
video07,BirdDrone-Local-FT,278,1,1,0,0,0,0,0.43013155460357666
video07,BirdDrone-Local-FT,279,1,1,0,0,0,0,0.4835965037345886
video07,BirdDrone-Local-FT,280,1,1,0,0,0,0,0.8717201352119446
video07,BirdDrone-Local-FT,281,1,1,0,0,0,0,0.9084409475326538
video07,BirdDrone-Local-FT,282,1,1,0,0,0,0,0.9214091300964355
video07,BirdDrone-Local-FT,283,1,1,0,0,0,0,0.8582547903060913
video07,BirdDrone-Local-FT,284,1,1,0,0,0,0,0.9031919836997986
video07,BirdDrone-Local-FT,285,1,1,0,0,0,0,0.6264411211013794
video07,BirdDrone-Local-FT,286,1,1,0,0,0,0,0.9122148156166077
video07,BirdDrone-Local-FT,287,1,1,0,0,0,0,0.8974062204360962
video07,BirdDrone-Local-FT,288,1,1,0,0,0,0,0.9023523926734924
video07,BirdDrone-Local-FT,289,1,1,0,0,0,0,0.9299821257591248
video07,BirdDrone-Local-FT,290,1,1,0,0,0,0,0.9216794371604919
video07,BirdDrone-Local-FT,291,1,1,0,0,0,0,0.8410219550132751
video07,BirdDrone-Local-FT,292,1,1,0,0,0,0,0.8750675320625305
video07,BirdDrone-Local-FT,293,1,1,0,0,0,0,0.9304682612419128
video07,BirdDrone-Local-FT,294,1,1,0,0,0,0,0.9342772364616394
video07,BirdDrone-Local-FT,295,1,1,0,0,0,0,0.8883917331695557
video07,BirdDrone-Local-FT,296,1,1,0,0,0,0,0.9163065552711487
video07,BirdDrone-Local-FT,297,1,1,0,0,1,0,0.2968800365924835
video07,BirdDrone-Local-FT,298,1,1,0,0,0,0,0.9216496348381042
video07,BirdDrone-Local-FT,299,1,1,0,0,0,0,0.8802865743637085
video07,BirdDrone-Local-FT,300,1,1,0,0,0,0,0.9256472587585449
video07,BirdDrone-Local-FT,301,1,1,0,0,0,0,0.8832879066467285
video07,BirdDrone-Local-FT,302,1,1,0,0,0,0,0.8755984306335449
video07,BirdDrone-Local-FT,303,0,0,0,0,0,0,0.0
video07,BirdDrone-Local-FT,304,0,0,0,0,0,0,0.0
video07,BirdDrone-Local-FT,305,0,0,0,0,0,0,0.0
video07,BirdDrone-Local-FT,306,0,0,0,0,0,0,0.0
video07,BirdDrone-Local-FT,307,0,0,0,0,0,0,0.0
video07,BirdDrone-Local-FT,308,0,0,0,0,0,0,0.0
video07,BirdDrone-Local-FT,309,0,0,0,0,0,0,0.0
video07,BirdDrone-Local-FT,310,0,0,0,0,0,0,0.0
video07,BirdDrone-Local-FT,311,0,0,0,0,0,0,0.0
video07,BirdDrone-Local-FT,312,0,0,0,0,0,0,0.0
video07,BirdDrone-Local-FT,313,0,0,0,0,0,0,0.0
video07,BirdDrone-Local-FT,314,0,0,0,0,0,0,0.0
video07,BirdDrone-Local-FT,315,0,0,0,0,0,0,0.0
video07,BirdDrone-Local-FT,316,0,0,0,0,0,0,0.0
video07,BirdDrone-Local-FT,317,0,0,0,0,0,0,0.0
video07,BirdDrone-Local-FT,318,0,0,0,0,0,0,0.0
video07,BirdDrone-Local-FT,319,0,0,0,0,0,0,0.0
video07,BirdDrone-Local-FT,320,0,0,0,0,0,0,0.0
video07,BirdDrone-Local-FT,321,0,0,0,0,0,0,0.0
video07,BirdDrone-Local-FT,322,0,0,0,0,0,0,0.0
video07,BirdDrone-Local-FT,323,0,0,0,0,0,0,0.0
video07,BirdDrone-Local-FT,324,0,0,0,0,0,0,0.0
video07,BirdDrone-Local-FT,325,0,0,0,0,0,0,0.0
video07,BirdDrone-Local-FT,326,0,0,0,0,0,0,0.0
video07,BirdDrone-Local-FT,327,0,0,0,0,0,0,0.0
video07,BirdDrone-Local-FT,328,0,0,0,0,0,0,0.0
video07,BirdDrone-Local-FT,329,0,0,0,0,0,0,0.0
video07,BirdDrone-Local-FT,330,0,0,0,0,0,0,0.0
video07,BirdDrone-Local-FT,331,0,0,0,0,0,0,0.0
video07,BirdDrone-Local-FT,332,0,0,0,0,0,0,0.0
video07,BirdDrone-Local-FT,333,0,0,0,0,0,0,0.0
video07,BirdDrone-Local-FT,334,0,0,0,0,0,0,0.0
video07,BirdDrone-Local-FT,335,0,0,0,0,0,0,0.0
video07,BirdDrone-Local-FT,336,0,0,0,0,0,0,0.0
video07,BirdDrone-Local-FT,337,0,0,0,0,0,0,0.0
video07,BirdDrone-Local-FT,338,0,0,0,0,0,0,0.0
video07,BirdDrone-Local-FT,339,1,1,0,0,0,0,0.6914257407188416
video07,BirdDrone-Local-FT,340,1,1,0,0,0,0,0.8894941806793213
video07,BirdDrone-Local-FT,341,1,1,0,0,0,0,0.914884626865387
video07,BirdDrone-Local-FT,342,1,1,0,0,0,0,0.9176536798477173
video07,BirdDrone-Local-FT,343,1,1,0,0,0,0,0.9199471473693848
video07,BirdDrone-Local-FT,344,1,1,0,0,0,0,0.8990450501441956
video07,BirdDrone-Local-FT,345,1,1,0,0,0,0,0.9196645617485046
video07,BirdDrone-Local-FT,346,1,1,0,0,0,0,0.9197068214416504
video07,BirdDrone-Local-FT,347,1,1,0,0,0,0,0.9220336675643921
video07,BirdDrone-Local-FT,348,1,1,0,0,0,0,0.9248810410499573
video07,BirdDrone-Local-FT,349,1,1,0,0,0,0,0.9179556369781494
video07,BirdDrone-Local-FT,350,1,1,0,0,0,0,0.7763708829879761
video07,BirdDrone-Local-FT,351,1,1,0,0,0,0,0.9279541373252869
video07,BirdDrone-Local-FT,352,1,1,0,0,0,0,0.9196778535842896
video07,BirdDrone-Local-FT,353,1,1,0,0,0,0,0.9254052639007568
video07,BirdDrone-Local-FT,354,1,1,0,0,0,0,0.9128197431564331
video07,BirdDrone-Local-FT,355,1,1,0,0,0,0,0.9170289039611816
video07,BirdDrone-Local-FT,356,1,1,0,0,0,0,0.9153590798377991
video07,BirdDrone-Local-FT,357,1,1,0,0,0,0,0.9140808582305908
video07,BirdDrone-Local-FT,358,1,1,0,0,0,0,0.9184019565582275
video07,BirdDrone-Local-FT,359,1,1,0,0,0,0,0.925818920135498
video07,BirdDrone-Local-FT,360,1,1,0,0,0,0,0.9233117699623108
video07,BirdDrone-Local-FT,361,1,1,0,0,0,0,0.9247815012931824
video07,BirdDrone-Local-FT,362,1,1,0,0,0,0,0.9124417304992676
video07,BirdDrone-Local-FT,363,1,1,0,0,0,0,0.9161315560340881
video07,BirdDrone-Local-FT,364,1,1,0,0,0,0,0.919554591178894
video07,BirdDrone-Local-FT,365,1,1,0,0,0,0,0.9177649021148682
video07,BirdDrone-Local-FT,366,1,1,0,0,0,0,0.9036632180213928
video07,BirdDrone-Local-FT,367,1,1,0,0,0,0,0.9221252202987671
video07,BirdDrone-Local-FT,368,1,1,0,0,0,0,0.9100435972213745
video07,BirdDrone-Local-FT,369,1,1,0,0,0,0,0.4182409942150116
video07,BirdDrone-Local-FT,370,1,1,0,0,0,0,0.9025370478630066
video07,BirdDrone-Local-FT,371,1,1,0,0,0,0,0.9124256372451782
video07,BirdDrone-Local-FT,372,1,1,0,0,0,0,0.9209268093109131
video07,BirdDrone-Local-FT,373,1,1,0,0,0,0,0.8959283232688904
video07,BirdDrone-Local-FT,374,1,1,0,0,0,0,0.9023404717445374
video07,BirdDrone-Local-FT,375,1,1,0,0,0,0,0.9143905639648438
video07,BirdDrone-Local-FT,376,1,1,0,0,0,0,0.9142545461654663
video07,BirdDrone-Local-FT,377,1,1,0,0,0,0,0.9133135676383972
video07,BirdDrone-Local-FT,378,1,1,0,0,0,0,0.9122174978256226
video07,BirdDrone-Local-FT,379,1,1,0,0,0,0,0.9163448810577393
video07,BirdDrone-Local-FT,380,1,1,0,0,0,0,0.8984133005142212
video07,BirdDrone-Local-FT,381,1,1,0,0,0,0,0.9198954701423645
video07,BirdDrone-Local-FT,382,1,1,0,0,0,0,0.9137313961982727
video07,BirdDrone-Local-FT,383,1,1,0,0,0,0,0.9232630133628845
video07,BirdDrone-Local-FT,384,1,1,0,0,0,0,0.9249526262283325
video07,BirdDrone-Local-FT,385,1,1,0,0,0,0,0.9064962863922119
video07,BirdDrone-Local-FT,386,1,1,0,0,0,0,0.9188246130943298
video07,BirdDrone-Local-FT,387,1,1,0,0,0,0,0.9156761169433594
video07,BirdDrone-Local-FT,388,1,1,0,0,0,0,0.899408221244812
video07,BirdDrone-Local-FT,389,1,1,0,0,0,0,0.9215344190597534
video07,BirdDrone-Local-FT,390,1,1,0,0,0,0,0.9122482538223267
video07,BirdDrone-Local-FT,391,1,1,0,0,0,0,0.9142354726791382
video07,BirdDrone-Local-FT,392,1,1,0,0,0,0,0.9050629138946533
video07,BirdDrone-Local-FT,393,1,1,0,0,0,0,0.9036701917648315
video07,BirdDrone-Local-FT,394,1,1,0,0,0,0,0.8943405747413635
video07,BirdDrone-Local-FT,395,1,1,0,0,0,0,0.9156425595283508
video07,BirdDrone-Local-FT,396,1,1,0,0,0,0,0.8974399566650391
video07,BirdDrone-Local-FT,397,1,1,0,0,0,0,0.9057382345199585
video07,BirdDrone-Local-FT,398,1,1,0,0,0,0,0.9017100930213928
video07,BirdDrone-Local-FT,399,1,1,0,0,0,0,0.9166668653488159
video07,BirdDrone-Local-FT,400,1,1,0,0,0,0,0.9041533470153809
video07,BirdDrone-Local-FT,401,1,1,0,0,0,0,0.8793991804122925
video07,BirdDrone-Local-FT,402,1,1,0,0,0,0,0.8881062269210815
video07,BirdDrone-Local-FT,403,1,1,0,0,0,0,0.9180467128753662
video07,BirdDrone-Local-FT,404,1,1,0,0,0,0,0.9180055260658264
video07,BirdDrone-Local-FT,405,1,1,0,0,0,0,0.9170029163360596
video07,BirdDrone-Local-FT,406,1,1,0,0,0,0,0.9155110716819763
video07,BirdDrone-Local-FT,407,1,1,0,0,0,0,0.9045108556747437
video07,BirdDrone-Local-FT,408,1,1,0,0,0,0,0.9128533005714417
video07,BirdDrone-Local-FT,409,1,1,0,0,0,0,0.9061137437820435
video07,BirdDrone-Local-FT,410,1,1,0,0,0,0,0.9102374315261841
video07,BirdDrone-Local-FT,411,1,1,0,0,0,0,0.8988387584686279
video07,BirdDrone-Local-FT,412,1,1,0,0,0,0,0.9200680255889893
video07,BirdDrone-Local-FT,413,2,2,0,0,0,0,0.6753764748573303
video07,BirdDrone-Local-FT,414,1,1,0,0,0,0,0.9022905826568604
video07,BirdDrone-Local-FT,415,1,1,0,0,0,0,0.6212406754493713
video07,BirdDrone-Local-FT,416,1,1,0,0,0,0,0.9029585719108582
video07,BirdDrone-Local-FT,417,1,1,0,0,0,0,0.9097490906715393
video07,BirdDrone-Local-FT,418,1,1,0,0,0,0,0.8977961540222168
video07,BirdDrone-Local-FT,419,1,1,0,0,0,0,0.9013707637786865
video07,BirdDrone-Local-FT,420,1,1,0,0,0,0,0.8976681232452393
video07,BirdDrone-Local-FT,421,1,1,0,0,0,0,0.8906493186950684
video07,BirdDrone-Local-FT,422,1,1,0,0,0,0,0.8379274606704712
video07,BirdDrone-Local-FT,423,1,1,0,0,0,0,0.7077977657318115
video07,BirdDrone-Local-FT,424,1,1,0,0,0,0,0.6073799133300781
video07,BirdDrone-Local-FT,425,1,1,0,0,0,0,0.40034931898117065
video07,BirdDrone-Local-FT,426,0,0,0,0,0,0,0.0
video07,BirdDrone-Local-FT,427,0,0,0,0,0,0,0.0
video07,BirdDrone-Local-FT,428,0,0,0,0,0,0,0.0
video07,BirdDrone-Local-FT,429,0,0,0,0,0,0,0.0
video07,BirdDrone-Local-FT,430,0,0,0,0,0,0,0.0
video07,BirdDrone-Local-FT,431,0,0,0,0,0,0,0.0
video07,BirdDrone-Local-FT,432,0,0,0,0,0,0,0.0
video07,BirdDrone-Local-FT,433,0,0,0,0,0,0,0.0
video07,BirdDrone-Local-FT,434,0,0,0,0,0,0,0.0
video07,BirdDrone-Local-FT,435,0,0,0,0,0,0,0.0
video07,BirdDrone-Local-FT,436,0,0,0,0,0,0,0.0
video07,BirdDrone-Local-FT,437,0,0,0,0,0,0,0.0
video07,BirdDrone-Local-FT,438,0,0,0,0,0,0,0.0
video07,BirdDrone-Local-FT,439,0,0,0,0,0,0,0.0
video07,BirdDrone-Local-FT,440,0,0,0,0,0,0,0.0
video07,BirdDrone-Local-FT,441,0,0,0,0,0,0,0.0
video07,BirdDrone-Local-FT,442,0,0,0,0,0,0,0.0
video07,BirdDrone-Local-FT,443,0,0,0,0,0,0,0.0
video07,BirdDrone-Local-FT,444,0,0,0,0,0,0,0.0
video07,BirdDrone-Local-FT,445,0,0,0,0,0,0,0.0
video07,BirdDrone-Local-FT,446,0,0,0,0,0,0,0.0
video07,BirdDrone-Local-FT,447,0,0,0,0,0,0,0.0
video07,BirdDrone-Local-FT,448,0,0,0,0,0,0,0.0
video07,BirdDrone-Local-FT,449,0,0,0,0,0,0,0.0
video07,BirdDrone-Local-FT,450,0,0,0,0,0,0,0.0
video07,BirdDrone-Local-FT,451,0,0,0,0,0,0,0.0
video07,BirdDrone-Local-FT,452,0,0,0,0,0,0,0.0
video07,BirdDrone-Local-FT,453,0,0,0,0,0,0,0.0
video07,BirdDrone-Local-FT,454,0,0,0,0,0,0,0.0
video07,BirdDrone-Local-FT,455,0,0,0,0,0,0,0.0
video07,BirdDrone-Local-FT,456,0,0,0,0,0,0,0.0
video07,BirdDrone-Local-FT,457,0,0,0,0,0,0,0.0
video07,BirdDrone-Local-FT,458,0,0,0,0,0,0,0.0
video07,BirdDrone-Local-FT,459,0,0,0,0,0,0,0.0
video07,BirdDrone-Local-FT,460,0,0,0,0,0,0,0.0
video07,BirdDrone-Local-FT,461,0,0,0,0,0,0,0.0
video07,BirdDrone-Local-FT,462,0,0,0,0,0,0,0.0
video07,BirdDrone-Local-FT,463,0,0,0,0,0,0,0.0
video07,BirdDrone-Local-FT,464,0,0,0,0,0,0,0.0
video07,BirdDrone-Local-FT,465,0,0,0,0,0,0,0.0
video07,BirdDrone-Local-FT,466,0,0,0,0,0,0,0.0
video07,BirdDrone-Local-FT,467,0,0,0,0,0,0,0.0
video07,BirdDrone-Local-FT,468,0,0,0,0,0,0,0.0
video07,BirdDrone-Local-FT,469,0,0,0,0,0,0,0.0
video07,BirdDrone-Local-FT,470,0,0,0,0,0,0,0.0
video07,BirdDrone-Local-FT,471,0,0,0,0,0,0,0.0
video07,BirdDrone-Local-FT,472,0,0,0,0,0,0,0.0
video07,BirdDrone-Local-FT,473,0,0,0,0,0,0,0.0
video07,BirdDrone-Local-FT,474,0,0,0,0,0,0,0.0
video07,BirdDrone-Local-FT,475,0,0,0,0,0,0,0.0
video07,BirdDrone-Local-FT,476,0,0,0,0,0,0,0.0
video07,BirdDrone-Local-FT,477,0,0,0,0,0,0,0.0
video07,BirdDrone-Local-FT,478,0,0,0,0,0,0,0.0
video07,BirdDrone-Local-FT,479,0,0,0,0,0,0,0.0
video07,BirdDrone-Local-FT,480,0,0,0,0,0,0,0.0
video07,BirdDrone-Local-FT,481,0,0,0,0,0,0,0.0
video07,BirdDrone-Local-FT,482,0,0,0,0,0,0,0.0
video07,BirdDrone-Local-FT,483,0,0,0,0,0,0,0.0
video07,BirdDrone-Local-FT,484,0,0,0,0,0,0,0.0
video07,BirdDrone-Local-FT,485,0,0,0,0,0,0,0.0
video07,BirdDrone-Local-FT,486,0,0,0,0,0,0,0.0
video07,BirdDrone-Local-FT,487,0,0,0,0,0,0,0.0
video07,BirdDrone-Local-FT,488,0,0,0,0,0,0,0.0
video07,BirdDrone-Local-FT,489,0,0,0,0,0,0,0.0
video07,BirdDrone-Local-FT,490,0,0,0,0,0,0,0.0
video07,BirdDrone-Local-FT,491,0,0,0,0,0,0,0.0
video07,BirdDrone-Local-FT,492,0,0,0,0,0,0,0.0
video07,BirdDrone-Local-FT,493,0,0,0,0,0,0,0.0
video07,BirdDrone-Local-FT,494,0,0,0,0,0,0,0.0
video07,BirdDrone-Local-FT,495,0,0,0,0,0,0,0.0
video07,BirdDrone-Local-FT,496,0,0,0,0,0,0,0.0
video07,BirdDrone-Local-FT,497,0,0,0,0,0,0,0.0
video07,BirdDrone-Local-FT,498,0,0,0,0,0,0,0.0
video07,BirdDrone-Local-FT,499,0,0,0,0,0,0,0.0
video07,BirdDrone-Local-FT,500,0,0,0,0,0,0,0.0
video07,BirdDrone-Local-FT,501,0,0,0,0,0,0,0.0
video07,BirdDrone-Local-FT,502,0,0,0,0,0,0,0.0
video07,BirdDrone-Local-FT,503,0,0,0,0,0,0,0.0
video07,BirdDrone-Local-FT,504,0,0,0,0,0,0,0.0
video07,BirdDrone-Local-FT,505,0,0,0,0,0,0,0.0
video07,BirdDrone-Local-FT,506,0,0,0,0,0,0,0.0
video07,BirdDrone-Local-FT,507,0,0,0,0,0,0,0.0
video07,BirdDrone-Local-FT,508,0,0,0,0,0,0,0.0
video07,BirdDrone-Local-FT,509,0,0,0,0,0,0,0.0
video07,BirdDrone-Local-FT,510,0,0,0,0,0,0,0.0
video07,BirdDrone-Local-FT,511,0,0,0,0,0,0,0.0
video07,BirdDrone-Local-FT,512,0,0,0,0,0,0,0.0
video07,BirdDrone-Local-FT,513,0,0,0,0,0,0,0.0
video07,BirdDrone-Local-FT,514,0,0,0,0,0,0,0.0
video07,BirdDrone-Local-FT,515,0,0,0,0,0,0,0.0
video07,BirdDrone-Local-FT,516,0,0,0,0,0,0,0.0
video07,BirdDrone-Local-FT,517,0,0,0,0,0,0,0.0
video07,BirdDrone-Local-FT,518,0,0,0,0,0,0,0.0
video07,BirdDrone-Local-FT,519,0,0,0,0,0,0,0.0
video07,BirdDrone-Local-FT,520,0,0,0,0,0,0,0.0
video07,BirdDrone-Local-FT,521,0,0,0,0,0,0,0.0
video07,BirdDrone-Local-FT,522,0,0,0,0,0,0,0.0
video07,BirdDrone-Local-FT,523,0,0,0,0,0,0,0.0
video07,BirdDrone-Local-FT,524,0,0,0,0,0,0,0.0
video07,BirdDrone-Local-FT,525,0,0,0,0,0,0,0.0
video07,BirdDrone-Local-FT,526,0,0,0,0,0,0,0.0
video07,BirdDrone-Local-FT,527,0,0,0,0,0,0,0.0
video07,BirdDrone-Local-FT,528,0,0,0,0,0,0,0.0
video07,BirdDrone-Local-FT,529,0,0,0,0,0,0,0.0
video07,BirdDrone-Local-FT,530,0,0,0,0,0,0,0.0
video07,BirdDrone-Local-FT,531,0,0,0,0,0,0,0.0
video07,BirdDrone-Local-FT,532,0,0,0,0,0,0,0.0
video07,BirdDrone-Local-FT,533,0,0,0,0,0,0,0.0
video07,BirdDrone-Local-FT,534,0,0,0,0,0,0,0.0
video07,BirdDrone-Local-FT,535,0,0,0,0,0,0,0.0
video07,BirdDrone-Local-FT,536,0,0,0,0,0,0,0.0
video07,BirdDrone-Local-FT,537,0,0,0,0,0,0,0.0
video07,BirdDrone-Local-FT,538,0,0,0,0,0,0,0.0
video07,BirdDrone-Local-FT,539,0,0,0,0,0,0,0.0
video07,BirdDrone-Local-FT,540,0,0,0,0,0,0,0.0
video07,BirdDrone-Local-FT,541,0,0,0,0,0,0,0.0
video07,BirdDrone-Local-FT,542,0,0,0,0,0,0,0.0
video07,BirdDrone-Local-FT,543,0,0,0,0,0,0,0.0
video07,BirdDrone-Local-FT,544,0,0,0,0,0,0,0.0
video07,BirdDrone-Local-FT,545,0,0,0,0,0,0,0.0
video07,BirdDrone-Local-FT,546,0,0,0,0,0,0,0.0
video07,BirdDrone-Local-FT,547,0,0,0,0,0,0,0.0
video07,BirdDrone-Local-FT,548,0,0,0,0,0,0,0.0
video07,BirdDrone-Local-FT,549,0,0,0,0,0,0,0.0
video07,BirdDrone-Local-FT,550,0,0,0,0,0,0,0.0
video07,BirdDrone-Local-FT,551,0,0,0,0,0,0,0.0
video07,BirdDrone-Local-FT,552,0,0,0,0,0,0,0.0
video07,BirdDrone-Local-FT,553,0,0,0,0,0,0,0.0
video07,BirdDrone-Local-FT,554,0,0,0,0,0,0,0.0
video07,BirdDrone-Local-FT,555,0,0,0,0,0,0,0.0
video07,BirdDrone-Local-FT,556,0,0,0,0,0,0,0.0
video07,BirdDrone-Local-FT,557,0,0,0,0,0,0,0.0
video07,BirdDrone-Local-FT,558,0,0,0,0,0,0,0.0
video07,BirdDrone-Local-FT,559,0,0,0,0,0,0,0.0
video07,BirdDrone-Local-FT,560,0,0,0,0,0,0,0.0
video07,BirdDrone-Local-FT,561,0,0,0,0,0,0,0.0
video07,BirdDrone-Local-FT,562,0,0,0,0,0,0,0.0
video07,BirdDrone-Local-FT,563,0,0,0,0,0,0,0.0
video07,BirdDrone-Local-FT,564,0,0,0,0,0,0,0.0
video07,BirdDrone-Local-FT,565,0,0,0,0,0,0,0.0
video07,BirdDrone-Local-FT,566,0,0,0,0,0,0,0.0
video07,BirdDrone-Local-FT,567,0,0,0,0,0,0,0.0
video07,BirdDrone-Local-FT,568,0,0,0,0,0,0,0.0
video07,BirdDrone-Local-FT,569,0,0,0,0,0,0,0.0
video07,BirdDrone-Local-FT,570,0,0,0,0,0,0,0.0
video07,BirdDrone-Local-FT,571,0,0,0,0,0,0,0.0
video07,BirdDrone-Local-FT,572,0,0,0,0,0,0,0.0
video07,BirdDrone-Local-FT,573,0,0,0,0,0,0,0.0
video07,BirdDrone-Local-FT,574,0,0,0,0,0,0,0.0
video07,BirdDrone-Local-FT,575,0,0,0,0,0,0,0.0
video07,BirdDrone-Local-FT,576,0,0,0,0,0,0,0.0
video07,BirdDrone-Local-FT,577,0,0,0,0,0,0,0.0
video07,BirdDrone-Local-FT,578,0,0,0,0,0,0,0.0
video07,BirdDrone-Local-FT,579,0,0,0,0,0,0,0.0
video07,BirdDrone-Local-FT,580,0,0,0,0,0,0,0.0
video07,BirdDrone-Local-FT,581,1,1,0,0,0,0,0.7956349849700928
video07,BirdDrone-Local-FT,582,1,1,0,0,0,0,0.5517904758453369
video07,BirdDrone-Local-FT,583,1,1,0,0,0,0,0.5737481713294983
video07,BirdDrone-Local-FT,584,1,1,0,0,0,0,0.678645670413971
video07,BirdDrone-Local-FT,585,1,1,0,0,0,0,0.9029271006584167
video07,BirdDrone-Local-FT,586,1,1,0,0,0,0,0.6781154870986938
video07,BirdDrone-Local-FT,587,1,1,0,0,0,0,0.8912912011146545
video07,BirdDrone-Local-FT,588,1,1,0,0,0,0,0.9001958966255188
video07,BirdDrone-Local-FT,589,1,1,0,0,0,0,0.9052204489707947
video07,BirdDrone-Local-FT,590,1,1,0,0,0,0,0.9140064716339111
video07,BirdDrone-Local-FT,591,1,1,0,0,0,0,0.9023820161819458
video07,BirdDrone-Local-FT,592,1,1,0,0,0,0,0.9103549122810364
video07,BirdDrone-Local-FT,593,1,1,0,0,0,0,0.8927085995674133
video07,BirdDrone-Local-FT,594,1,1,0,0,0,0,0.6335882544517517
video07,BirdDrone-Local-FT,595,1,1,0,0,0,0,0.8841936588287354
video07,BirdDrone-Local-FT,596,1,1,0,0,0,0,0.9130669236183167
video07,BirdDrone-Local-FT,597,1,1,0,0,0,0,0.8812487125396729
video07,BirdDrone-Local-FT,598,1,1,0,0,0,0,0.8999018669128418
video07,BirdDrone-Local-FT,599,1,1,0,0,0,0,0.9079587459564209
video07,BirdDrone-Local-FT,600,1,1,0,0,0,0,0.9206782579421997
video07,BirdDrone-Local-FT,601,1,1,0,0,0,0,0.9226157665252686
video07,BirdDrone-Local-FT,602,1,1,0,0,0,0,0.9250308275222778
video07,BirdDrone-Local-FT,603,1,1,0,0,0,0,0.9083783626556396
video07,BirdDrone-Local-FT,604,1,1,0,0,0,0,0.9126806259155273
video07,BirdDrone-Local-FT,605,1,1,0,0,0,0,0.901938796043396
video07,BirdDrone-Local-FT,606,1,1,0,0,0,0,0.8943566083908081
video07,BirdDrone-Local-FT,607,1,1,0,0,0,0,0.9199806451797485
video07,BirdDrone-Local-FT,608,1,1,0,0,0,0,0.9068801403045654
video07,BirdDrone-Local-FT,609,1,1,0,0,0,0,0.907873809337616
video07,BirdDrone-Local-FT,610,1,1,0,0,0,0,0.924562394618988
video07,BirdDrone-Local-FT,611,1,1,0,0,0,0,0.9256665706634521
video07,BirdDrone-Local-FT,612,1,1,0,0,0,0,0.8959335684776306
video07,BirdDrone-Local-FT,613,1,1,0,0,0,0,0.9108269810676575
video07,BirdDrone-Local-FT,614,1,1,0,0,0,0,0.9161085486412048
video07,BirdDrone-Local-FT,615,1,1,0,0,0,0,0.914436936378479
video07,BirdDrone-Local-FT,616,1,1,0,0,0,0,0.9226888418197632
video07,BirdDrone-Local-FT,617,1,1,0,0,0,0,0.9151235222816467
video07,BirdDrone-Local-FT,618,1,1,0,0,0,0,0.908190131187439
video07,BirdDrone-Local-FT,619,1,1,0,0,0,0,0.9149954915046692
video07,BirdDrone-Local-FT,620,1,1,0,0,0,0,0.90035080909729
video07,BirdDrone-Local-FT,621,1,1,0,0,0,0,0.9067827463150024
video07,BirdDrone-Local-FT,622,1,1,0,0,0,0,0.9162672162055969
video07,BirdDrone-Local-FT,623,1,1,0,0,0,0,0.8909540176391602
video07,BirdDrone-Local-FT,624,1,1,0,0,0,0,0.9129477739334106
video07,BirdDrone-Local-FT,625,1,1,0,0,0,0,0.9115510582923889
video07,BirdDrone-Local-FT,626,1,1,0,0,0,0,0.92027747631073
video07,BirdDrone-Local-FT,627,1,1,0,0,0,0,0.9108862280845642
video07,BirdDrone-Local-FT,628,1,1,0,0,0,0,0.9159802198410034
video07,BirdDrone-Local-FT,629,1,1,0,0,0,0,0.8981267213821411
video07,BirdDrone-Local-FT,630,1,1,0,0,0,0,0.913301944732666
video07,BirdDrone-Local-FT,631,1,1,0,0,0,0,0.8962629437446594
video07,BirdDrone-Local-FT,632,1,1,0,0,0,0,0.8892694711685181
video07,BirdDrone-Local-FT,633,1,1,0,0,0,0,0.8868407607078552
video07,BirdDrone-Local-FT,634,1,1,0,0,0,0,0.9154777526855469
video07,BirdDrone-Local-FT,635,1,1,0,0,0,0,0.908899188041687
video07,BirdDrone-Local-FT,636,1,1,0,0,0,0,0.891339123249054
video07,BirdDrone-Local-FT,637,1,1,0,0,0,0,0.9195572137832642
video07,BirdDrone-Local-FT,638,1,1,0,0,0,0,0.8774962425231934
video07,BirdDrone-Local-FT,639,2,2,0,0,0,0,0.4913765788078308
video07,BirdDrone-Local-FT,640,1,1,0,0,0,0,0.922463059425354
video07,BirdDrone-Local-FT,641,1,1,0,0,0,0,0.9082686901092529
video07,BirdDrone-Local-FT,642,1,1,0,0,0,0,0.8980050086975098
video07,BirdDrone-Local-FT,643,1,1,0,0,0,0,0.9068403840065002
video07,BirdDrone-Local-FT,644,1,1,0,0,0,0,0.9123377203941345
video07,BirdDrone-Local-FT,645,1,1,0,0,0,0,0.9110966324806213
video07,BirdDrone-Local-FT,646,1,1,0,0,0,0,0.8978970646858215
video07,BirdDrone-Local-FT,647,1,1,0,0,0,0,0.8936749696731567
video07,BirdDrone-Local-FT,648,1,1,0,0,0,0,0.9115822911262512
video07,BirdDrone-Local-FT,649,1,1,0,0,0,0,0.9090161919593811
video07,BirdDrone-Local-FT,650,1,1,0,0,0,0,0.9197351336479187
video07,BirdDrone-Local-FT,651,1,1,0,0,0,0,0.8574042320251465
video07,BirdDrone-Local-FT,652,1,1,0,0,0,0,0.7499186992645264
video07,BirdDrone-Local-FT,653,1,1,0,0,0,0,0.53347247838974
video07,BirdDrone-Local-FT,654,1,1,0,0,0,0,0.6175774931907654
video07,BirdDrone-Local-FT,655,1,1,0,0,0,0,0.40899211168289185
video07,BirdDrone-Local-FT,656,0,0,0,0,0,0,0.0
video07,BirdDrone-Local-FT,657,0,0,0,0,0,0,0.0
video07,BirdDrone-Local-FT,658,0,0,0,0,0,0,0.0
video07,BirdDrone-Local-FT,659,0,0,0,0,0,0,0.0
video07,BirdDrone-Local-FT,660,0,0,0,0,0,0,0.0
video07,BirdDrone-Local-FT,661,0,0,0,0,0,0,0.0
video07,BirdDrone-Local-FT,662,0,0,0,0,0,0,0.0
video07,BirdDrone-Local-FT,663,0,0,0,0,0,0,0.0
video07,BirdDrone-Local-FT,664,0,0,0,0,0,0,0.0
video07,BirdDrone-Local-FT,665,0,0,0,0,0,0,0.0
video07,BirdDrone-Local-FT,666,0,0,0,0,0,0,0.0
video07,BirdDrone-Local-FT,667,0,0,0,0,0,0,0.0
video07,BirdDrone-Local-FT,668,0,0,0,0,0,0,0.0
video07,BirdDrone-Local-FT,669,0,0,0,0,0,0,0.0
video07,BirdDrone-Local-FT,670,1,1,0,0,1,0,0.29784855246543884
video07,BirdDrone-Local-FT,671,0,0,0,0,0,0,0.0
video07,BirdDrone-Local-FT,672,1,1,0,0,0,0,0.4429156482219696
video07,BirdDrone-Local-FT,673,1,1,0,0,1,0,0.3202410638332367
video07,BirdDrone-Local-FT,674,1,1,0,0,0,0,0.5227305293083191
video07,BirdDrone-Local-FT,675,0,0,0,0,0,0,0.0
video07,BirdDrone-Local-FT,676,0,0,0,0,0,0,0.0
video07,BirdDrone-Local-FT,677,1,1,0,0,0,0,0.6911407709121704
video07,BirdDrone-Local-FT,678,0,0,0,0,0,0,0.0
video07,BirdDrone-Local-FT,679,0,0,0,0,0,0,0.0
video07,BirdDrone-Local-FT,680,0,0,0,0,0,0,0.0
video07,BirdDrone-Local-FT,681,0,0,0,0,0,0,0.0
video07,BirdDrone-Local-FT,682,1,1,0,0,0,0,0.5880505442619324
video07,BirdDrone-Local-FT,683,1,1,0,0,0,0,0.5839820504188538
video07,BirdDrone-Local-FT,684,1,1,0,0,0,0,0.6389411091804504
video07,BirdDrone-Local-FT,685,1,1,0,0,0,0,0.5881664752960205
video07,BirdDrone-Local-FT,686,0,0,0,0,0,0,0.0
video07,BirdDrone-Local-FT,687,0,0,0,0,0,0,0.0
video07,BirdDrone-Local-FT,688,1,1,0,0,0,0,0.48926952481269836
video07,BirdDrone-Local-FT,689,1,1,0,0,0,0,0.532380998134613
video07,BirdDrone-Local-FT,690,1,1,0,0,0,0,0.6717345118522644
video07,BirdDrone-Local-FT,691,1,1,0,0,0,0,0.8973217606544495
video07,BirdDrone-Local-FT,692,1,1,0,0,0,0,0.900159478187561
video07,BirdDrone-Local-FT,693,1,1,0,0,0,0,0.9123400449752808
video07,BirdDrone-Local-FT,694,1,1,0,0,0,0,0.9218065142631531
video07,BirdDrone-Local-FT,695,1,1,0,0,0,0,0.9132760763168335
video07,BirdDrone-Local-FT,696,1,1,0,0,0,0,0.9048134684562683
video07,BirdDrone-Local-FT,697,1,1,0,0,0,0,0.9232390522956848
video07,BirdDrone-Local-FT,698,1,1,0,0,0,0,0.9098537564277649
video07,BirdDrone-Local-FT,699,1,1,0,0,0,0,0.9076372981071472
video07,BirdDrone-Local-FT,700,1,1,0,0,0,0,0.9143372178077698
video07,BirdDrone-Local-FT,701,1,1,0,0,0,0,0.9097312092781067
video07,BirdDrone-Local-FT,702,1,1,0,0,0,0,0.9104634523391724
video07,BirdDrone-Local-FT,703,1,1,0,0,0,0,0.9137899279594421
video07,BirdDrone-Local-FT,704,1,1,0,0,0,0,0.9159486889839172
video07,BirdDrone-Local-FT,705,1,1,0,0,0,0,0.9150378704071045
video07,BirdDrone-Local-FT,706,1,1,0,0,0,0,0.9198178052902222
video07,BirdDrone-Local-FT,707,1,1,0,0,0,0,0.8959277272224426
video07,BirdDrone-Local-FT,708,1,1,0,0,0,0,0.9155093431472778
video07,BirdDrone-Local-FT,709,1,1,0,0,0,0,0.9020533561706543
video07,BirdDrone-Local-FT,710,1,1,0,0,0,0,0.9107800126075745
video07,BirdDrone-Local-FT,711,1,1,0,0,0,0,0.9102586507797241
video07,BirdDrone-Local-FT,712,1,1,0,0,0,0,0.9161742925643921
video07,BirdDrone-Local-FT,713,1,1,0,0,0,0,0.9288968443870544
video07,BirdDrone-Local-FT,714,1,1,0,0,0,0,0.922257125377655
video07,BirdDrone-Local-FT,715,1,1,0,0,0,0,0.922216534614563
video07,BirdDrone-Local-FT,716,1,1,0,0,0,0,0.9144319295883179
video07,BirdDrone-Local-FT,717,1,1,0,0,0,0,0.9161790013313293
video07,BirdDrone-Local-FT,718,1,1,0,0,0,0,0.90938401222229
video07,BirdDrone-Local-FT,719,1,1,0,0,0,0,0.9109647274017334
video07,BirdDrone-Local-FT,720,1,1,0,0,0,0,0.9192032814025879
video07,BirdDrone-Local-FT,721,1,1,0,0,0,0,0.9167783260345459
video07,BirdDrone-Local-FT,722,1,1,0,0,0,0,0.9003527164459229
video07,BirdDrone-Local-FT,723,1,1,0,0,0,0,0.8825194835662842
video07,BirdDrone-Local-FT,724,1,1,0,0,0,0,0.9049192667007446
video07,BirdDrone-Local-FT,725,1,1,0,0,0,0,0.9156702160835266
video07,BirdDrone-Local-FT,726,1,1,0,0,0,0,0.8903935551643372
video07,BirdDrone-Local-FT,727,1,1,0,0,0,0,0.90948486328125
video07,BirdDrone-Local-FT,728,1,1,0,0,0,0,0.9137932062149048
video07,BirdDrone-Local-FT,729,1,1,0,0,0,0,0.9086042642593384
video07,BirdDrone-Local-FT,730,1,1,0,0,0,0,0.9149969816207886
video07,BirdDrone-Local-FT,731,1,1,0,0,0,0,0.905569314956665
video07,BirdDrone-Local-FT,732,1,1,0,0,0,0,0.9332987070083618
video07,BirdDrone-Local-FT,733,1,1,0,0,0,0,0.9204209446907043
video07,BirdDrone-Local-FT,734,1,1,0,0,0,0,0.9093335270881653
video07,BirdDrone-Local-FT,735,1,1,0,0,0,0,0.9154447913169861
video07,BirdDrone-Local-FT,736,1,1,0,0,0,0,0.9097884297370911
video07,BirdDrone-Local-FT,737,1,1,0,0,0,0,0.8979902267456055
video07,BirdDrone-Local-FT,738,1,1,0,0,0,0,0.914114236831665
video07,BirdDrone-Local-FT,739,1,1,0,0,0,0,0.9059559106826782
video07,BirdDrone-Local-FT,740,1,1,0,0,0,0,0.9141851663589478
video07,BirdDrone-Local-FT,741,1,1,0,0,0,0,0.9156411290168762
video07,BirdDrone-Local-FT,742,1,1,0,0,0,0,0.9252519607543945
video07,BirdDrone-Local-FT,743,1,1,0,0,0,0,0.9082897305488586
video07,BirdDrone-Local-FT,744,1,1,0,0,0,0,0.9074757695198059
video07,BirdDrone-Local-FT,745,1,1,0,0,0,0,0.9124884009361267
video07,BirdDrone-Local-FT,746,1,1,0,0,0,0,0.9155935645103455
video07,BirdDrone-Local-FT,747,1,1,0,0,0,0,0.8976272940635681
video07,BirdDrone-Local-FT,748,2,2,0,0,0,0,0.8826501965522766
video07,BirdDrone-Local-FT,749,1,1,0,0,0,0,0.9055842757225037
video07,BirdDrone-Local-FT,750,1,1,0,0,0,0,0.9199674129486084
video07,BirdDrone-Local-FT,751,1,1,0,0,0,0,0.9057896733283997
video07,BirdDrone-Local-FT,752,1,1,0,0,0,0,0.9135277271270752
video07,BirdDrone-Local-FT,753,1,1,0,0,0,0,0.9133712649345398
video07,BirdDrone-Local-FT,754,1,1,0,0,0,0,0.9148404002189636
video07,BirdDrone-Local-FT,755,1,1,0,0,0,0,0.9109560251235962
video07,BirdDrone-Local-FT,756,1,1,0,0,0,0,0.9145309925079346
video07,BirdDrone-Local-FT,757,1,1,0,0,0,0,0.9100610613822937
video07,BirdDrone-Local-FT,758,1,1,0,0,0,0,0.9126248955726624
video07,BirdDrone-Local-FT,759,1,1,0,0,0,0,0.9185017943382263
video07,BirdDrone-Local-FT,760,1,1,0,0,0,0,0.8873685598373413
video07,BirdDrone-Local-FT,761,1,1,0,0,0,0,0.8964999318122864
video07,BirdDrone-Local-FT,762,1,1,0,0,0,0,0.9186489582061768
video07,BirdDrone-Local-FT,763,1,1,0,0,0,0,0.9091818332672119
video07,BirdDrone-Local-FT,764,1,1,0,0,0,0,0.9130672216415405
video07,BirdDrone-Local-FT,765,1,1,0,0,0,0,0.9131845235824585
video07,BirdDrone-Local-FT,766,1,1,0,0,0,0,0.915707528591156
video07,BirdDrone-Local-FT,767,1,1,0,0,0,0,0.9108605980873108
video07,BirdDrone-Local-FT,768,1,1,0,0,0,0,0.9179800152778625
video07,BirdDrone-Local-FT,769,1,1,0,0,0,0,0.91428542137146
video07,BirdDrone-Local-FT,770,1,1,0,0,0,0,0.9149295091629028
video07,BirdDrone-Local-FT,771,1,1,0,0,0,0,0.9209107160568237
video07,BirdDrone-Local-FT,772,1,1,0,0,0,0,0.8930227160453796
video07,BirdDrone-Local-FT,773,1,1,0,0,0,0,0.9194789528846741
video07,BirdDrone-Local-FT,774,1,1,0,0,0,0,0.9109504818916321
video07,BirdDrone-Local-FT,775,1,1,0,0,0,0,0.770099937915802
video07,BirdDrone-Local-FT,776,1,1,0,0,0,0,0.9157621264457703
video07,BirdDrone-Local-FT,777,1,1,0,0,0,0,0.9156202673912048
video07,BirdDrone-Local-FT,778,1,1,0,0,0,0,0.9152379631996155
video07,BirdDrone-Local-FT,779,1,1,0,0,0,0,0.9159578084945679
video07,BirdDrone-Local-FT,780,1,1,0,0,0,0,0.9028864502906799
video07,BirdDrone-Local-FT,781,1,1,0,0,0,0,0.8931756019592285
video07,BirdDrone-Local-FT,782,1,1,0,0,0,0,0.9151683449745178
video07,BirdDrone-Local-FT,783,1,1,0,0,0,0,0.9090595841407776
video07,BirdDrone-Local-FT,784,1,1,0,0,0,0,0.8888607025146484
video07,BirdDrone-Local-FT,785,1,1,0,0,0,0,0.9148069620132446
video07,BirdDrone-Local-FT,786,1,1,0,0,0,0,0.9271721839904785
video07,BirdDrone-Local-FT,787,1,1,0,0,0,0,0.9144104719161987
video07,BirdDrone-Local-FT,788,1,1,0,0,0,0,0.9160886406898499
video07,BirdDrone-Local-FT,789,1,1,0,0,0,0,0.9133269786834717
video07,BirdDrone-Local-FT,790,1,1,0,0,0,0,0.889144241809845
video07,BirdDrone-Local-FT,791,1,1,0,0,0,0,0.9216436743736267
video07,BirdDrone-Local-FT,792,1,1,0,0,0,0,0.914225161075592
video07,BirdDrone-Local-FT,793,1,1,0,0,0,0,0.9172846078872681
video07,BirdDrone-Local-FT,794,1,1,0,0,0,0,0.9111855030059814
video07,BirdDrone-Local-FT,795,1,1,0,0,0,0,0.8847004175186157
video07,BirdDrone-Local-FT,796,1,1,0,0,0,0,0.9211615324020386
video07,BirdDrone-Local-FT,797,1,1,0,0,0,0,0.9152708053588867
video07,BirdDrone-Local-FT,798,1,1,0,0,0,0,0.9030638337135315
video07,BirdDrone-Local-FT,799,1,1,0,0,0,0,0.9055574536323547
video07,BirdDrone-Local-FT,800,1,1,0,0,0,0,0.9074305295944214
video07,BirdDrone-Local-FT,801,1,1,0,0,0,0,0.9122511148452759
video07,BirdDrone-Local-FT,802,1,1,0,0,0,0,0.9070357084274292
video07,BirdDrone-Local-FT,803,1,1,0,0,0,0,0.8984646797180176
video07,BirdDrone-Local-FT,804,1,1,0,0,0,0,0.9232857823371887
video07,BirdDrone-Local-FT,805,1,1,0,0,0,0,0.9215143918991089
video07,BirdDrone-Local-FT,806,1,1,0,0,0,0,0.9149957895278931
video07,BirdDrone-Local-FT,807,1,1,0,0,0,0,0.917996883392334
video07,BirdDrone-Local-FT,808,1,1,0,0,0,0,0.9119189381599426
video07,BirdDrone-Local-FT,809,1,1,0,0,0,0,0.8961050510406494
video07,BirdDrone-Local-FT,810,1,1,0,0,0,0,0.9006916880607605
video07,BirdDrone-Local-FT,811,1,1,0,0,0,0,0.8945773839950562
video07,BirdDrone-Local-FT,812,1,1,0,0,0,0,0.9148156642913818
video07,BirdDrone-Local-FT,813,1,1,0,0,0,0,0.9047114849090576
video07,BirdDrone-Local-FT,814,1,1,0,0,0,0,0.913894534111023
video07,BirdDrone-Local-FT,815,1,1,0,0,0,0,0.9074236154556274
video07,BirdDrone-Local-FT,816,1,1,0,0,0,0,0.9139013290405273
video07,BirdDrone-Local-FT,817,1,1,0,0,0,0,0.9164448380470276
video07,BirdDrone-Local-FT,818,1,1,0,0,0,0,0.9146871566772461
video07,BirdDrone-Local-FT,819,1,1,0,0,0,0,0.8917124271392822
video07,BirdDrone-Local-FT,820,1,1,0,0,0,0,0.9131395816802979
video07,BirdDrone-Local-FT,821,1,1,0,0,0,0,0.9087334275245667
video07,BirdDrone-Local-FT,822,1,1,0,0,0,0,0.9082155227661133
video07,BirdDrone-Local-FT,823,1,1,0,0,0,0,0.9209921360015869
video07,BirdDrone-Local-FT,824,1,1,0,0,0,0,0.9149941802024841
video07,BirdDrone-Local-FT,825,1,1,0,0,0,0,0.9232012629508972
video07,BirdDrone-Local-FT,826,1,1,0,0,0,0,0.914353609085083
video07,BirdDrone-Local-FT,827,1,1,0,0,0,0,0.9209765195846558
video07,BirdDrone-Local-FT,828,1,1,0,0,0,0,0.9172604084014893
video07,BirdDrone-Local-FT,829,1,1,0,0,0,0,0.922216534614563
video07,BirdDrone-Local-FT,830,1,1,0,0,0,0,0.8511298298835754
video07,BirdDrone-Local-FT,831,1,1,0,0,0,0,0.9157386422157288
video07,BirdDrone-Local-FT,832,1,1,0,0,0,0,0.9044280052185059
video07,BirdDrone-Local-FT,833,2,2,0,0,0,0,0.6289528012275696
video07,BirdDrone-Local-FT,834,1,1,0,0,0,0,0.9274848699569702
video07,BirdDrone-Local-FT,835,1,1,0,0,0,0,0.9181826710700989
video07,BirdDrone-Local-FT,836,1,1,0,0,0,0,0.9082157611846924
video07,BirdDrone-Local-FT,837,1,1,0,0,0,0,0.9189901947975159
video07,BirdDrone-Local-FT,838,1,1,0,0,0,0,0.9238831996917725
video07,BirdDrone-Local-FT,839,1,1,0,0,0,0,0.9207102656364441
video07,BirdDrone-Local-FT,840,1,1,0,0,0,0,0.9246527552604675
video07,BirdDrone-Local-FT,841,1,1,0,0,0,0,0.9210572242736816
video07,BirdDrone-Local-FT,842,1,1,0,0,0,0,0.9255902767181396
video07,BirdDrone-Local-FT,843,1,1,0,0,0,0,0.924866259098053
video07,BirdDrone-Local-FT,844,1,1,0,0,0,0,0.9252288937568665
video07,BirdDrone-Local-FT,845,1,1,0,0,0,0,0.908471941947937
video07,BirdDrone-Local-FT,846,1,1,0,0,0,0,0.9168247580528259
video07,BirdDrone-Local-FT,847,1,1,0,0,0,0,0.9082260131835938
video07,BirdDrone-Local-FT,848,1,1,0,0,0,0,0.8990461826324463
video07,BirdDrone-Local-FT,849,1,1,0,0,0,0,0.9068678021430969
video07,BirdDrone-Local-FT,850,1,1,0,0,0,0,0.9229950308799744
video07,BirdDrone-Local-FT,851,1,1,0,0,0,0,0.9226753115653992
video07,BirdDrone-Local-FT,852,1,1,0,0,0,0,0.903756856918335
video07,BirdDrone-Local-FT,853,1,1,0,0,0,0,0.9132918119430542
video07,BirdDrone-Local-FT,854,1,1,0,0,0,0,0.9224594235420227
video07,BirdDrone-Local-FT,855,1,1,0,0,0,0,0.8750250339508057
video07,BirdDrone-Local-FT,856,1,1,0,0,0,0,0.9199814796447754
video07,BirdDrone-Local-FT,857,1,1,0,0,0,0,0.8929183483123779
video07,BirdDrone-Local-FT,858,1,1,0,0,0,0,0.8268788456916809
video07,BirdDrone-Local-FT,859,1,1,0,0,0,0,0.9051117897033691
video07,BirdDrone-Local-FT,860,1,1,0,0,0,0,0.9063162803649902
video07,BirdDrone-Local-FT,861,1,1,0,0,0,0,0.8983570337295532
video07,BirdDrone-Local-FT,862,1,1,0,0,0,0,0.9242217540740967
video07,BirdDrone-Local-FT,863,1,1,0,0,0,0,0.9167110323905945
video07,BirdDrone-Local-FT,864,1,1,0,0,0,0,0.9137508869171143
video07,BirdDrone-Local-FT,865,1,1,0,0,0,0,0.9107902646064758
video07,BirdDrone-Local-FT,866,1,1,0,0,0,0,0.9213002324104309
video07,BirdDrone-Local-FT,867,1,1,0,0,0,0,0.9120539426803589
video07,BirdDrone-Local-FT,868,1,1,0,0,0,0,0.9147139191627502
video07,BirdDrone-Local-FT,869,1,1,0,0,0,0,0.9281899929046631
video07,BirdDrone-Local-FT,870,1,1,0,0,0,0,0.9272286295890808
video07,BirdDrone-Local-FT,871,1,1,0,0,0,0,0.9312362670898438
video07,BirdDrone-Local-FT,872,1,1,0,0,0,0,0.9312687516212463
video07,BirdDrone-Local-FT,873,1,1,0,0,0,0,0.9309991598129272
video07,BirdDrone-Local-FT,874,1,1,0,0,0,0,0.9217336177825928
video07,BirdDrone-Local-FT,875,1,1,0,0,0,0,0.9251934885978699
video07,BirdDrone-Local-FT,876,1,1,0,0,0,0,0.6553261280059814
video07,BirdDrone-Local-FT,877,1,1,0,0,0,0,0.9060354232788086
video07,BirdDrone-Local-FT,878,1,1,0,0,0,0,0.9089281558990479
video07,BirdDrone-Local-FT,879,1,1,0,0,0,0,0.914962112903595
video07,BirdDrone-Local-FT,880,1,1,0,0,0,0,0.9160812497138977
video07,BirdDrone-Local-FT,881,1,1,0,0,0,0,0.9282680749893188
video07,BirdDrone-Local-FT,882,1,1,0,0,0,0,0.9235522150993347
video07,BirdDrone-Local-FT,883,1,1,0,0,0,0,0.9277794361114502
video07,BirdDrone-Local-FT,884,1,1,0,0,0,0,0.9254505634307861
video07,BirdDrone-Local-FT,885,1,1,0,0,0,0,0.9228751063346863
video07,BirdDrone-Local-FT,886,1,1,0,0,0,0,0.9219867587089539
video07,BirdDrone-Local-FT,887,1,1,0,0,0,0,0.8148526549339294
video07,BirdDrone-Local-FT,888,1,1,0,0,0,0,0.9211952090263367
video07,BirdDrone-Local-FT,889,1,1,0,0,0,0,0.92632657289505
video07,BirdDrone-Local-FT,890,1,1,0,0,0,0,0.9276690483093262
video07,BirdDrone-Local-FT,891,1,1,0,0,0,0,0.9253779053688049
video07,BirdDrone-Local-FT,892,1,1,0,0,0,0,0.927423357963562
video07,BirdDrone-Local-FT,893,1,1,0,0,0,0,0.9296854734420776
video07,BirdDrone-Local-FT,894,1,1,0,0,0,0,0.9286203384399414
video07,BirdDrone-Local-FT,895,1,1,0,0,0,0,0.9206820726394653
video07,BirdDrone-Local-FT,896,1,1,0,0,0,0,0.9293522834777832
video07,BirdDrone-Local-FT,897,1,1,0,0,0,0,0.9329218864440918
video07,BirdDrone-Local-FT,898,1,1,0,0,0,0,0.9267721772193909
video07,BirdDrone-Local-FT,899,1,1,0,0,0,0,0.9250709414482117
video07,BirdDrone-Local-FT,900,1,1,0,0,0,0,0.9255099296569824
video07,BirdDrone-Local-FT,901,1,1,0,0,0,0,0.9307820200920105
video07,BirdDrone-Local-FT,902,1,1,0,0,0,0,0.9232076406478882
video07,BirdDrone-Local-FT,903,1,1,0,0,0,0,0.9286018013954163
video07,BirdDrone-Local-FT,904,1,1,0,0,0,0,0.9334285855293274
video07,BirdDrone-Local-FT,905,1,1,0,0,0,0,0.9345752000808716
video07,BirdDrone-Local-FT,906,1,1,0,0,0,0,0.9317859411239624
video07,BirdDrone-Local-FT,907,1,1,0,0,0,0,0.9326013326644897
video07,BirdDrone-Local-FT,908,1,1,0,0,0,0,0.9329738020896912
video07,BirdDrone-Local-FT,909,1,1,0,0,0,0,0.931871235370636
video07,BirdDrone-Local-FT,910,1,1,0,0,0,0,0.9266254901885986
video07,BirdDrone-Local-FT,911,1,1,0,0,0,0,0.9325717687606812
video07,BirdDrone-Local-FT,912,1,1,0,0,0,0,0.9305009245872498
video07,BirdDrone-Local-FT,913,1,1,0,0,0,0,0.9375759959220886
video07,BirdDrone-Local-FT,914,1,1,0,0,0,0,0.9182447195053101
video07,BirdDrone-Local-FT,915,1,1,0,0,0,0,0.9182563424110413
video07,BirdDrone-Local-FT,916,1,1,0,0,0,0,0.9329156875610352
video07,BirdDrone-Local-FT,917,1,1,0,0,0,0,0.93658846616745
video07,BirdDrone-Local-FT,918,1,1,0,0,0,0,0.8009704947471619
video07,BirdDrone-Local-FT,919,1,1,0,0,0,0,0.9322962760925293
video07,BirdDrone-Local-FT,920,1,1,0,0,0,0,0.9317787885665894
video07,BirdDrone-Local-FT,921,1,1,0,0,0,0,0.9350329637527466
video07,BirdDrone-Local-FT,922,1,1,0,0,0,0,0.9288828372955322
video07,BirdDrone-Local-FT,923,1,1,0,0,0,0,0.9337376952171326
video07,BirdDrone-Local-FT,924,1,1,0,0,0,0,0.8444007635116577
video07,BirdDrone-Local-FT,925,1,1,0,0,0,0,0.9054257869720459
video07,BirdDrone-Local-FT,926,1,1,0,0,0,0,0.9162574410438538
video07,BirdDrone-Local-FT,927,1,1,0,0,0,0,0.933898389339447
video07,BirdDrone-Local-FT,928,1,1,0,0,0,0,0.936104953289032
video07,BirdDrone-Local-FT,929,1,1,0,0,0,0,0.9399248957633972
video07,BirdDrone-Local-FT,930,1,1,0,0,0,0,0.9332598447799683
video07,BirdDrone-Local-FT,931,1,1,0,0,0,0,0.9354870915412903
video07,BirdDrone-Local-FT,932,1,1,0,0,0,0,0.9306758046150208
video07,BirdDrone-Local-FT,933,1,1,0,0,0,0,0.9022856950759888
video07,BirdDrone-Local-FT,934,1,1,0,0,0,0,0.9232779741287231
video07,BirdDrone-Local-FT,935,1,1,0,0,0,0,0.9347172975540161
video07,BirdDrone-Local-FT,936,1,1,0,0,0,0,0.9374256730079651
video07,BirdDrone-Local-FT,937,1,1,0,0,0,0,0.9360227584838867
video07,BirdDrone-Local-FT,938,1,1,0,0,0,0,0.930175244808197
video07,BirdDrone-Local-FT,939,1,1,0,0,0,0,0.9417935609817505
video07,BirdDrone-Local-FT,940,1,1,0,0,0,0,0.9398183226585388
video07,BirdDrone-Local-FT,941,1,1,0,0,0,0,0.9293264746665955
video07,BirdDrone-Local-FT,942,1,1,0,0,0,0,0.9231119155883789
video07,BirdDrone-Local-FT,943,1,1,0,0,0,0,0.8203270435333252
video07,BirdDrone-Local-FT,944,1,1,0,0,0,0,0.9264957308769226
video07,BirdDrone-Local-FT,945,1,1,0,0,0,0,0.9321706891059875
video07,BirdDrone-Local-FT,946,1,1,0,0,0,0,0.9311137795448303
video07,BirdDrone-Local-FT,947,1,1,0,0,0,0,0.9355976581573486
video07,BirdDrone-Local-FT,948,1,1,0,0,0,0,0.9379249215126038
video07,BirdDrone-Local-FT,949,1,1,0,0,0,0,0.9262455701828003
video07,BirdDrone-Local-FT,950,1,1,0,0,0,0,0.9361977577209473
video07,BirdDrone-Local-FT,951,1,1,0,0,0,0,0.9151532053947449
video07,BirdDrone-Local-FT,952,1,1,0,0,0,0,0.9260572195053101
video07,BirdDrone-Local-FT,953,1,1,0,0,0,0,0.9280015826225281
video07,BirdDrone-Local-FT,954,1,1,0,0,0,0,0.9293476939201355
video07,BirdDrone-Local-FT,955,1,1,0,0,0,0,0.9288138151168823
video07,BirdDrone-Local-FT,956,1,1,0,0,0,0,0.9255900979042053
video07,BirdDrone-Local-FT,957,1,1,0,0,0,0,0.9313123822212219
video07,BirdDrone-Local-FT,958,1,1,0,0,0,0,0.940281867980957
video07,BirdDrone-Local-FT,959,1,1,0,0,0,0,0.8170713782310486
video07,BirdDrone-Local-FT,960,1,1,0,0,0,0,0.8708767294883728
video07,BirdDrone-Local-FT,961,1,1,0,0,0,0,0.9439369440078735
video07,BirdDrone-Local-FT,962,1,1,0,0,0,0,0.9394228458404541
video07,BirdDrone-Local-FT,963,1,1,0,0,0,0,0.9274441599845886
video07,BirdDrone-Local-FT,964,1,1,0,0,0,0,0.9353615045547485
video07,BirdDrone-Local-FT,965,1,1,0,0,0,0,0.6312592029571533
video07,BirdDrone-Local-FT,966,1,1,0,0,0,0,0.9347021579742432
video07,BirdDrone-Local-FT,967,1,1,0,0,0,0,0.9365644454956055
video07,BirdDrone-Local-FT,968,1,1,0,0,0,0,0.9326379299163818
video07,BirdDrone-Local-FT,969,1,1,0,0,0,0,0.929660975933075
video07,BirdDrone-Local-FT,970,1,1,0,0,0,0,0.9237380027770996
video07,BirdDrone-Local-FT,971,1,1,0,0,0,0,0.9252832531929016
video07,BirdDrone-Local-FT,972,1,1,0,0,0,0,0.9349984526634216
video07,BirdDrone-Local-FT,973,1,1,0,0,0,0,0.9320116639137268
video07,BirdDrone-Local-FT,974,1,1,0,0,0,0,0.929317057132721
video07,BirdDrone-Local-FT,975,1,1,0,0,0,0,0.9362639784812927
video07,BirdDrone-Local-FT,976,1,1,0,0,0,0,0.9305062890052795
video07,BirdDrone-Local-FT,977,1,1,0,0,0,0,0.9324573278427124
video07,BirdDrone-Local-FT,978,1,1,0,0,0,0,0.9364322423934937
video07,BirdDrone-Local-FT,979,1,1,0,0,0,0,0.9225835204124451
video07,BirdDrone-Local-FT,980,1,1,0,0,0,0,0.9345266222953796
video07,BirdDrone-Local-FT,981,1,1,0,0,0,0,0.886322021484375
video07,BirdDrone-Local-FT,982,1,1,0,0,0,0,0.8996039628982544
video07,BirdDrone-Local-FT,983,1,1,0,0,0,0,0.9263015389442444
video07,BirdDrone-Local-FT,984,1,1,0,0,0,0,0.9406156539916992
video07,BirdDrone-Local-FT,985,1,1,0,0,0,0,0.9443767666816711
video07,BirdDrone-Local-FT,986,1,1,0,0,0,0,0.9382970929145813
video07,BirdDrone-Local-FT,987,1,1,0,0,0,0,0.9344627857208252
video07,BirdDrone-Local-FT,988,1,1,0,0,0,0,0.9305961728096008
video07,BirdDrone-Local-FT,989,1,1,0,0,0,0,0.9195133447647095
video07,BirdDrone-Local-FT,990,1,1,0,0,0,0,0.9419986009597778
video07,BirdDrone-Local-FT,991,1,1,0,0,0,0,0.9393670558929443
video07,BirdDrone-Local-FT,992,1,1,0,0,0,0,0.9467127919197083
video07,BirdDrone-Local-FT,993,1,1,0,0,0,0,0.9341325163841248
video07,BirdDrone-Local-FT,994,1,1,0,0,0,0,0.9396218061447144
video07,BirdDrone-Local-FT,995,1,1,0,0,0,0,0.9413694143295288
video07,BirdDrone-Local-FT,996,1,1,0,0,0,0,0.9385932683944702
video07,BirdDrone-Local-FT,997,1,1,0,0,0,0,0.9316725134849548
video07,BirdDrone-Local-FT,998,2,2,0,0,0,0,0.6801636815071106
video07,BirdDrone-Local-FT,999,1,1,0,0,0,0,0.9347829818725586
video07,BirdDrone-Local-FT,1000,1,1,0,0,0,0,0.9464448094367981
video07,BirdDrone-Local-FT,1001,1,1,0,0,0,0,0.9473115801811218
video07,BirdDrone-Local-FT,1002,1,1,0,0,0,0,0.9482806324958801
video07,BirdDrone-Local-FT,1003,1,1,0,0,0,0,0.9501296281814575
video07,BirdDrone-Local-FT,1004,1,1,0,0,0,0,0.9436809420585632
video07,BirdDrone-Local-FT,1005,1,1,0,0,0,0,0.9494113922119141
video07,BirdDrone-Local-FT,1006,1,1,0,0,0,0,0.9510039687156677
video07,BirdDrone-Local-FT,1007,1,1,0,0,0,0,0.9505961537361145
video07,BirdDrone-Local-FT,1008,1,1,0,0,0,0,0.9495817422866821
video07,BirdDrone-Local-FT,1009,1,1,0,0,0,0,0.943935215473175
video07,BirdDrone-Local-FT,1010,1,1,0,0,0,0,0.9371384978294373
video07,BirdDrone-Local-FT,1011,1,1,0,0,0,0,0.9308583736419678
video07,BirdDrone-Local-FT,1012,1,1,0,0,0,0,0.9362397789955139
video07,BirdDrone-Local-FT,1013,1,1,0,0,0,0,0.9304332137107849
video07,BirdDrone-Local-FT,1014,1,1,0,0,0,0,0.9290996789932251
video07,BirdDrone-Local-FT,1015,1,1,0,0,0,0,0.9350714087486267
video07,BirdDrone-Local-FT,1016,1,1,0,0,0,0,0.9448488354682922
video07,BirdDrone-Local-FT,1017,1,1,0,0,0,0,0.9409587979316711
video07,BirdDrone-Local-FT,1018,1,1,0,0,0,0,0.9336004257202148
video07,BirdDrone-Local-FT,1019,1,1,0,0,0,0,0.9397318959236145
video07,BirdDrone-Local-FT,1020,1,1,0,0,0,0,0.9229855537414551
video07,BirdDrone-Local-FT,1021,1,1,0,0,1,0,0.2789679169654846
video07,BirdDrone-Local-FT,1022,1,1,0,0,0,0,0.9184505343437195
video07,BirdDrone-Local-FT,1023,1,1,0,0,0,0,0.9083073735237122
video07,BirdDrone-Local-FT,1024,1,1,0,0,0,0,0.8822912573814392
video07,BirdDrone-Local-FT,1025,1,1,0,0,0,0,0.8877611756324768
video07,BirdDrone-Local-FT,1026,1,1,0,0,0,0,0.9010592103004456
video07,BirdDrone-Local-FT,1027,1,1,0,0,1,0,0.3498411178588867
video07,BirdDrone-Local-FT,1028,1,1,0,0,0,0,0.9077886343002319
video07,BirdDrone-Local-FT,1029,1,1,0,0,0,0,0.9174755215644836
video07,BirdDrone-Local-FT,1030,1,1,0,0,0,0,0.914427638053894
video07,BirdDrone-Local-FT,1031,1,1,0,0,0,0,0.9142075777053833
video07,BirdDrone-Local-FT,1032,1,1,0,0,1,0,0.3425891399383545
video07,BirdDrone-Local-FT,1033,1,1,0,0,0,0,0.8676797151565552
video07,BirdDrone-Local-FT,1034,1,1,0,0,0,0,0.8704692721366882
video07,BirdDrone-Local-FT,1035,1,1,0,0,0,0,0.902404248714447
video07,BirdDrone-Local-FT,1036,1,1,0,0,0,0,0.907922089099884
video07,BirdDrone-Local-FT,1037,1,1,0,0,0,0,0.8468548655509949
video07,BirdDrone-Local-FT,1038,1,1,0,0,0,0,0.9022459983825684
video07,BirdDrone-Local-FT,1039,1,1,0,0,0,0,0.8932406902313232
video07,BirdDrone-Local-FT,1040,1,1,0,0,0,0,0.8890153765678406
video07,BirdDrone-Local-FT,1041,1,1,0,0,0,0,0.8161281943321228
video07,BirdDrone-Local-FT,1042,1,1,0,0,0,0,0.8067886829376221
video07,BirdDrone-Local-FT,1043,1,1,0,0,0,0,0.7732420563697815
video07,BirdDrone-Local-FT,1044,1,1,0,0,0,0,0.7524212002754211
video07,BirdDrone-Local-FT,1045,1,1,0,0,0,0,0.872331976890564
video07,BirdDrone-Local-FT,1046,1,1,0,0,0,0,0.9018915891647339
video07,BirdDrone-Local-FT,1047,1,1,0,0,0,0,0.8975443243980408
video07,BirdDrone-Local-FT,1048,1,1,0,0,0,0,0.8997988700866699
video07,BirdDrone-Local-FT,1049,1,1,0,0,0,0,0.8223808407783508
video07,BirdDrone-Local-FT,1050,1,1,0,0,0,0,0.7324716448783875
video07,BirdDrone-Local-FT,1051,1,1,0,0,0,0,0.7885451316833496
video07,BirdDrone-Local-FT,1052,1,1,0,0,0,0,0.8992138504981995
video07,BirdDrone-Local-FT,1053,1,1,0,0,0,0,0.8897832632064819
video07,BirdDrone-Local-FT,1054,1,1,0,0,0,0,0.8852991461753845
video07,BirdDrone-Local-FT,1055,1,1,0,0,0,0,0.8621214628219604
video07,BirdDrone-Local-FT,1056,1,1,0,0,0,0,0.8167856335639954
video07,BirdDrone-Local-FT,1057,1,1,0,0,0,0,0.7704964876174927
video07,BirdDrone-Local-FT,1058,0,0,0,0,0,0,0.0
video07,BirdDrone-Local-FT,1059,1,1,0,0,0,0,0.7803362011909485
video07,BirdDrone-Local-FT,1060,1,1,0,0,0,0,0.7000179886817932
video07,BirdDrone-Local-FT,1061,1,1,0,0,0,0,0.9236448407173157
video07,BirdDrone-Local-FT,1062,1,1,0,0,0,0,0.8902385830879211
video07,BirdDrone-Local-FT,1063,1,1,0,0,0,0,0.8916600942611694
video07,BirdDrone-Local-FT,1064,1,1,0,0,0,0,0.8807446360588074
video07,BirdDrone-Local-FT,1065,1,1,0,0,0,0,0.9202656745910645
video07,BirdDrone-Local-FT,1066,1,1,0,0,0,0,0.9272516965866089
video07,BirdDrone-Local-FT,1067,1,1,0,0,0,0,0.8878317475318909
video07,BirdDrone-Local-FT,1068,1,1,0,0,0,0,0.8484615087509155
video07,BirdDrone-Local-FT,1069,1,1,0,0,0,0,0.8795000314712524
video07,BirdDrone-Local-FT,1070,1,1,0,0,0,0,0.3579850494861603
video07,BirdDrone-Local-FT,1071,1,1,0,0,0,0,0.7675278782844543
video07,BirdDrone-Local-FT,1072,1,1,0,0,0,0,0.920620858669281
video07,BirdDrone-Local-FT,1073,1,1,0,0,0,0,0.867315411567688
video07,BirdDrone-Local-FT,1074,1,1,0,0,0,0,0.8854802846908569
video07,BirdDrone-Local-FT,1075,1,1,0,0,0,0,0.7670114040374756
video07,BirdDrone-Local-FT,1076,1,1,0,0,0,0,0.9087136387825012
video07,BirdDrone-Local-FT,1077,2,2,0,0,0,0,0.5629305243492126
video07,BirdDrone-Local-FT,1078,1,1,0,0,0,0,0.7958760261535645
video07,BirdDrone-Local-FT,1079,1,1,0,0,0,0,0.8774273991584778
video07,BirdDrone-Local-FT,1080,1,1,0,0,0,0,0.8835968971252441
video07,BirdDrone-Local-FT,1081,1,1,0,0,0,0,0.8521268963813782
video07,BirdDrone-Local-FT,1082,1,1,0,0,0,0,0.3734593391418457
video07,BirdDrone-Local-FT,1083,1,1,0,0,0,0,0.8569371104240417
video07,BirdDrone-Local-FT,1084,1,1,0,0,0,0,0.6692839860916138
video07,BirdDrone-Local-FT,1085,1,1,0,0,0,0,0.8446624279022217
video07,BirdDrone-Local-FT,1086,2,2,0,0,0,0,0.49382665753364563
video07,BirdDrone-Local-FT,1087,1,1,0,0,1,0,0.32824045419692993
video07,BirdDrone-Local-FT,1088,0,0,0,0,0,0,0.0
video07,BirdDrone-Local-FT,1089,0,0,0,0,0,0,0.0
video07,BirdDrone-Local-FT,1090,0,0,0,0,0,0,0.0
video07,BirdDrone-Local-FT,1091,0,0,0,0,0,0,0.0
video07,BirdDrone-Local-FT,1092,0,0,0,0,0,0,0.0
video07,BirdDrone-Local-FT,1093,0,0,0,0,0,0,0.0
video07,BirdDrone-Local-FT,1094,0,0,0,0,0,0,0.0
video07,BirdDrone-Local-FT,1095,0,0,0,0,0,0,0.0
video07,BirdDrone-Local-FT,1096,0,0,0,0,0,0,0.0
video07,BirdDrone-Local-FT,1097,0,0,0,0,0,0,0.0
video07,BirdDrone-Local-FT,1098,0,0,0,0,0,0,0.0
video07,BirdDrone-Local-FT,1099,0,0,0,0,0,0,0.0
video07,BirdDrone-Local-FT,1100,0,0,0,0,0,0,0.0
video07,BirdDrone-Local-FT,1101,0,0,0,0,0,0,0.0
video07,BirdDrone-Local-FT,1102,0,0,0,0,0,0,0.0
video07,BirdDrone-Local-FT,1103,0,0,0,0,0,0,0.0
video07,BirdDrone-Local-FT,1104,0,0,0,0,0,0,0.0
video07,BirdDrone-Local-FT,1105,0,0,0,0,0,0,0.0
video07,BirdDrone-Local-FT,1106,0,0,0,0,0,0,0.0
video07,BirdDrone-Local-FT,1107,0,0,0,0,0,0,0.0
video07,BirdDrone-Local-FT,1108,0,0,0,0,0,0,0.0
video07,BirdDrone-Local-FT,1109,0,0,0,0,0,0,0.0
video07,BirdDrone-Local-FT,1110,0,0,0,0,0,0,0.0
video07,BirdDrone-Local-FT,1111,0,0,0,0,0,0,0.0
video07,BirdDrone-Local-FT,1112,0,0,0,0,0,0,0.0
video07,BirdDrone-Local-FT,1113,0,0,0,0,0,0,0.0
video07,BirdDrone-Local-FT,1114,0,0,0,0,0,0,0.0
video07,BirdDrone-Local-FT,1115,0,0,0,0,0,0,0.0
video07,BirdDrone-Local-FT,1116,0,0,0,0,0,0,0.0
video07,BirdDrone-Local-FT,1117,0,0,0,0,0,0,0.0
video07,BirdDrone-Local-FT,1118,0,0,0,0,0,0,0.0
video07,BirdDrone-Local-FT,1119,0,0,0,0,0,0,0.0
video07,BirdDrone-Local-FT,1120,0,0,0,0,0,0,0.0
video07,BirdDrone-Local-FT,1121,0,0,0,0,0,0,0.0
video07,BirdDrone-Local-FT,1122,0,0,0,0,0,0,0.0
video07,BirdDrone-Local-FT,1123,0,0,0,0,0,0,0.0
video07,BirdDrone-Local-FT,1124,0,0,0,0,0,0,0.0
video07,BirdDrone-Local-FT,1125,0,0,0,0,0,0,0.0
video07,BirdDrone-Local-FT,1126,0,0,0,0,0,0,0.0
video07,BirdDrone-Local-FT,1127,0,0,0,0,0,0,0.0
video07,BirdDrone-Local-FT,1128,0,0,0,0,0,0,0.0
video07,BirdDrone-Local-FT,1129,0,0,0,0,0,0,0.0
video07,BirdDrone-Local-FT,1130,0,0,0,0,0,0,0.0
video07,BirdDrone-Local-FT,1131,0,0,0,0,0,0,0.0
video07,BirdDrone-Local-FT,1132,0,0,0,0,0,0,0.0
video07,BirdDrone-Local-FT,1133,0,0,0,0,0,0,0.0
video07,BirdDrone-Local-FT,1134,0,0,0,0,0,0,0.0
video07,BirdDrone-Local-FT,1135,0,0,0,0,0,0,0.0
video07,BirdDrone-Local-FT,1136,0,0,0,0,0,0,0.0
video07,BirdDrone-Local-FT,1137,0,0,0,0,0,0,0.0
video07,BirdDrone-Local-FT,1138,0,0,0,0,0,0,0.0
video07,BirdDrone-Local-FT,1139,0,0,0,0,0,0,0.0
video07,BirdDrone-Local-FT,1140,0,0,0,0,0,0,0.0
video07,BirdDrone-Local-FT,1141,0,0,0,0,0,0,0.0
video07,BirdDrone-Local-FT,1142,0,0,0,0,0,0,0.0
video07,BirdDrone-Local-FT,1143,0,0,0,0,0,0,0.0
video07,BirdDrone-Local-FT,1144,0,0,0,0,0,0,0.0
video07,BirdDrone-Local-FT,1145,0,0,0,0,0,0,0.0
video07,BirdDrone-Local-FT,1146,0,0,0,0,0,0,0.0
video07,BirdDrone-Local-FT,1147,0,0,0,0,0,0,0.0
video07,BirdDrone-Local-FT,1148,0,0,0,0,0,0,0.0
video07,BirdDrone-Local-FT,1149,0,0,0,0,0,0,0.0
video07,BirdDrone-Local-FT,1150,0,0,0,0,0,0,0.0
video07,BirdDrone-Local-FT,1151,0,0,0,0,0,0,0.0
video07,BirdDrone-Local-FT,1152,0,0,0,0,0,0,0.0
video07,BirdDrone-Local-FT,1153,0,0,0,0,0,0,0.0
video07,BirdDrone-Local-FT,1154,0,0,0,0,0,0,0.0
video07,BirdDrone-Local-FT,1155,0,0,0,0,0,0,0.0
video07,BirdDrone-Local-FT,1156,0,0,0,0,0,0,0.0
video07,BirdDrone-Local-FT,1157,0,0,0,0,0,0,0.0
video07,BirdDrone-Local-FT,1158,0,0,0,0,0,0,0.0
video07,BirdDrone-Local-FT,1159,0,0,0,0,0,0,0.0
video07,BirdDrone-Local-FT,1160,0,0,0,0,0,0,0.0
video07,BirdDrone-Local-FT,1161,0,0,0,0,0,0,0.0
video07,BirdDrone-Local-FT,1162,0,0,0,0,0,0,0.0
video07,BirdDrone-Local-FT,1163,0,0,0,0,0,0,0.0
video07,BirdDrone-Local-FT,1164,0,0,0,0,0,0,0.0
video07,BirdDrone-Local-FT,1165,0,0,0,0,0,0,0.0
video07,BirdDrone-Local-FT,1166,0,0,0,0,0,0,0.0
video07,BirdDrone-Local-FT,1167,0,0,0,0,0,0,0.0
video07,BirdDrone-Local-FT,1168,0,0,0,0,0,0,0.0
video07,BirdDrone-Local-FT,1169,0,0,0,0,0,0,0.0
video07,BirdDrone-Local-FT,1170,0,0,0,0,0,0,0.0
video07,BirdDrone-Local-FT,1171,0,0,0,0,0,0,0.0
video07,BirdDrone-Local-FT,1172,0,0,0,0,0,0,0.0
video07,BirdDrone-Local-FT,1173,0,0,0,0,0,0,0.0
video07,BirdDrone-Local-FT,1174,0,0,0,0,0,0,0.0
video07,BirdDrone-Local-FT,1175,0,0,0,0,0,0,0.0
video07,BirdDrone-Local-FT,1176,0,0,0,0,0,0,0.0
video07,BirdDrone-Local-FT,1177,0,0,0,0,0,0,0.0
video07,BirdDrone-Local-FT,1178,0,0,0,0,0,0,0.0
video07,BirdDrone-Local-FT,1179,0,0,0,0,0,0,0.0
video07,BirdDrone-Local-FT,1180,0,0,0,0,0,0,0.0
video07,BirdDrone-Local-FT,1181,0,0,0,0,0,0,0.0
video07,BirdDrone-Local-FT,1182,0,0,0,0,0,0,0.0
video07,BirdDrone-Local-FT,1183,0,0,0,0,0,0,0.0
video07,BirdDrone-Local-FT,1184,0,0,0,0,0,0,0.0
video07,BirdDrone-Local-FT,1185,0,0,0,0,0,0,0.0
video07,BirdDrone-Local-FT,1186,0,0,0,0,0,0,0.0
video07,BirdDrone-Local-FT,1187,0,0,0,0,0,0,0.0
video07,BirdDrone-Local-FT,1188,0,0,0,0,0,0,0.0
video07,BirdDrone-Local-FT,1189,0,0,0,0,0,0,0.0
video07,BirdDrone-Local-FT,1190,0,0,0,0,0,0,0.0
video07,BirdDrone-Local-FT,1191,0,0,0,0,0,0,0.0
video07,BirdDrone-Local-FT,1192,0,0,0,0,0,0,0.0
video07,BirdDrone-Local-FT,1193,0,0,0,0,0,0,0.0
video07,BirdDrone-Local-FT,1194,0,0,0,0,0,0,0.0
video07,BirdDrone-Local-FT,1195,0,0,0,0,0,0,0.0
video07,BirdDrone-Local-FT,1196,0,0,0,0,0,0,0.0
video07,BirdDrone-Local-FT,1197,0,0,0,0,0,0,0.0
video07,BirdDrone-Local-FT,1198,0,0,0,0,0,0,0.0
video07,BirdDrone-Local-FT,1199,0,0,0,0,0,0,0.0
video07,BirdDrone-Local-FT,1200,0,0,0,0,0,0,0.0
video07,BirdDrone-Local-FT,1201,0,0,0,0,0,0,0.0
video07,BirdDrone-Local-FT,1202,0,0,0,0,0,0,0.0
video07,BirdDrone-Local-FT,1203,0,0,0,0,0,0,0.0
video07,BirdDrone-Local-FT,1204,1,1,0,0,0,0,0.5974106192588806
video07,BirdDrone-Local-FT,1205,0,0,0,0,0,0,0.0
video07,BirdDrone-Local-FT,1206,2,2,0,0,1,0,0.3983355760574341
video07,BirdDrone-Local-FT,1207,2,2,0,0,1,0,0.7512267231941223
video07,BirdDrone-Local-FT,1208,1,1,0,0,0,0,0.7290345430374146
video07,BirdDrone-Local-FT,1209,2,2,0,0,0,0,0.7723967432975769
video07,BirdDrone-Local-FT,1210,1,1,0,0,0,0,0.5476956367492676
video07,BirdDrone-Local-FT,1211,2,2,0,0,1,0,0.7262890934944153
video07,BirdDrone-Local-FT,1212,1,1,0,0,0,0,0.6747710704803467
video07,BirdDrone-Local-FT,1213,1,1,0,0,0,0,0.4419509768486023
video07,BirdDrone-Local-FT,1214,1,1,0,0,0,0,0.5912098288536072
video07,BirdDrone-Local-FT,1215,1,1,0,0,0,0,0.7493276596069336
video07,BirdDrone-Local-FT,1216,2,2,0,0,0,0,0.5171465277671814
video07,BirdDrone-Local-FT,1217,2,2,0,0,0,0,0.617378830909729
video07,BirdDrone-Local-FT,1218,1,1,0,0,0,0,0.8378040790557861
video07,BirdDrone-Local-FT,1219,0,0,0,0,0,0,0.0
video07,BirdDrone-Local-FT,1220,2,2,0,0,1,0,0.7586835026741028
video07,BirdDrone-Local-FT,1221,1,1,0,0,0,0,0.6663926839828491
video07,BirdDrone-Local-FT,1222,0,0,0,0,0,0,0.0
video07,BirdDrone-Local-FT,1223,2,2,0,0,0,0,0.4389439523220062
video07,BirdDrone-Local-FT,1224,1,1,0,0,0,0,0.4862038493156433
video07,BirdDrone-Local-FT,1225,0,0,0,0,0,0,0.0
video07,BirdDrone-Local-FT,1226,1,1,0,0,0,0,0.6290654540061951
video07,BirdDrone-Local-FT,1227,0,0,0,0,0,0,0.0
video07,BirdDrone-Local-FT,1228,0,0,0,0,0,0,0.0
video07,BirdDrone-Local-FT,1229,0,0,0,0,0,0,0.0
video07,BirdDrone-Local-FT,1230,0,0,0,0,0,0,0.0
video07,BirdDrone-Local-FT,1231,0,0,0,0,0,0,0.0
video07,BirdDrone-Local-FT,1232,0,0,0,0,0,0,0.0
video07,BirdDrone-Local-FT,1233,0,0,0,0,0,0,0.0
video07,BirdDrone-Local-FT,1234,0,0,0,0,0,0,0.0
video07,BirdDrone-Local-FT,1235,0,0,0,0,0,0,0.0
video07,BirdDrone-Local-FT,1236,0,0,0,0,0,0,0.0
video07,BirdDrone-Local-FT,1237,0,0,0,0,0,0,0.0
video07,BirdDrone-Local-FT,1238,0,0,0,0,0,0,0.0
video07,BirdDrone-Local-FT,1239,0,0,0,0,0,0,0.0
video07,BirdDrone-Local-FT,1240,0,0,0,0,0,0,0.0
video07,BirdDrone-Local-FT,1241,0,0,0,0,0,0,0.0
video07,BirdDrone-Local-FT,1242,0,0,0,0,0,0,0.0
video07,BirdDrone-Local-FT,1243,0,0,0,0,0,0,0.0
video07,BirdDrone-Local-FT,1244,0,0,0,0,0,0,0.0
video07,BirdDrone-Local-FT,1245,0,0,0,0,0,0,0.0
video07,BirdDrone-Local-FT,1246,0,0,0,0,0,0,0.0
video07,BirdDrone-Local-FT,1247,0,0,0,0,0,0,0.0
video07,BirdDrone-Local-FT,1248,0,0,0,0,0,0,0.0
video07,BirdDrone-Local-FT,1249,0,0,0,0,0,0,0.0
video07,BirdDrone-Local-FT,1250,0,0,0,0,0,0,0.0
video07,BirdDrone-Local-FT,1251,1,1,0,0,1,0,0.27533650398254395
video07,BirdDrone-Local-FT,1252,2,2,0,0,0,0,0.49547746777534485
video07,BirdDrone-Local-FT,1253,0,0,0,0,0,0,0.0
video07,BirdDrone-Local-FT,1254,1,1,0,0,0,0,0.6902952790260315
video07,BirdDrone-Local-FT,1255,1,1,0,0,0,0,0.7865116596221924
video07,BirdDrone-Local-FT,1256,1,1,0,0,0,0,0.540102481842041
video07,BirdDrone-Local-FT,1257,0,0,0,0,0,0,0.0
video07,BirdDrone-Local-FT,1258,0,0,0,0,0,0,0.0
video07,BirdDrone-Local-FT,1259,0,0,0,0,0,0,0.0
video07,BirdDrone-Local-FT,1260,0,0,0,0,0,0,0.0
video07,BirdDrone-Local-FT,1261,0,0,0,0,0,0,0.0
video07,BirdDrone-Local-FT,1262,0,0,0,0,0,0,0.0
video07,BirdDrone-Local-FT,1263,0,0,0,0,0,0,0.0
video07,BirdDrone-Local-FT,1264,0,0,0,0,0,0,0.0
video07,BirdDrone-Local-FT,1265,0,0,0,0,0,0,0.0
video07,BirdDrone-Local-FT,1266,0,0,0,0,0,0,0.0
video07,BirdDrone-Local-FT,1267,0,0,0,0,0,0,0.0
video07,BirdDrone-Local-FT,1268,0,0,0,0,0,0,0.0
video07,BirdDrone-Local-FT,1269,0,0,0,0,0,0,0.0
video07,BirdDrone-Local-FT,1270,0,0,0,0,0,0,0.0
video07,BirdDrone-Local-FT,1271,0,0,0,0,0,0,0.0
video07,BirdDrone-Local-FT,1272,0,0,0,0,0,0,0.0
video07,BirdDrone-Local-FT,1273,0,0,0,0,0,0,0.0
video07,BirdDrone-Local-FT,1274,0,0,0,0,0,0,0.0
video07,BirdDrone-Local-FT,1275,0,0,0,0,0,0,0.0
video07,BirdDrone-Local-FT,1276,0,0,0,0,0,0,0.0
video07,BirdDrone-Local-FT,1277,1,1,0,0,1,0,0.3487800657749176
video07,BirdDrone-Local-FT,1278,1,1,0,0,0,0,0.40788882970809937
video07,BirdDrone-Local-FT,1279,0,0,0,0,0,0,0.0
video07,BirdDrone-Local-FT,1280,0,0,0,0,0,0,0.0
video07,BirdDrone-Local-FT,1281,0,0,0,0,0,0,0.0
video07,BirdDrone-Local-FT,1282,0,0,0,0,0,0,0.0
video07,BirdDrone-Local-FT,1283,0,0,0,0,0,0,0.0
video07,BirdDrone-Local-FT,1284,0,0,0,0,0,0,0.0
video07,BirdDrone-Local-FT,1285,0,0,0,0,0,0,0.0
video07,BirdDrone-Local-FT,1286,0,0,0,0,0,0,0.0
video07,BirdDrone-Local-FT,1287,0,0,0,0,0,0,0.0
video07,BirdDrone-Local-FT,1288,0,0,0,0,0,0,0.0
video07,BirdDrone-Local-FT,1289,0,0,0,0,0,0,0.0
video07,BirdDrone-Local-FT,1290,0,0,0,0,0,0,0.0
video07,BirdDrone-Local-FT,1291,0,0,0,0,0,0,0.0
video07,BirdDrone-Local-FT,1292,0,0,0,0,0,0,0.0
video07,BirdDrone-Local-FT,1293,0,0,0,0,0,0,0.0
video07,BirdDrone-Local-FT,1294,0,0,0,0,0,0,0.0
video07,BirdDrone-Local-FT,1295,0,0,0,0,0,0,0.0
video07,BirdDrone-Local-FT,1296,0,0,0,0,0,0,0.0
video07,BirdDrone-Local-FT,1297,0,0,0,0,0,0,0.0
video07,BirdDrone-Local-FT,1298,0,0,0,0,0,0,0.0
video07,BirdDrone-Local-FT,1299,0,0,0,0,0,0,0.0
video07,BirdDrone-Local-FT,1300,0,0,0,0,0,0,0.0
video07,BirdDrone-Local-FT,1301,0,0,0,0,0,0,0.0
video07,BirdDrone-Local-FT,1302,0,0,0,0,0,0,0.0
video07,BirdDrone-Local-FT,1303,0,0,0,0,0,0,0.0
video07,BirdDrone-Local-FT,1304,0,0,0,0,0,0,0.0
video07,BirdDrone-Local-FT,1305,0,0,0,0,0,0,0.0
video07,BirdDrone-Local-FT,1306,0,0,0,0,0,0,0.0
video07,BirdDrone-Local-FT,1307,0,0,0,0,0,0,0.0
video07,BirdDrone-Local-FT,1308,0,0,0,0,0,0,0.0
video07,BirdDrone-Local-FT,1309,0,0,0,0,0,0,0.0
video07,BirdDrone-Local-FT,1310,0,0,0,0,0,0,0.0
video07,BirdDrone-Local-FT,1311,0,0,0,0,0,0,0.0
video07,BirdDrone-Local-FT,1312,0,0,0,0,0,0,0.0
video07,BirdDrone-Local-FT,1313,0,0,0,0,0,0,0.0
video07,BirdDrone-Local-FT,1314,0,0,0,0,0,0,0.0
video07,BirdDrone-Local-FT,1315,0,0,0,0,0,0,0.0
video07,BirdDrone-Local-FT,1316,0,0,0,0,0,0,0.0
video07,BirdDrone-Local-FT,1317,0,0,0,0,0,0,0.0
video07,BirdDrone-Local-FT,1318,0,0,0,0,0,0,0.0
video07,BirdDrone-Local-FT,1319,0,0,0,0,0,0,0.0
video07,BirdDrone-Local-FT,1320,0,0,0,0,0,0,0.0
video07,BirdDrone-Local-FT,1321,0,0,0,0,0,0,0.0
video07,BirdDrone-Local-FT,1322,0,0,0,0,0,0,0.0
video07,BirdDrone-Local-FT,1323,0,0,0,0,0,0,0.0
video07,BirdDrone-Local-FT,1324,0,0,0,0,0,0,0.0
video07,BirdDrone-Local-FT,1325,0,0,0,0,0,0,0.0
video07,BirdDrone-Local-FT,1326,0,0,0,0,0,0,0.0
video07,BirdDrone-Local-FT,1327,0,0,0,0,0,0,0.0
video07,BirdDrone-Local-FT,1328,0,0,0,0,0,0,0.0
video07,BirdDrone-Local-FT,1329,0,0,0,0,0,0,0.0
video07,BirdDrone-Local-FT,1330,0,0,0,0,0,0,0.0
video07,BirdDrone-Local-FT,1331,0,0,0,0,0,0,0.0
video07,BirdDrone-Local-FT,1332,0,0,0,0,0,0,0.0
video07,BirdDrone-Local-FT,1333,1,1,0,0,0,0,0.3877558708190918
video07,BirdDrone-Local-FT,1334,1,1,0,0,0,0,0.696094274520874
video07,BirdDrone-Local-FT,1335,1,1,0,0,0,0,0.7449458241462708
video07,BirdDrone-Local-FT,1336,1,1,0,0,0,0,0.5356261134147644
video07,BirdDrone-Local-FT,1337,2,2,0,0,0,0,0.5542204976081848
video07,BirdDrone-Local-FT,1338,1,1,0,0,0,0,0.8333976864814758
video07,BirdDrone-Local-FT,1339,1,1,0,0,0,0,0.8464056849479675
video07,BirdDrone-Local-FT,1340,1,1,0,0,0,0,0.8537911176681519
video07,BirdDrone-Local-FT,1341,1,1,0,0,0,0,0.8727160692214966
video07,BirdDrone-Local-FT,1342,1,1,0,0,0,0,0.8880932927131653
video07,BirdDrone-Local-FT,1343,1,1,0,0,0,0,0.8338597416877747
video07,BirdDrone-Local-FT,1344,1,1,0,0,0,0,0.8070380091667175
video07,BirdDrone-Local-FT,1345,1,1,0,0,0,0,0.749133825302124
video07,BirdDrone-Local-FT,1346,1,1,0,0,0,0,0.7039757370948792
video07,BirdDrone-Local-FT,1347,1,1,0,0,0,0,0.3597131073474884
video07,BirdDrone-Local-FT,1348,0,0,0,0,0,0,0.0
video07,BirdDrone-Local-FT,1349,0,0,0,0,0,0,0.0
video07,BirdDrone-Local-FT,1350,0,0,0,0,0,0,0.0
video07,BirdDrone-Local-FT,1351,0,0,0,0,0,0,0.0
video07,BirdDrone-Local-FT,1352,0,0,0,0,0,0,0.0
video07,BirdDrone-Local-FT,1353,0,0,0,0,0,0,0.0
video07,BirdDrone-Local-FT,1354,0,0,0,0,0,0,0.0
video07,BirdDrone-Local-FT,1355,0,0,0,0,0,0,0.0
video07,BirdDrone-Local-FT,1356,0,0,0,0,0,0,0.0
video07,BirdDrone-Local-FT,1357,0,0,0,0,0,0,0.0
video07,BirdDrone-Local-FT,1358,0,0,0,0,0,0,0.0
video07,BirdDrone-Local-FT,1359,0,0,0,0,0,0,0.0
video07,BirdDrone-Local-FT,1360,0,0,0,0,0,0,0.0
video07,BirdDrone-Local-FT,1361,0,0,0,0,0,0,0.0
video07,BirdDrone-Local-FT,1362,0,0,0,0,0,0,0.0
video07,BirdDrone-Local-FT,1363,0,0,0,0,0,0,0.0
video07,BirdDrone-Local-FT,1364,0,0,0,0,0,0,0.0
video07,BirdDrone-Local-FT,1365,0,0,0,0,0,0,0.0
video07,BirdDrone-Local-FT,1366,0,0,0,0,0,0,0.0
video07,BirdDrone-Local-FT,1367,0,0,0,0,0,0,0.0
video07,BirdDrone-Local-FT,1368,0,0,0,0,0,0,0.0
video07,BirdDrone-Local-FT,1369,0,0,0,0,0,0,0.0
video07,BirdDrone-Local-FT,1370,0,0,0,0,0,0,0.0
video07,BirdDrone-Local-FT,1371,0,0,0,0,0,0,0.0
video07,BirdDrone-Local-FT,1372,1,1,0,0,0,0,0.3700369894504547
video07,BirdDrone-Local-FT,1373,1,1,0,0,0,0,0.7944860458374023
video07,BirdDrone-Local-FT,1374,1,1,0,0,0,0,0.8191487789154053
video07,BirdDrone-Local-FT,1375,1,1,0,0,0,0,0.8630399107933044
video07,BirdDrone-Local-FT,1376,1,1,0,0,0,0,0.9201345443725586
video07,BirdDrone-Local-FT,1377,1,1,0,0,0,0,0.916266143321991
video07,BirdDrone-Local-FT,1378,1,1,0,0,0,0,0.9217392802238464
video07,BirdDrone-Local-FT,1379,1,1,0,0,0,0,0.9203206896781921
video07,BirdDrone-Local-FT,1380,1,1,0,0,0,0,0.9178775548934937
video07,BirdDrone-Local-FT,1381,1,1,0,0,0,0,0.9337660670280457
video07,BirdDrone-Local-FT,1382,1,1,0,0,0,0,0.9273117780685425
video07,BirdDrone-Local-FT,1383,1,1,0,0,0,0,0.9334490895271301
video07,BirdDrone-Local-FT,1384,1,1,0,0,0,0,0.9348413348197937
video07,BirdDrone-Local-FT,1385,1,1,0,0,0,0,0.9374367594718933
video07,BirdDrone-Local-FT,1386,1,1,0,0,0,0,0.9027184844017029
video07,BirdDrone-Local-FT,1387,1,1,0,0,0,0,0.929391622543335
video07,BirdDrone-Local-FT,1388,1,1,0,0,0,0,0.9173967242240906
video07,BirdDrone-Local-FT,1389,1,1,0,0,0,0,0.9226391315460205
video07,BirdDrone-Local-FT,1390,2,2,0,0,1,0,0.8000602722167969
video07,BirdDrone-Local-FT,1391,1,1,0,0,0,0,0.9315907955169678
video07,BirdDrone-Local-FT,1392,1,1,0,0,0,0,0.9333423972129822
video07,BirdDrone-Local-FT,1393,1,1,0,0,0,0,0.9333112239837646
video07,BirdDrone-Local-FT,1394,1,1,0,0,0,0,0.9448332786560059
video07,BirdDrone-Local-FT,1395,1,1,0,0,0,0,0.9409467577934265
video07,BirdDrone-Local-FT,1396,1,1,0,0,0,0,0.47576063871383667
video07,BirdDrone-Local-FT,1397,1,1,0,0,0,0,0.9451069831848145
video07,BirdDrone-Local-FT,1398,1,1,0,0,0,0,0.9371594786643982
video07,BirdDrone-Local-FT,1399,1,1,0,0,0,0,0.943067729473114
video07,BirdDrone-Local-FT,1400,1,1,0,0,0,0,0.9343557953834534
video07,BirdDrone-Local-FT,1401,1,1,0,0,0,0,0.9379971623420715
video07,BirdDrone-Local-FT,1402,2,2,0,0,0,0,0.5604356527328491
video07,BirdDrone-Local-FT,1403,1,1,0,0,0,0,0.9385397434234619
video07,BirdDrone-Local-FT,1404,1,1,0,0,0,0,0.9399652481079102
video07,BirdDrone-Local-FT,1405,1,1,0,0,0,0,0.9321700930595398
video07,BirdDrone-Local-FT,1406,1,1,0,0,0,0,0.815108060836792
video07,BirdDrone-Local-FT,1407,1,1,0,0,0,0,0.9290565848350525
video07,BirdDrone-Local-FT,1408,1,1,0,0,0,0,0.9303268194198608
video07,BirdDrone-Local-FT,1409,1,1,0,0,0,0,0.9319226741790771
video07,BirdDrone-Local-FT,1410,1,1,0,0,0,0,0.9284303784370422
video07,BirdDrone-Local-FT,1411,1,1,0,0,0,0,0.9264726042747498
video07,BirdDrone-Local-FT,1412,1,1,0,0,0,0,0.9223093390464783
video07,BirdDrone-Local-FT,1413,1,1,0,0,0,0,0.9171549081802368
video07,BirdDrone-Local-FT,1414,1,1,0,0,0,0,0.9246821403503418
video07,BirdDrone-Local-FT,1415,1,1,0,0,0,0,0.9027857780456543
video07,BirdDrone-Local-FT,1416,1,1,0,0,0,0,0.928631603717804
video07,BirdDrone-Local-FT,1417,1,1,0,0,0,0,0.9213237762451172
video07,BirdDrone-Local-FT,1418,1,1,0,0,0,0,0.9269722700119019
video07,BirdDrone-Local-FT,1419,1,1,0,0,0,0,0.9031327962875366
video07,BirdDrone-Local-FT,1420,1,1,0,0,0,0,0.9065701961517334
video07,BirdDrone-Local-FT,1421,1,1,0,0,0,0,0.9195119142532349
video07,BirdDrone-Local-FT,1422,1,1,0,0,0,0,0.9064016938209534
video07,BirdDrone-Local-FT,1423,1,1,0,0,0,0,0.918030858039856
video07,BirdDrone-Local-FT,1424,1,1,0,0,0,0,0.914065420627594
video07,BirdDrone-Local-FT,1425,1,1,0,0,1,0,0.25412023067474365
video07,BirdDrone-Local-FT,1426,1,1,0,0,0,0,0.8932881355285645
video07,BirdDrone-Local-FT,1427,1,1,0,0,0,0,0.9222889542579651
video07,BirdDrone-Local-FT,1428,2,2,0,0,0,0,0.8757395148277283
video07,BirdDrone-Local-FT,1429,1,1,0,0,0,0,0.9205920696258545
video07,BirdDrone-Local-FT,1430,1,1,0,0,0,0,0.9223570823669434
video07,BirdDrone-Local-FT,1431,1,1,0,0,0,0,0.9158638119697571
video07,BirdDrone-Local-FT,1432,1,1,0,0,0,0,0.8516104221343994
video07,BirdDrone-Local-FT,1433,1,1,0,0,0,0,0.9199965000152588
video07,BirdDrone-Local-FT,1434,1,1,0,0,0,0,0.8662934303283691
video07,BirdDrone-Local-FT,1435,1,1,0,0,0,0,0.9222710132598877
video07,BirdDrone-Local-FT,1436,1,1,0,0,0,0,0.9205684065818787
video07,BirdDrone-Local-FT,1437,1,1,0,0,0,0,0.9263420701026917
video07,BirdDrone-Local-FT,1438,1,1,0,0,0,0,0.9278974533081055
video07,BirdDrone-Local-FT,1439,1,1,0,0,0,0,0.9247438907623291
video07,BirdDrone-Local-FT,1440,1,1,0,0,0,0,0.9249919056892395
video07,BirdDrone-Local-FT,1441,1,1,0,0,0,0,0.9153848886489868
video07,BirdDrone-Local-FT,1442,1,1,0,0,0,0,0.9250864386558533
video07,BirdDrone-Local-FT,1443,1,1,0,0,0,0,0.9281665682792664
video07,BirdDrone-Local-FT,1444,1,1,0,0,0,0,0.9195865988731384
video07,BirdDrone-Local-FT,1445,1,1,0,0,0,0,0.9275807738304138
video07,BirdDrone-Local-FT,1446,1,1,0,0,0,0,0.9249832034111023
video07,BirdDrone-Local-FT,1447,1,1,0,0,0,0,0.9263741374015808
video07,BirdDrone-Local-FT,1448,1,1,0,0,0,0,0.9111073017120361
video07,BirdDrone-Local-FT,1449,1,1,0,0,0,0,0.9155056476593018
video07,BirdDrone-Local-FT,1450,1,1,0,0,0,0,0.9054216146469116
video07,BirdDrone-Local-FT,1451,1,1,0,0,0,0,0.8171262741088867
video07,BirdDrone-Local-FT,1452,1,1,0,0,0,0,0.9107412099838257
video07,BirdDrone-Local-FT,1453,1,1,0,0,0,0,0.9003108739852905
video07,BirdDrone-Local-FT,1454,1,1,0,0,0,0,0.9115832448005676
video07,BirdDrone-Local-FT,1455,1,1,0,0,0,0,0.9064618349075317
video07,BirdDrone-Local-FT,1456,1,1,0,0,0,0,0.9136068224906921
video07,BirdDrone-Local-FT,1457,1,1,0,0,0,0,0.9203792214393616
video07,BirdDrone-Local-FT,1458,1,1,0,0,0,0,0.9187189936637878
video07,BirdDrone-Local-FT,1459,1,1,0,0,0,0,0.9177486300468445
video07,BirdDrone-Local-FT,1460,1,1,0,0,0,0,0.9007989168167114
video07,BirdDrone-Local-FT,1461,1,1,0,0,0,0,0.8928256630897522
video07,BirdDrone-Local-FT,1462,1,1,0,0,0,0,0.8962920308113098
video07,BirdDrone-Local-FT,1463,1,1,0,0,0,0,0.9073293209075928
video07,BirdDrone-Local-FT,1464,1,1,0,0,0,0,0.9201523065567017
video07,BirdDrone-Local-FT,1465,1,1,0,0,0,0,0.9294765591621399
video07,BirdDrone-Local-FT,1466,1,1,0,0,0,0,0.9211911559104919
video07,BirdDrone-Local-FT,1467,1,1,0,0,0,0,0.9306008219718933
video07,BirdDrone-Local-FT,1468,1,1,0,0,0,0,0.9204235076904297
video07,BirdDrone-Local-FT,1469,1,1,0,0,0,0,0.9196547865867615
video07,BirdDrone-Local-FT,1470,1,1,0,0,0,0,0.9254996180534363
video07,BirdDrone-Local-FT,1471,1,1,0,0,0,0,0.9216521978378296
video07,BirdDrone-Local-FT,1472,1,1,0,0,0,0,0.9246047735214233
video07,BirdDrone-Local-FT,1473,1,1,0,0,0,0,0.9158968925476074
video07,BirdDrone-Local-FT,1474,1,1,0,0,0,0,0.9146157503128052
video07,BirdDrone-Local-FT,1475,1,1,0,0,0,0,0.9264783263206482
video07,BirdDrone-Local-FT,1476,1,1,0,0,0,0,0.9101013541221619
video07,BirdDrone-Local-FT,1477,1,1,0,0,0,0,0.9220789670944214
video07,BirdDrone-Local-FT,1478,1,1,0,0,0,0,0.9125831127166748
video07,BirdDrone-Local-FT,1479,1,1,0,0,0,0,0.9229621291160583
video07,BirdDrone-Local-FT,1480,1,1,0,0,0,0,0.8937195539474487
video07,BirdDrone-Local-FT,1481,1,1,0,0,0,0,0.9231799840927124
video07,BirdDrone-Local-FT,1482,1,1,0,0,0,0,0.9082543253898621
video07,BirdDrone-Local-FT,1483,1,1,0,0,0,0,0.9163992404937744
video07,BirdDrone-Local-FT,1484,1,1,0,0,0,0,0.8973532319068909
video07,BirdDrone-Local-FT,1485,1,1,0,0,0,0,0.917180597782135
video07,BirdDrone-Local-FT,1486,1,1,0,0,0,0,0.9127552509307861
video07,BirdDrone-Local-FT,1487,1,1,0,0,0,0,0.9230040907859802
video07,BirdDrone-Local-FT,1488,1,1,0,0,0,0,0.9255520701408386
video07,BirdDrone-Local-FT,1489,1,1,0,0,0,0,0.9163262844085693
video07,BirdDrone-Local-FT,1490,1,1,0,0,0,0,0.9122284054756165
video07,BirdDrone-Local-FT,1491,2,2,0,0,1,0,0.6382744312286377
video07,BirdDrone-Local-FT,1492,1,1,0,0,0,0,0.8947861790657043
video07,BirdDrone-Local-FT,1493,2,2,0,0,0,0,0.9012645483016968
video07,BirdDrone-Local-FT,1494,1,1,0,0,0,0,0.8928176164627075
video07,BirdDrone-Local-FT,1495,1,1,0,0,0,0,0.8810051679611206
video07,BirdDrone-Local-FT,1496,1,1,0,0,0,0,0.8861632347106934
video07,BirdDrone-Local-FT,1497,1,1,0,0,0,0,0.8867375254631042
video07,BirdDrone-Local-FT,1498,1,1,0,0,0,0,0.9051619172096252
video07,BirdDrone-Local-FT,1499,1,1,0,0,0,0,0.9033793210983276
video07,BirdDrone-Local-FT,1500,1,1,0,0,0,0,0.8931025862693787
video07,BirdDrone-Local-FT,1501,1,1,0,0,0,0,0.9139386415481567
video07,BirdDrone-Local-FT,1502,1,1,0,0,0,0,0.9218937158584595
video07,BirdDrone-Local-FT,1503,1,1,0,0,0,0,0.9157110452651978
video07,BirdDrone-Local-FT,1504,1,1,0,0,0,0,0.9170418381690979
video07,BirdDrone-Local-FT,1505,1,1,0,0,0,0,0.9219653606414795
video07,BirdDrone-Local-FT,1506,1,1,0,0,0,0,0.9185225963592529
video07,BirdDrone-Local-FT,1507,1,1,0,0,0,0,0.9209233522415161
video07,BirdDrone-Local-FT,1508,1,1,0,0,0,0,0.9192376732826233
video07,BirdDrone-Local-FT,1509,1,1,0,0,0,0,0.9223216772079468
video07,BirdDrone-Local-FT,1510,1,1,0,0,0,0,0.922500729560852
video07,BirdDrone-Local-FT,1511,1,1,0,0,0,0,0.9178702235221863
video07,BirdDrone-Local-FT,1512,1,1,0,0,0,0,0.9137517213821411
video07,BirdDrone-Local-FT,1513,1,1,0,0,0,0,0.9134203791618347
video07,BirdDrone-Local-FT,1514,1,1,0,0,0,0,0.9069333076477051
video07,BirdDrone-Local-FT,1515,1,1,0,0,0,0,0.918247640132904
video07,BirdDrone-Local-FT,1516,1,1,0,0,0,0,0.9195569753646851
video07,BirdDrone-Local-FT,1517,1,1,0,0,0,0,0.9206878542900085
video07,BirdDrone-Local-FT,1518,1,1,0,0,0,0,0.9147831201553345
video07,BirdDrone-Local-FT,1519,1,1,0,0,0,0,0.9174796342849731
video07,BirdDrone-Local-FT,1520,1,1,0,0,0,0,0.9148041605949402
video07,BirdDrone-Local-FT,1521,1,1,0,0,0,0,0.9215319156646729
video07,BirdDrone-Local-FT,1522,1,1,0,0,0,0,0.9212533831596375
video07,BirdDrone-Local-FT,1523,1,1,0,0,0,0,0.9157556891441345
video07,BirdDrone-Local-FT,1524,1,1,0,0,0,0,0.9177767634391785
video07,BirdDrone-Local-FT,1525,1,1,0,0,0,0,0.9218301177024841
video07,BirdDrone-Local-FT,1526,1,1,0,0,0,0,0.9184460043907166
video07,BirdDrone-Local-FT,1527,1,1,0,0,0,0,0.9142813086509705
video07,BirdDrone-Local-FT,1528,1,1,0,0,0,0,0.9167858362197876
video07,BirdDrone-Local-FT,1529,1,1,0,0,0,0,0.9279381036758423
video07,BirdDrone-Local-FT,1530,1,1,0,0,0,0,0.9073057770729065
video07,BirdDrone-Local-FT,1531,1,1,0,0,0,0,0.8958325386047363
video07,BirdDrone-Local-FT,1532,1,1,0,0,0,0,0.9007622599601746
video07,BirdDrone-Local-FT,1533,1,1,0,0,0,0,0.8849000334739685
video07,BirdDrone-Local-FT,1534,1,1,0,0,0,0,0.8936455845832825
video07,BirdDrone-Local-FT,1535,2,2,0,0,0,0,0.8995840549468994
video07,BirdDrone-Local-FT,1536,1,1,0,0,0,0,0.9033409357070923
video07,BirdDrone-Local-FT,1537,1,1,0,0,0,0,0.8523845672607422
video07,BirdDrone-Local-FT,1538,1,1,0,0,0,0,0.8750374913215637
video07,BirdDrone-Local-FT,1539,1,1,0,0,0,0,0.8822724223136902
video07,BirdDrone-Local-FT,1540,1,1,0,0,0,0,0.8620450496673584
video07,BirdDrone-Local-FT,1541,1,1,0,0,0,0,0.8631590604782104
video07,BirdDrone-Local-FT,1542,1,1,0,0,0,0,0.9002512693405151
video07,BirdDrone-Local-FT,1543,1,1,0,0,0,0,0.9044365882873535
video07,BirdDrone-Local-FT,1544,1,1,0,0,0,0,0.6403622031211853
video07,BirdDrone-Local-FT,1545,1,1,0,0,0,0,0.9013051986694336
video07,BirdDrone-Local-FT,1546,1,1,0,0,0,0,0.911740779876709
video07,BirdDrone-Local-FT,1547,1,1,0,0,0,0,0.9187868237495422
video07,BirdDrone-Local-FT,1548,1,1,0,0,0,0,0.9156909584999084
video07,BirdDrone-Local-FT,1549,1,1,0,0,0,0,0.9243231415748596
video07,BirdDrone-Local-FT,1550,1,1,0,0,0,0,0.9068475961685181
video07,BirdDrone-Local-FT,1551,1,1,0,0,0,0,0.9159708023071289
video07,BirdDrone-Local-FT,1552,1,1,0,0,0,0,0.9275391101837158
video07,BirdDrone-Local-FT,1553,2,2,0,0,0,0,0.9258299469947815
video07,BirdDrone-Local-FT,1554,1,1,0,0,0,0,0.9280381202697754
video07,BirdDrone-Local-FT,1555,2,2,0,0,0,0,0.9239159226417542
video07,BirdDrone-Local-FT,1556,2,2,0,0,0,0,0.9220249652862549
video07,BirdDrone-Local-FT,1557,2,2,0,0,0,0,0.9274325370788574
video07,BirdDrone-Local-FT,1558,2,2,0,0,0,0,0.8962703943252563
video07,BirdDrone-Local-FT,1559,2,2,0,0,0,0,0.9244266748428345
video07,BirdDrone-Local-FT,1560,2,2,0,0,0,0,0.9241200089454651
video07,BirdDrone-Local-FT,1561,2,2,0,0,0,0,0.9120170474052429
video07,BirdDrone-Local-FT,1562,2,2,0,0,0,0,0.9138407111167908
video07,BirdDrone-Local-FT,1563,2,2,0,0,1,0,0.8927416205406189
video07,BirdDrone-Local-FT,1564,2,2,0,0,0,0,0.9104971885681152
video07,BirdDrone-Local-FT,1565,2,2,0,0,0,0,0.9099730253219604
video07,BirdDrone-Local-FT,1566,2,2,0,0,0,0,0.9178830981254578
video07,BirdDrone-Local-FT,1567,3,3,0,0,0,0,0.7776265740394592
video07,BirdDrone-Local-FT,1568,2,2,0,0,0,0,0.8829090595245361
video07,BirdDrone-Local-FT,1569,2,2,0,0,0,0,0.8783991932868958
video07,BirdDrone-Local-FT,1570,2,2,0,0,0,0,0.8981726169586182
video07,BirdDrone-Local-FT,1571,2,2,0,0,0,0,0.7894297242164612
video07,BirdDrone-Local-FT,1572,2,2,0,0,1,0,0.8280500173568726
video07,BirdDrone-Local-FT,1573,2,2,0,0,1,0,0.7646538019180298
video07,BirdDrone-Local-FT,1574,2,2,0,0,1,0,0.599339485168457
video07,BirdDrone-Local-FT,1575,2,2,0,0,0,0,0.8229480981826782
video07,BirdDrone-Local-FT,1576,2,2,0,0,0,0,0.645098090171814
video07,BirdDrone-Local-FT,1577,1,1,0,0,0,0,0.8344743251800537
video07,BirdDrone-Local-FT,1578,2,2,0,0,0,0,0.6756998300552368
video07,BirdDrone-Local-FT,1579,2,2,0,0,0,0,0.8295090198516846
video07,BirdDrone-Local-FT,1580,2,2,0,0,0,0,0.6809850931167603
video07,BirdDrone-Local-FT,1581,3,3,0,0,0,0,0.8317941427230835
video07,BirdDrone-Local-FT,1582,1,1,0,0,0,0,0.531100332736969
video07,BirdDrone-Local-FT,1583,2,2,0,0,0,0,0.6618321537971497
video07,BirdDrone-Local-FT,1584,2,2,0,0,0,0,0.8024768233299255
video07,BirdDrone-Local-FT,1585,2,2,0,0,0,0,0.7332963347434998
video07,BirdDrone-Local-FT,1586,2,2,0,0,0,0,0.8844240307807922
video07,BirdDrone-Local-FT,1587,3,3,0,0,0,0,0.8814257383346558
video07,BirdDrone-Local-FT,1588,2,2,0,0,0,0,0.8694241642951965
video07,BirdDrone-Local-FT,1589,2,2,0,0,0,0,0.8227835297584534
video07,BirdDrone-Local-FT,1590,2,2,0,0,0,0,0.8482161164283752
video07,BirdDrone-Local-FT,1591,2,2,0,0,0,0,0.8983088135719299
video07,BirdDrone-Local-FT,1592,2,2,0,0,0,0,0.9106775522232056
video07,BirdDrone-Local-FT,1593,2,2,0,0,0,0,0.9185177683830261
video07,BirdDrone-Local-FT,1594,2,2,0,0,0,0,0.915523111820221
video07,BirdDrone-Local-FT,1595,2,2,0,0,0,0,0.9098171591758728
video07,BirdDrone-Local-FT,1596,2,2,0,0,0,0,0.88521808385849
video07,BirdDrone-Local-FT,1597,2,2,0,0,0,0,0.8980081081390381
video07,BirdDrone-Local-FT,1598,2,2,0,0,0,0,0.9141647815704346
video07,BirdDrone-Local-FT,1599,2,2,0,0,0,0,0.9112588763237
video07,BirdDrone-Local-FT,1600,2,2,0,0,0,0,0.9107606410980225
video07,BirdDrone-Local-FT,1601,2,2,0,0,0,0,0.9110053181648254
video07,BirdDrone-Local-FT,1602,2,2,0,0,0,0,0.9168630242347717
video07,BirdDrone-Local-FT,1603,2,2,0,0,0,0,0.9110636115074158
video07,BirdDrone-Local-FT,1604,3,3,0,0,0,0,0.912945032119751
video07,BirdDrone-Local-FT,1605,2,2,0,0,0,0,0.90805584192276
video07,BirdDrone-Local-FT,1606,2,2,0,0,0,0,0.9101994037628174
video07,BirdDrone-Local-FT,1607,1,1,0,0,0,0,0.905968427658081
video07,BirdDrone-Local-FT,1608,2,2,0,0,0,0,0.9094539880752563
video07,BirdDrone-Local-FT,1609,3,3,0,0,0,0,0.8931742906570435
video07,BirdDrone-Local-FT,1610,3,3,0,0,0,0,0.8160733580589294
video07,BirdDrone-Local-FT,1611,2,2,0,0,1,0,0.9165846109390259
video07,BirdDrone-Local-FT,1612,2,2,0,0,0,0,0.9204508662223816
video07,BirdDrone-Local-FT,1613,2,2,0,0,0,0,0.915406346321106
video07,BirdDrone-Local-FT,1614,2,2,0,0,0,0,0.8991076946258545
video07,BirdDrone-Local-FT,1615,2,2,0,0,0,0,0.9092262983322144
video07,BirdDrone-Local-FT,1616,2,2,0,0,1,0,0.9165252447128296
video07,BirdDrone-Local-FT,1617,2,2,0,0,1,0,0.9117218852043152
video07,BirdDrone-Local-FT,1618,2,2,0,0,0,0,0.9123725891113281
video07,BirdDrone-Local-FT,1619,2,2,0,0,0,0,0.8747890591621399
video07,BirdDrone-Local-FT,1620,2,2,0,0,0,0,0.9051259756088257
video07,BirdDrone-Local-FT,1621,2,2,0,0,0,0,0.918140172958374
video07,BirdDrone-Local-FT,1622,2,2,0,0,0,0,0.8959037065505981
video07,BirdDrone-Local-FT,1623,2,2,0,0,0,0,0.9123042225837708
video07,BirdDrone-Local-FT,1624,2,2,0,0,0,0,0.9175692200660706
video07,BirdDrone-Local-FT,1625,2,2,0,0,0,0,0.9135061502456665
video07,BirdDrone-Local-FT,1626,2,2,0,0,0,0,0.9163878560066223
video07,BirdDrone-Local-FT,1627,2,2,0,0,0,0,0.9072540402412415
video07,BirdDrone-Local-FT,1628,2,2,0,0,0,0,0.8843680024147034
video07,BirdDrone-Local-FT,1629,2,2,0,0,0,0,0.8350009918212891
video07,BirdDrone-Local-FT,1630,2,2,0,0,0,0,0.7947951555252075
video07,BirdDrone-Local-FT,1631,2,2,0,0,0,0,0.8846588730812073
video07,BirdDrone-Local-FT,1632,2,2,0,0,0,0,0.9245142936706543
video07,BirdDrone-Local-FT,1633,2,2,0,0,0,0,0.9191493988037109
video07,BirdDrone-Local-FT,1634,2,2,0,0,0,0,0.9227692484855652
video07,BirdDrone-Local-FT,1635,3,3,0,0,0,0,0.918393075466156
video07,BirdDrone-Local-FT,1636,2,2,0,0,0,0,0.9160155057907104
video07,BirdDrone-Local-FT,1637,2,2,0,0,1,0,0.44861486554145813
video07,BirdDrone-Local-FT,1638,2,2,0,0,0,0,0.909375786781311
video07,BirdDrone-Local-FT,1639,2,2,0,0,0,0,0.727422297000885
video07,BirdDrone-Local-FT,1640,2,2,0,0,0,0,0.9146758913993835
video07,BirdDrone-Local-FT,1641,2,2,0,0,0,0,0.9255082607269287
video07,BirdDrone-Local-FT,1642,2,2,0,0,0,0,0.9225288033485413
video07,BirdDrone-Local-FT,1643,2,2,0,0,0,0,0.9160267114639282
video07,BirdDrone-Local-FT,1644,2,2,0,0,0,0,0.8937827944755554
video07,BirdDrone-Local-FT,1645,2,2,0,0,0,0,0.9092471599578857
video07,BirdDrone-Local-FT,1646,2,2,0,0,0,0,0.9223055839538574
video07,BirdDrone-Local-FT,1647,1,1,0,0,0,0,0.9223555326461792
video07,BirdDrone-Local-FT,1648,2,2,0,0,0,0,0.8949401378631592
video07,BirdDrone-Local-FT,1649,2,2,0,0,0,0,0.9036567807197571
video07,BirdDrone-Local-FT,1650,2,2,0,0,0,0,0.922591507434845
video07,BirdDrone-Local-FT,1651,2,2,0,0,0,0,0.6444989442825317
video07,BirdDrone-Local-FT,1652,2,2,0,0,0,0,0.8165038824081421
video07,BirdDrone-Local-FT,1653,2,2,0,0,0,0,0.8969185948371887
video07,BirdDrone-Local-FT,1654,2,2,0,0,0,0,0.920879602432251
video07,BirdDrone-Local-FT,1655,2,2,0,0,0,0,0.9225499033927917
video07,BirdDrone-Local-FT,1656,2,2,0,0,0,0,0.9192444086074829
video07,BirdDrone-Local-FT,1657,2,2,0,0,0,0,0.9054334163665771
video07,BirdDrone-Local-FT,1658,2,2,0,0,0,0,0.8939223289489746
video07,BirdDrone-Local-FT,1659,2,2,0,0,0,0,0.9109320044517517
video07,BirdDrone-Local-FT,1660,2,2,0,0,0,0,0.9234938621520996
video07,BirdDrone-Local-FT,1661,2,2,0,0,0,0,0.9156412482261658
video07,BirdDrone-Local-FT,1662,2,2,0,0,0,0,0.913850724697113
video07,BirdDrone-Local-FT,1663,2,2,0,0,0,0,0.9278329014778137
video07,BirdDrone-Local-FT,1664,1,1,0,0,0,0,0.8764417171478271
video07,BirdDrone-Local-FT,1665,1,1,0,0,0,0,0.8955506682395935
video07,BirdDrone-Local-FT,1666,1,1,0,0,0,0,0.9007201194763184
video07,BirdDrone-Local-FT,1667,1,1,0,0,0,0,0.9059424996376038
video07,BirdDrone-Local-FT,1668,1,1,0,0,0,0,0.9159656763076782
video07,BirdDrone-Local-FT,1669,1,1,0,0,0,0,0.915458083152771
video07,BirdDrone-Local-FT,1670,1,1,0,0,0,0,0.9114203453063965
video07,BirdDrone-Local-FT,1671,1,1,0,0,0,0,0.9084411263465881
video07,BirdDrone-Local-FT,1672,1,1,0,0,0,0,0.9178571701049805
video07,BirdDrone-Local-FT,1673,1,1,0,0,0,0,0.9119819402694702
video07,BirdDrone-Local-FT,1674,1,1,0,0,0,0,0.9165596961975098
video07,BirdDrone-Local-FT,1675,1,1,0,0,0,0,0.8139438033103943
video07,BirdDrone-Local-FT,1676,1,1,0,0,0,0,0.9195474982261658
video07,BirdDrone-Local-FT,1677,1,1,0,0,0,0,0.8926178812980652
video07,BirdDrone-Local-FT,1678,1,1,0,0,0,0,0.9120758771896362
video07,BirdDrone-Local-FT,1679,1,1,0,0,0,0,0.8458847999572754
video07,BirdDrone-Local-FT,1680,1,1,0,0,0,0,0.7688452005386353
video07,BirdDrone-Local-FT,1681,1,1,0,0,0,0,0.39631226658821106
video07,BirdDrone-Local-FT,1682,0,0,0,0,0,0,0.0
video07,BirdDrone-Local-FT,1683,0,0,0,0,0,0,0.0
video07,BirdDrone-Local-FT,1684,0,0,0,0,0,0,0.0
video07,BirdDrone-Local-FT,1685,0,0,0,0,0,0,0.0
video07,BirdDrone-Local-FT,1686,0,0,0,0,0,0,0.0
video07,BirdDrone-Local-FT,1687,0,0,0,0,0,0,0.0
video07,BirdDrone-Local-FT,1688,0,0,0,0,0,0,0.0
video07,BirdDrone-Local-FT,1689,0,0,0,0,0,0,0.0
video07,BirdDrone-Local-FT,1690,0,0,0,0,0,0,0.0
video07,BirdDrone-Local-FT,1691,0,0,0,0,0,0,0.0
video07,BirdDrone-Local-FT,1692,0,0,0,0,0,0,0.0
video07,BirdDrone-Local-FT,1693,0,0,0,0,0,0,0.0
video07,BirdDrone-Local-FT,1694,0,0,0,0,0,0,0.0
video07,BirdDrone-Local-FT,1695,0,0,0,0,0,0,0.0
video07,BirdDrone-Local-FT,1696,0,0,0,0,0,0,0.0
video07,BirdDrone-Local-FT,1697,1,1,0,0,1,0,0.2970261871814728
video07,BirdDrone-Local-FT,1698,0,0,0,0,0,0,0.0
video07,BirdDrone-Local-FT,1699,0,0,0,0,0,0,0.0
video07,BirdDrone-Local-FT,1700,0,0,0,0,0,0,0.0
video07,BirdDrone-Local-FT,1701,0,0,0,0,0,0,0.0
video07,BirdDrone-Local-FT,1702,0,0,0,0,0,0,0.0
video07,BirdDrone-Local-FT,1703,0,0,0,0,0,0,0.0
video07,BirdDrone-Local-FT,1704,0,0,0,0,0,0,0.0
video07,BirdDrone-Local-FT,1705,0,0,0,0,0,0,0.0
video07,BirdDrone-Local-FT,1706,0,0,0,0,0,0,0.0
video07,BirdDrone-Local-FT,1707,0,0,0,0,0,0,0.0
video07,BirdDrone-Local-FT,1708,0,0,0,0,0,0,0.0
video07,BirdDrone-Local-FT,1709,0,0,0,0,0,0,0.0
video07,BirdDrone-Local-FT,1710,0,0,0,0,0,0,0.0
video07,BirdDrone-Local-FT,1711,0,0,0,0,0,0,0.0
video07,BirdDrone-Local-FT,1712,0,0,0,0,0,0,0.0
video07,BirdDrone-Local-FT,1713,0,0,0,0,0,0,0.0
video07,BirdDrone-Local-FT,1714,0,0,0,0,0,0,0.0
video07,BirdDrone-Local-FT,1715,0,0,0,0,0,0,0.0
video07,BirdDrone-Local-FT,1716,0,0,0,0,0,0,0.0
video07,BirdDrone-Local-FT,1717,0,0,0,0,0,0,0.0
video07,BirdDrone-Local-FT,1718,0,0,0,0,0,0,0.0
video07,BirdDrone-Local-FT,1719,0,0,0,0,0,0,0.0
video07,BirdDrone-Local-FT,1720,0,0,0,0,0,0,0.0
video07,BirdDrone-Local-FT,1721,0,0,0,0,0,0,0.0
video07,BirdDrone-Local-FT,1722,0,0,0,0,0,0,0.0
video07,BirdDrone-Local-FT,1723,0,0,0,0,0,0,0.0
video07,BirdDrone-Local-FT,1724,0,0,0,0,0,0,0.0
video07,BirdDrone-Local-FT,1725,0,0,0,0,0,0,0.0
video07,BirdDrone-Local-FT,1726,0,0,0,0,0,0,0.0
video07,BirdDrone-Local-FT,1727,0,0,0,0,0,0,0.0
video07,BirdDrone-Local-FT,1728,0,0,0,0,0,0,0.0
video07,BirdDrone-Local-FT,1729,0,0,0,0,0,0,0.0
video07,BirdDrone-Local-FT,1730,0,0,0,0,0,0,0.0
video07,BirdDrone-Local-FT,1731,0,0,0,0,0,0,0.0
video07,BirdDrone-Local-FT,1732,0,0,0,0,0,0,0.0
video07,BirdDrone-Local-FT,1733,0,0,0,0,0,0,0.0
video07,BirdDrone-Local-FT,1734,0,0,0,0,0,0,0.0
video07,BirdDrone-Local-FT,1735,0,0,0,0,0,0,0.0
video07,BirdDrone-Local-FT,1736,0,0,0,0,0,0,0.0
video07,BirdDrone-Local-FT,1737,0,0,0,0,0,0,0.0
video07,BirdDrone-Local-FT,1738,0,0,0,0,0,0,0.0
video07,BirdDrone-Local-FT,1739,0,0,0,0,0,0,0.0
video07,BirdDrone-Local-FT,1740,0,0,0,0,0,0,0.0
video07,BirdDrone-Local-FT,1741,0,0,0,0,0,0,0.0
video07,BirdDrone-Local-FT,1742,0,0,0,0,0,0,0.0
video07,BirdDrone-Local-FT,1743,0,0,0,0,0,0,0.0
video07,BirdDrone-Local-FT,1744,0,0,0,0,0,0,0.0
video07,BirdDrone-Local-FT,1745,0,0,0,0,0,0,0.0
video07,BirdDrone-Local-FT,1746,0,0,0,0,0,0,0.0
video07,BirdDrone-Local-FT,1747,0,0,0,0,0,0,0.0
video07,BirdDrone-Local-FT,1748,0,0,0,0,0,0,0.0
video07,BirdDrone-Local-FT,1749,0,0,0,0,0,0,0.0
video07,BirdDrone-Local-FT,1750,0,0,0,0,0,0,0.0
video07,BirdDrone-Local-FT,1751,0,0,0,0,0,0,0.0
video07,BirdDrone-Local-FT,1752,0,0,0,0,0,0,0.0
video07,BirdDrone-Local-FT,1753,0,0,0,0,0,0,0.0
video07,BirdDrone-Local-FT,1754,0,0,0,0,0,0,0.0
video07,BirdDrone-Local-FT,1755,0,0,0,0,0,0,0.0
video07,BirdDrone-Local-FT,1756,0,0,0,0,0,0,0.0
video07,BirdDrone-Local-FT,1757,0,0,0,0,0,0,0.0
video07,BirdDrone-Local-FT,1758,0,0,0,0,0,0,0.0
video07,BirdDrone-Local-FT,1759,0,0,0,0,0,0,0.0
video07,BirdDrone-Local-FT,1760,0,0,0,0,0,0,0.0
video07,BirdDrone-Local-FT,1761,0,0,0,0,0,0,0.0
video07,BirdDrone-Local-FT,1762,0,0,0,0,0,0,0.0
video07,BirdDrone-Local-FT,1763,0,0,0,0,0,0,0.0
video07,BirdDrone-Local-FT,1764,0,0,0,0,0,0,0.0
video07,BirdDrone-Local-FT,1765,0,0,0,0,0,0,0.0
video07,BirdDrone-Local-FT,1766,0,0,0,0,0,0,0.0
video07,BirdDrone-Local-FT,1767,0,0,0,0,0,0,0.0
video07,BirdDrone-Local-FT,1768,0,0,0,0,0,0,0.0
video07,BirdDrone-Local-FT,1769,0,0,0,0,0,0,0.0
video07,BirdDrone-Local-FT,1770,0,0,0,0,0,0,0.0
video07,BirdDrone-Local-FT,1771,0,0,0,0,0,0,0.0
video07,BirdDrone-Local-FT,1772,0,0,0,0,0,0,0.0
video07,BirdDrone-Local-FT,1773,1,1,0,0,1,0,0.2936466336250305
video07,BirdDrone-Local-FT,1774,2,2,0,0,1,0,0.45067501068115234
video07,BirdDrone-Local-FT,1775,2,2,0,0,2,0,0.29899606108665466
video07,BirdDrone-Local-FT,1776,2,2,0,0,2,0,0.30197128653526306
video07,BirdDrone-Local-FT,1777,1,1,0,0,1,0,0.25249597430229187
video07,BirdDrone-Local-FT,1778,1,1,0,0,1,0,0.2824254333972931
video07,BirdDrone-Local-FT,1779,0,0,0,0,0,0,0.0
video07,BirdDrone-Local-FT,1780,0,0,0,0,0,0,0.0
video07,BirdDrone-Local-FT,1781,0,0,0,0,0,0,0.0
video07,BirdDrone-Local-FT,1782,1,1,0,0,1,0,0.2548407018184662
video07,BirdDrone-Local-FT,1783,1,1,0,0,1,0,0.3003278970718384
video07,BirdDrone-Local-FT,1784,2,2,0,0,1,0,0.4931144118309021
video07,BirdDrone-Local-FT,1785,2,2,0,0,1,0,0.3854611814022064
video07,BirdDrone-Local-FT,1786,1,1,0,0,0,0,0.8016448616981506
video07,BirdDrone-Local-FT,1787,1,1,0,0,0,0,0.8568894267082214
video07,BirdDrone-Local-FT,1788,1,1,0,0,0,0,0.8867352604866028
video07,BirdDrone-Local-FT,1789,1,1,0,0,0,0,0.917007327079773
video07,BirdDrone-Local-FT,1790,1,1,0,0,0,0,0.9150279760360718
video07,BirdDrone-Local-FT,1791,1,1,0,0,0,0,0.9134699106216431
video07,BirdDrone-Local-FT,1792,1,1,0,0,0,0,0.8999418616294861
video07,BirdDrone-Local-FT,1793,1,1,0,0,0,0,0.9189040660858154
video07,BirdDrone-Local-FT,1794,1,1,0,0,0,0,0.9275714159011841
video07,BirdDrone-Local-FT,1795,1,1,0,0,0,0,0.9224004745483398
video07,BirdDrone-Local-FT,1796,1,1,0,0,0,0,0.9262831211090088
video07,BirdDrone-Local-FT,1797,1,1,0,0,0,0,0.9153577089309692
video07,BirdDrone-Local-FT,1798,1,1,0,0,0,0,0.9258538484573364
video07,BirdDrone-Local-FT,1799,2,2,0,0,1,0,0.8382368087768555
video07,BirdDrone-Local-FT,1800,1,1,0,0,0,0,0.9244247078895569
video07,BirdDrone-Local-FT,1801,1,1,0,0,0,0,0.9295827746391296
video07,BirdDrone-Local-FT,1802,1,1,0,0,0,0,0.9318970441818237
video07,BirdDrone-Local-FT,1803,1,1,0,0,0,0,0.9383540153503418
video07,BirdDrone-Local-FT,1804,1,1,0,0,0,0,0.9315964579582214
video07,BirdDrone-Local-FT,1805,1,1,0,0,0,0,0.9251482486724854
video07,BirdDrone-Local-FT,1806,1,1,0,0,0,0,0.9355706572532654
video07,BirdDrone-Local-FT,1807,2,2,0,0,1,0,0.8380418419837952
video07,BirdDrone-Local-FT,1808,1,1,0,0,0,0,0.9262039661407471
video07,BirdDrone-Local-FT,1809,1,1,0,0,0,0,0.9247713088989258
video07,BirdDrone-Local-FT,1810,1,1,0,0,0,0,0.885195255279541
video07,BirdDrone-Local-FT,1811,1,1,0,0,0,0,0.9354864358901978
video07,BirdDrone-Local-FT,1812,1,1,0,0,0,0,0.9294270277023315
video07,BirdDrone-Local-FT,1813,1,1,0,0,0,0,0.932928204536438
video07,BirdDrone-Local-FT,1814,1,1,0,0,0,0,0.9406672120094299
video07,BirdDrone-Local-FT,1815,1,1,0,0,0,0,0.9322722554206848
video07,BirdDrone-Local-FT,1816,1,1,0,0,0,0,0.9293365478515625
video07,BirdDrone-Local-FT,1817,1,1,0,0,0,0,0.9022308588027954
video07,BirdDrone-Local-FT,1818,1,1,0,0,0,0,0.8560797572135925
video07,BirdDrone-Local-FT,1819,1,1,0,0,0,0,0.6335296034812927
video07,BirdDrone-Local-FT,1820,1,1,0,0,0,0,0.5995534658432007
video07,BirdDrone-Local-FT,1821,1,1,0,0,0,0,0.9422027468681335
video07,BirdDrone-Local-FT,1822,1,1,0,0,0,0,0.9340496063232422
video07,BirdDrone-Local-FT,1823,1,1,0,0,0,0,0.9377740025520325
video07,BirdDrone-Local-FT,1824,1,1,0,0,0,0,0.9411046504974365
video07,BirdDrone-Local-FT,1825,1,1,0,0,0,0,0.9387945532798767
video07,BirdDrone-Local-FT,1826,1,1,0,0,0,0,0.9324774146080017
video07,BirdDrone-Local-FT,1827,1,1,0,0,0,0,0.9344055652618408
video07,BirdDrone-Local-FT,1828,1,1,0,0,0,0,0.939667284488678
video07,BirdDrone-Local-FT,1829,1,1,0,0,0,0,0.9292831420898438
video07,BirdDrone-Local-FT,1830,1,1,0,0,0,0,0.9399821162223816
video07,BirdDrone-Local-FT,1831,1,1,0,0,0,0,0.9386928677558899
video07,BirdDrone-Local-FT,1832,1,1,0,0,0,0,0.9357849359512329
video07,BirdDrone-Local-FT,1833,1,1,0,0,0,0,0.9366781711578369
video07,BirdDrone-Local-FT,1834,1,1,0,0,0,0,0.9171585440635681
video07,BirdDrone-Local-FT,1835,1,1,0,0,0,0,0.9287470579147339
video07,BirdDrone-Local-FT,1836,1,1,0,0,0,0,0.9256207942962646
video07,BirdDrone-Local-FT,1837,1,1,0,0,0,0,0.9257630109786987
video07,BirdDrone-Local-FT,1838,1,1,0,0,0,0,0.9269832372665405
video07,BirdDrone-Local-FT,1839,1,1,0,0,0,0,0.924488365650177
video07,BirdDrone-Local-FT,1840,1,1,0,0,0,0,0.9294518828392029
video07,BirdDrone-Local-FT,1841,1,1,0,0,0,0,0.9344080686569214
video07,BirdDrone-Local-FT,1842,1,1,0,0,0,0,0.9224600195884705
video07,BirdDrone-Local-FT,1843,1,1,0,0,0,0,0.9275328516960144
video07,BirdDrone-Local-FT,1844,1,1,0,0,0,0,0.9202096462249756
video07,BirdDrone-Local-FT,1845,1,1,0,0,0,0,0.912969172000885
video07,BirdDrone-Local-FT,1846,1,1,0,0,0,0,0.9255872964859009
video07,BirdDrone-Local-FT,1847,1,1,0,0,0,0,0.9332730174064636
video07,BirdDrone-Local-FT,1848,1,1,0,0,0,0,0.9330013990402222
video07,BirdDrone-Local-FT,1849,1,1,0,0,0,0,0.9410942196846008
video07,BirdDrone-Local-FT,1850,1,1,0,0,0,0,0.9259445071220398
video07,BirdDrone-Local-FT,1851,1,1,0,0,0,0,0.9456328749656677
video07,BirdDrone-Local-FT,1852,1,1,0,0,0,0,0.9411764740943909
video07,BirdDrone-Local-FT,1853,1,1,0,0,0,0,0.9361762404441833
video07,BirdDrone-Local-FT,1854,1,1,0,0,0,0,0.9418178796768188
video07,BirdDrone-Local-FT,1855,1,1,0,0,0,0,0.9159227609634399
video07,BirdDrone-Local-FT,1856,2,2,0,0,1,0,0.6874675154685974
video07,BirdDrone-Local-FT,1857,1,1,0,0,0,0,0.9278209209442139
video07,BirdDrone-Local-FT,1858,2,2,0,0,0,0,0.665344774723053
video07,BirdDrone-Local-FT,1859,1,1,0,0,0,0,0.9236684441566467
video07,BirdDrone-Local-FT,1860,1,1,0,0,0,0,0.9223888516426086
video07,BirdDrone-Local-FT,1861,1,1,0,0,0,0,0.9303734302520752
video07,BirdDrone-Local-FT,1862,1,1,0,0,0,0,0.9212629795074463
video07,BirdDrone-Local-FT,1863,1,1,0,0,0,0,0.919975996017456
video07,BirdDrone-Local-FT,1864,1,1,0,0,0,0,0.9209372997283936
video07,BirdDrone-Local-FT,1865,1,1,0,0,0,0,0.9148598313331604
video07,BirdDrone-Local-FT,1866,1,1,0,0,0,0,0.9190753102302551
video07,BirdDrone-Local-FT,1867,1,1,0,0,0,0,0.9136737585067749
video07,BirdDrone-Local-FT,1868,1,1,0,0,0,0,0.9245629906654358
video07,BirdDrone-Local-FT,1869,1,1,0,0,0,0,0.9201534986495972
video07,BirdDrone-Local-FT,1870,1,1,0,0,0,0,0.9120446443557739
video07,BirdDrone-Local-FT,1871,1,1,0,0,0,0,0.9179111123085022
video07,BirdDrone-Local-FT,1872,1,1,0,0,0,0,0.9145122766494751
video07,BirdDrone-Local-FT,1873,1,1,0,0,0,0,0.9206109642982483
video07,BirdDrone-Local-FT,1874,1,1,0,0,0,0,0.9231569170951843
video07,BirdDrone-Local-FT,1875,1,1,0,0,0,0,0.9198328852653503
video07,BirdDrone-Local-FT,1876,1,1,0,0,0,0,0.9318850040435791
video07,BirdDrone-Local-FT,1877,1,1,0,0,0,0,0.9424457550048828
video07,BirdDrone-Local-FT,1878,1,1,0,0,0,0,0.9406342506408691
video07,BirdDrone-Local-FT,1879,1,1,0,0,0,0,0.9446508288383484
video07,BirdDrone-Local-FT,1880,1,1,0,0,0,0,0.9425448775291443
video07,BirdDrone-Local-FT,1881,1,1,0,0,0,0,0.9331366419792175
video07,BirdDrone-Local-FT,1882,1,1,0,0,0,0,0.5797854661941528
video07,BirdDrone-Local-FT,1883,1,1,0,0,0,0,0.9206449389457703
video07,BirdDrone-Local-FT,1884,1,1,0,0,0,0,0.9323495626449585
video07,BirdDrone-Local-FT,1885,1,1,0,0,0,0,0.9183779358863831
video07,BirdDrone-Local-FT,1886,1,1,0,0,0,0,0.9164503216743469
video07,BirdDrone-Local-FT,1887,1,1,0,0,0,0,0.9132035970687866
video07,BirdDrone-Local-FT,1888,1,1,0,0,0,0,0.9114294648170471
video07,BirdDrone-Local-FT,1889,1,1,0,0,0,0,0.911125123500824
video07,BirdDrone-Local-FT,1890,1,1,0,0,0,0,0.9168847799301147
video07,BirdDrone-Local-FT,1891,1,1,0,0,0,0,0.9101113080978394
video07,BirdDrone-Local-FT,1892,1,1,0,0,0,0,0.9374820590019226
video07,BirdDrone-Local-FT,1893,1,1,0,0,0,0,0.9155357480049133
video07,BirdDrone-Local-FT,1894,1,1,0,0,0,0,0.9313338994979858
video07,BirdDrone-Local-FT,1895,1,1,0,0,0,0,0.9079338908195496
video07,BirdDrone-Local-FT,1896,1,1,0,0,0,0,0.9384432435035706
video07,BirdDrone-Local-FT,1897,2,2,0,0,1,0,0.8740211725234985
video07,BirdDrone-Local-FT,1898,1,1,0,0,0,0,0.9444973468780518
video07,BirdDrone-Local-FT,1899,1,1,0,0,0,0,0.7246478796005249
video07,BirdDrone-Local-FT,1900,1,1,0,0,0,0,0.8953429460525513
video07,BirdDrone-Local-FT,1901,1,1,0,0,0,0,0.7698097825050354
video07,BirdDrone-Local-FT,1902,1,1,0,0,0,0,0.9376562237739563
video07,BirdDrone-Local-FT,1903,1,1,0,0,0,0,0.8609829545021057
video07,BirdDrone-Local-FT,1904,1,1,0,0,0,0,0.930884063243866
video07,BirdDrone-Local-FT,1905,2,2,0,0,1,0,0.8158125281333923
video07,BirdDrone-Local-FT,1906,1,1,0,0,0,0,0.898080587387085
video07,BirdDrone-Local-FT,1907,1,1,0,0,0,0,0.3985719382762909
video07,BirdDrone-Local-FT,1908,1,1,0,0,0,0,0.8474718928337097
video07,BirdDrone-Local-FT,1909,1,1,0,0,0,0,0.4588490128517151
video07,BirdDrone-Local-FT,1910,2,2,0,0,1,0,0.5757965445518494
video07,BirdDrone-Local-FT,1911,1,1,0,0,0,0,0.8676851391792297
video07,BirdDrone-Local-FT,1912,2,2,0,0,1,0,0.8500431180000305
video07,BirdDrone-Local-FT,1913,1,1,0,0,0,0,0.9044017791748047
video07,BirdDrone-Local-FT,1914,1,1,0,0,0,0,0.9114507436752319
video07,BirdDrone-Local-FT,1915,3,3,0,0,1,0,0.6966395378112793
video07,BirdDrone-Local-FT,1916,1,1,0,0,0,0,0.8801748156547546
video07,BirdDrone-Local-FT,1917,1,1,0,0,0,0,0.8502744436264038
video07,BirdDrone-Local-FT,1918,2,2,0,0,1,0,0.5928261280059814
video07,BirdDrone-Local-FT,1919,1,1,0,0,0,0,0.7898199558258057
video07,BirdDrone-Local-FT,1920,2,2,0,0,0,0,0.7342533469200134
video07,BirdDrone-Local-FT,1921,1,1,0,0,0,0,0.9160407185554504
video07,BirdDrone-Local-FT,1922,2,2,0,0,0,0,0.7480350136756897
video07,BirdDrone-Local-FT,1923,1,1,0,0,0,0,0.9006680846214294
video07,BirdDrone-Local-FT,1924,1,1,0,0,0,0,0.6645687818527222
video07,BirdDrone-Local-FT,1925,1,1,0,0,0,0,0.8245907425880432
video07,BirdDrone-Local-FT,1926,1,1,0,0,0,0,0.8068816065788269
video07,BirdDrone-Local-FT,1927,0,0,0,0,0,0,0.0
video07,BirdDrone-Local-FT,1928,2,2,0,0,1,0,0.7991905212402344
video07,BirdDrone-Local-FT,1929,1,1,0,0,0,0,0.4832985997200012
video07,BirdDrone-Local-FT,1930,1,1,0,0,0,0,0.7792360782623291
video07,BirdDrone-Local-FT,1931,1,1,0,0,0,0,0.7798780202865601
video07,BirdDrone-Local-FT,1932,2,2,0,0,1,0,0.6399132013320923
video07,BirdDrone-Local-FT,1933,1,1,0,0,0,0,0.8604306578636169
video07,BirdDrone-Local-FT,1934,1,1,0,0,0,0,0.7049343585968018
video07,BirdDrone-Local-FT,1935,2,2,0,0,0,0,0.6430891752243042
video07,BirdDrone-Local-FT,1936,1,1,0,0,0,0,0.8293598890304565
video07,BirdDrone-Local-FT,1937,2,2,0,0,0,0,0.7779730558395386
video07,BirdDrone-Local-FT,1938,1,1,0,0,0,0,0.8359795212745667
video07,BirdDrone-Local-FT,1939,2,2,0,0,0,0,0.6940038204193115
video07,BirdDrone-Local-FT,1940,2,2,0,0,0,0,0.7619606256484985
video07,BirdDrone-Local-FT,1941,1,1,0,0,0,0,0.6203676462173462
video07,BirdDrone-Local-FT,1942,2,2,0,0,1,0,0.7615713477134705
video07,BirdDrone-Local-FT,1943,1,1,0,0,0,0,0.5217824578285217
video07,BirdDrone-Local-FT,1944,2,2,0,0,1,0,0.4300117790699005
video07,BirdDrone-Local-FT,1945,1,1,0,0,0,0,0.6338459849357605
video07,BirdDrone-Local-FT,1946,2,2,0,0,0,0,0.8364191055297852
video07,BirdDrone-Local-FT,1947,2,2,0,0,1,0,0.6590636968612671
video07,BirdDrone-Local-FT,1948,1,1,0,0,0,0,0.5981923341751099
video07,BirdDrone-Local-FT,1949,1,1,0,0,0,0,0.6904710531234741
video07,BirdDrone-Local-FT,1950,0,0,0,0,0,0,0.0
video07,BirdDrone-Local-FT,1951,1,1,0,0,0,0,0.8201590180397034
video07,BirdDrone-Local-FT,1952,1,1,0,0,0,0,0.6952831149101257
video07,BirdDrone-Local-FT,1953,2,2,0,0,1,0,0.3759380280971527
video07,BirdDrone-Local-FT,1954,1,1,0,0,0,0,0.3989309072494507
video07,BirdDrone-Local-FT,1955,1,1,0,0,0,0,0.4015372693538666
video07,BirdDrone-Local-FT,1956,1,1,0,0,0,0,0.8793330788612366
video07,BirdDrone-Local-FT,1957,2,2,0,0,0,0,0.5126214623451233
video07,BirdDrone-Local-FT,1958,2,2,0,0,0,0,0.5123602151870728
video07,BirdDrone-Local-FT,1959,1,1,0,0,0,0,0.6617320775985718
video07,BirdDrone-Local-FT,1960,1,1,0,0,0,0,0.6335486769676208
video07,BirdDrone-Local-FT,1961,1,1,0,0,0,0,0.6333396434783936
video07,BirdDrone-Local-FT,1962,2,2,0,0,0,0,0.6451452374458313
video07,BirdDrone-Local-FT,1963,1,1,0,0,0,0,0.679774820804596
video07,BirdDrone-Local-FT,1964,1,1,0,0,0,0,0.6871529221534729
video07,BirdDrone-Local-FT,1965,2,2,0,0,2,0,0.3326270282268524
video07,BirdDrone-Local-FT,1966,1,1,0,0,0,0,0.714181661605835
video07,BirdDrone-Local-FT,1967,1,1,0,0,0,0,0.7150635123252869
video07,BirdDrone-Local-FT,1968,2,2,0,0,0,0,0.6795287132263184
video07,BirdDrone-Local-FT,1969,2,2,0,0,0,0,0.5771993398666382
video07,BirdDrone-Local-FT,1970,2,2,0,0,0,0,0.8186246156692505
video07,BirdDrone-Local-FT,1971,2,2,0,0,0,0,0.8184870481491089
video07,BirdDrone-Local-FT,1972,2,2,0,0,0,0,0.8256531357765198
video07,BirdDrone-Local-FT,1973,0,0,0,0,0,0,0.0
video07,BirdDrone-Local-FT,1974,0,0,0,0,0,0,0.0
video07,BirdDrone-Local-FT,1975,0,0,0,0,0,0,0.0
video07,BirdDrone-Local-FT,1976,0,0,0,0,0,0,0.0
video07,BirdDrone-Local-FT,1977,0,0,0,0,0,0,0.0
video07,BirdDrone-Local-FT,1978,0,0,0,0,0,0,0.0
video07,BirdDrone-Local-FT,1979,0,0,0,0,0,0,0.0
video07,BirdDrone-Local-FT,1980,0,0,0,0,0,0,0.0
video07,BirdDrone-Local-FT,1981,0,0,0,0,0,0,0.0
video07,BirdDrone-Local-FT,1982,0,0,0,0,0,0,0.0
video07,BirdDrone-Local-FT,1983,0,0,0,0,0,0,0.0
video07,BirdDrone-Local-FT,1984,0,0,0,0,0,0,0.0
video07,BirdDrone-Local-FT,1985,0,0,0,0,0,0,0.0
video07,BirdDrone-Local-FT,1986,0,0,0,0,0,0,0.0
video07,BirdDrone-Local-FT,1987,0,0,0,0,0,0,0.0
video07,BirdDrone-Local-FT,1988,0,0,0,0,0,0,0.0
video07,BirdDrone-Local-FT,1989,0,0,0,0,0,0,0.0
video07,BirdDrone-Local-FT,1990,0,0,0,0,0,0,0.0
video07,BirdDrone-Local-FT,1991,0,0,0,0,0,0,0.0
video07,BirdDrone-Local-FT,1992,0,0,0,0,0,0,0.0
video07,BirdDrone-Local-FT,1993,0,0,0,0,0,0,0.0
video07,BirdDrone-Local-FT,1994,0,0,0,0,0,0,0.0
video07,BirdDrone-Local-FT,1995,0,0,0,0,0,0,0.0
video07,BirdDrone-Local-FT,1996,0,0,0,0,0,0,0.0
video07,BirdDrone-Local-FT,1997,0,0,0,0,0,0,0.0
video07,BirdDrone-Local-FT,1998,0,0,0,0,0,0,0.0
video07,BirdDrone-Local-FT,1999,0,0,0,0,0,0,0.0
video07,BirdDrone-Local-FT,2000,0,0,0,0,0,0,0.0
video07,BirdDrone-Local-FT,2001,0,0,0,0,0,0,0.0
video07,BirdDrone-Local-FT,2002,0,0,0,0,0,0,0.0
video07,BirdDrone-Local-FT,2003,0,0,0,0,0,0,0.0
video07,BirdDrone-Local-FT,2004,0,0,0,0,0,0,0.0
video07,BirdDrone-Local-FT,2005,0,0,0,0,0,0,0.0
video07,BirdDrone-Local-FT,2006,0,0,0,0,0,0,0.0
video07,BirdDrone-Local-FT,2007,0,0,0,0,0,0,0.0
video07,BirdDrone-Local-FT,2008,0,0,0,0,0,0,0.0
video07,BirdDrone-Local-FT,2009,0,0,0,0,0,0,0.0
video07,BirdDrone-Local-FT,2010,1,1,0,0,0,0,0.6779152154922485
video07,BirdDrone-Local-FT,2011,1,1,0,0,0,0,0.8281686305999756
video07,BirdDrone-Local-FT,2012,1,1,0,0,1,0,0.263884037733078
video07,BirdDrone-Local-FT,2013,1,1,0,0,0,0,0.8625454306602478
video07,BirdDrone-Local-FT,2014,1,1,0,0,0,0,0.8236909508705139
video07,BirdDrone-Local-FT,2015,1,1,0,0,0,0,0.8474705219268799
video07,BirdDrone-Local-FT,2016,1,1,0,0,0,0,0.8122896552085876
video07,BirdDrone-Local-FT,2017,1,1,0,0,0,0,0.849498987197876
video07,BirdDrone-Local-FT,2018,1,1,0,0,0,0,0.8034429550170898
video07,BirdDrone-Local-FT,2019,2,2,0,0,0,0,0.4271339178085327
video07,BirdDrone-Local-FT,2020,2,2,0,0,0,0,0.38460734486579895
video07,BirdDrone-Local-FT,2021,0,0,0,0,0,0,0.0
video07,BirdDrone-Local-FT,2022,0,0,0,0,0,0,0.0
video07,BirdDrone-Local-FT,2023,1,1,0,0,1,0,0.3359324634075165
video07,BirdDrone-Local-FT,2024,1,1,0,0,0,0,0.7461662888526917
video07,BirdDrone-Local-FT,2025,0,0,0,0,0,0,0.0
video07,BirdDrone-Local-FT,2026,1,1,0,0,0,0,0.849838137626648
video07,BirdDrone-Local-FT,2027,1,1,0,0,0,0,0.7796933054924011
video07,BirdDrone-Local-FT,2028,1,1,0,0,0,0,0.8094955682754517
video07,BirdDrone-Local-FT,2029,1,1,0,0,0,0,0.7817888259887695
video07,BirdDrone-Local-FT,2030,1,1,0,0,0,0,0.7167862057685852
video07,BirdDrone-Local-FT,2031,1,1,0,0,0,0,0.809628963470459
video07,BirdDrone-Local-FT,2032,1,1,0,0,0,0,0.7656022310256958
video07,BirdDrone-Local-FT,2033,1,1,0,0,0,0,0.802082896232605
video07,BirdDrone-Local-FT,2034,1,1,0,0,0,0,0.826066255569458
video07,BirdDrone-Local-FT,2035,1,1,0,0,0,0,0.7947871685028076
video07,BirdDrone-Local-FT,2036,1,1,0,0,0,0,0.801415741443634
video07,BirdDrone-Local-FT,2037,1,1,0,0,0,0,0.4143354892730713
video07,BirdDrone-Local-FT,2038,1,1,0,0,0,0,0.6254076957702637
video07,BirdDrone-Local-FT,2039,1,1,0,0,0,0,0.8165203928947449
video07,BirdDrone-Local-FT,2040,1,1,0,0,0,0,0.8004520535469055
video07,BirdDrone-Local-FT,2041,1,1,0,0,0,0,0.8311777114868164
video07,BirdDrone-Local-FT,2042,1,1,0,0,0,0,0.8247741460800171
video07,BirdDrone-Local-FT,2043,1,1,0,0,0,0,0.734001100063324
video07,BirdDrone-Local-FT,2044,1,1,0,0,0,0,0.7682820558547974
video07,BirdDrone-Local-FT,2045,1,1,0,0,0,0,0.6845446228981018
video07,BirdDrone-Local-FT,2046,1,1,0,0,0,0,0.7696305513381958
video07,BirdDrone-Local-FT,2047,1,1,0,0,0,0,0.7108710408210754
video07,BirdDrone-Local-FT,2048,1,1,0,0,0,0,0.812971293926239
video07,BirdDrone-Local-FT,2049,1,1,0,0,0,0,0.7952186465263367
video07,BirdDrone-Local-FT,2050,1,1,0,0,0,0,0.8131285905838013
video07,BirdDrone-Local-FT,2051,1,1,0,0,0,0,0.7721817493438721
video07,BirdDrone-Local-FT,2052,1,1,0,0,0,0,0.6862821578979492
video07,BirdDrone-Local-FT,2053,1,1,0,0,0,0,0.8269919753074646
video07,BirdDrone-Local-FT,2054,1,1,0,0,0,0,0.8330745697021484
video07,BirdDrone-Local-FT,2055,1,1,0,0,0,0,0.7459684014320374
video07,BirdDrone-Local-FT,2056,1,1,0,0,0,0,0.8144376277923584
video07,BirdDrone-Local-FT,2057,1,1,0,0,0,0,0.8097135424613953
video07,BirdDrone-Local-FT,2058,1,1,0,0,0,0,0.824731171131134
video07,BirdDrone-Local-FT,2059,1,1,0,0,0,0,0.8594707250595093
video07,BirdDrone-Local-FT,2060,1,1,0,0,0,0,0.844933271408081
video07,BirdDrone-Local-FT,2061,1,1,0,0,0,0,0.8503836393356323
video07,BirdDrone-Local-FT,2062,1,1,0,0,0,0,0.845374584197998
video07,BirdDrone-Local-FT,2063,1,1,0,0,0,0,0.8012778759002686
video07,BirdDrone-Local-FT,2064,1,1,0,0,0,0,0.7661573886871338
video07,BirdDrone-Local-FT,2065,1,1,0,0,0,0,0.848971962928772
video07,BirdDrone-Local-FT,2066,1,1,0,0,0,0,0.8443538546562195
video07,BirdDrone-Local-FT,2067,1,1,0,0,0,0,0.7596337795257568
video07,BirdDrone-Local-FT,2068,1,1,0,0,0,0,0.837956964969635
video07,BirdDrone-Local-FT,2069,1,1,0,0,0,0,0.8279390335083008
video07,BirdDrone-Local-FT,2070,1,1,0,0,0,0,0.8325299024581909
video07,BirdDrone-Local-FT,2071,1,1,0,0,0,0,0.8436391949653625
video07,BirdDrone-Local-FT,2072,1,1,0,0,0,0,0.7912085056304932
video07,BirdDrone-Local-FT,2073,1,1,0,0,0,0,0.8263241648674011
video07,BirdDrone-Local-FT,2074,1,1,0,0,0,0,0.7943027019500732
video07,BirdDrone-Local-FT,2075,1,1,0,0,0,0,0.7953165769577026
video07,BirdDrone-Local-FT,2076,1,1,0,0,0,0,0.8087655901908875
video07,BirdDrone-Local-FT,2077,1,1,0,0,0,0,0.8207443356513977
video07,BirdDrone-Local-FT,2078,1,1,0,0,0,0,0.8243469595909119
video07,BirdDrone-Local-FT,2079,1,1,0,0,0,0,0.8612531423568726
video07,BirdDrone-Local-FT,2080,1,1,0,0,0,0,0.865807294845581
video07,BirdDrone-Local-FT,2081,1,1,0,0,0,0,0.8752976059913635
video07,BirdDrone-Local-FT,2082,1,1,0,0,0,0,0.8719473481178284
video07,BirdDrone-Local-FT,2083,1,1,0,0,0,0,0.8293567895889282
video07,BirdDrone-Local-FT,2084,1,1,0,0,0,0,0.8330745100975037
video07,BirdDrone-Local-FT,2085,1,1,0,0,0,0,0.8598012328147888
video07,BirdDrone-Local-FT,2086,1,1,0,0,0,0,0.7928711175918579
video07,BirdDrone-Local-FT,2087,1,1,0,0,0,0,0.8517388105392456
video07,BirdDrone-Local-FT,2088,1,1,0,0,0,0,0.8145036101341248
video07,BirdDrone-Local-FT,2089,1,1,0,0,0,0,0.8603420853614807
video07,BirdDrone-Local-FT,2090,1,1,0,0,0,0,0.7928161025047302
video07,BirdDrone-Local-FT,2091,1,1,0,0,0,0,0.8556368350982666
video07,BirdDrone-Local-FT,2092,1,1,0,0,0,0,0.8666675090789795
video07,BirdDrone-Local-FT,2093,1,1,0,0,0,0,0.8348763585090637
video07,BirdDrone-Local-FT,2094,1,1,0,0,0,0,0.8594732284545898
video07,BirdDrone-Local-FT,2095,1,1,0,0,0,0,0.861413300037384
video07,BirdDrone-Local-FT,2096,1,1,0,0,0,0,0.8696817755699158
video07,BirdDrone-Local-FT,2097,1,1,0,0,0,0,0.8713343739509583
video07,BirdDrone-Local-FT,2098,1,1,0,0,0,0,0.8409926295280457
video07,BirdDrone-Local-FT,2099,1,1,0,0,0,0,0.8699877262115479
video07,BirdDrone-Local-FT,2100,1,1,0,0,0,0,0.8620883822441101
video07,BirdDrone-Local-FT,2101,1,1,0,0,0,0,0.8705146908760071
video07,BirdDrone-Local-FT,2102,1,1,0,0,0,0,0.8813440799713135
video07,BirdDrone-Local-FT,2103,1,1,0,0,0,0,0.8611894845962524
video07,BirdDrone-Local-FT,2104,1,1,0,0,0,0,0.8649490475654602
video07,BirdDrone-Local-FT,2105,1,1,0,0,0,0,0.8645234704017639
video07,BirdDrone-Local-FT,2106,1,1,0,0,0,0,0.8689845204353333
video07,BirdDrone-Local-FT,2107,1,1,0,0,0,0,0.884145200252533
video07,BirdDrone-Local-FT,2108,1,1,0,0,0,0,0.8899791836738586
video07,BirdDrone-Local-FT,2109,1,1,0,0,0,0,0.8763407468795776
video07,BirdDrone-Local-FT,2110,1,1,0,0,0,0,0.8894883394241333
video07,BirdDrone-Local-FT,2111,1,1,0,0,0,0,0.8968563675880432
video07,BirdDrone-Local-FT,2112,1,1,0,0,0,0,0.887699544429779
video07,BirdDrone-Local-FT,2113,2,2,0,0,1,0,0.8784492611885071
video07,BirdDrone-Local-FT,2114,1,1,0,0,0,0,0.888707160949707
video07,BirdDrone-Local-FT,2115,1,1,0,0,0,0,0.8928015232086182
video07,BirdDrone-Local-FT,2116,1,1,0,0,0,0,0.8970277309417725
video07,BirdDrone-Local-FT,2117,1,1,0,0,0,0,0.8815276026725769
video07,BirdDrone-Local-FT,2118,1,1,0,0,0,0,0.8945660591125488
video07,BirdDrone-Local-FT,2119,1,1,0,0,0,0,0.8962964415550232
video07,BirdDrone-Local-FT,2120,1,1,0,0,0,0,0.9001647233963013
video07,BirdDrone-Local-FT,2121,1,1,0,0,0,0,0.8975716829299927
video07,BirdDrone-Local-FT,2122,1,1,0,0,0,0,0.890926718711853
video07,BirdDrone-Local-FT,2123,1,1,0,0,0,0,0.9008401036262512
video07,BirdDrone-Local-FT,2124,1,1,0,0,0,0,0.8774635195732117
video07,BirdDrone-Local-FT,2125,1,1,0,0,0,0,0.8868445158004761
video07,BirdDrone-Local-FT,2126,1,1,0,0,0,0,0.9192888140678406
video07,BirdDrone-Local-FT,2127,1,1,0,0,0,0,0.8500239253044128
video07,BirdDrone-Local-FT,2128,1,1,0,0,0,0,0.8921176195144653
video07,BirdDrone-Local-FT,2129,1,1,0,0,0,0,0.8545016050338745
video07,BirdDrone-Local-FT,2130,1,1,0,0,0,0,0.8529888391494751
video07,BirdDrone-Local-FT,2131,1,1,0,0,0,0,0.8896676898002625
video07,BirdDrone-Local-FT,2132,1,1,0,0,0,0,0.8988144397735596
video07,BirdDrone-Local-FT,2133,1,1,0,0,0,0,0.8432471752166748
video07,BirdDrone-Local-FT,2134,1,1,0,0,0,0,0.897322416305542
video07,BirdDrone-Local-FT,2135,2,2,0,0,0,0,0.827589750289917
video07,BirdDrone-Local-FT,2136,1,1,0,0,0,0,0.8682929873466492
video07,BirdDrone-Local-FT,2137,1,1,0,0,0,0,0.8913449645042419
video07,BirdDrone-Local-FT,2138,1,1,0,0,0,0,0.8954387307167053
video07,BirdDrone-Local-FT,2139,1,1,0,0,0,0,0.8624046444892883
video07,BirdDrone-Local-FT,2140,1,1,0,0,0,0,0.891567051410675
video07,BirdDrone-Local-FT,2141,1,1,0,0,0,0,0.8917698860168457
video07,BirdDrone-Local-FT,2142,1,1,0,0,0,0,0.8928549289703369
video07,BirdDrone-Local-FT,2143,1,1,0,0,0,0,0.9019021391868591
video07,BirdDrone-Local-FT,2144,1,1,0,0,0,0,0.8769020438194275
video07,BirdDrone-Local-FT,2145,1,1,0,0,0,0,0.8967053890228271
video07,BirdDrone-Local-FT,2146,1,1,0,0,0,0,0.8822526335716248
video07,BirdDrone-Local-FT,2147,1,1,0,0,0,0,0.8686795234680176
video07,BirdDrone-Local-FT,2148,1,1,0,0,0,0,0.5824126601219177
video07,BirdDrone-Local-FT,2149,2,2,0,0,0,0,0.8657605051994324
video07,BirdDrone-Local-FT,2150,1,1,0,0,0,0,0.8864546418190002
video07,BirdDrone-Local-FT,2151,1,1,0,0,0,0,0.90913987159729
video07,BirdDrone-Local-FT,2152,1,1,0,0,0,0,0.8902158141136169
video07,BirdDrone-Local-FT,2153,1,1,0,0,0,0,0.86534583568573
video07,BirdDrone-Local-FT,2154,1,1,0,0,0,0,0.9040719866752625
video07,BirdDrone-Local-FT,2155,1,1,0,0,0,0,0.8958377838134766
video07,BirdDrone-Local-FT,2156,1,1,0,0,0,0,0.8837189674377441
video07,BirdDrone-Local-FT,2157,1,1,0,0,0,0,0.8863656520843506
video07,BirdDrone-Local-FT,2158,1,1,0,0,0,0,0.9013651609420776
video07,BirdDrone-Local-FT,2159,1,1,0,0,0,0,0.8543359041213989
video07,BirdDrone-Local-FT,2160,1,1,0,0,0,0,0.8890907168388367
video07,BirdDrone-Local-FT,2161,1,1,0,0,0,0,0.9031269550323486
video07,BirdDrone-Local-FT,2162,1,1,0,0,0,0,0.903071939945221
video07,BirdDrone-Local-FT,2163,1,1,0,0,0,0,0.8608254790306091
video07,BirdDrone-Local-FT,2164,1,1,0,0,0,0,0.8837001919746399
video07,BirdDrone-Local-FT,2165,1,1,0,0,0,0,0.8872595429420471
video07,BirdDrone-Local-FT,2166,1,1,0,0,0,0,0.8591809272766113
video07,BirdDrone-Local-FT,2167,1,1,0,0,0,0,0.8632296919822693
video07,BirdDrone-Local-FT,2168,1,1,0,0,0,0,0.8734014630317688
video07,BirdDrone-Local-FT,2169,1,1,0,0,0,0,0.850050687789917
video07,BirdDrone-Local-FT,2170,1,1,0,0,0,0,0.8493474125862122
video07,BirdDrone-Local-FT,2171,1,1,0,0,0,0,0.8783641457557678
video07,BirdDrone-Local-FT,2172,1,1,0,0,0,0,0.8901322484016418
video07,BirdDrone-Local-FT,2173,1,1,0,0,0,0,0.8679139614105225
video07,BirdDrone-Local-FT,2174,1,1,0,0,0,0,0.8670112490653992
video07,BirdDrone-Local-FT,2175,1,1,0,0,0,0,0.802889883518219
video07,BirdDrone-Local-FT,2176,1,1,0,0,0,0,0.7900476455688477
video07,BirdDrone-Local-FT,2177,1,1,0,0,0,0,0.9328441023826599
video07,BirdDrone-Local-FT,2178,1,1,0,0,0,0,0.9176658987998962
video07,BirdDrone-Local-FT,2179,1,1,0,0,0,0,0.91738361120224
video07,BirdDrone-Local-FT,2180,1,1,0,0,0,0,0.9164576530456543
video07,BirdDrone-Local-FT,2181,1,1,0,0,0,0,0.9207485914230347
video07,BirdDrone-Local-FT,2182,1,1,0,0,0,0,0.9207577109336853
video07,BirdDrone-Local-FT,2183,1,1,0,0,0,0,0.9241503477096558
video07,BirdDrone-Local-FT,2184,1,1,0,0,0,0,0.9354498386383057
video07,BirdDrone-Local-FT,2185,1,1,0,0,0,0,0.9329067468643188
video07,BirdDrone-Local-FT,2186,1,1,0,0,0,0,0.9300066828727722
video07,BirdDrone-Local-FT,2187,1,1,0,0,0,0,0.9414835572242737
video07,BirdDrone-Local-FT,2188,1,1,0,0,0,0,0.9279232621192932
video07,BirdDrone-Local-FT,2189,1,1,0,0,0,0,0.9180557727813721
video07,BirdDrone-Local-FT,2190,1,1,0,0,0,0,0.9327085614204407
video07,BirdDrone-Local-FT,2191,1,1,0,0,0,0,0.907051682472229
video07,BirdDrone-Local-FT,2192,1,1,0,0,0,0,0.9227164387702942
video07,BirdDrone-Local-FT,2193,1,1,0,0,0,0,0.9186527729034424
video07,BirdDrone-Local-FT,2194,1,1,0,0,0,0,0.696099579334259
video07,BirdDrone-Local-FT,2195,1,1,0,0,0,0,0.9219505786895752
video07,BirdDrone-Local-FT,2196,1,1,0,0,0,0,0.8845829367637634
video07,BirdDrone-Local-FT,2197,1,1,0,0,0,0,0.9293266534805298
video07,BirdDrone-Local-FT,2198,1,1,0,0,0,0,0.5681674480438232
video07,BirdDrone-Local-FT,2199,1,1,0,0,0,0,0.5679877400398254
video07,BirdDrone-Local-FT,2200,1,1,0,0,0,0,0.9264163374900818
video07,BirdDrone-Local-FT,2201,1,1,0,0,0,0,0.924321711063385
video07,BirdDrone-Local-FT,2202,1,1,0,0,0,0,0.9305590391159058
video07,BirdDrone-Local-FT,2203,1,1,0,0,0,0,0.9262212514877319
video07,BirdDrone-Local-FT,2204,1,1,0,0,0,0,0.9325783252716064
video07,BirdDrone-Local-FT,2205,1,1,0,0,0,0,0.7931028008460999
video07,BirdDrone-Local-FT,2206,1,1,0,0,0,0,0.9294514656066895
video07,BirdDrone-Local-FT,2207,1,1,0,0,0,0,0.9270212650299072
video07,BirdDrone-Local-FT,2208,1,1,0,0,0,0,0.8431514501571655
video07,BirdDrone-Local-FT,2209,1,1,0,0,0,0,0.8868245482444763
video07,BirdDrone-Local-FT,2210,1,1,0,0,0,0,0.9070194363594055
video07,BirdDrone-Local-FT,2211,1,1,0,0,0,0,0.9256264567375183
video07,BirdDrone-Local-FT,2212,1,1,0,0,0,0,0.9252254962921143
video07,BirdDrone-Local-FT,2213,1,1,0,0,0,0,0.9197912216186523
video07,BirdDrone-Local-FT,2214,1,1,0,0,0,0,0.9402354955673218
video07,BirdDrone-Local-FT,2215,1,1,0,0,0,0,0.928851842880249
video07,BirdDrone-Local-FT,2216,1,1,0,0,0,0,0.9370962381362915
video07,BirdDrone-Local-FT,2217,1,1,0,0,0,0,0.6857448220252991
video07,BirdDrone-Local-FT,2218,1,1,0,0,0,0,0.9387779235839844
video07,BirdDrone-Local-FT,2219,1,1,0,0,0,0,0.8822928071022034
video07,BirdDrone-Local-FT,2220,1,1,0,0,0,0,0.9099461436271667
video07,BirdDrone-Local-FT,2221,1,1,0,0,0,0,0.9364638328552246
video07,BirdDrone-Local-FT,2222,1,1,0,0,0,0,0.9298862218856812
video07,BirdDrone-Local-FT,2223,1,1,0,0,0,0,0.9281320571899414
video07,BirdDrone-Local-FT,2224,1,1,0,0,0,0,0.9297192692756653
video07,BirdDrone-Local-FT,2225,1,1,0,0,0,0,0.9248583912849426
video07,BirdDrone-Local-FT,2226,1,1,0,0,0,0,0.9320902228355408
video07,BirdDrone-Local-FT,2227,1,1,0,0,0,0,0.9283210635185242
video07,BirdDrone-Local-FT,2228,1,1,0,0,0,0,0.929719090461731
video07,BirdDrone-Local-FT,2229,1,1,0,0,0,0,0.9186573028564453
video07,BirdDrone-Local-FT,2230,1,1,0,0,0,0,0.9383056163787842
video07,BirdDrone-Local-FT,2231,1,1,0,0,0,0,0.9309970140457153
video07,BirdDrone-Local-FT,2232,1,1,0,0,0,0,0.9310534596443176
video07,BirdDrone-Local-FT,2233,1,1,0,0,0,0,0.9262559413909912
video07,BirdDrone-Local-FT,2234,1,1,0,0,0,0,0.9447416663169861
video07,BirdDrone-Local-FT,2235,1,1,0,0,0,0,0.9329736828804016
video07,BirdDrone-Local-FT,2236,1,1,0,0,0,0,0.9184846878051758
video07,BirdDrone-Local-FT,2237,1,1,0,0,0,0,0.9192055463790894
video07,BirdDrone-Local-FT,2238,1,1,0,0,0,0,0.9222530126571655
video07,BirdDrone-Local-FT,2239,1,1,0,0,0,0,0.8963010311126709
video07,BirdDrone-Local-FT,2240,1,1,0,0,0,0,0.9287205338478088
video07,BirdDrone-Local-FT,2241,1,1,0,0,0,0,0.9265395402908325
video07,BirdDrone-Local-FT,2242,1,1,0,0,0,0,0.9256097078323364
video07,BirdDrone-Local-FT,2243,1,1,0,0,0,0,0.9287452101707458
video07,BirdDrone-Local-FT,2244,1,1,0,0,0,0,0.9316796660423279
video07,BirdDrone-Local-FT,2245,1,1,0,0,0,0,0.9224110245704651
video07,BirdDrone-Local-FT,2246,1,1,0,0,0,0,0.9264930486679077
video07,BirdDrone-Local-FT,2247,1,1,0,0,0,0,0.9236152172088623
video07,BirdDrone-Local-FT,2248,1,1,0,0,0,0,0.9278567433357239
video07,BirdDrone-Local-FT,2249,1,1,0,0,0,0,0.9238398671150208
video07,BirdDrone-Local-FT,2250,1,1,0,0,0,0,0.9251933693885803
video07,BirdDrone-Local-FT,2251,1,1,0,0,0,0,0.9279424548149109
video07,BirdDrone-Local-FT,2252,1,1,0,0,0,0,0.9287096261978149
video07,BirdDrone-Local-FT,2253,1,1,0,0,0,0,0.9145522713661194
video07,BirdDrone-Local-FT,2254,1,1,0,0,0,0,0.9292001724243164
video07,BirdDrone-Local-FT,2255,1,1,0,0,0,0,0.9250057339668274
video07,BirdDrone-Local-FT,2256,1,1,0,0,0,0,0.9236988425254822
video07,BirdDrone-Local-FT,2257,1,1,0,0,0,0,0.9274433255195618
video07,BirdDrone-Local-FT,2258,1,1,0,0,0,0,0.9308616518974304
video07,BirdDrone-Local-FT,2259,1,1,0,0,0,0,0.925574779510498
video07,BirdDrone-Local-FT,2260,1,1,0,0,0,0,0.931276261806488
video07,BirdDrone-Local-FT,2261,1,1,0,0,0,0,0.9295054078102112
video07,BirdDrone-Local-FT,2262,1,1,0,0,0,0,0.9248299598693848
video07,BirdDrone-Local-FT,2263,1,1,0,0,0,0,0.9269954562187195
video07,BirdDrone-Local-FT,2264,1,1,0,0,0,0,0.9295035600662231
video07,BirdDrone-Local-FT,2265,1,1,0,0,0,0,0.8890014886856079
video07,BirdDrone-Local-FT,2266,1,1,0,0,0,0,0.8647240996360779
video07,BirdDrone-Local-FT,2267,1,1,0,0,0,0,0.8952881097793579
video07,BirdDrone-Local-FT,2268,1,1,0,0,0,0,0.9312679171562195
video07,BirdDrone-Local-FT,2269,1,1,0,0,0,0,0.9282130002975464
video07,BirdDrone-Local-FT,2270,1,1,0,0,0,0,0.9248185157775879
video07,BirdDrone-Local-FT,2271,1,1,0,0,0,0,0.9266223907470703
video07,BirdDrone-Local-FT,2272,1,1,0,0,0,0,0.9293937087059021
video07,BirdDrone-Local-FT,2273,1,1,0,0,0,0,0.907733142375946
video07,BirdDrone-Local-FT,2274,1,1,0,0,0,0,0.9211261868476868
video07,BirdDrone-Local-FT,2275,1,1,0,0,0,0,0.9110369682312012
video07,BirdDrone-Local-FT,2276,1,1,0,0,0,0,0.8534398674964905
video07,BirdDrone-Local-FT,2277,1,1,0,0,0,0,0.9337825775146484
video07,BirdDrone-Local-FT,2278,1,1,0,0,0,0,0.9153326153755188
video07,BirdDrone-Local-FT,2279,1,1,0,0,0,0,0.9236658811569214
video07,BirdDrone-Local-FT,2280,1,1,0,0,0,0,0.9142243266105652
video07,BirdDrone-Local-FT,2281,1,1,0,0,0,0,0.935458779335022
video07,BirdDrone-Local-FT,2282,1,1,0,0,0,0,0.9153491258621216
video07,BirdDrone-Local-FT,2283,1,1,0,0,0,0,0.9005516767501831
video07,BirdDrone-Local-FT,2284,1,1,0,0,0,0,0.9217197299003601
video07,BirdDrone-Local-FT,2285,1,1,0,0,0,0,0.9210395216941833
video07,BirdDrone-Local-FT,2286,1,1,0,0,0,0,0.9190229177474976
video07,BirdDrone-Local-FT,2287,1,1,0,0,0,0,0.9252141118049622
video07,BirdDrone-Local-FT,2288,1,1,0,0,0,0,0.8954928517341614
video07,BirdDrone-Local-FT,2289,1,1,0,0,0,0,0.9060060977935791
video07,BirdDrone-Local-FT,2290,1,1,0,0,0,0,0.8847842812538147
video07,BirdDrone-Local-FT,2291,1,1,0,0,0,0,0.8760448694229126
video07,BirdDrone-Local-FT,2292,1,1,0,0,0,0,0.9000980854034424
video07,BirdDrone-Local-FT,2293,1,1,0,0,0,0,0.9314956068992615
video07,BirdDrone-Local-FT,2294,1,1,0,0,0,0,0.9158393144607544
video07,BirdDrone-Local-FT,2295,1,1,0,0,0,0,0.9245198965072632
video07,BirdDrone-Local-FT,2296,1,1,0,0,0,0,0.9316334128379822
video07,BirdDrone-Local-FT,2297,1,1,0,0,0,0,0.9345928430557251
video07,BirdDrone-Local-FT,2298,1,1,0,0,0,0,0.9424504041671753
video07,BirdDrone-Local-FT,2299,2,2,0,0,0,0,0.42002683877944946
video07,BirdDrone-Local-FT,2300,1,1,0,0,0,0,0.9325706362724304
video07,BirdDrone-Local-FT,2301,1,1,0,0,0,0,0.9305950403213501
video07,BirdDrone-Local-FT,2302,1,1,0,0,0,0,0.6661626100540161
video07,BirdDrone-Local-FT,2303,1,1,0,0,0,0,0.9327290654182434
video07,BirdDrone-Local-FT,2304,1,1,0,0,0,0,0.9326547384262085
video07,BirdDrone-Local-FT,2305,1,1,0,0,0,0,0.9411402344703674
video07,BirdDrone-Local-FT,2306,1,1,0,0,0,0,0.9321321845054626
video07,BirdDrone-Local-FT,2307,1,1,0,0,0,0,0.9290764331817627
video07,BirdDrone-Local-FT,2308,1,1,0,0,0,0,0.9262250065803528
video07,BirdDrone-Local-FT,2309,1,1,0,0,0,0,0.8646537065505981
video07,BirdDrone-Local-FT,2310,1,1,0,0,0,0,0.9339134693145752
video07,BirdDrone-Local-FT,2311,1,1,0,0,0,0,0.9301605224609375
video07,BirdDrone-Local-FT,2312,1,1,0,0,0,0,0.9325226545333862
video07,BirdDrone-Local-FT,2313,1,1,0,0,0,0,0.9285776615142822
video07,BirdDrone-Local-FT,2314,1,1,0,0,0,0,0.930030345916748
video07,BirdDrone-Local-FT,2315,1,1,0,0,0,0,0.9356316924095154
video07,BirdDrone-Local-FT,2316,1,1,0,0,0,0,0.6950486898422241
video07,BirdDrone-Local-FT,2317,1,1,0,0,0,0,0.9361086487770081
video07,BirdDrone-Local-FT,2318,1,1,0,0,0,0,0.930445671081543
video07,BirdDrone-Local-FT,2319,1,1,0,0,0,0,0.9189494252204895
video07,BirdDrone-Local-FT,2320,2,2,0,0,1,0,0.6241644620895386
video07,BirdDrone-Local-FT,2321,1,1,0,0,0,0,0.9298433661460876
video07,BirdDrone-Local-FT,2322,1,1,0,0,0,0,0.9319990873336792
video07,BirdDrone-Local-FT,2323,1,1,0,0,0,0,0.9302209615707397
video07,BirdDrone-Local-FT,2324,1,1,0,0,0,0,0.9283636808395386
video07,BirdDrone-Local-FT,2325,1,1,0,0,0,0,0.9330918788909912
video07,BirdDrone-Local-FT,2326,1,1,0,0,0,0,0.9252336621284485
video07,BirdDrone-Local-FT,2327,1,1,0,0,0,0,0.9360016584396362
video07,BirdDrone-Local-FT,2328,1,1,0,0,0,0,0.9268690347671509
video07,BirdDrone-Local-FT,2329,1,1,0,0,0,0,0.9274618029594421
video07,BirdDrone-Local-FT,2330,1,1,0,0,0,0,0.9287956357002258
video07,BirdDrone-Local-FT,2331,1,1,0,0,0,0,0.9306427240371704
video07,BirdDrone-Local-FT,2332,1,1,0,0,0,0,0.9316070079803467
video07,BirdDrone-Local-FT,2333,1,1,0,0,0,0,0.9306012392044067
video07,BirdDrone-Local-FT,2334,1,1,0,0,0,0,0.9282711148262024
video07,BirdDrone-Local-FT,2335,1,1,0,0,0,0,0.9278526306152344
video07,BirdDrone-Local-FT,2336,1,1,0,0,0,0,0.9302116632461548
video07,BirdDrone-Local-FT,2337,1,1,0,0,0,0,0.9034728407859802
video07,BirdDrone-Local-FT,2338,1,1,0,0,0,0,0.9248384237289429
video07,BirdDrone-Local-FT,2339,1,1,0,0,0,0,0.9282035231590271
video07,BirdDrone-Local-FT,2340,1,1,0,0,0,0,0.9298040270805359
video07,BirdDrone-Local-FT,2341,1,1,0,0,0,0,0.9271594882011414
video07,BirdDrone-Local-FT,2342,2,2,0,0,1,0,0.4524258077144623
video07,BirdDrone-Local-FT,2343,1,1,0,0,0,0,0.9102966785430908
video07,BirdDrone-Local-FT,2344,1,1,0,0,0,0,0.9312562346458435
video07,BirdDrone-Local-FT,2345,1,1,0,0,0,0,0.9205013513565063
video07,BirdDrone-Local-FT,2346,1,1,0,0,0,0,0.9245656132698059
video07,BirdDrone-Local-FT,2347,1,1,0,0,0,0,0.9096468091011047
video07,BirdDrone-Local-FT,2348,1,1,0,0,0,0,0.9114567637443542
video07,BirdDrone-Local-FT,2349,1,1,0,0,0,0,0.9301159381866455
video07,BirdDrone-Local-FT,2350,1,1,0,0,0,0,0.9220406413078308
video07,BirdDrone-Local-FT,2351,1,1,0,0,0,0,0.9180598258972168
video07,BirdDrone-Local-FT,2352,1,1,0,0,0,0,0.9258425831794739
video07,BirdDrone-Local-FT,2353,1,1,0,0,0,0,0.9288626909255981
video07,BirdDrone-Local-FT,2354,1,1,0,0,0,0,0.9190791249275208
video07,BirdDrone-Local-FT,2355,1,1,0,0,0,0,0.9295805096626282
video07,BirdDrone-Local-FT,2356,1,1,0,0,0,0,0.91718989610672
video07,BirdDrone-Local-FT,2357,1,1,0,0,0,0,0.9231590628623962
video07,BirdDrone-Local-FT,2358,1,1,0,0,0,0,0.9255164265632629
video07,BirdDrone-Local-FT,2359,1,1,0,0,0,0,0.9210819005966187
video07,BirdDrone-Local-FT,2360,1,1,0,0,0,0,0.9059900641441345
video07,BirdDrone-Local-FT,2361,1,1,0,0,0,0,0.9209575057029724
video07,BirdDrone-Local-FT,2362,1,1,0,0,0,0,0.910552442073822
video07,BirdDrone-Local-FT,2363,1,1,0,0,0,0,0.9046351909637451
video07,BirdDrone-Local-FT,2364,1,1,0,0,0,0,0.9260138869285583
video07,BirdDrone-Local-FT,2365,1,1,0,0,0,0,0.9320769906044006
video07,BirdDrone-Local-FT,2366,1,1,0,0,0,0,0.8820269107818604
video07,BirdDrone-Local-FT,2367,1,1,0,0,0,0,0.9185680747032166
video07,BirdDrone-Local-FT,2368,1,1,0,0,0,0,0.9282032251358032
video07,BirdDrone-Local-FT,2369,1,1,0,0,0,0,0.9222360849380493
video07,BirdDrone-Local-FT,2370,1,1,0,0,0,0,0.9158368110656738
video07,BirdDrone-Local-FT,2371,1,1,0,0,0,0,0.9148405194282532
video07,BirdDrone-Local-FT,2372,1,1,0,0,0,0,0.9137923121452332
video07,BirdDrone-Local-FT,2373,1,1,0,0,0,0,0.9288428425788879
video07,BirdDrone-Local-FT,2374,1,1,0,0,0,0,0.5611346364021301
video07,BirdDrone-Local-FT,2375,1,1,0,0,0,0,0.925614595413208
video07,BirdDrone-Local-FT,2376,1,1,0,0,0,0,0.9050440192222595
video07,BirdDrone-Local-FT,2377,1,1,0,0,0,0,0.9245638251304626
video07,BirdDrone-Local-FT,2378,1,1,0,0,0,0,0.9266396164894104
video07,BirdDrone-Local-FT,2379,1,1,0,0,0,0,0.9227262735366821
video07,BirdDrone-Local-FT,2380,1,1,0,0,0,0,0.9266153573989868
video07,BirdDrone-Local-FT,2381,1,1,0,0,0,0,0.9261344075202942
video07,BirdDrone-Local-FT,2382,1,1,0,0,0,0,0.9214761257171631
video07,BirdDrone-Local-FT,2383,1,1,0,0,0,0,0.9256082773208618
video07,BirdDrone-Local-FT,2384,1,1,0,0,0,0,0.9197007417678833
video07,BirdDrone-Local-FT,2385,1,1,0,0,0,0,0.9197227358818054
video07,BirdDrone-Local-FT,2386,1,1,0,0,0,0,0.9077896475791931
video07,BirdDrone-Local-FT,2387,1,1,0,0,0,0,0.9206767678260803
video07,BirdDrone-Local-FT,2388,1,1,0,0,0,0,0.9108269810676575
video07,BirdDrone-Local-FT,2389,1,1,0,0,0,0,0.9167368412017822
video07,BirdDrone-Local-FT,2390,1,1,0,0,0,0,0.9223393201828003
video07,BirdDrone-Local-FT,2391,1,1,0,0,0,0,0.9272734522819519
video07,BirdDrone-Local-FT,2392,1,1,0,0,0,0,0.9130430817604065
video07,BirdDrone-Local-FT,2393,1,1,0,0,0,0,0.9252604246139526
video07,BirdDrone-Local-FT,2394,1,1,0,0,0,0,0.921643078327179
video07,BirdDrone-Local-FT,2395,1,1,0,0,0,0,0.91571044921875
video07,BirdDrone-Local-FT,2396,1,1,0,0,0,0,0.9201827049255371
video07,BirdDrone-Local-FT,2397,1,1,0,0,0,0,0.9208444356918335
video07,BirdDrone-Local-FT,2398,1,1,0,0,0,0,0.9170059561729431
video07,BirdDrone-Local-FT,2399,1,1,0,0,0,0,0.9248509407043457
video07,BirdDrone-Local-FT,2400,1,1,0,0,0,0,0.9162534475326538
video07,BirdDrone-Local-FT,2401,1,1,0,0,0,0,0.9213306903839111
video07,BirdDrone-Local-FT,2402,1,1,0,0,0,0,0.9169068336486816
video07,BirdDrone-Local-FT,2403,1,1,0,0,0,0,0.9246389865875244
video07,BirdDrone-Local-FT,2404,1,1,0,0,0,0,0.9062544107437134
video07,BirdDrone-Local-FT,2405,1,1,0,0,0,0,0.9256329536437988
video07,BirdDrone-Local-FT,2406,1,1,0,0,0,0,0.9159443974494934
video07,BirdDrone-Local-FT,2407,1,1,0,0,0,0,0.9288608431816101
video07,BirdDrone-Local-FT,2408,1,1,0,0,0,0,0.9150081276893616
video07,BirdDrone-Local-FT,2409,1,1,0,0,0,0,0.9226950407028198
video07,BirdDrone-Local-FT,2410,1,1,0,0,0,0,0.915535032749176
video07,BirdDrone-Local-FT,2411,1,1,0,0,0,0,0.9244105815887451
video07,BirdDrone-Local-FT,2412,1,1,0,0,0,0,0.9161283373832703
video07,BirdDrone-Local-FT,2413,1,1,0,0,0,0,0.9156392812728882
video07,BirdDrone-Local-FT,2414,1,1,0,0,0,0,0.9095301032066345
video07,BirdDrone-Local-FT,2415,1,1,0,0,0,0,0.9070954322814941
video07,BirdDrone-Local-FT,2416,1,1,0,0,0,0,0.9133319854736328
video07,BirdDrone-Local-FT,2417,1,1,0,0,0,0,0.9220771789550781
video07,BirdDrone-Local-FT,2418,1,1,0,0,0,0,0.9096910953521729
video07,BirdDrone-Local-FT,2419,1,1,0,0,0,0,0.923828661441803
video07,BirdDrone-Local-FT,2420,1,1,0,0,0,0,0.6180495023727417
video07,BirdDrone-Local-FT,2421,1,1,0,0,0,0,0.926720380783081
video07,BirdDrone-Local-FT,2422,1,1,0,0,0,0,0.890385091304779
video07,BirdDrone-Local-FT,2423,1,1,0,0,0,0,0.9201397895812988
video07,BirdDrone-Local-FT,2424,1,1,0,0,0,0,0.9074487686157227
video07,BirdDrone-Local-FT,2425,1,1,0,0,0,0,0.9071084856987
video07,BirdDrone-Local-FT,2426,1,1,0,0,0,0,0.8877704739570618
video07,BirdDrone-Local-FT,2427,1,1,0,0,0,0,0.9116292595863342
video07,BirdDrone-Local-FT,2428,1,1,0,0,0,0,0.9234231114387512
video07,BirdDrone-Local-FT,2429,1,1,0,0,0,0,0.9094161987304688
video07,BirdDrone-Local-FT,2430,1,1,0,0,0,0,0.8866714835166931
video07,BirdDrone-Local-FT,2431,1,1,0,0,0,0,0.9209895133972168
video07,BirdDrone-Local-FT,2432,1,1,0,0,0,0,0.8677589297294617
video07,BirdDrone-Local-FT,2433,1,1,0,0,0,0,0.9038270711898804
video07,BirdDrone-Local-FT,2434,1,1,0,0,0,0,0.8952388167381287
video07,BirdDrone-Local-FT,2435,1,1,0,0,0,0,0.8907814025878906
video07,BirdDrone-Local-FT,2436,1,1,0,0,0,0,0.9118983149528503
video07,BirdDrone-Local-FT,2437,1,1,0,0,0,0,0.8957142233848572
video07,BirdDrone-Local-FT,2438,1,1,0,0,0,0,0.8788973093032837
video07,BirdDrone-Local-FT,2439,1,1,0,0,0,0,0.8944729566574097
video07,BirdDrone-Local-FT,2440,1,1,0,0,0,0,0.9066534638404846
video07,BirdDrone-Local-FT,2441,1,1,0,0,0,0,0.8863452672958374
video07,BirdDrone-Local-FT,2442,1,1,0,0,0,0,0.8966270685195923
video07,BirdDrone-Local-FT,2443,1,1,0,0,0,0,0.8866063356399536
video07,BirdDrone-Local-FT,2444,1,1,0,0,0,0,0.9077634215354919
video07,BirdDrone-Local-FT,2445,1,1,0,0,0,0,0.909126877784729
video07,BirdDrone-Local-FT,2446,1,1,0,0,0,0,0.9089568257331848
video07,BirdDrone-Local-FT,2447,1,1,0,0,0,0,0.8815610408782959
video07,BirdDrone-Local-FT,2448,1,1,0,0,0,0,0.9171460866928101
video07,BirdDrone-Local-FT,2449,1,1,0,0,0,0,0.911474883556366
video07,BirdDrone-Local-FT,2450,1,1,0,0,0,0,0.9150996804237366
video07,BirdDrone-Local-FT,2451,1,1,0,0,0,0,0.9125581979751587
video07,BirdDrone-Local-FT,2452,1,1,0,0,0,0,0.9135571718215942
video07,BirdDrone-Local-FT,2453,1,1,0,0,0,0,0.9101088643074036
video07,BirdDrone-Local-FT,2454,1,1,0,0,0,0,0.8857536911964417
video07,BirdDrone-Local-FT,2455,1,1,0,0,0,0,0.9179138541221619
video07,BirdDrone-Local-FT,2456,1,1,0,0,0,0,0.8882716298103333
video07,BirdDrone-Local-FT,2457,1,1,0,0,0,0,0.9073097109794617
video07,BirdDrone-Local-FT,2458,1,1,0,0,0,0,0.9152235984802246
video07,BirdDrone-Local-FT,2459,1,1,0,0,0,0,0.8848286271095276
video07,BirdDrone-Local-FT,2460,1,1,0,0,0,0,0.8849526643753052
video07,BirdDrone-Local-FT,2461,1,1,0,0,0,0,0.9074774384498596
video07,BirdDrone-Local-FT,2462,1,1,0,0,0,0,0.9037997126579285
video07,BirdDrone-Local-FT,2463,1,1,0,0,0,0,0.9193688035011292
video07,BirdDrone-Local-FT,2464,1,1,0,0,0,0,0.9140250086784363
video07,BirdDrone-Local-FT,2465,1,1,0,0,0,0,0.9166377782821655
video07,BirdDrone-Local-FT,2466,1,1,0,0,0,0,0.9013555645942688
video07,BirdDrone-Local-FT,2467,1,1,0,0,0,0,0.9014781713485718
video07,BirdDrone-Local-FT,2468,1,1,0,0,0,0,0.8734762072563171
video07,BirdDrone-Local-FT,2469,1,1,0,0,0,0,0.890446662902832
video07,BirdDrone-Local-FT,2470,1,1,0,0,0,0,0.9124448299407959
video07,BirdDrone-Local-FT,2471,1,1,0,0,0,0,0.9113327860832214
video07,BirdDrone-Local-FT,2472,1,1,0,0,0,0,0.8916733860969543
video07,BirdDrone-Local-FT,2473,1,1,0,0,0,0,0.8776203989982605
video07,BirdDrone-Local-FT,2474,1,1,0,0,0,0,0.910820722579956
video07,BirdDrone-Local-FT,2475,1,1,0,0,0,0,0.9030019044876099
video07,BirdDrone-Local-FT,2476,1,1,0,0,0,0,0.91468346118927
video07,BirdDrone-Local-FT,2477,1,1,0,0,0,0,0.8920546174049377
video07,BirdDrone-Local-FT,2478,1,1,0,0,0,0,0.9044714570045471
video07,BirdDrone-Local-FT,2479,1,1,0,0,0,0,0.9042739868164062
