video,model,frame,detections,drone_det,bird_det,false_class,low_conf_fp,tp_iou,max_conf
video08,BirdDrone-Local-FT,0,1,1,0,0,0,1,0.9225179553031921
video08,BirdDrone-Local-FT,1,1,1,0,0,0,0,0.9248114824295044
video08,BirdDrone-Local-FT,2,1,1,0,0,0,0,0.9118462800979614
video08,BirdDrone-Local-FT,3,1,1,0,0,0,0,0.9237922430038452
video08,BirdDrone-Local-FT,4,1,1,0,0,0,0,0.9205173850059509
video08,BirdDrone-Local-FT,5,1,1,0,0,0,0,0.9266986846923828
video08,BirdDrone-Local-FT,6,1,1,0,0,0,0,0.9169507026672363
video08,BirdDrone-Local-FT,7,1,1,0,0,0,0,0.9159182906150818
video08,BirdDrone-Local-FT,8,1,1,0,0,0,0,0.9345446228981018
video08,BirdDrone-Local-FT,9,2,2,0,0,1,0,0.4407625198364258
video08,BirdDrone-Local-FT,10,1,1,0,0,0,0,0.9312390685081482
video08,BirdDrone-Local-FT,11,1,1,0,0,0,0,0.9212802052497864
video08,BirdDrone-Local-FT,12,1,1,0,0,0,0,0.9166355133056641
video08,BirdDrone-Local-FT,13,1,1,0,0,0,0,0.9321226477622986
video08,BirdDrone-Local-FT,14,1,1,0,0,0,0,0.9350303411483765
video08,BirdDrone-Local-FT,15,1,1,0,0,0,0,0.922615647315979
video08,BirdDrone-Local-FT,16,0,0,0,0,0,0,0.0
video08,BirdDrone-Local-FT,17,1,1,0,0,0,0,0.9160072207450867
video08,BirdDrone-Local-FT,18,1,1,0,0,0,0,0.5842730402946472
video08,BirdDrone-Local-FT,19,1,1,0,0,0,0,0.9286715984344482
video08,BirdDrone-Local-FT,20,1,1,0,0,0,0,0.9324660301208496
video08,BirdDrone-Local-FT,21,1,1,0,0,0,0,0.9259087443351746
video08,BirdDrone-Local-FT,22,1,1,0,0,0,0,0.7863835096359253
video08,BirdDrone-Local-FT,23,1,1,0,0,0,0,0.9209814071655273
video08,BirdDrone-Local-FT,24,1,1,0,0,0,0,0.9275584816932678
video08,BirdDrone-Local-FT,25,1,1,0,0,0,0,0.9144152998924255
video08,BirdDrone-Local-FT,26,1,1,0,0,0,0,0.9049211144447327
video08,BirdDrone-Local-FT,27,1,1,0,0,0,0,0.9288400411605835
video08,BirdDrone-Local-FT,28,1,1,0,0,1,0,0.25770241022109985
video08,BirdDrone-Local-FT,29,1,1,0,0,0,0,0.9200097322463989
video08,BirdDrone-Local-FT,30,1,1,0,0,0,0,0.8905317783355713
video08,BirdDrone-Local-FT,31,1,1,0,0,0,0,0.9199606776237488
video08,BirdDrone-Local-FT,32,1,1,0,0,0,0,0.9171800017356873
video08,BirdDrone-Local-FT,33,1,1,0,0,0,0,0.6782832741737366
video08,BirdDrone-Local-FT,34,1,1,0,0,0,0,0.9290340542793274
video08,BirdDrone-Local-FT,35,1,1,0,0,0,0,0.9334841966629028
video08,BirdDrone-Local-FT,36,1,1,0,0,0,0,0.9297687411308289
video08,BirdDrone-Local-FT,37,1,1,0,0,0,0,0.9161275625228882
video08,BirdDrone-Local-FT,38,1,1,0,0,0,0,0.9352027773857117
video08,BirdDrone-Local-FT,39,1,1,0,0,0,0,0.9409465193748474
video08,BirdDrone-Local-FT,40,1,1,0,0,0,0,0.9287747144699097
video08,BirdDrone-Local-FT,41,1,1,0,0,0,0,0.9161718487739563
video08,BirdDrone-Local-FT,42,1,1,0,0,0,0,0.9240080714225769
video08,BirdDrone-Local-FT,43,1,1,0,0,0,0,0.9129565358161926
video08,BirdDrone-Local-FT,44,1,1,0,0,0,0,0.9241062998771667
video08,BirdDrone-Local-FT,45,1,1,0,0,0,0,0.9264706373214722
video08,BirdDrone-Local-FT,46,1,1,0,0,0,0,0.9306164979934692
video08,BirdDrone-Local-FT,47,1,1,0,0,0,0,0.920244038105011
video08,BirdDrone-Local-FT,48,1,1,0,0,0,0,0.9331979751586914
video08,BirdDrone-Local-FT,49,1,1,0,0,0,0,0.9329172372817993
video08,BirdDrone-Local-FT,50,1,1,0,0,0,0,0.9186207056045532
video08,BirdDrone-Local-FT,51,1,1,0,0,0,0,0.8818419575691223
video08,BirdDrone-Local-FT,52,1,1,0,0,0,0,0.8189898133277893
video08,BirdDrone-Local-FT,53,1,1,0,0,0,0,0.9136860966682434
video08,BirdDrone-Local-FT,54,1,1,0,0,0,0,0.9133235216140747
video08,BirdDrone-Local-FT,55,1,1,0,0,0,0,0.9106038212776184
video08,BirdDrone-Local-FT,56,1,1,0,0,0,0,0.9235182404518127
video08,BirdDrone-Local-FT,57,1,1,0,0,0,0,0.913914680480957
video08,BirdDrone-Local-FT,58,1,1,0,0,0,0,0.9163881540298462
video08,BirdDrone-Local-FT,59,1,1,0,0,0,0,0.8973009586334229
video08,BirdDrone-Local-FT,60,1,1,0,0,0,0,0.9248359799385071
video08,BirdDrone-Local-FT,61,1,1,0,0,0,0,0.9164524078369141
video08,BirdDrone-Local-FT,62,1,1,0,0,0,0,0.9116312265396118
video08,BirdDrone-Local-FT,63,1,1,0,0,0,0,0.9168839454650879
video08,BirdDrone-Local-FT,64,1,1,0,0,0,0,0.9047569632530212
video08,BirdDrone-Local-FT,65,1,1,0,0,0,0,0.9245423078536987
video08,BirdDrone-Local-FT,66,1,1,0,0,0,0,0.9194850921630859
video08,BirdDrone-Local-FT,67,1,1,0,0,0,0,0.9206165075302124
video08,BirdDrone-Local-FT,68,1,1,0,0,0,0,0.9084246754646301
video08,BirdDrone-Local-FT,69,1,1,0,0,0,0,0.920681893825531
video08,BirdDrone-Local-FT,70,1,1,0,0,0,0,0.9144046306610107
video08,BirdDrone-Local-FT,71,1,1,0,0,0,0,0.9237509965896606
video08,BirdDrone-Local-FT,72,1,1,0,0,1,0,0.2868911921977997
video08,BirdDrone-Local-FT,73,1,1,0,0,0,0,0.9171183109283447
video08,BirdDrone-Local-FT,74,1,1,0,0,0,0,0.8993443250656128
video08,BirdDrone-Local-FT,75,1,1,0,0,0,0,0.9043296575546265
video08,BirdDrone-Local-FT,76,1,1,0,0,0,0,0.867851197719574
video08,BirdDrone-Local-FT,77,1,1,0,0,0,0,0.9323940873146057
video08,BirdDrone-Local-FT,78,1,1,0,0,0,0,0.9161918759346008
video08,BirdDrone-Local-FT,79,1,1,0,0,0,0,0.6446988582611084
video08,BirdDrone-Local-FT,80,1,1,0,0,1,0,0.3226836323738098
video08,BirdDrone-Local-FT,81,0,0,0,0,0,0,0.0
video08,BirdDrone-Local-FT,82,0,0,0,0,0,0,0.0
video08,BirdDrone-Local-FT,83,0,0,0,0,0,0,0.0
video08,BirdDrone-Local-FT,84,0,0,0,0,0,0,0.0
video08,BirdDrone-Local-FT,85,1,1,0,0,0,0,0.872516930103302
video08,BirdDrone-Local-FT,86,1,1,0,0,0,0,0.9209817051887512
video08,BirdDrone-Local-FT,87,1,1,0,0,0,0,0.9178893566131592
video08,BirdDrone-Local-FT,88,1,1,0,0,0,0,0.9227395057678223
video08,BirdDrone-Local-FT,89,1,1,0,0,0,0,0.8222226500511169
video08,BirdDrone-Local-FT,90,1,1,0,0,0,0,0.9012095332145691
video08,BirdDrone-Local-FT,91,1,1,0,0,0,0,0.9248144626617432
video08,BirdDrone-Local-FT,92,1,1,0,0,0,0,0.9034621119499207
video08,BirdDrone-Local-FT,93,1,1,0,0,0,0,0.9241819977760315
video08,BirdDrone-Local-FT,94,1,1,0,0,0,0,0.4163137376308441
video08,BirdDrone-Local-FT,95,1,1,0,0,0,0,0.9132587909698486
video08,BirdDrone-Local-FT,96,1,1,0,0,0,0,0.9314823746681213
video08,BirdDrone-Local-FT,97,1,1,0,0,0,0,0.9249948263168335
video08,BirdDrone-Local-FT,98,1,1,0,0,0,0,0.9337347745895386
video08,BirdDrone-Local-FT,99,1,1,0,0,0,0,0.920986533164978
video08,BirdDrone-Local-FT,100,1,1,0,0,0,0,0.923095703125
video08,BirdDrone-Local-FT,101,1,1,0,0,0,0,0.9285043478012085
video08,BirdDrone-Local-FT,102,1,1,0,0,0,0,0.9292209148406982
video08,BirdDrone-Local-FT,103,1,1,0,0,0,0,0.9181581735610962
video08,BirdDrone-Local-FT,104,1,1,0,0,0,0,0.9367560148239136
video08,BirdDrone-Local-FT,105,1,1,0,0,0,0,0.932164192199707
video08,BirdDrone-Local-FT,106,1,1,0,0,0,0,0.9289000034332275
video08,BirdDrone-Local-FT,107,1,1,0,0,0,0,0.9311116337776184
video08,BirdDrone-Local-FT,108,1,1,0,0,0,0,0.9161303639411926
video08,BirdDrone-Local-FT,109,1,1,0,0,0,0,0.923266589641571
video08,BirdDrone-Local-FT,110,1,1,0,0,0,0,0.9135559797286987
video08,BirdDrone-Local-FT,111,1,1,0,0,0,0,0.9333054423332214
video08,BirdDrone-Local-FT,112,1,1,0,0,0,0,0.9249259233474731
video08,BirdDrone-Local-FT,113,1,1,0,0,0,0,0.919331431388855
video08,BirdDrone-Local-FT,114,1,1,0,0,0,0,0.9285945296287537
video08,BirdDrone-Local-FT,115,1,1,0,0,0,0,0.9289913773536682
video08,BirdDrone-Local-FT,116,1,1,0,0,0,0,0.9279277324676514
video08,BirdDrone-Local-FT,117,1,1,0,0,0,0,0.9306831955909729
video08,BirdDrone-Local-FT,118,1,1,0,0,0,0,0.8436640501022339
video08,BirdDrone-Local-FT,119,1,1,0,0,0,0,0.9182420969009399
video08,BirdDrone-Local-FT,120,1,1,0,0,0,0,0.8988643288612366
video08,BirdDrone-Local-FT,121,1,1,0,0,0,0,0.8580448031425476
video08,BirdDrone-Local-FT,122,1,1,0,0,0,0,0.9096584320068359
video08,BirdDrone-Local-FT,123,1,1,0,0,0,0,0.9218783378601074
video08,BirdDrone-Local-FT,124,1,1,0,0,0,0,0.9068244099617004
video08,BirdDrone-Local-FT,125,1,1,0,0,0,0,0.916542649269104
video08,BirdDrone-Local-FT,126,1,1,0,0,0,0,0.9145206212997437
video08,BirdDrone-Local-FT,127,1,1,0,0,0,0,0.9209985136985779
video08,BirdDrone-Local-FT,128,1,1,0,0,0,0,0.9266037940979004
video08,BirdDrone-Local-FT,129,1,1,0,0,0,0,0.9131765961647034
video08,BirdDrone-Local-FT,130,1,1,0,0,0,0,0.8989292979240417
video08,BirdDrone-Local-FT,131,1,1,0,0,0,0,0.9219469428062439
video08,BirdDrone-Local-FT,132,1,1,0,0,0,0,0.787554919719696
video08,BirdDrone-Local-FT,133,1,1,0,0,0,0,0.9028136730194092
video08,BirdDrone-Local-FT,134,1,1,0,0,0,0,0.8929524421691895
video08,BirdDrone-Local-FT,135,1,1,0,0,0,0,0.9138848781585693
video08,BirdDrone-Local-FT,136,1,1,0,0,0,0,0.6399000287055969
video08,BirdDrone-Local-FT,137,1,1,0,0,0,0,0.8866035342216492
video08,BirdDrone-Local-FT,138,1,1,0,0,0,0,0.88897705078125
video08,BirdDrone-Local-FT,139,1,1,0,0,0,0,0.8970542550086975
video08,BirdDrone-Local-FT,140,1,1,0,0,0,0,0.9057032465934753
video08,BirdDrone-Local-FT,141,1,1,0,0,0,0,0.917789101600647
video08,BirdDrone-Local-FT,142,1,1,0,0,0,0,0.8905314803123474
video08,BirdDrone-Local-FT,143,1,1,0,0,0,0,0.9061251878738403
video08,BirdDrone-Local-FT,144,1,1,0,0,0,0,0.8896294832229614
video08,BirdDrone-Local-FT,145,1,1,0,0,0,0,0.9184954762458801
video08,BirdDrone-Local-FT,146,1,1,0,0,0,0,0.9250401258468628
video08,BirdDrone-Local-FT,147,1,1,0,0,0,0,0.896740734577179
video08,BirdDrone-Local-FT,148,1,1,0,0,0,0,0.8858667612075806
video08,BirdDrone-Local-FT,149,1,1,0,0,0,0,0.9279513955116272
video08,BirdDrone-Local-FT,150,1,1,0,0,0,0,0.9162664413452148
video08,BirdDrone-Local-FT,151,1,1,0,0,0,0,0.9107365012168884
video08,BirdDrone-Local-FT,152,1,1,0,0,0,0,0.9269390106201172
video08,BirdDrone-Local-FT,153,1,1,0,0,0,0,0.9199391007423401
video08,BirdDrone-Local-FT,154,1,1,0,0,0,0,0.8976239562034607
video08,BirdDrone-Local-FT,155,1,1,0,0,0,0,0.8980233073234558
video08,BirdDrone-Local-FT,156,1,1,0,0,0,0,0.9046034216880798
video08,BirdDrone-Local-FT,157,1,1,0,0,0,0,0.9155351519584656
video08,BirdDrone-Local-FT,158,1,1,0,0,0,0,0.9184662103652954
video08,BirdDrone-Local-FT,159,1,1,0,0,0,0,0.8957597017288208
video08,BirdDrone-Local-FT,160,1,1,0,0,0,0,0.9099905490875244
video08,BirdDrone-Local-FT,161,1,1,0,0,0,0,0.9089487195014954
video08,BirdDrone-Local-FT,162,1,1,0,0,0,0,0.9070998430252075
video08,BirdDrone-Local-FT,163,1,1,0,0,0,0,0.908238410949707
video08,BirdDrone-Local-FT,164,1,1,0,0,0,0,0.9141793251037598
video08,BirdDrone-Local-FT,165,1,1,0,0,0,0,0.8860921859741211
video08,BirdDrone-Local-FT,166,1,1,0,0,0,0,0.8940373063087463
video08,BirdDrone-Local-FT,167,1,1,0,0,0,0,0.885099470615387
video08,BirdDrone-Local-FT,168,1,1,0,0,0,0,0.8897165656089783
video08,BirdDrone-Local-FT,169,1,1,0,0,0,0,0.8681885600090027
video08,BirdDrone-Local-FT,170,1,1,0,0,0,0,0.8623996376991272
video08,BirdDrone-Local-FT,171,1,1,0,0,0,0,0.8350553512573242
video08,BirdDrone-Local-FT,172,2,2,0,0,0,0,0.5644699931144714
video08,BirdDrone-Local-FT,173,1,1,0,0,0,0,0.886857271194458
video08,BirdDrone-Local-FT,174,1,1,0,0,0,0,0.8898137807846069
video08,BirdDrone-Local-FT,175,1,1,0,0,0,0,0.8612122535705566
video08,BirdDrone-Local-FT,176,1,1,0,0,0,0,0.8546044826507568
video08,BirdDrone-Local-FT,177,1,1,0,0,0,0,0.8345428705215454
video08,BirdDrone-Local-FT,178,1,1,0,0,0,0,0.8509750962257385
video08,BirdDrone-Local-FT,179,1,1,0,0,0,0,0.849858283996582
video08,BirdDrone-Local-FT,180,1,1,0,0,0,0,0.8651695847511292
video08,BirdDrone-Local-FT,181,1,1,0,0,0,0,0.8463321328163147
video08,BirdDrone-Local-FT,182,1,1,0,0,0,0,0.8538587689399719
video08,BirdDrone-Local-FT,183,1,1,0,0,0,0,0.8581362366676331
video08,BirdDrone-Local-FT,184,1,1,0,0,0,0,0.853512704372406
video08,BirdDrone-Local-FT,185,1,1,0,0,0,0,0.8653585910797119
video08,BirdDrone-Local-FT,186,1,1,0,0,0,0,0.8584360480308533
video08,BirdDrone-Local-FT,187,1,1,0,0,0,0,0.8618118166923523
video08,BirdDrone-Local-FT,188,1,1,0,0,0,0,0.8623718023300171
video08,BirdDrone-Local-FT,189,1,1,0,0,0,0,0.8701869249343872
video08,BirdDrone-Local-FT,190,1,1,0,0,0,0,0.7138382792472839
video08,BirdDrone-Local-FT,191,1,1,0,0,0,0,0.7974950671195984
video08,BirdDrone-Local-FT,192,0,0,0,0,0,0,0.0
video08,BirdDrone-Local-FT,193,0,0,0,0,0,0,0.0
video08,BirdDrone-Local-FT,194,0,0,0,0,0,0,0.0
video08,BirdDrone-Local-FT,195,1,1,0,0,1,0,0.33205166459083557
video08,BirdDrone-Local-FT,196,0,0,0,0,0,0,0.0
video08,BirdDrone-Local-FT,197,0,0,0,0,0,0,0.0
video08,BirdDrone-Local-FT,198,0,0,0,0,0,0,0.0
video08,BirdDrone-Local-FT,199,0,0,0,0,0,0,0.0
video08,BirdDrone-Local-FT,200,1,1,0,0,1,0,0.30802392959594727
video08,BirdDrone-Local-FT,201,0,0,0,0,0,0,0.0
video08,BirdDrone-Local-FT,202,0,0,0,0,0,0,0.0
video08,BirdDrone-Local-FT,203,0,0,0,0,0,0,0.0
video08,BirdDrone-Local-FT,204,0,0,0,0,0,0,0.0
video08,BirdDrone-Local-FT,205,0,0,0,0,0,0,0.0
video08,BirdDrone-Local-FT,206,2,2,0,0,0,0,0.6289225816726685
video08,BirdDrone-Local-FT,207,2,2,0,0,0,0,0.6029413938522339
video08,BirdDrone-Local-FT,208,1,1,0,0,0,0,0.746119499206543
video08,BirdDrone-Local-FT,209,1,1,0,0,0,0,0.7684244513511658
video08,BirdDrone-Local-FT,210,1,1,0,0,0,0,0.7879620790481567
video08,BirdDrone-Local-FT,211,1,1,0,0,1,0,0.3060436546802521
video08,BirdDrone-Local-FT,212,1,1,0,0,0,0,0.6276307702064514
video08,BirdDrone-Local-FT,213,1,1,0,0,0,0,0.4787140190601349
video08,BirdDrone-Local-FT,214,0,0,0,0,0,0,0.0
video08,BirdDrone-Local-FT,215,0,0,0,0,0,0,0.0
video08,BirdDrone-Local-FT,216,1,1,0,0,0,0,0.40442588925361633
video08,BirdDrone-Local-FT,217,1,1,0,0,1,0,0.2564893960952759
video08,BirdDrone-Local-FT,218,1,1,0,0,0,0,0.47541067004203796
video08,BirdDrone-Local-FT,219,1,1,0,0,0,0,0.6887101531028748
video08,BirdDrone-Local-FT,220,1,1,0,0,0,0,0.8713889718055725
video08,BirdDrone-Local-FT,221,1,1,0,0,0,0,0.8334604501724243
video08,BirdDrone-Local-FT,222,1,1,0,0,0,0,0.8478711247444153
video08,BirdDrone-Local-FT,223,1,1,0,0,0,0,0.8808751702308655
video08,BirdDrone-Local-FT,224,1,1,0,0,0,0,0.8855772018432617
video08,BirdDrone-Local-FT,225,1,1,0,0,0,0,0.8889561295509338
video08,BirdDrone-Local-FT,226,1,1,0,0,0,0,0.8936200737953186
video08,BirdDrone-Local-FT,227,1,1,0,0,0,0,0.8630211353302002
video08,BirdDrone-Local-FT,228,1,1,0,0,0,0,0.8844916224479675
video08,BirdDrone-Local-FT,229,1,1,0,0,0,0,0.8981325030326843
video08,BirdDrone-Local-FT,230,1,1,0,0,0,0,0.9066787362098694
video08,BirdDrone-Local-FT,231,1,1,0,0,0,0,0.8602833151817322
video08,BirdDrone-Local-FT,232,1,1,0,0,0,0,0.896168053150177
video08,BirdDrone-Local-FT,233,1,1,0,0,0,0,0.9051281213760376
video08,BirdDrone-Local-FT,234,1,1,0,0,0,0,0.8902262449264526
video08,BirdDrone-Local-FT,235,1,1,0,0,0,0,0.9010338187217712
video08,BirdDrone-Local-FT,236,1,1,0,0,0,0,0.9036832451820374
video08,BirdDrone-Local-FT,237,1,1,0,0,0,0,0.9102112650871277
video08,BirdDrone-Local-FT,238,1,1,0,0,0,0,0.8872374296188354
video08,BirdDrone-Local-FT,239,1,1,0,0,0,0,0.8682531714439392
video08,BirdDrone-Local-FT,240,1,1,0,0,0,0,0.8925905823707581
video08,BirdDrone-Local-FT,241,1,1,0,0,0,0,0.9153223633766174
video08,BirdDrone-Local-FT,242,1,1,0,0,0,0,0.91893070936203
video08,BirdDrone-Local-FT,243,1,1,0,0,0,0,0.9000007510185242
video08,BirdDrone-Local-FT,244,1,1,0,0,0,0,0.9106264710426331
video08,BirdDrone-Local-FT,245,1,1,0,0,0,0,0.9069852828979492
video08,BirdDrone-Local-FT,246,1,1,0,0,0,0,0.9130833148956299
video08,BirdDrone-Local-FT,247,1,1,0,0,0,0,0.9115042090415955
video08,BirdDrone-Local-FT,248,1,1,0,0,0,0,0.9188516139984131
video08,BirdDrone-Local-FT,249,1,1,0,0,0,0,0.9087591171264648
video08,BirdDrone-Local-FT,250,1,1,0,0,0,0,0.8925739526748657
video08,BirdDrone-Local-FT,251,1,1,0,0,0,0,0.9040157198905945
video08,BirdDrone-Local-FT,252,1,1,0,0,0,0,0.9040223956108093
video08,BirdDrone-Local-FT,253,1,1,0,0,0,0,0.9054967761039734
video08,BirdDrone-Local-FT,254,1,1,0,0,0,0,0.9036006927490234
video08,BirdDrone-Local-FT,255,1,1,0,0,0,0,0.9154769778251648
video08,BirdDrone-Local-FT,256,1,1,0,0,0,0,0.9114677906036377
video08,BirdDrone-Local-FT,257,1,1,0,0,0,0,0.9160392880439758
video08,BirdDrone-Local-FT,258,1,1,0,0,0,0,0.9163855314254761
video08,BirdDrone-Local-FT,259,1,1,0,0,0,0,0.9117278456687927
video08,BirdDrone-Local-FT,260,1,1,0,0,0,0,0.9187020659446716
video08,BirdDrone-Local-FT,261,1,1,0,0,0,0,0.9172413945198059
video08,BirdDrone-Local-FT,262,1,1,0,0,0,0,0.9113994240760803
video08,BirdDrone-Local-FT,263,1,1,0,0,0,0,0.9096441268920898
video08,BirdDrone-Local-FT,264,1,1,0,0,0,0,0.9135116934776306
video08,BirdDrone-Local-FT,265,1,1,0,0,0,0,0.8956960439682007
video08,BirdDrone-Local-FT,266,1,1,0,0,0,0,0.9239882826805115
video08,BirdDrone-Local-FT,267,1,1,0,0,0,0,0.9085330367088318
video08,BirdDrone-Local-FT,268,1,1,0,0,0,0,0.8886768221855164
video08,BirdDrone-Local-FT,269,1,1,0,0,0,0,0.9054616689682007
video08,BirdDrone-Local-FT,270,1,1,0,0,0,0,0.8862290978431702
video08,BirdDrone-Local-FT,271,1,1,0,0,0,0,0.8823493123054504
video08,BirdDrone-Local-FT,272,2,2,0,0,1,0,0.3610190749168396
video08,BirdDrone-Local-FT,273,1,1,0,0,0,0,0.8524823784828186
video08,BirdDrone-Local-FT,274,1,1,0,0,0,0,0.8353783488273621
video08,BirdDrone-Local-FT,275,1,1,0,0,0,0,0.8694906830787659
video08,BirdDrone-Local-FT,276,1,1,0,0,0,0,0.8578677773475647
video08,BirdDrone-Local-FT,277,1,1,0,0,0,0,0.8408023715019226
video08,BirdDrone-Local-FT,278,1,1,0,0,0,0,0.8540088534355164
video08,BirdDrone-Local-FT,279,1,1,0,0,0,0,0.8670181632041931
video08,BirdDrone-Local-FT,280,1,1,0,0,0,0,0.8847358822822571
video08,BirdDrone-Local-FT,281,1,1,0,0,0,0,0.8779008984565735
video08,BirdDrone-Local-FT,282,1,1,0,0,0,0,0.9023417234420776
video08,BirdDrone-Local-FT,283,1,1,0,0,0,0,0.9085968136787415
video08,BirdDrone-Local-FT,284,1,1,0,0,0,0,0.9179089069366455
video08,BirdDrone-Local-FT,285,1,1,0,0,0,0,0.9137809872627258
video08,BirdDrone-Local-FT,286,1,1,0,0,0,0,0.9171964526176453
video08,BirdDrone-Local-FT,287,1,1,0,0,0,0,0.9174241423606873
video08,BirdDrone-Local-FT,288,1,1,0,0,0,0,0.900567889213562
video08,BirdDrone-Local-FT,289,1,1,0,0,0,0,0.894738495349884
video08,BirdDrone-Local-FT,290,2,2,0,0,1,0,0.7643222808837891
video08,BirdDrone-Local-FT,291,1,1,0,0,0,0,0.9053968787193298
video08,BirdDrone-Local-FT,292,1,1,0,0,0,0,0.9067473411560059
video08,BirdDrone-Local-FT,293,1,1,0,0,0,0,0.905082106590271
video08,BirdDrone-Local-FT,294,1,1,0,0,0,0,0.9194405674934387
video08,BirdDrone-Local-FT,295,1,1,0,0,0,0,0.9155731797218323
video08,BirdDrone-Local-FT,296,1,1,0,0,0,0,0.8886789679527283
video08,BirdDrone-Local-FT,297,1,1,0,0,0,0,0.9103029370307922
video08,BirdDrone-Local-FT,298,1,1,0,0,0,0,0.9200639128684998
video08,BirdDrone-Local-FT,299,1,1,0,0,0,0,0.9137328863143921
video08,BirdDrone-Local-FT,300,1,1,0,0,0,0,0.9169398546218872
video08,BirdDrone-Local-FT,301,1,1,0,0,0,0,0.9179286956787109
video08,BirdDrone-Local-FT,302,1,1,0,0,0,0,0.9010398387908936
video08,BirdDrone-Local-FT,303,1,1,0,0,0,0,0.8622017502784729
video08,BirdDrone-Local-FT,304,1,1,0,0,0,0,0.907589852809906
video08,BirdDrone-Local-FT,305,1,1,0,0,0,0,0.9254233241081238
video08,BirdDrone-Local-FT,306,1,1,0,0,0,0,0.9173979759216309
video08,BirdDrone-Local-FT,307,1,1,0,0,0,0,0.9066029191017151
video08,BirdDrone-Local-FT,308,1,1,0,0,0,0,0.8762572407722473
video08,BirdDrone-Local-FT,309,1,1,0,0,0,0,0.8854501843452454
video08,BirdDrone-Local-FT,310,1,1,0,0,0,0,0.9012593030929565
video08,BirdDrone-Local-FT,311,1,1,0,0,0,0,0.8729462027549744
video08,BirdDrone-Local-FT,312,1,1,0,0,0,0,0.7806246280670166
video08,BirdDrone-Local-FT,313,1,1,0,0,0,0,0.8283993005752563
video08,BirdDrone-Local-FT,314,1,1,0,0,0,0,0.8733962178230286
video08,BirdDrone-Local-FT,315,1,1,0,0,0,0,0.881418764591217
video08,BirdDrone-Local-FT,316,1,1,0,0,0,0,0.8544443845748901
video08,BirdDrone-Local-FT,317,1,1,0,0,0,0,0.7020466923713684
video08,BirdDrone-Local-FT,318,1,1,0,0,0,0,0.4379044473171234
video08,BirdDrone-Local-FT,319,0,0,0,0,0,0,0.0
video08,BirdDrone-Local-FT,320,0,0,0,0,0,0,0.0
video08,BirdDrone-Local-FT,321,0,0,0,0,0,0,0.0
video08,BirdDrone-Local-FT,322,0,0,0,0,0,0,0.0
video08,BirdDrone-Local-FT,323,0,0,0,0,0,0,0.0
video08,BirdDrone-Local-FT,324,0,0,0,0,0,0,0.0
video08,BirdDrone-Local-FT,325,0,0,0,0,0,0,0.0
video08,BirdDrone-Local-FT,326,0,0,0,0,0,0,0.0
video08,BirdDrone-Local-FT,327,0,0,0,0,0,0,0.0
video08,BirdDrone-Local-FT,328,0,0,0,0,0,0,0.0
video08,BirdDrone-Local-FT,329,0,0,0,0,0,0,0.0
video08,BirdDrone-Local-FT,330,1,1,0,0,0,0,0.3919726312160492
video08,BirdDrone-Local-FT,331,1,1,0,0,0,0,0.769195020198822
video08,BirdDrone-Local-FT,332,1,1,0,0,0,0,0.7273383736610413
video08,BirdDrone-Local-FT,333,1,1,0,0,0,0,0.6337489485740662
video08,BirdDrone-Local-FT,334,0,0,0,0,0,0,0.0
video08,BirdDrone-Local-FT,335,1,1,0,0,0,0,0.4848790764808655
video08,BirdDrone-Local-FT,336,0,0,0,0,0,0,0.0
video08,BirdDrone-Local-FT,337,0,0,0,0,0,0,0.0
video08,BirdDrone-Local-FT,338,0,0,0,0,0,0,0.0
video08,BirdDrone-Local-FT,339,0,0,0,0,0,0,0.0
video08,BirdDrone-Local-FT,340,0,0,0,0,0,0,0.0
video08,BirdDrone-Local-FT,341,1,1,0,0,0,0,0.7116277813911438
video08,BirdDrone-Local-FT,342,1,1,0,0,0,0,0.6775429844856262
video08,BirdDrone-Local-FT,343,1,1,0,0,0,0,0.6745160818099976
video08,BirdDrone-Local-FT,344,1,1,0,0,0,0,0.592887818813324
video08,BirdDrone-Local-FT,345,1,1,0,0,0,0,0.5912546515464783
video08,BirdDrone-Local-FT,346,1,1,0,0,0,0,0.9180972576141357
video08,BirdDrone-Local-FT,347,1,1,0,0,0,0,0.9183356761932373
video08,BirdDrone-Local-FT,348,1,1,0,0,0,0,0.9183070063591003
video08,BirdDrone-Local-FT,349,1,1,0,0,0,0,0.9280527830123901
video08,BirdDrone-Local-FT,350,1,1,0,0,0,0,0.920092761516571
video08,BirdDrone-Local-FT,351,1,1,0,0,0,0,0.9200772047042847
video08,BirdDrone-Local-FT,352,1,1,0,0,0,0,0.9278756380081177
video08,BirdDrone-Local-FT,353,1,1,0,0,0,0,0.924001932144165
video08,BirdDrone-Local-FT,354,1,1,0,0,0,0,0.9240758419036865
video08,BirdDrone-Local-FT,355,1,1,0,0,0,0,0.9250768423080444
video08,BirdDrone-Local-FT,356,1,1,0,0,0,0,0.9219565391540527
video08,BirdDrone-Local-FT,357,1,1,0,0,0,0,0.9224711656570435
video08,BirdDrone-Local-FT,358,1,1,0,0,0,0,0.9287694692611694
video08,BirdDrone-Local-FT,359,1,1,0,0,0,0,0.9164525270462036
video08,BirdDrone-Local-FT,360,1,1,0,0,0,0,0.9284970760345459
video08,BirdDrone-Local-FT,361,1,1,0,0,0,0,0.9292009472846985
video08,BirdDrone-Local-FT,362,1,1,0,0,0,0,0.8234813809394836
video08,BirdDrone-Local-FT,363,1,1,0,0,0,0,0.8236501216888428
video08,BirdDrone-Local-FT,364,1,1,0,0,0,0,0.8008645176887512
video08,BirdDrone-Local-FT,365,1,1,0,0,0,0,0.887049674987793
video08,BirdDrone-Local-FT,366,1,1,0,0,0,0,0.8884952664375305
video08,BirdDrone-Local-FT,367,1,1,0,0,0,0,0.9012746214866638
video08,BirdDrone-Local-FT,368,1,1,0,0,0,0,0.8586063385009766
video08,BirdDrone-Local-FT,369,1,1,0,0,0,0,0.8589524030685425
video08,BirdDrone-Local-FT,370,1,1,0,0,0,0,0.9142459630966187
video08,BirdDrone-Local-FT,371,2,2,0,0,0,0,0.6617118120193481
video08,BirdDrone-Local-FT,372,1,1,0,0,0,0,0.9037129878997803
video08,BirdDrone-Local-FT,373,1,1,0,0,0,0,0.8823869228363037
video08,BirdDrone-Local-FT,374,1,1,0,0,0,0,0.869361937046051
video08,BirdDrone-Local-FT,375,1,1,0,0,0,0,0.8813343048095703
video08,BirdDrone-Local-FT,376,1,1,0,0,0,0,0.8555890321731567
video08,BirdDrone-Local-FT,377,1,1,0,0,0,0,0.8717895150184631
video08,BirdDrone-Local-FT,378,1,1,0,0,0,0,0.8430068492889404
video08,BirdDrone-Local-FT,379,1,1,0,0,0,0,0.8953912258148193
video08,BirdDrone-Local-FT,380,1,1,0,0,0,0,0.8883038759231567
video08,BirdDrone-Local-FT,381,1,1,0,0,0,0,0.8898935317993164
video08,BirdDrone-Local-FT,382,1,1,0,0,0,0,0.8732969760894775
video08,BirdDrone-Local-FT,383,1,1,0,0,0,0,0.8958576917648315
video08,BirdDrone-Local-FT,384,1,1,0,0,0,0,0.8862115144729614
video08,BirdDrone-Local-FT,385,1,1,0,0,0,0,0.8655950427055359
video08,BirdDrone-Local-FT,386,1,1,0,0,0,0,0.8576472401618958
video08,BirdDrone-Local-FT,387,1,1,0,0,0,0,0.8630305528640747
video08,BirdDrone-Local-FT,388,1,1,0,0,0,0,0.9054970741271973
video08,BirdDrone-Local-FT,389,1,1,0,0,0,0,0.9132281541824341
video08,BirdDrone-Local-FT,390,1,1,0,0,0,0,0.898277759552002
video08,BirdDrone-Local-FT,391,1,1,0,0,0,0,0.8986809849739075
video08,BirdDrone-Local-FT,392,1,1,0,0,0,0,0.9087837338447571
video08,BirdDrone-Local-FT,393,1,1,0,0,0,0,0.8732057213783264
video08,BirdDrone-Local-FT,394,1,1,0,0,0,0,0.8787910342216492
video08,BirdDrone-Local-FT,395,1,1,0,0,0,0,0.8809017539024353
video08,BirdDrone-Local-FT,396,1,1,0,0,0,0,0.8955315351486206
video08,BirdDrone-Local-FT,397,1,1,0,0,0,0,0.8855361938476562
video08,BirdDrone-Local-FT,398,1,1,0,0,0,0,0.8953263759613037
video08,BirdDrone-Local-FT,399,1,1,0,0,0,0,0.8947282433509827
video08,BirdDrone-Local-FT,400,1,1,0,0,0,0,0.8972232937812805
video08,BirdDrone-Local-FT,401,1,1,0,0,0,0,0.9085808396339417
video08,BirdDrone-Local-FT,402,1,1,0,0,0,0,0.9158560037612915
video08,BirdDrone-Local-FT,403,1,1,0,0,0,0,0.9029169678688049
video08,BirdDrone-Local-FT,404,1,1,0,0,0,0,0.8946707248687744
video08,BirdDrone-Local-FT,405,2,2,0,0,1,0,0.40220221877098083
video08,BirdDrone-Local-FT,406,1,1,0,0,0,0,0.903032660484314
video08,BirdDrone-Local-FT,407,1,1,0,0,0,0,0.8823582530021667
video08,BirdDrone-Local-FT,408,1,1,0,0,0,0,0.8956459164619446
video08,BirdDrone-Local-FT,409,1,1,0,0,0,0,0.9053019881248474
video08,BirdDrone-Local-FT,410,1,1,0,0,0,0,0.9133473038673401
video08,BirdDrone-Local-FT,411,1,1,0,0,0,0,0.9206691384315491
video08,BirdDrone-Local-FT,412,1,1,0,0,0,0,0.9268168210983276
video08,BirdDrone-Local-FT,413,1,1,0,0,0,0,0.910653829574585
video08,BirdDrone-Local-FT,414,1,1,0,0,0,0,0.9263282418251038
video08,BirdDrone-Local-FT,415,1,1,0,0,0,0,0.9200444221496582
video08,BirdDrone-Local-FT,416,1,1,0,0,0,0,0.9165152907371521
video08,BirdDrone-Local-FT,417,1,1,0,0,0,0,0.9134419560432434
video08,BirdDrone-Local-FT,418,1,1,0,0,0,0,0.9187991619110107
video08,BirdDrone-Local-FT,419,1,1,0,0,0,0,0.9142608046531677
video08,BirdDrone-Local-FT,420,1,1,0,0,0,0,0.9102141261100769
video08,BirdDrone-Local-FT,421,1,1,0,0,0,0,0.9149143099784851
video08,BirdDrone-Local-FT,422,1,1,0,0,0,0,0.8951140642166138
video08,BirdDrone-Local-FT,423,1,1,0,0,0,0,0.9151001572608948
video08,BirdDrone-Local-FT,424,1,1,0,0,0,0,0.9044192433357239
video08,BirdDrone-Local-FT,425,1,1,0,0,0,0,0.8970322608947754
video08,BirdDrone-Local-FT,426,1,1,0,0,0,0,0.8959373831748962
video08,BirdDrone-Local-FT,427,1,1,0,0,0,0,0.890926718711853
video08,BirdDrone-Local-FT,428,1,1,0,0,0,0,0.9004061818122864
video08,BirdDrone-Local-FT,429,1,1,0,0,0,0,0.904885470867157
video08,BirdDrone-Local-FT,430,1,1,0,0,0,0,0.9008045196533203
video08,BirdDrone-Local-FT,431,1,1,0,0,0,0,0.9053517580032349
video08,BirdDrone-Local-FT,432,1,1,0,0,0,0,0.9121140241622925
video08,BirdDrone-Local-FT,433,1,1,0,0,0,0,0.9093217849731445
video08,BirdDrone-Local-FT,434,1,1,0,0,0,0,0.9213518500328064
video08,BirdDrone-Local-FT,435,1,1,0,0,0,0,0.9207533597946167
video08,BirdDrone-Local-FT,436,1,1,0,0,0,0,0.9147676825523376
video08,BirdDrone-Local-FT,437,1,1,0,0,0,0,0.9007156491279602
video08,BirdDrone-Local-FT,438,1,1,0,0,0,0,0.9048811793327332
video08,BirdDrone-Local-FT,439,1,1,0,0,0,0,0.9154678583145142
video08,BirdDrone-Local-FT,440,1,1,0,0,0,0,0.8917016983032227
video08,BirdDrone-Local-FT,441,1,1,0,0,0,0,0.8838299512863159
video08,BirdDrone-Local-FT,442,1,1,0,0,0,0,0.870778501033783
video08,BirdDrone-Local-FT,443,1,1,0,0,0,0,0.8722730278968811
video08,BirdDrone-Local-FT,444,1,1,0,0,0,0,0.8788363337516785
video08,BirdDrone-Local-FT,445,1,1,0,0,0,0,0.9083516001701355
video08,BirdDrone-Local-FT,446,1,1,0,0,0,0,0.8890641331672668
video08,BirdDrone-Local-FT,447,1,1,0,0,0,0,0.856819748878479
video08,BirdDrone-Local-FT,448,1,1,0,0,0,0,0.9089515209197998
video08,BirdDrone-Local-FT,449,1,1,0,0,0,0,0.899202287197113
video08,BirdDrone-Local-FT,450,1,1,0,0,0,0,0.8951244950294495
video08,BirdDrone-Local-FT,451,1,1,0,0,0,0,0.9074613451957703
video08,BirdDrone-Local-FT,452,1,1,0,0,0,0,0.9093785881996155
video08,BirdDrone-Local-FT,453,1,1,0,0,0,0,0.9089441299438477
video08,BirdDrone-Local-FT,454,1,1,0,0,0,0,0.9045596718788147
video08,BirdDrone-Local-FT,455,1,1,0,0,0,0,0.9021694660186768
video08,BirdDrone-Local-FT,456,1,1,0,0,0,0,0.9092993140220642
video08,BirdDrone-Local-FT,457,1,1,0,0,0,0,0.8879578709602356
video08,BirdDrone-Local-FT,458,1,1,0,0,0,0,0.8863769173622131
video08,BirdDrone-Local-FT,459,1,1,0,0,0,0,0.9129997491836548
video08,BirdDrone-Local-FT,460,1,1,0,0,0,0,0.896548330783844
video08,BirdDrone-Local-FT,461,1,1,0,0,0,0,0.8873728513717651
video08,BirdDrone-Local-FT,462,1,1,0,0,0,0,0.8954411149024963
video08,BirdDrone-Local-FT,463,1,1,0,0,0,0,0.8957016468048096
video08,BirdDrone-Local-FT,464,1,1,0,0,0,0,0.9053374528884888
video08,BirdDrone-Local-FT,465,1,1,0,0,0,0,0.9070883393287659
video08,BirdDrone-Local-FT,466,1,1,0,0,0,0,0.8997243642807007
video08,BirdDrone-Local-FT,467,1,1,0,0,0,0,0.845808207988739
video08,BirdDrone-Local-FT,468,1,1,0,0,0,0,0.887822151184082
video08,BirdDrone-Local-FT,469,1,1,0,0,0,0,0.901531994342804
video08,BirdDrone-Local-FT,470,1,1,0,0,0,0,0.8995566964149475
video08,BirdDrone-Local-FT,471,1,1,0,0,0,0,0.9019389152526855
video08,BirdDrone-Local-FT,472,1,1,0,0,0,0,0.8893042802810669
video08,BirdDrone-Local-FT,473,1,1,0,0,0,0,0.8965654373168945
video08,BirdDrone-Local-FT,474,1,1,0,0,0,0,0.8875930309295654
video08,BirdDrone-Local-FT,475,1,1,0,0,0,0,0.8812959790229797
video08,BirdDrone-Local-FT,476,1,1,0,0,0,0,0.8783190250396729
video08,BirdDrone-Local-FT,477,1,1,0,0,0,0,0.890449047088623
video08,BirdDrone-Local-FT,478,1,1,0,0,0,0,0.9053478240966797
video08,BirdDrone-Local-FT,479,1,1,0,0,0,0,0.8960568308830261
video08,BirdDrone-Local-FT,480,1,1,0,0,0,0,0.8834865689277649
video08,BirdDrone-Local-FT,481,1,1,0,0,0,0,0.6562560796737671
video08,BirdDrone-Local-FT,482,1,1,0,0,0,0,0.8765188455581665
video08,BirdDrone-Local-FT,483,1,1,0,0,0,0,0.8837159276008606
video08,BirdDrone-Local-FT,484,1,1,0,0,0,0,0.8963555693626404
video08,BirdDrone-Local-FT,485,1,1,0,0,0,0,0.8920295238494873
video08,BirdDrone-Local-FT,486,1,1,0,0,0,0,0.9054410457611084
video08,BirdDrone-Local-FT,487,1,1,0,0,0,0,0.9187590479850769
video08,BirdDrone-Local-FT,488,1,1,0,0,0,0,0.8930113315582275
video08,BirdDrone-Local-FT,489,1,1,0,0,0,0,0.8910714387893677
video08,BirdDrone-Local-FT,490,1,1,0,0,0,0,0.9040488600730896
video08,BirdDrone-Local-FT,491,1,1,0,0,0,0,0.9042885899543762
video08,BirdDrone-Local-FT,492,1,1,0,0,0,0,0.8852808475494385
video08,BirdDrone-Local-FT,493,1,1,0,0,0,0,0.9011691808700562
video08,BirdDrone-Local-FT,494,1,1,0,0,0,0,0.8932113647460938
video08,BirdDrone-Local-FT,495,1,1,0,0,0,0,0.8716181516647339
video08,BirdDrone-Local-FT,496,1,1,0,0,0,0,0.8822581768035889
video08,BirdDrone-Local-FT,497,1,1,0,0,0,0,0.8752629160881042
video08,BirdDrone-Local-FT,498,1,1,0,0,0,0,0.8913947939872742
video08,BirdDrone-Local-FT,499,1,1,0,0,0,0,0.8746223449707031
video08,BirdDrone-Local-FT,500,1,1,0,0,0,0,0.8786867260932922
video08,BirdDrone-Local-FT,501,1,1,0,0,0,0,0.8956476449966431
video08,BirdDrone-Local-FT,502,1,1,0,0,0,0,0.8685902953147888
video08,BirdDrone-Local-FT,503,1,1,0,0,0,0,0.8501690626144409
video08,BirdDrone-Local-FT,504,1,1,0,0,0,0,0.881982684135437
video08,BirdDrone-Local-FT,505,1,1,0,0,0,0,0.8514786958694458
video08,BirdDrone-Local-FT,506,1,1,0,0,0,0,0.8740602731704712
video08,BirdDrone-Local-FT,507,1,1,0,0,0,0,0.8817223906517029
video08,BirdDrone-Local-FT,508,1,1,0,0,0,0,0.8741141557693481
video08,BirdDrone-Local-FT,509,1,1,0,0,0,0,0.8827885985374451
video08,BirdDrone-Local-FT,510,1,1,0,0,0,0,0.8917712569236755
video08,BirdDrone-Local-FT,511,1,1,0,0,0,0,0.8841455578804016
video08,BirdDrone-Local-FT,512,1,1,0,0,0,0,0.8985450267791748
video08,BirdDrone-Local-FT,513,1,1,0,0,0,0,0.8906794786453247
video08,BirdDrone-Local-FT,514,1,1,0,0,0,0,0.8909028768539429
video08,BirdDrone-Local-FT,515,1,1,0,0,0,0,0.8996878862380981
video08,BirdDrone-Local-FT,516,1,1,0,0,0,0,0.9073100686073303
video08,BirdDrone-Local-FT,517,1,1,0,0,0,0,0.899346649646759
video08,BirdDrone-Local-FT,518,1,1,0,0,0,0,0.8844126462936401
video08,BirdDrone-Local-FT,519,1,1,0,0,0,0,0.8738478422164917
video08,BirdDrone-Local-FT,520,1,1,0,0,0,0,0.877457320690155
video08,BirdDrone-Local-FT,521,1,1,0,0,0,0,0.872711181640625
video08,BirdDrone-Local-FT,522,1,1,0,0,0,0,0.8784149289131165
video08,BirdDrone-Local-FT,523,1,1,0,0,0,0,0.884148120880127
video08,BirdDrone-Local-FT,524,1,1,0,0,0,0,0.8893527388572693
video08,BirdDrone-Local-FT,525,1,1,0,0,0,0,0.8971916437149048
video08,BirdDrone-Local-FT,526,1,1,0,0,0,0,0.8963544964790344
video08,BirdDrone-Local-FT,527,1,1,0,0,0,0,0.8847870230674744
video08,BirdDrone-Local-FT,528,1,1,0,0,0,0,0.8853462338447571
video08,BirdDrone-Local-FT,529,1,1,0,0,0,0,0.8861788511276245
video08,BirdDrone-Local-FT,530,1,1,0,0,0,0,0.8824042081832886
video08,BirdDrone-Local-FT,531,1,1,0,0,0,0,0.883649468421936
video08,BirdDrone-Local-FT,532,1,1,0,0,0,0,0.851560652256012
video08,BirdDrone-Local-FT,533,1,1,0,0,0,0,0.8685389757156372
video08,BirdDrone-Local-FT,534,1,1,0,0,0,0,0.8709247708320618
video08,BirdDrone-Local-FT,535,1,1,0,0,0,0,0.8995227217674255
video08,BirdDrone-Local-FT,536,1,1,0,0,0,0,0.9034296274185181
video08,BirdDrone-Local-FT,537,1,1,0,0,0,0,0.906315803527832
video08,BirdDrone-Local-FT,538,1,1,0,0,0,0,0.873509407043457
video08,BirdDrone-Local-FT,539,1,1,0,0,0,0,0.8959315419197083
video08,BirdDrone-Local-FT,540,1,1,0,0,0,0,0.8398299813270569
video08,BirdDrone-Local-FT,541,1,1,0,0,0,0,0.8706069588661194
video08,BirdDrone-Local-FT,542,1,1,0,0,0,0,0.8549584746360779
video08,BirdDrone-Local-FT,543,1,1,0,0,0,0,0.8776913285255432
video08,BirdDrone-Local-FT,544,1,1,0,0,0,0,0.9023309350013733
video08,BirdDrone-Local-FT,545,1,1,0,0,0,0,0.8783326148986816
video08,BirdDrone-Local-FT,546,1,1,0,0,0,0,0.8641565442085266
video08,BirdDrone-Local-FT,547,1,1,0,0,0,0,0.8584921360015869
video08,BirdDrone-Local-FT,548,1,1,0,0,0,0,0.889100968837738
video08,BirdDrone-Local-FT,549,1,1,0,0,0,0,0.8361252546310425
video08,BirdDrone-Local-FT,550,1,1,0,0,0,0,0.8596062064170837
video08,BirdDrone-Local-FT,551,1,1,0,0,0,0,0.8731436729431152
video08,BirdDrone-Local-FT,552,1,1,0,0,0,0,0.8942402005195618
video08,BirdDrone-Local-FT,553,1,1,0,0,0,0,0.9045262336730957
video08,BirdDrone-Local-FT,554,1,1,0,0,0,0,0.8978389501571655
video08,BirdDrone-Local-FT,555,1,1,0,0,0,0,0.9069370627403259
video08,BirdDrone-Local-FT,556,1,1,0,0,0,0,0.9055754542350769
video08,BirdDrone-Local-FT,557,1,1,0,0,0,0,0.9000951647758484
video08,BirdDrone-Local-FT,558,1,1,0,0,0,0,0.8048418760299683
video08,BirdDrone-Local-FT,559,1,1,0,0,0,0,0.8929469585418701
video08,BirdDrone-Local-FT,560,1,1,0,0,0,0,0.8899458050727844
video08,BirdDrone-Local-FT,561,1,1,0,0,0,0,0.8795384764671326
video08,BirdDrone-Local-FT,562,1,1,0,0,0,0,0.8702857494354248
video08,BirdDrone-Local-FT,563,1,1,0,0,0,0,0.889153242111206
video08,BirdDrone-Local-FT,564,1,1,0,0,0,0,0.890121579170227
video08,BirdDrone-Local-FT,565,1,1,0,0,0,0,0.8931177258491516
video08,BirdDrone-Local-FT,566,1,1,0,0,0,0,0.882062554359436
video08,BirdDrone-Local-FT,567,1,1,0,0,0,0,0.8640181422233582
video08,BirdDrone-Local-FT,568,1,1,0,0,0,0,0.9142520427703857
video08,BirdDrone-Local-FT,569,1,1,0,0,0,0,0.9028119444847107
video08,BirdDrone-Local-FT,570,1,1,0,0,0,0,0.8809480667114258
video08,BirdDrone-Local-FT,571,1,1,0,0,0,0,0.8827494382858276
video08,BirdDrone-Local-FT,572,1,1,0,0,0,0,0.8705911636352539
video08,BirdDrone-Local-FT,573,1,1,0,0,0,0,0.847713053226471
video08,BirdDrone-Local-FT,574,1,1,0,0,0,0,0.9000194668769836
video08,BirdDrone-Local-FT,575,1,1,0,0,0,0,0.8786399960517883
video08,BirdDrone-Local-FT,576,1,1,0,0,0,0,0.8960561752319336
video08,BirdDrone-Local-FT,577,1,1,0,0,0,0,0.8937555551528931
video08,BirdDrone-Local-FT,578,1,1,0,0,0,0,0.8970391750335693
video08,BirdDrone-Local-FT,579,1,1,0,0,0,0,0.9059581160545349
video08,BirdDrone-Local-FT,580,1,1,0,0,0,0,0.8963896632194519
video08,BirdDrone-Local-FT,581,1,1,0,0,0,0,0.9059217572212219
video08,BirdDrone-Local-FT,582,1,1,0,0,0,0,0.9073259830474854
video08,BirdDrone-Local-FT,583,1,1,0,0,0,0,0.9023854732513428
video08,BirdDrone-Local-FT,584,1,1,0,0,0,0,0.9007170796394348
video08,BirdDrone-Local-FT,585,1,1,0,0,0,0,0.8974421620368958
video08,BirdDrone-Local-FT,586,1,1,0,0,0,0,0.8821054697036743
video08,BirdDrone-Local-FT,587,1,1,0,0,0,0,0.8876063823699951
video08,BirdDrone-Local-FT,588,1,1,0,0,0,0,0.8697018027305603
video08,BirdDrone-Local-FT,589,1,1,0,0,0,0,0.8840209245681763
video08,BirdDrone-Local-FT,590,1,1,0,0,0,0,0.8878595232963562
video08,BirdDrone-Local-FT,591,1,1,0,0,0,0,0.8741093277931213
video08,BirdDrone-Local-FT,592,1,1,0,0,0,0,0.7863054275512695
video08,BirdDrone-Local-FT,593,1,1,0,0,0,0,0.8874357342720032
video08,BirdDrone-Local-FT,594,1,1,0,0,0,0,0.8905518054962158
video08,BirdDrone-Local-FT,595,1,1,0,0,0,0,0.886929452419281
video08,BirdDrone-Local-FT,596,1,1,0,0,0,0,0.8875942230224609
video08,BirdDrone-Local-FT,597,1,1,0,0,0,0,0.8554244637489319
video08,BirdDrone-Local-FT,598,1,1,0,0,0,0,0.8503755927085876
video08,BirdDrone-Local-FT,599,1,1,0,0,0,0,0.8852528929710388
video08,BirdDrone-Local-FT,600,1,1,0,0,0,0,0.8833786845207214
video08,BirdDrone-Local-FT,601,1,1,0,0,0,0,0.8609853982925415
video08,BirdDrone-Local-FT,602,1,1,0,0,0,0,0.9052280187606812
video08,BirdDrone-Local-FT,603,1,1,0,0,0,0,0.8977599740028381
video08,BirdDrone-Local-FT,604,1,1,0,0,0,0,0.8909447193145752
video08,BirdDrone-Local-FT,605,1,1,0,0,0,0,0.8990496397018433
video08,BirdDrone-Local-FT,606,1,1,0,0,0,0,0.909778892993927
video08,BirdDrone-Local-FT,607,1,1,0,0,0,0,0.911469042301178
video08,BirdDrone-Local-FT,608,1,1,0,0,0,0,0.9090161919593811
video08,BirdDrone-Local-FT,609,1,1,0,0,0,0,0.9066542387008667
video08,BirdDrone-Local-FT,610,1,1,0,0,0,0,0.906653642654419
video08,BirdDrone-Local-FT,611,1,1,0,0,0,0,0.9026314616203308
video08,BirdDrone-Local-FT,612,1,1,0,0,0,0,0.9035900235176086
video08,BirdDrone-Local-FT,613,1,1,0,0,0,0,0.9012419581413269
video08,BirdDrone-Local-FT,614,1,1,0,0,0,0,0.9042131900787354
video08,BirdDrone-Local-FT,615,1,1,0,0,0,0,0.8930791616439819
video08,BirdDrone-Local-FT,616,1,1,0,0,0,0,0.8845729827880859
video08,BirdDrone-Local-FT,617,1,1,0,0,0,0,0.9033852815628052
video08,BirdDrone-Local-FT,618,1,1,0,0,0,0,0.9054735898971558
video08,BirdDrone-Local-FT,619,1,1,0,0,0,0,0.8820430040359497
video08,BirdDrone-Local-FT,620,1,1,0,0,0,0,0.8886078000068665
video08,BirdDrone-Local-FT,621,1,1,0,0,0,0,0.885671079158783
video08,BirdDrone-Local-FT,622,1,1,0,0,0,0,0.8743007779121399
video08,BirdDrone-Local-FT,623,1,1,0,0,0,0,0.873576283454895
video08,BirdDrone-Local-FT,624,1,1,0,0,0,0,0.8303394317626953
video08,BirdDrone-Local-FT,625,1,1,0,0,0,0,0.8840087056159973
video08,BirdDrone-Local-FT,626,1,1,0,0,0,0,0.9009469747543335
video08,BirdDrone-Local-FT,627,1,1,0,0,0,0,0.8967030644416809
video08,BirdDrone-Local-FT,628,1,1,0,0,0,0,0.8956600427627563
video08,BirdDrone-Local-FT,629,1,1,0,0,0,0,0.902475893497467
video08,BirdDrone-Local-FT,630,1,1,0,0,0,0,0.9082391858100891
video08,BirdDrone-Local-FT,631,1,1,0,0,0,0,0.8962951898574829
video08,BirdDrone-Local-FT,632,1,1,0,0,0,0,0.8587274551391602
video08,BirdDrone-Local-FT,633,1,1,0,0,0,0,0.8922773599624634
video08,BirdDrone-Local-FT,634,1,1,0,0,0,0,0.8837525248527527
video08,BirdDrone-Local-FT,635,1,1,0,0,0,0,0.8805341124534607
video08,BirdDrone-Local-FT,636,1,1,0,0,0,0,0.9046152830123901
video08,BirdDrone-Local-FT,637,1,1,0,0,0,0,0.8806828260421753
video08,BirdDrone-Local-FT,638,1,1,0,0,0,0,0.8958761692047119
video08,BirdDrone-Local-FT,639,1,1,0,0,0,0,0.9026120901107788
video08,BirdDrone-Local-FT,640,1,1,0,0,0,0,0.8655419945716858
video08,BirdDrone-Local-FT,641,1,1,0,0,0,0,0.8715072870254517
video08,BirdDrone-Local-FT,642,1,1,0,0,0,0,0.8740547895431519
video08,BirdDrone-Local-FT,643,1,1,0,0,0,0,0.8853000998497009
video08,BirdDrone-Local-FT,644,1,1,0,0,0,0,0.8302940130233765
video08,BirdDrone-Local-FT,645,1,1,0,0,0,0,0.8286895751953125
video08,BirdDrone-Local-FT,646,1,1,0,0,0,0,0.8195499777793884
video08,BirdDrone-Local-FT,647,1,1,0,0,0,0,0.8695300817489624
video08,BirdDrone-Local-FT,648,1,1,0,0,0,0,0.8790220618247986
video08,BirdDrone-Local-FT,649,1,1,0,0,0,0,0.8891674280166626
video08,BirdDrone-Local-FT,650,1,1,0,0,0,0,0.8689392805099487
video08,BirdDrone-Local-FT,651,1,1,0,0,0,0,0.8760231137275696
video08,BirdDrone-Local-FT,652,1,1,0,0,0,0,0.8803114295005798
video08,BirdDrone-Local-FT,653,1,1,0,0,0,0,0.8893997073173523
video08,BirdDrone-Local-FT,654,1,1,0,0,0,0,0.8927121162414551
video08,BirdDrone-Local-FT,655,1,1,0,0,0,0,0.8746241927146912
video08,BirdDrone-Local-FT,656,1,1,0,0,0,0,0.8896353244781494
video08,BirdDrone-Local-FT,657,2,2,0,0,0,0,0.6483602523803711
video08,BirdDrone-Local-FT,658,1,1,0,0,0,0,0.8812482357025146
video08,BirdDrone-Local-FT,659,1,1,0,0,0,0,0.8796494603157043
video08,BirdDrone-Local-FT,660,1,1,0,0,0,0,0.9050777554512024
video08,BirdDrone-Local-FT,661,1,1,0,0,0,0,0.8835989832878113
video08,BirdDrone-Local-FT,662,1,1,0,0,0,0,0.8819719552993774
video08,BirdDrone-Local-FT,663,1,1,0,0,0,0,0.8837684392929077
video08,BirdDrone-Local-FT,664,1,1,0,0,0,0,0.8965525031089783
video08,BirdDrone-Local-FT,665,1,1,0,0,0,0,0.8890123963356018
video08,BirdDrone-Local-FT,666,1,1,0,0,0,0,0.8749417066574097
video08,BirdDrone-Local-FT,667,1,1,0,0,0,0,0.8844414353370667
video08,BirdDrone-Local-FT,668,2,2,0,0,1,0,0.8521117568016052
video08,BirdDrone-Local-FT,669,1,1,0,0,0,0,0.8804414868354797
video08,BirdDrone-Local-FT,670,1,1,0,0,0,0,0.8902477025985718
video08,BirdDrone-Local-FT,671,1,1,0,0,0,0,0.890250027179718
video08,BirdDrone-Local-FT,672,1,1,0,0,0,0,0.8760583400726318
video08,BirdDrone-Local-FT,673,1,1,0,0,0,0,0.8828932642936707
video08,BirdDrone-Local-FT,674,1,1,0,0,0,0,0.8690994381904602
video08,BirdDrone-Local-FT,675,1,1,0,0,0,0,0.844153642654419
video08,BirdDrone-Local-FT,676,1,1,0,0,0,0,0.8491703867912292
video08,BirdDrone-Local-FT,677,1,1,0,0,0,0,0.8676964640617371
video08,BirdDrone-Local-FT,678,1,1,0,0,0,0,0.884428858757019
video08,BirdDrone-Local-FT,679,1,1,0,0,0,0,0.8910697102546692
video08,BirdDrone-Local-FT,680,1,1,0,0,0,0,0.8973580598831177
video08,BirdDrone-Local-FT,681,1,1,0,0,0,0,0.8757798075675964
video08,BirdDrone-Local-FT,682,1,1,0,0,0,0,0.8893495202064514
video08,BirdDrone-Local-FT,683,1,1,0,0,0,0,0.8991305232048035
video08,BirdDrone-Local-FT,684,1,1,0,0,0,0,0.8879510164260864
video08,BirdDrone-Local-FT,685,1,1,0,0,0,0,0.8878056406974792
video08,BirdDrone-Local-FT,686,2,2,0,0,0,0,0.7346543669700623
video08,BirdDrone-Local-FT,687,1,1,0,0,0,0,0.8995827436447144
video08,BirdDrone-Local-FT,688,1,1,0,0,0,0,0.9057479500770569
video08,BirdDrone-Local-FT,689,1,1,0,0,0,0,0.6672706604003906
video08,BirdDrone-Local-FT,690,1,1,0,0,0,0,0.878440260887146
video08,BirdDrone-Local-FT,691,1,1,0,0,0,0,0.5627059936523438
video08,BirdDrone-Local-FT,692,1,1,0,0,0,0,0.8829106092453003
video08,BirdDrone-Local-FT,693,1,1,0,0,0,0,0.8841589093208313
video08,BirdDrone-Local-FT,694,1,1,0,0,0,0,0.9005719423294067
video08,BirdDrone-Local-FT,695,1,1,0,0,0,0,0.9147604703903198
video08,BirdDrone-Local-FT,696,1,1,0,0,0,0,0.9076301455497742
video08,BirdDrone-Local-FT,697,1,1,0,0,0,0,0.8993071913719177
video08,BirdDrone-Local-FT,698,1,1,0,0,0,0,0.9079751372337341
video08,BirdDrone-Local-FT,699,1,1,0,0,0,0,0.8940987586975098
video08,BirdDrone-Local-FT,700,1,1,0,0,0,0,0.8950847387313843
video08,BirdDrone-Local-FT,701,1,1,0,0,0,0,0.8992199301719666
video08,BirdDrone-Local-FT,702,1,1,0,0,0,0,0.9019901156425476
video08,BirdDrone-Local-FT,703,1,1,0,0,0,0,0.9059022665023804
video08,BirdDrone-Local-FT,704,1,1,0,0,0,0,0.8948901295661926
video08,BirdDrone-Local-FT,705,1,1,0,0,0,0,0.8574230074882507
video08,BirdDrone-Local-FT,706,1,1,0,0,0,0,0.9068133234977722
video08,BirdDrone-Local-FT,707,1,1,0,0,0,0,0.9096071124076843
video08,BirdDrone-Local-FT,708,1,1,0,0,0,0,0.8925296664237976
video08,BirdDrone-Local-FT,709,1,1,0,0,0,0,0.906277596950531
video08,BirdDrone-Local-FT,710,1,1,0,0,0,0,0.9016150236129761
video08,BirdDrone-Local-FT,711,1,1,0,0,0,0,0.8921902179718018
video08,BirdDrone-Local-FT,712,1,1,0,0,0,0,0.9054551124572754
video08,BirdDrone-Local-FT,713,1,1,0,0,0,0,0.9054288268089294
video08,BirdDrone-Local-FT,714,1,1,0,0,0,0,0.9028695821762085
video08,BirdDrone-Local-FT,715,1,1,0,0,0,0,0.905868411064148
video08,BirdDrone-Local-FT,716,1,1,0,0,0,0,0.9083655476570129
video08,BirdDrone-Local-FT,717,1,1,0,0,0,0,0.9059498310089111
video08,BirdDrone-Local-FT,718,1,1,0,0,0,0,0.9108092784881592
video08,BirdDrone-Local-FT,719,1,1,0,0,0,0,0.90398108959198
video08,BirdDrone-Local-FT,720,1,1,0,0,0,0,0.9029821753501892
video08,BirdDrone-Local-FT,721,1,1,0,0,0,0,0.8897117376327515
video08,BirdDrone-Local-FT,722,1,1,0,0,0,0,0.9085497260093689
video08,BirdDrone-Local-FT,723,1,1,0,0,0,0,0.9074261784553528
video08,BirdDrone-Local-FT,724,1,1,0,0,0,0,0.9091664552688599
video08,BirdDrone-Local-FT,725,1,1,0,0,0,0,0.898462176322937
video08,BirdDrone-Local-FT,726,1,1,0,0,0,0,0.9175770878791809
video08,BirdDrone-Local-FT,727,1,1,0,0,0,0,0.9017781019210815
video08,BirdDrone-Local-FT,728,1,1,0,0,0,0,0.8991968035697937
video08,BirdDrone-Local-FT,729,1,1,0,0,0,0,0.8167842030525208
video08,BirdDrone-Local-FT,730,1,1,0,0,0,0,0.8301851153373718
video08,BirdDrone-Local-FT,731,1,1,0,0,0,0,0.9143809676170349
video08,BirdDrone-Local-FT,732,1,1,0,0,0,0,0.903802216053009
video08,BirdDrone-Local-FT,733,1,1,0,0,0,0,0.9001089930534363
video08,BirdDrone-Local-FT,734,1,1,0,0,0,0,0.9026257395744324
video08,BirdDrone-Local-FT,735,1,1,0,0,0,0,0.9023188352584839
video08,BirdDrone-Local-FT,736,1,1,0,0,0,0,0.91115403175354
video08,BirdDrone-Local-FT,737,1,1,0,0,0,0,0.9127510786056519
video08,BirdDrone-Local-FT,738,2,2,0,0,0,0,0.5087173581123352
video08,BirdDrone-Local-FT,739,1,1,0,0,0,0,0.9050509929656982
video08,BirdDrone-Local-FT,740,1,1,0,0,0,0,0.8778372406959534
video08,BirdDrone-Local-FT,741,1,1,0,0,0,0,0.8999195098876953
video08,BirdDrone-Local-FT,742,1,1,0,0,0,0,0.8768115639686584
video08,BirdDrone-Local-FT,743,1,1,0,0,0,0,0.8503514528274536
video08,BirdDrone-Local-FT,744,1,1,0,0,0,0,0.8440183997154236
video08,BirdDrone-Local-FT,745,1,1,0,0,0,0,0.9033085107803345
video08,BirdDrone-Local-FT,746,1,1,0,0,0,0,0.9164291024208069
video08,BirdDrone-Local-FT,747,1,1,0,0,0,0,0.9083346724510193
video08,BirdDrone-Local-FT,748,1,1,0,0,0,0,0.9198917746543884
video08,BirdDrone-Local-FT,749,1,1,0,0,0,0,0.8993162512779236
video08,BirdDrone-Local-FT,750,1,1,0,0,0,0,0.9133554100990295
video08,BirdDrone-Local-FT,751,1,1,0,0,0,0,0.907166063785553
video08,BirdDrone-Local-FT,752,1,1,0,0,0,0,0.9182406663894653
video08,BirdDrone-Local-FT,753,1,1,0,0,0,0,0.9214912056922913
video08,BirdDrone-Local-FT,754,1,1,0,0,0,0,0.9121209979057312
video08,BirdDrone-Local-FT,755,1,1,0,0,0,0,0.9163618087768555
video08,BirdDrone-Local-FT,756,1,1,0,0,0,0,0.9148448705673218
video08,BirdDrone-Local-FT,757,1,1,0,0,0,0,0.9069393873214722
video08,BirdDrone-Local-FT,758,1,1,0,0,0,0,0.9140397310256958
video08,BirdDrone-Local-FT,759,1,1,0,0,0,0,0.9090299010276794
video08,BirdDrone-Local-FT,760,1,1,0,0,0,0,0.9021264910697937
video08,BirdDrone-Local-FT,761,1,1,0,0,0,0,0.9023380279541016
video08,BirdDrone-Local-FT,762,1,1,0,0,0,0,0.9105188250541687
video08,BirdDrone-Local-FT,763,1,1,0,0,0,0,0.9081394672393799
video08,BirdDrone-Local-FT,764,1,1,0,0,0,0,0.9032517075538635
video08,BirdDrone-Local-FT,765,1,1,0,0,0,0,0.9002912640571594
video08,BirdDrone-Local-FT,766,1,1,0,0,0,0,0.8990005850791931
video08,BirdDrone-Local-FT,767,1,1,0,0,0,0,0.9007114171981812
video08,BirdDrone-Local-FT,768,1,1,0,0,0,0,0.8795146942138672
video08,BirdDrone-Local-FT,769,1,1,0,0,0,0,0.8987725377082825
video08,BirdDrone-Local-FT,770,1,1,0,0,0,0,0.899128794670105
video08,BirdDrone-Local-FT,771,1,1,0,0,0,0,0.9049126505851746
video08,BirdDrone-Local-FT,772,1,1,0,0,0,0,0.9124556183815002
video08,BirdDrone-Local-FT,773,1,1,0,0,0,0,0.9028574824333191
video08,BirdDrone-Local-FT,774,1,1,0,0,0,0,0.9133692383766174
video08,BirdDrone-Local-FT,775,1,1,0,0,0,0,0.9072242975234985
video08,BirdDrone-Local-FT,776,1,1,0,0,0,0,0.9047163724899292
video08,BirdDrone-Local-FT,777,1,1,0,0,0,0,0.915058970451355
video08,BirdDrone-Local-FT,778,1,1,0,0,0,0,0.9132529497146606
video08,BirdDrone-Local-FT,779,1,1,0,0,0,0,0.9140881299972534
video08,BirdDrone-Local-FT,780,1,1,0,0,0,0,0.9135197401046753
video08,BirdDrone-Local-FT,781,1,1,0,0,0,0,0.8978070616722107
video08,BirdDrone-Local-FT,782,1,1,0,0,0,0,0.8830170631408691
video08,BirdDrone-Local-FT,783,1,1,0,0,0,0,0.899095892906189
video08,BirdDrone-Local-FT,784,1,1,0,0,0,0,0.8892472386360168
video08,BirdDrone-Local-FT,785,1,1,0,0,0,0,0.9049146175384521
video08,BirdDrone-Local-FT,786,1,1,0,0,0,0,0.898603081703186
video08,BirdDrone-Local-FT,787,1,1,0,0,0,0,0.8992397785186768
video08,BirdDrone-Local-FT,788,1,1,0,0,0,0,0.8857202529907227
video08,BirdDrone-Local-FT,789,1,1,0,0,0,0,0.9026222229003906
video08,BirdDrone-Local-FT,790,1,1,0,0,0,0,0.9000403881072998
video08,BirdDrone-Local-FT,791,1,1,0,0,0,0,0.888651967048645
video08,BirdDrone-Local-FT,792,1,1,0,0,0,0,0.9065674543380737
video08,BirdDrone-Local-FT,793,1,1,0,0,0,0,0.8983531594276428
video08,BirdDrone-Local-FT,794,1,1,0,0,0,0,0.9016088843345642
video08,BirdDrone-Local-FT,795,1,1,0,0,0,0,0.9043081998825073
video08,BirdDrone-Local-FT,796,1,1,0,0,0,0,0.8989336490631104
video08,BirdDrone-Local-FT,797,1,1,0,0,0,0,0.9001815319061279
video08,BirdDrone-Local-FT,798,1,1,0,0,0,0,0.8944740891456604
video08,BirdDrone-Local-FT,799,1,1,0,0,0,0,0.9009523391723633
video08,BirdDrone-Local-FT,800,1,1,0,0,0,0,0.9028056263923645
video08,BirdDrone-Local-FT,801,1,1,0,0,0,0,0.8865817785263062
video08,BirdDrone-Local-FT,802,1,1,0,0,0,0,0.8955519199371338
video08,BirdDrone-Local-FT,803,1,1,0,0,0,0,0.9129043817520142
video08,BirdDrone-Local-FT,804,1,1,0,0,0,0,0.890080451965332
video08,BirdDrone-Local-FT,805,1,1,0,0,0,0,0.9025043249130249
video08,BirdDrone-Local-FT,806,1,1,0,0,0,0,0.9108467698097229
video08,BirdDrone-Local-FT,807,1,1,0,0,0,0,0.8953801393508911
video08,BirdDrone-Local-FT,808,1,1,0,0,0,0,0.8960381746292114
video08,BirdDrone-Local-FT,809,1,1,0,0,0,0,0.9029004573822021
video08,BirdDrone-Local-FT,810,1,1,0,0,0,0,0.8894035816192627
video08,BirdDrone-Local-FT,811,1,1,0,0,0,0,0.8807005286216736
video08,BirdDrone-Local-FT,812,1,1,0,0,0,0,0.9085043668746948
video08,BirdDrone-Local-FT,813,1,1,0,0,0,0,0.9013595581054688
video08,BirdDrone-Local-FT,814,1,1,0,0,0,0,0.9031542539596558
video08,BirdDrone-Local-FT,815,1,1,0,0,0,0,0.8935806155204773
video08,BirdDrone-Local-FT,816,1,1,0,0,0,0,0.9116011261940002
video08,BirdDrone-Local-FT,817,1,1,0,0,0,0,0.9116275310516357
video08,BirdDrone-Local-FT,818,1,1,0,0,0,0,0.9036335349082947
video08,BirdDrone-Local-FT,819,1,1,0,0,0,0,0.9174787998199463
video08,BirdDrone-Local-FT,820,1,1,0,0,0,0,0.9118195176124573
video08,BirdDrone-Local-FT,821,1,1,0,0,0,0,0.9147195219993591
video08,BirdDrone-Local-FT,822,1,1,0,0,0,0,0.9161286354064941
video08,BirdDrone-Local-FT,823,1,1,0,0,0,0,0.9134919047355652
video08,BirdDrone-Local-FT,824,1,1,0,0,0,0,0.9212656021118164
video08,BirdDrone-Local-FT,825,1,1,0,0,0,0,0.9227720499038696
video08,BirdDrone-Local-FT,826,1,1,0,0,0,0,0.9065833687782288
video08,BirdDrone-Local-FT,827,1,1,0,0,0,0,0.9037811160087585
video08,BirdDrone-Local-FT,828,1,1,0,0,0,0,0.9051993489265442
video08,BirdDrone-Local-FT,829,1,1,0,0,0,0,0.9095301032066345
video08,BirdDrone-Local-FT,830,1,1,0,0,0,0,0.9111231565475464
video08,BirdDrone-Local-FT,831,1,1,0,0,0,0,0.9109216928482056
video08,BirdDrone-Local-FT,832,1,1,0,0,0,0,0.9230223298072815
video08,BirdDrone-Local-FT,833,1,1,0,0,0,0,0.9215506315231323
video08,BirdDrone-Local-FT,834,1,1,0,0,0,0,0.9188602566719055
video08,BirdDrone-Local-FT,835,1,1,0,0,0,0,0.9238357543945312
video08,BirdDrone-Local-FT,836,1,1,0,0,0,0,0.8951782584190369
video08,BirdDrone-Local-FT,837,1,1,0,0,0,0,0.906684398651123
video08,BirdDrone-Local-FT,838,1,1,0,0,0,0,0.908995509147644
video08,BirdDrone-Local-FT,839,1,1,0,0,0,0,0.9079808592796326
video08,BirdDrone-Local-FT,840,1,1,0,0,0,0,0.9030942916870117
video08,BirdDrone-Local-FT,841,1,1,0,0,0,0,0.9042113423347473
video08,BirdDrone-Local-FT,842,1,1,0,0,0,0,0.8943498134613037
video08,BirdDrone-Local-FT,843,1,1,0,0,0,0,0.9077662229537964
video08,BirdDrone-Local-FT,844,1,1,0,0,0,0,0.8976987600326538
video08,BirdDrone-Local-FT,845,1,1,0,0,0,0,0.9034025073051453
video08,BirdDrone-Local-FT,846,1,1,0,0,0,0,0.8924676775932312
video08,BirdDrone-Local-FT,847,1,1,0,0,0,0,0.8897193074226379
video08,BirdDrone-Local-FT,848,1,1,0,0,0,0,0.8890023827552795
video08,BirdDrone-Local-FT,849,1,1,0,0,0,0,0.9063053131103516
video08,BirdDrone-Local-FT,850,1,1,0,0,0,0,0.9181429743766785
video08,BirdDrone-Local-FT,851,1,1,0,0,0,0,0.9211702942848206
video08,BirdDrone-Local-FT,852,1,1,0,0,0,0,0.8871634006500244
video08,BirdDrone-Local-FT,853,1,1,0,0,0,0,0.8993604183197021
video08,BirdDrone-Local-FT,854,1,1,0,0,0,0,0.8913370966911316
video08,BirdDrone-Local-FT,855,1,1,0,0,0,0,0.8960748314857483
video08,BirdDrone-Local-FT,856,1,1,0,0,0,0,0.8900104761123657
video08,BirdDrone-Local-FT,857,1,1,0,0,0,0,0.8906980752944946
video08,BirdDrone-Local-FT,858,1,1,0,0,0,0,0.8832809925079346
video08,BirdDrone-Local-FT,859,1,1,0,0,0,0,0.9042415022850037
video08,BirdDrone-Local-FT,860,1,1,0,0,0,0,0.9075842499732971
video08,BirdDrone-Local-FT,861,1,1,0,0,0,0,0.9033461809158325
video08,BirdDrone-Local-FT,862,1,1,0,0,0,0,0.9231259226799011
video08,BirdDrone-Local-FT,863,1,1,0,0,0,0,0.9103595018386841
video08,BirdDrone-Local-FT,864,1,1,0,0,0,0,0.9085255265235901
video08,BirdDrone-Local-FT,865,1,1,0,0,0,0,0.9096859693527222
video08,BirdDrone-Local-FT,866,1,1,0,0,0,0,0.9035660624504089
video08,BirdDrone-Local-FT,867,1,1,0,0,0,0,0.9052428007125854
video08,BirdDrone-Local-FT,868,1,1,0,0,0,0,0.9117316007614136
video08,BirdDrone-Local-FT,869,1,1,0,0,0,0,0.9099655747413635
video08,BirdDrone-Local-FT,870,1,1,0,0,0,0,0.9089334011077881
video08,BirdDrone-Local-FT,871,1,1,0,0,0,0,0.9034388661384583
video08,BirdDrone-Local-FT,872,1,1,0,0,0,0,0.9008876085281372
video08,BirdDrone-Local-FT,873,1,1,0,0,0,0,0.899911105632782
video08,BirdDrone-Local-FT,874,1,1,0,0,0,0,0.8972342014312744
video08,BirdDrone-Local-FT,875,1,1,0,0,0,0,0.9093783497810364
video08,BirdDrone-Local-FT,876,1,1,0,0,0,0,0.8855611085891724
video08,BirdDrone-Local-FT,877,1,1,0,0,0,0,0.8898743391036987
video08,BirdDrone-Local-FT,878,1,1,0,0,0,0,0.9016209244728088
video08,BirdDrone-Local-FT,879,1,1,0,0,0,0,0.8978365659713745
video08,BirdDrone-Local-FT,880,1,1,0,0,0,0,0.9057055711746216
video08,BirdDrone-Local-FT,881,1,1,0,0,0,0,0.9039109349250793
video08,BirdDrone-Local-FT,882,1,1,0,0,0,0,0.9116395115852356
video08,BirdDrone-Local-FT,883,1,1,0,0,0,0,0.8997457027435303
video08,BirdDrone-Local-FT,884,1,1,0,0,0,0,0.9021864533424377
video08,BirdDrone-Local-FT,885,1,1,0,0,0,0,0.8926962018013
video08,BirdDrone-Local-FT,886,1,1,0,0,0,0,0.8942005634307861
video08,BirdDrone-Local-FT,887,1,1,0,0,0,0,0.8881523609161377
video08,BirdDrone-Local-FT,888,1,1,0,0,0,0,0.902317225933075
video08,BirdDrone-Local-FT,889,1,1,0,0,0,0,0.8892525434494019
video08,BirdDrone-Local-FT,890,1,1,0,0,0,0,0.8976396918296814
video08,BirdDrone-Local-FT,891,1,1,0,0,0,0,0.8984907269477844
video08,BirdDrone-Local-FT,892,1,1,0,0,0,0,0.8886761665344238
video08,BirdDrone-Local-FT,893,1,1,0,0,0,0,0.8895659446716309
video08,BirdDrone-Local-FT,894,1,1,0,0,0,0,0.8870413303375244
video08,BirdDrone-Local-FT,895,1,1,0,0,0,0,0.8987323045730591
video08,BirdDrone-Local-FT,896,1,1,0,0,0,0,0.9264934659004211
video08,BirdDrone-Local-FT,897,1,1,0,0,0,0,0.8873027563095093
video08,BirdDrone-Local-FT,898,1,1,0,0,0,0,0.8980592489242554
video08,BirdDrone-Local-FT,899,1,1,0,0,0,0,0.9070284366607666
video08,BirdDrone-Local-FT,900,1,1,0,0,0,0,0.8879584074020386
video08,BirdDrone-Local-FT,901,1,1,0,0,0,0,0.87437504529953
video08,BirdDrone-Local-FT,902,1,1,0,0,0,0,0.8901115655899048
video08,BirdDrone-Local-FT,903,1,1,0,0,0,0,0.8875002264976501
video08,BirdDrone-Local-FT,904,1,1,0,0,0,0,0.8847876787185669
video08,BirdDrone-Local-FT,905,1,1,0,0,0,0,0.8909888863563538
video08,BirdDrone-Local-FT,906,1,1,0,0,0,0,0.8847560286521912
video08,BirdDrone-Local-FT,907,1,1,0,0,0,0,0.8931516408920288
video08,BirdDrone-Local-FT,908,1,1,0,0,0,0,0.8861703276634216
video08,BirdDrone-Local-FT,909,1,1,0,0,0,0,0.8864685893058777
video08,BirdDrone-Local-FT,910,1,1,0,0,0,0,0.8708317279815674
video08,BirdDrone-Local-FT,911,1,1,0,0,0,0,0.8999248147010803
video08,BirdDrone-Local-FT,912,1,1,0,0,0,0,0.8915837407112122
video08,BirdDrone-Local-FT,913,1,1,0,0,0,0,0.8937599062919617
video08,BirdDrone-Local-FT,914,1,1,0,0,0,0,0.9010570645332336
video08,BirdDrone-Local-FT,915,1,1,0,0,0,0,0.8854101896286011
video08,BirdDrone-Local-FT,916,1,1,0,0,0,0,0.8726775050163269
video08,BirdDrone-Local-FT,917,1,1,0,0,0,0,0.8747290372848511
video08,BirdDrone-Local-FT,918,1,1,0,0,0,0,0.8978469371795654
video08,BirdDrone-Local-FT,919,1,1,0,0,0,0,0.8865010142326355
video08,BirdDrone-Local-FT,920,1,1,0,0,0,0,0.8693311214447021
video08,BirdDrone-Local-FT,921,1,1,0,0,0,0,0.8876503109931946
video08,BirdDrone-Local-FT,922,1,1,0,0,0,0,0.8645520210266113
video08,BirdDrone-Local-FT,923,1,1,0,0,0,0,0.8764085173606873
video08,BirdDrone-Local-FT,924,1,1,0,0,0,0,0.8906897902488708
video08,BirdDrone-Local-FT,925,1,1,0,0,0,0,0.8888501524925232
video08,BirdDrone-Local-FT,926,1,1,0,0,0,0,0.8979136943817139
video08,BirdDrone-Local-FT,927,1,1,0,0,0,0,0.9010530114173889
video08,BirdDrone-Local-FT,928,1,1,0,0,0,0,0.8741620182991028
video08,BirdDrone-Local-FT,929,1,1,0,0,0,0,0.8597999215126038
video08,BirdDrone-Local-FT,930,1,1,0,0,0,0,0.8789277672767639
video08,BirdDrone-Local-FT,931,1,1,0,0,0,0,0.8966854214668274
video08,BirdDrone-Local-FT,932,1,1,0,0,0,0,0.8857940435409546
video08,BirdDrone-Local-FT,933,1,1,0,0,0,0,0.8757042288780212
video08,BirdDrone-Local-FT,934,1,1,0,0,0,0,0.8883715867996216
video08,BirdDrone-Local-FT,935,1,1,0,0,0,0,0.7816633582115173
video08,BirdDrone-Local-FT,936,1,1,0,0,0,0,0.8780490756034851
video08,BirdDrone-Local-FT,937,1,1,0,0,0,0,0.8828733563423157
video08,BirdDrone-Local-FT,938,1,1,0,0,0,0,0.8772451877593994
video08,BirdDrone-Local-FT,939,1,1,0,0,0,0,0.8790605664253235
video08,BirdDrone-Local-FT,940,1,1,0,0,0,0,0.8722086548805237
video08,BirdDrone-Local-FT,941,1,1,0,0,0,0,0.8564591407775879
video08,BirdDrone-Local-FT,942,1,1,0,0,0,0,0.8969253301620483
video08,BirdDrone-Local-FT,943,1,1,0,0,0,0,0.8898715376853943
video08,BirdDrone-Local-FT,944,1,1,0,0,0,0,0.8836390376091003
video08,BirdDrone-Local-FT,945,1,1,0,0,0,0,0.8798320889472961
video08,BirdDrone-Local-FT,946,1,1,0,0,0,0,0.9032014608383179
video08,BirdDrone-Local-FT,947,1,1,0,0,0,0,0.8891808986663818
video08,BirdDrone-Local-FT,948,1,1,0,0,0,0,0.9057711958885193
video08,BirdDrone-Local-FT,949,1,1,0,0,0,0,0.8978479504585266
video08,BirdDrone-Local-FT,950,1,1,0,0,0,0,0.8812360763549805
video08,BirdDrone-Local-FT,951,1,1,0,0,0,0,0.8926687240600586
video08,BirdDrone-Local-FT,952,1,1,0,0,0,0,0.8904463052749634
video08,BirdDrone-Local-FT,953,1,1,0,0,0,0,0.8880633115768433
video08,BirdDrone-Local-FT,954,1,1,0,0,0,0,0.9011955261230469
video08,BirdDrone-Local-FT,955,1,1,0,0,0,0,0.906010091304779
video08,BirdDrone-Local-FT,956,1,1,0,0,0,0,0.898381233215332
video08,BirdDrone-Local-FT,957,1,1,0,0,0,0,0.8908044099807739
video08,BirdDrone-Local-FT,958,1,1,0,0,0,0,0.8830716013908386
video08,BirdDrone-Local-FT,959,1,1,0,0,0,0,0.8804172873497009
video08,BirdDrone-Local-FT,960,1,1,0,0,0,0,0.8933168649673462
video08,BirdDrone-Local-FT,961,1,1,0,0,0,0,0.8860088586807251
video08,BirdDrone-Local-FT,962,1,1,0,0,0,0,0.8969160914421082
video08,BirdDrone-Local-FT,963,1,1,0,0,0,0,0.8905749917030334
video08,BirdDrone-Local-FT,964,1,1,0,0,0,0,0.8908957839012146
video08,BirdDrone-Local-FT,965,1,1,0,0,0,0,0.8802414536476135
video08,BirdDrone-Local-FT,966,1,1,0,0,0,0,0.8885866403579712
video08,BirdDrone-Local-FT,967,1,1,0,0,0,0,0.8922767043113708
video08,BirdDrone-Local-FT,968,1,1,0,0,0,0,0.8782541155815125
video08,BirdDrone-Local-FT,969,1,1,0,0,0,0,0.8913607001304626
video08,BirdDrone-Local-FT,970,1,1,0,0,0,0,0.8976858854293823
video08,BirdDrone-Local-FT,971,1,1,0,0,0,0,0.8979916572570801
video08,BirdDrone-Local-FT,972,1,1,0,0,0,0,0.8857983946800232
video08,BirdDrone-Local-FT,973,1,1,0,0,0,0,0.8830497860908508
video08,BirdDrone-Local-FT,974,1,1,0,0,0,0,0.9022115468978882
video08,BirdDrone-Local-FT,975,1,1,0,0,0,0,0.8948792815208435
video08,BirdDrone-Local-FT,976,2,2,0,0,0,0,0.6178017854690552
video08,BirdDrone-Local-FT,977,1,1,0,0,0,0,0.910965621471405
video08,BirdDrone-Local-FT,978,2,2,0,0,0,0,0.7896081209182739
video08,BirdDrone-Local-FT,979,1,1,0,0,0,0,0.8892766237258911
video08,BirdDrone-Local-FT,980,1,1,0,0,0,0,0.8647590279579163
video08,BirdDrone-Local-FT,981,1,1,0,0,0,0,0.9004017114639282
video08,BirdDrone-Local-FT,982,1,1,0,0,0,0,0.9014660716056824
video08,BirdDrone-Local-FT,983,1,1,0,0,0,0,0.8942165374755859
video08,BirdDrone-Local-FT,984,1,1,0,0,0,0,0.8934065103530884
video08,BirdDrone-Local-FT,985,1,1,0,0,0,0,0.8973698616027832
video08,BirdDrone-Local-FT,986,1,1,0,0,0,0,0.8463477492332458
video08,BirdDrone-Local-FT,987,1,1,0,0,0,0,0.9033777117729187
video08,BirdDrone-Local-FT,988,1,1,0,0,0,0,0.9038572907447815
video08,BirdDrone-Local-FT,989,1,1,0,0,0,0,0.9041851162910461
video08,BirdDrone-Local-FT,990,1,1,0,0,0,0,0.9108477234840393
video08,BirdDrone-Local-FT,991,1,1,0,0,0,0,0.8993362188339233
video08,BirdDrone-Local-FT,992,1,1,0,0,0,0,0.8462393283843994
video08,BirdDrone-Local-FT,993,1,1,0,0,0,0,0.8830734491348267
video08,BirdDrone-Local-FT,994,1,1,0,0,0,0,0.8801721334457397
video08,BirdDrone-Local-FT,995,1,1,0,0,0,0,0.8833750486373901
video08,BirdDrone-Local-FT,996,1,1,0,0,0,0,0.8915293216705322
video08,BirdDrone-Local-FT,997,1,1,0,0,0,0,0.8956908583641052
video08,BirdDrone-Local-FT,998,1,1,0,0,0,0,0.8877553343772888
video08,BirdDrone-Local-FT,999,1,1,0,0,0,0,0.9034987092018127
video08,BirdDrone-Local-FT,1000,1,1,0,0,0,0,0.9026018977165222
video08,BirdDrone-Local-FT,1001,1,1,0,0,0,0,0.8956906795501709
video08,BirdDrone-Local-FT,1002,1,1,0,0,0,0,0.9126184582710266
video08,BirdDrone-Local-FT,1003,1,1,0,0,0,0,0.8959894180297852
video08,BirdDrone-Local-FT,1004,1,1,0,0,0,0,0.8992253541946411
video08,BirdDrone-Local-FT,1005,1,1,0,0,0,0,0.899170994758606
video08,BirdDrone-Local-FT,1006,1,1,0,0,0,0,0.8666322827339172
video08,BirdDrone-Local-FT,1007,1,1,0,0,0,0,0.8932552337646484
video08,BirdDrone-Local-FT,1008,1,1,0,0,0,0,0.9066104292869568
video08,BirdDrone-Local-FT,1009,1,1,0,0,0,0,0.8953816890716553
video08,BirdDrone-Local-FT,1010,1,1,0,0,0,0,0.8806014657020569
video08,BirdDrone-Local-FT,1011,1,1,0,0,0,0,0.9035272598266602
video08,BirdDrone-Local-FT,1012,1,1,0,0,0,0,0.8946264386177063
video08,BirdDrone-Local-FT,1013,1,1,0,0,0,0,0.8962400555610657
video08,BirdDrone-Local-FT,1014,1,1,0,0,0,0,0.8999521732330322
video08,BirdDrone-Local-FT,1015,1,1,0,0,0,0,0.8977036476135254
video08,BirdDrone-Local-FT,1016,2,2,0,0,0,0,0.871350884437561
video08,BirdDrone-Local-FT,1017,1,1,0,0,0,0,0.8829039335250854
video08,BirdDrone-Local-FT,1018,1,1,0,0,0,0,0.8834937810897827
video08,BirdDrone-Local-FT,1019,1,1,0,0,0,0,0.9007970094680786
video08,BirdDrone-Local-FT,1020,1,1,0,0,0,0,0.9056705832481384
video08,BirdDrone-Local-FT,1021,1,1,0,0,0,0,0.8857218623161316
video08,BirdDrone-Local-FT,1022,1,1,0,0,0,0,0.8747245669364929
video08,BirdDrone-Local-FT,1023,1,1,0,0,0,0,0.8345562219619751
video08,BirdDrone-Local-FT,1024,1,1,0,0,0,0,0.8525792956352234
video08,BirdDrone-Local-FT,1025,1,1,0,0,0,0,0.8952776193618774
video08,BirdDrone-Local-FT,1026,1,1,0,0,0,0,0.872831404209137
video08,BirdDrone-Local-FT,1027,1,1,0,0,0,0,0.8898137807846069
video08,BirdDrone-Local-FT,1028,1,1,0,0,0,0,0.8976189494132996
video08,BirdDrone-Local-FT,1029,1,1,0,0,0,0,0.664227306842804
video08,BirdDrone-Local-FT,1030,1,1,0,0,0,0,0.6654822826385498
video08,BirdDrone-Local-FT,1031,1,1,0,0,0,0,0.5211763978004456
video08,BirdDrone-Local-FT,1032,1,1,0,0,0,0,0.9196622371673584
video08,BirdDrone-Local-FT,1033,2,2,0,0,1,0,0.7594054341316223
video08,BirdDrone-Local-FT,1034,1,1,0,0,0,0,0.9259440898895264
video08,BirdDrone-Local-FT,1035,1,1,0,0,0,0,0.934417724609375
video08,BirdDrone-Local-FT,1036,2,2,0,0,0,0,0.7107816338539124
video08,BirdDrone-Local-FT,1037,1,1,0,0,0,0,0.9267352223396301
video08,BirdDrone-Local-FT,1038,1,1,0,0,0,0,0.929309070110321
video08,BirdDrone-Local-FT,1039,1,1,0,0,0,0,0.757768988609314
video08,BirdDrone-Local-FT,1040,1,1,0,0,0,0,0.9041323661804199
video08,BirdDrone-Local-FT,1041,1,1,0,0,0,0,0.7612093091011047
video08,BirdDrone-Local-FT,1042,1,1,0,0,0,0,0.9386135339736938
video08,BirdDrone-Local-FT,1043,1,1,0,0,0,0,0.9160639047622681
video08,BirdDrone-Local-FT,1044,1,1,0,0,0,0,0.8495744466781616
video08,BirdDrone-Local-FT,1045,1,1,0,0,0,0,0.9470221996307373
video08,BirdDrone-Local-FT,1046,1,1,0,0,0,0,0.8860810995101929
video08,BirdDrone-Local-FT,1047,1,1,0,0,0,0,0.9479359984397888
video08,BirdDrone-Local-FT,1048,1,1,0,0,0,0,0.8510159254074097
video08,BirdDrone-Local-FT,1049,1,1,0,0,0,0,0.8966281414031982
video08,BirdDrone-Local-FT,1050,1,1,0,0,0,0,0.9345528483390808
video08,BirdDrone-Local-FT,1051,1,1,0,0,0,0,0.9318940043449402
video08,BirdDrone-Local-FT,1052,1,1,0,0,0,0,0.9403282403945923
video08,BirdDrone-Local-FT,1053,1,1,0,0,0,0,0.9255056381225586
video08,BirdDrone-Local-FT,1054,1,1,0,0,0,0,0.928571879863739
video08,BirdDrone-Local-FT,1055,1,1,0,0,0,0,0.8717069029808044
video08,BirdDrone-Local-FT,1056,1,1,0,0,1,0,0.27558356523513794
video08,BirdDrone-Local-FT,1057,1,1,0,0,0,0,0.9227688908576965
video08,BirdDrone-Local-FT,1058,1,1,0,0,0,0,0.8867900967597961
video08,BirdDrone-Local-FT,1059,1,1,0,0,0,0,0.919065535068512
video08,BirdDrone-Local-FT,1060,1,1,0,0,0,0,0.9193472862243652
video08,BirdDrone-Local-FT,1061,1,1,0,0,0,0,0.9172919392585754
video08,BirdDrone-Local-FT,1062,2,2,0,0,0,0,0.7644766569137573
video08,BirdDrone-Local-FT,1063,1,1,0,0,0,0,0.9158279895782471
video08,BirdDrone-Local-FT,1064,1,1,0,0,0,0,0.8874620199203491
video08,BirdDrone-Local-FT,1065,2,2,0,0,0,0,0.41214585304260254
video08,BirdDrone-Local-FT,1066,1,1,0,0,0,0,0.8113254904747009
video08,BirdDrone-Local-FT,1067,1,1,0,0,0,0,0.9226436614990234
video08,BirdDrone-Local-FT,1068,2,2,0,0,1,0,0.8599247336387634
video08,BirdDrone-Local-FT,1069,1,1,0,0,0,0,0.8846980929374695
video08,BirdDrone-Local-FT,1070,1,1,0,0,0,0,0.7519302368164062
video08,BirdDrone-Local-FT,1071,1,1,0,0,0,0,0.6297122836112976
video08,BirdDrone-Local-FT,1072,1,1,0,0,0,0,0.9051651358604431
video08,BirdDrone-Local-FT,1073,1,1,0,0,0,0,0.8705964088439941
video08,BirdDrone-Local-FT,1074,1,1,0,0,1,0,0.2607342600822449
video08,BirdDrone-Local-FT,1075,1,1,0,0,0,0,0.6720173358917236
video08,BirdDrone-Local-FT,1076,2,2,0,0,0,0,0.6785154342651367
video08,BirdDrone-Local-FT,1077,2,2,0,0,0,0,0.8269551396369934
video08,BirdDrone-Local-FT,1078,2,2,0,0,1,0,0.8575167655944824
video08,BirdDrone-Local-FT,1079,2,2,0,0,1,0,0.8181082606315613
video08,BirdDrone-Local-FT,1080,2,2,0,0,0,0,0.8116192817687988
video08,BirdDrone-Local-FT,1081,2,2,0,0,0,0,0.8213673233985901
video08,BirdDrone-Local-FT,1082,1,1,0,0,0,0,0.41803690791130066
video08,BirdDrone-Local-FT,1083,1,1,0,0,0,0,0.5732235312461853
video08,BirdDrone-Local-FT,1084,1,1,0,0,0,0,0.6225292682647705
video08,BirdDrone-Local-FT,1085,1,1,0,0,0,0,0.7537179589271545
video08,BirdDrone-Local-FT,1086,1,1,0,0,0,0,0.8695859909057617
video08,BirdDrone-Local-FT,1087,1,1,0,0,0,0,0.9270367622375488
video08,BirdDrone-Local-FT,1088,1,1,0,0,0,0,0.8787544965744019
video08,BirdDrone-Local-FT,1089,2,2,0,0,0,0,0.6932249665260315
video08,BirdDrone-Local-FT,1090,1,1,0,0,0,0,0.7750636339187622
video08,BirdDrone-Local-FT,1091,1,1,0,0,0,0,0.8829627633094788
video08,BirdDrone-Local-FT,1092,1,1,0,0,1,0,0.3340781331062317
video08,BirdDrone-Local-FT,1093,1,1,0,0,0,0,0.8120719194412231
video08,BirdDrone-Local-FT,1094,1,1,0,0,0,0,0.8430758714675903
video08,BirdDrone-Local-FT,1095,1,1,0,0,0,0,0.7894683480262756
video08,BirdDrone-Local-FT,1096,2,2,0,0,0,0,0.6618340611457825
video08,BirdDrone-Local-FT,1097,1,1,0,0,0,0,0.6709456443786621
video08,BirdDrone-Local-FT,1098,2,2,0,0,0,0,0.5655037760734558
video08,BirdDrone-Local-FT,1099,2,2,0,0,1,0,0.8007144927978516
video08,BirdDrone-Local-FT,1100,1,1,0,0,0,0,0.8953710794448853
video08,BirdDrone-Local-FT,1101,0,0,0,0,0,0,0.0
video08,BirdDrone-Local-FT,1102,1,1,0,0,0,0,0.8824995160102844
video08,BirdDrone-Local-FT,1103,1,1,0,0,0,0,0.8988808989524841
video08,BirdDrone-Local-FT,1104,1,1,0,0,0,0,0.8777283430099487
video08,BirdDrone-Local-FT,1105,1,1,0,0,0,0,0.8707759380340576
video08,BirdDrone-Local-FT,1106,1,1,0,0,0,0,0.6651431918144226
video08,BirdDrone-Local-FT,1107,2,2,0,0,0,0,0.8505619764328003
video08,BirdDrone-Local-FT,1108,1,1,0,0,0,0,0.8651448488235474
video08,BirdDrone-Local-FT,1109,1,1,0,0,0,0,0.48712724447250366
video08,BirdDrone-Local-FT,1110,1,1,0,0,0,0,0.6873131990432739
video08,BirdDrone-Local-FT,1111,1,1,0,0,1,0,0.34365153312683105
video08,BirdDrone-Local-FT,1112,1,1,0,0,0,0,0.8128249645233154
video08,BirdDrone-Local-FT,1113,1,1,0,0,0,0,0.8642796277999878
video08,BirdDrone-Local-FT,1114,1,1,0,0,0,0,0.6267459392547607
video08,BirdDrone-Local-FT,1115,2,2,0,0,1,0,0.4483439326286316
video08,BirdDrone-Local-FT,1116,2,2,0,0,0,0,0.5494234561920166
video08,BirdDrone-Local-FT,1117,1,1,0,0,0,0,0.674039363861084
video08,BirdDrone-Local-FT,1118,1,1,0,0,0,0,0.4993238151073456
video08,BirdDrone-Local-FT,1119,1,1,0,0,0,0,0.5116212964057922
video08,BirdDrone-Local-FT,1120,1,1,0,0,0,0,0.5533798933029175
video08,BirdDrone-Local-FT,1121,1,1,0,0,0,0,0.7210280895233154
video08,BirdDrone-Local-FT,1122,1,1,0,0,1,0,0.3465856909751892
video08,BirdDrone-Local-FT,1123,1,1,0,0,0,0,0.5880371332168579
video08,BirdDrone-Local-FT,1124,1,1,0,0,0,0,0.7034639716148376
video08,BirdDrone-Local-FT,1125,1,1,0,0,0,0,0.5886792540550232
video08,BirdDrone-Local-FT,1126,1,1,0,0,0,0,0.6070296168327332
video08,BirdDrone-Local-FT,1127,1,1,0,0,0,0,0.41825294494628906
video08,BirdDrone-Local-FT,1128,1,1,0,0,0,0,0.46389105916023254
video08,BirdDrone-Local-FT,1129,1,1,0,0,0,0,0.580371081829071
video08,BirdDrone-Local-FT,1130,1,1,0,0,0,0,0.5371150374412537
video08,BirdDrone-Local-FT,1131,1,1,0,0,0,0,0.4870893955230713
video08,BirdDrone-Local-FT,1132,1,1,0,0,0,0,0.6064290404319763
video08,BirdDrone-Local-FT,1133,1,1,0,0,0,0,0.6859888434410095
video08,BirdDrone-Local-FT,1134,2,2,0,0,1,0,0.5052043795585632
video08,BirdDrone-Local-FT,1135,1,1,0,0,0,0,0.7464739084243774
video08,BirdDrone-Local-FT,1136,2,2,0,0,0,0,0.5985589027404785
video08,BirdDrone-Local-FT,1137,1,1,0,0,0,0,0.7937365770339966
video08,BirdDrone-Local-FT,1138,1,1,0,0,0,0,0.8148221373558044
video08,BirdDrone-Local-FT,1139,1,1,0,0,0,0,0.8282336592674255
video08,BirdDrone-Local-FT,1140,1,1,0,0,0,0,0.8032230734825134
video08,BirdDrone-Local-FT,1141,1,1,0,0,0,0,0.8446584343910217
video08,BirdDrone-Local-FT,1142,1,1,0,0,0,0,0.7184420228004456
video08,BirdDrone-Local-FT,1143,1,1,0,0,0,0,0.8504557609558105
video08,BirdDrone-Local-FT,1144,1,1,0,0,0,0,0.8349674940109253
video08,BirdDrone-Local-FT,1145,1,1,0,0,0,0,0.670030415058136
video08,BirdDrone-Local-FT,1146,1,1,0,0,0,0,0.87537682056427
video08,BirdDrone-Local-FT,1147,1,1,0,0,0,0,0.43821197748184204
video08,BirdDrone-Local-FT,1148,2,2,0,0,0,0,0.6951773762702942
video08,BirdDrone-Local-FT,1149,1,1,0,0,0,0,0.8485553860664368
video08,BirdDrone-Local-FT,1150,3,3,0,0,1,0,0.5433230996131897
video08,BirdDrone-Local-FT,1151,1,1,0,0,0,0,0.4324797987937927
video08,BirdDrone-Local-FT,1152,2,2,0,0,0,0,0.6697847247123718
video08,BirdDrone-Local-FT,1153,1,1,0,0,0,0,0.8340938091278076
video08,BirdDrone-Local-FT,1154,2,2,0,0,1,0,0.7239251732826233
video08,BirdDrone-Local-FT,1155,1,1,0,0,0,0,0.7420914769172668
video08,BirdDrone-Local-FT,1156,2,2,0,0,0,0,0.694150447845459
video08,BirdDrone-Local-FT,1157,1,1,0,0,0,0,0.8551464676856995
video08,BirdDrone-Local-FT,1158,1,1,0,0,0,0,0.8877888917922974
video08,BirdDrone-Local-FT,1159,1,1,0,0,0,0,0.5287603735923767
video08,BirdDrone-Local-FT,1160,1,1,0,0,0,0,0.8529220819473267
video08,BirdDrone-Local-FT,1161,1,1,0,0,0,0,0.9036964774131775
video08,BirdDrone-Local-FT,1162,1,1,0,0,0,0,0.8540948033332825
video08,BirdDrone-Local-FT,1163,1,1,0,0,0,0,0.8034847974777222
video08,BirdDrone-Local-FT,1164,1,1,0,0,0,0,0.8806042671203613
video08,BirdDrone-Local-FT,1165,1,1,0,0,0,0,0.8765318393707275
video08,BirdDrone-Local-FT,1166,1,1,0,0,0,0,0.887719452381134
video08,BirdDrone-Local-FT,1167,1,1,0,0,0,0,0.9108397364616394
video08,BirdDrone-Local-FT,1168,1,1,0,0,0,0,0.8768390417098999
video08,BirdDrone-Local-FT,1169,1,1,0,0,0,0,0.8706785440444946
video08,BirdDrone-Local-FT,1170,1,1,0,0,0,0,0.8756059408187866
video08,BirdDrone-Local-FT,1171,1,1,0,0,0,0,0.8790944814682007
video08,BirdDrone-Local-FT,1172,1,1,0,0,0,0,0.8857485055923462
video08,BirdDrone-Local-FT,1173,1,1,0,0,0,0,0.8688449859619141
video08,BirdDrone-Local-FT,1174,1,1,0,0,0,0,0.8465792536735535
video08,BirdDrone-Local-FT,1175,1,1,0,0,0,0,0.8894256353378296
video08,BirdDrone-Local-FT,1176,1,1,0,0,0,0,0.8888338208198547
video08,BirdDrone-Local-FT,1177,1,1,0,0,0,0,0.898126482963562
video08,BirdDrone-Local-FT,1178,1,1,0,0,0,0,0.8910313844680786
video08,BirdDrone-Local-FT,1179,1,1,0,0,0,0,0.9001457691192627
video08,BirdDrone-Local-FT,1180,1,1,0,0,0,0,0.8514256477355957
video08,BirdDrone-Local-FT,1181,1,1,0,0,0,0,0.9081751108169556
video08,BirdDrone-Local-FT,1182,1,1,0,0,0,0,0.8767783045768738
video08,BirdDrone-Local-FT,1183,1,1,0,0,0,0,0.8720460534095764
video08,BirdDrone-Local-FT,1184,1,1,0,0,0,0,0.8811344504356384
video08,BirdDrone-Local-FT,1185,1,1,0,0,0,0,0.8810182213783264
video08,BirdDrone-Local-FT,1186,1,1,0,0,0,0,0.8395373821258545
video08,BirdDrone-Local-FT,1187,1,1,0,0,0,0,0.8969067931175232
video08,BirdDrone-Local-FT,1188,1,1,0,0,0,0,0.8816509246826172
video08,BirdDrone-Local-FT,1189,1,1,0,0,0,0,0.8910579085350037
video08,BirdDrone-Local-FT,1190,1,1,0,0,0,0,0.8343977928161621
video08,BirdDrone-Local-FT,1191,1,1,0,0,0,0,0.9168174266815186
video08,BirdDrone-Local-FT,1192,1,1,0,0,0,0,0.8864772915840149
video08,BirdDrone-Local-FT,1193,1,1,0,0,0,0,0.878312885761261
video08,BirdDrone-Local-FT,1194,1,1,0,0,0,0,0.8380888104438782
video08,BirdDrone-Local-FT,1195,1,1,0,0,0,0,0.8872209787368774
video08,BirdDrone-Local-FT,1196,1,1,0,0,0,0,0.8826769590377808
video08,BirdDrone-Local-FT,1197,1,1,0,0,0,0,0.8944680690765381
video08,BirdDrone-Local-FT,1198,1,1,0,0,0,0,0.8962796330451965
video08,BirdDrone-Local-FT,1199,1,1,0,0,0,0,0.880624532699585
video08,BirdDrone-Local-FT,1200,1,1,0,0,0,0,0.8804044723510742
video08,BirdDrone-Local-FT,1201,1,1,0,0,0,0,0.9075766801834106
video08,BirdDrone-Local-FT,1202,1,1,0,0,0,0,0.8936035633087158
video08,BirdDrone-Local-FT,1203,1,1,0,0,0,0,0.8989787697792053
video08,BirdDrone-Local-FT,1204,1,1,0,0,0,0,0.8726142048835754
video08,BirdDrone-Local-FT,1205,1,1,0,0,0,0,0.8791090250015259
video08,BirdDrone-Local-FT,1206,1,1,0,0,0,0,0.8738335371017456
video08,BirdDrone-Local-FT,1207,1,1,0,0,0,0,0.8815752267837524
video08,BirdDrone-Local-FT,1208,1,1,0,0,0,0,0.9078091979026794
video08,BirdDrone-Local-FT,1209,1,1,0,0,0,0,0.8963385820388794
video08,BirdDrone-Local-FT,1210,1,1,0,0,0,0,0.8711758255958557
video08,BirdDrone-Local-FT,1211,1,1,0,0,0,0,0.9096730351448059
video08,BirdDrone-Local-FT,1212,1,1,0,0,0,0,0.8998613357543945
video08,BirdDrone-Local-FT,1213,1,1,0,0,0,0,0.8909055590629578
video08,BirdDrone-Local-FT,1214,1,1,0,0,0,0,0.898036003112793
video08,BirdDrone-Local-FT,1215,1,1,0,0,0,0,0.9035918712615967
video08,BirdDrone-Local-FT,1216,1,1,0,0,0,0,0.9003748893737793
video08,BirdDrone-Local-FT,1217,1,1,0,0,0,0,0.9148191213607788
video08,BirdDrone-Local-FT,1218,1,1,0,0,0,0,0.9039812684059143
video08,BirdDrone-Local-FT,1219,1,1,0,0,0,0,0.8867074251174927
video08,BirdDrone-Local-FT,1220,1,1,0,0,0,0,0.9081539511680603
video08,BirdDrone-Local-FT,1221,1,1,0,0,0,0,0.8945749998092651
video08,BirdDrone-Local-FT,1222,1,1,0,0,0,0,0.8855429887771606
video08,BirdDrone-Local-FT,1223,1,1,0,0,0,0,0.9069939851760864
video08,BirdDrone-Local-FT,1224,1,1,0,0,0,0,0.9115378260612488
video08,BirdDrone-Local-FT,1225,1,1,0,0,0,0,0.9065824151039124
video08,BirdDrone-Local-FT,1226,1,1,0,0,0,0,0.904847264289856
video08,BirdDrone-Local-FT,1227,1,1,0,0,0,0,0.9190978407859802
video08,BirdDrone-Local-FT,1228,1,1,0,0,0,0,0.9000373482704163
video08,BirdDrone-Local-FT,1229,1,1,0,0,0,0,0.8972811698913574
video08,BirdDrone-Local-FT,1230,1,1,0,0,0,0,0.9102643728256226
video08,BirdDrone-Local-FT,1231,1,1,0,0,0,0,0.8825584053993225
video08,BirdDrone-Local-FT,1232,1,1,0,0,0,0,0.8967585563659668
video08,BirdDrone-Local-FT,1233,1,1,0,0,0,0,0.9046702980995178
video08,BirdDrone-Local-FT,1234,1,1,0,0,0,0,0.9107707142829895
video08,BirdDrone-Local-FT,1235,1,1,0,0,0,0,0.9034057855606079
video08,BirdDrone-Local-FT,1236,1,1,0,0,0,0,0.8923763632774353
video08,BirdDrone-Local-FT,1237,1,1,0,0,0,0,0.899899423122406
video08,BirdDrone-Local-FT,1238,1,1,0,0,0,0,0.8914976716041565
video08,BirdDrone-Local-FT,1239,1,1,0,0,0,0,0.8868190050125122
video08,BirdDrone-Local-FT,1240,1,1,0,0,0,0,0.9002086520195007
video08,BirdDrone-Local-FT,1241,1,1,0,0,0,0,0.894289493560791
video08,BirdDrone-Local-FT,1242,1,1,0,0,0,0,0.8998208045959473
video08,BirdDrone-Local-FT,1243,1,1,0,0,0,0,0.8884437680244446
video08,BirdDrone-Local-FT,1244,1,1,0,0,0,0,0.9051159024238586
video08,BirdDrone-Local-FT,1245,1,1,0,0,0,0,0.8925965428352356
video08,BirdDrone-Local-FT,1246,1,1,0,0,0,0,0.894348680973053
video08,BirdDrone-Local-FT,1247,1,1,0,0,0,0,0.8152017593383789
video08,BirdDrone-Local-FT,1248,1,1,0,0,0,0,0.8832430839538574
video08,BirdDrone-Local-FT,1249,1,1,0,0,0,0,0.8760838508605957
video08,BirdDrone-Local-FT,1250,1,1,0,0,0,0,0.8761226534843445
video08,BirdDrone-Local-FT,1251,2,2,0,0,0,0,0.8715904355049133
video08,BirdDrone-Local-FT,1252,1,1,0,0,0,0,0.8998076319694519
video08,BirdDrone-Local-FT,1253,1,1,0,0,0,0,0.9077171087265015
video08,BirdDrone-Local-FT,1254,1,1,0,0,0,0,0.9043951034545898
video08,BirdDrone-Local-FT,1255,1,1,0,0,0,0,0.9006863236427307
video08,BirdDrone-Local-FT,1256,1,1,0,0,0,0,0.8702802062034607
video08,BirdDrone-Local-FT,1257,1,1,0,0,0,0,0.9008429646492004
video08,BirdDrone-Local-FT,1258,1,1,0,0,0,0,0.9154635667800903
video08,BirdDrone-Local-FT,1259,1,1,0,0,0,0,0.9003724455833435
video08,BirdDrone-Local-FT,1260,1,1,0,0,0,0,0.9084116220474243
video08,BirdDrone-Local-FT,1261,1,1,0,0,0,0,0.9077022075653076
video08,BirdDrone-Local-FT,1262,1,1,0,0,0,0,0.8953860998153687
video08,BirdDrone-Local-FT,1263,1,1,0,0,0,0,0.9073029160499573
video08,BirdDrone-Local-FT,1264,1,1,0,0,0,0,0.9030885696411133
video08,BirdDrone-Local-FT,1265,1,1,0,0,0,0,0.8863070607185364
video08,BirdDrone-Local-FT,1266,1,1,0,0,0,0,0.90761399269104
video08,BirdDrone-Local-FT,1267,1,1,0,0,0,0,0.8680942058563232
video08,BirdDrone-Local-FT,1268,1,1,0,0,0,0,0.9148772358894348
video08,BirdDrone-Local-FT,1269,1,1,0,0,0,0,0.9070168733596802
video08,BirdDrone-Local-FT,1270,1,1,0,0,0,0,0.8973763585090637
video08,BirdDrone-Local-FT,1271,1,1,0,0,0,0,0.9061281085014343
video08,BirdDrone-Local-FT,1272,1,1,0,0,0,0,0.8873321413993835
video08,BirdDrone-Local-FT,1273,1,1,0,0,0,0,0.8857884407043457
video08,BirdDrone-Local-FT,1274,1,1,0,0,0,0,0.8920940160751343
video08,BirdDrone-Local-FT,1275,2,2,0,0,0,0,0.7879188060760498
video08,BirdDrone-Local-FT,1276,1,1,0,0,0,0,0.9172142148017883
video08,BirdDrone-Local-FT,1277,1,1,0,0,0,0,0.9087421894073486
video08,BirdDrone-Local-FT,1278,1,1,0,0,0,0,0.8956974744796753
video08,BirdDrone-Local-FT,1279,1,1,0,0,0,0,0.8602017760276794
video08,BirdDrone-Local-FT,1280,1,1,0,0,0,0,0.870323896408081
video08,BirdDrone-Local-FT,1281,2,2,0,0,1,0,0.6556069850921631
video08,BirdDrone-Local-FT,1282,0,0,0,0,0,0,0.0
video08,BirdDrone-Local-FT,1283,0,0,0,0,0,0,0.0
video08,BirdDrone-Local-FT,1284,0,0,0,0,0,0,0.0
video08,BirdDrone-Local-FT,1285,0,0,0,0,0,0,0.0
video08,BirdDrone-Local-FT,1286,0,0,0,0,0,0,0.0
video08,BirdDrone-Local-FT,1287,0,0,0,0,0,0,0.0
video08,BirdDrone-Local-FT,1288,0,0,0,0,0,0,0.0
video08,BirdDrone-Local-FT,1289,0,0,0,0,0,0,0.0
video08,BirdDrone-Local-FT,1290,0,0,0,0,0,0,0.0
video08,BirdDrone-Local-FT,1291,0,0,0,0,0,0,0.0
video08,BirdDrone-Local-FT,1292,0,0,0,0,0,0,0.0
video08,BirdDrone-Local-FT,1293,0,0,0,0,0,0,0.0
video08,BirdDrone-Local-FT,1294,0,0,0,0,0,0,0.0
video08,BirdDrone-Local-FT,1295,0,0,0,0,0,0,0.0
video08,BirdDrone-Local-FT,1296,0,0,0,0,0,0,0.0
video08,BirdDrone-Local-FT,1297,0,0,0,0,0,0,0.0
video08,BirdDrone-Local-FT,1298,0,0,0,0,0,0,0.0
video08,BirdDrone-Local-FT,1299,0,0,0,0,0,0,0.0
video08,BirdDrone-Local-FT,1300,0,0,0,0,0,0,0.0
video08,BirdDrone-Local-FT,1301,0,0,0,0,0,0,0.0
video08,BirdDrone-Local-FT,1302,0,0,0,0,0,0,0.0
video08,BirdDrone-Local-FT,1303,0,0,0,0,0,0,0.0
video08,BirdDrone-Local-FT,1304,0,0,0,0,0,0,0.0
video08,BirdDrone-Local-FT,1305,0,0,0,0,0,0,0.0
video08,BirdDrone-Local-FT,1306,0,0,0,0,0,0,0.0
video08,BirdDrone-Local-FT,1307,0,0,0,0,0,0,0.0
video08,BirdDrone-Local-FT,1308,0,0,0,0,0,0,0.0
video08,BirdDrone-Local-FT,1309,0,0,0,0,0,0,0.0
video08,BirdDrone-Local-FT,1310,0,0,0,0,0,0,0.0
video08,BirdDrone-Local-FT,1311,0,0,0,0,0,0,0.0
video08,BirdDrone-Local-FT,1312,0,0,0,0,0,0,0.0
video08,BirdDrone-Local-FT,1313,0,0,0,0,0,0,0.0
video08,BirdDrone-Local-FT,1314,0,0,0,0,0,0,0.0
video08,BirdDrone-Local-FT,1315,0,0,0,0,0,0,0.0
video08,BirdDrone-Local-FT,1316,0,0,0,0,0,0,0.0
video08,BirdDrone-Local-FT,1317,0,0,0,0,0,0,0.0
video08,BirdDrone-Local-FT,1318,0,0,0,0,0,0,0.0
video08,BirdDrone-Local-FT,1319,0,0,0,0,0,0,0.0
video08,BirdDrone-Local-FT,1320,0,0,0,0,0,0,0.0
video08,BirdDrone-Local-FT,1321,0,0,0,0,0,0,0.0
video08,BirdDrone-Local-FT,1322,0,0,0,0,0,0,0.0
video08,BirdDrone-Local-FT,1323,0,0,0,0,0,0,0.0
video08,BirdDrone-Local-FT,1324,0,0,0,0,0,0,0.0
video08,BirdDrone-Local-FT,1325,0,0,0,0,0,0,0.0
video08,BirdDrone-Local-FT,1326,0,0,0,0,0,0,0.0
video08,BirdDrone-Local-FT,1327,0,0,0,0,0,0,0.0
video08,BirdDrone-Local-FT,1328,0,0,0,0,0,0,0.0
video08,BirdDrone-Local-FT,1329,0,0,0,0,0,0,0.0
video08,BirdDrone-Local-FT,1330,0,0,0,0,0,0,0.0
video08,BirdDrone-Local-FT,1331,0,0,0,0,0,0,0.0
video08,BirdDrone-Local-FT,1332,0,0,0,0,0,0,0.0
video08,BirdDrone-Local-FT,1333,0,0,0,0,0,0,0.0
video08,BirdDrone-Local-FT,1334,0,0,0,0,0,0,0.0
video08,BirdDrone-Local-FT,1335,0,0,0,0,0,0,0.0
video08,BirdDrone-Local-FT,1336,0,0,0,0,0,0,0.0
video08,BirdDrone-Local-FT,1337,0,0,0,0,0,0,0.0
video08,BirdDrone-Local-FT,1338,0,0,0,0,0,0,0.0
video08,BirdDrone-Local-FT,1339,0,0,0,0,0,0,0.0
video08,BirdDrone-Local-FT,1340,0,0,0,0,0,0,0.0
video08,BirdDrone-Local-FT,1341,0,0,0,0,0,0,0.0
video08,BirdDrone-Local-FT,1342,0,0,0,0,0,0,0.0
video08,BirdDrone-Local-FT,1343,0,0,0,0,0,0,0.0
video08,BirdDrone-Local-FT,1344,0,0,0,0,0,0,0.0
video08,BirdDrone-Local-FT,1345,0,0,0,0,0,0,0.0
video08,BirdDrone-Local-FT,1346,0,0,0,0,0,0,0.0
video08,BirdDrone-Local-FT,1347,0,0,0,0,0,0,0.0
video08,BirdDrone-Local-FT,1348,0,0,0,0,0,0,0.0
video08,BirdDrone-Local-FT,1349,0,0,0,0,0,0,0.0
video08,BirdDrone-Local-FT,1350,0,0,0,0,0,0,0.0
video08,BirdDrone-Local-FT,1351,0,0,0,0,0,0,0.0
video08,BirdDrone-Local-FT,1352,0,0,0,0,0,0,0.0
video08,BirdDrone-Local-FT,1353,0,0,0,0,0,0,0.0
video08,BirdDrone-Local-FT,1354,0,0,0,0,0,0,0.0
video08,BirdDrone-Local-FT,1355,0,0,0,0,0,0,0.0
video08,BirdDrone-Local-FT,1356,0,0,0,0,0,0,0.0
video08,BirdDrone-Local-FT,1357,0,0,0,0,0,0,0.0
video08,BirdDrone-Local-FT,1358,0,0,0,0,0,0,0.0
video08,BirdDrone-Local-FT,1359,0,0,0,0,0,0,0.0
video08,BirdDrone-Local-FT,1360,0,0,0,0,0,0,0.0
video08,BirdDrone-Local-FT,1361,0,0,0,0,0,0,0.0
video08,BirdDrone-Local-FT,1362,0,0,0,0,0,0,0.0
video08,BirdDrone-Local-FT,1363,0,0,0,0,0,0,0.0
video08,BirdDrone-Local-FT,1364,0,0,0,0,0,0,0.0
video08,BirdDrone-Local-FT,1365,0,0,0,0,0,0,0.0
video08,BirdDrone-Local-FT,1366,0,0,0,0,0,0,0.0
video08,BirdDrone-Local-FT,1367,0,0,0,0,0,0,0.0
video08,BirdDrone-Local-FT,1368,0,0,0,0,0,0,0.0
video08,BirdDrone-Local-FT,1369,0,0,0,0,0,0,0.0
video08,BirdDrone-Local-FT,1370,0,0,0,0,0,0,0.0
video08,BirdDrone-Local-FT,1371,0,0,0,0,0,0,0.0
video08,BirdDrone-Local-FT,1372,0,0,0,0,0,0,0.0
video08,BirdDrone-Local-FT,1373,0,0,0,0,0,0,0.0
video08,BirdDrone-Local-FT,1374,0,0,0,0,0,0,0.0
video08,BirdDrone-Local-FT,1375,0,0,0,0,0,0,0.0
video08,BirdDrone-Local-FT,1376,0,0,0,0,0,0,0.0
video08,BirdDrone-Local-FT,1377,1,1,0,0,1,0,0.3188251256942749
video08,BirdDrone-Local-FT,1378,2,2,0,0,1,0,0.6097878813743591
video08,BirdDrone-Local-FT,1379,1,1,0,0,0,0,0.6365609765052795
video08,BirdDrone-Local-FT,1380,1,1,0,0,0,0,0.8463764786720276
video08,BirdDrone-Local-FT,1381,1,1,0,0,0,0,0.7399547696113586
video08,BirdDrone-Local-FT,1382,1,1,0,0,0,0,0.6257619857788086
video08,BirdDrone-Local-FT,1383,1,1,0,0,0,0,0.7609210014343262
video08,BirdDrone-Local-FT,1384,1,1,0,0,0,0,0.8037105202674866
video08,BirdDrone-Local-FT,1385,1,1,0,0,0,0,0.8178658485412598
video08,BirdDrone-Local-FT,1386,1,1,0,0,0,0,0.8177365660667419
video08,BirdDrone-Local-FT,1387,1,1,0,0,0,0,0.8001576066017151
video08,BirdDrone-Local-FT,1388,1,1,0,0,0,0,0.763098955154419
video08,BirdDrone-Local-FT,1389,1,1,0,0,0,0,0.6856140494346619
video08,BirdDrone-Local-FT,1390,1,1,0,0,0,0,0.8213233351707458
video08,BirdDrone-Local-FT,1391,1,1,0,0,0,0,0.8413599729537964
video08,BirdDrone-Local-FT,1392,1,1,0,0,0,0,0.8728864192962646
video08,BirdDrone-Local-FT,1393,1,1,0,0,0,0,0.8685151934623718
video08,BirdDrone-Local-FT,1394,1,1,0,0,0,0,0.8617792129516602
video08,BirdDrone-Local-FT,1395,1,1,0,0,0,0,0.8862587809562683
video08,BirdDrone-Local-FT,1396,1,1,0,0,0,0,0.8805063962936401
video08,BirdDrone-Local-FT,1397,1,1,0,0,0,0,0.8804780840873718
video08,BirdDrone-Local-FT,1398,1,1,0,0,0,0,0.8906183838844299
video08,BirdDrone-Local-FT,1399,1,1,0,0,0,0,0.8828197717666626
video08,BirdDrone-Local-FT,1400,1,1,0,0,0,0,0.8932778835296631
video08,BirdDrone-Local-FT,1401,1,1,0,0,0,0,0.8193699717521667
video08,BirdDrone-Local-FT,1402,1,1,0,0,0,0,0.883106529712677
video08,BirdDrone-Local-FT,1403,1,1,0,0,0,0,0.902115523815155
video08,BirdDrone-Local-FT,1404,1,1,0,0,0,0,0.8499592542648315
video08,BirdDrone-Local-FT,1405,0,0,0,0,0,0,0.0
video08,BirdDrone-Local-FT,1406,0,0,0,0,0,0,0.0
video08,BirdDrone-Local-FT,1407,0,0,0,0,0,0,0.0
video08,BirdDrone-Local-FT,1408,0,0,0,0,0,0,0.0
video08,BirdDrone-Local-FT,1409,0,0,0,0,0,0,0.0
video08,BirdDrone-Local-FT,1410,0,0,0,0,0,0,0.0
video08,BirdDrone-Local-FT,1411,0,0,0,0,0,0,0.0
video08,BirdDrone-Local-FT,1412,0,0,0,0,0,0,0.0
video08,BirdDrone-Local-FT,1413,0,0,0,0,0,0,0.0
video08,BirdDrone-Local-FT,1414,0,0,0,0,0,0,0.0
video08,BirdDrone-Local-FT,1415,0,0,0,0,0,0,0.0
video08,BirdDrone-Local-FT,1416,0,0,0,0,0,0,0.0
video08,BirdDrone-Local-FT,1417,0,0,0,0,0,0,0.0
video08,BirdDrone-Local-FT,1418,0,0,0,0,0,0,0.0
video08,BirdDrone-Local-FT,1419,0,0,0,0,0,0,0.0
video08,BirdDrone-Local-FT,1420,0,0,0,0,0,0,0.0
video08,BirdDrone-Local-FT,1421,0,0,0,0,0,0,0.0
video08,BirdDrone-Local-FT,1422,0,0,0,0,0,0,0.0
video08,BirdDrone-Local-FT,1423,0,0,0,0,0,0,0.0
video08,BirdDrone-Local-FT,1424,0,0,0,0,0,0,0.0
video08,BirdDrone-Local-FT,1425,0,0,0,0,0,0,0.0
video08,BirdDrone-Local-FT,1426,0,0,0,0,0,0,0.0
video08,BirdDrone-Local-FT,1427,0,0,0,0,0,0,0.0
video08,BirdDrone-Local-FT,1428,0,0,0,0,0,0,0.0
video08,BirdDrone-Local-FT,1429,0,0,0,0,0,0,0.0
video08,BirdDrone-Local-FT,1430,0,0,0,0,0,0,0.0
video08,BirdDrone-Local-FT,1431,0,0,0,0,0,0,0.0
video08,BirdDrone-Local-FT,1432,0,0,0,0,0,0,0.0
video08,BirdDrone-Local-FT,1433,0,0,0,0,0,0,0.0
video08,BirdDrone-Local-FT,1434,0,0,0,0,0,0,0.0
video08,BirdDrone-Local-FT,1435,0,0,0,0,0,0,0.0
video08,BirdDrone-Local-FT,1436,0,0,0,0,0,0,0.0
video08,BirdDrone-Local-FT,1437,0,0,0,0,0,0,0.0
video08,BirdDrone-Local-FT,1438,0,0,0,0,0,0,0.0
video08,BirdDrone-Local-FT,1439,0,0,0,0,0,0,0.0
video08,BirdDrone-Local-FT,1440,0,0,0,0,0,0,0.0
video08,BirdDrone-Local-FT,1441,0,0,0,0,0,0,0.0
video08,BirdDrone-Local-FT,1442,0,0,0,0,0,0,0.0
video08,BirdDrone-Local-FT,1443,0,0,0,0,0,0,0.0
video08,BirdDrone-Local-FT,1444,0,0,0,0,0,0,0.0
video08,BirdDrone-Local-FT,1445,0,0,0,0,0,0,0.0
video08,BirdDrone-Local-FT,1446,0,0,0,0,0,0,0.0
video08,BirdDrone-Local-FT,1447,0,0,0,0,0,0,0.0
video08,BirdDrone-Local-FT,1448,0,0,0,0,0,0,0.0
video08,BirdDrone-Local-FT,1449,0,0,0,0,0,0,0.0
video08,BirdDrone-Local-FT,1450,0,0,0,0,0,0,0.0
video08,BirdDrone-Local-FT,1451,0,0,0,0,0,0,0.0
video08,BirdDrone-Local-FT,1452,0,0,0,0,0,0,0.0
video08,BirdDrone-Local-FT,1453,0,0,0,0,0,0,0.0
video08,BirdDrone-Local-FT,1454,0,0,0,0,0,0,0.0
video08,BirdDrone-Local-FT,1455,0,0,0,0,0,0,0.0
video08,BirdDrone-Local-FT,1456,0,0,0,0,0,0,0.0
video08,BirdDrone-Local-FT,1457,0,0,0,0,0,0,0.0
video08,BirdDrone-Local-FT,1458,0,0,0,0,0,0,0.0
video08,BirdDrone-Local-FT,1459,0,0,0,0,0,0,0.0
video08,BirdDrone-Local-FT,1460,0,0,0,0,0,0,0.0
video08,BirdDrone-Local-FT,1461,0,0,0,0,0,0,0.0
video08,BirdDrone-Local-FT,1462,0,0,0,0,0,0,0.0
video08,BirdDrone-Local-FT,1463,0,0,0,0,0,0,0.0
video08,BirdDrone-Local-FT,1464,0,0,0,0,0,0,0.0
video08,BirdDrone-Local-FT,1465,0,0,0,0,0,0,0.0
video08,BirdDrone-Local-FT,1466,0,0,0,0,0,0,0.0
video08,BirdDrone-Local-FT,1467,0,0,0,0,0,0,0.0
video08,BirdDrone-Local-FT,1468,0,0,0,0,0,0,0.0
video08,BirdDrone-Local-FT,1469,0,0,0,0,0,0,0.0
video08,BirdDrone-Local-FT,1470,0,0,0,0,0,0,0.0
video08,BirdDrone-Local-FT,1471,0,0,0,0,0,0,0.0
video08,BirdDrone-Local-FT,1472,0,0,0,0,0,0,0.0
video08,BirdDrone-Local-FT,1473,0,0,0,0,0,0,0.0
video08,BirdDrone-Local-FT,1474,0,0,0,0,0,0,0.0
video08,BirdDrone-Local-FT,1475,0,0,0,0,0,0,0.0
video08,BirdDrone-Local-FT,1476,0,0,0,0,0,0,0.0
video08,BirdDrone-Local-FT,1477,0,0,0,0,0,0,0.0
video08,BirdDrone-Local-FT,1478,0,0,0,0,0,0,0.0
video08,BirdDrone-Local-FT,1479,0,0,0,0,0,0,0.0
video08,BirdDrone-Local-FT,1480,0,0,0,0,0,0,0.0
video08,BirdDrone-Local-FT,1481,0,0,0,0,0,0,0.0
video08,BirdDrone-Local-FT,1482,0,0,0,0,0,0,0.0
video08,BirdDrone-Local-FT,1483,1,1,0,0,0,0,0.558413028717041
video08,BirdDrone-Local-FT,1484,2,2,0,0,0,0,0.5697557330131531
video08,BirdDrone-Local-FT,1485,2,2,0,0,2,0,0.3409874737262726
video08,BirdDrone-Local-FT,1486,1,1,0,0,0,0,0.8430750966072083
video08,BirdDrone-Local-FT,1487,1,1,0,0,0,0,0.8543878197669983
video08,BirdDrone-Local-FT,1488,1,1,0,0,0,0,0.6130133867263794
video08,BirdDrone-Local-FT,1489,1,1,0,0,0,0,0.6934494376182556
video08,BirdDrone-Local-FT,1490,1,1,0,0,0,0,0.8900470733642578
video08,BirdDrone-Local-FT,1491,1,1,0,0,0,0,0.8425683379173279
video08,BirdDrone-Local-FT,1492,0,0,0,0,0,0,0.0
video08,BirdDrone-Local-FT,1493,1,1,0,0,0,0,0.901009738445282
video08,BirdDrone-Local-FT,1494,0,0,0,0,0,0,0.0
video08,BirdDrone-Local-FT,1495,1,1,0,0,0,0,0.8901201486587524
video08,BirdDrone-Local-FT,1496,1,1,0,0,0,0,0.7281942963600159
video08,BirdDrone-Local-FT,1497,1,1,0,0,0,0,0.4126270115375519
video08,BirdDrone-Local-FT,1498,1,1,0,0,1,0,0.31188666820526123
video08,BirdDrone-Local-FT,1499,1,1,0,0,0,0,0.9423356652259827
video08,BirdDrone-Local-FT,1500,1,1,0,0,0,0,0.9145575165748596
video08,BirdDrone-Local-FT,1501,1,1,0,0,0,0,0.8584141135215759
video08,BirdDrone-Local-FT,1502,1,1,0,0,0,0,0.8541246652603149
video08,BirdDrone-Local-FT,1503,1,1,0,0,0,0,0.9043601751327515
video08,BirdDrone-Local-FT,1504,1,1,0,0,0,0,0.9065951704978943
video08,BirdDrone-Local-FT,1505,1,1,0,0,0,0,0.8976995348930359
video08,BirdDrone-Local-FT,1506,1,1,0,0,0,0,0.8069283962249756
video08,BirdDrone-Local-FT,1507,1,1,0,0,0,0,0.7648246884346008
video08,BirdDrone-Local-FT,1508,1,1,0,0,0,0,0.9172606468200684
video08,BirdDrone-Local-FT,1509,1,1,0,0,0,0,0.8733874559402466
video08,BirdDrone-Local-FT,1510,1,1,0,0,0,0,0.47010889649391174
video08,BirdDrone-Local-FT,1511,0,0,0,0,0,0,0.0
video08,BirdDrone-Local-FT,1512,1,1,0,0,0,0,0.8729445934295654
video08,BirdDrone-Local-FT,1513,1,1,0,0,0,0,0.9310480356216431
video08,BirdDrone-Local-FT,1514,1,1,0,0,0,0,0.9112029075622559
video08,BirdDrone-Local-FT,1515,1,1,0,0,0,0,0.9158331751823425
video08,BirdDrone-Local-FT,1516,1,1,0,0,0,0,0.9097483158111572
video08,BirdDrone-Local-FT,1517,1,1,0,0,0,0,0.9131401181221008
video08,BirdDrone-Local-FT,1518,1,1,0,0,0,0,0.9112643003463745
video08,BirdDrone-Local-FT,1519,1,1,0,0,0,0,0.904201090335846
video08,BirdDrone-Local-FT,1520,1,1,0,0,0,0,0.8963852524757385
video08,BirdDrone-Local-FT,1521,1,1,0,0,0,0,0.9020077586174011
video08,BirdDrone-Local-FT,1522,1,1,0,0,0,0,0.9035723209381104
video08,BirdDrone-Local-FT,1523,1,1,0,0,0,0,0.9116507172584534
video08,BirdDrone-Local-FT,1524,1,1,0,0,0,0,0.9062519669532776
video08,BirdDrone-Local-FT,1525,1,1,0,0,0,0,0.9070673584938049
video08,BirdDrone-Local-FT,1526,1,1,0,0,0,0,0.9147708415985107
video08,BirdDrone-Local-FT,1527,1,1,0,0,0,0,0.9157161116600037
video08,BirdDrone-Local-FT,1528,1,1,0,0,0,0,0.9112650752067566
video08,BirdDrone-Local-FT,1529,1,1,0,0,0,0,0.9160155057907104
video08,BirdDrone-Local-FT,1530,1,1,0,0,0,0,0.934167742729187
video08,BirdDrone-Local-FT,1531,1,1,0,0,0,0,0.9362487196922302
video08,BirdDrone-Local-FT,1532,1,1,0,0,0,0,0.9395488500595093
video08,BirdDrone-Local-FT,1533,1,1,0,0,0,0,0.9304676651954651
video08,BirdDrone-Local-FT,1534,1,1,0,0,0,0,0.9430107474327087
video08,BirdDrone-Local-FT,1535,1,1,0,0,0,0,0.9429345726966858
video08,BirdDrone-Local-FT,1536,1,1,0,0,0,0,0.9305974245071411
video08,BirdDrone-Local-FT,1537,1,1,0,0,0,0,0.9299649000167847
video08,BirdDrone-Local-FT,1538,1,1,0,0,0,0,0.9416695237159729
video08,BirdDrone-Local-FT,1539,1,1,0,0,0,0,0.9202855229377747
video08,BirdDrone-Local-FT,1540,1,1,0,0,0,0,0.9351364374160767
video08,BirdDrone-Local-FT,1541,1,1,0,0,0,0,0.9350993633270264
video08,BirdDrone-Local-FT,1542,1,1,0,0,0,0,0.9396588802337646
video08,BirdDrone-Local-FT,1543,1,1,0,0,0,0,0.9360440969467163
video08,BirdDrone-Local-FT,1544,1,1,0,0,0,0,0.935025691986084
video08,BirdDrone-Local-FT,1545,1,1,0,0,0,0,0.9442856907844543
video08,BirdDrone-Local-FT,1546,1,1,0,0,0,0,0.9393265843391418
video08,BirdDrone-Local-FT,1547,1,1,0,0,0,0,0.936713457107544
video08,BirdDrone-Local-FT,1548,1,1,0,0,0,0,0.8741703629493713
video08,BirdDrone-Local-FT,1549,1,1,0,0,0,0,0.9276025891304016
video08,BirdDrone-Local-FT,1550,1,1,0,0,0,0,0.9103605151176453
video08,BirdDrone-Local-FT,1551,1,1,0,0,0,0,0.8983618021011353
video08,BirdDrone-Local-FT,1552,1,1,0,0,0,0,0.7939273715019226
video08,BirdDrone-Local-FT,1553,1,1,0,0,0,0,0.8698968291282654
video08,BirdDrone-Local-FT,1554,1,1,0,0,0,0,0.9343379735946655
video08,BirdDrone-Local-FT,1555,1,1,0,0,0,0,0.9439477920532227
video08,BirdDrone-Local-FT,1556,1,1,0,0,0,0,0.928305983543396
video08,BirdDrone-Local-FT,1557,1,1,0,0,0,0,0.9372215270996094
video08,BirdDrone-Local-FT,1558,1,1,0,0,0,0,0.9357202053070068
video08,BirdDrone-Local-FT,1559,1,1,0,0,0,0,0.9333963990211487
video08,BirdDrone-Local-FT,1560,1,1,0,0,0,0,0.9123770594596863
video08,BirdDrone-Local-FT,1561,1,1,0,0,0,0,0.9134484529495239
video08,BirdDrone-Local-FT,1562,1,1,0,0,0,0,0.9220176935195923
video08,BirdDrone-Local-FT,1563,1,1,0,0,0,0,0.9327174425125122
video08,BirdDrone-Local-FT,1564,1,1,0,0,0,0,0.9339556097984314
video08,BirdDrone-Local-FT,1565,1,1,0,0,0,0,0.9249622821807861
video08,BirdDrone-Local-FT,1566,1,1,0,0,0,0,0.9260657429695129
video08,BirdDrone-Local-FT,1567,1,1,0,0,0,0,0.9273537397384644
video08,BirdDrone-Local-FT,1568,2,2,0,0,1,0,0.7327721118927002
video08,BirdDrone-Local-FT,1569,1,1,0,0,0,0,0.915851891040802
video08,BirdDrone-Local-FT,1570,1,1,0,0,0,0,0.8660733699798584
video08,BirdDrone-Local-FT,1571,1,1,0,0,0,0,0.9238082766532898
video08,BirdDrone-Local-FT,1572,1,1,0,0,0,0,0.9305490851402283
video08,BirdDrone-Local-FT,1573,1,1,0,0,0,0,0.914645791053772
video08,BirdDrone-Local-FT,1574,1,1,0,0,0,0,0.9033645391464233
video08,BirdDrone-Local-FT,1575,1,1,0,0,0,0,0.7782779335975647
video08,BirdDrone-Local-FT,1576,1,1,0,0,0,0,0.6328657865524292
video08,BirdDrone-Local-FT,1577,1,1,0,0,0,0,0.9260420799255371
video08,BirdDrone-Local-FT,1578,2,2,0,0,1,0,0.801498293876648
video08,BirdDrone-Local-FT,1579,1,1,0,0,0,0,0.9180811047554016
video08,BirdDrone-Local-FT,1580,1,1,0,0,0,0,0.9264073967933655
video08,BirdDrone-Local-FT,1581,1,1,0,0,0,0,0.9317125678062439
video08,BirdDrone-Local-FT,1582,1,1,0,0,0,0,0.9330726861953735
video08,BirdDrone-Local-FT,1583,1,1,0,0,0,0,0.9318234920501709
video08,BirdDrone-Local-FT,1584,1,1,0,0,0,0,0.9268849492073059
video08,BirdDrone-Local-FT,1585,1,1,0,0,0,0,0.9293518662452698
video08,BirdDrone-Local-FT,1586,1,1,0,0,0,0,0.9293151497840881
video08,BirdDrone-Local-FT,1587,1,1,0,0,0,0,0.9271683096885681
video08,BirdDrone-Local-FT,1588,1,1,0,0,0,0,0.9292933344841003
video08,BirdDrone-Local-FT,1589,1,1,0,0,0,0,0.9313573241233826
video08,BirdDrone-Local-FT,1590,1,1,0,0,0,0,0.9255245327949524
video08,BirdDrone-Local-FT,1591,1,1,0,0,0,0,0.9096004366874695
video08,BirdDrone-Local-FT,1592,1,1,0,0,0,0,0.9174997806549072
video08,BirdDrone-Local-FT,1593,1,1,0,0,0,0,0.6502111554145813
video08,BirdDrone-Local-FT,1594,1,1,0,0,0,0,0.9267744421958923
video08,BirdDrone-Local-FT,1595,1,1,0,0,0,0,0.7622448801994324
video08,BirdDrone-Local-FT,1596,1,1,0,0,0,0,0.9250494241714478
video08,BirdDrone-Local-FT,1597,1,1,0,0,0,0,0.9457705020904541
video08,BirdDrone-Local-FT,1598,1,1,0,0,0,0,0.9421816468238831
video08,BirdDrone-Local-FT,1599,1,1,0,0,0,0,0.942572832107544
video08,BirdDrone-Local-FT,1600,1,1,0,0,0,0,0.931297242641449
video08,BirdDrone-Local-FT,1601,1,1,0,0,0,0,0.9294310808181763
video08,BirdDrone-Local-FT,1602,1,1,0,0,0,0,0.9140509963035583
video08,BirdDrone-Local-FT,1603,1,1,0,0,0,0,0.9105992913246155
video08,BirdDrone-Local-FT,1604,1,1,0,0,0,0,0.8470495939254761
video08,BirdDrone-Local-FT,1605,1,1,0,0,0,0,0.9327530264854431
video08,BirdDrone-Local-FT,1606,1,1,0,0,0,0,0.915789008140564
video08,BirdDrone-Local-FT,1607,1,1,0,0,0,0,0.912833571434021
video08,BirdDrone-Local-FT,1608,2,2,0,0,1,0,0.5860522389411926
video08,BirdDrone-Local-FT,1609,1,1,0,0,0,0,0.9233430624008179
video08,BirdDrone-Local-FT,1610,1,1,0,0,0,0,0.917622447013855
video08,BirdDrone-Local-FT,1611,1,1,0,0,0,0,0.9208527207374573
video08,BirdDrone-Local-FT,1612,1,1,0,0,0,0,0.9245300889015198
video08,BirdDrone-Local-FT,1613,1,1,0,0,0,0,0.9210283160209656
video08,BirdDrone-Local-FT,1614,1,1,0,0,0,0,0.9141725301742554
video08,BirdDrone-Local-FT,1615,1,1,0,0,0,0,0.9120186567306519
video08,BirdDrone-Local-FT,1616,1,1,0,0,0,0,0.9232872128486633
video08,BirdDrone-Local-FT,1617,1,1,0,0,0,0,0.9234437942504883
video08,BirdDrone-Local-FT,1618,1,1,0,0,0,0,0.9369422793388367
video08,BirdDrone-Local-FT,1619,1,1,0,0,0,0,0.9402720332145691
video08,BirdDrone-Local-FT,1620,1,1,0,0,0,0,0.9448309540748596
video08,BirdDrone-Local-FT,1621,1,1,0,0,0,0,0.9321985840797424
video08,BirdDrone-Local-FT,1622,1,1,0,0,0,0,0.9231209754943848
video08,BirdDrone-Local-FT,1623,1,1,0,0,0,0,0.9140362739562988
video08,BirdDrone-Local-FT,1624,1,1,0,0,0,0,0.8931195735931396
video08,BirdDrone-Local-FT,1625,1,1,0,0,0,0,0.9252952337265015
video08,BirdDrone-Local-FT,1626,1,1,0,0,0,0,0.9190236330032349
video08,BirdDrone-Local-FT,1627,1,1,0,0,0,0,0.9226316213607788
video08,BirdDrone-Local-FT,1628,1,1,0,0,0,0,0.8965860605239868
video08,BirdDrone-Local-FT,1629,1,1,0,0,0,0,0.9303062558174133
video08,BirdDrone-Local-FT,1630,1,1,0,0,0,0,0.9369503259658813
video08,BirdDrone-Local-FT,1631,1,1,0,0,0,0,0.9308504462242126
video08,BirdDrone-Local-FT,1632,1,1,0,0,0,0,0.9373109936714172
video08,BirdDrone-Local-FT,1633,1,1,0,0,0,0,0.9321562051773071
video08,BirdDrone-Local-FT,1634,1,1,0,0,0,0,0.7447004318237305
video08,BirdDrone-Local-FT,1635,1,1,0,0,0,0,0.9276671409606934
video08,BirdDrone-Local-FT,1636,1,1,0,0,0,0,0.9197266697883606
video08,BirdDrone-Local-FT,1637,1,1,0,0,0,0,0.9186701774597168
video08,BirdDrone-Local-FT,1638,1,1,0,0,0,0,0.9054558873176575
video08,BirdDrone-Local-FT,1639,1,1,0,0,0,0,0.9090657830238342
video08,BirdDrone-Local-FT,1640,1,1,0,0,0,0,0.9265031814575195
video08,BirdDrone-Local-FT,1641,1,1,0,0,0,0,0.9274008870124817
video08,BirdDrone-Local-FT,1642,1,1,0,0,0,0,0.9211374521255493
video08,BirdDrone-Local-FT,1643,1,1,0,0,0,0,0.899533748626709
video08,BirdDrone-Local-FT,1644,1,1,0,0,0,0,0.901923656463623
video08,BirdDrone-Local-FT,1645,1,1,0,0,0,0,0.9058874845504761
video08,BirdDrone-Local-FT,1646,1,1,0,0,0,0,0.9256247878074646
video08,BirdDrone-Local-FT,1647,1,1,0,0,0,0,0.9470398426055908
video08,BirdDrone-Local-FT,1648,1,1,0,0,0,0,0.9374099373817444
video08,BirdDrone-Local-FT,1649,1,1,0,0,0,0,0.936777651309967
video08,BirdDrone-Local-FT,1650,1,1,0,0,0,0,0.9167371392250061
video08,BirdDrone-Local-FT,1651,1,1,0,0,0,0,0.9387787580490112
video08,BirdDrone-Local-FT,1652,1,1,0,0,0,0,0.9200971126556396
video08,BirdDrone-Local-FT,1653,1,1,0,0,0,0,0.9090657830238342
video08,BirdDrone-Local-FT,1654,1,1,0,0,0,0,0.9103361964225769
video08,BirdDrone-Local-FT,1655,1,1,0,0,0,0,0.9006837606430054
video08,BirdDrone-Local-FT,1656,1,1,0,0,0,0,0.9126943945884705
video08,BirdDrone-Local-FT,1657,1,1,0,0,0,0,0.9011795520782471
video08,BirdDrone-Local-FT,1658,1,1,0,0,0,0,0.8578946590423584
video08,BirdDrone-Local-FT,1659,1,1,0,0,0,0,0.8967005610466003
video08,BirdDrone-Local-FT,1660,1,1,0,0,0,0,0.8950366377830505
video08,BirdDrone-Local-FT,1661,1,1,0,0,1,0,0.2718029022216797
video08,BirdDrone-Local-FT,1662,1,1,0,0,0,0,0.8545910120010376
video08,BirdDrone-Local-FT,1663,1,1,0,0,0,0,0.8926063179969788
video08,BirdDrone-Local-FT,1664,0,0,0,0,0,0,0.0
video08,BirdDrone-Local-FT,1665,1,1,0,0,0,0,0.6574989557266235
video08,BirdDrone-Local-FT,1666,1,1,0,0,0,0,0.885155975818634
video08,BirdDrone-Local-FT,1667,1,1,0,0,0,0,0.9191946387290955
video08,BirdDrone-Local-FT,1668,1,1,0,0,0,0,0.9076063632965088
video08,BirdDrone-Local-FT,1669,1,1,0,0,0,0,0.9134945869445801
video08,BirdDrone-Local-FT,1670,1,1,0,0,0,0,0.9190765023231506
video08,BirdDrone-Local-FT,1671,1,1,0,0,0,0,0.9189103841781616
video08,BirdDrone-Local-FT,1672,1,1,0,0,0,0,0.916510820388794
video08,BirdDrone-Local-FT,1673,1,1,0,0,0,0,0.9180575013160706
video08,BirdDrone-Local-FT,1674,1,1,0,0,0,0,0.7674824595451355
video08,BirdDrone-Local-FT,1675,1,1,0,0,0,0,0.519879937171936
video08,BirdDrone-Local-FT,1676,0,0,0,0,0,0,0.0
video08,BirdDrone-Local-FT,1677,1,1,0,0,0,0,0.9205687046051025
video08,BirdDrone-Local-FT,1678,1,1,0,0,0,0,0.8900490403175354
video08,BirdDrone-Local-FT,1679,1,1,0,0,0,0,0.9204687476158142
video08,BirdDrone-Local-FT,1680,1,1,0,0,0,0,0.8905028700828552
video08,BirdDrone-Local-FT,1681,1,1,0,0,0,0,0.8759403824806213
video08,BirdDrone-Local-FT,1682,1,1,0,0,0,0,0.8139122724533081
video08,BirdDrone-Local-FT,1683,1,1,0,0,0,0,0.9356060028076172
video08,BirdDrone-Local-FT,1684,1,1,0,0,0,0,0.7798331379890442
video08,BirdDrone-Local-FT,1685,1,1,0,0,0,0,0.7623233795166016
video08,BirdDrone-Local-FT,1686,0,0,0,0,0,0,0.0
video08,BirdDrone-Local-FT,1687,0,0,0,0,0,0,0.0
video08,BirdDrone-Local-FT,1688,0,0,0,0,0,0,0.0
video08,BirdDrone-Local-FT,1689,1,1,0,0,0,0,0.6876834034919739
video08,BirdDrone-Local-FT,1690,1,1,0,0,0,0,0.77482670545578
video08,BirdDrone-Local-FT,1691,1,1,0,0,0,0,0.8123340606689453
video08,BirdDrone-Local-FT,1692,1,1,0,0,0,0,0.850538969039917
video08,BirdDrone-Local-FT,1693,1,1,0,0,0,0,0.8332924246788025
video08,BirdDrone-Local-FT,1694,1,1,0,0,0,0,0.8938088417053223
video08,BirdDrone-Local-FT,1695,1,1,0,0,0,0,0.8875037431716919
video08,BirdDrone-Local-FT,1696,1,1,0,0,0,0,0.8445124626159668
video08,BirdDrone-Local-FT,1697,2,2,0,0,0,0,0.8058347702026367
video08,BirdDrone-Local-FT,1698,1,1,0,0,0,0,0.8975841403007507
video08,BirdDrone-Local-FT,1699,2,2,0,0,0,0,0.8293327689170837
video08,BirdDrone-Local-FT,1700,2,2,0,0,0,0,0.8394495248794556
video08,BirdDrone-Local-FT,1701,1,1,0,0,0,0,0.9216241240501404
video08,BirdDrone-Local-FT,1702,2,2,0,0,0,0,0.8684750199317932
video08,BirdDrone-Local-FT,1703,2,2,0,0,0,0,0.8397778272628784
video08,BirdDrone-Local-FT,1704,1,1,0,0,0,0,0.9216042757034302
video08,BirdDrone-Local-FT,1705,2,2,0,0,0,0,0.7362087965011597
video08,BirdDrone-Local-FT,1706,1,1,0,0,0,0,0.8969886302947998
video08,BirdDrone-Local-FT,1707,2,2,0,0,0,0,0.7947070598602295
video08,BirdDrone-Local-FT,1708,2,2,0,0,0,0,0.8484213352203369
video08,BirdDrone-Local-FT,1709,1,1,0,0,0,0,0.88731449842453
video08,BirdDrone-Local-FT,1710,2,2,0,0,0,0,0.891902506351471
video08,BirdDrone-Local-FT,1711,2,2,0,0,1,0,0.8933001160621643
video08,BirdDrone-Local-FT,1712,2,2,0,0,0,0,0.7566038966178894
video08,BirdDrone-Local-FT,1713,1,1,0,0,0,0,0.9134398698806763
video08,BirdDrone-Local-FT,1714,1,1,0,0,0,0,0.4353010356426239
video08,BirdDrone-Local-FT,1715,1,1,0,0,0,0,0.8799190521240234
video08,BirdDrone-Local-FT,1716,1,1,0,0,0,0,0.934440016746521
video08,BirdDrone-Local-FT,1717,2,2,0,0,0,0,0.668521523475647
video08,BirdDrone-Local-FT,1718,1,1,0,0,0,0,0.893434464931488
video08,BirdDrone-Local-FT,1719,1,1,0,0,0,0,0.6089452505111694
video08,BirdDrone-Local-FT,1720,1,1,0,0,0,0,0.9122718572616577
video08,BirdDrone-Local-FT,1721,1,1,0,0,0,0,0.8628652095794678
video08,BirdDrone-Local-FT,1722,1,1,0,0,0,0,0.8952668309211731
video08,BirdDrone-Local-FT,1723,2,2,0,0,1,0,0.897291898727417
video08,BirdDrone-Local-FT,1724,1,1,0,0,0,0,0.9335649013519287
video08,BirdDrone-Local-FT,1725,1,1,0,0,0,0,0.9011068940162659
video08,BirdDrone-Local-FT,1726,1,1,0,0,0,0,0.7255443930625916
video08,BirdDrone-Local-FT,1727,1,1,0,0,0,0,0.4919302463531494
video08,BirdDrone-Local-FT,1728,0,0,0,0,0,0,0.0
video08,BirdDrone-Local-FT,1729,1,1,0,0,0,0,0.7543206214904785
video08,BirdDrone-Local-FT,1730,1,1,0,0,0,0,0.6188888549804688
video08,BirdDrone-Local-FT,1731,1,1,0,0,0,0,0.8973041772842407
video08,BirdDrone-Local-FT,1732,2,2,0,0,0,0,0.7377820611000061
video08,BirdDrone-Local-FT,1733,2,2,0,0,0,0,0.8517425656318665
video08,BirdDrone-Local-FT,1734,2,2,0,0,0,0,0.872524082660675
video08,BirdDrone-Local-FT,1735,1,1,0,0,0,0,0.892711877822876
video08,BirdDrone-Local-FT,1736,2,2,0,0,0,0,0.7630680203437805
video08,BirdDrone-Local-FT,1737,1,1,0,0,0,0,0.8579537868499756
video08,BirdDrone-Local-FT,1738,2,2,0,0,0,0,0.797248363494873
video08,BirdDrone-Local-FT,1739,2,2,0,0,0,0,0.7470042109489441
video08,BirdDrone-Local-FT,1740,1,1,0,0,0,0,0.8771213889122009
video08,BirdDrone-Local-FT,1741,1,1,0,0,0,0,0.8670405745506287
video08,BirdDrone-Local-FT,1742,2,2,0,0,0,0,0.7534772753715515
video08,BirdDrone-Local-FT,1743,2,2,0,0,0,0,0.7941433787345886
video08,BirdDrone-Local-FT,1744,1,1,0,0,0,0,0.9023631811141968
video08,BirdDrone-Local-FT,1745,1,1,0,0,0,0,0.9048680067062378
video08,BirdDrone-Local-FT,1746,2,2,0,0,0,0,0.5156737565994263
video08,BirdDrone-Local-FT,1747,2,2,0,0,1,0,0.7076024413108826
video08,BirdDrone-Local-FT,1748,1,1,0,0,0,0,0.8807688355445862
video08,BirdDrone-Local-FT,1749,1,1,0,0,0,0,0.9091569781303406
video08,BirdDrone-Local-FT,1750,1,1,0,0,0,0,0.8994837403297424
video08,BirdDrone-Local-FT,1751,1,1,0,0,0,0,0.8907722234725952
video08,BirdDrone-Local-FT,1752,1,1,0,0,0,0,0.889459490776062
video08,BirdDrone-Local-FT,1753,1,1,0,0,0,0,0.8712709546089172
video08,BirdDrone-Local-FT,1754,1,1,0,0,0,0,0.9000806212425232
video08,BirdDrone-Local-FT,1755,1,1,0,0,0,0,0.8858234286308289
video08,BirdDrone-Local-FT,1756,1,1,0,0,0,0,0.854127824306488
video08,BirdDrone-Local-FT,1757,1,1,0,0,0,0,0.8636770844459534
video08,BirdDrone-Local-FT,1758,1,1,0,0,0,0,0.9009072780609131
video08,BirdDrone-Local-FT,1759,1,1,0,0,0,0,0.8956731557846069
video08,BirdDrone-Local-FT,1760,1,1,0,0,0,0,0.9090731739997864
video08,BirdDrone-Local-FT,1761,1,1,0,0,0,0,0.8898401856422424
video08,BirdDrone-Local-FT,1762,1,1,0,0,0,0,0.8705016374588013
video08,BirdDrone-Local-FT,1763,1,1,0,0,0,0,0.8888329267501831
video08,BirdDrone-Local-FT,1764,1,1,0,0,0,0,0.9074751734733582
video08,BirdDrone-Local-FT,1765,1,1,0,0,0,0,0.907598078250885
video08,BirdDrone-Local-FT,1766,1,1,0,0,0,0,0.9054644107818604
video08,BirdDrone-Local-FT,1767,1,1,0,0,0,0,0.9026836156845093
video08,BirdDrone-Local-FT,1768,1,1,0,0,0,0,0.8632880449295044
video08,BirdDrone-Local-FT,1769,1,1,0,0,0,0,0.8904478549957275
video08,BirdDrone-Local-FT,1770,1,1,0,0,0,0,0.8905690908432007
video08,BirdDrone-Local-FT,1771,1,1,0,0,0,0,0.8690218329429626
video08,BirdDrone-Local-FT,1772,1,1,0,0,0,0,0.8855668306350708
video08,BirdDrone-Local-FT,1773,1,1,0,0,0,0,0.8734126687049866
video08,BirdDrone-Local-FT,1774,1,1,0,0,0,0,0.8729973435401917
video08,BirdDrone-Local-FT,1775,1,1,0,0,0,0,0.8672996163368225
video08,BirdDrone-Local-FT,1776,1,1,0,0,0,0,0.861818253993988
video08,BirdDrone-Local-FT,1777,1,1,0,0,0,0,0.8166957497596741
video08,BirdDrone-Local-FT,1778,1,1,0,0,0,0,0.8918167948722839
video08,BirdDrone-Local-FT,1779,1,1,0,0,0,0,0.4310625493526459
video08,BirdDrone-Local-FT,1780,1,1,0,0,0,0,0.8644723296165466
video08,BirdDrone-Local-FT,1781,1,1,0,0,0,0,0.8592313528060913
video08,BirdDrone-Local-FT,1782,1,1,0,0,0,0,0.8884781002998352
video08,BirdDrone-Local-FT,1783,1,1,0,0,0,0,0.7508793473243713
video08,BirdDrone-Local-FT,1784,1,1,0,0,0,0,0.8639519810676575
video08,BirdDrone-Local-FT,1785,1,1,0,0,0,0,0.8141260743141174
video08,BirdDrone-Local-FT,1786,1,1,0,0,0,0,0.8461700081825256
video08,BirdDrone-Local-FT,1787,1,1,0,0,0,0,0.8554449677467346
video08,BirdDrone-Local-FT,1788,1,1,0,0,0,0,0.860740065574646
video08,BirdDrone-Local-FT,1789,1,1,0,0,0,0,0.8819406032562256
video08,BirdDrone-Local-FT,1790,1,1,0,0,0,0,0.8143064379692078
video08,BirdDrone-Local-FT,1791,1,1,0,0,0,0,0.8639882802963257
video08,BirdDrone-Local-FT,1792,1,1,0,0,0,0,0.8123779296875
video08,BirdDrone-Local-FT,1793,1,1,0,0,0,0,0.8370717167854309
video08,BirdDrone-Local-FT,1794,1,1,0,0,0,0,0.8543777465820312
video08,BirdDrone-Local-FT,1795,1,1,0,0,0,0,0.8299257159233093
video08,BirdDrone-Local-FT,1796,1,1,0,0,0,0,0.8638588786125183
video08,BirdDrone-Local-FT,1797,1,1,0,0,0,0,0.8659455180168152
video08,BirdDrone-Local-FT,1798,1,1,0,0,0,0,0.8817850351333618
video08,BirdDrone-Local-FT,1799,1,1,0,0,0,0,0.869802713394165
video08,BirdDrone-Local-FT,1800,1,1,0,0,0,0,0.8538844585418701
video08,BirdDrone-Local-FT,1801,1,1,0,0,0,0,0.8765025734901428
video08,BirdDrone-Local-FT,1802,1,1,0,0,0,0,0.8933556079864502
video08,BirdDrone-Local-FT,1803,1,1,0,0,0,0,0.8823825716972351
video08,BirdDrone-Local-FT,1804,1,1,0,0,0,0,0.7581568360328674
video08,BirdDrone-Local-FT,1805,1,1,0,0,0,0,0.9028802514076233
video08,BirdDrone-Local-FT,1806,1,1,0,0,0,0,0.9010195136070251
video08,BirdDrone-Local-FT,1807,1,1,0,0,0,0,0.8898985981941223
video08,BirdDrone-Local-FT,1808,1,1,0,0,0,0,0.8864783644676208
video08,BirdDrone-Local-FT,1809,1,1,0,0,0,0,0.8882361650466919
video08,BirdDrone-Local-FT,1810,1,1,0,0,0,0,0.8927475810050964
video08,BirdDrone-Local-FT,1811,1,1,0,0,0,0,0.8985258936882019
video08,BirdDrone-Local-FT,1812,1,1,0,0,0,0,0.9000691771507263
video08,BirdDrone-Local-FT,1813,1,1,0,0,0,0,0.896647572517395
video08,BirdDrone-Local-FT,1814,1,1,0,0,0,0,0.899009108543396
video08,BirdDrone-Local-FT,1815,1,1,0,0,0,0,0.8994865417480469
video08,BirdDrone-Local-FT,1816,1,1,0,0,0,0,0.9079157710075378
video08,BirdDrone-Local-FT,1817,1,1,0,0,0,0,0.8648318648338318
video08,BirdDrone-Local-FT,1818,1,1,0,0,0,0,0.8607271313667297
video08,BirdDrone-Local-FT,1819,1,1,0,0,0,0,0.8861391544342041
video08,BirdDrone-Local-FT,1820,1,1,0,0,0,0,0.7415714859962463
video08,BirdDrone-Local-FT,1821,1,1,0,0,0,0,0.8456197381019592
video08,BirdDrone-Local-FT,1822,1,1,0,0,0,0,0.9045795202255249
video08,BirdDrone-Local-FT,1823,1,1,0,0,0,0,0.9028112292289734
video08,BirdDrone-Local-FT,1824,1,1,0,0,0,0,0.8530126214027405
video08,BirdDrone-Local-FT,1825,1,1,0,0,0,0,0.8594931960105896
video08,BirdDrone-Local-FT,1826,1,1,0,0,0,0,0.8829059600830078
video08,BirdDrone-Local-FT,1827,1,1,0,0,0,0,0.8939879536628723
video08,BirdDrone-Local-FT,1828,1,1,0,0,0,0,0.8935151696205139
video08,BirdDrone-Local-FT,1829,1,1,0,0,0,0,0.8903082609176636
video08,BirdDrone-Local-FT,1830,1,1,0,0,0,0,0.89928138256073
video08,BirdDrone-Local-FT,1831,1,1,0,0,0,0,0.9127517938613892
video08,BirdDrone-Local-FT,1832,1,1,0,0,0,0,0.8852394819259644
video08,BirdDrone-Local-FT,1833,1,1,0,0,0,0,0.8778318762779236
video08,BirdDrone-Local-FT,1834,1,1,0,0,0,0,0.8620666265487671
video08,BirdDrone-Local-FT,1835,1,1,0,0,0,0,0.8735621571540833
video08,BirdDrone-Local-FT,1836,1,1,0,0,0,0,0.8448622226715088
video08,BirdDrone-Local-FT,1837,1,1,0,0,0,0,0.8891979455947876
video08,BirdDrone-Local-FT,1838,1,1,0,0,0,0,0.903268039226532
video08,BirdDrone-Local-FT,1839,1,1,0,0,0,0,0.8911494612693787
video08,BirdDrone-Local-FT,1840,1,1,0,0,0,0,0.8274998068809509
video08,BirdDrone-Local-FT,1841,1,1,0,0,0,0,0.8665450811386108
video08,BirdDrone-Local-FT,1842,1,1,0,0,0,0,0.8188324570655823
video08,BirdDrone-Local-FT,1843,1,1,0,0,0,0,0.846831202507019
video08,BirdDrone-Local-FT,1844,1,1,0,0,0,0,0.9022765755653381
video08,BirdDrone-Local-FT,1845,1,1,0,0,0,0,0.8790796399116516
video08,BirdDrone-Local-FT,1846,1,1,0,0,0,0,0.8969040513038635
video08,BirdDrone-Local-FT,1847,1,1,0,0,0,0,0.8968226313591003
video08,BirdDrone-Local-FT,1848,1,1,0,0,0,0,0.9008920788764954
video08,BirdDrone-Local-FT,1849,1,1,0,0,0,0,0.872529923915863
video08,BirdDrone-Local-FT,1850,1,1,0,0,0,0,0.8960466980934143
video08,BirdDrone-Local-FT,1851,1,1,0,0,0,0,0.8815467953681946
video08,BirdDrone-Local-FT,1852,1,1,0,0,0,0,0.883932888507843
video08,BirdDrone-Local-FT,1853,1,1,0,0,0,0,0.8997069001197815
video08,BirdDrone-Local-FT,1854,1,1,0,0,0,0,0.9088712334632874
video08,BirdDrone-Local-FT,1855,1,1,0,0,0,0,0.8942093849182129
video08,BirdDrone-Local-FT,1856,1,1,0,0,0,0,0.8808014988899231
video08,BirdDrone-Local-FT,1857,1,1,0,0,0,0,0.9035462141036987
video08,BirdDrone-Local-FT,1858,1,1,0,0,0,0,0.8951753973960876
video08,BirdDrone-Local-FT,1859,1,1,0,0,0,0,0.8835474252700806
video08,BirdDrone-Local-FT,1860,1,1,0,0,0,0,0.8955123424530029
video08,BirdDrone-Local-FT,1861,1,1,0,0,0,0,0.8693594932556152
video08,BirdDrone-Local-FT,1862,1,1,0,0,0,0,0.6455420851707458
video08,BirdDrone-Local-FT,1863,1,1,0,0,0,0,0.8010600805282593
video08,BirdDrone-Local-FT,1864,1,1,0,0,0,0,0.8503525257110596
video08,BirdDrone-Local-FT,1865,1,1,0,0,0,0,0.8537461161613464
video08,BirdDrone-Local-FT,1866,1,1,0,0,0,0,0.8721016645431519
video08,BirdDrone-Local-FT,1867,1,1,0,0,0,0,0.8163793683052063
video08,BirdDrone-Local-FT,1868,1,1,0,0,0,0,0.8542978167533875
video08,BirdDrone-Local-FT,1869,1,1,0,0,0,0,0.652668297290802
video08,BirdDrone-Local-FT,1870,1,1,0,0,0,0,0.8533832430839539
video08,BirdDrone-Local-FT,1871,1,1,0,0,0,0,0.7644240856170654
video08,BirdDrone-Local-FT,1872,1,1,0,0,0,0,0.8330369591712952
video08,BirdDrone-Local-FT,1873,1,1,0,0,0,0,0.8695530891418457
video08,BirdDrone-Local-FT,1874,1,1,0,0,0,0,0.8206582069396973
video08,BirdDrone-Local-FT,1875,1,1,0,0,0,0,0.45523974299430847
video08,BirdDrone-Local-FT,1876,1,1,0,0,0,0,0.7874013185501099
video08,BirdDrone-Local-FT,1877,1,1,0,0,0,0,0.8143367171287537
video08,BirdDrone-Local-FT,1878,2,2,0,0,1,0,0.5462332963943481
video08,BirdDrone-Local-FT,1879,1,1,0,0,0,0,0.7840291857719421
video08,BirdDrone-Local-FT,1880,2,2,0,0,1,0,0.6732781529426575
video08,BirdDrone-Local-FT,1881,1,1,0,0,0,0,0.7470012903213501
video08,BirdDrone-Local-FT,1882,1,1,0,0,0,0,0.8447895050048828
video08,BirdDrone-Local-FT,1883,1,1,0,0,0,0,0.8653173446655273
video08,BirdDrone-Local-FT,1884,1,1,0,0,0,0,0.8967388272285461
video08,BirdDrone-Local-FT,1885,1,1,0,0,0,0,0.8394948840141296
video08,BirdDrone-Local-FT,1886,1,1,0,0,0,0,0.8934676647186279
video08,BirdDrone-Local-FT,1887,1,1,0,0,0,0,0.7853225469589233
video08,BirdDrone-Local-FT,1888,1,1,0,0,0,0,0.8218186497688293
video08,BirdDrone-Local-FT,1889,1,1,0,0,0,0,0.672527015209198
video08,BirdDrone-Local-FT,1890,1,1,0,0,0,0,0.7672616243362427
video08,BirdDrone-Local-FT,1891,1,1,0,0,0,0,0.8915777206420898
video08,BirdDrone-Local-FT,1892,1,1,0,0,0,0,0.8161709904670715
video08,BirdDrone-Local-FT,1893,1,1,0,0,0,0,0.8521198034286499
video08,BirdDrone-Local-FT,1894,2,2,0,0,1,0,0.4638296663761139
video08,BirdDrone-Local-FT,1895,1,1,0,0,0,0,0.8336525559425354
video08,BirdDrone-Local-FT,1896,1,1,0,0,0,0,0.8030411005020142
video08,BirdDrone-Local-FT,1897,1,1,0,0,0,0,0.8278471827507019
video08,BirdDrone-Local-FT,1898,1,1,0,0,0,0,0.8309193849563599
video08,BirdDrone-Local-FT,1899,2,2,0,0,0,0,0.4749871790409088
video08,BirdDrone-Local-FT,1900,2,2,0,0,0,0,0.5027396082878113
video08,BirdDrone-Local-FT,1901,1,1,0,0,0,0,0.8802257776260376
video08,BirdDrone-Local-FT,1902,1,1,0,0,0,0,0.8207889199256897
video08,BirdDrone-Local-FT,1903,1,1,0,0,0,0,0.8634478449821472
video08,BirdDrone-Local-FT,1904,1,1,0,0,0,0,0.8392857909202576
video08,BirdDrone-Local-FT,1905,1,1,0,0,0,0,0.7073502540588379
video08,BirdDrone-Local-FT,1906,1,1,0,0,0,0,0.839743435382843
video08,BirdDrone-Local-FT,1907,1,1,0,0,0,0,0.7774686813354492
video08,BirdDrone-Local-FT,1908,1,1,0,0,0,0,0.8663932085037231
video08,BirdDrone-Local-FT,1909,1,1,0,0,0,0,0.7293524742126465
video08,BirdDrone-Local-FT,1910,1,1,0,0,0,0,0.7715228796005249
video08,BirdDrone-Local-FT,1911,1,1,0,0,0,0,0.8350703120231628
video08,BirdDrone-Local-FT,1912,1,1,0,0,0,0,0.8722639083862305
video08,BirdDrone-Local-FT,1913,2,2,0,0,0,0,0.6490804553031921
video08,BirdDrone-Local-FT,1914,1,1,0,0,0,0,0.8641930818557739
video08,BirdDrone-Local-FT,1915,0,0,0,0,0,0,0.0
video08,BirdDrone-Local-FT,1916,1,1,0,0,0,0,0.8221966624259949
video08,BirdDrone-Local-FT,1917,1,1,0,0,0,0,0.5424776077270508
video08,BirdDrone-Local-FT,1918,1,1,0,0,0,0,0.47639408707618713
video08,BirdDrone-Local-FT,1919,1,1,0,0,0,0,0.6593790054321289
video08,BirdDrone-Local-FT,1920,1,1,0,0,0,0,0.7595557570457458
video08,BirdDrone-Local-FT,1921,0,0,0,0,0,0,0.0
video08,BirdDrone-Local-FT,1922,1,1,0,0,0,0,0.6187025904655457
video08,BirdDrone-Local-FT,1923,1,1,0,0,1,0,0.3277726173400879
video08,BirdDrone-Local-FT,1924,1,1,0,0,0,0,0.5884937644004822
video08,BirdDrone-Local-FT,1925,1,1,0,0,0,0,0.351080060005188
video08,BirdDrone-Local-FT,1926,1,1,0,0,0,0,0.8097242712974548
video08,BirdDrone-Local-FT,1927,1,1,0,0,0,0,0.810688853263855
video08,BirdDrone-Local-FT,1928,1,1,0,0,0,0,0.8830524682998657
video08,BirdDrone-Local-FT,1929,2,2,0,0,0,0,0.7025860548019409
video08,BirdDrone-Local-FT,1930,2,2,0,0,0,0,0.7934131622314453
video08,BirdDrone-Local-FT,1931,1,1,0,0,0,0,0.723698616027832
video08,BirdDrone-Local-FT,1932,1,1,0,0,0,0,0.7056230306625366
video08,BirdDrone-Local-FT,1933,1,1,0,0,0,0,0.6664696335792542
video08,BirdDrone-Local-FT,1934,1,1,0,0,0,0,0.7070808410644531
video08,BirdDrone-Local-FT,1935,1,1,0,0,0,0,0.5737107992172241
video08,BirdDrone-Local-FT,1936,1,1,0,0,0,0,0.7053305506706238
video08,BirdDrone-Local-FT,1937,1,1,0,0,0,0,0.6116542816162109
video08,BirdDrone-Local-FT,1938,1,1,0,0,0,0,0.7148799896240234
video08,BirdDrone-Local-FT,1939,1,1,0,0,0,0,0.6791300773620605
video08,BirdDrone-Local-FT,1940,1,1,0,0,0,0,0.6807422637939453
video08,BirdDrone-Local-FT,1941,1,1,0,0,0,0,0.7103752493858337
video08,BirdDrone-Local-FT,1942,1,1,0,0,0,0,0.6757558584213257
video08,BirdDrone-Local-FT,1943,1,1,0,0,0,0,0.7523922920227051
video08,BirdDrone-Local-FT,1944,2,2,0,0,1,0,0.7603310942649841
video08,BirdDrone-Local-FT,1945,1,1,0,0,0,0,0.8130810856819153
video08,BirdDrone-Local-FT,1946,1,1,0,0,0,0,0.6028634905815125
video08,BirdDrone-Local-FT,1947,1,1,0,0,0,0,0.8432497382164001
video08,BirdDrone-Local-FT,1948,1,1,0,0,0,0,0.7579311728477478
video08,BirdDrone-Local-FT,1949,1,1,0,0,0,0,0.8604527711868286
video08,BirdDrone-Local-FT,1950,1,1,0,0,0,0,0.6741502285003662
video08,BirdDrone-Local-FT,1951,1,1,0,0,0,0,0.5138928890228271
video08,BirdDrone-Local-FT,1952,1,1,0,0,0,0,0.8673397302627563
video08,BirdDrone-Local-FT,1953,0,0,0,0,0,0,0.0
video08,BirdDrone-Local-FT,1954,1,1,0,0,0,0,0.47010013461112976
video08,BirdDrone-Local-FT,1955,0,0,0,0,0,0,0.0
video08,BirdDrone-Local-FT,1956,2,2,0,0,1,0,0.6403130292892456
video08,BirdDrone-Local-FT,1957,2,2,0,0,0,0,0.5034176707267761
video08,BirdDrone-Local-FT,1958,0,0,0,0,0,0,0.0
video08,BirdDrone-Local-FT,1959,1,1,0,0,0,0,0.4253455102443695
video08,BirdDrone-Local-FT,1960,0,0,0,0,0,0,0.0
video08,BirdDrone-Local-FT,1961,1,1,0,0,0,0,0.7748866081237793
video08,BirdDrone-Local-FT,1962,1,1,0,0,0,0,0.7394871115684509
video08,BirdDrone-Local-FT,1963,1,1,0,0,0,0,0.5747576355934143
video08,BirdDrone-Local-FT,1964,1,1,0,0,1,0,0.29118672013282776
video08,BirdDrone-Local-FT,1965,1,1,0,0,0,0,0.8779878616333008
video08,BirdDrone-Local-FT,1966,2,2,0,0,0,0,0.6716030836105347
video08,BirdDrone-Local-FT,1967,1,1,0,0,0,0,0.8912391662597656
video08,BirdDrone-Local-FT,1968,1,1,0,0,0,0,0.48220694065093994
video08,BirdDrone-Local-FT,1969,1,1,0,0,0,0,0.8902012705802917
video08,BirdDrone-Local-FT,1970,1,1,0,0,0,0,0.4936254620552063
video08,BirdDrone-Local-FT,1971,1,1,0,0,0,0,0.8766512274742126
video08,BirdDrone-Local-FT,1972,2,2,0,0,0,0,0.4790288805961609
video08,BirdDrone-Local-FT,1973,1,1,0,0,0,0,0.5609992146492004
video08,BirdDrone-Local-FT,1974,1,1,0,0,0,0,0.7159231305122375
video08,BirdDrone-Local-FT,1975,1,1,0,0,0,0,0.8281799554824829
video08,BirdDrone-Local-FT,1976,1,1,0,0,0,0,0.8389118909835815
video08,BirdDrone-Local-FT,1977,1,1,0,0,0,0,0.8628103733062744
video08,BirdDrone-Local-FT,1978,1,1,0,0,0,0,0.8589928150177002
video08,BirdDrone-Local-FT,1979,1,1,0,0,0,0,0.9143162965774536
video08,BirdDrone-Local-FT,1980,1,1,0,0,0,0,0.8873710632324219
video08,BirdDrone-Local-FT,1981,1,1,0,0,0,0,0.9317619204521179
video08,BirdDrone-Local-FT,1982,1,1,0,0,0,0,0.8459469676017761
video08,BirdDrone-Local-FT,1983,1,1,0,0,0,0,0.9032798409461975
video08,BirdDrone-Local-FT,1984,1,1,0,0,0,0,0.41461941599845886
video08,BirdDrone-Local-FT,1985,1,1,0,0,0,0,0.9325436949729919
video08,BirdDrone-Local-FT,1986,1,1,0,0,0,0,0.8221750855445862
video08,BirdDrone-Local-FT,1987,1,1,0,0,0,0,0.9356510043144226
video08,BirdDrone-Local-FT,1988,2,2,0,0,1,0,0.7326822280883789
video08,BirdDrone-Local-FT,1989,1,1,0,0,0,0,0.9079160690307617
video08,BirdDrone-Local-FT,1990,1,1,0,0,0,0,0.9121354818344116
video08,BirdDrone-Local-FT,1991,1,1,0,0,0,0,0.8821509480476379
video08,BirdDrone-Local-FT,1992,1,1,0,0,0,0,0.8508970141410828
video08,BirdDrone-Local-FT,1993,2,2,0,0,0,0,0.8198404908180237
video08,BirdDrone-Local-FT,1994,1,1,0,0,0,0,0.8343932032585144
video08,BirdDrone-Local-FT,1995,1,1,0,0,0,0,0.8525345325469971
video08,BirdDrone-Local-FT,1996,1,1,0,0,0,0,0.8205668926239014
video08,BirdDrone-Local-FT,1997,1,1,0,0,0,0,0.7405486702919006
video08,BirdDrone-Local-FT,1998,1,1,0,0,0,0,0.8172492384910583
video08,BirdDrone-Local-FT,1999,1,1,0,0,0,0,0.9022457003593445
video08,BirdDrone-Local-FT,2000,1,1,0,0,0,0,0.883769154548645
video08,BirdDrone-Local-FT,2001,1,1,0,0,0,0,0.5190911293029785
video08,BirdDrone-Local-FT,2002,1,1,0,0,0,0,0.7671658992767334
video08,BirdDrone-Local-FT,2003,1,1,0,0,0,0,0.9157502055168152
video08,BirdDrone-Local-FT,2004,2,2,0,0,1,0,0.561897873878479
video08,BirdDrone-Local-FT,2005,1,1,0,0,0,0,0.8931800723075867
video08,BirdDrone-Local-FT,2006,2,2,0,0,0,0,0.5019614696502686
video08,BirdDrone-Local-FT,2007,1,1,0,0,0,0,0.9191442131996155
video08,BirdDrone-Local-FT,2008,1,1,0,0,0,0,0.7921655178070068
video08,BirdDrone-Local-FT,2009,1,1,0,0,0,0,0.8496993184089661
video08,BirdDrone-Local-FT,2010,1,1,0,0,0,0,0.9123557806015015
video08,BirdDrone-Local-FT,2011,1,1,0,0,0,0,0.729105532169342
video08,BirdDrone-Local-FT,2012,1,1,0,0,0,0,0.8422190546989441
video08,BirdDrone-Local-FT,2013,1,1,0,0,0,0,0.8984977006912231
video08,BirdDrone-Local-FT,2014,2,2,0,0,1,0,0.7628365159034729
video08,BirdDrone-Local-FT,2015,1,1,0,0,0,0,0.9056972861289978
video08,BirdDrone-Local-FT,2016,1,1,0,0,0,0,0.8990497589111328
video08,BirdDrone-Local-FT,2017,1,1,0,0,0,0,0.8602462410926819
video08,BirdDrone-Local-FT,2018,1,1,0,0,0,0,0.9227579236030579
video08,BirdDrone-Local-FT,2019,1,1,0,0,0,0,0.7751114368438721
video08,BirdDrone-Local-FT,2020,1,1,0,0,0,0,0.8993951082229614
video08,BirdDrone-Local-FT,2021,2,2,0,0,0,0,0.4544021785259247
video08,BirdDrone-Local-FT,2022,1,1,0,0,0,0,0.8844892978668213
video08,BirdDrone-Local-FT,2023,2,2,0,0,0,0,0.7734290361404419
video08,BirdDrone-Local-FT,2024,1,1,0,0,0,0,0.8817905187606812
video08,BirdDrone-Local-FT,2025,1,1,0,0,0,0,0.852508544921875
video08,BirdDrone-Local-FT,2026,1,1,0,0,0,0,0.8704621195793152
video08,BirdDrone-Local-FT,2027,1,1,0,0,0,0,0.8962027430534363
video08,BirdDrone-Local-FT,2028,1,1,0,0,0,0,0.863141655921936
video08,BirdDrone-Local-FT,2029,1,1,0,0,0,0,0.8847240209579468
video08,BirdDrone-Local-FT,2030,2,2,0,0,1,0,0.5934197902679443
video08,BirdDrone-Local-FT,2031,1,1,0,0,0,0,0.8697353601455688
video08,BirdDrone-Local-FT,2032,1,1,0,0,0,0,0.8407721519470215
video08,BirdDrone-Local-FT,2033,1,1,0,0,0,0,0.8742499351501465
video08,BirdDrone-Local-FT,2034,1,1,0,0,0,0,0.8827974796295166
video08,BirdDrone-Local-FT,2035,0,0,0,0,0,0,0.0
video08,BirdDrone-Local-FT,2036,1,1,0,0,0,0,0.8668414950370789
video08,BirdDrone-Local-FT,2037,1,1,0,0,1,0,0.32741236686706543
video08,BirdDrone-Local-FT,2038,1,1,0,0,0,0,0.8988751769065857
video08,BirdDrone-Local-FT,2039,1,1,0,0,0,0,0.5596640110015869
video08,BirdDrone-Local-FT,2040,1,1,0,0,1,0,0.27668699622154236
video08,BirdDrone-Local-FT,2041,1,1,0,0,0,0,0.709499180316925
video08,BirdDrone-Local-FT,2042,1,1,0,0,0,0,0.8394668102264404
video08,BirdDrone-Local-FT,2043,0,0,0,0,0,0,0.0
video08,BirdDrone-Local-FT,2044,1,1,0,0,1,0,0.27007320523262024
video08,BirdDrone-Local-FT,2045,1,1,0,0,1,0,0.3264555037021637
video08,BirdDrone-Local-FT,2046,1,1,0,0,0,0,0.7582470774650574
video08,BirdDrone-Local-FT,2047,1,1,0,0,0,0,0.550037682056427
video08,BirdDrone-Local-FT,2048,0,0,0,0,0,0,0.0
video08,BirdDrone-Local-FT,2049,0,0,0,0,0,0,0.0
video08,BirdDrone-Local-FT,2050,0,0,0,0,0,0,0.0
video08,BirdDrone-Local-FT,2051,0,0,0,0,0,0,0.0
video08,BirdDrone-Local-FT,2052,1,1,0,0,1,0,0.260502427816391
video08,BirdDrone-Local-FT,2053,1,1,0,0,0,0,0.5106835961341858
video08,BirdDrone-Local-FT,2054,1,1,0,0,0,0,0.9219717383384705
video08,BirdDrone-Local-FT,2055,2,2,0,0,0,0,0.616950511932373
video08,BirdDrone-Local-FT,2056,1,1,0,0,0,0,0.923425018787384
video08,BirdDrone-Local-FT,2057,1,1,0,0,1,0,0.3244023621082306
video08,BirdDrone-Local-FT,2058,1,1,0,0,1,0,0.30079153180122375
video08,BirdDrone-Local-FT,2059,1,1,0,0,1,0,0.2843041718006134
video08,BirdDrone-Local-FT,2060,1,1,0,0,0,0,0.5977628827095032
video08,BirdDrone-Local-FT,2061,1,1,0,0,0,0,0.8750770688056946
video08,BirdDrone-Local-FT,2062,1,1,0,0,0,0,0.7134811282157898
video08,BirdDrone-Local-FT,2063,1,1,0,0,0,0,0.8819319009780884
video08,BirdDrone-Local-FT,2064,1,1,0,0,0,0,0.5822697877883911
video08,BirdDrone-Local-FT,2065,2,2,0,0,1,0,0.780516505241394
video08,BirdDrone-Local-FT,2066,1,1,0,0,0,0,0.8461806774139404
video08,BirdDrone-Local-FT,2067,2,2,0,0,1,0,0.6727649569511414
video08,BirdDrone-Local-FT,2068,1,1,0,0,0,0,0.8779369592666626
video08,BirdDrone-Local-FT,2069,2,2,0,0,1,0,0.5135517716407776
video08,BirdDrone-Local-FT,2070,1,1,0,0,0,0,0.7890018224716187
video08,BirdDrone-Local-FT,2071,1,1,0,0,0,0,0.8139380216598511
video08,BirdDrone-Local-FT,2072,1,1,0,0,0,0,0.7763776183128357
video08,BirdDrone-Local-FT,2073,1,1,0,0,0,0,0.8459163308143616
video08,BirdDrone-Local-FT,2074,1,1,0,0,0,0,0.7660505175590515
video08,BirdDrone-Local-FT,2075,1,1,0,0,0,0,0.7489669322967529
video08,BirdDrone-Local-FT,2076,1,1,0,0,0,0,0.8095099329948425
video08,BirdDrone-Local-FT,2077,1,1,0,0,0,0,0.6833655834197998
video08,BirdDrone-Local-FT,2078,1,1,0,0,0,0,0.829862117767334
video08,BirdDrone-Local-FT,2079,1,1,0,0,0,0,0.5349625945091248
video08,BirdDrone-Local-FT,2080,2,2,0,0,0,0,0.48078054189682007
video08,BirdDrone-Local-FT,2081,2,2,0,0,0,0,0.41321906447410583
video08,BirdDrone-Local-FT,2082,1,1,0,0,0,0,0.748914361000061
video08,BirdDrone-Local-FT,2083,1,1,0,0,0,0,0.8406593799591064
video08,BirdDrone-Local-FT,2084,1,1,0,0,0,0,0.3711143434047699
video08,BirdDrone-Local-FT,2085,1,1,0,0,0,0,0.82246333360672
video08,BirdDrone-Local-FT,2086,2,2,0,0,1,0,0.36713919043540955
video08,BirdDrone-Local-FT,2087,1,1,0,0,0,0,0.660763680934906
video08,BirdDrone-Local-FT,2088,1,1,0,0,0,0,0.8696939945220947
video08,BirdDrone-Local-FT,2089,2,2,0,0,0,0,0.628221869468689
video08,BirdDrone-Local-FT,2090,1,1,0,0,0,0,0.8636768460273743
video08,BirdDrone-Local-FT,2091,1,1,0,0,0,0,0.7163705229759216
video08,BirdDrone-Local-FT,2092,1,1,0,0,0,0,0.8652639985084534
video08,BirdDrone-Local-FT,2093,1,1,0,0,0,0,0.8252058625221252
video08,BirdDrone-Local-FT,2094,1,1,0,0,0,0,0.6860278844833374
video08,BirdDrone-Local-FT,2095,1,1,0,0,0,0,0.7339998483657837
video08,BirdDrone-Local-FT,2096,1,1,0,0,0,0,0.7845010161399841
video08,BirdDrone-Local-FT,2097,1,1,0,0,0,0,0.799082338809967
video08,BirdDrone-Local-FT,2098,1,1,0,0,0,0,0.7713601589202881
video08,BirdDrone-Local-FT,2099,2,2,0,0,1,0,0.4074917733669281
video08,BirdDrone-Local-FT,2100,1,1,0,0,0,0,0.849960446357727
video08,BirdDrone-Local-FT,2101,0,0,0,0,0,0,0.0
video08,BirdDrone-Local-FT,2102,1,1,0,0,0,0,0.8777052164077759
video08,BirdDrone-Local-FT,2103,0,0,0,0,0,0,0.0
video08,BirdDrone-Local-FT,2104,1,1,0,0,0,0,0.5736401081085205
video08,BirdDrone-Local-FT,2105,1,1,0,0,0,0,0.6844449043273926
video08,BirdDrone-Local-FT,2106,1,1,0,0,0,0,0.42123427987098694
video08,BirdDrone-Local-FT,2107,1,1,0,0,0,0,0.8614228367805481
video08,BirdDrone-Local-FT,2108,1,1,0,0,0,0,0.508747398853302
video08,BirdDrone-Local-FT,2109,1,1,0,0,0,0,0.8624352216720581
video08,BirdDrone-Local-FT,2110,0,0,0,0,0,0,0.0
video08,BirdDrone-Local-FT,2111,1,1,0,0,0,0,0.872738778591156
video08,BirdDrone-Local-FT,2112,2,2,0,0,0,0,0.4067316949367523
video08,BirdDrone-Local-FT,2113,1,1,0,0,0,0,0.859277069568634
video08,BirdDrone-Local-FT,2114,1,1,0,0,0,0,0.38687655329704285
video08,BirdDrone-Local-FT,2115,1,1,0,0,0,0,0.7537903785705566
video08,BirdDrone-Local-FT,2116,1,1,0,0,0,0,0.412132203578949
video08,BirdDrone-Local-FT,2117,1,1,0,0,0,0,0.8638965487480164
video08,BirdDrone-Local-FT,2118,1,1,0,0,0,0,0.6414127349853516
video08,BirdDrone-Local-FT,2119,1,1,0,0,0,0,0.8645609021186829
video08,BirdDrone-Local-FT,2120,1,1,0,0,0,0,0.8473917245864868
video08,BirdDrone-Local-FT,2121,1,1,0,0,0,0,0.4332961440086365
video08,BirdDrone-Local-FT,2122,1,1,0,0,0,0,0.4026769697666168
video08,BirdDrone-Local-FT,2123,1,1,0,0,0,0,0.8726450800895691
video08,BirdDrone-Local-FT,2124,1,1,0,0,0,0,0.8378700017929077
video08,BirdDrone-Local-FT,2125,1,1,0,0,0,0,0.7650957703590393
video08,BirdDrone-Local-FT,2126,1,1,0,0,0,0,0.8937991261482239
video08,BirdDrone-Local-FT,2127,1,1,0,0,0,0,0.8758701682090759
video08,BirdDrone-Local-FT,2128,1,1,0,0,0,0,0.8819995522499084
video08,BirdDrone-Local-FT,2129,2,2,0,0,0,0,0.5817811489105225
video08,BirdDrone-Local-FT,2130,1,1,0,0,0,0,0.7342907190322876
video08,BirdDrone-Local-FT,2131,1,1,0,0,0,0,0.853226900100708
video08,BirdDrone-Local-FT,2132,1,1,0,0,0,0,0.8543540239334106
video08,BirdDrone-Local-FT,2133,1,1,0,0,0,0,0.8158157467842102
video08,BirdDrone-Local-FT,2134,1,1,0,0,0,0,0.6146829128265381
video08,BirdDrone-Local-FT,2135,1,1,0,0,0,0,0.8112481236457825
video08,BirdDrone-Local-FT,2136,1,1,0,0,0,0,0.8810317516326904
video08,BirdDrone-Local-FT,2137,1,1,0,0,0,0,0.4388652741909027
video08,BirdDrone-Local-FT,2138,1,1,0,0,0,0,0.7175618410110474
video08,BirdDrone-Local-FT,2139,1,1,0,0,0,0,0.8560691475868225
video08,BirdDrone-Local-FT,2140,1,1,0,0,0,0,0.7567285299301147
video08,BirdDrone-Local-FT,2141,1,1,0,0,0,0,0.8783277273178101
video08,BirdDrone-Local-FT,2142,1,1,0,0,0,0,0.8096401691436768
video08,BirdDrone-Local-FT,2143,1,1,0,0,0,0,0.8921872973442078
video08,BirdDrone-Local-FT,2144,1,1,0,0,0,0,0.8621833920478821
video08,BirdDrone-Local-FT,2145,1,1,0,0,0,0,0.8945687413215637
video08,BirdDrone-Local-FT,2146,1,1,0,0,0,0,0.8770241737365723
video08,BirdDrone-Local-FT,2147,1,1,0,0,0,0,0.8960724472999573
video08,BirdDrone-Local-FT,2148,1,1,0,0,0,0,0.8793599009513855
video08,BirdDrone-Local-FT,2149,1,1,0,0,0,0,0.8359329700469971
video08,BirdDrone-Local-FT,2150,1,1,0,0,0,0,0.8845071196556091
video08,BirdDrone-Local-FT,2151,1,1,0,0,0,0,0.7813404202461243
video08,BirdDrone-Local-FT,2152,1,1,0,0,0,0,0.8889375925064087
video08,BirdDrone-Local-FT,2153,1,1,0,0,0,0,0.8870579600334167
video08,BirdDrone-Local-FT,2154,1,1,0,0,0,0,0.8325501680374146
video08,BirdDrone-Local-FT,2155,1,1,0,0,0,0,0.8870871067047119
video08,BirdDrone-Local-FT,2156,1,1,0,0,0,0,0.8764002919197083
video08,BirdDrone-Local-FT,2157,1,1,0,0,0,0,0.875834584236145
video08,BirdDrone-Local-FT,2158,1,1,0,0,0,0,0.8681021332740784
video08,BirdDrone-Local-FT,2159,1,1,0,0,0,0,0.8275863528251648
video08,BirdDrone-Local-FT,2160,1,1,0,0,0,0,0.8882003426551819
video08,BirdDrone-Local-FT,2161,1,1,0,0,0,0,0.8580048680305481
video08,BirdDrone-Local-FT,2162,1,1,0,0,0,0,0.8890841007232666
video08,BirdDrone-Local-FT,2163,1,1,0,0,0,0,0.9002350568771362
video08,BirdDrone-Local-FT,2164,1,1,0,0,0,0,0.8812006115913391
video08,BirdDrone-Local-FT,2165,1,1,0,0,0,0,0.8965315222740173
video08,BirdDrone-Local-FT,2166,1,1,0,0,0,0,0.8942177891731262
video08,BirdDrone-Local-FT,2167,1,1,0,0,0,0,0.8854549527168274
video08,BirdDrone-Local-FT,2168,1,1,0,0,0,0,0.8595439791679382
video08,BirdDrone-Local-FT,2169,1,1,0,0,0,0,0.884261965751648
video08,BirdDrone-Local-FT,2170,1,1,0,0,0,0,0.8953631520271301
video08,BirdDrone-Local-FT,2171,1,1,0,0,0,0,0.8568492531776428
video08,BirdDrone-Local-FT,2172,1,1,0,0,0,0,0.8988072872161865
video08,BirdDrone-Local-FT,2173,1,1,0,0,0,0,0.8755953311920166
video08,BirdDrone-Local-FT,2174,1,1,0,0,0,0,0.9032918810844421
video08,BirdDrone-Local-FT,2175,1,1,0,0,0,0,0.9121275544166565
video08,BirdDrone-Local-FT,2176,1,1,0,0,0,0,0.8891547918319702
video08,BirdDrone-Local-FT,2177,1,1,0,0,0,0,0.8932734131813049
video08,BirdDrone-Local-FT,2178,1,1,0,0,0,0,0.8875154852867126
video08,BirdDrone-Local-FT,2179,1,1,0,0,0,0,0.8911599516868591
video08,BirdDrone-Local-FT,2180,1,1,0,0,0,0,0.8920048475265503
video08,BirdDrone-Local-FT,2181,1,1,0,0,0,0,0.8176404237747192
video08,BirdDrone-Local-FT,2182,1,1,0,0,0,0,0.8883450031280518
video08,BirdDrone-Local-FT,2183,1,1,0,0,0,0,0.8881616592407227
video08,BirdDrone-Local-FT,2184,1,1,0,0,0,0,0.8968613743782043
video08,BirdDrone-Local-FT,2185,2,2,0,0,0,0,0.8199403285980225
video08,BirdDrone-Local-FT,2186,1,1,0,0,0,0,0.8964062929153442
video08,BirdDrone-Local-FT,2187,1,1,0,0,0,0,0.9045102596282959
video08,BirdDrone-Local-FT,2188,1,1,0,0,0,0,0.90012127161026
video08,BirdDrone-Local-FT,2189,1,1,0,0,0,0,0.8885022401809692
video08,BirdDrone-Local-FT,2190,1,1,0,0,0,0,0.8990650773048401
video08,BirdDrone-Local-FT,2191,1,1,0,0,0,0,0.9032878875732422
video08,BirdDrone-Local-FT,2192,1,1,0,0,0,0,0.9088906645774841
video08,BirdDrone-Local-FT,2193,1,1,0,0,0,0,0.8838653564453125
video08,BirdDrone-Local-FT,2194,1,1,0,0,0,0,0.8787147998809814
video08,BirdDrone-Local-FT,2195,1,1,0,0,0,0,0.8916643857955933
video08,BirdDrone-Local-FT,2196,1,1,0,0,0,0,0.884392499923706
video08,BirdDrone-Local-FT,2197,1,1,0,0,0,0,0.8938484787940979
video08,BirdDrone-Local-FT,2198,1,1,0,0,0,0,0.8701483607292175
video08,BirdDrone-Local-FT,2199,1,1,0,0,0,0,0.904306173324585
video08,BirdDrone-Local-FT,2200,1,1,0,0,0,0,0.901664137840271
video08,BirdDrone-Local-FT,2201,1,1,0,0,0,0,0.9044776558876038
video08,BirdDrone-Local-FT,2202,1,1,0,0,0,0,0.9107203483581543
video08,BirdDrone-Local-FT,2203,1,1,0,0,0,0,0.8982934355735779
video08,BirdDrone-Local-FT,2204,1,1,0,0,0,0,0.8853042125701904
video08,BirdDrone-Local-FT,2205,1,1,0,0,0,0,0.8912558555603027
video08,BirdDrone-Local-FT,2206,1,1,0,0,0,0,0.8903895020484924
video08,BirdDrone-Local-FT,2207,1,1,0,0,0,0,0.8813717365264893
video08,BirdDrone-Local-FT,2208,1,1,0,0,0,0,0.8852138519287109
video08,BirdDrone-Local-FT,2209,1,1,0,0,0,0,0.8935879468917847
video08,BirdDrone-Local-FT,2210,1,1,0,0,0,0,0.9009796380996704
video08,BirdDrone-Local-FT,2211,1,1,0,0,0,0,0.8954996466636658
video08,BirdDrone-Local-FT,2212,1,1,0,0,0,0,0.9104458093643188
video08,BirdDrone-Local-FT,2213,1,1,0,0,0,0,0.9133752584457397
video08,BirdDrone-Local-FT,2214,1,1,0,0,0,0,0.8786776661872864
video08,BirdDrone-Local-FT,2215,1,1,0,0,0,0,0.8981375098228455
video08,BirdDrone-Local-FT,2216,1,1,0,0,0,0,0.9030495882034302
video08,BirdDrone-Local-FT,2217,1,1,0,0,0,0,0.9042360782623291
video08,BirdDrone-Local-FT,2218,1,1,0,0,0,0,0.9028241634368896
video08,BirdDrone-Local-FT,2219,1,1,0,0,0,0,0.8953181505203247
video08,BirdDrone-Local-FT,2220,1,1,0,0,0,0,0.9104183912277222
video08,BirdDrone-Local-FT,2221,1,1,0,0,0,0,0.9070380330085754
video08,BirdDrone-Local-FT,2222,1,1,0,0,0,0,0.8922455310821533
video08,BirdDrone-Local-FT,2223,1,1,0,0,0,0,0.8870829939842224
video08,BirdDrone-Local-FT,2224,1,1,0,0,0,0,0.8931439518928528
video08,BirdDrone-Local-FT,2225,1,1,0,0,0,0,0.91066974401474
video08,BirdDrone-Local-FT,2226,1,1,0,0,0,0,0.905701756477356
video08,BirdDrone-Local-FT,2227,1,1,0,0,0,0,0.9001385569572449
video08,BirdDrone-Local-FT,2228,1,1,0,0,0,0,0.8683612942695618
video08,BirdDrone-Local-FT,2229,1,1,0,0,0,0,0.8744276165962219
video08,BirdDrone-Local-FT,2230,1,1,0,0,0,0,0.8708667159080505
video08,BirdDrone-Local-FT,2231,1,1,0,0,0,0,0.8672313094139099
video08,BirdDrone-Local-FT,2232,1,1,0,0,0,0,0.8535504937171936
video08,BirdDrone-Local-FT,2233,1,1,0,0,0,0,0.8567683100700378
video08,BirdDrone-Local-FT,2234,1,1,0,0,0,0,0.8435336947441101
video08,BirdDrone-Local-FT,2235,1,1,0,0,0,0,0.8637344241142273
video08,BirdDrone-Local-FT,2236,1,1,0,0,0,0,0.8635285496711731
video08,BirdDrone-Local-FT,2237,2,2,0,0,0,0,0.8021566271781921
video08,BirdDrone-Local-FT,2238,1,1,0,0,0,0,0.8694470524787903
video08,BirdDrone-Local-FT,2239,1,1,0,0,0,0,0.8822650909423828
video08,BirdDrone-Local-FT,2240,2,2,0,0,0,0,0.758697509765625
video08,BirdDrone-Local-FT,2241,1,1,0,0,0,0,0.8887783885002136
video08,BirdDrone-Local-FT,2242,1,1,0,0,0,0,0.8736456036567688
video08,BirdDrone-Local-FT,2243,1,1,0,0,0,0,0.8898574709892273
video08,BirdDrone-Local-FT,2244,1,1,0,0,0,0,0.8651083707809448
video08,BirdDrone-Local-FT,2245,1,1,0,0,0,0,0.8759827613830566
video08,BirdDrone-Local-FT,2246,1,1,0,0,0,0,0.8732636570930481
video08,BirdDrone-Local-FT,2247,1,1,0,0,0,0,0.8769664764404297
video08,BirdDrone-Local-FT,2248,1,1,0,0,0,0,0.8769535422325134
video08,BirdDrone-Local-FT,2249,1,1,0,0,0,0,0.8812403678894043
video08,BirdDrone-Local-FT,2250,1,1,0,0,0,0,0.9029760956764221
video08,BirdDrone-Local-FT,2251,1,1,0,0,0,0,0.890256941318512
video08,BirdDrone-Local-FT,2252,1,1,0,0,0,0,0.8781890273094177
video08,BirdDrone-Local-FT,2253,1,1,0,0,0,0,0.8749801516532898
video08,BirdDrone-Local-FT,2254,1,1,0,0,0,0,0.8820875883102417
video08,BirdDrone-Local-FT,2255,1,1,0,0,0,0,0.8950116038322449
video08,BirdDrone-Local-FT,2256,1,1,0,0,0,0,0.8781775832176208
video08,BirdDrone-Local-FT,2257,1,1,0,0,0,0,0.8638700842857361
video08,BirdDrone-Local-FT,2258,1,1,0,0,0,0,0.8633881211280823
video08,BirdDrone-Local-FT,2259,1,1,0,0,0,0,0.876944363117218
video08,BirdDrone-Local-FT,2260,1,1,0,0,0,0,0.8864615559577942
video08,BirdDrone-Local-FT,2261,1,1,0,0,0,0,0.8802101016044617
video08,BirdDrone-Local-FT,2262,1,1,0,0,0,0,0.8746159076690674
video08,BirdDrone-Local-FT,2263,1,1,0,0,0,0,0.8653908967971802
video08,BirdDrone-Local-FT,2264,1,1,0,0,0,0,0.8865406513214111
video08,BirdDrone-Local-FT,2265,1,1,0,0,0,0,0.8948986530303955
video08,BirdDrone-Local-FT,2266,1,1,0,0,0,0,0.8568369150161743
video08,BirdDrone-Local-FT,2267,1,1,0,0,0,0,0.9077656865119934
video08,BirdDrone-Local-FT,2268,1,1,0,0,0,0,0.88746577501297
video08,BirdDrone-Local-FT,2269,1,1,0,0,0,0,0.8927516937255859
video08,BirdDrone-Local-FT,2270,1,1,0,0,0,0,0.8997364044189453
video08,BirdDrone-Local-FT,2271,1,1,0,0,0,0,0.8912511467933655
video08,BirdDrone-Local-FT,2272,1,1,0,0,0,0,0.8922572135925293
video08,BirdDrone-Local-FT,2273,1,1,0,0,0,0,0.886422872543335
video08,BirdDrone-Local-FT,2274,1,1,0,0,0,0,0.8806905150413513
video08,BirdDrone-Local-FT,2275,1,1,0,0,0,0,0.8906500339508057
video08,BirdDrone-Local-FT,2276,1,1,0,0,0,0,0.8887742757797241
video08,BirdDrone-Local-FT,2277,1,1,0,0,0,0,0.8762280941009521
video08,BirdDrone-Local-FT,2278,1,1,0,0,0,0,0.8836151361465454
video08,BirdDrone-Local-FT,2279,1,1,0,0,0,0,0.8567913770675659
video08,BirdDrone-Local-FT,2280,1,1,0,0,0,0,0.8611595630645752
video08,BirdDrone-Local-FT,2281,1,1,0,0,0,0,0.8433042764663696
video08,BirdDrone-Local-FT,2282,1,1,0,0,0,0,0.8838087320327759
video08,BirdDrone-Local-FT,2283,1,1,0,0,0,0,0.8845871686935425
video08,BirdDrone-Local-FT,2284,1,1,0,0,0,0,0.8846854567527771
video08,BirdDrone-Local-FT,2285,1,1,0,0,0,0,0.8988173007965088
video08,BirdDrone-Local-FT,2286,1,1,0,0,0,0,0.8772366642951965
video08,BirdDrone-Local-FT,2287,1,1,0,0,0,0,0.8893031477928162
video08,BirdDrone-Local-FT,2288,1,1,0,0,0,0,0.8843701481819153
video08,BirdDrone-Local-FT,2289,1,1,0,0,0,0,0.8830342292785645
video08,BirdDrone-Local-FT,2290,1,1,0,0,0,0,0.8836519718170166
video08,BirdDrone-Local-FT,2291,1,1,0,0,0,0,0.8891746401786804
video08,BirdDrone-Local-FT,2292,1,1,0,0,0,0,0.8792068958282471
video08,BirdDrone-Local-FT,2293,1,1,0,0,0,0,0.8846185803413391
video08,BirdDrone-Local-FT,2294,1,1,0,0,0,0,0.8804535269737244
video08,BirdDrone-Local-FT,2295,1,1,0,0,0,0,0.8882908821105957
video08,BirdDrone-Local-FT,2296,1,1,0,0,0,0,0.8856488466262817
video08,BirdDrone-Local-FT,2297,1,1,0,0,0,0,0.8870741724967957
video08,BirdDrone-Local-FT,2298,1,1,0,0,0,0,0.8652825355529785
video08,BirdDrone-Local-FT,2299,1,1,0,0,0,0,0.8833346962928772
video08,BirdDrone-Local-FT,2300,1,1,0,0,0,0,0.8803329467773438
video08,BirdDrone-Local-FT,2301,1,1,0,0,0,0,0.8633610010147095
video08,BirdDrone-Local-FT,2302,1,1,0,0,0,0,0.8764017224311829
video08,BirdDrone-Local-FT,2303,1,1,0,0,0,0,0.8702225089073181
video08,BirdDrone-Local-FT,2304,1,1,0,0,0,0,0.8891544938087463
