video,model,frame,detections,drone_det,bird_det,false_class,low_conf_fp,tp_iou,max_conf
video10,BirdDrone-Local,0,1,1,0,0,0,1,0.7969412803649902
video10,BirdDrone-Local,1,1,1,0,0,0,0,0.8046618103981018
video10,BirdDrone-Local,2,1,1,0,0,0,0,0.8028814196586609
video10,BirdDrone-Local,3,1,1,0,0,0,0,0.7906253933906555
video10,BirdDrone-Local,4,1,1,0,0,0,0,0.8329697847366333
video10,BirdDrone-Local,5,1,1,0,0,0,0,0.7994530200958252
video10,BirdDrone-Local,6,1,1,0,0,0,0,0.8289812207221985
video10,BirdDrone-Local,7,1,1,0,0,0,0,0.8511125445365906
video10,BirdDrone-Local,8,2,2,0,0,1,0,0.4524296224117279
video10,BirdDrone-Local,9,1,1,0,0,0,0,0.854966938495636
video10,BirdDrone-Local,10,1,1,0,0,0,0,0.8634647727012634
video10,BirdDrone-Local,11,1,1,0,0,0,0,0.8645589351654053
video10,BirdDrone-Local,12,1,1,0,0,0,0,0.7502221465110779
video10,BirdDrone-Local,13,1,1,0,0,0,0,0.6965359449386597
video10,BirdDrone-Local,14,1,1,0,0,0,0,0.8115271329879761
video10,BirdDrone-Local,15,1,1,0,0,0,0,0.7941019535064697
video10,BirdDrone-Local,16,1,1,0,0,0,0,0.8021230101585388
video10,BirdDrone-Local,17,1,1,0,0,0,0,0.8091611266136169
video10,BirdDrone-Local,18,1,1,0,0,0,0,0.841022253036499
video10,BirdDrone-Local,19,1,1,0,0,0,0,0.8386604189872742
video10,BirdDrone-Local,20,1,1,0,0,0,0,0.8407647013664246
video10,BirdDrone-Local,21,1,1,0,0,0,0,0.856143593788147
video10,BirdDrone-Local,22,1,1,0,0,0,0,0.8468821048736572
video10,BirdDrone-Local,23,1,1,0,0,0,0,0.8263885974884033
video10,BirdDrone-Local,24,2,2,0,0,0,0,0.8198187351226807
video10,BirdDrone-Local,25,1,1,0,0,0,0,0.7272969484329224
video10,BirdDrone-Local,26,1,1,0,0,0,0,0.7869410514831543
video10,BirdDrone-Local,27,1,1,0,0,0,0,0.8191313743591309
video10,BirdDrone-Local,28,1,1,0,0,0,0,0.8203828930854797
video10,BirdDrone-Local,29,1,1,0,0,0,0,0.8358795642852783
video10,BirdDrone-Local,30,1,1,0,0,0,0,0.8222368359565735
video10,BirdDrone-Local,31,1,1,0,0,0,0,0.8528445363044739
video10,BirdDrone-Local,32,1,1,0,0,0,0,0.8385933041572571
video10,BirdDrone-Local,33,1,1,0,0,0,0,0.796257495880127
video10,BirdDrone-Local,34,1,1,0,0,0,0,0.8300183415412903
video10,BirdDrone-Local,35,1,1,0,0,0,0,0.8431088924407959
video10,BirdDrone-Local,36,1,1,0,0,0,0,0.8195345997810364
video10,BirdDrone-Local,37,1,1,0,0,0,0,0.8408770561218262
video10,BirdDrone-Local,38,1,1,0,0,0,0,0.8527659177780151
video10,BirdDrone-Local,39,1,1,0,0,0,0,0.8557307720184326
video10,BirdDrone-Local,40,1,1,0,0,0,0,0.8743656277656555
video10,BirdDrone-Local,41,1,1,0,0,0,0,0.880000114440918
video10,BirdDrone-Local,42,1,1,0,0,0,0,0.8659204840660095
video10,BirdDrone-Local,43,1,1,0,0,0,0,0.8807287216186523
video10,BirdDrone-Local,44,1,1,0,0,0,0,0.8788114190101624
video10,BirdDrone-Local,45,1,1,0,0,0,0,0.8737188577651978
video10,BirdDrone-Local,46,1,1,0,0,0,0,0.8567948937416077
video10,BirdDrone-Local,47,2,2,0,0,0,0,0.5685910582542419
video10,BirdDrone-Local,48,1,1,0,0,0,0,0.797097384929657
video10,BirdDrone-Local,49,1,1,0,0,0,0,0.7978177070617676
video10,BirdDrone-Local,50,1,1,0,0,0,0,0.805993914604187
video10,BirdDrone-Local,51,1,1,0,0,0,0,0.8169518113136292
video10,BirdDrone-Local,52,1,1,0,0,0,0,0.8469281196594238
video10,BirdDrone-Local,53,1,1,0,0,0,0,0.8704509735107422
video10,BirdDrone-Local,54,1,1,0,0,0,0,0.8313847184181213
video10,BirdDrone-Local,55,1,1,0,0,0,0,0.802772045135498
video10,BirdDrone-Local,56,1,1,0,0,0,0,0.7740100622177124
video10,BirdDrone-Local,57,1,1,0,0,0,0,0.8222131133079529
video10,BirdDrone-Local,58,1,1,0,0,0,0,0.776624321937561
video10,BirdDrone-Local,59,1,1,0,0,0,0,0.7954080700874329
video10,BirdDrone-Local,60,1,1,0,0,0,0,0.8190063834190369
video10,BirdDrone-Local,61,1,1,0,0,0,0,0.6211446523666382
video10,BirdDrone-Local,62,1,1,0,0,0,0,0.786292314529419
video10,BirdDrone-Local,63,1,1,0,0,0,0,0.81740403175354
video10,BirdDrone-Local,64,1,1,0,0,0,0,0.8069489002227783
video10,BirdDrone-Local,65,1,1,0,0,0,0,0.7999348640441895
video10,BirdDrone-Local,66,1,1,0,0,0,0,0.7998696565628052
video10,BirdDrone-Local,67,1,1,0,0,0,0,0.7502446174621582
video10,BirdDrone-Local,68,1,1,0,0,0,0,0.7467624545097351
video10,BirdDrone-Local,69,1,1,0,0,0,0,0.7740254402160645
video10,BirdDrone-Local,70,1,1,0,0,0,0,0.8141682744026184
video10,BirdDrone-Local,71,1,1,0,0,0,0,0.801160991191864
video10,BirdDrone-Local,72,1,1,0,0,0,0,0.8024866580963135
video10,BirdDrone-Local,73,1,1,0,0,0,0,0.8241470456123352
video10,BirdDrone-Local,74,1,1,0,0,0,0,0.79848313331604
video10,BirdDrone-Local,75,1,1,0,0,0,0,0.8304588198661804
video10,BirdDrone-Local,76,1,1,0,0,0,0,0.7974931001663208
video10,BirdDrone-Local,77,1,1,0,0,0,0,0.8100738525390625
video10,BirdDrone-Local,78,1,1,0,0,0,0,0.8185804486274719
video10,BirdDrone-Local,79,1,1,0,0,0,0,0.8256776332855225
video10,BirdDrone-Local,80,1,1,0,0,0,0,0.819892168045044
video10,BirdDrone-Local,81,1,1,0,0,0,0,0.8233572244644165
video10,BirdDrone-Local,82,1,1,0,0,0,0,0.8141980767250061
video10,BirdDrone-Local,83,1,1,0,0,0,0,0.8136095404624939
video10,BirdDrone-Local,84,1,1,0,0,0,0,0.8149746060371399
video10,BirdDrone-Local,85,1,1,0,0,0,0,0.8246836066246033
video10,BirdDrone-Local,86,1,1,0,0,0,0,0.8340383768081665
video10,BirdDrone-Local,87,1,1,0,0,0,0,0.8307170867919922
video10,BirdDrone-Local,88,1,1,0,0,0,0,0.8287883400917053
video10,BirdDrone-Local,89,1,1,0,0,0,0,0.8279564380645752
video10,BirdDrone-Local,90,1,1,0,0,0,0,0.8044116497039795
video10,BirdDrone-Local,91,1,1,0,0,0,0,0.8054279685020447
video10,BirdDrone-Local,92,1,1,0,0,0,0,0.8057315945625305
video10,BirdDrone-Local,93,1,1,0,0,0,0,0.7974625825881958
video10,BirdDrone-Local,94,1,1,0,0,0,0,0.7909659743309021
video10,BirdDrone-Local,95,1,1,0,0,0,0,0.7899757623672485
video10,BirdDrone-Local,96,1,1,0,0,0,0,0.8028234839439392
video10,BirdDrone-Local,97,1,1,0,0,0,0,0.8019115924835205
video10,BirdDrone-Local,98,1,1,0,0,0,0,0.8102083206176758
video10,BirdDrone-Local,99,1,1,0,0,0,0,0.8184793591499329
video10,BirdDrone-Local,100,1,1,0,0,0,0,0.8126246333122253
video10,BirdDrone-Local,101,1,1,0,0,0,0,0.7933652400970459
video10,BirdDrone-Local,102,1,1,0,0,0,0,0.7974465489387512
video10,BirdDrone-Local,103,1,1,0,0,0,0,0.7989045977592468
video10,BirdDrone-Local,104,1,1,0,0,0,0,0.8066499829292297
video10,BirdDrone-Local,105,1,1,0,0,0,0,0.8055194020271301
video10,BirdDrone-Local,106,1,1,0,0,0,0,0.8122139573097229
video10,BirdDrone-Local,107,1,1,0,0,0,0,0.7982290387153625
video10,BirdDrone-Local,108,1,1,0,0,0,0,0.8035011887550354
video10,BirdDrone-Local,109,1,1,0,0,0,0,0.8064897656440735
video10,BirdDrone-Local,110,1,1,0,0,0,0,0.8178369402885437
video10,BirdDrone-Local,111,1,1,0,0,0,0,0.8313117623329163
video10,BirdDrone-Local,112,1,1,0,0,0,0,0.8304099440574646
video10,BirdDrone-Local,113,1,1,0,0,0,0,0.8256949186325073
video10,BirdDrone-Local,114,1,1,0,0,0,0,0.807648241519928
video10,BirdDrone-Local,115,1,1,0,0,0,0,0.802392840385437
video10,BirdDrone-Local,116,1,1,0,0,0,0,0.8146761655807495
video10,BirdDrone-Local,117,1,1,0,0,0,0,0.8050106763839722
video10,BirdDrone-Local,118,1,1,0,0,0,0,0.8079660534858704
video10,BirdDrone-Local,119,1,1,0,0,0,0,0.7994425892829895
video10,BirdDrone-Local,120,1,1,0,0,0,0,0.7815150022506714
video10,BirdDrone-Local,121,1,1,0,0,0,0,0.7800256609916687
video10,BirdDrone-Local,122,1,1,0,0,0,0,0.7847700715065002
video10,BirdDrone-Local,123,1,1,0,0,0,0,0.7803605794906616
video10,BirdDrone-Local,124,1,1,0,0,0,0,0.781219482421875
video10,BirdDrone-Local,125,1,1,0,0,0,0,0.7789121866226196
video10,BirdDrone-Local,126,1,1,0,0,0,0,0.7791956663131714
video10,BirdDrone-Local,127,1,1,0,0,0,0,0.7980515360832214
video10,BirdDrone-Local,128,2,1,1,1,0,0,0.8025485873222351
video10,BirdDrone-Local,129,1,1,0,0,0,0,0.8104029893875122
video10,BirdDrone-Local,130,1,1,0,0,0,0,0.828009843826294
video10,BirdDrone-Local,131,1,1,0,0,0,0,0.8149628043174744
video10,BirdDrone-Local,132,1,1,0,0,0,0,0.8122165203094482
video10,BirdDrone-Local,133,1,1,0,0,0,0,0.821742594242096
video10,BirdDrone-Local,134,2,2,0,0,0,0,0.8213134407997131
video10,BirdDrone-Local,135,1,1,0,0,0,0,0.8151347637176514
video10,BirdDrone-Local,136,1,1,0,0,0,0,0.843723714351654
video10,BirdDrone-Local,137,1,1,0,0,0,0,0.8297870755195618
video10,BirdDrone-Local,138,1,1,0,0,0,0,0.833462119102478
video10,BirdDrone-Local,139,1,1,0,0,0,0,0.8367167115211487
video10,BirdDrone-Local,140,2,2,0,0,1,0,0.8240447044372559
video10,BirdDrone-Local,141,1,1,0,0,0,0,0.8261123299598694
video10,BirdDrone-Local,142,1,1,0,0,0,0,0.8194540739059448
video10,BirdDrone-Local,143,1,1,0,0,0,0,0.8285568952560425
video10,BirdDrone-Local,144,1,1,0,0,0,0,0.8193621039390564
video10,BirdDrone-Local,145,2,2,0,0,1,0,0.8191518187522888
video10,BirdDrone-Local,146,1,1,0,0,0,0,0.8035112619400024
video10,BirdDrone-Local,147,1,1,0,0,0,0,0.7813485264778137
video10,BirdDrone-Local,148,1,1,0,0,0,0,0.8387143611907959
video10,BirdDrone-Local,149,1,1,0,0,0,0,0.8232492208480835
video10,BirdDrone-Local,150,2,2,0,0,0,0,0.8347229957580566
video10,BirdDrone-Local,151,1,1,0,0,0,0,0.8540093302726746
video10,BirdDrone-Local,152,1,1,0,0,0,0,0.8458161354064941
video10,BirdDrone-Local,153,1,1,0,0,0,0,0.8290761113166809
video10,BirdDrone-Local,154,1,1,0,0,0,0,0.8222172856330872
video10,BirdDrone-Local,155,1,1,0,0,0,0,0.8117599487304688
video10,BirdDrone-Local,156,1,1,0,0,0,0,0.7876279354095459
video10,BirdDrone-Local,157,1,1,0,0,0,0,0.8264674544334412
video10,BirdDrone-Local,158,1,1,0,0,0,0,0.806809663772583
video10,BirdDrone-Local,159,1,1,0,0,0,0,0.8283913135528564
video10,BirdDrone-Local,160,1,1,0,0,0,0,0.8073710799217224
video10,BirdDrone-Local,161,1,1,0,0,0,0,0.8083207607269287
video10,BirdDrone-Local,162,1,1,0,0,0,0,0.7936687469482422
video10,BirdDrone-Local,163,1,1,0,0,0,0,0.35260918736457825
video10,BirdDrone-Local,164,1,1,0,0,0,0,0.7592875957489014
video10,BirdDrone-Local,165,1,1,0,0,0,0,0.7973430156707764
video10,BirdDrone-Local,166,1,1,0,0,0,0,0.7886937856674194
video10,BirdDrone-Local,167,2,2,0,0,1,0,0.8218063712120056
video10,BirdDrone-Local,168,1,1,0,0,0,0,0.7926492691040039
video10,BirdDrone-Local,169,1,1,0,0,0,0,0.8078073859214783
video10,BirdDrone-Local,170,2,2,0,0,1,0,0.8196427822113037
video10,BirdDrone-Local,171,1,1,0,0,0,0,0.8407840728759766
video10,BirdDrone-Local,172,1,1,0,0,0,0,0.8161148428916931
video10,BirdDrone-Local,173,3,3,0,0,2,0,0.8088867664337158
video10,BirdDrone-Local,174,2,2,0,0,0,0,0.8416471481323242
video10,BirdDrone-Local,175,1,1,0,0,0,0,0.8276997804641724
video10,BirdDrone-Local,176,1,1,0,0,0,0,0.8126381039619446
video10,BirdDrone-Local,177,1,1,0,0,0,0,0.8106467127799988
video10,BirdDrone-Local,178,2,2,0,0,0,0,0.853395938873291
video10,BirdDrone-Local,179,1,1,0,0,0,0,0.8399061560630798
video10,BirdDrone-Local,180,1,1,0,0,0,0,0.8328933119773865
video10,BirdDrone-Local,181,2,2,0,0,1,0,0.8225034475326538
video10,BirdDrone-Local,182,2,2,0,0,1,0,0.8561245799064636
video10,BirdDrone-Local,183,2,2,0,0,0,0,0.8428492546081543
video10,BirdDrone-Local,184,1,1,0,0,0,0,0.8457891941070557
video10,BirdDrone-Local,185,1,1,0,0,0,0,0.8352681398391724
video10,BirdDrone-Local,186,2,2,0,0,0,0,0.85052490234375
video10,BirdDrone-Local,187,2,2,0,0,0,0,0.8547868728637695
video10,BirdDrone-Local,188,2,2,0,0,1,0,0.8446643948554993
video10,BirdDrone-Local,189,2,2,0,0,0,0,0.8460864424705505
video10,BirdDrone-Local,190,1,1,0,0,0,0,0.840487539768219
video10,BirdDrone-Local,191,1,1,0,0,0,0,0.8447332382202148
video10,BirdDrone-Local,192,1,1,0,0,0,0,0.8620133399963379
video10,BirdDrone-Local,193,1,1,0,0,0,0,0.8569048047065735
video10,BirdDrone-Local,194,1,1,0,0,0,0,0.8400247097015381
video10,BirdDrone-Local,195,1,1,0,0,0,0,0.8479787707328796
video10,BirdDrone-Local,196,1,1,0,0,0,0,0.8355019092559814
video10,BirdDrone-Local,197,1,1,0,0,0,0,0.8239237070083618
video10,BirdDrone-Local,198,1,1,0,0,0,0,0.8338455557823181
video10,BirdDrone-Local,199,1,1,0,0,0,0,0.8281090259552002
video10,BirdDrone-Local,200,1,1,0,0,0,0,0.7963184714317322
video10,BirdDrone-Local,201,1,1,0,0,0,0,0.8351239562034607
video10,BirdDrone-Local,202,1,1,0,0,0,0,0.8079040050506592
video10,BirdDrone-Local,203,1,1,0,0,0,0,0.8509908318519592
video10,BirdDrone-Local,204,1,1,0,0,0,0,0.8345378041267395
video10,BirdDrone-Local,205,1,1,0,0,0,0,0.8307430148124695
video10,BirdDrone-Local,206,1,1,0,0,0,0,0.8344908952713013
video10,BirdDrone-Local,207,1,1,0,0,0,0,0.8318546414375305
video10,BirdDrone-Local,208,1,1,0,0,0,0,0.8359474539756775
video10,BirdDrone-Local,209,1,1,0,0,0,0,0.8356738090515137
video10,BirdDrone-Local,210,1,1,0,0,0,0,0.8064277768135071
video10,BirdDrone-Local,211,1,1,0,0,0,0,0.8002133965492249
video10,BirdDrone-Local,212,1,1,0,0,0,0,0.7368886470794678
video10,BirdDrone-Local,213,1,1,0,0,0,0,0.7507262825965881
video10,BirdDrone-Local,214,1,1,0,0,0,0,0.8283512592315674
video10,BirdDrone-Local,215,1,1,0,0,0,0,0.8233292102813721
video10,BirdDrone-Local,216,1,1,0,0,0,0,0.8373458981513977
video10,BirdDrone-Local,217,1,1,0,0,0,0,0.8305481672286987
video10,BirdDrone-Local,218,1,1,0,0,0,0,0.8258504867553711
video10,BirdDrone-Local,219,1,1,0,0,0,0,0.8198748826980591
video10,BirdDrone-Local,220,1,1,0,0,0,0,0.8234337568283081
video10,BirdDrone-Local,221,1,1,0,0,0,0,0.8153943419456482
video10,BirdDrone-Local,222,1,1,0,0,0,0,0.810725748538971
video10,BirdDrone-Local,223,1,1,0,0,0,0,0.7847581505775452
video10,BirdDrone-Local,224,1,1,0,0,0,0,0.7932514548301697
video10,BirdDrone-Local,225,1,1,0,0,0,0,0.758984386920929
video10,BirdDrone-Local,226,1,1,0,0,0,0,0.7669458389282227
video10,BirdDrone-Local,227,1,1,0,0,0,0,0.8089115023612976
video10,BirdDrone-Local,228,1,1,0,0,0,0,0.8211405277252197
video10,BirdDrone-Local,229,1,1,0,0,0,0,0.7888588905334473
video10,BirdDrone-Local,230,1,1,0,0,0,0,0.8048064112663269
video10,BirdDrone-Local,231,1,1,0,0,0,0,0.8159815073013306
video10,BirdDrone-Local,232,1,1,0,0,0,0,0.8008485436439514
video10,BirdDrone-Local,233,1,1,0,0,0,0,0.8196310997009277
video10,BirdDrone-Local,234,1,1,0,0,0,0,0.8449671268463135
video10,BirdDrone-Local,235,1,1,0,0,0,0,0.8530735373497009
video10,BirdDrone-Local,236,2,2,0,0,1,0,0.656146764755249
video10,BirdDrone-Local,237,1,1,0,0,0,0,0.8461253046989441
video10,BirdDrone-Local,238,1,1,0,0,0,0,0.851142168045044
video10,BirdDrone-Local,239,1,1,0,0,0,0,0.8435839414596558
video10,BirdDrone-Local,240,1,1,0,0,0,0,0.8157046437263489
video10,BirdDrone-Local,241,1,1,0,0,0,0,0.8565431833267212
video10,BirdDrone-Local,242,1,1,0,0,0,0,0.8667340278625488
video10,BirdDrone-Local,243,2,2,0,0,1,0,0.8639706373214722
video10,BirdDrone-Local,244,1,1,0,0,0,0,0.8639773726463318
video10,BirdDrone-Local,245,1,1,0,0,0,0,0.8645750880241394
video10,BirdDrone-Local,246,1,1,0,0,0,0,0.8648823499679565
video10,BirdDrone-Local,247,1,1,0,0,0,0,0.8618736863136292
video10,BirdDrone-Local,248,2,2,0,0,1,0,0.8657989501953125
video10,BirdDrone-Local,249,2,2,0,0,1,0,0.8712334632873535
video10,BirdDrone-Local,250,1,1,0,0,0,0,0.8684821128845215
video10,BirdDrone-Local,251,1,1,0,0,0,0,0.8640974760055542
video10,BirdDrone-Local,252,1,1,0,0,0,0,0.8644178509712219
video10,BirdDrone-Local,253,1,1,0,0,0,0,0.86989426612854
video10,BirdDrone-Local,254,1,1,0,0,0,0,0.8633211255073547
video10,BirdDrone-Local,255,1,1,0,0,0,0,0.8638715147972107
video10,BirdDrone-Local,256,1,1,0,0,0,0,0.8680218458175659
video10,BirdDrone-Local,257,1,1,0,0,0,0,0.8566625118255615
video10,BirdDrone-Local,258,1,1,0,0,0,0,0.8625505566596985
video10,BirdDrone-Local,259,1,1,0,0,0,0,0.8579605221748352
video10,BirdDrone-Local,260,1,1,0,0,0,0,0.8664753437042236
video10,BirdDrone-Local,261,1,1,0,0,0,0,0.8679815530776978
video10,BirdDrone-Local,262,1,1,0,0,0,0,0.8754050135612488
video10,BirdDrone-Local,263,1,1,0,0,0,0,0.8785225749015808
video10,BirdDrone-Local,264,1,1,0,0,0,0,0.827568531036377
video10,BirdDrone-Local,265,1,1,0,0,0,0,0.8775257468223572
video10,BirdDrone-Local,266,1,1,0,0,0,0,0.8827534317970276
video10,BirdDrone-Local,267,1,1,0,0,0,0,0.8787556886672974
video10,BirdDrone-Local,268,1,1,0,0,0,0,0.8725634813308716
video10,BirdDrone-Local,269,1,1,0,0,0,0,0.8707463145256042
video10,BirdDrone-Local,270,1,1,0,0,0,0,0.8342861533164978
video10,BirdDrone-Local,271,1,1,0,0,0,0,0.848170816898346
video10,BirdDrone-Local,272,1,1,0,0,0,0,0.8229658007621765
video10,BirdDrone-Local,273,1,1,0,0,0,0,0.8231721520423889
video10,BirdDrone-Local,274,1,1,0,0,0,0,0.8358811140060425
video10,BirdDrone-Local,275,1,1,0,0,0,0,0.8361172676086426
video10,BirdDrone-Local,276,1,1,0,0,0,0,0.8130566477775574
video10,BirdDrone-Local,277,1,1,0,0,0,0,0.8030175566673279
video10,BirdDrone-Local,278,1,1,0,0,0,0,0.804304838180542
video10,BirdDrone-Local,279,1,1,0,0,0,0,0.8263533115386963
video10,BirdDrone-Local,280,1,1,0,0,0,0,0.827480137348175
video10,BirdDrone-Local,281,1,1,0,0,0,0,0.8229100108146667
video10,BirdDrone-Local,282,1,1,0,0,0,0,0.8263454437255859
video10,BirdDrone-Local,283,1,1,0,0,0,0,0.8194777965545654
video10,BirdDrone-Local,284,1,1,0,0,0,0,0.8062988519668579
video10,BirdDrone-Local,285,1,1,0,0,0,0,0.8119117617607117
video10,BirdDrone-Local,286,1,1,0,0,0,0,0.7882688641548157
video10,BirdDrone-Local,287,1,1,0,0,0,0,0.7890893220901489
video10,BirdDrone-Local,288,1,1,0,0,0,0,0.79940265417099
video10,BirdDrone-Local,289,1,1,0,0,0,0,0.7916065454483032
video10,BirdDrone-Local,290,1,1,0,0,0,0,0.7838934659957886
video10,BirdDrone-Local,291,1,1,0,0,0,0,0.7660650014877319
video10,BirdDrone-Local,292,1,1,0,0,0,0,0.7585944533348083
video10,BirdDrone-Local,293,1,1,0,0,0,0,0.7332508563995361
video10,BirdDrone-Local,294,1,1,0,0,0,0,0.7591443657875061
video10,BirdDrone-Local,295,1,1,0,0,0,0,0.7221844792366028
video10,BirdDrone-Local,296,1,1,0,0,0,0,0.7586933374404907
video10,BirdDrone-Local,297,1,1,0,0,0,0,0.7820929288864136
video10,BirdDrone-Local,298,1,1,0,0,0,0,0.7586681246757507
video10,BirdDrone-Local,299,1,1,0,0,0,0,0.6869097352027893
video10,BirdDrone-Local,300,1,1,0,0,0,0,0.7101550698280334
video10,BirdDrone-Local,301,1,1,0,0,0,0,0.7130910754203796
video10,BirdDrone-Local,302,1,1,0,0,0,0,0.6768863201141357
video10,BirdDrone-Local,303,1,1,0,0,0,0,0.7179980874061584
video10,BirdDrone-Local,304,1,1,0,0,0,0,0.7658544182777405
video10,BirdDrone-Local,305,1,1,0,0,0,0,0.7612876296043396
video10,BirdDrone-Local,306,1,1,0,0,0,0,0.713545024394989
video10,BirdDrone-Local,307,1,1,0,0,0,0,0.7671235203742981
video10,BirdDrone-Local,308,1,1,0,0,0,0,0.811856746673584
video10,BirdDrone-Local,309,1,1,0,0,0,0,0.7322838306427002
video10,BirdDrone-Local,310,1,1,0,0,0,0,0.8036524653434753
video10,BirdDrone-Local,311,1,1,0,0,0,0,0.78321772813797
video10,BirdDrone-Local,312,1,1,0,0,0,0,0.8046740889549255
video10,BirdDrone-Local,313,1,1,0,0,0,0,0.7821013331413269
video10,BirdDrone-Local,314,1,1,0,0,0,0,0.7736663818359375
video10,BirdDrone-Local,315,1,1,0,0,0,0,0.7803645133972168
video10,BirdDrone-Local,316,1,1,0,0,0,0,0.7962971329689026
video10,BirdDrone-Local,317,1,1,0,0,0,0,0.8109352588653564
video10,BirdDrone-Local,318,1,1,0,0,0,0,0.7451655268669128
video10,BirdDrone-Local,319,1,1,0,0,0,0,0.6906905174255371
video10,BirdDrone-Local,320,1,1,0,0,0,0,0.7550026774406433
video10,BirdDrone-Local,321,1,1,0,0,0,0,0.655078113079071
video10,BirdDrone-Local,322,1,1,0,0,0,0,0.6796261668205261
video10,BirdDrone-Local,323,1,1,0,0,0,0,0.7551217079162598
video10,BirdDrone-Local,324,1,1,0,0,0,0,0.7673552632331848
video10,BirdDrone-Local,325,1,1,0,0,0,0,0.795882523059845
video10,BirdDrone-Local,326,1,1,0,0,0,0,0.8090724349021912
video10,BirdDrone-Local,327,1,1,0,0,0,0,0.8180570602416992
video10,BirdDrone-Local,328,1,1,0,0,0,0,0.7861303091049194
video10,BirdDrone-Local,329,1,1,0,0,0,0,0.6901005506515503
video10,BirdDrone-Local,330,1,1,0,0,0,0,0.7861936688423157
video10,BirdDrone-Local,331,1,1,0,0,0,0,0.7660503387451172
video10,BirdDrone-Local,332,1,1,0,0,0,0,0.6754435896873474
video10,BirdDrone-Local,333,1,1,0,0,0,0,0.7845602631568909
video10,BirdDrone-Local,334,1,1,0,0,0,0,0.7478365302085876
video10,BirdDrone-Local,335,1,1,0,0,0,0,0.7396926283836365
video10,BirdDrone-Local,336,1,1,0,0,0,0,0.7805759906768799
video10,BirdDrone-Local,337,1,1,0,0,0,0,0.7660254240036011
video10,BirdDrone-Local,338,1,1,0,0,0,0,0.7502344846725464
video10,BirdDrone-Local,339,1,1,0,0,0,0,0.7652602791786194
video10,BirdDrone-Local,340,1,1,0,0,0,0,0.7849814295768738
video10,BirdDrone-Local,341,1,1,0,0,0,0,0.7758997678756714
video10,BirdDrone-Local,342,1,1,0,0,0,0,0.7838322520256042
video10,BirdDrone-Local,343,1,1,0,0,0,0,0.7765239477157593
video10,BirdDrone-Local,344,1,1,0,0,0,0,0.766746461391449
video10,BirdDrone-Local,345,1,1,0,0,0,0,0.7190564274787903
video10,BirdDrone-Local,346,1,1,0,0,0,0,0.66413414478302
video10,BirdDrone-Local,347,1,1,0,0,0,0,0.7309722900390625
video10,BirdDrone-Local,348,2,2,0,0,1,0,0.6905124187469482
video10,BirdDrone-Local,349,1,1,0,0,0,0,0.5818860530853271
video10,BirdDrone-Local,350,1,1,0,0,0,0,0.44727590680122375
video10,BirdDrone-Local,351,1,1,0,0,0,0,0.6722369194030762
video10,BirdDrone-Local,352,2,2,0,0,1,0,0.7792762517929077
video10,BirdDrone-Local,353,1,1,0,0,0,0,0.7573176026344299
video10,BirdDrone-Local,354,1,1,0,0,0,0,0.8292393684387207
video10,BirdDrone-Local,355,1,1,0,0,0,0,0.7452638745307922
video10,BirdDrone-Local,356,2,2,0,0,0,0,0.695107638835907
video10,BirdDrone-Local,357,2,2,0,0,1,0,0.6193525791168213
video10,BirdDrone-Local,358,1,1,0,0,0,0,0.7459357380867004
video10,BirdDrone-Local,359,1,1,0,0,0,0,0.7796031832695007
video10,BirdDrone-Local,360,1,1,0,0,0,0,0.7691777348518372
video10,BirdDrone-Local,361,1,1,0,0,0,0,0.7753511071205139
video10,BirdDrone-Local,362,1,1,0,0,0,0,0.7829817533493042
video10,BirdDrone-Local,363,1,1,0,0,0,0,0.7978913187980652
video10,BirdDrone-Local,364,1,1,0,0,0,0,0.8147337436676025
video10,BirdDrone-Local,365,1,1,0,0,0,0,0.8019779324531555
video10,BirdDrone-Local,366,1,1,0,0,0,0,0.7743870615959167
video10,BirdDrone-Local,367,1,1,0,0,0,0,0.7682160139083862
video10,BirdDrone-Local,368,1,1,0,0,0,0,0.7244862914085388
video10,BirdDrone-Local,369,1,1,0,0,0,0,0.7425777912139893
video10,BirdDrone-Local,370,1,1,0,0,0,0,0.7871361970901489
video10,BirdDrone-Local,371,1,1,0,0,0,0,0.8160665035247803
video10,BirdDrone-Local,372,1,1,0,0,0,0,0.8136236667633057
video10,BirdDrone-Local,373,1,1,0,0,0,0,0.7366496920585632
video10,BirdDrone-Local,374,1,1,0,0,0,0,0.8342791795730591
video10,BirdDrone-Local,375,1,1,0,0,0,0,0.8224513530731201
video10,BirdDrone-Local,376,1,1,0,0,0,0,0.8069896101951599
video10,BirdDrone-Local,377,1,1,0,0,0,0,0.7822980880737305
video10,BirdDrone-Local,378,1,1,0,0,0,0,0.7750216722488403
video10,BirdDrone-Local,379,1,1,0,0,0,0,0.7763940095901489
video10,BirdDrone-Local,380,1,1,0,0,0,0,0.8192806243896484
video10,BirdDrone-Local,381,1,1,0,0,0,0,0.8142651915550232
video10,BirdDrone-Local,382,1,1,0,0,0,0,0.7929462790489197
video10,BirdDrone-Local,383,1,1,0,0,0,0,0.8083459734916687
video10,BirdDrone-Local,384,1,1,0,0,0,0,0.8160763382911682
video10,BirdDrone-Local,385,1,1,0,0,0,0,0.8227116465568542
video10,BirdDrone-Local,386,1,1,0,0,0,0,0.8212404251098633
video10,BirdDrone-Local,387,1,1,0,0,0,0,0.8379892706871033
video10,BirdDrone-Local,388,1,1,0,0,0,0,0.8311237692832947
video10,BirdDrone-Local,389,1,1,0,0,0,0,0.836527407169342
video10,BirdDrone-Local,390,1,1,0,0,0,0,0.8463932871818542
video10,BirdDrone-Local,391,1,1,0,0,0,0,0.8193048238754272
video10,BirdDrone-Local,392,1,1,0,0,0,0,0.8566514849662781
video10,BirdDrone-Local,393,2,2,0,0,1,0,0.7186293005943298
video10,BirdDrone-Local,394,1,1,0,0,0,0,0.8365007042884827
video10,BirdDrone-Local,395,1,1,0,0,0,0,0.828663170337677
video10,BirdDrone-Local,396,1,1,0,0,0,0,0.7929329872131348
video10,BirdDrone-Local,397,1,1,0,0,0,0,0.7320924997329712
video10,BirdDrone-Local,398,1,1,0,0,0,0,0.6220285296440125
video10,BirdDrone-Local,399,1,1,0,0,0,0,0.6226852536201477
video10,BirdDrone-Local,400,1,1,0,0,0,0,0.7154706120491028
video10,BirdDrone-Local,401,1,1,0,0,0,0,0.6238420605659485
video10,BirdDrone-Local,402,1,1,0,0,0,0,0.6460896134376526
video10,BirdDrone-Local,403,1,1,0,0,0,0,0.5442095994949341
video10,BirdDrone-Local,404,1,1,0,0,0,0,0.7153046131134033
video10,BirdDrone-Local,405,1,1,0,0,0,0,0.7612403035163879
video10,BirdDrone-Local,406,1,1,0,0,0,0,0.7926461100578308
video10,BirdDrone-Local,407,1,1,0,0,0,0,0.8015748858451843
video10,BirdDrone-Local,408,1,1,0,0,0,0,0.7776921987533569
video10,BirdDrone-Local,409,1,1,0,0,0,0,0.7794051170349121
video10,BirdDrone-Local,410,1,1,0,0,0,0,0.793266773223877
video10,BirdDrone-Local,411,1,1,0,0,0,0,0.7827873826026917
video10,BirdDrone-Local,412,1,1,0,0,0,0,0.7845668792724609
video10,BirdDrone-Local,413,1,1,0,0,0,0,0.7796247601509094
video10,BirdDrone-Local,414,1,1,0,0,0,0,0.7660134434700012
video10,BirdDrone-Local,415,1,1,0,0,0,0,0.7826108932495117
video10,BirdDrone-Local,416,1,1,0,0,0,0,0.7957534193992615
video10,BirdDrone-Local,417,1,1,0,0,0,0,0.810828447341919
video10,BirdDrone-Local,418,1,1,0,0,0,0,0.787523090839386
video10,BirdDrone-Local,419,1,1,0,0,0,0,0.7930356860160828
video10,BirdDrone-Local,420,1,1,0,0,0,0,0.8002811074256897
video10,BirdDrone-Local,421,1,1,0,0,0,0,0.803646445274353
video10,BirdDrone-Local,422,1,1,0,0,0,0,0.7400375008583069
video10,BirdDrone-Local,423,1,1,0,0,0,0,0.746052622795105
video10,BirdDrone-Local,424,1,1,0,0,0,0,0.7900630831718445
video10,BirdDrone-Local,425,1,1,0,0,0,0,0.748974621295929
video10,BirdDrone-Local,426,1,1,0,0,0,0,0.7120335102081299
video10,BirdDrone-Local,427,0,0,0,0,0,0,0.0
video10,BirdDrone-Local,428,1,1,0,0,0,0,0.6708715558052063
video10,BirdDrone-Local,429,1,1,0,0,0,0,0.7011898159980774
video10,BirdDrone-Local,430,1,1,0,0,0,0,0.7444106936454773
video10,BirdDrone-Local,431,1,1,0,0,0,0,0.7499226927757263
video10,BirdDrone-Local,432,1,1,0,0,0,0,0.7878358960151672
video10,BirdDrone-Local,433,1,1,0,0,0,0,0.7916550636291504
video10,BirdDrone-Local,434,1,1,0,0,0,0,0.802782416343689
video10,BirdDrone-Local,435,1,1,0,0,0,0,0.7822996973991394
video10,BirdDrone-Local,436,1,1,0,0,0,0,0.8230311870574951
video10,BirdDrone-Local,437,1,1,0,0,0,0,0.8496978282928467
video10,BirdDrone-Local,438,1,1,0,0,0,0,0.8156470060348511
video10,BirdDrone-Local,439,1,1,0,0,0,0,0.8272060751914978
video10,BirdDrone-Local,440,1,1,0,0,0,0,0.8199812173843384
video10,BirdDrone-Local,441,1,1,0,0,0,0,0.8259456753730774
video10,BirdDrone-Local,442,1,1,0,0,0,0,0.8654561042785645
video10,BirdDrone-Local,443,1,1,0,0,0,0,0.8563465476036072
video10,BirdDrone-Local,444,1,1,0,0,0,0,0.8507999181747437
video10,BirdDrone-Local,445,1,1,0,0,0,0,0.8065864443778992
video10,BirdDrone-Local,446,1,1,0,0,0,0,0.8288644552230835
video10,BirdDrone-Local,447,1,1,0,0,0,0,0.8020630478858948
video10,BirdDrone-Local,448,1,1,0,0,0,0,0.8371545076370239
video10,BirdDrone-Local,449,1,1,0,0,0,0,0.8592543601989746
video10,BirdDrone-Local,450,3,3,0,0,2,0,0.6437243819236755
video10,BirdDrone-Local,451,1,1,0,0,0,0,0.8304916620254517
video10,BirdDrone-Local,452,2,2,0,0,0,0,0.8200606107711792
video10,BirdDrone-Local,453,2,2,0,0,1,0,0.8241777420043945
video10,BirdDrone-Local,454,2,2,0,0,1,0,0.8239688873291016
video10,BirdDrone-Local,455,2,2,0,0,1,0,0.8222648501396179
video10,BirdDrone-Local,456,1,1,0,0,0,0,0.8283753991127014
video10,BirdDrone-Local,457,1,1,0,0,0,0,0.8264980316162109
video10,BirdDrone-Local,458,1,1,0,0,0,0,0.39312562346458435
video10,BirdDrone-Local,459,1,1,0,0,0,0,0.790572464466095
video10,BirdDrone-Local,460,1,1,0,0,0,0,0.8134752511978149
video10,BirdDrone-Local,461,1,1,0,0,0,0,0.8012955188751221
video10,BirdDrone-Local,462,1,1,0,0,0,0,0.8188722133636475
video10,BirdDrone-Local,463,1,1,0,0,0,0,0.8246947526931763
video10,BirdDrone-Local,464,1,1,0,0,0,0,0.8297661542892456
video10,BirdDrone-Local,465,1,1,0,0,0,0,0.8251129388809204
video10,BirdDrone-Local,466,1,1,0,0,0,0,0.8315810561180115
video10,BirdDrone-Local,467,1,1,0,0,0,0,0.827438235282898
video10,BirdDrone-Local,468,1,1,0,0,0,0,0.8179640173912048
video10,BirdDrone-Local,469,1,1,0,0,0,0,0.8062070608139038
video10,BirdDrone-Local,470,1,1,0,0,0,0,0.8016366362571716
video10,BirdDrone-Local,471,1,1,0,0,0,0,0.8013492226600647
video10,BirdDrone-Local,472,1,1,0,0,0,0,0.7852388024330139
video10,BirdDrone-Local,473,1,1,0,0,0,0,0.78204345703125
video10,BirdDrone-Local,474,1,1,0,0,0,0,0.7835792899131775
video10,BirdDrone-Local,475,1,1,0,0,0,0,0.8084167838096619
video10,BirdDrone-Local,476,1,1,0,0,0,0,0.8129523396492004
video10,BirdDrone-Local,477,1,1,0,0,0,0,0.7831071615219116
video10,BirdDrone-Local,478,1,1,0,0,0,0,0.8174939751625061
video10,BirdDrone-Local,479,1,1,0,0,0,0,0.8194326162338257
video10,BirdDrone-Local,480,1,1,0,0,0,0,0.7767780423164368
video10,BirdDrone-Local,481,1,1,0,0,0,0,0.7527807950973511
video10,BirdDrone-Local,482,1,1,0,0,0,0,0.7764460444450378
video10,BirdDrone-Local,483,1,1,0,0,0,0,0.7869223356246948
video10,BirdDrone-Local,484,1,1,0,0,0,0,0.8113411068916321
video10,BirdDrone-Local,485,1,1,0,0,0,0,0.8126972317695618
video10,BirdDrone-Local,486,1,1,0,0,0,0,0.8131526708602905
video10,BirdDrone-Local,487,1,1,0,0,0,0,0.7900710105895996
video10,BirdDrone-Local,488,1,1,0,0,0,0,0.7836172580718994
video10,BirdDrone-Local,489,1,1,0,0,0,0,0.784677267074585
video10,BirdDrone-Local,490,1,1,0,0,0,0,0.7667779922485352
video10,BirdDrone-Local,491,1,1,0,0,0,0,0.751348614692688
video10,BirdDrone-Local,492,1,1,0,0,0,0,0.7726399302482605
video10,BirdDrone-Local,493,1,1,0,0,0,0,0.7911137342453003
video10,BirdDrone-Local,494,1,1,0,0,0,0,0.7814826369285583
video10,BirdDrone-Local,495,1,1,0,0,0,0,0.7572436332702637
video10,BirdDrone-Local,496,1,1,0,0,0,0,0.7644520998001099
video10,BirdDrone-Local,497,1,1,0,0,0,0,0.8090440630912781
video10,BirdDrone-Local,498,1,1,0,0,0,0,0.8167020678520203
video10,BirdDrone-Local,499,1,1,0,0,0,0,0.769347071647644
video10,BirdDrone-Local,500,1,1,0,0,0,0,0.7665340304374695
video10,BirdDrone-Local,501,1,1,0,0,0,0,0.7785151600837708
video10,BirdDrone-Local,502,1,1,0,0,0,0,0.8006021976470947
video10,BirdDrone-Local,503,1,1,0,0,0,0,0.7593704462051392
video10,BirdDrone-Local,504,1,1,0,0,0,0,0.7801715135574341
video10,BirdDrone-Local,505,1,1,0,0,0,0,0.8214393258094788
video10,BirdDrone-Local,506,1,1,0,0,0,0,0.8121482133865356
video10,BirdDrone-Local,507,1,1,0,0,0,0,0.8151962757110596
video10,BirdDrone-Local,508,1,1,0,0,0,0,0.8201092481613159
video10,BirdDrone-Local,509,1,1,0,0,0,0,0.8320552706718445
video10,BirdDrone-Local,510,1,1,0,0,0,0,0.7946154475212097
video10,BirdDrone-Local,511,1,1,0,0,0,0,0.8059309720993042
video10,BirdDrone-Local,512,1,1,0,0,0,0,0.7797325849533081
video10,BirdDrone-Local,513,1,1,0,0,0,0,0.8108386993408203
video10,BirdDrone-Local,514,1,1,0,0,0,0,0.7954874634742737
video10,BirdDrone-Local,515,1,1,0,0,0,0,0.8049684166908264
video10,BirdDrone-Local,516,1,1,0,0,0,0,0.8148870468139648
video10,BirdDrone-Local,517,1,1,0,0,0,0,0.7960837483406067
video10,BirdDrone-Local,518,1,1,0,0,0,0,0.7699301838874817
video10,BirdDrone-Local,519,1,1,0,0,0,0,0.7644253373146057
video10,BirdDrone-Local,520,1,1,0,0,0,0,0.8543822765350342
video10,BirdDrone-Local,521,1,1,0,0,0,0,0.8463940620422363
video10,BirdDrone-Local,522,1,1,0,0,0,0,0.8538258075714111
video10,BirdDrone-Local,523,1,1,0,0,0,0,0.8491367101669312
video10,BirdDrone-Local,524,1,1,0,0,0,0,0.8497443199157715
video10,BirdDrone-Local,525,1,1,0,0,0,0,0.8520054817199707
video10,BirdDrone-Local,526,1,1,0,0,0,0,0.8387024402618408
video10,BirdDrone-Local,527,1,1,0,0,0,0,0.8458293080329895
video10,BirdDrone-Local,528,1,1,0,0,0,0,0.8361112475395203
video10,BirdDrone-Local,529,1,1,0,0,0,0,0.8340399861335754
video10,BirdDrone-Local,530,1,1,0,0,0,0,0.8228920698165894
video10,BirdDrone-Local,531,1,1,0,0,0,0,0.8364897966384888
video10,BirdDrone-Local,532,1,1,0,0,0,0,0.8232192993164062
video10,BirdDrone-Local,533,1,1,0,0,0,0,0.7963826060295105
video10,BirdDrone-Local,534,1,1,0,0,0,0,0.6205357909202576
video10,BirdDrone-Local,535,1,1,0,0,0,0,0.861707866191864
video10,BirdDrone-Local,536,1,1,0,0,0,0,0.8314225673675537
video10,BirdDrone-Local,537,1,1,0,0,0,0,0.8562223315238953
video10,BirdDrone-Local,538,1,1,0,0,0,0,0.847152054309845
video10,BirdDrone-Local,539,1,1,0,0,0,0,0.8053234219551086
video10,BirdDrone-Local,540,1,1,0,0,0,0,0.8453370928764343
video10,BirdDrone-Local,541,1,1,0,0,0,0,0.8099417686462402
video10,BirdDrone-Local,542,1,1,0,0,0,0,0.8251785039901733
video10,BirdDrone-Local,543,1,1,0,0,0,0,0.8010647892951965
video10,BirdDrone-Local,544,1,1,0,0,0,0,0.8088819980621338
video10,BirdDrone-Local,545,1,1,0,0,0,0,0.7927956581115723
video10,BirdDrone-Local,546,1,1,0,0,0,0,0.8035476803779602
video10,BirdDrone-Local,547,1,1,0,0,0,0,0.7953934073448181
video10,BirdDrone-Local,548,1,1,0,0,0,0,0.7841269969940186
video10,BirdDrone-Local,549,1,1,0,0,0,0,0.7876920700073242
video10,BirdDrone-Local,550,1,1,0,0,0,0,0.5709065794944763
video10,BirdDrone-Local,551,1,1,0,0,0,0,0.8256193399429321
video10,BirdDrone-Local,552,1,1,0,0,0,0,0.8192996978759766
video10,BirdDrone-Local,553,1,1,0,0,0,0,0.8167816996574402
video10,BirdDrone-Local,554,1,1,0,0,0,0,0.8247425556182861
video10,BirdDrone-Local,555,1,1,0,0,0,0,0.8336610198020935
video10,BirdDrone-Local,556,1,1,0,0,0,0,0.8150045275688171
video10,BirdDrone-Local,557,1,1,0,0,0,0,0.807295560836792
video10,BirdDrone-Local,558,1,1,0,0,0,0,0.7928152084350586
video10,BirdDrone-Local,559,1,1,0,0,0,0,0.7594177722930908
video10,BirdDrone-Local,560,1,1,0,0,0,0,0.7075187563896179
video10,BirdDrone-Local,561,1,1,0,0,0,0,0.5612044930458069
video10,BirdDrone-Local,562,0,0,0,0,0,0,0.0
video10,BirdDrone-Local,563,0,0,0,0,0,0,0.0
video10,BirdDrone-Local,564,0,0,0,0,0,0,0.0
video10,BirdDrone-Local,565,0,0,0,0,0,0,0.0
video10,BirdDrone-Local,566,0,0,0,0,0,0,0.0
video10,BirdDrone-Local,567,0,0,0,0,0,0,0.0
video10,BirdDrone-Local,568,0,0,0,0,0,0,0.0
video10,BirdDrone-Local,569,0,0,0,0,0,0,0.0
video10,BirdDrone-Local,570,0,0,0,0,0,0,0.0
video10,BirdDrone-Local,571,0,0,0,0,0,0,0.0
video10,BirdDrone-Local,572,0,0,0,0,0,0,0.0
video10,BirdDrone-Local,573,0,0,0,0,0,0,0.0
video10,BirdDrone-Local,574,0,0,0,0,0,0,0.0
video10,BirdDrone-Local,575,0,0,0,0,0,0,0.0
video10,BirdDrone-Local,576,0,0,0,0,0,0,0.0
video10,BirdDrone-Local,577,0,0,0,0,0,0,0.0
video10,BirdDrone-Local,578,0,0,0,0,0,0,0.0
video10,BirdDrone-Local,579,0,0,0,0,0,0,0.0
video10,BirdDrone-Local,580,0,0,0,0,0,0,0.0
video10,BirdDrone-Local,581,0,0,0,0,0,0,0.0
video10,BirdDrone-Local,582,0,0,0,0,0,0,0.0
video10,BirdDrone-Local,583,0,0,0,0,0,0,0.0
video10,BirdDrone-Local,584,0,0,0,0,0,0,0.0
video10,BirdDrone-Local,585,0,0,0,0,0,0,0.0
video10,BirdDrone-Local,586,0,0,0,0,0,0,0.0
video10,BirdDrone-Local,587,1,1,0,0,1,0,0.31109052896499634
video10,BirdDrone-Local,588,0,0,0,0,0,0,0.0
video10,BirdDrone-Local,589,0,0,0,0,0,0,0.0
video10,BirdDrone-Local,590,0,0,0,0,0,0,0.0
video10,BirdDrone-Local,591,0,0,0,0,0,0,0.0
video10,BirdDrone-Local,592,0,0,0,0,0,0,0.0
video10,BirdDrone-Local,593,0,0,0,0,0,0,0.0
video10,BirdDrone-Local,594,0,0,0,0,0,0,0.0
video10,BirdDrone-Local,595,0,0,0,0,0,0,0.0
video10,BirdDrone-Local,596,0,0,0,0,0,0,0.0
video10,BirdDrone-Local,597,0,0,0,0,0,0,0.0
video10,BirdDrone-Local,598,0,0,0,0,0,0,0.0
video10,BirdDrone-Local,599,0,0,0,0,0,0,0.0
video10,BirdDrone-Local,600,0,0,0,0,0,0,0.0
video10,BirdDrone-Local,601,0,0,0,0,0,0,0.0
video10,BirdDrone-Local,602,0,0,0,0,0,0,0.0
video10,BirdDrone-Local,603,0,0,0,0,0,0,0.0
video10,BirdDrone-Local,604,1,1,0,0,0,0,0.4018196165561676
video10,BirdDrone-Local,605,1,1,0,0,0,0,0.7600868940353394
video10,BirdDrone-Local,606,1,1,0,0,0,0,0.7063602209091187
video10,BirdDrone-Local,607,0,0,0,0,0,0,0.0
video10,BirdDrone-Local,608,1,1,0,0,0,0,0.6249831318855286
video10,BirdDrone-Local,609,1,1,0,0,0,0,0.45047178864479065
video10,BirdDrone-Local,610,1,1,0,0,0,0,0.6961917281150818
video10,BirdDrone-Local,611,1,1,0,0,0,0,0.4365474283695221
video10,BirdDrone-Local,612,1,1,0,0,0,0,0.5904173851013184
video10,BirdDrone-Local,613,2,2,0,0,1,0,0.7044461369514465
video10,BirdDrone-Local,614,2,2,0,0,0,0,0.712925374507904
video10,BirdDrone-Local,615,1,1,0,0,0,0,0.60825115442276
video10,BirdDrone-Local,616,1,1,0,0,0,0,0.717641294002533
video10,BirdDrone-Local,617,1,1,0,0,0,0,0.6614450812339783
video10,BirdDrone-Local,618,1,1,0,0,0,0,0.5910427570343018
video10,BirdDrone-Local,619,1,1,0,0,0,0,0.6112602949142456
video10,BirdDrone-Local,620,1,1,0,0,1,0,0.2844587564468384
video10,BirdDrone-Local,621,1,1,0,0,0,0,0.5833860039710999
video10,BirdDrone-Local,622,1,1,0,0,0,0,0.691413938999176
video10,BirdDrone-Local,623,1,1,0,0,0,0,0.7030929923057556
video10,BirdDrone-Local,624,1,1,0,0,0,0,0.6924324035644531
video10,BirdDrone-Local,625,2,2,0,0,1,0,0.5150363445281982
video10,BirdDrone-Local,626,1,1,0,0,0,0,0.6679649949073792
video10,BirdDrone-Local,627,1,1,0,0,0,0,0.6999408602714539
video10,BirdDrone-Local,628,1,1,0,0,0,0,0.6933963298797607
video10,BirdDrone-Local,629,1,1,0,0,0,0,0.7503027319908142
video10,BirdDrone-Local,630,1,1,0,0,0,0,0.7230154275894165
video10,BirdDrone-Local,631,1,1,0,0,0,0,0.7330660820007324
video10,BirdDrone-Local,632,1,1,0,0,0,0,0.6933517456054688
video10,BirdDrone-Local,633,1,1,0,0,0,0,0.696614146232605
video10,BirdDrone-Local,634,1,1,0,0,0,0,0.6532107591629028
video10,BirdDrone-Local,635,1,1,0,0,0,0,0.7022426128387451
video10,BirdDrone-Local,636,1,1,0,0,0,0,0.6967074871063232
video10,BirdDrone-Local,637,1,1,0,0,0,0,0.6077440977096558
video10,BirdDrone-Local,638,1,1,0,0,0,0,0.7155886292457581
video10,BirdDrone-Local,639,1,1,0,0,0,0,0.7134935855865479
video10,BirdDrone-Local,640,1,1,0,0,0,0,0.7871035933494568
video10,BirdDrone-Local,641,1,1,0,0,0,0,0.7568026781082153
video10,BirdDrone-Local,642,1,1,0,0,0,0,0.7643935680389404
video10,BirdDrone-Local,643,1,1,0,0,0,0,0.7546216249465942
video10,BirdDrone-Local,644,1,1,0,0,0,0,0.6911414265632629
video10,BirdDrone-Local,645,1,1,0,0,0,0,0.67613685131073
video10,BirdDrone-Local,646,1,1,0,0,0,0,0.7588496804237366
video10,BirdDrone-Local,647,1,1,0,0,0,0,0.7702312469482422
video10,BirdDrone-Local,648,1,1,0,0,0,0,0.7833129167556763
video10,BirdDrone-Local,649,1,1,0,0,0,0,0.6749148368835449
video10,BirdDrone-Local,650,1,1,0,0,0,0,0.5964406728744507
video10,BirdDrone-Local,651,0,0,0,0,0,0,0.0
video10,BirdDrone-Local,652,0,0,0,0,0,0,0.0
video10,BirdDrone-Local,653,0,0,0,0,0,0,0.0
video10,BirdDrone-Local,654,0,0,0,0,0,0,0.0
video10,BirdDrone-Local,655,1,1,0,0,0,0,0.43939468264579773
video10,BirdDrone-Local,656,1,1,0,0,1,0,0.31413087248802185
video10,BirdDrone-Local,657,1,1,0,0,1,0,0.31146252155303955
video10,BirdDrone-Local,658,1,1,0,0,1,0,0.3083096146583557
video10,BirdDrone-Local,659,1,1,0,0,0,0,0.4643312692642212
video10,BirdDrone-Local,660,1,1,0,0,0,0,0.5153583884239197
video10,BirdDrone-Local,661,1,1,0,0,0,0,0.5420215725898743
video10,BirdDrone-Local,662,1,1,0,0,0,0,0.5490059852600098
video10,BirdDrone-Local,663,1,1,0,0,0,0,0.6338039040565491
video10,BirdDrone-Local,664,1,1,0,0,0,0,0.6859992146492004
video10,BirdDrone-Local,665,1,1,0,0,0,0,0.7050549387931824
video10,BirdDrone-Local,666,1,1,0,0,0,0,0.6825121641159058
video10,BirdDrone-Local,667,1,1,0,0,0,0,0.7118191719055176
video10,BirdDrone-Local,668,1,1,0,0,0,0,0.688178300857544
video10,BirdDrone-Local,669,1,1,0,0,0,0,0.6402686834335327
video10,BirdDrone-Local,670,1,1,0,0,0,0,0.4781028926372528
video10,BirdDrone-Local,671,1,1,0,0,0,0,0.5989116430282593
video10,BirdDrone-Local,672,1,1,0,0,0,0,0.5658486485481262
video10,BirdDrone-Local,673,1,1,0,0,0,0,0.45866405963897705
video10,BirdDrone-Local,674,1,1,0,0,0,0,0.4719366431236267
video10,BirdDrone-Local,675,1,1,0,0,0,0,0.37836331129074097
video10,BirdDrone-Local,676,1,1,0,0,0,0,0.42148205637931824
video10,BirdDrone-Local,677,1,1,0,0,1,0,0.34607818722724915
video10,BirdDrone-Local,678,1,1,0,0,1,0,0.32209187746047974
video10,BirdDrone-Local,679,0,0,0,0,0,0,0.0
video10,BirdDrone-Local,680,1,1,0,0,1,0,0.34854117035865784
video10,BirdDrone-Local,681,1,1,0,0,0,0,0.43412643671035767
video10,BirdDrone-Local,682,1,1,0,0,0,0,0.42695802450180054
video10,BirdDrone-Local,683,1,1,0,0,0,0,0.41455626487731934
video10,BirdDrone-Local,684,1,1,0,0,0,0,0.5147795677185059
video10,BirdDrone-Local,685,1,1,0,0,0,0,0.4276651442050934
video10,BirdDrone-Local,686,1,1,0,0,0,0,0.6646040678024292
video10,BirdDrone-Local,687,1,1,0,0,0,0,0.7244110703468323
video10,BirdDrone-Local,688,1,1,0,0,0,0,0.6915022134780884
video10,BirdDrone-Local,689,1,1,0,0,0,0,0.7314618825912476
video10,BirdDrone-Local,690,1,1,0,0,0,0,0.7620500326156616
video10,BirdDrone-Local,691,1,1,0,0,0,0,0.7545421719551086
video10,BirdDrone-Local,692,1,1,0,0,0,0,0.7680612802505493
video10,BirdDrone-Local,693,1,1,0,0,0,0,0.7899225950241089
video10,BirdDrone-Local,694,1,1,0,0,0,0,0.7763170599937439
video10,BirdDrone-Local,695,1,1,0,0,0,0,0.771643877029419
video10,BirdDrone-Local,696,1,1,0,0,0,0,0.7626299262046814
video10,BirdDrone-Local,697,1,1,0,0,0,0,0.779848575592041
video10,BirdDrone-Local,698,1,1,0,0,0,0,0.775558590888977
video10,BirdDrone-Local,699,1,1,0,0,0,0,0.7703330516815186
video10,BirdDrone-Local,700,1,1,0,0,0,0,0.698982834815979
video10,BirdDrone-Local,701,1,1,0,0,0,0,0.7559430599212646
video10,BirdDrone-Local,702,1,1,0,0,0,0,0.7715075612068176
video10,BirdDrone-Local,703,1,1,0,0,0,0,0.7503300309181213
video10,BirdDrone-Local,704,1,1,0,0,0,0,0.7372915148735046
video10,BirdDrone-Local,705,1,1,0,0,0,0,0.4450061619281769
video10,BirdDrone-Local,706,1,1,0,0,1,0,0.2825718820095062
video10,BirdDrone-Local,707,0,0,0,0,0,0,0.0
video10,BirdDrone-Local,708,0,0,0,0,0,0,0.0
video10,BirdDrone-Local,709,0,0,0,0,0,0,0.0
video10,BirdDrone-Local,710,1,1,0,0,1,0,0.2577490210533142
video10,BirdDrone-Local,711,0,0,0,0,0,0,0.0
video10,BirdDrone-Local,712,0,0,0,0,0,0,0.0
video10,BirdDrone-Local,713,0,0,0,0,0,0,0.0
video10,BirdDrone-Local,714,0,0,0,0,0,0,0.0
video10,BirdDrone-Local,715,0,0,0,0,0,0,0.0
video10,BirdDrone-Local,716,0,0,0,0,0,0,0.0
video10,BirdDrone-Local,717,0,0,0,0,0,0,0.0
video10,BirdDrone-Local,718,0,0,0,0,0,0,0.0
video10,BirdDrone-Local,719,0,0,0,0,0,0,0.0
video10,BirdDrone-Local,720,0,0,0,0,0,0,0.0
video10,BirdDrone-Local,721,0,0,0,0,0,0,0.0
video10,BirdDrone-Local,722,1,1,0,0,0,0,0.6797756552696228
video10,BirdDrone-Local,723,1,1,0,0,0,0,0.4182888865470886
video10,BirdDrone-Local,724,0,0,0,0,0,0,0.0
video10,BirdDrone-Local,725,1,1,0,0,0,0,0.7158806920051575
video10,BirdDrone-Local,726,1,1,0,0,0,0,0.7582986354827881
video10,BirdDrone-Local,727,1,1,0,0,1,0,0.2805602550506592
video10,BirdDrone-Local,728,1,1,0,0,1,0,0.2836415469646454
video10,BirdDrone-Local,729,1,1,0,0,0,0,0.6833691596984863
video10,BirdDrone-Local,730,1,1,0,0,0,0,0.7505748867988586
video10,BirdDrone-Local,731,1,1,0,0,0,0,0.6027666926383972
video10,BirdDrone-Local,732,1,1,0,0,1,0,0.2666732668876648
video10,BirdDrone-Local,733,1,1,0,0,0,0,0.585265040397644
video10,BirdDrone-Local,734,1,1,0,0,0,0,0.7502925395965576
video10,BirdDrone-Local,735,0,0,0,0,0,0,0.0
video10,BirdDrone-Local,736,0,0,0,0,0,0,0.0
video10,BirdDrone-Local,737,0,0,0,0,0,0,0.0
video10,BirdDrone-Local,738,1,1,0,0,0,0,0.39282098412513733
video10,BirdDrone-Local,739,1,1,0,0,0,0,0.7421024441719055
video10,BirdDrone-Local,740,1,1,0,0,0,0,0.666053831577301
video10,BirdDrone-Local,741,0,0,0,0,0,0,0.0
video10,BirdDrone-Local,742,0,0,0,0,0,0,0.0
video10,BirdDrone-Local,743,0,0,0,0,0,0,0.0
video10,BirdDrone-Local,744,0,0,0,0,0,0,0.0
video10,BirdDrone-Local,745,0,0,0,0,0,0,0.0
video10,BirdDrone-Local,746,1,1,0,0,0,0,0.4815835654735565
video10,BirdDrone-Local,747,1,1,0,0,0,0,0.3703339099884033
video10,BirdDrone-Local,748,1,1,0,0,1,0,0.3323433995246887
video10,BirdDrone-Local,749,0,0,0,0,0,0,0.0
video10,BirdDrone-Local,750,0,0,0,0,0,0,0.0
video10,BirdDrone-Local,751,0,0,0,0,0,0,0.0
video10,BirdDrone-Local,752,1,1,0,0,1,0,0.29570260643959045
video10,BirdDrone-Local,753,0,0,0,0,0,0,0.0
video10,BirdDrone-Local,754,1,1,0,0,0,0,0.3908458948135376
video10,BirdDrone-Local,755,1,1,0,0,0,0,0.6086236238479614
video10,BirdDrone-Local,756,1,1,0,0,0,0,0.4284232556819916
video10,BirdDrone-Local,757,1,1,0,0,0,0,0.551737904548645
video10,BirdDrone-Local,758,1,1,0,0,0,0,0.623540997505188
video10,BirdDrone-Local,759,1,1,0,0,0,0,0.66733318567276
video10,BirdDrone-Local,760,1,1,0,0,0,0,0.4128296971321106
video10,BirdDrone-Local,761,1,1,0,0,0,0,0.3653942942619324
video10,BirdDrone-Local,762,0,0,0,0,0,0,0.0
video10,BirdDrone-Local,763,1,1,0,0,0,0,0.45673656463623047
video10,BirdDrone-Local,764,1,1,0,0,1,0,0.29284724593162537
video10,BirdDrone-Local,765,1,1,0,0,0,0,0.5700973868370056
video10,BirdDrone-Local,766,1,1,0,0,0,0,0.604843020439148
video10,BirdDrone-Local,767,1,1,0,0,0,0,0.6364976763725281
video10,BirdDrone-Local,768,1,1,0,0,0,0,0.7159746885299683
video10,BirdDrone-Local,769,1,1,0,0,0,0,0.666098952293396
video10,BirdDrone-Local,770,1,1,0,0,0,0,0.6876734495162964
video10,BirdDrone-Local,771,1,1,0,0,0,0,0.6759012937545776
video10,BirdDrone-Local,772,1,1,0,0,0,0,0.7025802731513977
video10,BirdDrone-Local,773,1,1,0,0,0,0,0.6886659860610962
video10,BirdDrone-Local,774,1,1,0,0,0,0,0.7165836691856384
video10,BirdDrone-Local,775,1,1,0,0,0,0,0.7508024573326111
video10,BirdDrone-Local,776,1,1,0,0,0,0,0.754160463809967
video10,BirdDrone-Local,777,1,1,0,0,0,0,0.7827315926551819
video10,BirdDrone-Local,778,2,2,0,0,2,0,0.3467237949371338
video10,BirdDrone-Local,779,1,1,0,0,0,0,0.4992861747741699
video10,BirdDrone-Local,780,1,1,0,0,0,0,0.7094475030899048
video10,BirdDrone-Local,781,1,1,0,0,0,0,0.7822004556655884
video10,BirdDrone-Local,782,1,1,0,0,0,0,0.7821422815322876
video10,BirdDrone-Local,783,1,1,0,0,0,0,0.7655888795852661
video10,BirdDrone-Local,784,1,1,0,0,0,0,0.7643231153488159
video10,BirdDrone-Local,785,1,1,0,0,0,0,0.7654725313186646
video10,BirdDrone-Local,786,1,1,0,0,0,0,0.7066923379898071
video10,BirdDrone-Local,787,1,1,0,0,0,0,0.6826832294464111
video10,BirdDrone-Local,788,1,1,0,0,0,0,0.6574415564537048
video10,BirdDrone-Local,789,1,1,0,0,0,0,0.6882129311561584
video10,BirdDrone-Local,790,1,1,0,0,0,0,0.5398134589195251
video10,BirdDrone-Local,791,1,1,0,0,0,0,0.7295003533363342
video10,BirdDrone-Local,792,1,1,0,0,0,0,0.5771443843841553
video10,BirdDrone-Local,793,1,1,0,0,0,0,0.6151045560836792
video10,BirdDrone-Local,794,1,1,0,0,1,0,0.3320334851741791
video10,BirdDrone-Local,795,0,0,0,0,0,0,0.0
video10,BirdDrone-Local,796,1,1,0,0,1,0,0.3438286781311035
video10,BirdDrone-Local,797,0,0,0,0,0,0,0.0
video10,BirdDrone-Local,798,1,1,0,0,0,0,0.4957186281681061
video10,BirdDrone-Local,799,1,1,0,0,0,0,0.48877665400505066
video10,BirdDrone-Local,800,1,1,0,0,0,0,0.5342351794242859
video10,BirdDrone-Local,801,1,1,0,0,0,0,0.4016020894050598
video10,BirdDrone-Local,802,1,1,0,0,0,0,0.5225341320037842
video10,BirdDrone-Local,803,1,1,0,0,1,0,0.33025792241096497
video10,BirdDrone-Local,804,1,1,0,0,0,0,0.6270555257797241
video10,BirdDrone-Local,805,1,1,0,0,0,0,0.5824217200279236
video10,BirdDrone-Local,806,0,0,0,0,0,0,0.0
video10,BirdDrone-Local,807,1,1,0,0,1,0,0.29487523436546326
video10,BirdDrone-Local,808,0,0,0,0,0,0,0.0
video10,BirdDrone-Local,809,0,0,0,0,0,0,0.0
video10,BirdDrone-Local,810,0,0,0,0,0,0,0.0
video10,BirdDrone-Local,811,0,0,0,0,0,0,0.0
video10,BirdDrone-Local,812,0,0,0,0,0,0,0.0
video10,BirdDrone-Local,813,1,1,0,0,0,0,0.4835400879383087
video10,BirdDrone-Local,814,0,0,0,0,0,0,0.0
video10,BirdDrone-Local,815,1,1,0,0,0,0,0.3629758358001709
video10,BirdDrone-Local,816,0,0,0,0,0,0,0.0
video10,BirdDrone-Local,817,0,0,0,0,0,0,0.0
video10,BirdDrone-Local,818,1,1,0,0,0,0,0.40103477239608765
video10,BirdDrone-Local,819,1,1,0,0,0,0,0.44216081500053406
video10,BirdDrone-Local,820,1,1,0,0,0,0,0.4359472095966339
video10,BirdDrone-Local,821,1,1,0,0,1,0,0.3375363349914551
video10,BirdDrone-Local,822,1,1,0,0,0,0,0.39032015204429626
video10,BirdDrone-Local,823,1,1,0,0,0,0,0.6999156475067139
video10,BirdDrone-Local,824,1,1,0,0,0,0,0.7880666255950928
video10,BirdDrone-Local,825,1,1,0,0,0,0,0.7945640087127686
video10,BirdDrone-Local,826,1,1,0,0,0,0,0.7900384664535522
video10,BirdDrone-Local,827,1,1,0,0,0,0,0.7654231786727905
video10,BirdDrone-Local,828,1,1,0,0,0,0,0.7514775395393372
video10,BirdDrone-Local,829,1,1,0,0,0,0,0.8242889642715454
video10,BirdDrone-Local,830,1,1,0,0,0,0,0.8369276523590088
video10,BirdDrone-Local,831,1,1,0,0,0,0,0.8366775512695312
video10,BirdDrone-Local,832,1,1,0,0,0,0,0.8308644890785217
video10,BirdDrone-Local,833,1,1,0,0,0,0,0.827924907207489
video10,BirdDrone-Local,834,1,1,0,0,0,0,0.8442688584327698
video10,BirdDrone-Local,835,1,1,0,0,0,0,0.8492196798324585
video10,BirdDrone-Local,836,1,1,0,0,0,0,0.8480975031852722
video10,BirdDrone-Local,837,1,1,0,0,0,0,0.8468393683433533
video10,BirdDrone-Local,838,1,1,0,0,0,0,0.8456183671951294
video10,BirdDrone-Local,839,1,1,0,0,0,0,0.84441739320755
video10,BirdDrone-Local,840,1,1,0,0,0,0,0.8413132429122925
video10,BirdDrone-Local,841,1,1,0,0,0,0,0.8343343734741211
video10,BirdDrone-Local,842,1,1,0,0,0,0,0.8246735334396362
video10,BirdDrone-Local,843,1,1,0,0,0,0,0.8265067338943481
video10,BirdDrone-Local,844,1,1,0,0,0,0,0.8447185158729553
video10,BirdDrone-Local,845,1,1,0,0,0,0,0.8367576003074646
video10,BirdDrone-Local,846,1,1,0,0,0,0,0.7948329448699951
video10,BirdDrone-Local,847,1,1,0,0,0,0,0.8008855581283569
video10,BirdDrone-Local,848,1,1,0,0,0,0,0.8240032196044922
video10,BirdDrone-Local,849,1,1,0,0,0,0,0.8326317071914673
video10,BirdDrone-Local,850,1,1,0,0,0,0,0.8043555021286011
video10,BirdDrone-Local,851,1,1,0,0,0,0,0.8032476902008057
video10,BirdDrone-Local,852,1,1,0,0,0,0,0.7802224159240723
video10,BirdDrone-Local,853,1,1,0,0,0,0,0.7256129384040833
video10,BirdDrone-Local,854,1,1,0,0,0,0,0.7705285549163818
video10,BirdDrone-Local,855,1,1,0,0,0,0,0.7751933932304382
video10,BirdDrone-Local,856,1,1,0,0,0,0,0.768212080001831
video10,BirdDrone-Local,857,1,1,0,0,1,0,0.28842952847480774
video10,BirdDrone-Local,858,1,1,0,0,0,0,0.7730161547660828
video10,BirdDrone-Local,859,1,1,0,0,0,0,0.7472389936447144
video10,BirdDrone-Local,860,1,1,0,0,0,0,0.7632272839546204
video10,BirdDrone-Local,861,1,1,0,0,0,0,0.7788415551185608
video10,BirdDrone-Local,862,1,1,0,0,0,0,0.7850204706192017
video10,BirdDrone-Local,863,1,1,0,0,0,0,0.7698333859443665
video10,BirdDrone-Local,864,1,1,0,0,0,0,0.7357513904571533
video10,BirdDrone-Local,865,1,1,0,0,0,0,0.7139464616775513
video10,BirdDrone-Local,866,1,1,0,0,0,0,0.6836389899253845
video10,BirdDrone-Local,867,1,1,0,0,0,0,0.651358962059021
video10,BirdDrone-Local,868,1,1,0,0,0,0,0.6785323023796082
video10,BirdDrone-Local,869,1,1,0,0,0,0,0.5584624409675598
video10,BirdDrone-Local,870,0,0,0,0,0,0,0.0
video10,BirdDrone-Local,871,2,2,0,0,1,0,0.4956313371658325
video10,BirdDrone-Local,872,1,1,0,0,0,0,0.6946839094161987
video10,BirdDrone-Local,873,1,1,0,0,0,0,0.7081676125526428
video10,BirdDrone-Local,874,1,1,0,0,0,0,0.7526472806930542
video10,BirdDrone-Local,875,1,1,0,0,0,0,0.7881914377212524
video10,BirdDrone-Local,876,1,1,0,0,0,0,0.8075700402259827
video10,BirdDrone-Local,877,1,1,0,0,0,0,0.8181886672973633
video10,BirdDrone-Local,878,1,1,0,0,0,0,0.8431201577186584
video10,BirdDrone-Local,879,1,1,0,0,0,0,0.8091833591461182
video10,BirdDrone-Local,880,1,1,0,0,1,0,0.3113032281398773
video10,BirdDrone-Local,881,1,1,0,0,0,0,0.43874621391296387
video10,BirdDrone-Local,882,1,1,0,0,0,0,0.5728394389152527
video10,BirdDrone-Local,883,1,1,0,0,0,0,0.7821970582008362
video10,BirdDrone-Local,884,1,1,0,0,0,0,0.7436332106590271
video10,BirdDrone-Local,885,0,0,0,0,0,0,0.0
video10,BirdDrone-Local,886,1,1,0,0,0,0,0.351570188999176
video10,BirdDrone-Local,887,1,1,0,0,0,0,0.6771219372749329
video10,BirdDrone-Local,888,0,0,0,0,0,0,0.0
video10,BirdDrone-Local,889,1,1,0,0,0,0,0.35371699929237366
video10,BirdDrone-Local,890,1,1,0,0,0,0,0.5814270377159119
video10,BirdDrone-Local,891,0,0,0,0,0,0,0.0
video10,BirdDrone-Local,892,1,1,0,0,0,0,0.7418366074562073
video10,BirdDrone-Local,893,1,1,0,0,0,0,0.485239714384079
video10,BirdDrone-Local,894,0,0,0,0,0,0,0.0
video10,BirdDrone-Local,895,1,1,0,0,0,0,0.6024110913276672
video10,BirdDrone-Local,896,1,1,0,0,0,0,0.8091679215431213
video10,BirdDrone-Local,897,1,1,0,0,0,0,0.7284325957298279
video10,BirdDrone-Local,898,1,1,0,0,0,0,0.7624019384384155
video10,BirdDrone-Local,899,1,1,0,0,0,0,0.8405667543411255
video10,BirdDrone-Local,900,1,1,0,0,0,0,0.6170710325241089
video10,BirdDrone-Local,901,1,1,0,0,0,0,0.8757736682891846
video10,BirdDrone-Local,902,1,1,0,0,0,0,0.8063818216323853
video10,BirdDrone-Local,903,1,1,0,0,0,0,0.853343665599823
video10,BirdDrone-Local,904,1,1,0,0,0,0,0.8028762936592102
video10,BirdDrone-Local,905,1,1,0,0,0,0,0.6250939965248108
video10,BirdDrone-Local,906,1,1,0,0,0,0,0.7151839733123779
video10,BirdDrone-Local,907,1,1,0,0,0,0,0.5553287863731384
video10,BirdDrone-Local,908,0,0,0,0,0,0,0.0
video10,BirdDrone-Local,909,0,0,0,0,0,0,0.0
video10,BirdDrone-Local,910,0,0,0,0,0,0,0.0
video10,BirdDrone-Local,911,0,0,0,0,0,0,0.0
video10,BirdDrone-Local,912,0,0,0,0,0,0,0.0
video10,BirdDrone-Local,913,0,0,0,0,0,0,0.0
video10,BirdDrone-Local,914,0,0,0,0,0,0,0.0
video10,BirdDrone-Local,915,0,0,0,0,0,0,0.0
video10,BirdDrone-Local,916,0,0,0,0,0,0,0.0
video10,BirdDrone-Local,917,0,0,0,0,0,0,0.0
video10,BirdDrone-Local,918,0,0,0,0,0,0,0.0
video10,BirdDrone-Local,919,1,1,0,0,1,0,0.27739670872688293
video10,BirdDrone-Local,920,0,0,0,0,0,0,0.0
video10,BirdDrone-Local,921,1,1,0,0,1,0,0.3105732798576355
video10,BirdDrone-Local,922,1,1,0,0,0,0,0.37646591663360596
video10,BirdDrone-Local,923,1,1,0,0,0,0,0.5344582796096802
video10,BirdDrone-Local,924,1,1,0,0,0,0,0.6877647638320923
video10,BirdDrone-Local,925,1,1,0,0,0,0,0.7750120759010315
video10,BirdDrone-Local,926,1,1,0,0,0,0,0.6393851637840271
video10,BirdDrone-Local,927,1,1,0,0,0,0,0.6354862451553345
video10,BirdDrone-Local,928,1,1,0,0,1,0,0.2645864486694336
video10,BirdDrone-Local,929,1,1,0,0,0,0,0.5902702808380127
video10,BirdDrone-Local,930,1,1,0,0,0,0,0.6734249591827393
video10,BirdDrone-Local,931,1,1,0,0,0,0,0.7645732164382935
video10,BirdDrone-Local,932,1,1,0,0,0,0,0.7773292660713196
video10,BirdDrone-Local,933,1,1,0,0,0,0,0.774121105670929
video10,BirdDrone-Local,934,1,1,0,0,0,0,0.6090120077133179
video10,BirdDrone-Local,935,1,1,0,0,0,0,0.6064979434013367
video10,BirdDrone-Local,936,1,1,0,0,1,0,0.3459510803222656
video10,BirdDrone-Local,937,1,1,0,0,0,0,0.385766863822937
video10,BirdDrone-Local,938,0,0,0,0,0,0,0.0
video10,BirdDrone-Local,939,0,0,0,0,0,0,0.0
video10,BirdDrone-Local,940,0,0,0,0,0,0,0.0
video10,BirdDrone-Local,941,1,1,0,0,0,0,0.4793294072151184
video10,BirdDrone-Local,942,1,1,0,0,0,0,0.42518725991249084
video10,BirdDrone-Local,943,0,0,0,0,0,0,0.0
video10,BirdDrone-Local,944,0,0,0,0,0,0,0.0
video10,BirdDrone-Local,945,1,1,0,0,1,0,0.2665252983570099
video10,BirdDrone-Local,946,1,1,0,0,0,0,0.49405887722969055
video10,BirdDrone-Local,947,1,1,0,0,0,0,0.47350314259529114
video10,BirdDrone-Local,948,1,1,0,0,0,0,0.35155409574508667
video10,BirdDrone-Local,949,1,1,0,0,0,0,0.7233606576919556
video10,BirdDrone-Local,950,0,0,0,0,0,0,0.0
video10,BirdDrone-Local,951,1,1,0,0,1,0,0.2772212624549866
video10,BirdDrone-Local,952,1,1,0,0,0,0,0.5553770661354065
video10,BirdDrone-Local,953,1,1,0,0,0,0,0.5744024515151978
video10,BirdDrone-Local,954,1,1,0,0,0,0,0.7032216191291809
video10,BirdDrone-Local,955,1,1,0,0,1,0,0.32810965180397034
video10,BirdDrone-Local,956,1,1,0,0,1,0,0.3324824571609497
video10,BirdDrone-Local,957,0,0,0,0,0,0,0.0
video10,BirdDrone-Local,958,1,1,0,0,1,0,0.33289384841918945
video10,BirdDrone-Local,959,1,1,0,0,0,0,0.41069185733795166
video10,BirdDrone-Local,960,1,1,0,0,0,0,0.36026501655578613
video10,BirdDrone-Local,961,1,1,0,0,1,0,0.3212902843952179
video10,BirdDrone-Local,962,1,1,0,0,1,0,0.3228517770767212
video10,BirdDrone-Local,963,1,1,0,0,0,0,0.49869152903556824
video10,BirdDrone-Local,964,1,1,0,0,0,0,0.5883704423904419
video10,BirdDrone-Local,965,0,0,0,0,0,0,0.0
video10,BirdDrone-Local,966,0,0,0,0,0,0,0.0
video10,BirdDrone-Local,967,0,0,0,0,0,0,0.0
video10,BirdDrone-Local,968,0,0,0,0,0,0,0.0
video10,BirdDrone-Local,969,0,0,0,0,0,0,0.0
video10,BirdDrone-Local,970,0,0,0,0,0,0,0.0
video10,BirdDrone-Local,971,0,0,0,0,0,0,0.0
video10,BirdDrone-Local,972,0,0,0,0,0,0,0.0
video10,BirdDrone-Local,973,0,0,0,0,0,0,0.0
video10,BirdDrone-Local,974,0,0,0,0,0,0,0.0
video10,BirdDrone-Local,975,0,0,0,0,0,0,0.0
video10,BirdDrone-Local,976,0,0,0,0,0,0,0.0
video10,BirdDrone-Local,977,0,0,0,0,0,0,0.0
video10,BirdDrone-Local,978,0,0,0,0,0,0,0.0
video10,BirdDrone-Local,979,0,0,0,0,0,0,0.0
video10,BirdDrone-Local,980,0,0,0,0,0,0,0.0
video10,BirdDrone-Local,981,0,0,0,0,0,0,0.0
video10,BirdDrone-Local,982,0,0,0,0,0,0,0.0
video10,BirdDrone-Local,983,0,0,0,0,0,0,0.0
video10,BirdDrone-Local,984,0,0,0,0,0,0,0.0
video10,BirdDrone-Local,985,0,0,0,0,0,0,0.0
video10,BirdDrone-Local,986,0,0,0,0,0,0,0.0
video10,BirdDrone-Local,987,0,0,0,0,0,0,0.0
video10,BirdDrone-Local,988,0,0,0,0,0,0,0.0
video10,BirdDrone-Local,989,0,0,0,0,0,0,0.0
video10,BirdDrone-Local,990,0,0,0,0,0,0,0.0
video10,BirdDrone-Local,991,0,0,0,0,0,0,0.0
video10,BirdDrone-Local,992,0,0,0,0,0,0,0.0
video10,BirdDrone-Local,993,0,0,0,0,0,0,0.0
video10,BirdDrone-Local,994,0,0,0,0,0,0,0.0
video10,BirdDrone-Local,995,0,0,0,0,0,0,0.0
video10,BirdDrone-Local,996,0,0,0,0,0,0,0.0
video10,BirdDrone-Local,997,0,0,0,0,0,0,0.0
video10,BirdDrone-Local,998,0,0,0,0,0,0,0.0
video10,BirdDrone-Local,999,0,0,0,0,0,0,0.0
video10,BirdDrone-Local,1000,0,0,0,0,0,0,0.0
video10,BirdDrone-Local,1001,0,0,0,0,0,0,0.0
video10,BirdDrone-Local,1002,0,0,0,0,0,0,0.0
video10,BirdDrone-Local,1003,0,0,0,0,0,0,0.0
video10,BirdDrone-Local,1004,0,0,0,0,0,0,0.0
video10,BirdDrone-Local,1005,0,0,0,0,0,0,0.0
video10,BirdDrone-Local,1006,0,0,0,0,0,0,0.0
video10,BirdDrone-Local,1007,0,0,0,0,0,0,0.0
video10,BirdDrone-Local,1008,0,0,0,0,0,0,0.0
video10,BirdDrone-Local,1009,0,0,0,0,0,0,0.0
video10,BirdDrone-Local,1010,0,0,0,0,0,0,0.0
video10,BirdDrone-Local,1011,0,0,0,0,0,0,0.0
video10,BirdDrone-Local,1012,0,0,0,0,0,0,0.0
video10,BirdDrone-Local,1013,0,0,0,0,0,0,0.0
video10,BirdDrone-Local,1014,0,0,0,0,0,0,0.0
video10,BirdDrone-Local,1015,0,0,0,0,0,0,0.0
video10,BirdDrone-Local,1016,0,0,0,0,0,0,0.0
video10,BirdDrone-Local,1017,0,0,0,0,0,0,0.0
video10,BirdDrone-Local,1018,1,1,0,0,1,0,0.3422348201274872
video10,BirdDrone-Local,1019,0,0,0,0,0,0,0.0
video10,BirdDrone-Local,1020,0,0,0,0,0,0,0.0
video10,BirdDrone-Local,1021,1,1,0,0,1,0,0.31980153918266296
video10,BirdDrone-Local,1022,1,1,0,0,0,0,0.44055649638175964
video10,BirdDrone-Local,1023,0,0,0,0,0,0,0.0
video10,BirdDrone-Local,1024,1,1,0,0,0,0,0.6177617311477661
video10,BirdDrone-Local,1025,1,1,0,0,0,0,0.5374449491500854
video10,BirdDrone-Local,1026,1,1,0,0,0,0,0.506452202796936
video10,BirdDrone-Local,1027,1,1,0,0,0,0,0.6471721529960632
video10,BirdDrone-Local,1028,1,1,0,0,0,0,0.7777798771858215
video10,BirdDrone-Local,1029,1,1,0,0,0,0,0.781443178653717
video10,BirdDrone-Local,1030,1,1,0,0,0,0,0.482345312833786
video10,BirdDrone-Local,1031,1,1,0,0,0,0,0.5873203277587891
video10,BirdDrone-Local,1032,1,1,0,0,0,0,0.7317970395088196
video10,BirdDrone-Local,1033,1,1,0,0,0,0,0.6701396107673645
video10,BirdDrone-Local,1034,1,1,0,0,0,0,0.5895903706550598
video10,BirdDrone-Local,1035,1,1,0,0,0,0,0.8052611351013184
video10,BirdDrone-Local,1036,1,1,0,0,0,0,0.8122952580451965
video10,BirdDrone-Local,1037,1,1,0,0,0,0,0.8151167035102844
video10,BirdDrone-Local,1038,1,1,0,0,0,0,0.800948441028595
video10,BirdDrone-Local,1039,1,1,0,0,0,0,0.7729257345199585
video10,BirdDrone-Local,1040,1,1,0,0,0,0,0.6573567390441895
video10,BirdDrone-Local,1041,1,1,0,0,0,0,0.7111477255821228
video10,BirdDrone-Local,1042,1,1,0,0,0,0,0.7551923990249634
video10,BirdDrone-Local,1043,1,1,0,0,0,0,0.8070719838142395
video10,BirdDrone-Local,1044,1,1,0,0,0,0,0.7715502977371216
video10,BirdDrone-Local,1045,1,1,0,0,0,0,0.832198441028595
video10,BirdDrone-Local,1046,1,1,0,0,0,0,0.6465768218040466
video10,BirdDrone-Local,1047,1,1,0,0,0,0,0.5543941259384155
video10,BirdDrone-Local,1048,1,1,0,0,0,0,0.8425245881080627
video10,BirdDrone-Local,1049,1,1,0,0,0,0,0.8442924618721008
video10,BirdDrone-Local,1050,1,1,0,0,0,0,0.8405654430389404
video10,BirdDrone-Local,1051,1,1,0,0,0,0,0.8475465178489685
video10,BirdDrone-Local,1052,1,1,0,0,0,0,0.8502082824707031
video10,BirdDrone-Local,1053,1,1,0,0,0,0,0.8526871800422668
video10,BirdDrone-Local,1054,1,1,0,0,0,0,0.8449940085411072
video10,BirdDrone-Local,1055,1,1,0,0,0,0,0.8337205648422241
video10,BirdDrone-Local,1056,1,1,0,0,0,0,0.8402966260910034
video10,BirdDrone-Local,1057,1,1,0,0,0,0,0.826574981212616
video10,BirdDrone-Local,1058,1,1,0,0,0,0,0.8352924585342407
video10,BirdDrone-Local,1059,1,1,0,0,0,0,0.827691376209259
video10,BirdDrone-Local,1060,1,1,0,0,0,0,0.8417148590087891
video10,BirdDrone-Local,1061,1,1,0,0,0,0,0.8467936515808105
video10,BirdDrone-Local,1062,1,1,0,0,0,0,0.849929928779602
video10,BirdDrone-Local,1063,1,1,0,0,0,0,0.8447802662849426
video10,BirdDrone-Local,1064,1,1,0,0,0,0,0.8427426218986511
video10,BirdDrone-Local,1065,1,1,0,0,0,0,0.8390418887138367
video10,BirdDrone-Local,1066,1,1,0,0,0,0,0.8279746174812317
video10,BirdDrone-Local,1067,1,1,0,0,0,0,0.8186323046684265
video10,BirdDrone-Local,1068,1,1,0,0,0,0,0.8265327215194702
video10,BirdDrone-Local,1069,1,1,0,0,0,0,0.8206873536109924
video10,BirdDrone-Local,1070,1,1,0,0,0,0,0.8056310415267944
video10,BirdDrone-Local,1071,1,1,0,0,0,0,0.7890305519104004
video10,BirdDrone-Local,1072,1,1,0,0,0,0,0.7953395843505859
video10,BirdDrone-Local,1073,1,1,0,0,0,0,0.8024473190307617
video10,BirdDrone-Local,1074,1,1,0,0,0,0,0.8105035424232483
video10,BirdDrone-Local,1075,1,1,0,0,0,0,0.7890359163284302
video10,BirdDrone-Local,1076,1,1,0,0,0,0,0.822076678276062
video10,BirdDrone-Local,1077,1,1,0,0,0,0,0.8134359121322632
video10,BirdDrone-Local,1078,1,1,0,0,0,0,0.8279849886894226
video10,BirdDrone-Local,1079,1,1,0,0,0,0,0.8284355998039246
video10,BirdDrone-Local,1080,1,1,0,0,0,0,0.8218650221824646
video10,BirdDrone-Local,1081,1,1,0,0,0,0,0.801314651966095
video10,BirdDrone-Local,1082,1,1,0,0,0,0,0.7817791700363159
video10,BirdDrone-Local,1083,1,1,0,0,0,0,0.7608586549758911
video10,BirdDrone-Local,1084,1,1,0,0,0,0,0.731299638748169
video10,BirdDrone-Local,1085,1,1,0,0,0,0,0.7269124388694763
video10,BirdDrone-Local,1086,1,1,0,0,0,0,0.7050839066505432
video10,BirdDrone-Local,1087,1,1,0,0,0,0,0.6577149033546448
video10,BirdDrone-Local,1088,1,1,0,0,0,0,0.7421334981918335
video10,BirdDrone-Local,1089,1,1,0,0,0,0,0.6475342512130737
video10,BirdDrone-Local,1090,1,1,0,0,0,0,0.7492169737815857
video10,BirdDrone-Local,1091,1,1,0,0,0,0,0.7098225951194763
video10,BirdDrone-Local,1092,1,1,0,0,0,0,0.5719214081764221
video10,BirdDrone-Local,1093,1,1,0,0,0,0,0.5170751214027405
video10,BirdDrone-Local,1094,1,1,0,0,0,0,0.5367108583450317
video10,BirdDrone-Local,1095,1,1,0,0,0,0,0.5417085886001587
video10,BirdDrone-Local,1096,1,1,0,0,0,0,0.4851589500904083
video10,BirdDrone-Local,1097,1,1,0,0,1,0,0.28745704889297485
video10,BirdDrone-Local,1098,1,1,0,0,0,0,0.6002036929130554
video10,BirdDrone-Local,1099,1,1,0,0,0,0,0.5977057814598083
video10,BirdDrone-Local,1100,1,1,0,0,0,0,0.6415088176727295
video10,BirdDrone-Local,1101,1,1,0,0,0,0,0.5313364267349243
video10,BirdDrone-Local,1102,1,1,0,0,0,0,0.5229982733726501
video10,BirdDrone-Local,1103,0,0,0,0,0,0,0.0
video10,BirdDrone-Local,1104,0,0,0,0,0,0,0.0
video10,BirdDrone-Local,1105,1,1,0,0,0,0,0.6930961608886719
video10,BirdDrone-Local,1106,1,1,0,0,0,0,0.7099633812904358
video10,BirdDrone-Local,1107,1,1,0,0,0,0,0.7031097412109375
video10,BirdDrone-Local,1108,1,1,0,0,0,0,0.7273929715156555
video10,BirdDrone-Local,1109,1,1,0,0,0,0,0.7436566352844238
video10,BirdDrone-Local,1110,1,1,0,0,0,0,0.7054189443588257
video10,BirdDrone-Local,1111,1,1,0,0,0,0,0.6994075775146484
video10,BirdDrone-Local,1112,1,1,0,0,0,0,0.4048352837562561
video10,BirdDrone-Local,1113,1,1,0,0,0,0,0.5571136474609375
video10,BirdDrone-Local,1114,1,1,0,0,0,0,0.6543147563934326
video10,BirdDrone-Local,1115,1,1,0,0,0,0,0.6625683307647705
video10,BirdDrone-Local,1116,1,1,0,0,0,0,0.738516628742218
video10,BirdDrone-Local,1117,1,1,0,0,0,0,0.8028261661529541
video10,BirdDrone-Local,1118,1,1,0,0,0,0,0.8100498914718628
video10,BirdDrone-Local,1119,1,1,0,0,0,0,0.8159499168395996
video10,BirdDrone-Local,1120,1,1,0,0,0,0,0.7965134382247925
video10,BirdDrone-Local,1121,1,1,0,0,0,0,0.8215820789337158
video10,BirdDrone-Local,1122,1,1,0,0,0,0,0.8323755264282227
video10,BirdDrone-Local,1123,1,1,0,0,0,0,0.8206320405006409
video10,BirdDrone-Local,1124,1,1,0,0,0,0,0.7937329411506653
video10,BirdDrone-Local,1125,1,1,0,0,0,0,0.8241655230522156
video10,BirdDrone-Local,1126,1,1,0,0,0,0,0.840414822101593
video10,BirdDrone-Local,1127,1,1,0,0,0,0,0.8584997653961182
video10,BirdDrone-Local,1128,1,1,0,0,0,0,0.765252947807312
video10,BirdDrone-Local,1129,1,1,0,0,0,0,0.779711902141571
video10,BirdDrone-Local,1130,1,1,0,0,0,0,0.7754000425338745
video10,BirdDrone-Local,1131,1,1,0,0,0,0,0.8033523559570312
video10,BirdDrone-Local,1132,1,1,0,0,0,0,0.8273063898086548
video10,BirdDrone-Local,1133,1,1,0,0,0,0,0.834096372127533
video10,BirdDrone-Local,1134,1,1,0,0,0,0,0.8147295117378235
video10,BirdDrone-Local,1135,1,1,0,0,0,0,0.8087735176086426
video10,BirdDrone-Local,1136,1,1,0,0,0,0,0.79959636926651
video10,BirdDrone-Local,1137,1,1,0,0,0,0,0.8483729958534241
video10,BirdDrone-Local,1138,1,1,0,0,0,0,0.8280357122421265
video10,BirdDrone-Local,1139,1,1,0,0,0,0,0.8223000764846802
video10,BirdDrone-Local,1140,1,1,0,0,0,0,0.8303136229515076
video10,BirdDrone-Local,1141,1,1,0,0,0,0,0.8224166035652161
video10,BirdDrone-Local,1142,1,1,0,0,0,0,0.8294379115104675
video10,BirdDrone-Local,1143,1,1,0,0,0,0,0.8322560787200928
video10,BirdDrone-Local,1144,1,1,0,0,0,0,0.8349729776382446
video10,BirdDrone-Local,1145,1,1,0,0,0,0,0.8285097479820251
video10,BirdDrone-Local,1146,1,1,0,0,0,0,0.800309419631958
video10,BirdDrone-Local,1147,1,1,0,0,0,0,0.8021231293678284
video10,BirdDrone-Local,1148,1,1,0,0,0,0,0.7885995507240295
video10,BirdDrone-Local,1149,1,1,0,0,0,0,0.7901725769042969
video10,BirdDrone-Local,1150,1,1,0,0,0,0,0.801466166973114
video10,BirdDrone-Local,1151,1,1,0,0,0,0,0.7530749440193176
video10,BirdDrone-Local,1152,1,1,0,0,0,0,0.7673662304878235
video10,BirdDrone-Local,1153,1,1,0,0,0,0,0.8048071265220642
video10,BirdDrone-Local,1154,1,1,0,0,0,0,0.8032698631286621
video10,BirdDrone-Local,1155,1,1,0,0,0,0,0.790629506111145
video10,BirdDrone-Local,1156,1,1,0,0,0,0,0.7892796993255615
video10,BirdDrone-Local,1157,1,1,0,0,0,0,0.8014530539512634
video10,BirdDrone-Local,1158,1,1,0,0,0,0,0.8356377482414246
video10,BirdDrone-Local,1159,1,1,0,0,0,0,0.8350287079811096
video10,BirdDrone-Local,1160,1,1,0,0,0,0,0.7880551218986511
video10,BirdDrone-Local,1161,1,1,0,0,0,0,0.8045024871826172
video10,BirdDrone-Local,1162,1,1,0,0,0,0,0.7942845821380615
video10,BirdDrone-Local,1163,1,1,0,0,0,0,0.7938013076782227
video10,BirdDrone-Local,1164,1,1,0,0,0,0,0.7646730542182922
video10,BirdDrone-Local,1165,1,1,0,0,0,0,0.7503184080123901
video10,BirdDrone-Local,1166,1,1,0,0,0,0,0.6542482972145081
video10,BirdDrone-Local,1167,1,1,0,0,0,0,0.7318329811096191
video10,BirdDrone-Local,1168,1,1,0,0,0,0,0.7510138154029846
video10,BirdDrone-Local,1169,1,1,0,0,0,0,0.6973267793655396
video10,BirdDrone-Local,1170,1,1,0,0,0,0,0.7379965782165527
video10,BirdDrone-Local,1171,1,1,0,0,0,0,0.7420323491096497
video10,BirdDrone-Local,1172,1,1,0,0,0,0,0.7241520881652832
video10,BirdDrone-Local,1173,1,1,0,0,0,0,0.7162895202636719
video10,BirdDrone-Local,1174,1,1,0,0,0,0,0.8345969319343567
video10,BirdDrone-Local,1175,1,1,0,0,0,0,0.8129560947418213
video10,BirdDrone-Local,1176,1,1,0,0,0,0,0.7767307758331299
video10,BirdDrone-Local,1177,1,1,0,0,0,0,0.7739578485488892
video10,BirdDrone-Local,1178,1,1,0,0,0,0,0.4443650543689728
video10,BirdDrone-Local,1179,1,1,0,0,0,0,0.6370360851287842
video10,BirdDrone-Local,1180,1,1,0,0,0,0,0.6750217080116272
video10,BirdDrone-Local,1181,1,1,0,0,0,0,0.7932957410812378
video10,BirdDrone-Local,1182,1,1,0,0,0,0,0.7608565092086792
video10,BirdDrone-Local,1183,1,1,0,0,0,0,0.7774787545204163
video10,BirdDrone-Local,1184,1,1,0,0,0,0,0.8035037517547607
video10,BirdDrone-Local,1185,1,1,0,0,0,0,0.8474862575531006
video10,BirdDrone-Local,1186,1,1,0,0,0,0,0.8433586955070496
video10,BirdDrone-Local,1187,1,1,0,0,0,0,0.8562425374984741
video10,BirdDrone-Local,1188,1,1,0,0,0,0,0.8551397323608398
video10,BirdDrone-Local,1189,1,1,0,0,0,0,0.8573473691940308
video10,BirdDrone-Local,1190,1,1,0,0,0,0,0.8644673824310303
video10,BirdDrone-Local,1191,1,1,0,0,0,0,0.859836220741272
video10,BirdDrone-Local,1192,1,1,0,0,0,0,0.8534549474716187
video10,BirdDrone-Local,1193,1,1,0,0,0,0,0.8595512509346008
video10,BirdDrone-Local,1194,1,1,0,0,0,0,0.838907778263092
video10,BirdDrone-Local,1195,1,1,0,0,0,0,0.8439737558364868
video10,BirdDrone-Local,1196,1,1,0,0,0,0,0.847655713558197
video10,BirdDrone-Local,1197,1,1,0,0,0,0,0.8503360748291016
video10,BirdDrone-Local,1198,1,1,0,0,0,0,0.8389366269111633
video10,BirdDrone-Local,1199,1,1,0,0,0,0,0.8107864856719971
video10,BirdDrone-Local,1200,1,1,0,0,0,0,0.7912681102752686
video10,BirdDrone-Local,1201,1,1,0,0,0,0,0.8232962489128113
video10,BirdDrone-Local,1202,1,1,0,0,0,0,0.817478597164154
video10,BirdDrone-Local,1203,1,1,0,0,0,0,0.7848235964775085
video10,BirdDrone-Local,1204,1,1,0,0,0,0,0.8158084154129028
video10,BirdDrone-Local,1205,1,1,0,0,0,0,0.7956801056861877
video10,BirdDrone-Local,1206,1,1,0,0,0,0,0.8047364354133606
video10,BirdDrone-Local,1207,1,1,0,0,0,0,0.80809086561203
video10,BirdDrone-Local,1208,1,1,0,0,0,0,0.7230353355407715
video10,BirdDrone-Local,1209,1,1,0,0,0,0,0.7168678641319275
video10,BirdDrone-Local,1210,1,1,0,0,0,0,0.8049888014793396
video10,BirdDrone-Local,1211,1,1,0,0,0,0,0.790198802947998
video10,BirdDrone-Local,1212,0,0,0,0,0,0,0.0
video10,BirdDrone-Local,1213,0,0,0,0,0,0,0.0
video10,BirdDrone-Local,1214,1,1,0,0,0,0,0.4563179612159729
video10,BirdDrone-Local,1215,0,0,0,0,0,0,0.0
video10,BirdDrone-Local,1216,0,0,0,0,0,0,0.0
video10,BirdDrone-Local,1217,1,1,0,0,0,0,0.8200818300247192
video10,BirdDrone-Local,1218,1,1,0,0,0,0,0.6886458992958069
video10,BirdDrone-Local,1219,1,1,0,0,0,0,0.5349611043930054
video10,BirdDrone-Local,1220,1,1,0,0,0,0,0.6028361320495605
video10,BirdDrone-Local,1221,1,1,0,0,0,0,0.7141180038452148
video10,BirdDrone-Local,1222,1,1,0,0,0,0,0.3508302569389343
video10,BirdDrone-Local,1223,0,0,0,0,0,0,0.0
video10,BirdDrone-Local,1224,1,1,0,0,1,0,0.29471129179000854
video10,BirdDrone-Local,1225,0,0,0,0,0,0,0.0
video10,BirdDrone-Local,1226,0,0,0,0,0,0,0.0
video10,BirdDrone-Local,1227,1,1,0,0,0,0,0.4564722180366516
video10,BirdDrone-Local,1228,1,1,0,0,0,0,0.5378578901290894
video10,BirdDrone-Local,1229,1,1,0,0,1,0,0.33607223629951477
video10,BirdDrone-Local,1230,1,1,0,0,0,0,0.6344907283782959
video10,BirdDrone-Local,1231,1,1,0,0,0,0,0.7056293487548828
video10,BirdDrone-Local,1232,1,1,0,0,0,0,0.4907594919204712
video10,BirdDrone-Local,1233,1,1,0,0,1,0,0.29406675696372986
video10,BirdDrone-Local,1234,2,2,0,0,1,0,0.590742290019989
video10,BirdDrone-Local,1235,1,1,0,0,0,0,0.5425172448158264
video10,BirdDrone-Local,1236,1,1,0,0,0,0,0.7251464128494263
video10,BirdDrone-Local,1237,1,1,0,0,0,0,0.6372314691543579
video10,BirdDrone-Local,1238,1,1,0,0,0,0,0.4555136263370514
video10,BirdDrone-Local,1239,1,1,0,0,0,0,0.5861042141914368
video10,BirdDrone-Local,1240,1,1,0,0,0,0,0.7029332518577576
video10,BirdDrone-Local,1241,1,1,0,0,0,0,0.5419495701789856
video10,BirdDrone-Local,1242,1,1,0,0,0,0,0.6448473930358887
video10,BirdDrone-Local,1243,1,1,0,0,0,0,0.5837549567222595
video10,BirdDrone-Local,1244,1,1,0,0,0,0,0.5202273726463318
video10,BirdDrone-Local,1245,1,1,0,0,0,0,0.5254482626914978
video10,BirdDrone-Local,1246,1,1,0,0,0,0,0.43239453434944153
video10,BirdDrone-Local,1247,1,1,0,0,0,0,0.5068814754486084
video10,BirdDrone-Local,1248,1,1,0,0,0,0,0.4909397065639496
video10,BirdDrone-Local,1249,1,1,0,0,0,0,0.5086146593093872
video10,BirdDrone-Local,1250,1,1,0,0,0,0,0.40257421135902405
video10,BirdDrone-Local,1251,1,1,0,0,1,0,0.28650757670402527
video10,BirdDrone-Local,1252,1,1,0,0,1,0,0.2648460566997528
video10,BirdDrone-Local,1253,0,0,0,0,0,0,0.0
video10,BirdDrone-Local,1254,0,0,0,0,0,0,0.0
video10,BirdDrone-Local,1255,1,1,0,0,0,0,0.4244888722896576
video10,BirdDrone-Local,1256,0,0,0,0,0,0,0.0
video10,BirdDrone-Local,1257,0,0,0,0,0,0,0.0
video10,BirdDrone-Local,1258,0,0,0,0,0,0,0.0
video10,BirdDrone-Local,1259,0,0,0,0,0,0,0.0
video10,BirdDrone-Local,1260,0,0,0,0,0,0,0.0
video10,BirdDrone-Local,1261,0,0,0,0,0,0,0.0
video10,BirdDrone-Local,1262,0,0,0,0,0,0,0.0
video10,BirdDrone-Local,1263,0,0,0,0,0,0,0.0
video10,BirdDrone-Local,1264,0,0,0,0,0,0,0.0
video10,BirdDrone-Local,1265,0,0,0,0,0,0,0.0
video10,BirdDrone-Local,1266,1,1,0,0,0,0,0.44670209288597107
video10,BirdDrone-Local,1267,1,1,0,0,0,0,0.40748971700668335
video10,BirdDrone-Local,1268,1,1,0,0,0,0,0.4576124846935272
video10,BirdDrone-Local,1269,1,1,0,0,0,0,0.39383891224861145
video10,BirdDrone-Local,1270,1,1,0,0,0,0,0.3869195282459259
video10,BirdDrone-Local,1271,1,1,0,0,0,0,0.4500850737094879
video10,BirdDrone-Local,1272,0,0,0,0,0,0,0.0
video10,BirdDrone-Local,1273,1,1,0,0,0,0,0.36554446816444397
video10,BirdDrone-Local,1274,0,0,0,0,0,0,0.0
video10,BirdDrone-Local,1275,1,1,0,0,0,0,0.4144800901412964
video10,BirdDrone-Local,1276,1,1,0,0,0,0,0.42740675806999207
video10,BirdDrone-Local,1277,1,1,0,0,0,0,0.4895520806312561
video10,BirdDrone-Local,1278,1,1,0,0,1,0,0.3306964039802551
video10,BirdDrone-Local,1279,1,1,0,0,1,0,0.265985369682312
video10,BirdDrone-Local,1280,0,0,0,0,0,0,0.0
video10,BirdDrone-Local,1281,0,0,0,0,0,0,0.0
video10,BirdDrone-Local,1282,1,1,0,0,1,0,0.26460137963294983
video10,BirdDrone-Local,1283,2,2,0,0,2,0,0.2845838665962219
video10,BirdDrone-Local,1284,2,2,0,0,2,0,0.2738359272480011
video10,BirdDrone-Local,1285,1,1,0,0,0,0,0.4311673045158386
video10,BirdDrone-Local,1286,0,0,0,0,0,0,0.0
video10,BirdDrone-Local,1287,0,0,0,0,0,0,0.0
video10,BirdDrone-Local,1288,0,0,0,0,0,0,0.0
video10,BirdDrone-Local,1289,0,0,0,0,0,0,0.0
video10,BirdDrone-Local,1290,1,1,0,0,1,0,0.2801809012889862
video10,BirdDrone-Local,1291,1,1,0,0,1,0,0.3036647439002991
video10,BirdDrone-Local,1292,1,1,0,0,1,0,0.3306026756763458
video10,BirdDrone-Local,1293,1,1,0,0,0,0,0.4432678520679474
video10,BirdDrone-Local,1294,1,1,0,0,0,0,0.3794466555118561
video10,BirdDrone-Local,1295,1,1,0,0,1,0,0.3162541687488556
video10,BirdDrone-Local,1296,1,1,0,0,0,0,0.36324334144592285
video10,BirdDrone-Local,1297,0,0,0,0,0,0,0.0
video10,BirdDrone-Local,1298,0,0,0,0,0,0,0.0
video10,BirdDrone-Local,1299,0,0,0,0,0,0,0.0
video10,BirdDrone-Local,1300,0,0,0,0,0,0,0.0
video10,BirdDrone-Local,1301,0,0,0,0,0,0,0.0
video10,BirdDrone-Local,1302,0,0,0,0,0,0,0.0
video10,BirdDrone-Local,1303,0,0,0,0,0,0,0.0
video10,BirdDrone-Local,1304,0,0,0,0,0,0,0.0
video10,BirdDrone-Local,1305,0,0,0,0,0,0,0.0
video10,BirdDrone-Local,1306,0,0,0,0,0,0,0.0
video10,BirdDrone-Local,1307,0,0,0,0,0,0,0.0
video10,BirdDrone-Local,1308,1,1,0,0,1,0,0.26049113273620605
video10,BirdDrone-Local,1309,1,1,0,0,1,0,0.28756535053253174
video10,BirdDrone-Local,1310,1,1,0,0,1,0,0.3420044183731079
video10,BirdDrone-Local,1311,1,1,0,0,0,0,0.3912673592567444
video10,BirdDrone-Local,1312,1,1,0,0,0,0,0.3942311406135559
video10,BirdDrone-Local,1313,0,0,0,0,0,0,0.0
video10,BirdDrone-Local,1314,0,0,0,0,0,0,0.0
video10,BirdDrone-Local,1315,1,1,0,0,1,0,0.3389776647090912
video10,BirdDrone-Local,1316,1,1,0,0,0,0,0.4338310658931732
video10,BirdDrone-Local,1317,1,1,0,0,0,0,0.4250245690345764
video10,BirdDrone-Local,1318,1,1,0,0,1,0,0.30247026681900024
video10,BirdDrone-Local,1319,1,1,0,0,1,0,0.3335230350494385
video10,BirdDrone-Local,1320,1,1,0,0,0,0,0.5329979658126831
video10,BirdDrone-Local,1321,1,1,0,0,0,0,0.46981948614120483
video10,BirdDrone-Local,1322,1,1,0,0,0,0,0.3893459439277649
video10,BirdDrone-Local,1323,1,1,0,0,0,0,0.5848486423492432
video10,BirdDrone-Local,1324,1,1,0,0,0,0,0.547354519367218
video10,BirdDrone-Local,1325,1,1,0,0,0,0,0.49350443482398987
video10,BirdDrone-Local,1326,1,1,0,0,0,0,0.5473123788833618
video10,BirdDrone-Local,1327,1,1,0,0,0,0,0.5851291418075562
video10,BirdDrone-Local,1328,1,1,0,0,0,0,0.6622982025146484
video10,BirdDrone-Local,1329,1,1,0,0,0,0,0.6197848320007324
video10,BirdDrone-Local,1330,1,1,0,0,0,0,0.6265910863876343
video10,BirdDrone-Local,1331,1,1,0,0,0,0,0.656806230545044
video10,BirdDrone-Local,1332,1,1,0,0,0,0,0.6691438555717468
video10,BirdDrone-Local,1333,1,1,0,0,0,0,0.6675799489021301
video10,BirdDrone-Local,1334,1,1,0,0,0,0,0.6218720078468323
video10,BirdDrone-Local,1335,1,1,0,0,0,0,0.6510706543922424
video10,BirdDrone-Local,1336,1,1,0,0,0,0,0.657175600528717
video10,BirdDrone-Local,1337,1,1,0,0,0,0,0.6564787030220032
video10,BirdDrone-Local,1338,1,1,0,0,0,0,0.6470305919647217
video10,BirdDrone-Local,1339,1,1,0,0,0,0,0.7210832834243774
video10,BirdDrone-Local,1340,1,1,0,0,0,0,0.7753480672836304
video10,BirdDrone-Local,1341,1,1,0,0,0,0,0.6266254782676697
video10,BirdDrone-Local,1342,1,1,0,0,0,0,0.6142095923423767
video10,BirdDrone-Local,1343,1,1,0,0,0,0,0.5504178404808044
video10,BirdDrone-Local,1344,1,1,0,0,0,0,0.3595292270183563
video10,BirdDrone-Local,1345,1,1,0,0,1,0,0.25815683603286743
video10,BirdDrone-Local,1346,0,0,0,0,0,0,0.0
video10,BirdDrone-Local,1347,0,0,0,0,0,0,0.0
video10,BirdDrone-Local,1348,0,0,0,0,0,0,0.0
video10,BirdDrone-Local,1349,0,0,0,0,0,0,0.0
video10,BirdDrone-Local,1350,0,0,0,0,0,0,0.0
video10,BirdDrone-Local,1351,0,0,0,0,0,0,0.0
video10,BirdDrone-Local,1352,0,0,0,0,0,0,0.0
video10,BirdDrone-Local,1353,0,0,0,0,0,0,0.0
video10,BirdDrone-Local,1354,0,0,0,0,0,0,0.0
video10,BirdDrone-Local,1355,0,0,0,0,0,0,0.0
video10,BirdDrone-Local,1356,1,1,0,0,1,0,0.30315834283828735
video10,BirdDrone-Local,1357,0,0,0,0,0,0,0.0
video10,BirdDrone-Local,1358,0,0,0,0,0,0,0.0
video10,BirdDrone-Local,1359,0,0,0,0,0,0,0.0
video10,BirdDrone-Local,1360,2,2,0,0,2,0,0.2652472257614136
video10,BirdDrone-Local,1361,1,1,0,0,0,0,0.4367928206920624
video10,BirdDrone-Local,1362,1,1,0,0,1,0,0.3134394884109497
video10,BirdDrone-Local,1363,1,1,0,0,0,0,0.5412430763244629
video10,BirdDrone-Local,1364,1,1,0,0,0,0,0.4591788947582245
video10,BirdDrone-Local,1365,1,1,0,0,0,0,0.7733049392700195
video10,BirdDrone-Local,1366,1,1,0,0,0,0,0.7461169958114624
video10,BirdDrone-Local,1367,1,1,0,0,0,0,0.7749656438827515
video10,BirdDrone-Local,1368,1,1,0,0,0,0,0.7312060594558716
video10,BirdDrone-Local,1369,1,1,0,0,0,0,0.6875267624855042
video10,BirdDrone-Local,1370,1,1,0,0,0,0,0.777932345867157
video10,BirdDrone-Local,1371,1,1,0,0,0,0,0.7789598107337952
video10,BirdDrone-Local,1372,1,1,0,0,0,0,0.7729908227920532
video10,BirdDrone-Local,1373,1,1,0,0,0,0,0.8014121055603027
video10,BirdDrone-Local,1374,1,1,0,0,0,0,0.8017839789390564
video10,BirdDrone-Local,1375,1,1,0,0,0,0,0.7995315790176392
video10,BirdDrone-Local,1376,1,1,0,0,0,0,0.8098852038383484
video10,BirdDrone-Local,1377,1,1,0,0,0,0,0.7829042673110962
video10,BirdDrone-Local,1378,1,1,0,0,0,0,0.74559485912323
video10,BirdDrone-Local,1379,1,1,0,0,0,0,0.7838220596313477
video10,BirdDrone-Local,1380,1,1,0,0,0,0,0.8010761141777039
video10,BirdDrone-Local,1381,1,1,0,0,0,0,0.7850882411003113
video10,BirdDrone-Local,1382,1,1,0,0,0,0,0.7825024724006653
video10,BirdDrone-Local,1383,1,1,0,0,0,0,0.818202018737793
video10,BirdDrone-Local,1384,1,1,0,0,0,0,0.8066849112510681
video10,BirdDrone-Local,1385,1,1,0,0,0,0,0.8190444111824036
video10,BirdDrone-Local,1386,1,1,0,0,0,0,0.7928102016448975
video10,BirdDrone-Local,1387,1,1,0,0,0,0,0.7766677141189575
video10,BirdDrone-Local,1388,1,1,0,0,0,0,0.8212237358093262
video10,BirdDrone-Local,1389,1,1,0,0,0,0,0.7687054872512817
video10,BirdDrone-Local,1390,1,1,0,0,0,0,0.6475209593772888
video10,BirdDrone-Local,1391,1,1,0,0,0,0,0.7710531949996948
video10,BirdDrone-Local,1392,1,1,0,0,0,0,0.8009043335914612
video10,BirdDrone-Local,1393,1,1,0,0,0,0,0.7632470726966858
video10,BirdDrone-Local,1394,1,1,0,0,0,0,0.7772541046142578
video10,BirdDrone-Local,1395,1,1,0,0,0,0,0.7880637645721436
video10,BirdDrone-Local,1396,1,1,0,0,0,0,0.7978677749633789
video10,BirdDrone-Local,1397,1,1,0,0,0,0,0.8012694120407104
video10,BirdDrone-Local,1398,1,1,0,0,0,0,0.7982568144798279
video10,BirdDrone-Local,1399,1,1,0,0,0,0,0.8081183433532715
video10,BirdDrone-Local,1400,1,1,0,0,0,0,0.7992399334907532
video10,BirdDrone-Local,1401,1,1,0,0,0,0,0.8111439347267151
video10,BirdDrone-Local,1402,1,1,0,0,0,0,0.812380313873291
video10,BirdDrone-Local,1403,1,1,0,0,0,0,0.8163973689079285
video10,BirdDrone-Local,1404,1,1,0,0,0,0,0.7947588562965393
video10,BirdDrone-Local,1405,1,1,0,0,0,0,0.8010283708572388
video10,BirdDrone-Local,1406,1,1,0,0,0,0,0.8012554049491882
video10,BirdDrone-Local,1407,1,1,0,0,0,0,0.7968540787696838
video10,BirdDrone-Local,1408,1,1,0,0,0,0,0.7851353883743286
video10,BirdDrone-Local,1409,1,1,0,0,0,0,0.7884553074836731
video10,BirdDrone-Local,1410,1,1,0,0,0,0,0.7959290146827698
video10,BirdDrone-Local,1411,1,1,0,0,0,0,0.7909433245658875
video10,BirdDrone-Local,1412,1,1,0,0,0,0,0.7781354188919067
video10,BirdDrone-Local,1413,1,1,0,0,0,0,0.7940089702606201
video10,BirdDrone-Local,1414,1,1,0,0,0,0,0.7874195575714111
video10,BirdDrone-Local,1415,1,1,0,0,0,0,0.7906029224395752
video10,BirdDrone-Local,1416,1,1,0,0,0,0,0.7737059593200684
video10,BirdDrone-Local,1417,1,1,0,0,0,0,0.7883114218711853
video10,BirdDrone-Local,1418,1,1,0,0,0,0,0.7604853510856628
video10,BirdDrone-Local,1419,1,1,0,0,0,0,0.7880309224128723
video10,BirdDrone-Local,1420,1,1,0,0,0,0,0.7575621604919434
video10,BirdDrone-Local,1421,1,1,0,0,0,0,0.7529206275939941
video10,BirdDrone-Local,1422,1,1,0,0,0,0,0.7743333578109741
video10,BirdDrone-Local,1423,1,1,0,0,0,0,0.7601610422134399
video10,BirdDrone-Local,1424,1,1,0,0,0,0,0.7708911895751953
video10,BirdDrone-Local,1425,1,1,0,0,0,0,0.7256222367286682
video10,BirdDrone-Local,1426,1,1,0,0,0,0,0.7197769284248352
video10,BirdDrone-Local,1427,1,1,0,0,0,0,0.7128615379333496
video10,BirdDrone-Local,1428,1,1,0,0,0,0,0.7385350465774536
video10,BirdDrone-Local,1429,1,1,0,0,0,0,0.7396814227104187
video10,BirdDrone-Local,1430,1,1,0,0,0,0,0.7411249279975891
video10,BirdDrone-Local,1431,1,1,0,0,0,0,0.7662109732627869
video10,BirdDrone-Local,1432,1,1,0,0,0,0,0.7775780558586121
video10,BirdDrone-Local,1433,1,1,0,0,0,0,0.7603365778923035
video10,BirdDrone-Local,1434,1,1,0,0,0,0,0.7904462814331055
video10,BirdDrone-Local,1435,1,1,0,0,0,0,0.777571439743042
video10,BirdDrone-Local,1436,1,1,0,0,0,0,0.7791599035263062
video10,BirdDrone-Local,1437,1,1,0,0,0,0,0.7828068137168884
video10,BirdDrone-Local,1438,1,1,0,0,0,0,0.816530168056488
video10,BirdDrone-Local,1439,1,1,0,0,0,0,0.7997975945472717
video10,BirdDrone-Local,1440,1,1,0,0,0,0,0.7901267409324646
video10,BirdDrone-Local,1441,1,1,0,0,0,0,0.7861665487289429
video10,BirdDrone-Local,1442,1,1,0,0,0,0,0.7896575331687927
video10,BirdDrone-Local,1443,1,1,0,0,0,0,0.7933460474014282
video10,BirdDrone-Local,1444,1,1,0,0,0,0,0.8012707829475403
video10,BirdDrone-Local,1445,1,1,0,0,0,0,0.8052871823310852
video10,BirdDrone-Local,1446,1,1,0,0,0,0,0.8065545558929443
video10,BirdDrone-Local,1447,1,1,0,0,0,0,0.8106073141098022
video10,BirdDrone-Local,1448,1,1,0,0,0,0,0.8110364079475403
video10,BirdDrone-Local,1449,1,1,0,0,0,0,0.8110056519508362
video10,BirdDrone-Local,1450,1,1,0,0,0,0,0.7984249591827393
video10,BirdDrone-Local,1451,1,1,0,0,0,0,0.7718393206596375
video10,BirdDrone-Local,1452,1,1,0,0,0,0,0.7659430503845215
video10,BirdDrone-Local,1453,1,1,0,0,0,0,0.8080555200576782
video10,BirdDrone-Local,1454,1,1,0,0,0,0,0.7928219437599182
video10,BirdDrone-Local,1455,1,1,0,0,0,0,0.8040326237678528
video10,BirdDrone-Local,1456,1,1,0,0,0,0,0.8128289580345154
video10,BirdDrone-Local,1457,1,1,0,0,0,0,0.8047196269035339
video10,BirdDrone-Local,1458,1,1,0,0,0,0,0.8029086589813232
video10,BirdDrone-Local,1459,1,1,0,0,0,0,0.8159559369087219
video10,BirdDrone-Local,1460,1,1,0,0,0,0,0.7989923357963562
video10,BirdDrone-Local,1461,1,1,0,0,0,0,0.7736428380012512
video10,BirdDrone-Local,1462,1,1,0,0,0,0,0.7834893465042114
video10,BirdDrone-Local,1463,1,1,0,0,0,0,0.7842360734939575
video10,BirdDrone-Local,1464,1,1,0,0,0,0,0.772855818271637
video10,BirdDrone-Local,1465,1,1,0,0,0,0,0.7946487069129944
video10,BirdDrone-Local,1466,1,1,0,0,0,0,0.7848857641220093
video10,BirdDrone-Local,1467,1,1,0,0,0,0,0.7888573408126831
video10,BirdDrone-Local,1468,1,1,0,0,0,0,0.7664278745651245
video10,BirdDrone-Local,1469,1,1,0,0,0,0,0.7725785970687866
video10,BirdDrone-Local,1470,1,1,0,0,0,0,0.7853291630744934
video10,BirdDrone-Local,1471,1,1,0,0,0,0,0.7784217000007629
video10,BirdDrone-Local,1472,1,1,0,0,0,0,0.7831966876983643
video10,BirdDrone-Local,1473,1,1,0,0,0,0,0.7865975499153137
video10,BirdDrone-Local,1474,1,1,0,0,0,0,0.7816208600997925
video10,BirdDrone-Local,1475,1,1,0,0,0,0,0.7836183905601501
video10,BirdDrone-Local,1476,1,1,0,0,0,0,0.7787186503410339
video10,BirdDrone-Local,1477,1,1,0,0,0,0,0.782279908657074
video10,BirdDrone-Local,1478,1,1,0,0,0,0,0.7800253033638
video10,BirdDrone-Local,1479,1,1,0,0,0,0,0.7816416621208191
video10,BirdDrone-Local,1480,1,1,0,0,0,0,0.7619978189468384
video10,BirdDrone-Local,1481,1,1,0,0,0,0,0.7581290602684021
video10,BirdDrone-Local,1482,1,1,0,0,0,0,0.7591103315353394
video10,BirdDrone-Local,1483,1,1,0,0,0,0,0.7686992883682251
video10,BirdDrone-Local,1484,1,1,0,0,0,0,0.7693517804145813
video10,BirdDrone-Local,1485,1,1,0,0,0,0,0.7678948640823364
video10,BirdDrone-Local,1486,1,1,0,0,0,0,0.7839727997779846
video10,BirdDrone-Local,1487,1,1,0,0,0,0,0.7584332227706909
video10,BirdDrone-Local,1488,1,1,0,0,0,0,0.7366626262664795
video10,BirdDrone-Local,1489,1,1,0,0,0,0,0.7633161544799805
video10,BirdDrone-Local,1490,1,1,0,0,0,0,0.7671136856079102
video10,BirdDrone-Local,1491,1,1,0,0,0,0,0.7928310036659241
video10,BirdDrone-Local,1492,1,1,0,0,0,0,0.7880117893218994
video10,BirdDrone-Local,1493,1,1,0,0,0,0,0.7828336954116821
video10,BirdDrone-Local,1494,1,1,0,0,0,0,0.7793552875518799
video10,BirdDrone-Local,1495,1,1,0,0,0,0,0.7966829538345337
video10,BirdDrone-Local,1496,1,1,0,0,0,0,0.7609634399414062
video10,BirdDrone-Local,1497,1,1,0,0,0,0,0.7596766352653503
video10,BirdDrone-Local,1498,1,1,0,0,0,0,0.8026392459869385
video10,BirdDrone-Local,1499,1,1,0,0,0,0,0.7968067526817322
video10,BirdDrone-Local,1500,1,1,0,0,0,0,0.8124526739120483
video10,BirdDrone-Local,1501,1,1,0,0,0,0,0.8126949667930603
video10,BirdDrone-Local,1502,1,1,0,0,0,0,0.8151267766952515
video10,BirdDrone-Local,1503,1,1,0,0,0,0,0.8147264719009399
video10,BirdDrone-Local,1504,1,1,0,0,0,0,0.8097019195556641
video10,BirdDrone-Local,1505,1,1,0,0,0,0,0.8246955871582031
video10,BirdDrone-Local,1506,1,1,0,0,0,0,0.8160470724105835
video10,BirdDrone-Local,1507,1,1,0,0,0,0,0.8197662830352783
video10,BirdDrone-Local,1508,1,1,0,0,0,0,0.8196312785148621
video10,BirdDrone-Local,1509,1,1,0,0,0,0,0.8068780303001404
video10,BirdDrone-Local,1510,1,1,0,0,0,0,0.8224482536315918
video10,BirdDrone-Local,1511,1,1,0,0,0,0,0.8268886208534241
video10,BirdDrone-Local,1512,1,1,0,0,0,0,0.8272396326065063
video10,BirdDrone-Local,1513,1,1,0,0,0,0,0.8229140639305115
video10,BirdDrone-Local,1514,1,1,0,0,0,0,0.8287901878356934
video10,BirdDrone-Local,1515,1,1,0,0,0,0,0.8301258087158203
video10,BirdDrone-Local,1516,1,1,0,0,0,0,0.8270090222358704
video10,BirdDrone-Local,1517,1,1,0,0,0,0,0.8294960260391235
video10,BirdDrone-Local,1518,1,1,0,0,0,0,0.8269026875495911
video10,BirdDrone-Local,1519,1,1,0,0,0,0,0.8308837413787842
video10,BirdDrone-Local,1520,1,1,0,0,0,0,0.8309058547019958
video10,BirdDrone-Local,1521,1,1,0,0,0,0,0.8316793441772461
video10,BirdDrone-Local,1522,1,1,0,0,0,0,0.8295478224754333
video10,BirdDrone-Local,1523,1,1,0,0,0,0,0.8275183439254761
video10,BirdDrone-Local,1524,1,1,0,0,0,0,0.8276753425598145
video10,BirdDrone-Local,1525,1,1,0,0,0,0,0.8259994387626648
video10,BirdDrone-Local,1526,1,1,0,0,0,0,0.830871045589447
video10,BirdDrone-Local,1527,1,1,0,0,0,0,0.8328773379325867
video10,BirdDrone-Local,1528,1,1,0,0,0,0,0.8241702318191528
video10,BirdDrone-Local,1529,1,1,0,0,0,0,0.8236182332038879
video10,BirdDrone-Local,1530,1,1,0,0,0,0,0.8297737240791321
video10,BirdDrone-Local,1531,1,1,0,0,0,0,0.8325130343437195
video10,BirdDrone-Local,1532,1,1,0,0,0,0,0.8276293873786926
video10,BirdDrone-Local,1533,1,1,0,0,0,0,0.8306719660758972
video10,BirdDrone-Local,1534,1,1,0,0,0,0,0.8262093663215637
video10,BirdDrone-Local,1535,1,1,0,0,0,0,0.8275298476219177
video10,BirdDrone-Local,1536,1,1,0,0,0,0,0.831640899181366
video10,BirdDrone-Local,1537,1,1,0,0,0,0,0.8343271613121033
video10,BirdDrone-Local,1538,1,1,0,0,0,0,0.8326777219772339
video10,BirdDrone-Local,1539,1,1,0,0,0,0,0.8331968784332275
video10,BirdDrone-Local,1540,1,1,0,0,0,0,0.8379128575325012
video10,BirdDrone-Local,1541,1,1,0,0,0,0,0.8372536897659302
video10,BirdDrone-Local,1542,1,1,0,0,0,0,0.8363387584686279
video10,BirdDrone-Local,1543,1,1,0,0,0,0,0.8348440527915955
video10,BirdDrone-Local,1544,1,1,0,0,0,0,0.8315733075141907
video10,BirdDrone-Local,1545,1,1,0,0,0,0,0.8304421901702881
video10,BirdDrone-Local,1546,1,1,0,0,0,0,0.8308935165405273
video10,BirdDrone-Local,1547,1,1,0,0,0,0,0.8243163824081421
video10,BirdDrone-Local,1548,1,1,0,0,0,0,0.8310378193855286
video10,BirdDrone-Local,1549,1,1,0,0,0,0,0.8326793313026428
video10,BirdDrone-Local,1550,1,1,0,0,0,0,0.8355256915092468
video10,BirdDrone-Local,1551,1,1,0,0,0,0,0.8319045901298523
video10,BirdDrone-Local,1552,1,1,0,0,0,0,0.8339354395866394
video10,BirdDrone-Local,1553,1,1,0,0,0,0,0.8192564845085144
video10,BirdDrone-Local,1554,1,1,0,0,0,0,0.8223556876182556
video10,BirdDrone-Local,1555,1,1,0,0,0,0,0.8126618266105652
video10,BirdDrone-Local,1556,1,1,0,0,0,0,0.7965924143791199
video10,BirdDrone-Local,1557,1,1,0,0,0,0,0.8024816513061523
video10,BirdDrone-Local,1558,1,1,0,0,0,0,0.7915481925010681
video10,BirdDrone-Local,1559,1,1,0,0,0,0,0.7848192453384399
video10,BirdDrone-Local,1560,1,1,0,0,0,0,0.7939203977584839
video10,BirdDrone-Local,1561,1,1,0,0,0,0,0.7960864901542664
video10,BirdDrone-Local,1562,1,1,0,0,0,0,0.7942903637886047
video10,BirdDrone-Local,1563,1,1,0,0,0,0,0.7895694971084595
video10,BirdDrone-Local,1564,1,1,0,0,0,0,0.7805429100990295
video10,BirdDrone-Local,1565,1,1,0,0,0,0,0.7870497703552246
video10,BirdDrone-Local,1566,2,2,0,0,1,0,0.7830559015274048
video10,BirdDrone-Local,1567,1,1,0,0,0,0,0.7928779721260071
video10,BirdDrone-Local,1568,1,1,0,0,0,0,0.7880667448043823
video10,BirdDrone-Local,1569,1,1,0,0,0,0,0.7937413454055786
video10,BirdDrone-Local,1570,1,1,0,0,0,0,0.7798399925231934
video10,BirdDrone-Local,1571,1,1,0,0,0,0,0.790416955947876
video10,BirdDrone-Local,1572,1,1,0,0,0,0,0.7892463803291321
video10,BirdDrone-Local,1573,2,2,0,0,1,0,0.7848587036132812
video10,BirdDrone-Local,1574,1,1,0,0,0,0,0.7828893661499023
video10,BirdDrone-Local,1575,1,1,0,0,0,0,0.802401065826416
video10,BirdDrone-Local,1576,1,1,0,0,0,0,0.8015049695968628
video10,BirdDrone-Local,1577,1,1,0,0,0,0,0.7880572080612183
video10,BirdDrone-Local,1578,1,1,0,0,0,0,0.7926279306411743
video10,BirdDrone-Local,1579,1,1,0,0,0,0,0.7919163107872009
video10,BirdDrone-Local,1580,1,1,0,0,0,0,0.7945839762687683
video10,BirdDrone-Local,1581,1,1,0,0,0,0,0.8043912053108215
video10,BirdDrone-Local,1582,1,1,0,0,0,0,0.8088056445121765
video10,BirdDrone-Local,1583,1,1,0,0,0,0,0.7925511002540588
video10,BirdDrone-Local,1584,1,1,0,0,0,0,0.8093286156654358
video10,BirdDrone-Local,1585,1,1,0,0,0,0,0.8129401206970215
video10,BirdDrone-Local,1586,1,1,0,0,0,0,0.7920485734939575
video10,BirdDrone-Local,1587,1,1,0,0,0,0,0.7760829925537109
video10,BirdDrone-Local,1588,1,1,0,0,0,0,0.786716878414154
video10,BirdDrone-Local,1589,1,1,0,0,0,0,0.7918665409088135
video10,BirdDrone-Local,1590,1,1,0,0,0,0,0.7935053110122681
video10,BirdDrone-Local,1591,1,1,0,0,0,0,0.7832238674163818
video10,BirdDrone-Local,1592,1,1,0,0,0,0,0.7823026776313782
video10,BirdDrone-Local,1593,1,1,0,0,0,0,0.7622500658035278
video10,BirdDrone-Local,1594,1,1,0,0,0,0,0.7953332662582397
video10,BirdDrone-Local,1595,1,1,0,0,0,0,0.8072568774223328
video10,BirdDrone-Local,1596,1,1,0,0,0,0,0.783656895160675
video10,BirdDrone-Local,1597,1,1,0,0,0,0,0.7988817691802979
video10,BirdDrone-Local,1598,1,1,0,0,0,0,0.8018458485603333
video10,BirdDrone-Local,1599,1,1,0,0,0,0,0.8145737648010254
video10,BirdDrone-Local,1600,1,1,0,0,0,0,0.7952830791473389
video10,BirdDrone-Local,1601,1,1,0,0,0,0,0.7949317693710327
video10,BirdDrone-Local,1602,1,1,0,0,0,0,0.8160215020179749
video10,BirdDrone-Local,1603,1,1,0,0,0,0,0.8247272968292236
video10,BirdDrone-Local,1604,1,1,0,0,0,0,0.8092642426490784
video10,BirdDrone-Local,1605,1,1,0,0,0,0,0.8214004635810852
video10,BirdDrone-Local,1606,1,1,0,0,0,0,0.802445650100708
video10,BirdDrone-Local,1607,1,1,0,0,0,0,0.7935320138931274
video10,BirdDrone-Local,1608,1,1,0,0,0,0,0.7426733374595642
video10,BirdDrone-Local,1609,1,1,0,0,0,0,0.8050996661186218
video10,BirdDrone-Local,1610,1,1,0,0,0,0,0.8405670523643494
video10,BirdDrone-Local,1611,1,1,0,0,0,0,0.7923660278320312
video10,BirdDrone-Local,1612,1,1,0,0,0,0,0.7311851382255554
video10,BirdDrone-Local,1613,1,1,0,0,0,0,0.6774454712867737
video10,BirdDrone-Local,1614,1,1,0,0,0,0,0.7742573618888855
video10,BirdDrone-Local,1615,1,1,0,0,0,0,0.682242214679718
video10,BirdDrone-Local,1616,1,1,0,0,0,0,0.5123335123062134
video10,BirdDrone-Local,1617,1,1,0,0,0,0,0.7544697523117065
video10,BirdDrone-Local,1618,1,1,0,0,0,0,0.6207091808319092
video10,BirdDrone-Local,1619,1,1,0,0,0,0,0.5491606593132019
video10,BirdDrone-Local,1620,2,2,0,0,0,0,0.4962659776210785
video10,BirdDrone-Local,1621,2,2,0,0,0,0,0.7987107038497925
video10,BirdDrone-Local,1622,2,2,0,0,0,0,0.6698154807090759
video10,BirdDrone-Local,1623,1,1,0,0,0,0,0.551682710647583
video10,BirdDrone-Local,1624,1,1,0,0,0,0,0.3739432394504547
video10,BirdDrone-Local,1625,1,1,0,0,1,0,0.32848313450813293
video10,BirdDrone-Local,1626,1,1,0,0,0,0,0.37553805112838745
video10,BirdDrone-Local,1627,2,2,0,0,1,0,0.3855437636375427
video10,BirdDrone-Local,1628,2,2,0,0,2,0,0.30345839262008667
video10,BirdDrone-Local,1629,1,1,0,0,0,0,0.4112616777420044
video10,BirdDrone-Local,1630,2,2,0,0,2,0,0.3275439441204071
video10,BirdDrone-Local,1631,2,2,0,0,2,0,0.28912484645843506
video10,BirdDrone-Local,1632,1,1,0,0,1,0,0.3063950836658478
video10,BirdDrone-Local,1633,1,1,0,0,0,0,0.4157838225364685
video10,BirdDrone-Local,1634,1,1,0,0,0,0,0.4348953068256378
video10,BirdDrone-Local,1635,0,0,0,0,0,0,0.0
video10,BirdDrone-Local,1636,0,0,0,0,0,0,0.0
video10,BirdDrone-Local,1637,0,0,0,0,0,0,0.0
video10,BirdDrone-Local,1638,0,0,0,0,0,0,0.0
video10,BirdDrone-Local,1639,0,0,0,0,0,0,0.0
video10,BirdDrone-Local,1640,0,0,0,0,0,0,0.0
video10,BirdDrone-Local,1641,0,0,0,0,0,0,0.0
video10,BirdDrone-Local,1642,0,0,0,0,0,0,0.0
video10,BirdDrone-Local,1643,0,0,0,0,0,0,0.0
video10,BirdDrone-Local,1644,0,0,0,0,0,0,0.0
video10,BirdDrone-Local,1645,0,0,0,0,0,0,0.0
video10,BirdDrone-Local,1646,0,0,0,0,0,0,0.0
video10,BirdDrone-Local,1647,1,1,0,0,1,0,0.32618653774261475
video10,BirdDrone-Local,1648,1,1,0,0,1,0,0.264116108417511
video10,BirdDrone-Local,1649,0,0,0,0,0,0,0.0
video10,BirdDrone-Local,1650,1,1,0,0,1,0,0.3164493143558502
video10,BirdDrone-Local,1651,1,1,0,0,0,0,0.36155977845191956
video10,BirdDrone-Local,1652,1,1,0,0,1,0,0.3178101181983948
video10,BirdDrone-Local,1653,1,1,0,0,1,0,0.33814626932144165
video10,BirdDrone-Local,1654,1,1,0,0,0,0,0.3828839063644409
video10,BirdDrone-Local,1655,1,1,0,0,1,0,0.3499426543712616
video10,BirdDrone-Local,1656,1,1,0,0,1,0,0.2584540843963623
video10,BirdDrone-Local,1657,1,1,0,0,1,0,0.27262866497039795
video10,BirdDrone-Local,1658,1,1,0,0,0,0,0.38620850443840027
video10,BirdDrone-Local,1659,1,1,0,0,0,0,0.44227632880210876
video10,BirdDrone-Local,1660,1,1,0,0,0,0,0.483166366815567
video10,BirdDrone-Local,1661,1,1,0,0,1,0,0.34453433752059937
video10,BirdDrone-Local,1662,1,1,0,0,0,0,0.41286900639533997
video10,BirdDrone-Local,1663,1,1,0,0,0,0,0.4337425231933594
video10,BirdDrone-Local,1664,0,0,0,0,0,0,0.0
video10,BirdDrone-Local,1665,0,0,0,0,0,0,0.0
video10,BirdDrone-Local,1666,0,0,0,0,0,0,0.0
video10,BirdDrone-Local,1667,0,0,0,0,0,0,0.0
video10,BirdDrone-Local,1668,0,0,0,0,0,0,0.0
video10,BirdDrone-Local,1669,0,0,0,0,0,0,0.0
video10,BirdDrone-Local,1670,0,0,0,0,0,0,0.0
video10,BirdDrone-Local,1671,0,0,0,0,0,0,0.0
video10,BirdDrone-Local,1672,0,0,0,0,0,0,0.0
video10,BirdDrone-Local,1673,0,0,0,0,0,0,0.0
video10,BirdDrone-Local,1674,0,0,0,0,0,0,0.0
video10,BirdDrone-Local,1675,0,0,0,0,0,0,0.0
video10,BirdDrone-Local,1676,0,0,0,0,0,0,0.0
video10,BirdDrone-Local,1677,0,0,0,0,0,0,0.0
video10,BirdDrone-Local,1678,0,0,0,0,0,0,0.0
video10,BirdDrone-Local,1679,0,0,0,0,0,0,0.0
video10,BirdDrone-Local,1680,0,0,0,0,0,0,0.0
video10,BirdDrone-Local,1681,0,0,0,0,0,0,0.0
video10,BirdDrone-Local,1682,0,0,0,0,0,0,0.0
video10,BirdDrone-Local,1683,0,0,0,0,0,0,0.0
video10,BirdDrone-Local,1684,1,1,0,0,0,0,0.3613949418067932
video10,BirdDrone-Local,1685,1,1,0,0,0,0,0.5214701890945435
video10,BirdDrone-Local,1686,1,1,0,0,1,0,0.3400998115539551
video10,BirdDrone-Local,1687,1,1,0,0,0,0,0.3683173656463623
video10,BirdDrone-Local,1688,1,1,0,0,1,0,0.27405792474746704
video10,BirdDrone-Local,1689,1,1,0,0,1,0,0.29236873984336853
video10,BirdDrone-Local,1690,0,0,0,0,0,0,0.0
video10,BirdDrone-Local,1691,0,0,0,0,0,0,0.0
video10,BirdDrone-Local,1692,0,0,0,0,0,0,0.0
video10,BirdDrone-Local,1693,1,1,0,0,1,0,0.34629881381988525
video10,BirdDrone-Local,1694,1,1,0,0,1,0,0.25020989775657654
video10,BirdDrone-Local,1695,1,1,0,0,0,0,0.3713596761226654
video10,BirdDrone-Local,1696,1,1,0,0,0,0,0.36324599385261536
video10,BirdDrone-Local,1697,0,0,0,0,0,0,0.0
video10,BirdDrone-Local,1698,0,0,0,0,0,0,0.0
video10,BirdDrone-Local,1699,0,0,0,0,0,0,0.0
video10,BirdDrone-Local,1700,1,1,0,0,0,0,0.3631255626678467
video10,BirdDrone-Local,1701,1,1,0,0,1,0,0.261958509683609
video10,BirdDrone-Local,1702,1,1,0,0,1,0,0.2776486277580261
video10,BirdDrone-Local,1703,1,1,0,0,1,0,0.2946152687072754
video10,BirdDrone-Local,1704,1,1,0,0,0,0,0.5233913064002991
video10,BirdDrone-Local,1705,1,1,0,0,0,0,0.560840904712677
video10,BirdDrone-Local,1706,0,0,0,0,0,0,0.0
video10,BirdDrone-Local,1707,1,1,0,0,0,0,0.4199594557285309
video10,BirdDrone-Local,1708,1,1,0,0,1,0,0.33161357045173645
video10,BirdDrone-Local,1709,1,1,0,0,1,0,0.2746178209781647
video10,BirdDrone-Local,1710,0,0,0,0,0,0,0.0
video10,BirdDrone-Local,1711,0,0,0,0,0,0,0.0
video10,BirdDrone-Local,1712,1,1,0,0,0,0,0.3565748929977417
video10,BirdDrone-Local,1713,1,1,0,0,1,0,0.3089803457260132
video10,BirdDrone-Local,1714,1,1,0,0,1,0,0.2752698063850403
video10,BirdDrone-Local,1715,0,0,0,0,0,0,0.0
video10,BirdDrone-Local,1716,1,1,0,0,0,0,0.4451182782649994
video10,BirdDrone-Local,1717,1,1,0,0,0,0,0.4729701578617096
video10,BirdDrone-Local,1718,1,1,0,0,1,0,0.31300249695777893
video10,BirdDrone-Local,1719,1,1,0,0,1,0,0.3134109377861023
video10,BirdDrone-Local,1720,1,1,0,0,0,0,0.5450875759124756
video10,BirdDrone-Local,1721,1,1,0,0,0,0,0.48401516675949097
video10,BirdDrone-Local,1722,1,1,0,0,0,0,0.4922415316104889
video10,BirdDrone-Local,1723,1,1,0,0,0,0,0.4462670385837555
video10,BirdDrone-Local,1724,1,1,0,0,0,0,0.4143665134906769
video10,BirdDrone-Local,1725,1,1,0,0,0,0,0.38674014806747437
video10,BirdDrone-Local,1726,1,1,0,0,0,0,0.37325721979141235
video10,BirdDrone-Local,1727,1,1,0,0,1,0,0.32033926248550415
video10,BirdDrone-Local,1728,1,1,0,0,0,0,0.38500741124153137
video10,BirdDrone-Local,1729,1,1,0,0,0,0,0.45383527874946594
video10,BirdDrone-Local,1730,1,1,0,0,0,0,0.4809502959251404
video10,BirdDrone-Local,1731,1,1,0,0,1,0,0.33848485350608826
video10,BirdDrone-Local,1732,1,1,0,0,0,0,0.42706298828125
video10,BirdDrone-Local,1733,1,1,0,0,1,0,0.2992783784866333
video10,BirdDrone-Local,1734,1,1,0,0,1,0,0.31237635016441345
video10,BirdDrone-Local,1735,0,0,0,0,0,0,0.0
video10,BirdDrone-Local,1736,0,0,0,0,0,0,0.0
video10,BirdDrone-Local,1737,1,1,0,0,1,0,0.2520733177661896
video10,BirdDrone-Local,1738,1,1,0,0,1,0,0.3040672838687897
video10,BirdDrone-Local,1739,0,0,0,0,0,0,0.0
video10,BirdDrone-Local,1740,0,0,0,0,0,0,0.0
video10,BirdDrone-Local,1741,0,0,0,0,0,0,0.0
video10,BirdDrone-Local,1742,0,0,0,0,0,0,0.0
video10,BirdDrone-Local,1743,0,0,0,0,0,0,0.0
video10,BirdDrone-Local,1744,0,0,0,0,0,0,0.0
video10,BirdDrone-Local,1745,1,1,0,0,1,0,0.26640647649765015
video10,BirdDrone-Local,1746,1,1,0,0,0,0,0.4624135494232178
video10,BirdDrone-Local,1747,1,1,0,0,0,0,0.7200467586517334
video10,BirdDrone-Local,1748,1,1,0,0,0,0,0.5103933215141296
video10,BirdDrone-Local,1749,0,0,0,0,0,0,0.0
video10,BirdDrone-Local,1750,0,0,0,0,0,0,0.0
video10,BirdDrone-Local,1751,0,0,0,0,0,0,0.0
video10,BirdDrone-Local,1752,0,0,0,0,0,0,0.0
video10,BirdDrone-Local,1753,1,1,0,0,1,0,0.2592204809188843
video10,BirdDrone-Local,1754,0,0,0,0,0,0,0.0
video10,BirdDrone-Local,1755,0,0,0,0,0,0,0.0
video10,BirdDrone-Local,1756,0,0,0,0,0,0,0.0
video10,BirdDrone-Local,1757,1,1,0,0,1,0,0.25968682765960693
video10,BirdDrone-Local,1758,1,1,0,0,1,0,0.3169578015804291
video10,BirdDrone-Local,1759,2,2,0,0,1,0,0.627018928527832
video10,BirdDrone-Local,1760,2,2,0,0,2,0,0.3423073887825012
video10,BirdDrone-Local,1761,0,0,0,0,0,0,0.0
video10,BirdDrone-Local,1762,1,1,0,0,1,0,0.2523428499698639
video10,BirdDrone-Local,1763,0,0,0,0,0,0,0.0
video10,BirdDrone-Local,1764,0,0,0,0,0,0,0.0
video10,BirdDrone-Local,1765,0,0,0,0,0,0,0.0
video10,BirdDrone-Local,1766,0,0,0,0,0,0,0.0
video10,BirdDrone-Local,1767,0,0,0,0,0,0,0.0
video10,BirdDrone-Local,1768,0,0,0,0,0,0,0.0
video10,BirdDrone-Local,1769,0,0,0,0,0,0,0.0
video10,BirdDrone-Local,1770,0,0,0,0,0,0,0.0
video10,BirdDrone-Local,1771,0,0,0,0,0,0,0.0
video10,BirdDrone-Local,1772,0,0,0,0,0,0,0.0
video10,BirdDrone-Local,1773,0,0,0,0,0,0,0.0
video10,BirdDrone-Local,1774,0,0,0,0,0,0,0.0
video10,BirdDrone-Local,1775,0,0,0,0,0,0,0.0
video10,BirdDrone-Local,1776,0,0,0,0,0,0,0.0
video10,BirdDrone-Local,1777,0,0,0,0,0,0,0.0
video10,BirdDrone-Local,1778,0,0,0,0,0,0,0.0
video10,BirdDrone-Local,1779,0,0,0,0,0,0,0.0
video10,BirdDrone-Local,1780,0,0,0,0,0,0,0.0
video10,BirdDrone-Local,1781,0,0,0,0,0,0,0.0
video10,BirdDrone-Local,1782,0,0,0,0,0,0,0.0
video10,BirdDrone-Local,1783,0,0,0,0,0,0,0.0
video10,BirdDrone-Local,1784,0,0,0,0,0,0,0.0
video10,BirdDrone-Local,1785,0,0,0,0,0,0,0.0
video10,BirdDrone-Local,1786,0,0,0,0,0,0,0.0
video10,BirdDrone-Local,1787,0,0,0,0,0,0,0.0
video10,BirdDrone-Local,1788,0,0,0,0,0,0,0.0
video10,BirdDrone-Local,1789,0,0,0,0,0,0,0.0
video10,BirdDrone-Local,1790,0,0,0,0,0,0,0.0
video10,BirdDrone-Local,1791,0,0,0,0,0,0,0.0
video10,BirdDrone-Local,1792,0,0,0,0,0,0,0.0
video10,BirdDrone-Local,1793,0,0,0,0,0,0,0.0
video10,BirdDrone-Local,1794,0,0,0,0,0,0,0.0
video10,BirdDrone-Local,1795,0,0,0,0,0,0,0.0
video10,BirdDrone-Local,1796,0,0,0,0,0,0,0.0
video10,BirdDrone-Local,1797,0,0,0,0,0,0,0.0
video10,BirdDrone-Local,1798,0,0,0,0,0,0,0.0
video10,BirdDrone-Local,1799,0,0,0,0,0,0,0.0
video10,BirdDrone-Local,1800,0,0,0,0,0,0,0.0
video10,BirdDrone-Local,1801,0,0,0,0,0,0,0.0
video10,BirdDrone-Local,1802,0,0,0,0,0,0,0.0
video10,BirdDrone-Local,1803,0,0,0,0,0,0,0.0
video10,BirdDrone-Local,1804,0,0,0,0,0,0,0.0
video10,BirdDrone-Local,1805,0,0,0,0,0,0,0.0
video10,BirdDrone-Local,1806,0,0,0,0,0,0,0.0
video10,BirdDrone-Local,1807,0,0,0,0,0,0,0.0
video10,BirdDrone-Local,1808,0,0,0,0,0,0,0.0
video10,BirdDrone-Local,1809,0,0,0,0,0,0,0.0
video10,BirdDrone-Local,1810,0,0,0,0,0,0,0.0
video10,BirdDrone-Local,1811,0,0,0,0,0,0,0.0
video10,BirdDrone-Local,1812,0,0,0,0,0,0,0.0
video10,BirdDrone-Local,1813,0,0,0,0,0,0,0.0
video10,BirdDrone-Local,1814,1,1,0,0,0,0,0.4833373725414276
video10,BirdDrone-Local,1815,0,0,0,0,0,0,0.0
video10,BirdDrone-Local,1816,0,0,0,0,0,0,0.0
video10,BirdDrone-Local,1817,0,0,0,0,0,0,0.0
video10,BirdDrone-Local,1818,0,0,0,0,0,0,0.0
video10,BirdDrone-Local,1819,1,1,0,0,0,0,0.48901042342185974
video10,BirdDrone-Local,1820,1,1,0,0,0,0,0.5307980179786682
video10,BirdDrone-Local,1821,1,1,0,0,0,0,0.4242437779903412
video10,BirdDrone-Local,1822,1,1,0,0,0,0,0.36803606152534485
video10,BirdDrone-Local,1823,0,0,0,0,0,0,0.0
video10,BirdDrone-Local,1824,0,0,0,0,0,0,0.0
video10,BirdDrone-Local,1825,0,0,0,0,0,0,0.0
video10,BirdDrone-Local,1826,0,0,0,0,0,0,0.0
video10,BirdDrone-Local,1827,1,1,0,0,1,0,0.27632564306259155
video10,BirdDrone-Local,1828,0,0,0,0,0,0,0.0
video10,BirdDrone-Local,1829,0,0,0,0,0,0,0.0
video10,BirdDrone-Local,1830,0,0,0,0,0,0,0.0
video10,BirdDrone-Local,1831,0,0,0,0,0,0,0.0
video10,BirdDrone-Local,1832,0,0,0,0,0,0,0.0
video10,BirdDrone-Local,1833,0,0,0,0,0,0,0.0
video10,BirdDrone-Local,1834,0,0,0,0,0,0,0.0
video10,BirdDrone-Local,1835,1,1,0,0,1,0,0.30197441577911377
video10,BirdDrone-Local,1836,1,1,0,0,0,0,0.41344153881073
video10,BirdDrone-Local,1837,1,1,0,0,1,0,0.29786112904548645
video10,BirdDrone-Local,1838,0,0,0,0,0,0,0.0
video10,BirdDrone-Local,1839,0,0,0,0,0,0,0.0
video10,BirdDrone-Local,1840,0,0,0,0,0,0,0.0
video10,BirdDrone-Local,1841,0,0,0,0,0,0,0.0
video10,BirdDrone-Local,1842,0,0,0,0,0,0,0.0
video10,BirdDrone-Local,1843,1,1,0,0,0,0,0.3683035969734192
video10,BirdDrone-Local,1844,0,0,0,0,0,0,0.0
video10,BirdDrone-Local,1845,0,0,0,0,0,0,0.0
video10,BirdDrone-Local,1846,1,1,0,0,0,0,0.7456575036048889
video10,BirdDrone-Local,1847,1,1,0,0,0,0,0.4376779794692993
video10,BirdDrone-Local,1848,0,0,0,0,0,0,0.0
video10,BirdDrone-Local,1849,1,1,0,0,0,0,0.553307294845581
video10,BirdDrone-Local,1850,1,1,0,0,0,0,0.6806218028068542
video10,BirdDrone-Local,1851,1,1,0,0,0,0,0.6512262225151062
video10,BirdDrone-Local,1852,1,1,0,0,0,0,0.7316379547119141
video10,BirdDrone-Local,1853,1,1,0,0,0,0,0.6845272779464722
video10,BirdDrone-Local,1854,1,1,0,0,0,0,0.6775379776954651
video10,BirdDrone-Local,1855,1,1,0,0,0,0,0.5864437222480774
video10,BirdDrone-Local,1856,1,1,0,0,0,0,0.4998178482055664
video10,BirdDrone-Local,1857,1,1,0,0,0,0,0.3837421238422394
video10,BirdDrone-Local,1858,2,2,0,0,2,0,0.29907160997390747
video10,BirdDrone-Local,1859,1,1,0,0,0,0,0.5480863451957703
video10,BirdDrone-Local,1860,1,1,0,0,0,0,0.46843916177749634
video10,BirdDrone-Local,1861,1,1,0,0,0,0,0.44793567061424255
video10,BirdDrone-Local,1862,1,1,0,0,0,0,0.415399432182312
video10,BirdDrone-Local,1863,1,1,0,0,0,0,0.5310212969779968
video10,BirdDrone-Local,1864,0,0,0,0,0,0,0.0
video10,BirdDrone-Local,1865,0,0,0,0,0,0,0.0
video10,BirdDrone-Local,1866,0,0,0,0,0,0,0.0
video10,BirdDrone-Local,1867,0,0,0,0,0,0,0.0
video10,BirdDrone-Local,1868,0,0,0,0,0,0,0.0
video10,BirdDrone-Local,1869,0,0,0,0,0,0,0.0
video10,BirdDrone-Local,1870,0,0,0,0,0,0,0.0
video10,BirdDrone-Local,1871,0,0,0,0,0,0,0.0
video10,BirdDrone-Local,1872,0,0,0,0,0,0,0.0
video10,BirdDrone-Local,1873,0,0,0,0,0,0,0.0
video10,BirdDrone-Local,1874,0,0,0,0,0,0,0.0
video10,BirdDrone-Local,1875,0,0,0,0,0,0,0.0
video10,BirdDrone-Local,1876,1,1,0,0,0,0,0.38287216424942017
video10,BirdDrone-Local,1877,0,0,0,0,0,0,0.0
video10,BirdDrone-Local,1878,0,0,0,0,0,0,0.0
video10,BirdDrone-Local,1879,1,1,0,0,1,0,0.30223336815834045
video10,BirdDrone-Local,1880,1,1,0,0,0,0,0.5391398668289185
video10,BirdDrone-Local,1881,1,1,0,0,1,0,0.3293660283088684
video10,BirdDrone-Local,1882,1,1,0,0,0,0,0.4291142225265503
video10,BirdDrone-Local,1883,1,1,0,0,0,0,0.4289207458496094
video10,BirdDrone-Local,1884,1,1,0,0,0,0,0.3871840238571167
video10,BirdDrone-Local,1885,1,1,0,0,0,0,0.4329935908317566
video10,BirdDrone-Local,1886,0,0,0,0,0,0,0.0
video10,BirdDrone-Local,1887,0,0,0,0,0,0,0.0
video10,BirdDrone-Local,1888,0,0,0,0,0,0,0.0
video10,BirdDrone-Local,1889,0,0,0,0,0,0,0.0
video10,BirdDrone-Local,1890,0,0,0,0,0,0,0.0
video10,BirdDrone-Local,1891,0,0,0,0,0,0,0.0
video10,BirdDrone-Local,1892,0,0,0,0,0,0,0.0
video10,BirdDrone-Local,1893,0,0,0,0,0,0,0.0
video10,BirdDrone-Local,1894,0,0,0,0,0,0,0.0
video10,BirdDrone-Local,1895,0,0,0,0,0,0,0.0
video10,BirdDrone-Local,1896,0,0,0,0,0,0,0.0
video10,BirdDrone-Local,1897,0,0,0,0,0,0,0.0
video10,BirdDrone-Local,1898,0,0,0,0,0,0,0.0
video10,BirdDrone-Local,1899,0,0,0,0,0,0,0.0
video10,BirdDrone-Local,1900,0,0,0,0,0,0,0.0
video10,BirdDrone-Local,1901,0,0,0,0,0,0,0.0
video10,BirdDrone-Local,1902,0,0,0,0,0,0,0.0
video10,BirdDrone-Local,1903,0,0,0,0,0,0,0.0
video10,BirdDrone-Local,1904,0,0,0,0,0,0,0.0
video10,BirdDrone-Local,1905,0,0,0,0,0,0,0.0
video10,BirdDrone-Local,1906,0,0,0,0,0,0,0.0
video10,BirdDrone-Local,1907,0,0,0,0,0,0,0.0
video10,BirdDrone-Local,1908,0,0,0,0,0,0,0.0
video10,BirdDrone-Local,1909,0,0,0,0,0,0,0.0
video10,BirdDrone-Local,1910,0,0,0,0,0,0,0.0
video10,BirdDrone-Local,1911,0,0,0,0,0,0,0.0
video10,BirdDrone-Local,1912,0,0,0,0,0,0,0.0
video10,BirdDrone-Local,1913,0,0,0,0,0,0,0.0
video10,BirdDrone-Local,1914,0,0,0,0,0,0,0.0
video10,BirdDrone-Local,1915,0,0,0,0,0,0,0.0
video10,BirdDrone-Local,1916,0,0,0,0,0,0,0.0
video10,BirdDrone-Local,1917,0,0,0,0,0,0,0.0
video10,BirdDrone-Local,1918,0,0,0,0,0,0,0.0
video10,BirdDrone-Local,1919,0,0,0,0,0,0,0.0
video10,BirdDrone-Local,1920,0,0,0,0,0,0,0.0
video10,BirdDrone-Local,1921,0,0,0,0,0,0,0.0
video10,BirdDrone-Local,1922,0,0,0,0,0,0,0.0
video10,BirdDrone-Local,1923,0,0,0,0,0,0,0.0
video10,BirdDrone-Local,1924,0,0,0,0,0,0,0.0
video10,BirdDrone-Local,1925,0,0,0,0,0,0,0.0
video10,BirdDrone-Local,1926,0,0,0,0,0,0,0.0
video10,BirdDrone-Local,1927,0,0,0,0,0,0,0.0
video10,BirdDrone-Local,1928,0,0,0,0,0,0,0.0
video10,BirdDrone-Local,1929,0,0,0,0,0,0,0.0
video10,BirdDrone-Local,1930,1,1,0,0,0,0,0.5400335192680359
video10,BirdDrone-Local,1931,1,1,0,0,0,0,0.46775197982788086
video10,BirdDrone-Local,1932,0,0,0,0,0,0,0.0
video10,BirdDrone-Local,1933,0,0,0,0,0,0,0.0
video10,BirdDrone-Local,1934,0,0,0,0,0,0,0.0
video10,BirdDrone-Local,1935,0,0,0,0,0,0,0.0
video10,BirdDrone-Local,1936,1,1,0,0,0,0,0.6024090647697449
video10,BirdDrone-Local,1937,1,1,0,0,0,0,0.8376865983009338
video10,BirdDrone-Local,1938,1,1,0,0,0,0,0.813842236995697
video10,BirdDrone-Local,1939,1,1,0,0,0,0,0.8057475090026855
video10,BirdDrone-Local,1940,1,1,0,0,0,0,0.8114528656005859
video10,BirdDrone-Local,1941,1,1,0,0,0,0,0.6438853740692139
video10,BirdDrone-Local,1942,0,0,0,0,0,0,0.0
video10,BirdDrone-Local,1943,1,1,0,0,0,0,0.42507562041282654
video10,BirdDrone-Local,1944,1,1,0,0,0,0,0.466824471950531
video10,BirdDrone-Local,1945,1,1,0,0,0,0,0.8302595019340515
video10,BirdDrone-Local,1946,1,1,0,0,0,0,0.7799696326255798
video10,BirdDrone-Local,1947,1,1,0,0,0,0,0.508754312992096
video10,BirdDrone-Local,1948,1,1,0,0,0,0,0.6860854029655457
video10,BirdDrone-Local,1949,1,1,0,0,1,0,0.2959149479866028
video10,BirdDrone-Local,1950,1,1,0,0,0,0,0.3957328796386719
video10,BirdDrone-Local,1951,1,1,0,0,0,0,0.575946033000946
video10,BirdDrone-Local,1952,1,1,0,0,0,0,0.7449228167533875
video10,BirdDrone-Local,1953,1,1,0,0,0,0,0.7923926711082458
video10,BirdDrone-Local,1954,1,1,0,0,0,0,0.42347201704978943
video10,BirdDrone-Local,1955,1,1,0,0,0,0,0.546263575553894
video10,BirdDrone-Local,1956,0,0,0,0,0,0,0.0
video10,BirdDrone-Local,1957,1,1,0,0,0,0,0.6309969425201416
video10,BirdDrone-Local,1958,1,1,0,0,0,0,0.7155470848083496
video10,BirdDrone-Local,1959,1,1,0,0,0,0,0.7407726049423218
video10,BirdDrone-Local,1960,1,1,0,0,0,0,0.7691767811775208
video10,BirdDrone-Local,1961,1,1,0,0,0,0,0.7621185183525085
video10,BirdDrone-Local,1962,1,1,0,0,0,0,0.7346125245094299
video10,BirdDrone-Local,1963,0,0,0,0,0,0,0.0
video10,BirdDrone-Local,1964,1,1,0,0,0,0,0.7057798504829407
video10,BirdDrone-Local,1965,1,1,0,0,0,0,0.7835931777954102
video10,BirdDrone-Local,1966,1,1,0,0,0,0,0.7075006365776062
video10,BirdDrone-Local,1967,1,1,0,0,0,0,0.5767096281051636
video10,BirdDrone-Local,1968,1,1,0,0,0,0,0.6358440518379211
video10,BirdDrone-Local,1969,0,0,0,0,0,0,0.0
video10,BirdDrone-Local,1970,0,0,0,0,0,0,0.0
video10,BirdDrone-Local,1971,1,1,0,0,0,0,0.7745093107223511
video10,BirdDrone-Local,1972,1,1,0,0,0,0,0.7475950717926025
video10,BirdDrone-Local,1973,1,1,0,0,0,0,0.56487637758255
video10,BirdDrone-Local,1974,1,1,0,0,0,0,0.6954303979873657
video10,BirdDrone-Local,1975,1,1,0,0,0,0,0.4216957986354828
video10,BirdDrone-Local,1976,0,0,0,0,0,0,0.0
video10,BirdDrone-Local,1977,0,0,0,0,0,0,0.0
video10,BirdDrone-Local,1978,1,1,0,0,0,0,0.6673009991645813
video10,BirdDrone-Local,1979,1,1,0,0,0,0,0.6822847723960876
video10,BirdDrone-Local,1980,1,1,0,0,0,0,0.5124648213386536
video10,BirdDrone-Local,1981,0,0,0,0,0,0,0.0
video10,BirdDrone-Local,1982,0,0,0,0,0,0,0.0
video10,BirdDrone-Local,1983,0,0,0,0,0,0,0.0
video10,BirdDrone-Local,1984,0,0,0,0,0,0,0.0
video10,BirdDrone-Local,1985,1,1,0,0,0,0,0.37936490774154663
video10,BirdDrone-Local,1986,1,1,0,0,1,0,0.32675379514694214
video10,BirdDrone-Local,1987,1,1,0,0,0,0,0.5638407468795776
video10,BirdDrone-Local,1988,1,1,0,0,0,0,0.4026501476764679
video10,BirdDrone-Local,1989,0,0,0,0,0,0,0.0
video10,BirdDrone-Local,1990,0,0,0,0,0,0,0.0
video10,BirdDrone-Local,1991,1,1,0,0,0,0,0.7027137875556946
video10,BirdDrone-Local,1992,1,1,0,0,0,0,0.5066812634468079
video10,BirdDrone-Local,1993,1,1,0,0,0,0,0.36180436611175537
video10,BirdDrone-Local,1994,1,1,0,0,0,0,0.6060723066329956
video10,BirdDrone-Local,1995,1,1,0,0,0,0,0.6192401647567749
video10,BirdDrone-Local,1996,0,0,0,0,0,0,0.0
video10,BirdDrone-Local,1997,0,0,0,0,0,0,0.0
video10,BirdDrone-Local,1998,0,0,0,0,0,0,0.0
video10,BirdDrone-Local,1999,1,1,0,0,0,0,0.612469494342804
video10,BirdDrone-Local,2000,1,1,0,0,0,0,0.6888325810432434
video10,BirdDrone-Local,2001,1,1,0,0,0,0,0.846270740032196
video10,BirdDrone-Local,2002,1,1,0,0,0,0,0.7733834981918335
video10,BirdDrone-Local,2003,1,1,0,0,0,0,0.8064036965370178
video10,BirdDrone-Local,2004,1,1,0,0,0,0,0.8326176404953003
video10,BirdDrone-Local,2005,1,1,0,0,0,0,0.8396567106246948
video10,BirdDrone-Local,2006,1,1,0,0,0,0,0.7167763113975525
video10,BirdDrone-Local,2007,1,1,0,0,0,0,0.7417925596237183
video10,BirdDrone-Local,2008,1,1,0,0,0,0,0.8020966053009033
video10,BirdDrone-Local,2009,1,1,0,0,0,0,0.8158671259880066
video10,BirdDrone-Local,2010,1,1,0,0,0,0,0.8464300036430359
video10,BirdDrone-Local,2011,1,1,0,0,0,0,0.8441143035888672
video10,BirdDrone-Local,2012,1,1,0,0,0,0,0.8518384695053101
video10,BirdDrone-Local,2013,1,1,0,0,0,0,0.834488570690155
video10,BirdDrone-Local,2014,1,1,0,0,0,0,0.8374437689781189
video10,BirdDrone-Local,2015,1,1,0,0,0,0,0.8424648642539978
video10,BirdDrone-Local,2016,1,1,0,0,0,0,0.7421077489852905
video10,BirdDrone-Local,2017,1,1,0,0,0,0,0.7669601440429688
video10,BirdDrone-Local,2018,2,2,0,0,0,0,0.7964511513710022
video10,BirdDrone-Local,2019,1,1,0,0,0,0,0.7523053884506226
video10,BirdDrone-Local,2020,1,1,0,0,0,0,0.8392775654792786
video10,BirdDrone-Local,2021,2,2,0,0,1,0,0.6978418231010437
video10,BirdDrone-Local,2022,2,2,0,0,0,0,0.6050016283988953
video10,BirdDrone-Local,2023,1,1,0,0,0,0,0.6896066069602966
video10,BirdDrone-Local,2024,1,1,0,0,0,0,0.7571912407875061
video10,BirdDrone-Local,2025,2,2,0,0,1,0,0.7704302072525024
video10,BirdDrone-Local,2026,2,2,0,0,1,0,0.7087473273277283
video10,BirdDrone-Local,2027,2,2,0,0,0,0,0.6979912519454956
video10,BirdDrone-Local,2028,2,2,0,0,0,0,0.7813929915428162
video10,BirdDrone-Local,2029,2,2,0,0,0,0,0.805523157119751
video10,BirdDrone-Local,2030,2,2,0,0,1,0,0.7997442483901978
video10,BirdDrone-Local,2031,1,1,0,0,0,0,0.7819218635559082
video10,BirdDrone-Local,2032,1,1,0,0,0,0,0.8413010835647583
video10,BirdDrone-Local,2033,1,1,0,0,0,0,0.5153902769088745
video10,BirdDrone-Local,2034,1,1,0,0,0,0,0.6807016134262085
video10,BirdDrone-Local,2035,1,1,0,0,0,0,0.6160612106323242
video10,BirdDrone-Local,2036,1,1,0,0,0,0,0.7574426531791687
video10,BirdDrone-Local,2037,1,1,0,0,0,0,0.6459504961967468
video10,BirdDrone-Local,2038,1,1,0,0,0,0,0.6608284711837769
video10,BirdDrone-Local,2039,1,1,0,0,0,0,0.43762728571891785
video10,BirdDrone-Local,2040,0,0,0,0,0,0,0.0
video10,BirdDrone-Local,2041,1,1,0,0,0,0,0.44630804657936096
video10,BirdDrone-Local,2042,1,1,0,0,0,0,0.6625670790672302
video10,BirdDrone-Local,2043,1,1,0,0,0,0,0.7523236870765686
video10,BirdDrone-Local,2044,1,1,0,0,0,0,0.7628739476203918
video10,BirdDrone-Local,2045,1,1,0,0,0,0,0.6853784322738647
video10,BirdDrone-Local,2046,1,1,0,0,0,0,0.6712351441383362
video10,BirdDrone-Local,2047,1,1,0,0,0,0,0.7195780277252197
video10,BirdDrone-Local,2048,1,1,0,0,0,0,0.7067663073539734
video10,BirdDrone-Local,2049,1,1,0,0,0,0,0.5062963366508484
video10,BirdDrone-Local,2050,1,1,0,0,0,0,0.46452105045318604
video10,BirdDrone-Local,2051,1,1,0,0,0,0,0.3533628284931183
video10,BirdDrone-Local,2052,0,0,0,0,0,0,0.0
video10,BirdDrone-Local,2053,0,0,0,0,0,0,0.0
video10,BirdDrone-Local,2054,0,0,0,0,0,0,0.0
video10,BirdDrone-Local,2055,0,0,0,0,0,0,0.0
video10,BirdDrone-Local,2056,0,0,0,0,0,0,0.0
video10,BirdDrone-Local,2057,1,1,0,0,0,0,0.43085721135139465
video10,BirdDrone-Local,2058,1,1,0,0,0,0,0.5157618522644043
video10,BirdDrone-Local,2059,1,1,0,0,0,0,0.5164325833320618
video10,BirdDrone-Local,2060,1,1,0,0,0,0,0.5547364354133606
video10,BirdDrone-Local,2061,1,1,0,0,0,0,0.768282949924469
video10,BirdDrone-Local,2062,1,1,0,0,0,0,0.7193432450294495
video10,BirdDrone-Local,2063,0,0,0,0,0,0,0.0
video10,BirdDrone-Local,2064,0,0,0,0,0,0,0.0
video10,BirdDrone-Local,2065,0,0,0,0,0,0,0.0
video10,BirdDrone-Local,2066,0,0,0,0,0,0,0.0
video10,BirdDrone-Local,2067,1,1,0,0,1,0,0.2586052715778351
video10,BirdDrone-Local,2068,1,1,0,0,0,0,0.4643901586532593
video10,BirdDrone-Local,2069,1,1,0,0,0,0,0.7301204204559326
video10,BirdDrone-Local,2070,1,1,0,0,0,0,0.39875322580337524
video10,BirdDrone-Local,2071,0,0,0,0,0,0,0.0
video10,BirdDrone-Local,2072,0,0,0,0,0,0,0.0
video10,BirdDrone-Local,2073,1,1,0,0,0,0,0.5670386552810669
video10,BirdDrone-Local,2074,1,1,0,0,0,0,0.5963318943977356
video10,BirdDrone-Local,2075,1,1,0,0,0,0,0.6533139944076538
video10,BirdDrone-Local,2076,1,1,0,0,0,0,0.7091442942619324
video10,BirdDrone-Local,2077,1,1,0,0,0,0,0.6553300023078918
video10,BirdDrone-Local,2078,1,1,0,0,0,0,0.4646171033382416
video10,BirdDrone-Local,2079,0,0,0,0,0,0,0.0
video10,BirdDrone-Local,2080,1,1,0,0,1,0,0.34921905398368835
video10,BirdDrone-Local,2081,0,0,0,0,0,0,0.0
video10,BirdDrone-Local,2082,0,0,0,0,0,0,0.0
video10,BirdDrone-Local,2083,1,1,0,0,0,0,0.3566811978816986
video10,BirdDrone-Local,2084,1,1,0,0,0,0,0.5555887818336487
video10,BirdDrone-Local,2085,1,1,0,0,0,0,0.6726877093315125
video10,BirdDrone-Local,2086,1,1,0,0,0,0,0.6875574588775635
video10,BirdDrone-Local,2087,1,1,0,0,0,0,0.7356123328208923
video10,BirdDrone-Local,2088,0,0,0,0,0,0,0.0
video10,BirdDrone-Local,2089,1,1,0,0,0,0,0.5606285929679871
video10,BirdDrone-Local,2090,1,1,0,0,0,0,0.3724875748157501
video10,BirdDrone-Local,2091,1,1,0,0,0,0,0.37348076701164246
video10,BirdDrone-Local,2092,0,0,0,0,0,0,0.0
video10,BirdDrone-Local,2093,0,0,0,0,0,0,0.0
video10,BirdDrone-Local,2094,1,1,0,0,1,0,0.3198896050453186
video10,BirdDrone-Local,2095,1,1,0,0,0,0,0.38758164644241333
video10,BirdDrone-Local,2096,1,1,0,0,0,0,0.3819023370742798
video10,BirdDrone-Local,2097,1,1,0,0,0,0,0.4136779308319092
video10,BirdDrone-Local,2098,1,1,0,0,0,0,0.6400872468948364
video10,BirdDrone-Local,2099,1,1,0,0,0,0,0.7462971806526184
video10,BirdDrone-Local,2100,1,1,0,0,0,0,0.567144513130188
video10,BirdDrone-Local,2101,1,1,0,0,0,0,0.7382264137268066
video10,BirdDrone-Local,2102,1,1,0,0,0,0,0.6179788112640381
video10,BirdDrone-Local,2103,1,1,0,0,0,0,0.532828688621521
video10,BirdDrone-Local,2104,1,1,0,0,0,0,0.4961110055446625
video10,BirdDrone-Local,2105,1,1,0,0,0,0,0.8038670420646667
video10,BirdDrone-Local,2106,1,1,0,0,0,0,0.788094162940979
video10,BirdDrone-Local,2107,1,1,0,0,0,0,0.8138368725776672
video10,BirdDrone-Local,2108,1,1,0,0,0,0,0.8124293684959412
video10,BirdDrone-Local,2109,1,1,0,0,0,0,0.39888882637023926
video10,BirdDrone-Local,2110,0,0,0,0,0,0,0.0
video10,BirdDrone-Local,2111,1,1,0,0,0,0,0.47563624382019043
video10,BirdDrone-Local,2112,1,1,0,0,0,0,0.6978530883789062
video10,BirdDrone-Local,2113,0,0,0,0,0,0,0.0
video10,BirdDrone-Local,2114,0,0,0,0,0,0,0.0
video10,BirdDrone-Local,2115,1,1,0,0,1,0,0.2778172492980957
video10,BirdDrone-Local,2116,1,1,0,0,1,0,0.3343266248703003
video10,BirdDrone-Local,2117,1,1,0,0,1,0,0.34200260043144226
video10,BirdDrone-Local,2118,1,1,0,0,0,0,0.7347675561904907
video10,BirdDrone-Local,2119,2,2,0,0,1,0,0.4668166935443878
video10,BirdDrone-Local,2120,1,1,0,0,0,0,0.7677401900291443
video10,BirdDrone-Local,2121,1,1,0,0,0,0,0.6310389041900635
video10,BirdDrone-Local,2122,1,1,0,0,0,0,0.49012356996536255
video10,BirdDrone-Local,2123,1,1,0,0,0,0,0.5816634893417358
video10,BirdDrone-Local,2124,1,1,0,0,0,0,0.8411641716957092
video10,BirdDrone-Local,2125,1,1,0,0,0,0,0.8417819738388062
video10,BirdDrone-Local,2126,1,1,0,0,0,0,0.7751691937446594
video10,BirdDrone-Local,2127,1,1,0,0,0,0,0.8285232186317444
video10,BirdDrone-Local,2128,0,0,0,0,0,0,0.0
video10,BirdDrone-Local,2129,1,1,0,0,0,0,0.4910168945789337
video10,BirdDrone-Local,2130,1,1,0,0,0,0,0.5564975142478943
video10,BirdDrone-Local,2131,1,1,0,0,0,0,0.4182726740837097
video10,BirdDrone-Local,2132,1,1,0,0,0,0,0.47422361373901367
video10,BirdDrone-Local,2133,0,0,0,0,0,0,0.0
video10,BirdDrone-Local,2134,1,1,0,0,1,0,0.2919643223285675
video10,BirdDrone-Local,2135,0,0,0,0,0,0,0.0
video10,BirdDrone-Local,2136,1,1,0,0,0,0,0.6013347506523132
video10,BirdDrone-Local,2137,1,1,0,0,0,0,0.7573757767677307
video10,BirdDrone-Local,2138,1,1,0,0,0,0,0.6014726758003235
video10,BirdDrone-Local,2139,1,1,0,0,0,0,0.5390111804008484
video10,BirdDrone-Local,2140,1,1,0,0,0,0,0.45260536670684814
video10,BirdDrone-Local,2141,1,1,0,0,0,0,0.7930087447166443
video10,BirdDrone-Local,2142,1,1,0,0,0,0,0.758953332901001
video10,BirdDrone-Local,2143,1,1,0,0,0,0,0.6720042824745178
video10,BirdDrone-Local,2144,1,1,0,0,0,0,0.7058377265930176
video10,BirdDrone-Local,2145,1,1,0,0,0,0,0.5801750421524048
video10,BirdDrone-Local,2146,1,1,0,0,0,0,0.6651920676231384
video10,BirdDrone-Local,2147,2,2,0,0,2,0,0.30158334970474243
video10,BirdDrone-Local,2148,1,1,0,0,0,0,0.43700912594795227
video10,BirdDrone-Local,2149,1,1,0,0,0,0,0.7669490575790405
video10,BirdDrone-Local,2150,0,0,0,0,0,0,0.0
video10,BirdDrone-Local,2151,0,0,0,0,0,0,0.0
video10,BirdDrone-Local,2152,1,1,0,0,1,0,0.30030763149261475
video10,BirdDrone-Local,2153,1,1,0,0,0,0,0.6386658549308777
video10,BirdDrone-Local,2154,1,1,0,0,0,0,0.6822938919067383
video10,BirdDrone-Local,2155,1,1,0,0,0,0,0.48222053050994873
video10,BirdDrone-Local,2156,1,1,0,0,0,0,0.4111604690551758
video10,BirdDrone-Local,2157,1,1,0,0,0,0,0.6051985621452332
video10,BirdDrone-Local,2158,1,1,0,0,0,0,0.6882708072662354
video10,BirdDrone-Local,2159,1,1,0,0,0,0,0.6801159977912903
video10,BirdDrone-Local,2160,1,1,0,0,0,0,0.4333598017692566
video10,BirdDrone-Local,2161,1,1,0,0,0,0,0.37801656126976013
video10,BirdDrone-Local,2162,1,1,0,0,0,0,0.6864131689071655
video10,BirdDrone-Local,2163,1,1,0,0,0,0,0.7521626353263855
video10,BirdDrone-Local,2164,1,1,0,0,0,0,0.6012141108512878
video10,BirdDrone-Local,2165,1,1,0,0,0,0,0.4510379731655121
video10,BirdDrone-Local,2166,1,1,0,0,0,0,0.5526719689369202
video10,BirdDrone-Local,2167,1,1,0,0,0,0,0.5841565132141113
video10,BirdDrone-Local,2168,1,1,0,0,0,0,0.7226111888885498
video10,BirdDrone-Local,2169,1,1,0,0,1,0,0.33620887994766235
video10,BirdDrone-Local,2170,0,0,0,0,0,0,0.0
video10,BirdDrone-Local,2171,1,1,0,0,0,0,0.5565615296363831
video10,BirdDrone-Local,2172,1,1,0,0,0,0,0.40482401847839355
video10,BirdDrone-Local,2173,1,1,0,0,0,0,0.3986018896102905
video10,BirdDrone-Local,2174,1,1,0,0,0,0,0.5056612491607666
video10,BirdDrone-Local,2175,1,1,0,0,1,0,0.29214534163475037
video10,BirdDrone-Local,2176,0,0,0,0,0,0,0.0
video10,BirdDrone-Local,2177,1,1,0,0,1,0,0.2806417942047119
video10,BirdDrone-Local,2178,0,0,0,0,0,0,0.0
video10,BirdDrone-Local,2179,0,0,0,0,0,0,0.0
video10,BirdDrone-Local,2180,0,0,0,0,0,0,0.0
video10,BirdDrone-Local,2181,0,0,0,0,0,0,0.0
video10,BirdDrone-Local,2182,0,0,0,0,0,0,0.0
video10,BirdDrone-Local,2183,0,0,0,0,0,0,0.0
video10,BirdDrone-Local,2184,0,0,0,0,0,0,0.0
video10,BirdDrone-Local,2185,1,1,0,0,1,0,0.267922043800354
video10,BirdDrone-Local,2186,0,0,0,0,0,0,0.0
video10,BirdDrone-Local,2187,1,1,0,0,1,0,0.3258795440196991
video10,BirdDrone-Local,2188,1,1,0,0,0,0,0.43411827087402344
video10,BirdDrone-Local,2189,1,1,0,0,1,0,0.2570094168186188
video10,BirdDrone-Local,2190,1,1,0,0,1,0,0.3192766010761261
video10,BirdDrone-Local,2191,1,1,0,0,1,0,0.26659318804740906
video10,BirdDrone-Local,2192,1,1,0,0,0,0,0.42418697476387024
video10,BirdDrone-Local,2193,0,0,0,0,0,0,0.0
video10,BirdDrone-Local,2194,0,0,0,0,0,0,0.0
video10,BirdDrone-Local,2195,0,0,0,0,0,0,0.0
video10,BirdDrone-Local,2196,0,0,0,0,0,0,0.0
video10,BirdDrone-Local,2197,0,0,0,0,0,0,0.0
video10,BirdDrone-Local,2198,1,1,0,0,0,0,0.40573105216026306
video10,BirdDrone-Local,2199,0,0,0,0,0,0,0.0
video10,BirdDrone-Local,2200,1,1,0,0,0,0,0.5206548571586609
video10,BirdDrone-Local,2201,0,0,0,0,0,0,0.0
video10,BirdDrone-Local,2202,0,0,0,0,0,0,0.0
video10,BirdDrone-Local,2203,0,0,0,0,0,0,0.0
video10,BirdDrone-Local,2204,0,0,0,0,0,0,0.0
video10,BirdDrone-Local,2205,0,0,0,0,0,0,0.0
video10,BirdDrone-Local,2206,1,1,0,0,0,0,0.3543529808521271
video10,BirdDrone-Local,2207,1,1,0,0,0,0,0.4137362241744995
video10,BirdDrone-Local,2208,1,1,0,0,0,0,0.4684140086174011
video10,BirdDrone-Local,2209,1,1,0,0,0,0,0.4111464023590088
video10,BirdDrone-Local,2210,1,1,0,0,0,0,0.4908776879310608
video10,BirdDrone-Local,2211,1,1,0,0,0,0,0.5905565023422241
video10,BirdDrone-Local,2212,1,1,0,0,0,0,0.6379489898681641
video10,BirdDrone-Local,2213,1,1,0,0,0,0,0.6970185041427612
video10,BirdDrone-Local,2214,1,1,0,0,0,0,0.7133041024208069
video10,BirdDrone-Local,2215,1,1,0,0,0,0,0.7162015438079834
video10,BirdDrone-Local,2216,1,1,0,0,0,0,0.7862454056739807
video10,BirdDrone-Local,2217,1,1,0,0,0,0,0.7726375460624695
video10,BirdDrone-Local,2218,1,1,0,0,0,0,0.6907999515533447
video10,BirdDrone-Local,2219,1,1,0,0,0,0,0.6440322995185852
video10,BirdDrone-Local,2220,1,1,0,0,0,0,0.703716516494751
video10,BirdDrone-Local,2221,1,1,0,0,0,0,0.7070200443267822
video10,BirdDrone-Local,2222,1,1,0,0,0,0,0.8007679581642151
video10,BirdDrone-Local,2223,1,1,0,0,0,0,0.7633981108665466
video10,BirdDrone-Local,2224,1,1,0,0,0,0,0.8108998537063599
video10,BirdDrone-Local,2225,1,1,0,0,0,0,0.825160026550293
video10,BirdDrone-Local,2226,1,1,0,0,0,0,0.817852795124054
video10,BirdDrone-Local,2227,1,1,0,0,0,0,0.8432756066322327
video10,BirdDrone-Local,2228,1,1,0,0,0,0,0.8351314663887024
video10,BirdDrone-Local,2229,1,1,0,0,0,0,0.8222454190254211
video10,BirdDrone-Local,2230,1,1,0,0,0,0,0.8336377143859863
video10,BirdDrone-Local,2231,1,1,0,0,0,0,0.8168505430221558
video10,BirdDrone-Local,2232,1,1,0,0,0,0,0.8133125305175781
video10,BirdDrone-Local,2233,1,1,0,0,0,0,0.8382617831230164
video10,BirdDrone-Local,2234,1,1,0,0,0,0,0.8457397222518921
video10,BirdDrone-Local,2235,1,1,0,0,0,0,0.8439943194389343
video10,BirdDrone-Local,2236,1,1,0,0,0,0,0.8475194573402405
video10,BirdDrone-Local,2237,1,1,0,0,0,0,0.8604221343994141
video10,BirdDrone-Local,2238,1,1,0,0,0,0,0.8542789816856384
video10,BirdDrone-Local,2239,1,1,0,0,0,0,0.8507800698280334
video10,BirdDrone-Local,2240,1,1,0,0,0,0,0.8436897397041321
video10,BirdDrone-Local,2241,1,1,0,0,0,0,0.8316689133644104
video10,BirdDrone-Local,2242,1,1,0,0,0,0,0.8305909633636475
video10,BirdDrone-Local,2243,1,1,0,0,0,0,0.7453402876853943
video10,BirdDrone-Local,2244,1,1,0,0,0,0,0.8345641493797302
video10,BirdDrone-Local,2245,1,1,0,0,0,0,0.8211547136306763
video10,BirdDrone-Local,2246,1,1,0,0,0,0,0.8392206430435181
video10,BirdDrone-Local,2247,1,1,0,0,0,0,0.7985579967498779
video10,BirdDrone-Local,2248,1,1,0,0,0,0,0.8319154977798462
video10,BirdDrone-Local,2249,1,1,0,0,0,0,0.8329512476921082
video10,BirdDrone-Local,2250,1,1,0,0,0,0,0.8287814855575562
video10,BirdDrone-Local,2251,1,1,0,0,0,0,0.77720046043396
video10,BirdDrone-Local,2252,1,1,0,0,0,0,0.8108875155448914
video10,BirdDrone-Local,2253,1,1,0,0,0,0,0.6706638932228088
video10,BirdDrone-Local,2254,1,1,0,0,0,0,0.8567582368850708
video10,BirdDrone-Local,2255,1,1,0,0,0,0,0.7938476800918579
video10,BirdDrone-Local,2256,1,1,0,0,0,0,0.8473895192146301
video10,BirdDrone-Local,2257,1,1,0,0,0,0,0.8404971361160278
video10,BirdDrone-Local,2258,1,1,0,0,0,0,0.84413743019104
video10,BirdDrone-Local,2259,1,1,0,0,0,0,0.6238973140716553
video10,BirdDrone-Local,2260,1,1,0,0,0,0,0.7551697492599487
video10,BirdDrone-Local,2261,1,1,0,0,0,0,0.5927423238754272
video10,BirdDrone-Local,2262,1,1,0,0,0,0,0.4590964615345001
video10,BirdDrone-Local,2263,1,1,0,0,0,0,0.5404615998268127
video10,BirdDrone-Local,2264,1,1,0,0,0,0,0.6826549172401428
video10,BirdDrone-Local,2265,1,1,0,0,0,0,0.7892460823059082
video10,BirdDrone-Local,2266,1,1,0,0,0,0,0.7336408495903015
video10,BirdDrone-Local,2267,1,1,0,0,0,0,0.47112157940864563
video10,BirdDrone-Local,2268,1,1,0,0,0,0,0.6419462561607361
video10,BirdDrone-Local,2269,1,1,0,0,0,0,0.4736710488796234
video10,BirdDrone-Local,2270,1,1,0,0,0,0,0.5744008421897888
video10,BirdDrone-Local,2271,1,1,0,0,0,0,0.7911409735679626
video10,BirdDrone-Local,2272,1,1,0,0,0,0,0.8052226901054382
video10,BirdDrone-Local,2273,0,0,0,0,0,0,0.0
video10,BirdDrone-Local,2274,1,1,0,0,0,0,0.4903809726238251
video10,BirdDrone-Local,2275,1,1,0,0,0,0,0.6145135164260864
video10,BirdDrone-Local,2276,0,0,0,0,0,0,0.0
video10,BirdDrone-Local,2277,0,0,0,0,0,0,0.0
video10,BirdDrone-Local,2278,0,0,0,0,0,0,0.0
video10,BirdDrone-Local,2279,1,1,0,0,0,0,0.5617051124572754
video10,BirdDrone-Local,2280,0,0,0,0,0,0,0.0
video10,BirdDrone-Local,2281,1,1,0,0,1,0,0.31698188185691833
video10,BirdDrone-Local,2282,1,1,0,0,1,0,0.3337881565093994
video10,BirdDrone-Local,2283,1,1,0,0,0,0,0.46046632528305054
video10,BirdDrone-Local,2284,0,0,0,0,0,0,0.0
video10,BirdDrone-Local,2285,0,0,0,0,0,0,0.0
video10,BirdDrone-Local,2286,0,0,0,0,0,0,0.0
video10,BirdDrone-Local,2287,0,0,0,0,0,0,0.0
video10,BirdDrone-Local,2288,1,1,0,0,1,0,0.30679917335510254
video10,BirdDrone-Local,2289,0,0,0,0,0,0,0.0
video10,BirdDrone-Local,2290,0,0,0,0,0,0,0.0
video10,BirdDrone-Local,2291,1,1,0,0,0,0,0.36223500967025757
video10,BirdDrone-Local,2292,1,1,0,0,1,0,0.34590446949005127
video10,BirdDrone-Local,2293,0,0,0,0,0,0,0.0
video10,BirdDrone-Local,2294,0,0,0,0,0,0,0.0
video10,BirdDrone-Local,2295,1,1,0,0,1,0,0.2502250075340271
video10,BirdDrone-Local,2296,0,0,0,0,0,0,0.0
video10,BirdDrone-Local,2297,1,1,0,0,1,0,0.2572522461414337
video10,BirdDrone-Local,2298,0,0,0,0,0,0,0.0
video10,BirdDrone-Local,2299,0,0,0,0,0,0,0.0
video10,BirdDrone-Local,2300,0,0,0,0,0,0,0.0
video10,BirdDrone-Local,2301,0,0,0,0,0,0,0.0
video10,BirdDrone-Local,2302,0,0,0,0,0,0,0.0
video10,BirdDrone-Local,2303,1,1,0,0,1,0,0.2644748389720917
video10,BirdDrone-Local,2304,0,0,0,0,0,0,0.0
video10,BirdDrone-Local,2305,0,0,0,0,0,0,0.0
video10,BirdDrone-Local,2306,0,0,0,0,0,0,0.0
video10,BirdDrone-Local,2307,0,0,0,0,0,0,0.0
video10,BirdDrone-Local,2308,0,0,0,0,0,0,0.0
video10,BirdDrone-Local,2309,0,0,0,0,0,0,0.0
video10,BirdDrone-Local,2310,0,0,0,0,0,0,0.0
video10,BirdDrone-Local,2311,0,0,0,0,0,0,0.0
video10,BirdDrone-Local,2312,0,0,0,0,0,0,0.0
video10,BirdDrone-Local,2313,0,0,0,0,0,0,0.0
video10,BirdDrone-Local,2314,0,0,0,0,0,0,0.0
video10,BirdDrone-Local,2315,0,0,0,0,0,0,0.0
video10,BirdDrone-Local,2316,0,0,0,0,0,0,0.0
video10,BirdDrone-Local,2317,0,0,0,0,0,0,0.0
video10,BirdDrone-Local,2318,0,0,0,0,0,0,0.0
video10,BirdDrone-Local,2319,0,0,0,0,0,0,0.0
video10,BirdDrone-Local,2320,0,0,0,0,0,0,0.0
video10,BirdDrone-Local,2321,0,0,0,0,0,0,0.0
video10,BirdDrone-Local,2322,0,0,0,0,0,0,0.0
video10,BirdDrone-Local,2323,0,0,0,0,0,0,0.0
video10,BirdDrone-Local,2324,0,0,0,0,0,0,0.0
video10,BirdDrone-Local,2325,0,0,0,0,0,0,0.0
video10,BirdDrone-Local,2326,0,0,0,0,0,0,0.0
video10,BirdDrone-Local,2327,0,0,0,0,0,0,0.0
video10,BirdDrone-Local,2328,0,0,0,0,0,0,0.0
video10,BirdDrone-Local,2329,0,0,0,0,0,0,0.0
video10,BirdDrone-Local,2330,0,0,0,0,0,0,0.0
video10,BirdDrone-Local,2331,0,0,0,0,0,0,0.0
video10,BirdDrone-Local,2332,0,0,0,0,0,0,0.0
video10,BirdDrone-Local,2333,0,0,0,0,0,0,0.0
video10,BirdDrone-Local,2334,0,0,0,0,0,0,0.0
video10,BirdDrone-Local,2335,0,0,0,0,0,0,0.0
video10,BirdDrone-Local,2336,1,1,0,0,0,0,0.35445839166641235
video10,BirdDrone-Local,2337,0,0,0,0,0,0,0.0
video10,BirdDrone-Local,2338,0,0,0,0,0,0,0.0
video10,BirdDrone-Local,2339,0,0,0,0,0,0,0.0
video10,BirdDrone-Local,2340,0,0,0,0,0,0,0.0
video10,BirdDrone-Local,2341,0,0,0,0,0,0,0.0
video10,BirdDrone-Local,2342,1,1,0,0,1,0,0.2884465456008911
video10,BirdDrone-Local,2343,0,0,0,0,0,0,0.0
video10,BirdDrone-Local,2344,0,0,0,0,0,0,0.0
video10,BirdDrone-Local,2345,0,0,0,0,0,0,0.0
video10,BirdDrone-Local,2346,0,0,0,0,0,0,0.0
video10,BirdDrone-Local,2347,1,1,0,0,1,0,0.2638947069644928
video10,BirdDrone-Local,2348,1,1,0,0,1,0,0.2801722586154938
video10,BirdDrone-Local,2349,1,1,0,0,1,0,0.27871859073638916
video10,BirdDrone-Local,2350,0,0,0,0,0,0,0.0
video10,BirdDrone-Local,2351,0,0,0,0,0,0,0.0
video10,BirdDrone-Local,2352,1,1,0,0,1,0,0.27494850754737854
video10,BirdDrone-Local,2353,0,0,0,0,0,0,0.0
video10,BirdDrone-Local,2354,0,0,0,0,0,0,0.0
video10,BirdDrone-Local,2355,0,0,0,0,0,0,0.0
video10,BirdDrone-Local,2356,0,0,0,0,0,0,0.0
video10,BirdDrone-Local,2357,0,0,0,0,0,0,0.0
video10,BirdDrone-Local,2358,0,0,0,0,0,0,0.0
video10,BirdDrone-Local,2359,0,0,0,0,0,0,0.0
video10,BirdDrone-Local,2360,0,0,0,0,0,0,0.0
video10,BirdDrone-Local,2361,0,0,0,0,0,0,0.0
video10,BirdDrone-Local,2362,0,0,0,0,0,0,0.0
video10,BirdDrone-Local,2363,0,0,0,0,0,0,0.0
video10,BirdDrone-Local,2364,0,0,0,0,0,0,0.0
video10,BirdDrone-Local,2365,0,0,0,0,0,0,0.0
video10,BirdDrone-Local,2366,0,0,0,0,0,0,0.0
video10,BirdDrone-Local,2367,0,0,0,0,0,0,0.0
video10,BirdDrone-Local,2368,0,0,0,0,0,0,0.0
video10,BirdDrone-Local,2369,0,0,0,0,0,0,0.0
video10,BirdDrone-Local,2370,0,0,0,0,0,0,0.0
video10,BirdDrone-Local,2371,0,0,0,0,0,0,0.0
video10,BirdDrone-Local,2372,0,0,0,0,0,0,0.0
video10,BirdDrone-Local,2373,0,0,0,0,0,0,0.0
video10,BirdDrone-Local,2374,0,0,0,0,0,0,0.0
video10,BirdDrone-Local,2375,0,0,0,0,0,0,0.0
video10,BirdDrone-Local,2376,1,1,0,0,1,0,0.30825063586235046
video10,BirdDrone-Local,2377,1,1,0,0,1,0,0.3102966547012329
video10,BirdDrone-Local,2378,1,1,0,0,0,0,0.39898306131362915
video10,BirdDrone-Local,2379,1,1,0,0,0,0,0.3510802984237671
video10,BirdDrone-Local,2380,0,0,0,0,0,0,0.0
video10,BirdDrone-Local,2381,0,0,0,0,0,0,0.0
video10,BirdDrone-Local,2382,0,0,0,0,0,0,0.0
video10,BirdDrone-Local,2383,0,0,0,0,0,0,0.0
video10,BirdDrone-Local,2384,0,0,0,0,0,0,0.0
video10,BirdDrone-Local,2385,0,0,0,0,0,0,0.0
video10,BirdDrone-Local,2386,1,1,0,0,1,0,0.2596655488014221
video10,BirdDrone-Local,2387,0,0,0,0,0,0,0.0
video10,BirdDrone-Local,2388,0,0,0,0,0,0,0.0
video10,BirdDrone-Local,2389,0,0,0,0,0,0,0.0
video10,BirdDrone-Local,2390,0,0,0,0,0,0,0.0
video10,BirdDrone-Local,2391,1,1,0,0,1,0,0.31392720341682434
video10,BirdDrone-Local,2392,0,0,0,0,0,0,0.0
video10,BirdDrone-Local,2393,0,0,0,0,0,0,0.0
video10,BirdDrone-Local,2394,0,0,0,0,0,0,0.0
video10,BirdDrone-Local,2395,0,0,0,0,0,0,0.0
video10,BirdDrone-Local,2396,0,0,0,0,0,0,0.0
video10,BirdDrone-Local,2397,0,0,0,0,0,0,0.0
video10,BirdDrone-Local,2398,0,0,0,0,0,0,0.0
video10,BirdDrone-Local,2399,0,0,0,0,0,0,0.0
video10,BirdDrone-Local,2400,0,0,0,0,0,0,0.0
video10,BirdDrone-Local,2401,0,0,0,0,0,0,0.0
video10,BirdDrone-Local,2402,0,0,0,0,0,0,0.0
video10,BirdDrone-Local,2403,0,0,0,0,0,0,0.0
video10,BirdDrone-Local,2404,0,0,0,0,0,0,0.0
video10,BirdDrone-Local,2405,0,0,0,0,0,0,0.0
video10,BirdDrone-Local,2406,0,0,0,0,0,0,0.0
video10,BirdDrone-Local,2407,0,0,0,0,0,0,0.0
video10,BirdDrone-Local,2408,0,0,0,0,0,0,0.0
video10,BirdDrone-Local,2409,0,0,0,0,0,0,0.0
video10,BirdDrone-Local,2410,0,0,0,0,0,0,0.0
video10,BirdDrone-Local,2411,0,0,0,0,0,0,0.0
video10,BirdDrone-Local,2412,0,0,0,0,0,0,0.0
video10,BirdDrone-Local,2413,0,0,0,0,0,0,0.0
video10,BirdDrone-Local,2414,0,0,0,0,0,0,0.0
video10,BirdDrone-Local,2415,0,0,0,0,0,0,0.0
video10,BirdDrone-Local,2416,0,0,0,0,0,0,0.0
video10,BirdDrone-Local,2417,0,0,0,0,0,0,0.0
video10,BirdDrone-Local,2418,0,0,0,0,0,0,0.0
video10,BirdDrone-Local,2419,0,0,0,0,0,0,0.0
video10,BirdDrone-Local,2420,0,0,0,0,0,0,0.0
video10,BirdDrone-Local,2421,0,0,0,0,0,0,0.0
video10,BirdDrone-Local,2422,0,0,0,0,0,0,0.0
video10,BirdDrone-Local,2423,0,0,0,0,0,0,0.0
video10,BirdDrone-Local,2424,0,0,0,0,0,0,0.0
video10,BirdDrone-Local,2425,0,0,0,0,0,0,0.0
video10,BirdDrone-Local,2426,0,0,0,0,0,0,0.0
video10,BirdDrone-Local,2427,0,0,0,0,0,0,0.0
video10,BirdDrone-Local,2428,0,0,0,0,0,0,0.0
video10,BirdDrone-Local,2429,0,0,0,0,0,0,0.0
video10,BirdDrone-Local,2430,0,0,0,0,0,0,0.0
video10,BirdDrone-Local,2431,0,0,0,0,0,0,0.0
video10,BirdDrone-Local,2432,0,0,0,0,0,0,0.0
video10,BirdDrone-Local,2433,0,0,0,0,0,0,0.0
video10,BirdDrone-Local,2434,0,0,0,0,0,0,0.0
video10,BirdDrone-Local,2435,0,0,0,0,0,0,0.0
video10,BirdDrone-Local,2436,0,0,0,0,0,0,0.0
video10,BirdDrone-Local,2437,0,0,0,0,0,0,0.0
video10,BirdDrone-Local,2438,0,0,0,0,0,0,0.0
video10,BirdDrone-Local,2439,0,0,0,0,0,0,0.0
video10,BirdDrone-Local,2440,0,0,0,0,0,0,0.0
video10,BirdDrone-Local,2441,0,0,0,0,0,0,0.0
video10,BirdDrone-Local,2442,0,0,0,0,0,0,0.0
video10,BirdDrone-Local,2443,0,0,0,0,0,0,0.0
video10,BirdDrone-Local,2444,0,0,0,0,0,0,0.0
video10,BirdDrone-Local,2445,0,0,0,0,0,0,0.0
video10,BirdDrone-Local,2446,0,0,0,0,0,0,0.0
video10,BirdDrone-Local,2447,0,0,0,0,0,0,0.0
video10,BirdDrone-Local,2448,0,0,0,0,0,0,0.0
video10,BirdDrone-Local,2449,0,0,0,0,0,0,0.0
video10,BirdDrone-Local,2450,0,0,0,0,0,0,0.0
video10,BirdDrone-Local,2451,0,0,0,0,0,0,0.0
video10,BirdDrone-Local,2452,0,0,0,0,0,0,0.0
video10,BirdDrone-Local,2453,0,0,0,0,0,0,0.0
video10,BirdDrone-Local,2454,0,0,0,0,0,0,0.0
video10,BirdDrone-Local,2455,0,0,0,0,0,0,0.0
video10,BirdDrone-Local,2456,0,0,0,0,0,0,0.0
video10,BirdDrone-Local,2457,0,0,0,0,0,0,0.0
video10,BirdDrone-Local,2458,0,0,0,0,0,0,0.0
video10,BirdDrone-Local,2459,0,0,0,0,0,0,0.0
video10,BirdDrone-Local,2460,0,0,0,0,0,0,0.0
video10,BirdDrone-Local,2461,0,0,0,0,0,0,0.0
video10,BirdDrone-Local,2462,0,0,0,0,0,0,0.0
video10,BirdDrone-Local,2463,0,0,0,0,0,0,0.0
video10,BirdDrone-Local,2464,0,0,0,0,0,0,0.0
video10,BirdDrone-Local,2465,0,0,0,0,0,0,0.0
video10,BirdDrone-Local,2466,0,0,0,0,0,0,0.0
video10,BirdDrone-Local,2467,0,0,0,0,0,0,0.0
video10,BirdDrone-Local,2468,0,0,0,0,0,0,0.0
video10,BirdDrone-Local,2469,0,0,0,0,0,0,0.0
video10,BirdDrone-Local,2470,0,0,0,0,0,0,0.0
video10,BirdDrone-Local,2471,0,0,0,0,0,0,0.0
video10,BirdDrone-Local,2472,0,0,0,0,0,0,0.0
video10,BirdDrone-Local,2473,0,0,0,0,0,0,0.0
video10,BirdDrone-Local,2474,0,0,0,0,0,0,0.0
video10,BirdDrone-Local,2475,0,0,0,0,0,0,0.0
video10,BirdDrone-Local,2476,0,0,0,0,0,0,0.0
video10,BirdDrone-Local,2477,0,0,0,0,0,0,0.0
video10,BirdDrone-Local,2478,0,0,0,0,0,0,0.0
video10,BirdDrone-Local,2479,0,0,0,0,0,0,0.0
video10,BirdDrone-Local,2480,0,0,0,0,0,0,0.0
video10,BirdDrone-Local,2481,0,0,0,0,0,0,0.0
video10,BirdDrone-Local,2482,0,0,0,0,0,0,0.0
video10,BirdDrone-Local,2483,0,0,0,0,0,0,0.0
video10,BirdDrone-Local,2484,0,0,0,0,0,0,0.0
video10,BirdDrone-Local,2485,0,0,0,0,0,0,0.0
video10,BirdDrone-Local,2486,0,0,0,0,0,0,0.0
video10,BirdDrone-Local,2487,0,0,0,0,0,0,0.0
video10,BirdDrone-Local,2488,0,0,0,0,0,0,0.0
video10,BirdDrone-Local,2489,0,0,0,0,0,0,0.0
video10,BirdDrone-Local,2490,0,0,0,0,0,0,0.0
video10,BirdDrone-Local,2491,0,0,0,0,0,0,0.0
video10,BirdDrone-Local,2492,0,0,0,0,0,0,0.0
video10,BirdDrone-Local,2493,0,0,0,0,0,0,0.0
video10,BirdDrone-Local,2494,0,0,0,0,0,0,0.0
video10,BirdDrone-Local,2495,0,0,0,0,0,0,0.0
video10,BirdDrone-Local,2496,0,0,0,0,0,0,0.0
video10,BirdDrone-Local,2497,0,0,0,0,0,0,0.0
video10,BirdDrone-Local,2498,0,0,0,0,0,0,0.0
video10,BirdDrone-Local,2499,0,0,0,0,0,0,0.0
video10,BirdDrone-Local,2500,0,0,0,0,0,0,0.0
video10,BirdDrone-Local,2501,0,0,0,0,0,0,0.0
video10,BirdDrone-Local,2502,0,0,0,0,0,0,0.0
video10,BirdDrone-Local,2503,0,0,0,0,0,0,0.0
video10,BirdDrone-Local,2504,0,0,0,0,0,0,0.0
video10,BirdDrone-Local,2505,0,0,0,0,0,0,0.0
video10,BirdDrone-Local,2506,0,0,0,0,0,0,0.0
video10,BirdDrone-Local,2507,0,0,0,0,0,0,0.0
video10,BirdDrone-Local,2508,0,0,0,0,0,0,0.0
video10,BirdDrone-Local,2509,0,0,0,0,0,0,0.0
video10,BirdDrone-Local,2510,0,0,0,0,0,0,0.0
video10,BirdDrone-Local,2511,0,0,0,0,0,0,0.0
video10,BirdDrone-Local,2512,0,0,0,0,0,0,0.0
video10,BirdDrone-Local,2513,0,0,0,0,0,0,0.0
video10,BirdDrone-Local,2514,0,0,0,0,0,0,0.0
video10,BirdDrone-Local,2515,0,0,0,0,0,0,0.0
video10,BirdDrone-Local,2516,0,0,0,0,0,0,0.0
video10,BirdDrone-Local,2517,0,0,0,0,0,0,0.0
video10,BirdDrone-Local,2518,0,0,0,0,0,0,0.0
video10,BirdDrone-Local,2519,0,0,0,0,0,0,0.0
video10,BirdDrone-Local,2520,0,0,0,0,0,0,0.0
video10,BirdDrone-Local,2521,0,0,0,0,0,0,0.0
video10,BirdDrone-Local,2522,0,0,0,0,0,0,0.0
video10,BirdDrone-Local,2523,0,0,0,0,0,0,0.0
video10,BirdDrone-Local,2524,0,0,0,0,0,0,0.0
video10,BirdDrone-Local,2525,0,0,0,0,0,0,0.0
video10,BirdDrone-Local,2526,0,0,0,0,0,0,0.0
video10,BirdDrone-Local,2527,1,1,0,0,0,0,0.35041311383247375
video10,BirdDrone-Local,2528,1,1,0,0,0,0,0.3972969949245453
video10,BirdDrone-Local,2529,1,1,0,0,0,0,0.35903400182724
video10,BirdDrone-Local,2530,1,1,0,0,0,0,0.37827247381210327
video10,BirdDrone-Local,2531,0,0,0,0,0,0,0.0
video10,BirdDrone-Local,2532,0,0,0,0,0,0,0.0
video10,BirdDrone-Local,2533,0,0,0,0,0,0,0.0
video10,BirdDrone-Local,2534,1,1,0,0,1,0,0.26751580834388733
video10,BirdDrone-Local,2535,0,0,0,0,0,0,0.0
video10,BirdDrone-Local,2536,1,1,0,0,1,0,0.2926083207130432
video10,BirdDrone-Local,2537,0,0,0,0,0,0,0.0
video10,BirdDrone-Local,2538,0,0,0,0,0,0,0.0
video10,BirdDrone-Local,2539,0,0,0,0,0,0,0.0
video10,BirdDrone-Local,2540,0,0,0,0,0,0,0.0
video10,BirdDrone-Local,2541,0,0,0,0,0,0,0.0
video10,BirdDrone-Local,2542,0,0,0,0,0,0,0.0
video10,BirdDrone-Local,2543,0,0,0,0,0,0,0.0
video10,BirdDrone-Local,2544,0,0,0,0,0,0,0.0
video10,BirdDrone-Local,2545,1,1,0,0,0,0,0.3604208827018738
video10,BirdDrone-Local,2546,0,0,0,0,0,0,0.0
video10,BirdDrone-Local,2547,0,0,0,0,0,0,0.0
video10,BirdDrone-Local,2548,0,0,0,0,0,0,0.0
video10,BirdDrone-Local,2549,0,0,0,0,0,0,0.0
video10,BirdDrone-Local,2550,0,0,0,0,0,0,0.0
video10,BirdDrone-Local,2551,0,0,0,0,0,0,0.0
video10,BirdDrone-Local,2552,0,0,0,0,0,0,0.0
video10,BirdDrone-Local,2553,0,0,0,0,0,0,0.0
video10,BirdDrone-Local,2554,0,0,0,0,0,0,0.0
video10,BirdDrone-Local,2555,0,0,0,0,0,0,0.0
video10,BirdDrone-Local,2556,0,0,0,0,0,0,0.0
video10,BirdDrone-Local,2557,0,0,0,0,0,0,0.0
video10,BirdDrone-Local,2558,0,0,0,0,0,0,0.0
video10,BirdDrone-Local,2559,0,0,0,0,0,0,0.0
video10,BirdDrone-Local,2560,0,0,0,0,0,0,0.0
video10,BirdDrone-Local,2561,1,1,0,0,1,0,0.2718816101551056
video10,BirdDrone-Local,2562,1,1,0,0,0,0,0.4032847583293915
video10,BirdDrone-Local,2563,1,1,0,0,0,0,0.4187523424625397
video10,BirdDrone-Local,2564,1,1,0,0,1,0,0.2577168941497803
video10,BirdDrone-Local,2565,0,0,0,0,0,0,0.0
video10,BirdDrone-Local,2566,0,0,0,0,0,0,0.0
video10,BirdDrone-Local,2567,0,0,0,0,0,0,0.0
video10,BirdDrone-Local,2568,0,0,0,0,0,0,0.0
video10,BirdDrone-Local,2569,0,0,0,0,0,0,0.0
video10,BirdDrone-Local,2570,0,0,0,0,0,0,0.0
video10,BirdDrone-Local,2571,0,0,0,0,0,0,0.0
video10,BirdDrone-Local,2572,0,0,0,0,0,0,0.0
video10,BirdDrone-Local,2573,0,0,0,0,0,0,0.0
video10,BirdDrone-Local,2574,0,0,0,0,0,0,0.0
video10,BirdDrone-Local,2575,0,0,0,0,0,0,0.0
video10,BirdDrone-Local,2576,0,0,0,0,0,0,0.0
video10,BirdDrone-Local,2577,0,0,0,0,0,0,0.0
video10,BirdDrone-Local,2578,0,0,0,0,0,0,0.0
video10,BirdDrone-Local,2579,0,0,0,0,0,0,0.0
video10,BirdDrone-Local,2580,0,0,0,0,0,0,0.0
video10,BirdDrone-Local,2581,0,0,0,0,0,0,0.0
video10,BirdDrone-Local,2582,0,0,0,0,0,0,0.0
video10,BirdDrone-Local,2583,0,0,0,0,0,0,0.0
video10,BirdDrone-Local,2584,0,0,0,0,0,0,0.0
video10,BirdDrone-Local,2585,0,0,0,0,0,0,0.0
video10,BirdDrone-Local,2586,0,0,0,0,0,0,0.0
video10,BirdDrone-Local,2587,0,0,0,0,0,0,0.0
video10,BirdDrone-Local,2588,0,0,0,0,0,0,0.0
video10,BirdDrone-Local,2589,0,0,0,0,0,0,0.0
video10,BirdDrone-Local,2590,0,0,0,0,0,0,0.0
video10,BirdDrone-Local,2591,0,0,0,0,0,0,0.0
video10,BirdDrone-Local,2592,0,0,0,0,0,0,0.0
video10,BirdDrone-Local,2593,0,0,0,0,0,0,0.0
video10,BirdDrone-Local,2594,0,0,0,0,0,0,0.0
video10,BirdDrone-Local,2595,0,0,0,0,0,0,0.0
video10,BirdDrone-Local,2596,0,0,0,0,0,0,0.0
video10,BirdDrone-Local,2597,0,0,0,0,0,0,0.0
video10,BirdDrone-Local,2598,0,0,0,0,0,0,0.0
video10,BirdDrone-Local,2599,0,0,0,0,0,0,0.0
video10,BirdDrone-Local,2600,0,0,0,0,0,0,0.0
video10,BirdDrone-Local,2601,0,0,0,0,0,0,0.0
video10,BirdDrone-Local,2602,0,0,0,0,0,0,0.0
video10,BirdDrone-Local,2603,0,0,0,0,0,0,0.0
video10,BirdDrone-Local,2604,0,0,0,0,0,0,0.0
video10,BirdDrone-Local,2605,0,0,0,0,0,0,0.0
video10,BirdDrone-Local,2606,0,0,0,0,0,0,0.0
video10,BirdDrone-Local,2607,0,0,0,0,0,0,0.0
video10,BirdDrone-Local,2608,0,0,0,0,0,0,0.0
video10,BirdDrone-Local,2609,0,0,0,0,0,0,0.0
video10,BirdDrone-Local,2610,0,0,0,0,0,0,0.0
video10,BirdDrone-Local,2611,0,0,0,0,0,0,0.0
video10,BirdDrone-Local,2612,0,0,0,0,0,0,0.0
video10,BirdDrone-Local,2613,0,0,0,0,0,0,0.0
video10,BirdDrone-Local,2614,0,0,0,0,0,0,0.0
video10,BirdDrone-Local,2615,0,0,0,0,0,0,0.0
video10,BirdDrone-Local,2616,0,0,0,0,0,0,0.0
video10,BirdDrone-Local,2617,0,0,0,0,0,0,0.0
video10,BirdDrone-Local,2618,0,0,0,0,0,0,0.0
video10,BirdDrone-Local,2619,0,0,0,0,0,0,0.0
video10,BirdDrone-Local,2620,0,0,0,0,0,0,0.0
video10,BirdDrone-Local,2621,0,0,0,0,0,0,0.0
video10,BirdDrone-Local,2622,0,0,0,0,0,0,0.0
video10,BirdDrone-Local,2623,0,0,0,0,0,0,0.0
video10,BirdDrone-Local,2624,0,0,0,0,0,0,0.0
video10,BirdDrone-Local,2625,0,0,0,0,0,0,0.0
video10,BirdDrone-Local,2626,0,0,0,0,0,0,0.0
video10,BirdDrone-Local,2627,0,0,0,0,0,0,0.0
video10,BirdDrone-Local,2628,0,0,0,0,0,0,0.0
video10,BirdDrone-Local,2629,0,0,0,0,0,0,0.0
video10,BirdDrone-Local,2630,0,0,0,0,0,0,0.0
video10,BirdDrone-Local,2631,0,0,0,0,0,0,0.0
video10,BirdDrone-Local,2632,0,0,0,0,0,0,0.0
video10,BirdDrone-Local,2633,0,0,0,0,0,0,0.0
video10,BirdDrone-Local,2634,0,0,0,0,0,0,0.0
