video,model,frame,detections,drone_det,bird_det,false_class,low_conf_fp,tp_iou,max_conf
video09,BirdDrone-Local,0,1,1,0,0,0,1,0.8403813242912292
video09,BirdDrone-Local,1,1,1,0,0,0,0,0.8591189384460449
video09,BirdDrone-Local,2,1,1,0,0,0,0,0.835788369178772
video09,BirdDrone-Local,3,1,1,0,0,0,0,0.8372437357902527
video09,BirdDrone-Local,4,1,1,0,0,0,0,0.8307349681854248
video09,BirdDrone-Local,5,1,1,0,0,0,0,0.8460296392440796
video09,BirdDrone-Local,6,1,1,0,0,0,0,0.841873288154602
video09,BirdDrone-Local,7,1,1,0,0,0,0,0.8560358881950378
video09,BirdDrone-Local,8,1,1,0,0,0,0,0.8411725759506226
video09,BirdDrone-Local,9,1,1,0,0,0,0,0.848653256893158
video09,BirdDrone-Local,10,1,1,0,0,0,0,0.853394091129303
video09,BirdDrone-Local,11,1,1,0,0,0,0,0.8654974102973938
video09,BirdDrone-Local,12,1,1,0,0,0,0,0.8675084710121155
video09,BirdDrone-Local,13,1,1,0,0,0,0,0.868172824382782
video09,BirdDrone-Local,14,1,1,0,0,0,0,0.8555192947387695
video09,BirdDrone-Local,15,1,1,0,0,0,0,0.8645235896110535
video09,BirdDrone-Local,16,1,1,0,0,0,0,0.863095760345459
video09,BirdDrone-Local,17,1,1,0,0,0,0,0.8233736157417297
video09,BirdDrone-Local,18,1,1,0,0,0,0,0.8182013034820557
video09,BirdDrone-Local,19,1,1,0,0,0,0,0.8075771331787109
video09,BirdDrone-Local,20,1,1,0,0,0,0,0.825571596622467
video09,BirdDrone-Local,21,1,1,0,0,0,0,0.8271554112434387
video09,BirdDrone-Local,22,1,1,0,0,0,0,0.8232395648956299
video09,BirdDrone-Local,23,1,1,0,0,0,0,0.8364635109901428
video09,BirdDrone-Local,24,1,1,0,0,0,0,0.829993724822998
video09,BirdDrone-Local,25,1,1,0,0,0,0,0.8369805216789246
video09,BirdDrone-Local,26,1,1,0,0,0,0,0.8509069085121155
video09,BirdDrone-Local,27,1,1,0,0,0,0,0.8491289019584656
video09,BirdDrone-Local,28,1,1,0,0,0,0,0.8541558384895325
video09,BirdDrone-Local,29,1,1,0,0,0,0,0.8505076766014099
video09,BirdDrone-Local,30,1,1,0,0,0,0,0.8645114898681641
video09,BirdDrone-Local,31,1,1,0,0,0,0,0.8150232434272766
video09,BirdDrone-Local,32,1,1,0,0,0,0,0.8170576095581055
video09,BirdDrone-Local,33,1,1,0,0,0,0,0.8200002908706665
video09,BirdDrone-Local,34,1,1,0,0,0,0,0.8360046148300171
video09,BirdDrone-Local,35,1,1,0,0,0,0,0.8295284509658813
video09,BirdDrone-Local,36,1,1,0,0,0,0,0.8378276824951172
video09,BirdDrone-Local,37,1,1,0,0,0,0,0.8321524858474731
video09,BirdDrone-Local,38,1,1,0,0,0,0,0.8399755954742432
video09,BirdDrone-Local,39,1,1,0,0,0,0,0.8328049778938293
video09,BirdDrone-Local,40,1,1,0,0,0,0,0.8245298266410828
video09,BirdDrone-Local,41,1,1,0,0,0,0,0.8360252380371094
video09,BirdDrone-Local,42,1,1,0,0,0,0,0.8196057081222534
video09,BirdDrone-Local,43,1,1,0,0,0,0,0.8388768434524536
video09,BirdDrone-Local,44,1,1,0,0,0,0,0.8395372033119202
video09,BirdDrone-Local,45,1,1,0,0,0,0,0.8326264023780823
video09,BirdDrone-Local,46,1,1,0,0,0,0,0.8255810737609863
video09,BirdDrone-Local,47,1,1,0,0,0,0,0.820999801158905
video09,BirdDrone-Local,48,1,1,0,0,0,0,0.7969924807548523
video09,BirdDrone-Local,49,1,1,0,0,0,0,0.7872192859649658
video09,BirdDrone-Local,50,1,1,0,0,0,0,0.788716733455658
video09,BirdDrone-Local,51,1,1,0,0,0,0,0.7755792737007141
video09,BirdDrone-Local,52,1,1,0,0,0,0,0.7952456474304199
video09,BirdDrone-Local,53,1,1,0,0,0,0,0.8037779927253723
video09,BirdDrone-Local,54,1,1,0,0,0,0,0.8053569793701172
video09,BirdDrone-Local,55,1,1,0,0,0,0,0.8163352012634277
video09,BirdDrone-Local,56,1,1,0,0,0,0,0.8203809261322021
video09,BirdDrone-Local,57,1,1,0,0,0,0,0.8062154650688171
video09,BirdDrone-Local,58,1,1,0,0,0,0,0.8260051012039185
video09,BirdDrone-Local,59,1,1,0,0,0,0,0.8228179812431335
video09,BirdDrone-Local,60,1,1,0,0,0,0,0.8214443922042847
video09,BirdDrone-Local,61,1,1,0,0,0,0,0.8256229162216187
video09,BirdDrone-Local,62,1,1,0,0,0,0,0.8243488669395447
video09,BirdDrone-Local,63,1,1,0,0,0,0,0.8210398554801941
video09,BirdDrone-Local,64,1,1,0,0,0,0,0.841608464717865
video09,BirdDrone-Local,65,1,1,0,0,0,0,0.8285740613937378
video09,BirdDrone-Local,66,1,1,0,0,0,0,0.8401728272438049
video09,BirdDrone-Local,67,1,1,0,0,0,0,0.8301846981048584
video09,BirdDrone-Local,68,1,1,0,0,0,0,0.857624351978302
video09,BirdDrone-Local,69,1,1,0,0,0,0,0.804256021976471
video09,BirdDrone-Local,70,1,1,0,0,0,0,0.8221244215965271
video09,BirdDrone-Local,71,1,1,0,0,0,0,0.8113775849342346
video09,BirdDrone-Local,72,1,1,0,0,0,0,0.805215060710907
video09,BirdDrone-Local,73,1,1,0,0,0,0,0.8242165446281433
video09,BirdDrone-Local,74,1,1,0,0,0,0,0.8245657682418823
video09,BirdDrone-Local,75,1,1,0,0,0,0,0.8315905332565308
video09,BirdDrone-Local,76,1,1,0,0,0,0,0.8446516394615173
video09,BirdDrone-Local,77,1,1,0,0,0,0,0.8589008450508118
video09,BirdDrone-Local,78,1,1,0,0,0,0,0.8645040392875671
video09,BirdDrone-Local,79,1,1,0,0,0,0,0.8477636575698853
video09,BirdDrone-Local,80,1,1,0,0,0,0,0.8529185056686401
video09,BirdDrone-Local,81,1,1,0,0,0,0,0.8510002493858337
video09,BirdDrone-Local,82,1,1,0,0,0,0,0.83857661485672
video09,BirdDrone-Local,83,1,1,0,0,0,0,0.84120774269104
video09,BirdDrone-Local,84,1,1,0,0,0,0,0.8542534112930298
video09,BirdDrone-Local,85,1,1,0,0,0,0,0.8451226353645325
video09,BirdDrone-Local,86,1,1,0,0,0,0,0.8525309562683105
video09,BirdDrone-Local,87,1,1,0,0,0,0,0.8615176677703857
video09,BirdDrone-Local,88,1,1,0,0,0,0,0.8587043285369873
video09,BirdDrone-Local,89,1,1,0,0,0,0,0.8684274554252625
video09,BirdDrone-Local,90,2,2,0,0,0,0,0.6089390516281128
video09,BirdDrone-Local,91,1,1,0,0,0,0,0.8393161296844482
video09,BirdDrone-Local,92,1,1,0,0,0,0,0.8344851732254028
video09,BirdDrone-Local,93,2,2,0,0,1,0,0.790594756603241
video09,BirdDrone-Local,94,1,1,0,0,0,0,0.8482309579849243
video09,BirdDrone-Local,95,1,1,0,0,0,0,0.8066834211349487
video09,BirdDrone-Local,96,2,2,0,0,0,0,0.5202359557151794
video09,BirdDrone-Local,97,1,1,0,0,0,0,0.8348605036735535
video09,BirdDrone-Local,98,1,1,0,0,0,0,0.8460344076156616
video09,BirdDrone-Local,99,1,1,0,0,0,0,0.8121759295463562
video09,BirdDrone-Local,100,1,1,0,0,0,0,0.8527378439903259
video09,BirdDrone-Local,101,1,1,0,0,0,0,0.8473093509674072
video09,BirdDrone-Local,102,1,1,0,0,0,0,0.8594278693199158
video09,BirdDrone-Local,103,1,1,0,0,0,0,0.8372005224227905
video09,BirdDrone-Local,104,1,1,0,0,0,0,0.848987340927124
video09,BirdDrone-Local,105,1,1,0,0,0,0,0.8549205660820007
video09,BirdDrone-Local,106,1,1,0,0,0,0,0.8600448369979858
video09,BirdDrone-Local,107,1,1,0,0,0,0,0.8167075514793396
video09,BirdDrone-Local,108,1,1,0,0,0,0,0.8422930836677551
video09,BirdDrone-Local,109,1,1,0,0,0,0,0.8375936150550842
video09,BirdDrone-Local,110,1,1,0,0,0,0,0.8294469118118286
video09,BirdDrone-Local,111,1,1,0,0,0,0,0.8573319911956787
video09,BirdDrone-Local,112,1,1,0,0,0,0,0.8536044955253601
video09,BirdDrone-Local,113,1,1,0,0,0,0,0.80939781665802
video09,BirdDrone-Local,114,1,1,0,0,0,0,0.8204565048217773
video09,BirdDrone-Local,115,1,1,0,0,0,0,0.8638783693313599
video09,BirdDrone-Local,116,1,1,0,0,0,0,0.8271027207374573
video09,BirdDrone-Local,117,1,1,0,0,0,0,0.8546146154403687
video09,BirdDrone-Local,118,1,1,0,0,0,0,0.8500514030456543
video09,BirdDrone-Local,119,1,1,0,0,0,0,0.8323923349380493
video09,BirdDrone-Local,120,1,1,0,0,0,0,0.8535540699958801
video09,BirdDrone-Local,121,1,1,0,0,0,0,0.8481471538543701
video09,BirdDrone-Local,122,1,1,0,0,0,0,0.8531737923622131
video09,BirdDrone-Local,123,1,1,0,0,0,0,0.820178210735321
video09,BirdDrone-Local,124,1,1,0,0,0,0,0.8353513479232788
video09,BirdDrone-Local,125,1,1,0,0,0,0,0.8410386443138123
video09,BirdDrone-Local,126,1,1,0,0,0,0,0.8433816432952881
video09,BirdDrone-Local,127,1,1,0,0,0,0,0.8355157971382141
video09,BirdDrone-Local,128,1,1,0,0,0,0,0.8155910968780518
video09,BirdDrone-Local,129,1,1,0,0,0,0,0.8130790591239929
video09,BirdDrone-Local,130,2,2,0,0,0,0,0.6597219109535217
video09,BirdDrone-Local,131,1,1,0,0,0,0,0.8377153873443604
video09,BirdDrone-Local,132,1,1,0,0,0,0,0.8303487300872803
video09,BirdDrone-Local,133,1,1,0,0,0,0,0.7160929441452026
video09,BirdDrone-Local,134,1,1,0,0,0,0,0.7662389874458313
video09,BirdDrone-Local,135,1,1,0,0,0,0,0.7829970717430115
video09,BirdDrone-Local,136,1,1,0,0,0,0,0.8089183568954468
video09,BirdDrone-Local,137,1,1,0,0,0,0,0.8215275406837463
video09,BirdDrone-Local,138,1,1,0,0,0,0,0.8105711936950684
video09,BirdDrone-Local,139,1,1,0,0,0,0,0.809864342212677
video09,BirdDrone-Local,140,1,1,0,0,0,0,0.7777561545372009
video09,BirdDrone-Local,141,1,1,0,0,0,0,0.7415252327919006
video09,BirdDrone-Local,142,1,1,0,0,0,0,0.739115297794342
video09,BirdDrone-Local,143,1,1,0,0,0,0,0.7273268103599548
video09,BirdDrone-Local,144,1,1,0,0,0,0,0.6294325590133667
video09,BirdDrone-Local,145,1,1,0,0,0,0,0.45547059178352356
video09,BirdDrone-Local,146,1,1,0,0,0,0,0.5657402276992798
video09,BirdDrone-Local,147,1,1,0,0,0,0,0.363892525434494
video09,BirdDrone-Local,148,1,1,0,0,0,0,0.45245325565338135
video09,BirdDrone-Local,149,1,1,0,0,0,0,0.5729976892471313
video09,BirdDrone-Local,150,2,2,0,0,1,0,0.4470960199832916
video09,BirdDrone-Local,151,0,0,0,0,0,0,0.0
video09,BirdDrone-Local,152,0,0,0,0,0,0,0.0
video09,BirdDrone-Local,153,0,0,0,0,0,0,0.0
video09,BirdDrone-Local,154,0,0,0,0,0,0,0.0
video09,BirdDrone-Local,155,0,0,0,0,0,0,0.0
video09,BirdDrone-Local,156,0,0,0,0,0,0,0.0
video09,BirdDrone-Local,157,0,0,0,0,0,0,0.0
video09,BirdDrone-Local,158,0,0,0,0,0,0,0.0
video09,BirdDrone-Local,159,0,0,0,0,0,0,0.0
video09,BirdDrone-Local,160,0,0,0,0,0,0,0.0
video09,BirdDrone-Local,161,0,0,0,0,0,0,0.0
video09,BirdDrone-Local,162,0,0,0,0,0,0,0.0
video09,BirdDrone-Local,163,0,0,0,0,0,0,0.0
video09,BirdDrone-Local,164,0,0,0,0,0,0,0.0
video09,BirdDrone-Local,165,0,0,0,0,0,0,0.0
video09,BirdDrone-Local,166,0,0,0,0,0,0,0.0
video09,BirdDrone-Local,167,0,0,0,0,0,0,0.0
video09,BirdDrone-Local,168,0,0,0,0,0,0,0.0
video09,BirdDrone-Local,169,0,0,0,0,0,0,0.0
video09,BirdDrone-Local,170,0,0,0,0,0,0,0.0
video09,BirdDrone-Local,171,0,0,0,0,0,0,0.0
video09,BirdDrone-Local,172,0,0,0,0,0,0,0.0
video09,BirdDrone-Local,173,0,0,0,0,0,0,0.0
video09,BirdDrone-Local,174,0,0,0,0,0,0,0.0
video09,BirdDrone-Local,175,0,0,0,0,0,0,0.0
video09,BirdDrone-Local,176,0,0,0,0,0,0,0.0
video09,BirdDrone-Local,177,0,0,0,0,0,0,0.0
video09,BirdDrone-Local,178,0,0,0,0,0,0,0.0
video09,BirdDrone-Local,179,0,0,0,0,0,0,0.0
video09,BirdDrone-Local,180,0,0,0,0,0,0,0.0
video09,BirdDrone-Local,181,0,0,0,0,0,0,0.0
video09,BirdDrone-Local,182,0,0,0,0,0,0,0.0
video09,BirdDrone-Local,183,0,0,0,0,0,0,0.0
video09,BirdDrone-Local,184,0,0,0,0,0,0,0.0
video09,BirdDrone-Local,185,0,0,0,0,0,0,0.0
video09,BirdDrone-Local,186,0,0,0,0,0,0,0.0
video09,BirdDrone-Local,187,0,0,0,0,0,0,0.0
video09,BirdDrone-Local,188,0,0,0,0,0,0,0.0
video09,BirdDrone-Local,189,0,0,0,0,0,0,0.0
video09,BirdDrone-Local,190,0,0,0,0,0,0,0.0
video09,BirdDrone-Local,191,0,0,0,0,0,0,0.0
video09,BirdDrone-Local,192,0,0,0,0,0,0,0.0
video09,BirdDrone-Local,193,0,0,0,0,0,0,0.0
video09,BirdDrone-Local,194,0,0,0,0,0,0,0.0
video09,BirdDrone-Local,195,0,0,0,0,0,0,0.0
video09,BirdDrone-Local,196,0,0,0,0,0,0,0.0
video09,BirdDrone-Local,197,0,0,0,0,0,0,0.0
video09,BirdDrone-Local,198,0,0,0,0,0,0,0.0
video09,BirdDrone-Local,199,0,0,0,0,0,0,0.0
video09,BirdDrone-Local,200,0,0,0,0,0,0,0.0
video09,BirdDrone-Local,201,0,0,0,0,0,0,0.0
video09,BirdDrone-Local,202,0,0,0,0,0,0,0.0
video09,BirdDrone-Local,203,0,0,0,0,0,0,0.0
video09,BirdDrone-Local,204,0,0,0,0,0,0,0.0
video09,BirdDrone-Local,205,0,0,0,0,0,0,0.0
video09,BirdDrone-Local,206,0,0,0,0,0,0,0.0
video09,BirdDrone-Local,207,0,0,0,0,0,0,0.0
video09,BirdDrone-Local,208,0,0,0,0,0,0,0.0
video09,BirdDrone-Local,209,0,0,0,0,0,0,0.0
video09,BirdDrone-Local,210,0,0,0,0,0,0,0.0
video09,BirdDrone-Local,211,0,0,0,0,0,0,0.0
video09,BirdDrone-Local,212,0,0,0,0,0,0,0.0
video09,BirdDrone-Local,213,0,0,0,0,0,0,0.0
video09,BirdDrone-Local,214,0,0,0,0,0,0,0.0
video09,BirdDrone-Local,215,0,0,0,0,0,0,0.0
video09,BirdDrone-Local,216,0,0,0,0,0,0,0.0
video09,BirdDrone-Local,217,0,0,0,0,0,0,0.0
video09,BirdDrone-Local,218,0,0,0,0,0,0,0.0
video09,BirdDrone-Local,219,0,0,0,0,0,0,0.0
video09,BirdDrone-Local,220,0,0,0,0,0,0,0.0
video09,BirdDrone-Local,221,0,0,0,0,0,0,0.0
video09,BirdDrone-Local,222,0,0,0,0,0,0,0.0
video09,BirdDrone-Local,223,0,0,0,0,0,0,0.0
video09,BirdDrone-Local,224,0,0,0,0,0,0,0.0
video09,BirdDrone-Local,225,0,0,0,0,0,0,0.0
video09,BirdDrone-Local,226,0,0,0,0,0,0,0.0
video09,BirdDrone-Local,227,0,0,0,0,0,0,0.0
video09,BirdDrone-Local,228,0,0,0,0,0,0,0.0
video09,BirdDrone-Local,229,0,0,0,0,0,0,0.0
video09,BirdDrone-Local,230,0,0,0,0,0,0,0.0
video09,BirdDrone-Local,231,0,0,0,0,0,0,0.0
video09,BirdDrone-Local,232,0,0,0,0,0,0,0.0
video09,BirdDrone-Local,233,0,0,0,0,0,0,0.0
video09,BirdDrone-Local,234,0,0,0,0,0,0,0.0
video09,BirdDrone-Local,235,0,0,0,0,0,0,0.0
video09,BirdDrone-Local,236,0,0,0,0,0,0,0.0
video09,BirdDrone-Local,237,0,0,0,0,0,0,0.0
video09,BirdDrone-Local,238,0,0,0,0,0,0,0.0
video09,BirdDrone-Local,239,0,0,0,0,0,0,0.0
video09,BirdDrone-Local,240,0,0,0,0,0,0,0.0
video09,BirdDrone-Local,241,0,0,0,0,0,0,0.0
video09,BirdDrone-Local,242,0,0,0,0,0,0,0.0
video09,BirdDrone-Local,243,0,0,0,0,0,0,0.0
video09,BirdDrone-Local,244,0,0,0,0,0,0,0.0
video09,BirdDrone-Local,245,0,0,0,0,0,0,0.0
video09,BirdDrone-Local,246,0,0,0,0,0,0,0.0
video09,BirdDrone-Local,247,0,0,0,0,0,0,0.0
video09,BirdDrone-Local,248,0,0,0,0,0,0,0.0
video09,BirdDrone-Local,249,0,0,0,0,0,0,0.0
video09,BirdDrone-Local,250,0,0,0,0,0,0,0.0
video09,BirdDrone-Local,251,0,0,0,0,0,0,0.0
video09,BirdDrone-Local,252,0,0,0,0,0,0,0.0
video09,BirdDrone-Local,253,0,0,0,0,0,0,0.0
video09,BirdDrone-Local,254,0,0,0,0,0,0,0.0
video09,BirdDrone-Local,255,0,0,0,0,0,0,0.0
video09,BirdDrone-Local,256,0,0,0,0,0,0,0.0
video09,BirdDrone-Local,257,0,0,0,0,0,0,0.0
video09,BirdDrone-Local,258,0,0,0,0,0,0,0.0
video09,BirdDrone-Local,259,0,0,0,0,0,0,0.0
video09,BirdDrone-Local,260,0,0,0,0,0,0,0.0
video09,BirdDrone-Local,261,0,0,0,0,0,0,0.0
video09,BirdDrone-Local,262,0,0,0,0,0,0,0.0
video09,BirdDrone-Local,263,0,0,0,0,0,0,0.0
video09,BirdDrone-Local,264,0,0,0,0,0,0,0.0
video09,BirdDrone-Local,265,0,0,0,0,0,0,0.0
video09,BirdDrone-Local,266,0,0,0,0,0,0,0.0
video09,BirdDrone-Local,267,0,0,0,0,0,0,0.0
video09,BirdDrone-Local,268,0,0,0,0,0,0,0.0
video09,BirdDrone-Local,269,0,0,0,0,0,0,0.0
video09,BirdDrone-Local,270,0,0,0,0,0,0,0.0
video09,BirdDrone-Local,271,0,0,0,0,0,0,0.0
video09,BirdDrone-Local,272,0,0,0,0,0,0,0.0
video09,BirdDrone-Local,273,0,0,0,0,0,0,0.0
video09,BirdDrone-Local,274,0,0,0,0,0,0,0.0
video09,BirdDrone-Local,275,0,0,0,0,0,0,0.0
video09,BirdDrone-Local,276,0,0,0,0,0,0,0.0
video09,BirdDrone-Local,277,0,0,0,0,0,0,0.0
video09,BirdDrone-Local,278,0,0,0,0,0,0,0.0
video09,BirdDrone-Local,279,0,0,0,0,0,0,0.0
video09,BirdDrone-Local,280,0,0,0,0,0,0,0.0
video09,BirdDrone-Local,281,0,0,0,0,0,0,0.0
video09,BirdDrone-Local,282,0,0,0,0,0,0,0.0
video09,BirdDrone-Local,283,0,0,0,0,0,0,0.0
video09,BirdDrone-Local,284,0,0,0,0,0,0,0.0
video09,BirdDrone-Local,285,0,0,0,0,0,0,0.0
video09,BirdDrone-Local,286,0,0,0,0,0,0,0.0
video09,BirdDrone-Local,287,0,0,0,0,0,0,0.0
video09,BirdDrone-Local,288,0,0,0,0,0,0,0.0
video09,BirdDrone-Local,289,0,0,0,0,0,0,0.0
video09,BirdDrone-Local,290,0,0,0,0,0,0,0.0
video09,BirdDrone-Local,291,0,0,0,0,0,0,0.0
video09,BirdDrone-Local,292,0,0,0,0,0,0,0.0
video09,BirdDrone-Local,293,0,0,0,0,0,0,0.0
video09,BirdDrone-Local,294,0,0,0,0,0,0,0.0
video09,BirdDrone-Local,295,0,0,0,0,0,0,0.0
video09,BirdDrone-Local,296,0,0,0,0,0,0,0.0
video09,BirdDrone-Local,297,0,0,0,0,0,0,0.0
video09,BirdDrone-Local,298,0,0,0,0,0,0,0.0
video09,BirdDrone-Local,299,0,0,0,0,0,0,0.0
video09,BirdDrone-Local,300,0,0,0,0,0,0,0.0
video09,BirdDrone-Local,301,0,0,0,0,0,0,0.0
video09,BirdDrone-Local,302,0,0,0,0,0,0,0.0
video09,BirdDrone-Local,303,0,0,0,0,0,0,0.0
video09,BirdDrone-Local,304,1,1,0,0,1,0,0.2791578471660614
video09,BirdDrone-Local,305,1,1,0,0,0,0,0.4124414026737213
video09,BirdDrone-Local,306,1,1,0,0,0,0,0.40817123651504517
video09,BirdDrone-Local,307,1,1,0,0,0,0,0.5586190223693848
video09,BirdDrone-Local,308,1,1,0,0,0,0,0.5307799577713013
video09,BirdDrone-Local,309,0,0,0,0,0,0,0.0
video09,BirdDrone-Local,310,1,1,0,0,0,0,0.5371046662330627
video09,BirdDrone-Local,311,1,1,0,0,0,0,0.39058658480644226
video09,BirdDrone-Local,312,1,1,0,0,0,0,0.6721846461296082
video09,BirdDrone-Local,313,1,1,0,0,0,0,0.6160492300987244
video09,BirdDrone-Local,314,1,1,0,0,0,0,0.49214091897010803
video09,BirdDrone-Local,315,1,1,0,0,0,0,0.46490296721458435
video09,BirdDrone-Local,316,0,0,0,0,0,0,0.0
video09,BirdDrone-Local,317,0,0,0,0,0,0,0.0
video09,BirdDrone-Local,318,0,0,0,0,0,0,0.0
video09,BirdDrone-Local,319,0,0,0,0,0,0,0.0
video09,BirdDrone-Local,320,0,0,0,0,0,0,0.0
video09,BirdDrone-Local,321,0,0,0,0,0,0,0.0
video09,BirdDrone-Local,322,0,0,0,0,0,0,0.0
video09,BirdDrone-Local,323,1,1,0,0,1,0,0.31830817461013794
video09,BirdDrone-Local,324,0,0,0,0,0,0,0.0
video09,BirdDrone-Local,325,1,1,0,0,0,0,0.7187613844871521
video09,BirdDrone-Local,326,1,1,0,0,0,0,0.659946858882904
video09,BirdDrone-Local,327,1,1,0,0,0,0,0.7044693827629089
video09,BirdDrone-Local,328,1,1,0,0,0,0,0.756558358669281
video09,BirdDrone-Local,329,0,0,0,0,0,0,0.0
video09,BirdDrone-Local,330,1,1,0,0,1,0,0.27507323026657104
video09,BirdDrone-Local,331,1,1,0,0,0,0,0.6561635732650757
video09,BirdDrone-Local,332,0,0,0,0,0,0,0.0
video09,BirdDrone-Local,333,0,0,0,0,0,0,0.0
video09,BirdDrone-Local,334,0,0,0,0,0,0,0.0
video09,BirdDrone-Local,335,0,0,0,0,0,0,0.0
video09,BirdDrone-Local,336,1,1,0,0,1,0,0.2684987485408783
video09,BirdDrone-Local,337,1,1,0,0,0,0,0.43829676508903503
video09,BirdDrone-Local,338,0,0,0,0,0,0,0.0
video09,BirdDrone-Local,339,0,0,0,0,0,0,0.0
video09,BirdDrone-Local,340,0,0,0,0,0,0,0.0
video09,BirdDrone-Local,341,0,0,0,0,0,0,0.0
video09,BirdDrone-Local,342,0,0,0,0,0,0,0.0
video09,BirdDrone-Local,343,0,0,0,0,0,0,0.0
video09,BirdDrone-Local,344,0,0,0,0,0,0,0.0
video09,BirdDrone-Local,345,0,0,0,0,0,0,0.0
video09,BirdDrone-Local,346,0,0,0,0,0,0,0.0
video09,BirdDrone-Local,347,0,0,0,0,0,0,0.0
video09,BirdDrone-Local,348,0,0,0,0,0,0,0.0
video09,BirdDrone-Local,349,0,0,0,0,0,0,0.0
video09,BirdDrone-Local,350,0,0,0,0,0,0,0.0
video09,BirdDrone-Local,351,0,0,0,0,0,0,0.0
video09,BirdDrone-Local,352,0,0,0,0,0,0,0.0
video09,BirdDrone-Local,353,0,0,0,0,0,0,0.0
video09,BirdDrone-Local,354,0,0,0,0,0,0,0.0
video09,BirdDrone-Local,355,0,0,0,0,0,0,0.0
video09,BirdDrone-Local,356,0,0,0,0,0,0,0.0
video09,BirdDrone-Local,357,0,0,0,0,0,0,0.0
video09,BirdDrone-Local,358,0,0,0,0,0,0,0.0
video09,BirdDrone-Local,359,0,0,0,0,0,0,0.0
video09,BirdDrone-Local,360,0,0,0,0,0,0,0.0
video09,BirdDrone-Local,361,0,0,0,0,0,0,0.0
video09,BirdDrone-Local,362,0,0,0,0,0,0,0.0
video09,BirdDrone-Local,363,0,0,0,0,0,0,0.0
video09,BirdDrone-Local,364,0,0,0,0,0,0,0.0
video09,BirdDrone-Local,365,0,0,0,0,0,0,0.0
video09,BirdDrone-Local,366,0,0,0,0,0,0,0.0
video09,BirdDrone-Local,367,0,0,0,0,0,0,0.0
video09,BirdDrone-Local,368,0,0,0,0,0,0,0.0
video09,BirdDrone-Local,369,0,0,0,0,0,0,0.0
video09,BirdDrone-Local,370,0,0,0,0,0,0,0.0
video09,BirdDrone-Local,371,0,0,0,0,0,0,0.0
video09,BirdDrone-Local,372,0,0,0,0,0,0,0.0
video09,BirdDrone-Local,373,0,0,0,0,0,0,0.0
video09,BirdDrone-Local,374,0,0,0,0,0,0,0.0
video09,BirdDrone-Local,375,0,0,0,0,0,0,0.0
video09,BirdDrone-Local,376,0,0,0,0,0,0,0.0
video09,BirdDrone-Local,377,0,0,0,0,0,0,0.0
video09,BirdDrone-Local,378,0,0,0,0,0,0,0.0
video09,BirdDrone-Local,379,0,0,0,0,0,0,0.0
video09,BirdDrone-Local,380,0,0,0,0,0,0,0.0
video09,BirdDrone-Local,381,0,0,0,0,0,0,0.0
video09,BirdDrone-Local,382,0,0,0,0,0,0,0.0
video09,BirdDrone-Local,383,0,0,0,0,0,0,0.0
video09,BirdDrone-Local,384,0,0,0,0,0,0,0.0
video09,BirdDrone-Local,385,0,0,0,0,0,0,0.0
video09,BirdDrone-Local,386,0,0,0,0,0,0,0.0
video09,BirdDrone-Local,387,0,0,0,0,0,0,0.0
video09,BirdDrone-Local,388,0,0,0,0,0,0,0.0
video09,BirdDrone-Local,389,0,0,0,0,0,0,0.0
video09,BirdDrone-Local,390,0,0,0,0,0,0,0.0
video09,BirdDrone-Local,391,0,0,0,0,0,0,0.0
video09,BirdDrone-Local,392,0,0,0,0,0,0,0.0
video09,BirdDrone-Local,393,0,0,0,0,0,0,0.0
video09,BirdDrone-Local,394,0,0,0,0,0,0,0.0
video09,BirdDrone-Local,395,0,0,0,0,0,0,0.0
video09,BirdDrone-Local,396,0,0,0,0,0,0,0.0
video09,BirdDrone-Local,397,0,0,0,0,0,0,0.0
video09,BirdDrone-Local,398,0,0,0,0,0,0,0.0
video09,BirdDrone-Local,399,0,0,0,0,0,0,0.0
video09,BirdDrone-Local,400,0,0,0,0,0,0,0.0
video09,BirdDrone-Local,401,0,0,0,0,0,0,0.0
video09,BirdDrone-Local,402,0,0,0,0,0,0,0.0
video09,BirdDrone-Local,403,0,0,0,0,0,0,0.0
video09,BirdDrone-Local,404,0,0,0,0,0,0,0.0
video09,BirdDrone-Local,405,0,0,0,0,0,0,0.0
video09,BirdDrone-Local,406,0,0,0,0,0,0,0.0
video09,BirdDrone-Local,407,0,0,0,0,0,0,0.0
video09,BirdDrone-Local,408,0,0,0,0,0,0,0.0
video09,BirdDrone-Local,409,0,0,0,0,0,0,0.0
video09,BirdDrone-Local,410,0,0,0,0,0,0,0.0
video09,BirdDrone-Local,411,0,0,0,0,0,0,0.0
video09,BirdDrone-Local,412,0,0,0,0,0,0,0.0
video09,BirdDrone-Local,413,0,0,0,0,0,0,0.0
video09,BirdDrone-Local,414,0,0,0,0,0,0,0.0
video09,BirdDrone-Local,415,0,0,0,0,0,0,0.0
video09,BirdDrone-Local,416,0,0,0,0,0,0,0.0
video09,BirdDrone-Local,417,0,0,0,0,0,0,0.0
video09,BirdDrone-Local,418,0,0,0,0,0,0,0.0
video09,BirdDrone-Local,419,0,0,0,0,0,0,0.0
video09,BirdDrone-Local,420,0,0,0,0,0,0,0.0
video09,BirdDrone-Local,421,0,0,0,0,0,0,0.0
video09,BirdDrone-Local,422,0,0,0,0,0,0,0.0
video09,BirdDrone-Local,423,0,0,0,0,0,0,0.0
video09,BirdDrone-Local,424,0,0,0,0,0,0,0.0
video09,BirdDrone-Local,425,0,0,0,0,0,0,0.0
video09,BirdDrone-Local,426,0,0,0,0,0,0,0.0
video09,BirdDrone-Local,427,0,0,0,0,0,0,0.0
video09,BirdDrone-Local,428,0,0,0,0,0,0,0.0
video09,BirdDrone-Local,429,0,0,0,0,0,0,0.0
video09,BirdDrone-Local,430,0,0,0,0,0,0,0.0
video09,BirdDrone-Local,431,0,0,0,0,0,0,0.0
video09,BirdDrone-Local,432,0,0,0,0,0,0,0.0
video09,BirdDrone-Local,433,0,0,0,0,0,0,0.0
video09,BirdDrone-Local,434,0,0,0,0,0,0,0.0
video09,BirdDrone-Local,435,0,0,0,0,0,0,0.0
video09,BirdDrone-Local,436,0,0,0,0,0,0,0.0
video09,BirdDrone-Local,437,0,0,0,0,0,0,0.0
video09,BirdDrone-Local,438,0,0,0,0,0,0,0.0
video09,BirdDrone-Local,439,0,0,0,0,0,0,0.0
video09,BirdDrone-Local,440,0,0,0,0,0,0,0.0
video09,BirdDrone-Local,441,0,0,0,0,0,0,0.0
video09,BirdDrone-Local,442,0,0,0,0,0,0,0.0
video09,BirdDrone-Local,443,0,0,0,0,0,0,0.0
video09,BirdDrone-Local,444,0,0,0,0,0,0,0.0
video09,BirdDrone-Local,445,0,0,0,0,0,0,0.0
video09,BirdDrone-Local,446,0,0,0,0,0,0,0.0
video09,BirdDrone-Local,447,0,0,0,0,0,0,0.0
video09,BirdDrone-Local,448,0,0,0,0,0,0,0.0
video09,BirdDrone-Local,449,0,0,0,0,0,0,0.0
video09,BirdDrone-Local,450,0,0,0,0,0,0,0.0
video09,BirdDrone-Local,451,0,0,0,0,0,0,0.0
video09,BirdDrone-Local,452,0,0,0,0,0,0,0.0
video09,BirdDrone-Local,453,0,0,0,0,0,0,0.0
video09,BirdDrone-Local,454,0,0,0,0,0,0,0.0
video09,BirdDrone-Local,455,0,0,0,0,0,0,0.0
video09,BirdDrone-Local,456,0,0,0,0,0,0,0.0
video09,BirdDrone-Local,457,0,0,0,0,0,0,0.0
video09,BirdDrone-Local,458,0,0,0,0,0,0,0.0
video09,BirdDrone-Local,459,0,0,0,0,0,0,0.0
video09,BirdDrone-Local,460,0,0,0,0,0,0,0.0
video09,BirdDrone-Local,461,0,0,0,0,0,0,0.0
video09,BirdDrone-Local,462,0,0,0,0,0,0,0.0
video09,BirdDrone-Local,463,0,0,0,0,0,0,0.0
video09,BirdDrone-Local,464,0,0,0,0,0,0,0.0
video09,BirdDrone-Local,465,0,0,0,0,0,0,0.0
video09,BirdDrone-Local,466,0,0,0,0,0,0,0.0
video09,BirdDrone-Local,467,0,0,0,0,0,0,0.0
video09,BirdDrone-Local,468,0,0,0,0,0,0,0.0
video09,BirdDrone-Local,469,0,0,0,0,0,0,0.0
video09,BirdDrone-Local,470,0,0,0,0,0,0,0.0
video09,BirdDrone-Local,471,0,0,0,0,0,0,0.0
video09,BirdDrone-Local,472,0,0,0,0,0,0,0.0
video09,BirdDrone-Local,473,0,0,0,0,0,0,0.0
video09,BirdDrone-Local,474,0,0,0,0,0,0,0.0
video09,BirdDrone-Local,475,0,0,0,0,0,0,0.0
video09,BirdDrone-Local,476,0,0,0,0,0,0,0.0
video09,BirdDrone-Local,477,0,0,0,0,0,0,0.0
video09,BirdDrone-Local,478,0,0,0,0,0,0,0.0
video09,BirdDrone-Local,479,0,0,0,0,0,0,0.0
video09,BirdDrone-Local,480,0,0,0,0,0,0,0.0
video09,BirdDrone-Local,481,0,0,0,0,0,0,0.0
video09,BirdDrone-Local,482,0,0,0,0,0,0,0.0
video09,BirdDrone-Local,483,0,0,0,0,0,0,0.0
video09,BirdDrone-Local,484,0,0,0,0,0,0,0.0
video09,BirdDrone-Local,485,0,0,0,0,0,0,0.0
video09,BirdDrone-Local,486,0,0,0,0,0,0,0.0
video09,BirdDrone-Local,487,0,0,0,0,0,0,0.0
video09,BirdDrone-Local,488,0,0,0,0,0,0,0.0
video09,BirdDrone-Local,489,0,0,0,0,0,0,0.0
video09,BirdDrone-Local,490,0,0,0,0,0,0,0.0
video09,BirdDrone-Local,491,0,0,0,0,0,0,0.0
video09,BirdDrone-Local,492,0,0,0,0,0,0,0.0
video09,BirdDrone-Local,493,0,0,0,0,0,0,0.0
video09,BirdDrone-Local,494,0,0,0,0,0,0,0.0
video09,BirdDrone-Local,495,0,0,0,0,0,0,0.0
video09,BirdDrone-Local,496,0,0,0,0,0,0,0.0
video09,BirdDrone-Local,497,0,0,0,0,0,0,0.0
video09,BirdDrone-Local,498,0,0,0,0,0,0,0.0
video09,BirdDrone-Local,499,0,0,0,0,0,0,0.0
video09,BirdDrone-Local,500,0,0,0,0,0,0,0.0
video09,BirdDrone-Local,501,0,0,0,0,0,0,0.0
video09,BirdDrone-Local,502,0,0,0,0,0,0,0.0
video09,BirdDrone-Local,503,0,0,0,0,0,0,0.0
video09,BirdDrone-Local,504,0,0,0,0,0,0,0.0
video09,BirdDrone-Local,505,0,0,0,0,0,0,0.0
video09,BirdDrone-Local,506,0,0,0,0,0,0,0.0
video09,BirdDrone-Local,507,0,0,0,0,0,0,0.0
video09,BirdDrone-Local,508,0,0,0,0,0,0,0.0
video09,BirdDrone-Local,509,0,0,0,0,0,0,0.0
video09,BirdDrone-Local,510,0,0,0,0,0,0,0.0
video09,BirdDrone-Local,511,0,0,0,0,0,0,0.0
video09,BirdDrone-Local,512,0,0,0,0,0,0,0.0
video09,BirdDrone-Local,513,0,0,0,0,0,0,0.0
video09,BirdDrone-Local,514,0,0,0,0,0,0,0.0
video09,BirdDrone-Local,515,0,0,0,0,0,0,0.0
video09,BirdDrone-Local,516,0,0,0,0,0,0,0.0
video09,BirdDrone-Local,517,0,0,0,0,0,0,0.0
video09,BirdDrone-Local,518,0,0,0,0,0,0,0.0
video09,BirdDrone-Local,519,0,0,0,0,0,0,0.0
video09,BirdDrone-Local,520,0,0,0,0,0,0,0.0
video09,BirdDrone-Local,521,0,0,0,0,0,0,0.0
video09,BirdDrone-Local,522,0,0,0,0,0,0,0.0
video09,BirdDrone-Local,523,0,0,0,0,0,0,0.0
video09,BirdDrone-Local,524,0,0,0,0,0,0,0.0
video09,BirdDrone-Local,525,0,0,0,0,0,0,0.0
video09,BirdDrone-Local,526,0,0,0,0,0,0,0.0
video09,BirdDrone-Local,527,0,0,0,0,0,0,0.0
video09,BirdDrone-Local,528,0,0,0,0,0,0,0.0
video09,BirdDrone-Local,529,0,0,0,0,0,0,0.0
video09,BirdDrone-Local,530,0,0,0,0,0,0,0.0
video09,BirdDrone-Local,531,0,0,0,0,0,0,0.0
video09,BirdDrone-Local,532,0,0,0,0,0,0,0.0
video09,BirdDrone-Local,533,0,0,0,0,0,0,0.0
video09,BirdDrone-Local,534,0,0,0,0,0,0,0.0
video09,BirdDrone-Local,535,0,0,0,0,0,0,0.0
video09,BirdDrone-Local,536,1,1,0,0,1,0,0.3472251296043396
video09,BirdDrone-Local,537,0,0,0,0,0,0,0.0
video09,BirdDrone-Local,538,0,0,0,0,0,0,0.0
video09,BirdDrone-Local,539,0,0,0,0,0,0,0.0
video09,BirdDrone-Local,540,0,0,0,0,0,0,0.0
video09,BirdDrone-Local,541,0,0,0,0,0,0,0.0
video09,BirdDrone-Local,542,0,0,0,0,0,0,0.0
video09,BirdDrone-Local,543,0,0,0,0,0,0,0.0
video09,BirdDrone-Local,544,0,0,0,0,0,0,0.0
video09,BirdDrone-Local,545,0,0,0,0,0,0,0.0
video09,BirdDrone-Local,546,0,0,0,0,0,0,0.0
video09,BirdDrone-Local,547,0,0,0,0,0,0,0.0
video09,BirdDrone-Local,548,0,0,0,0,0,0,0.0
video09,BirdDrone-Local,549,0,0,0,0,0,0,0.0
video09,BirdDrone-Local,550,0,0,0,0,0,0,0.0
video09,BirdDrone-Local,551,0,0,0,0,0,0,0.0
video09,BirdDrone-Local,552,0,0,0,0,0,0,0.0
video09,BirdDrone-Local,553,0,0,0,0,0,0,0.0
video09,BirdDrone-Local,554,0,0,0,0,0,0,0.0
video09,BirdDrone-Local,555,0,0,0,0,0,0,0.0
video09,BirdDrone-Local,556,0,0,0,0,0,0,0.0
video09,BirdDrone-Local,557,0,0,0,0,0,0,0.0
video09,BirdDrone-Local,558,0,0,0,0,0,0,0.0
video09,BirdDrone-Local,559,0,0,0,0,0,0,0.0
video09,BirdDrone-Local,560,0,0,0,0,0,0,0.0
video09,BirdDrone-Local,561,0,0,0,0,0,0,0.0
video09,BirdDrone-Local,562,0,0,0,0,0,0,0.0
video09,BirdDrone-Local,563,0,0,0,0,0,0,0.0
video09,BirdDrone-Local,564,0,0,0,0,0,0,0.0
video09,BirdDrone-Local,565,0,0,0,0,0,0,0.0
video09,BirdDrone-Local,566,0,0,0,0,0,0,0.0
video09,BirdDrone-Local,567,0,0,0,0,0,0,0.0
video09,BirdDrone-Local,568,0,0,0,0,0,0,0.0
video09,BirdDrone-Local,569,0,0,0,0,0,0,0.0
video09,BirdDrone-Local,570,0,0,0,0,0,0,0.0
video09,BirdDrone-Local,571,0,0,0,0,0,0,0.0
video09,BirdDrone-Local,572,0,0,0,0,0,0,0.0
video09,BirdDrone-Local,573,0,0,0,0,0,0,0.0
video09,BirdDrone-Local,574,0,0,0,0,0,0,0.0
video09,BirdDrone-Local,575,0,0,0,0,0,0,0.0
video09,BirdDrone-Local,576,0,0,0,0,0,0,0.0
video09,BirdDrone-Local,577,0,0,0,0,0,0,0.0
video09,BirdDrone-Local,578,0,0,0,0,0,0,0.0
video09,BirdDrone-Local,579,0,0,0,0,0,0,0.0
video09,BirdDrone-Local,580,0,0,0,0,0,0,0.0
video09,BirdDrone-Local,581,0,0,0,0,0,0,0.0
video09,BirdDrone-Local,582,0,0,0,0,0,0,0.0
video09,BirdDrone-Local,583,0,0,0,0,0,0,0.0
video09,BirdDrone-Local,584,0,0,0,0,0,0,0.0
video09,BirdDrone-Local,585,0,0,0,0,0,0,0.0
video09,BirdDrone-Local,586,0,0,0,0,0,0,0.0
video09,BirdDrone-Local,587,0,0,0,0,0,0,0.0
video09,BirdDrone-Local,588,0,0,0,0,0,0,0.0
video09,BirdDrone-Local,589,0,0,0,0,0,0,0.0
video09,BirdDrone-Local,590,0,0,0,0,0,0,0.0
video09,BirdDrone-Local,591,0,0,0,0,0,0,0.0
video09,BirdDrone-Local,592,0,0,0,0,0,0,0.0
video09,BirdDrone-Local,593,0,0,0,0,0,0,0.0
video09,BirdDrone-Local,594,0,0,0,0,0,0,0.0
video09,BirdDrone-Local,595,0,0,0,0,0,0,0.0
video09,BirdDrone-Local,596,0,0,0,0,0,0,0.0
video09,BirdDrone-Local,597,0,0,0,0,0,0,0.0
video09,BirdDrone-Local,598,0,0,0,0,0,0,0.0
video09,BirdDrone-Local,599,0,0,0,0,0,0,0.0
video09,BirdDrone-Local,600,0,0,0,0,0,0,0.0
video09,BirdDrone-Local,601,0,0,0,0,0,0,0.0
video09,BirdDrone-Local,602,0,0,0,0,0,0,0.0
video09,BirdDrone-Local,603,0,0,0,0,0,0,0.0
video09,BirdDrone-Local,604,0,0,0,0,0,0,0.0
video09,BirdDrone-Local,605,0,0,0,0,0,0,0.0
video09,BirdDrone-Local,606,0,0,0,0,0,0,0.0
video09,BirdDrone-Local,607,0,0,0,0,0,0,0.0
video09,BirdDrone-Local,608,0,0,0,0,0,0,0.0
video09,BirdDrone-Local,609,0,0,0,0,0,0,0.0
video09,BirdDrone-Local,610,0,0,0,0,0,0,0.0
video09,BirdDrone-Local,611,0,0,0,0,0,0,0.0
video09,BirdDrone-Local,612,0,0,0,0,0,0,0.0
video09,BirdDrone-Local,613,0,0,0,0,0,0,0.0
video09,BirdDrone-Local,614,0,0,0,0,0,0,0.0
video09,BirdDrone-Local,615,0,0,0,0,0,0,0.0
video09,BirdDrone-Local,616,0,0,0,0,0,0,0.0
video09,BirdDrone-Local,617,0,0,0,0,0,0,0.0
video09,BirdDrone-Local,618,0,0,0,0,0,0,0.0
video09,BirdDrone-Local,619,0,0,0,0,0,0,0.0
video09,BirdDrone-Local,620,0,0,0,0,0,0,0.0
video09,BirdDrone-Local,621,0,0,0,0,0,0,0.0
video09,BirdDrone-Local,622,0,0,0,0,0,0,0.0
video09,BirdDrone-Local,623,0,0,0,0,0,0,0.0
video09,BirdDrone-Local,624,0,0,0,0,0,0,0.0
video09,BirdDrone-Local,625,0,0,0,0,0,0,0.0
video09,BirdDrone-Local,626,0,0,0,0,0,0,0.0
video09,BirdDrone-Local,627,0,0,0,0,0,0,0.0
video09,BirdDrone-Local,628,0,0,0,0,0,0,0.0
video09,BirdDrone-Local,629,0,0,0,0,0,0,0.0
video09,BirdDrone-Local,630,0,0,0,0,0,0,0.0
video09,BirdDrone-Local,631,0,0,0,0,0,0,0.0
video09,BirdDrone-Local,632,0,0,0,0,0,0,0.0
video09,BirdDrone-Local,633,0,0,0,0,0,0,0.0
video09,BirdDrone-Local,634,0,0,0,0,0,0,0.0
video09,BirdDrone-Local,635,0,0,0,0,0,0,0.0
video09,BirdDrone-Local,636,0,0,0,0,0,0,0.0
video09,BirdDrone-Local,637,0,0,0,0,0,0,0.0
video09,BirdDrone-Local,638,0,0,0,0,0,0,0.0
video09,BirdDrone-Local,639,0,0,0,0,0,0,0.0
video09,BirdDrone-Local,640,0,0,0,0,0,0,0.0
video09,BirdDrone-Local,641,0,0,0,0,0,0,0.0
video09,BirdDrone-Local,642,0,0,0,0,0,0,0.0
video09,BirdDrone-Local,643,0,0,0,0,0,0,0.0
video09,BirdDrone-Local,644,0,0,0,0,0,0,0.0
video09,BirdDrone-Local,645,0,0,0,0,0,0,0.0
video09,BirdDrone-Local,646,0,0,0,0,0,0,0.0
video09,BirdDrone-Local,647,0,0,0,0,0,0,0.0
video09,BirdDrone-Local,648,0,0,0,0,0,0,0.0
video09,BirdDrone-Local,649,0,0,0,0,0,0,0.0
video09,BirdDrone-Local,650,0,0,0,0,0,0,0.0
video09,BirdDrone-Local,651,0,0,0,0,0,0,0.0
video09,BirdDrone-Local,652,0,0,0,0,0,0,0.0
video09,BirdDrone-Local,653,0,0,0,0,0,0,0.0
video09,BirdDrone-Local,654,0,0,0,0,0,0,0.0
video09,BirdDrone-Local,655,0,0,0,0,0,0,0.0
video09,BirdDrone-Local,656,0,0,0,0,0,0,0.0
video09,BirdDrone-Local,657,0,0,0,0,0,0,0.0
video09,BirdDrone-Local,658,0,0,0,0,0,0,0.0
video09,BirdDrone-Local,659,0,0,0,0,0,0,0.0
video09,BirdDrone-Local,660,0,0,0,0,0,0,0.0
video09,BirdDrone-Local,661,0,0,0,0,0,0,0.0
video09,BirdDrone-Local,662,0,0,0,0,0,0,0.0
video09,BirdDrone-Local,663,0,0,0,0,0,0,0.0
video09,BirdDrone-Local,664,0,0,0,0,0,0,0.0
video09,BirdDrone-Local,665,0,0,0,0,0,0,0.0
video09,BirdDrone-Local,666,0,0,0,0,0,0,0.0
video09,BirdDrone-Local,667,0,0,0,0,0,0,0.0
video09,BirdDrone-Local,668,0,0,0,0,0,0,0.0
video09,BirdDrone-Local,669,0,0,0,0,0,0,0.0
video09,BirdDrone-Local,670,0,0,0,0,0,0,0.0
video09,BirdDrone-Local,671,0,0,0,0,0,0,0.0
video09,BirdDrone-Local,672,0,0,0,0,0,0,0.0
video09,BirdDrone-Local,673,0,0,0,0,0,0,0.0
video09,BirdDrone-Local,674,0,0,0,0,0,0,0.0
video09,BirdDrone-Local,675,0,0,0,0,0,0,0.0
video09,BirdDrone-Local,676,0,0,0,0,0,0,0.0
video09,BirdDrone-Local,677,0,0,0,0,0,0,0.0
video09,BirdDrone-Local,678,0,0,0,0,0,0,0.0
video09,BirdDrone-Local,679,0,0,0,0,0,0,0.0
video09,BirdDrone-Local,680,0,0,0,0,0,0,0.0
video09,BirdDrone-Local,681,0,0,0,0,0,0,0.0
video09,BirdDrone-Local,682,0,0,0,0,0,0,0.0
video09,BirdDrone-Local,683,0,0,0,0,0,0,0.0
video09,BirdDrone-Local,684,0,0,0,0,0,0,0.0
video09,BirdDrone-Local,685,0,0,0,0,0,0,0.0
video09,BirdDrone-Local,686,0,0,0,0,0,0,0.0
video09,BirdDrone-Local,687,0,0,0,0,0,0,0.0
video09,BirdDrone-Local,688,0,0,0,0,0,0,0.0
video09,BirdDrone-Local,689,0,0,0,0,0,0,0.0
video09,BirdDrone-Local,690,0,0,0,0,0,0,0.0
video09,BirdDrone-Local,691,0,0,0,0,0,0,0.0
video09,BirdDrone-Local,692,0,0,0,0,0,0,0.0
video09,BirdDrone-Local,693,0,0,0,0,0,0,0.0
video09,BirdDrone-Local,694,0,0,0,0,0,0,0.0
video09,BirdDrone-Local,695,0,0,0,0,0,0,0.0
video09,BirdDrone-Local,696,0,0,0,0,0,0,0.0
video09,BirdDrone-Local,697,0,0,0,0,0,0,0.0
video09,BirdDrone-Local,698,0,0,0,0,0,0,0.0
video09,BirdDrone-Local,699,0,0,0,0,0,0,0.0
video09,BirdDrone-Local,700,0,0,0,0,0,0,0.0
video09,BirdDrone-Local,701,0,0,0,0,0,0,0.0
video09,BirdDrone-Local,702,0,0,0,0,0,0,0.0
video09,BirdDrone-Local,703,0,0,0,0,0,0,0.0
video09,BirdDrone-Local,704,0,0,0,0,0,0,0.0
video09,BirdDrone-Local,705,0,0,0,0,0,0,0.0
video09,BirdDrone-Local,706,0,0,0,0,0,0,0.0
video09,BirdDrone-Local,707,0,0,0,0,0,0,0.0
video09,BirdDrone-Local,708,0,0,0,0,0,0,0.0
video09,BirdDrone-Local,709,0,0,0,0,0,0,0.0
video09,BirdDrone-Local,710,0,0,0,0,0,0,0.0
video09,BirdDrone-Local,711,0,0,0,0,0,0,0.0
video09,BirdDrone-Local,712,0,0,0,0,0,0,0.0
video09,BirdDrone-Local,713,0,0,0,0,0,0,0.0
video09,BirdDrone-Local,714,0,0,0,0,0,0,0.0
video09,BirdDrone-Local,715,0,0,0,0,0,0,0.0
video09,BirdDrone-Local,716,0,0,0,0,0,0,0.0
video09,BirdDrone-Local,717,0,0,0,0,0,0,0.0
video09,BirdDrone-Local,718,0,0,0,0,0,0,0.0
video09,BirdDrone-Local,719,0,0,0,0,0,0,0.0
video09,BirdDrone-Local,720,0,0,0,0,0,0,0.0
video09,BirdDrone-Local,721,0,0,0,0,0,0,0.0
video09,BirdDrone-Local,722,0,0,0,0,0,0,0.0
video09,BirdDrone-Local,723,0,0,0,0,0,0,0.0
video09,BirdDrone-Local,724,0,0,0,0,0,0,0.0
video09,BirdDrone-Local,725,0,0,0,0,0,0,0.0
video09,BirdDrone-Local,726,0,0,0,0,0,0,0.0
video09,BirdDrone-Local,727,0,0,0,0,0,0,0.0
video09,BirdDrone-Local,728,0,0,0,0,0,0,0.0
video09,BirdDrone-Local,729,0,0,0,0,0,0,0.0
video09,BirdDrone-Local,730,0,0,0,0,0,0,0.0
video09,BirdDrone-Local,731,0,0,0,0,0,0,0.0
video09,BirdDrone-Local,732,0,0,0,0,0,0,0.0
video09,BirdDrone-Local,733,0,0,0,0,0,0,0.0
video09,BirdDrone-Local,734,0,0,0,0,0,0,0.0
video09,BirdDrone-Local,735,0,0,0,0,0,0,0.0
video09,BirdDrone-Local,736,0,0,0,0,0,0,0.0
video09,BirdDrone-Local,737,0,0,0,0,0,0,0.0
video09,BirdDrone-Local,738,0,0,0,0,0,0,0.0
video09,BirdDrone-Local,739,0,0,0,0,0,0,0.0
video09,BirdDrone-Local,740,0,0,0,0,0,0,0.0
video09,BirdDrone-Local,741,0,0,0,0,0,0,0.0
video09,BirdDrone-Local,742,0,0,0,0,0,0,0.0
video09,BirdDrone-Local,743,0,0,0,0,0,0,0.0
video09,BirdDrone-Local,744,0,0,0,0,0,0,0.0
video09,BirdDrone-Local,745,0,0,0,0,0,0,0.0
video09,BirdDrone-Local,746,0,0,0,0,0,0,0.0
video09,BirdDrone-Local,747,0,0,0,0,0,0,0.0
video09,BirdDrone-Local,748,0,0,0,0,0,0,0.0
video09,BirdDrone-Local,749,0,0,0,0,0,0,0.0
video09,BirdDrone-Local,750,0,0,0,0,0,0,0.0
video09,BirdDrone-Local,751,0,0,0,0,0,0,0.0
video09,BirdDrone-Local,752,0,0,0,0,0,0,0.0
video09,BirdDrone-Local,753,0,0,0,0,0,0,0.0
video09,BirdDrone-Local,754,0,0,0,0,0,0,0.0
video09,BirdDrone-Local,755,0,0,0,0,0,0,0.0
video09,BirdDrone-Local,756,0,0,0,0,0,0,0.0
video09,BirdDrone-Local,757,0,0,0,0,0,0,0.0
video09,BirdDrone-Local,758,0,0,0,0,0,0,0.0
video09,BirdDrone-Local,759,0,0,0,0,0,0,0.0
video09,BirdDrone-Local,760,0,0,0,0,0,0,0.0
video09,BirdDrone-Local,761,0,0,0,0,0,0,0.0
video09,BirdDrone-Local,762,0,0,0,0,0,0,0.0
video09,BirdDrone-Local,763,0,0,0,0,0,0,0.0
video09,BirdDrone-Local,764,0,0,0,0,0,0,0.0
video09,BirdDrone-Local,765,0,0,0,0,0,0,0.0
video09,BirdDrone-Local,766,0,0,0,0,0,0,0.0
video09,BirdDrone-Local,767,0,0,0,0,0,0,0.0
video09,BirdDrone-Local,768,0,0,0,0,0,0,0.0
video09,BirdDrone-Local,769,0,0,0,0,0,0,0.0
video09,BirdDrone-Local,770,0,0,0,0,0,0,0.0
video09,BirdDrone-Local,771,0,0,0,0,0,0,0.0
video09,BirdDrone-Local,772,0,0,0,0,0,0,0.0
video09,BirdDrone-Local,773,0,0,0,0,0,0,0.0
video09,BirdDrone-Local,774,0,0,0,0,0,0,0.0
video09,BirdDrone-Local,775,0,0,0,0,0,0,0.0
video09,BirdDrone-Local,776,0,0,0,0,0,0,0.0
video09,BirdDrone-Local,777,0,0,0,0,0,0,0.0
video09,BirdDrone-Local,778,0,0,0,0,0,0,0.0
video09,BirdDrone-Local,779,0,0,0,0,0,0,0.0
video09,BirdDrone-Local,780,0,0,0,0,0,0,0.0
video09,BirdDrone-Local,781,0,0,0,0,0,0,0.0
video09,BirdDrone-Local,782,0,0,0,0,0,0,0.0
video09,BirdDrone-Local,783,0,0,0,0,0,0,0.0
video09,BirdDrone-Local,784,0,0,0,0,0,0,0.0
video09,BirdDrone-Local,785,0,0,0,0,0,0,0.0
video09,BirdDrone-Local,786,0,0,0,0,0,0,0.0
video09,BirdDrone-Local,787,0,0,0,0,0,0,0.0
video09,BirdDrone-Local,788,0,0,0,0,0,0,0.0
video09,BirdDrone-Local,789,0,0,0,0,0,0,0.0
video09,BirdDrone-Local,790,0,0,0,0,0,0,0.0
video09,BirdDrone-Local,791,0,0,0,0,0,0,0.0
video09,BirdDrone-Local,792,0,0,0,0,0,0,0.0
video09,BirdDrone-Local,793,0,0,0,0,0,0,0.0
video09,BirdDrone-Local,794,0,0,0,0,0,0,0.0
video09,BirdDrone-Local,795,0,0,0,0,0,0,0.0
video09,BirdDrone-Local,796,0,0,0,0,0,0,0.0
video09,BirdDrone-Local,797,0,0,0,0,0,0,0.0
video09,BirdDrone-Local,798,0,0,0,0,0,0,0.0
video09,BirdDrone-Local,799,0,0,0,0,0,0,0.0
video09,BirdDrone-Local,800,0,0,0,0,0,0,0.0
video09,BirdDrone-Local,801,0,0,0,0,0,0,0.0
video09,BirdDrone-Local,802,0,0,0,0,0,0,0.0
video09,BirdDrone-Local,803,0,0,0,0,0,0,0.0
video09,BirdDrone-Local,804,0,0,0,0,0,0,0.0
video09,BirdDrone-Local,805,0,0,0,0,0,0,0.0
video09,BirdDrone-Local,806,0,0,0,0,0,0,0.0
video09,BirdDrone-Local,807,0,0,0,0,0,0,0.0
video09,BirdDrone-Local,808,0,0,0,0,0,0,0.0
video09,BirdDrone-Local,809,0,0,0,0,0,0,0.0
video09,BirdDrone-Local,810,0,0,0,0,0,0,0.0
video09,BirdDrone-Local,811,0,0,0,0,0,0,0.0
video09,BirdDrone-Local,812,0,0,0,0,0,0,0.0
video09,BirdDrone-Local,813,0,0,0,0,0,0,0.0
video09,BirdDrone-Local,814,0,0,0,0,0,0,0.0
video09,BirdDrone-Local,815,0,0,0,0,0,0,0.0
video09,BirdDrone-Local,816,0,0,0,0,0,0,0.0
video09,BirdDrone-Local,817,0,0,0,0,0,0,0.0
video09,BirdDrone-Local,818,0,0,0,0,0,0,0.0
video09,BirdDrone-Local,819,0,0,0,0,0,0,0.0
video09,BirdDrone-Local,820,0,0,0,0,0,0,0.0
video09,BirdDrone-Local,821,0,0,0,0,0,0,0.0
video09,BirdDrone-Local,822,0,0,0,0,0,0,0.0
video09,BirdDrone-Local,823,0,0,0,0,0,0,0.0
video09,BirdDrone-Local,824,0,0,0,0,0,0,0.0
video09,BirdDrone-Local,825,0,0,0,0,0,0,0.0
video09,BirdDrone-Local,826,0,0,0,0,0,0,0.0
video09,BirdDrone-Local,827,0,0,0,0,0,0,0.0
video09,BirdDrone-Local,828,0,0,0,0,0,0,0.0
video09,BirdDrone-Local,829,0,0,0,0,0,0,0.0
video09,BirdDrone-Local,830,0,0,0,0,0,0,0.0
video09,BirdDrone-Local,831,0,0,0,0,0,0,0.0
video09,BirdDrone-Local,832,0,0,0,0,0,0,0.0
video09,BirdDrone-Local,833,0,0,0,0,0,0,0.0
video09,BirdDrone-Local,834,0,0,0,0,0,0,0.0
video09,BirdDrone-Local,835,0,0,0,0,0,0,0.0
video09,BirdDrone-Local,836,0,0,0,0,0,0,0.0
video09,BirdDrone-Local,837,0,0,0,0,0,0,0.0
video09,BirdDrone-Local,838,0,0,0,0,0,0,0.0
video09,BirdDrone-Local,839,0,0,0,0,0,0,0.0
video09,BirdDrone-Local,840,0,0,0,0,0,0,0.0
video09,BirdDrone-Local,841,0,0,0,0,0,0,0.0
video09,BirdDrone-Local,842,0,0,0,0,0,0,0.0
video09,BirdDrone-Local,843,0,0,0,0,0,0,0.0
video09,BirdDrone-Local,844,0,0,0,0,0,0,0.0
video09,BirdDrone-Local,845,0,0,0,0,0,0,0.0
video09,BirdDrone-Local,846,0,0,0,0,0,0,0.0
video09,BirdDrone-Local,847,0,0,0,0,0,0,0.0
video09,BirdDrone-Local,848,0,0,0,0,0,0,0.0
video09,BirdDrone-Local,849,0,0,0,0,0,0,0.0
video09,BirdDrone-Local,850,0,0,0,0,0,0,0.0
video09,BirdDrone-Local,851,0,0,0,0,0,0,0.0
video09,BirdDrone-Local,852,0,0,0,0,0,0,0.0
video09,BirdDrone-Local,853,0,0,0,0,0,0,0.0
video09,BirdDrone-Local,854,0,0,0,0,0,0,0.0
video09,BirdDrone-Local,855,0,0,0,0,0,0,0.0
video09,BirdDrone-Local,856,0,0,0,0,0,0,0.0
video09,BirdDrone-Local,857,0,0,0,0,0,0,0.0
video09,BirdDrone-Local,858,0,0,0,0,0,0,0.0
video09,BirdDrone-Local,859,0,0,0,0,0,0,0.0
video09,BirdDrone-Local,860,0,0,0,0,0,0,0.0
video09,BirdDrone-Local,861,0,0,0,0,0,0,0.0
video09,BirdDrone-Local,862,0,0,0,0,0,0,0.0
video09,BirdDrone-Local,863,0,0,0,0,0,0,0.0
video09,BirdDrone-Local,864,0,0,0,0,0,0,0.0
video09,BirdDrone-Local,865,0,0,0,0,0,0,0.0
video09,BirdDrone-Local,866,0,0,0,0,0,0,0.0
video09,BirdDrone-Local,867,0,0,0,0,0,0,0.0
video09,BirdDrone-Local,868,0,0,0,0,0,0,0.0
video09,BirdDrone-Local,869,0,0,0,0,0,0,0.0
video09,BirdDrone-Local,870,0,0,0,0,0,0,0.0
video09,BirdDrone-Local,871,0,0,0,0,0,0,0.0
video09,BirdDrone-Local,872,0,0,0,0,0,0,0.0
video09,BirdDrone-Local,873,0,0,0,0,0,0,0.0
video09,BirdDrone-Local,874,0,0,0,0,0,0,0.0
video09,BirdDrone-Local,875,0,0,0,0,0,0,0.0
video09,BirdDrone-Local,876,0,0,0,0,0,0,0.0
video09,BirdDrone-Local,877,0,0,0,0,0,0,0.0
video09,BirdDrone-Local,878,0,0,0,0,0,0,0.0
video09,BirdDrone-Local,879,0,0,0,0,0,0,0.0
video09,BirdDrone-Local,880,0,0,0,0,0,0,0.0
video09,BirdDrone-Local,881,0,0,0,0,0,0,0.0
video09,BirdDrone-Local,882,0,0,0,0,0,0,0.0
video09,BirdDrone-Local,883,0,0,0,0,0,0,0.0
video09,BirdDrone-Local,884,0,0,0,0,0,0,0.0
video09,BirdDrone-Local,885,0,0,0,0,0,0,0.0
video09,BirdDrone-Local,886,0,0,0,0,0,0,0.0
video09,BirdDrone-Local,887,0,0,0,0,0,0,0.0
video09,BirdDrone-Local,888,0,0,0,0,0,0,0.0
video09,BirdDrone-Local,889,0,0,0,0,0,0,0.0
video09,BirdDrone-Local,890,0,0,0,0,0,0,0.0
video09,BirdDrone-Local,891,0,0,0,0,0,0,0.0
video09,BirdDrone-Local,892,0,0,0,0,0,0,0.0
video09,BirdDrone-Local,893,0,0,0,0,0,0,0.0
video09,BirdDrone-Local,894,0,0,0,0,0,0,0.0
video09,BirdDrone-Local,895,0,0,0,0,0,0,0.0
video09,BirdDrone-Local,896,0,0,0,0,0,0,0.0
video09,BirdDrone-Local,897,0,0,0,0,0,0,0.0
video09,BirdDrone-Local,898,0,0,0,0,0,0,0.0
video09,BirdDrone-Local,899,0,0,0,0,0,0,0.0
video09,BirdDrone-Local,900,0,0,0,0,0,0,0.0
video09,BirdDrone-Local,901,0,0,0,0,0,0,0.0
video09,BirdDrone-Local,902,0,0,0,0,0,0,0.0
video09,BirdDrone-Local,903,0,0,0,0,0,0,0.0
video09,BirdDrone-Local,904,0,0,0,0,0,0,0.0
video09,BirdDrone-Local,905,0,0,0,0,0,0,0.0
video09,BirdDrone-Local,906,0,0,0,0,0,0,0.0
video09,BirdDrone-Local,907,0,0,0,0,0,0,0.0
video09,BirdDrone-Local,908,0,0,0,0,0,0,0.0
video09,BirdDrone-Local,909,0,0,0,0,0,0,0.0
video09,BirdDrone-Local,910,0,0,0,0,0,0,0.0
video09,BirdDrone-Local,911,0,0,0,0,0,0,0.0
video09,BirdDrone-Local,912,0,0,0,0,0,0,0.0
video09,BirdDrone-Local,913,0,0,0,0,0,0,0.0
video09,BirdDrone-Local,914,0,0,0,0,0,0,0.0
video09,BirdDrone-Local,915,0,0,0,0,0,0,0.0
video09,BirdDrone-Local,916,0,0,0,0,0,0,0.0
video09,BirdDrone-Local,917,0,0,0,0,0,0,0.0
video09,BirdDrone-Local,918,0,0,0,0,0,0,0.0
video09,BirdDrone-Local,919,0,0,0,0,0,0,0.0
video09,BirdDrone-Local,920,0,0,0,0,0,0,0.0
video09,BirdDrone-Local,921,0,0,0,0,0,0,0.0
video09,BirdDrone-Local,922,0,0,0,0,0,0,0.0
video09,BirdDrone-Local,923,0,0,0,0,0,0,0.0
video09,BirdDrone-Local,924,0,0,0,0,0,0,0.0
video09,BirdDrone-Local,925,0,0,0,0,0,0,0.0
video09,BirdDrone-Local,926,0,0,0,0,0,0,0.0
video09,BirdDrone-Local,927,0,0,0,0,0,0,0.0
video09,BirdDrone-Local,928,0,0,0,0,0,0,0.0
video09,BirdDrone-Local,929,0,0,0,0,0,0,0.0
video09,BirdDrone-Local,930,0,0,0,0,0,0,0.0
video09,BirdDrone-Local,931,0,0,0,0,0,0,0.0
video09,BirdDrone-Local,932,0,0,0,0,0,0,0.0
video09,BirdDrone-Local,933,0,0,0,0,0,0,0.0
video09,BirdDrone-Local,934,0,0,0,0,0,0,0.0
video09,BirdDrone-Local,935,0,0,0,0,0,0,0.0
video09,BirdDrone-Local,936,0,0,0,0,0,0,0.0
video09,BirdDrone-Local,937,0,0,0,0,0,0,0.0
video09,BirdDrone-Local,938,0,0,0,0,0,0,0.0
video09,BirdDrone-Local,939,0,0,0,0,0,0,0.0
video09,BirdDrone-Local,940,0,0,0,0,0,0,0.0
video09,BirdDrone-Local,941,0,0,0,0,0,0,0.0
video09,BirdDrone-Local,942,0,0,0,0,0,0,0.0
video09,BirdDrone-Local,943,0,0,0,0,0,0,0.0
video09,BirdDrone-Local,944,0,0,0,0,0,0,0.0
video09,BirdDrone-Local,945,0,0,0,0,0,0,0.0
video09,BirdDrone-Local,946,0,0,0,0,0,0,0.0
video09,BirdDrone-Local,947,0,0,0,0,0,0,0.0
video09,BirdDrone-Local,948,0,0,0,0,0,0,0.0
video09,BirdDrone-Local,949,0,0,0,0,0,0,0.0
video09,BirdDrone-Local,950,0,0,0,0,0,0,0.0
video09,BirdDrone-Local,951,0,0,0,0,0,0,0.0
video09,BirdDrone-Local,952,0,0,0,0,0,0,0.0
video09,BirdDrone-Local,953,0,0,0,0,0,0,0.0
video09,BirdDrone-Local,954,0,0,0,0,0,0,0.0
video09,BirdDrone-Local,955,0,0,0,0,0,0,0.0
video09,BirdDrone-Local,956,0,0,0,0,0,0,0.0
video09,BirdDrone-Local,957,0,0,0,0,0,0,0.0
video09,BirdDrone-Local,958,0,0,0,0,0,0,0.0
video09,BirdDrone-Local,959,0,0,0,0,0,0,0.0
video09,BirdDrone-Local,960,0,0,0,0,0,0,0.0
video09,BirdDrone-Local,961,0,0,0,0,0,0,0.0
video09,BirdDrone-Local,962,0,0,0,0,0,0,0.0
video09,BirdDrone-Local,963,0,0,0,0,0,0,0.0
video09,BirdDrone-Local,964,0,0,0,0,0,0,0.0
video09,BirdDrone-Local,965,0,0,0,0,0,0,0.0
video09,BirdDrone-Local,966,0,0,0,0,0,0,0.0
video09,BirdDrone-Local,967,0,0,0,0,0,0,0.0
video09,BirdDrone-Local,968,0,0,0,0,0,0,0.0
video09,BirdDrone-Local,969,0,0,0,0,0,0,0.0
video09,BirdDrone-Local,970,0,0,0,0,0,0,0.0
video09,BirdDrone-Local,971,0,0,0,0,0,0,0.0
video09,BirdDrone-Local,972,0,0,0,0,0,0,0.0
video09,BirdDrone-Local,973,0,0,0,0,0,0,0.0
video09,BirdDrone-Local,974,0,0,0,0,0,0,0.0
video09,BirdDrone-Local,975,0,0,0,0,0,0,0.0
video09,BirdDrone-Local,976,0,0,0,0,0,0,0.0
video09,BirdDrone-Local,977,0,0,0,0,0,0,0.0
video09,BirdDrone-Local,978,0,0,0,0,0,0,0.0
video09,BirdDrone-Local,979,0,0,0,0,0,0,0.0
video09,BirdDrone-Local,980,0,0,0,0,0,0,0.0
video09,BirdDrone-Local,981,0,0,0,0,0,0,0.0
video09,BirdDrone-Local,982,0,0,0,0,0,0,0.0
video09,BirdDrone-Local,983,0,0,0,0,0,0,0.0
video09,BirdDrone-Local,984,0,0,0,0,0,0,0.0
video09,BirdDrone-Local,985,0,0,0,0,0,0,0.0
video09,BirdDrone-Local,986,0,0,0,0,0,0,0.0
video09,BirdDrone-Local,987,0,0,0,0,0,0,0.0
video09,BirdDrone-Local,988,0,0,0,0,0,0,0.0
video09,BirdDrone-Local,989,0,0,0,0,0,0,0.0
video09,BirdDrone-Local,990,0,0,0,0,0,0,0.0
video09,BirdDrone-Local,991,0,0,0,0,0,0,0.0
video09,BirdDrone-Local,992,0,0,0,0,0,0,0.0
video09,BirdDrone-Local,993,0,0,0,0,0,0,0.0
video09,BirdDrone-Local,994,0,0,0,0,0,0,0.0
video09,BirdDrone-Local,995,0,0,0,0,0,0,0.0
video09,BirdDrone-Local,996,0,0,0,0,0,0,0.0
video09,BirdDrone-Local,997,0,0,0,0,0,0,0.0
video09,BirdDrone-Local,998,0,0,0,0,0,0,0.0
video09,BirdDrone-Local,999,0,0,0,0,0,0,0.0
video09,BirdDrone-Local,1000,0,0,0,0,0,0,0.0
video09,BirdDrone-Local,1001,0,0,0,0,0,0,0.0
video09,BirdDrone-Local,1002,0,0,0,0,0,0,0.0
video09,BirdDrone-Local,1003,0,0,0,0,0,0,0.0
video09,BirdDrone-Local,1004,0,0,0,0,0,0,0.0
video09,BirdDrone-Local,1005,0,0,0,0,0,0,0.0
video09,BirdDrone-Local,1006,0,0,0,0,0,0,0.0
video09,BirdDrone-Local,1007,0,0,0,0,0,0,0.0
video09,BirdDrone-Local,1008,0,0,0,0,0,0,0.0
video09,BirdDrone-Local,1009,0,0,0,0,0,0,0.0
video09,BirdDrone-Local,1010,0,0,0,0,0,0,0.0
video09,BirdDrone-Local,1011,0,0,0,0,0,0,0.0
video09,BirdDrone-Local,1012,0,0,0,0,0,0,0.0
video09,BirdDrone-Local,1013,0,0,0,0,0,0,0.0
video09,BirdDrone-Local,1014,0,0,0,0,0,0,0.0
video09,BirdDrone-Local,1015,0,0,0,0,0,0,0.0
video09,BirdDrone-Local,1016,0,0,0,0,0,0,0.0
video09,BirdDrone-Local,1017,0,0,0,0,0,0,0.0
video09,BirdDrone-Local,1018,0,0,0,0,0,0,0.0
video09,BirdDrone-Local,1019,0,0,0,0,0,0,0.0
video09,BirdDrone-Local,1020,0,0,0,0,0,0,0.0
video09,BirdDrone-Local,1021,0,0,0,0,0,0,0.0
video09,BirdDrone-Local,1022,0,0,0,0,0,0,0.0
video09,BirdDrone-Local,1023,0,0,0,0,0,0,0.0
video09,BirdDrone-Local,1024,0,0,0,0,0,0,0.0
video09,BirdDrone-Local,1025,0,0,0,0,0,0,0.0
video09,BirdDrone-Local,1026,0,0,0,0,0,0,0.0
video09,BirdDrone-Local,1027,0,0,0,0,0,0,0.0
video09,BirdDrone-Local,1028,0,0,0,0,0,0,0.0
video09,BirdDrone-Local,1029,0,0,0,0,0,0,0.0
video09,BirdDrone-Local,1030,0,0,0,0,0,0,0.0
video09,BirdDrone-Local,1031,0,0,0,0,0,0,0.0
video09,BirdDrone-Local,1032,0,0,0,0,0,0,0.0
video09,BirdDrone-Local,1033,0,0,0,0,0,0,0.0
video09,BirdDrone-Local,1034,0,0,0,0,0,0,0.0
video09,BirdDrone-Local,1035,0,0,0,0,0,0,0.0
video09,BirdDrone-Local,1036,0,0,0,0,0,0,0.0
video09,BirdDrone-Local,1037,0,0,0,0,0,0,0.0
video09,BirdDrone-Local,1038,0,0,0,0,0,0,0.0
video09,BirdDrone-Local,1039,0,0,0,0,0,0,0.0
video09,BirdDrone-Local,1040,0,0,0,0,0,0,0.0
video09,BirdDrone-Local,1041,0,0,0,0,0,0,0.0
video09,BirdDrone-Local,1042,0,0,0,0,0,0,0.0
video09,BirdDrone-Local,1043,1,1,0,0,0,0,0.4035613238811493
video09,BirdDrone-Local,1044,0,0,0,0,0,0,0.0
video09,BirdDrone-Local,1045,0,0,0,0,0,0,0.0
video09,BirdDrone-Local,1046,0,0,0,0,0,0,0.0
video09,BirdDrone-Local,1047,0,0,0,0,0,0,0.0
video09,BirdDrone-Local,1048,0,0,0,0,0,0,0.0
video09,BirdDrone-Local,1049,0,0,0,0,0,0,0.0
video09,BirdDrone-Local,1050,0,0,0,0,0,0,0.0
video09,BirdDrone-Local,1051,0,0,0,0,0,0,0.0
video09,BirdDrone-Local,1052,0,0,0,0,0,0,0.0
video09,BirdDrone-Local,1053,0,0,0,0,0,0,0.0
video09,BirdDrone-Local,1054,0,0,0,0,0,0,0.0
video09,BirdDrone-Local,1055,0,0,0,0,0,0,0.0
video09,BirdDrone-Local,1056,0,0,0,0,0,0,0.0
video09,BirdDrone-Local,1057,0,0,0,0,0,0,0.0
video09,BirdDrone-Local,1058,0,0,0,0,0,0,0.0
video09,BirdDrone-Local,1059,0,0,0,0,0,0,0.0
video09,BirdDrone-Local,1060,0,0,0,0,0,0,0.0
video09,BirdDrone-Local,1061,0,0,0,0,0,0,0.0
video09,BirdDrone-Local,1062,0,0,0,0,0,0,0.0
video09,BirdDrone-Local,1063,0,0,0,0,0,0,0.0
video09,BirdDrone-Local,1064,0,0,0,0,0,0,0.0
video09,BirdDrone-Local,1065,0,0,0,0,0,0,0.0
video09,BirdDrone-Local,1066,0,0,0,0,0,0,0.0
video09,BirdDrone-Local,1067,0,0,0,0,0,0,0.0
video09,BirdDrone-Local,1068,0,0,0,0,0,0,0.0
video09,BirdDrone-Local,1069,0,0,0,0,0,0,0.0
video09,BirdDrone-Local,1070,0,0,0,0,0,0,0.0
video09,BirdDrone-Local,1071,0,0,0,0,0,0,0.0
video09,BirdDrone-Local,1072,0,0,0,0,0,0,0.0
video09,BirdDrone-Local,1073,0,0,0,0,0,0,0.0
video09,BirdDrone-Local,1074,0,0,0,0,0,0,0.0
video09,BirdDrone-Local,1075,0,0,0,0,0,0,0.0
video09,BirdDrone-Local,1076,0,0,0,0,0,0,0.0
video09,BirdDrone-Local,1077,0,0,0,0,0,0,0.0
video09,BirdDrone-Local,1078,0,0,0,0,0,0,0.0
video09,BirdDrone-Local,1079,0,0,0,0,0,0,0.0
video09,BirdDrone-Local,1080,0,0,0,0,0,0,0.0
video09,BirdDrone-Local,1081,0,0,0,0,0,0,0.0
video09,BirdDrone-Local,1082,0,0,0,0,0,0,0.0
video09,BirdDrone-Local,1083,0,0,0,0,0,0,0.0
video09,BirdDrone-Local,1084,0,0,0,0,0,0,0.0
video09,BirdDrone-Local,1085,0,0,0,0,0,0,0.0
video09,BirdDrone-Local,1086,0,0,0,0,0,0,0.0
video09,BirdDrone-Local,1087,0,0,0,0,0,0,0.0
video09,BirdDrone-Local,1088,0,0,0,0,0,0,0.0
video09,BirdDrone-Local,1089,0,0,0,0,0,0,0.0
video09,BirdDrone-Local,1090,0,0,0,0,0,0,0.0
video09,BirdDrone-Local,1091,0,0,0,0,0,0,0.0
video09,BirdDrone-Local,1092,0,0,0,0,0,0,0.0
video09,BirdDrone-Local,1093,0,0,0,0,0,0,0.0
video09,BirdDrone-Local,1094,0,0,0,0,0,0,0.0
video09,BirdDrone-Local,1095,0,0,0,0,0,0,0.0
video09,BirdDrone-Local,1096,0,0,0,0,0,0,0.0
video09,BirdDrone-Local,1097,0,0,0,0,0,0,0.0
video09,BirdDrone-Local,1098,0,0,0,0,0,0,0.0
video09,BirdDrone-Local,1099,0,0,0,0,0,0,0.0
video09,BirdDrone-Local,1100,0,0,0,0,0,0,0.0
video09,BirdDrone-Local,1101,0,0,0,0,0,0,0.0
video09,BirdDrone-Local,1102,0,0,0,0,0,0,0.0
video09,BirdDrone-Local,1103,0,0,0,0,0,0,0.0
video09,BirdDrone-Local,1104,0,0,0,0,0,0,0.0
video09,BirdDrone-Local,1105,0,0,0,0,0,0,0.0
video09,BirdDrone-Local,1106,0,0,0,0,0,0,0.0
video09,BirdDrone-Local,1107,0,0,0,0,0,0,0.0
video09,BirdDrone-Local,1108,0,0,0,0,0,0,0.0
video09,BirdDrone-Local,1109,0,0,0,0,0,0,0.0
video09,BirdDrone-Local,1110,0,0,0,0,0,0,0.0
video09,BirdDrone-Local,1111,0,0,0,0,0,0,0.0
video09,BirdDrone-Local,1112,0,0,0,0,0,0,0.0
video09,BirdDrone-Local,1113,0,0,0,0,0,0,0.0
video09,BirdDrone-Local,1114,0,0,0,0,0,0,0.0
video09,BirdDrone-Local,1115,0,0,0,0,0,0,0.0
video09,BirdDrone-Local,1116,0,0,0,0,0,0,0.0
video09,BirdDrone-Local,1117,0,0,0,0,0,0,0.0
video09,BirdDrone-Local,1118,0,0,0,0,0,0,0.0
video09,BirdDrone-Local,1119,0,0,0,0,0,0,0.0
video09,BirdDrone-Local,1120,0,0,0,0,0,0,0.0
video09,BirdDrone-Local,1121,0,0,0,0,0,0,0.0
video09,BirdDrone-Local,1122,0,0,0,0,0,0,0.0
video09,BirdDrone-Local,1123,0,0,0,0,0,0,0.0
video09,BirdDrone-Local,1124,0,0,0,0,0,0,0.0
video09,BirdDrone-Local,1125,0,0,0,0,0,0,0.0
video09,BirdDrone-Local,1126,0,0,0,0,0,0,0.0
video09,BirdDrone-Local,1127,0,0,0,0,0,0,0.0
video09,BirdDrone-Local,1128,0,0,0,0,0,0,0.0
video09,BirdDrone-Local,1129,0,0,0,0,0,0,0.0
video09,BirdDrone-Local,1130,0,0,0,0,0,0,0.0
video09,BirdDrone-Local,1131,0,0,0,0,0,0,0.0
video09,BirdDrone-Local,1132,0,0,0,0,0,0,0.0
video09,BirdDrone-Local,1133,0,0,0,0,0,0,0.0
video09,BirdDrone-Local,1134,0,0,0,0,0,0,0.0
video09,BirdDrone-Local,1135,0,0,0,0,0,0,0.0
video09,BirdDrone-Local,1136,0,0,0,0,0,0,0.0
video09,BirdDrone-Local,1137,0,0,0,0,0,0,0.0
video09,BirdDrone-Local,1138,0,0,0,0,0,0,0.0
video09,BirdDrone-Local,1139,0,0,0,0,0,0,0.0
video09,BirdDrone-Local,1140,0,0,0,0,0,0,0.0
video09,BirdDrone-Local,1141,0,0,0,0,0,0,0.0
video09,BirdDrone-Local,1142,0,0,0,0,0,0,0.0
video09,BirdDrone-Local,1143,0,0,0,0,0,0,0.0
video09,BirdDrone-Local,1144,0,0,0,0,0,0,0.0
video09,BirdDrone-Local,1145,0,0,0,0,0,0,0.0
video09,BirdDrone-Local,1146,0,0,0,0,0,0,0.0
video09,BirdDrone-Local,1147,0,0,0,0,0,0,0.0
video09,BirdDrone-Local,1148,0,0,0,0,0,0,0.0
video09,BirdDrone-Local,1149,0,0,0,0,0,0,0.0
video09,BirdDrone-Local,1150,0,0,0,0,0,0,0.0
video09,BirdDrone-Local,1151,0,0,0,0,0,0,0.0
video09,BirdDrone-Local,1152,0,0,0,0,0,0,0.0
video09,BirdDrone-Local,1153,0,0,0,0,0,0,0.0
video09,BirdDrone-Local,1154,1,1,0,0,0,0,0.5108155608177185
video09,BirdDrone-Local,1155,1,1,0,0,0,0,0.6041864156723022
video09,BirdDrone-Local,1156,1,1,0,0,0,0,0.4883820414543152
video09,BirdDrone-Local,1157,1,1,0,0,1,0,0.34911981225013733
video09,BirdDrone-Local,1158,0,0,0,0,0,0,0.0
video09,BirdDrone-Local,1159,1,1,0,0,1,0,0.31034278869628906
video09,BirdDrone-Local,1160,0,0,0,0,0,0,0.0
video09,BirdDrone-Local,1161,1,1,0,0,0,0,0.37882885336875916
video09,BirdDrone-Local,1162,1,1,0,0,0,0,0.44256874918937683
video09,BirdDrone-Local,1163,1,1,0,0,0,0,0.4147619903087616
video09,BirdDrone-Local,1164,0,0,0,0,0,0,0.0
video09,BirdDrone-Local,1165,1,1,0,0,0,0,0.4123848080635071
video09,BirdDrone-Local,1166,1,1,0,0,0,0,0.6344902515411377
video09,BirdDrone-Local,1167,1,1,0,0,0,0,0.5917149782180786
video09,BirdDrone-Local,1168,1,1,0,0,0,0,0.589324951171875
video09,BirdDrone-Local,1169,1,1,0,0,0,0,0.513818085193634
video09,BirdDrone-Local,1170,1,1,0,0,0,0,0.5742614269256592
video09,BirdDrone-Local,1171,1,1,0,0,0,0,0.4215494990348816
video09,BirdDrone-Local,1172,1,1,0,0,0,0,0.5017359256744385
video09,BirdDrone-Local,1173,1,1,0,0,0,0,0.5853992700576782
video09,BirdDrone-Local,1174,1,1,0,0,0,0,0.5797845125198364
video09,BirdDrone-Local,1175,1,1,0,0,0,0,0.5624370574951172
video09,BirdDrone-Local,1176,1,1,0,0,0,0,0.6550828814506531
video09,BirdDrone-Local,1177,1,1,0,0,0,0,0.6628491282463074
video09,BirdDrone-Local,1178,0,0,0,0,0,0,0.0
video09,BirdDrone-Local,1179,1,1,0,0,0,0,0.6890180110931396
video09,BirdDrone-Local,1180,1,1,0,0,0,0,0.6726714968681335
video09,BirdDrone-Local,1181,1,1,0,0,0,0,0.6355535984039307
video09,BirdDrone-Local,1182,1,1,0,0,0,0,0.6954519748687744
video09,BirdDrone-Local,1183,1,1,0,0,0,0,0.685883104801178
video09,BirdDrone-Local,1184,1,1,0,0,0,0,0.6666781902313232
video09,BirdDrone-Local,1185,1,1,0,0,0,0,0.8075525760650635
video09,BirdDrone-Local,1186,1,1,0,0,0,0,0.780281126499176
video09,BirdDrone-Local,1187,1,1,0,0,0,0,0.7845544815063477
video09,BirdDrone-Local,1188,1,1,0,0,0,0,0.8179201483726501
video09,BirdDrone-Local,1189,1,1,0,0,0,0,0.7987244725227356
video09,BirdDrone-Local,1190,1,1,0,0,0,0,0.7883338332176208
video09,BirdDrone-Local,1191,1,1,0,0,0,0,0.8122974038124084
video09,BirdDrone-Local,1192,1,1,0,0,0,0,0.8062669634819031
video09,BirdDrone-Local,1193,1,1,0,0,0,0,0.7994442582130432
video09,BirdDrone-Local,1194,1,1,0,0,0,0,0.8026504516601562
video09,BirdDrone-Local,1195,1,1,0,0,0,0,0.811190128326416
video09,BirdDrone-Local,1196,1,1,0,0,0,0,0.7999567985534668
video09,BirdDrone-Local,1197,1,1,0,0,0,0,0.8180524706840515
video09,BirdDrone-Local,1198,1,1,0,0,0,0,0.8385724425315857
video09,BirdDrone-Local,1199,1,1,0,0,0,0,0.8179097771644592
video09,BirdDrone-Local,1200,1,1,0,0,0,0,0.7846047282218933
video09,BirdDrone-Local,1201,1,1,0,0,0,0,0.8078883290290833
video09,BirdDrone-Local,1202,1,1,0,0,0,0,0.7998716235160828
video09,BirdDrone-Local,1203,1,1,0,0,0,0,0.8015331625938416
video09,BirdDrone-Local,1204,1,1,0,0,0,0,0.7875986099243164
video09,BirdDrone-Local,1205,1,1,0,0,0,0,0.778717041015625
video09,BirdDrone-Local,1206,1,1,0,0,0,0,0.8015711307525635
video09,BirdDrone-Local,1207,1,1,0,0,0,0,0.800850510597229
video09,BirdDrone-Local,1208,1,1,0,0,0,0,0.8308252096176147
video09,BirdDrone-Local,1209,1,1,0,0,0,0,0.8327465057373047
video09,BirdDrone-Local,1210,1,1,0,0,0,0,0.8179989457130432
video09,BirdDrone-Local,1211,1,1,0,0,0,0,0.8203803300857544
video09,BirdDrone-Local,1212,1,1,0,0,0,0,0.8045480847358704
video09,BirdDrone-Local,1213,1,1,0,0,0,0,0.8199220895767212
video09,BirdDrone-Local,1214,1,1,0,0,0,0,0.8131523132324219
video09,BirdDrone-Local,1215,1,1,0,0,0,0,0.8265771865844727
video09,BirdDrone-Local,1216,1,1,0,0,0,0,0.8274381160736084
video09,BirdDrone-Local,1217,1,1,0,0,0,0,0.8334092497825623
video09,BirdDrone-Local,1218,1,1,0,0,0,0,0.8216894865036011
video09,BirdDrone-Local,1219,1,1,0,0,0,0,0.8109074234962463
video09,BirdDrone-Local,1220,1,1,0,0,0,0,0.7968868017196655
video09,BirdDrone-Local,1221,1,1,0,0,0,0,0.7913643717765808
video09,BirdDrone-Local,1222,1,1,0,0,0,0,0.7742106318473816
video09,BirdDrone-Local,1223,1,1,0,0,0,0,0.7844322323799133
video09,BirdDrone-Local,1224,1,1,0,0,0,0,0.8120405077934265
video09,BirdDrone-Local,1225,1,1,0,0,0,0,0.8101646304130554
video09,BirdDrone-Local,1226,1,1,0,0,0,0,0.7921224236488342
video09,BirdDrone-Local,1227,1,1,0,0,0,0,0.7823651432991028
video09,BirdDrone-Local,1228,1,1,0,0,0,0,0.7997387647628784
video09,BirdDrone-Local,1229,1,1,0,0,0,0,0.8089147806167603
video09,BirdDrone-Local,1230,1,1,0,0,0,0,0.8226569294929504
video09,BirdDrone-Local,1231,1,1,0,0,0,0,0.83343505859375
video09,BirdDrone-Local,1232,1,1,0,0,0,0,0.8419266939163208
video09,BirdDrone-Local,1233,1,1,0,0,0,0,0.8458954095840454
video09,BirdDrone-Local,1234,1,1,0,0,0,0,0.8387832045555115
video09,BirdDrone-Local,1235,1,1,0,0,0,0,0.8209869265556335
video09,BirdDrone-Local,1236,1,1,0,0,0,0,0.7809644937515259
video09,BirdDrone-Local,1237,1,1,0,0,0,0,0.8033176064491272
video09,BirdDrone-Local,1238,1,1,0,0,0,0,0.8061429858207703
video09,BirdDrone-Local,1239,1,1,0,0,0,0,0.8374665975570679
video09,BirdDrone-Local,1240,1,1,0,0,0,0,0.806101381778717
video09,BirdDrone-Local,1241,1,1,0,0,0,0,0.8031944632530212
video09,BirdDrone-Local,1242,1,1,0,0,0,0,0.8062095046043396
video09,BirdDrone-Local,1243,1,1,0,0,0,0,0.8267660140991211
video09,BirdDrone-Local,1244,1,1,0,0,0,0,0.7867568731307983
video09,BirdDrone-Local,1245,1,1,0,0,0,0,0.8399096727371216
video09,BirdDrone-Local,1246,1,1,0,0,0,0,0.8346049785614014
video09,BirdDrone-Local,1247,1,1,0,0,0,0,0.839247465133667
video09,BirdDrone-Local,1248,1,1,0,0,0,0,0.8070088028907776
video09,BirdDrone-Local,1249,1,1,0,0,0,0,0.8045337796211243
video09,BirdDrone-Local,1250,1,1,0,0,0,0,0.8010002970695496
video09,BirdDrone-Local,1251,1,1,0,0,0,0,0.7610800862312317
video09,BirdDrone-Local,1252,1,1,0,0,0,0,0.7959476113319397
video09,BirdDrone-Local,1253,1,1,0,0,0,0,0.813299834728241
video09,BirdDrone-Local,1254,1,1,0,0,0,0,0.8158023953437805
video09,BirdDrone-Local,1255,1,1,0,0,0,0,0.7993149161338806
video09,BirdDrone-Local,1256,1,1,0,0,0,0,0.8167133331298828
video09,BirdDrone-Local,1257,1,1,0,0,0,0,0.8320104479789734
video09,BirdDrone-Local,1258,1,1,0,0,0,0,0.8244494795799255
video09,BirdDrone-Local,1259,1,1,0,0,0,0,0.8326655030250549
video09,BirdDrone-Local,1260,1,1,0,0,0,0,0.8480112552642822
video09,BirdDrone-Local,1261,1,1,0,0,0,0,0.8402978777885437
video09,BirdDrone-Local,1262,1,1,0,0,0,0,0.8086687326431274
video09,BirdDrone-Local,1263,1,1,0,0,0,0,0.8340597748756409
video09,BirdDrone-Local,1264,1,1,0,0,0,0,0.8223128914833069
video09,BirdDrone-Local,1265,1,1,0,0,0,0,0.8433219790458679
video09,BirdDrone-Local,1266,1,1,0,0,0,0,0.8260934948921204
video09,BirdDrone-Local,1267,1,1,0,0,0,0,0.8416112065315247
video09,BirdDrone-Local,1268,1,1,0,0,0,0,0.8374813795089722
video09,BirdDrone-Local,1269,1,1,0,0,0,0,0.8297263979911804
video09,BirdDrone-Local,1270,1,1,0,0,0,0,0.8098949193954468
video09,BirdDrone-Local,1271,1,1,0,0,0,0,0.8281367421150208
video09,BirdDrone-Local,1272,1,1,0,0,0,0,0.8327988386154175
video09,BirdDrone-Local,1273,1,1,0,0,0,0,0.8289554715156555
video09,BirdDrone-Local,1274,1,1,0,0,0,0,0.8267284631729126
video09,BirdDrone-Local,1275,1,1,0,0,0,0,0.8300991654396057
video09,BirdDrone-Local,1276,1,1,0,0,0,0,0.805799663066864
video09,BirdDrone-Local,1277,1,1,0,0,0,0,0.8193804621696472
video09,BirdDrone-Local,1278,1,1,0,0,0,0,0.7919300198554993
video09,BirdDrone-Local,1279,1,1,0,0,0,0,0.8263134956359863
video09,BirdDrone-Local,1280,1,1,0,0,0,0,0.833778440952301
video09,BirdDrone-Local,1281,1,1,0,0,0,0,0.8196834325790405
video09,BirdDrone-Local,1282,1,1,0,0,0,0,0.7987282276153564
video09,BirdDrone-Local,1283,1,1,0,0,0,0,0.7946250438690186
video09,BirdDrone-Local,1284,1,1,0,0,0,0,0.8445250391960144
video09,BirdDrone-Local,1285,2,2,0,0,1,0,0.7767372131347656
video09,BirdDrone-Local,1286,1,1,0,0,0,0,0.8355630040168762
video09,BirdDrone-Local,1287,1,1,0,0,0,0,0.8219935894012451
video09,BirdDrone-Local,1288,2,2,0,0,0,0,0.7297492623329163
video09,BirdDrone-Local,1289,1,1,0,0,0,0,0.8103262186050415
video09,BirdDrone-Local,1290,1,1,0,0,0,0,0.784871518611908
video09,BirdDrone-Local,1291,1,1,0,0,0,0,0.8130590319633484
video09,BirdDrone-Local,1292,1,1,0,0,0,0,0.836698591709137
video09,BirdDrone-Local,1293,1,1,0,0,0,0,0.8251243233680725
video09,BirdDrone-Local,1294,1,1,0,0,0,0,0.8119714856147766
video09,BirdDrone-Local,1295,1,1,0,0,0,0,0.8165201544761658
video09,BirdDrone-Local,1296,1,1,0,0,0,0,0.8141524195671082
video09,BirdDrone-Local,1297,1,1,0,0,0,0,0.8395481109619141
video09,BirdDrone-Local,1298,1,1,0,0,0,0,0.8342698216438293
video09,BirdDrone-Local,1299,1,1,0,0,0,0,0.8252125978469849
video09,BirdDrone-Local,1300,1,1,0,0,0,0,0.8248571157455444
video09,BirdDrone-Local,1301,1,1,0,0,0,0,0.7931275367736816
video09,BirdDrone-Local,1302,1,1,0,0,0,0,0.7771947979927063
video09,BirdDrone-Local,1303,1,1,0,0,0,0,0.7614473700523376
video09,BirdDrone-Local,1304,1,1,0,0,0,0,0.7590705752372742
video09,BirdDrone-Local,1305,1,1,0,0,0,0,0.7568019032478333
video09,BirdDrone-Local,1306,1,1,0,0,0,0,0.7585999965667725
video09,BirdDrone-Local,1307,1,1,0,0,0,0,0.6729822754859924
video09,BirdDrone-Local,1308,1,1,0,0,0,0,0.5042957067489624
video09,BirdDrone-Local,1309,1,1,0,0,0,0,0.6045443415641785
video09,BirdDrone-Local,1310,1,1,0,0,0,0,0.6583505868911743
video09,BirdDrone-Local,1311,1,1,0,0,0,0,0.6452295184135437
video09,BirdDrone-Local,1312,1,1,0,0,0,0,0.6534718871116638
video09,BirdDrone-Local,1313,1,1,0,0,0,0,0.7070271372795105
video09,BirdDrone-Local,1314,1,1,0,0,0,0,0.7489433884620667
video09,BirdDrone-Local,1315,1,1,0,0,0,0,0.7850875854492188
video09,BirdDrone-Local,1316,1,1,0,0,0,0,0.7493671178817749
video09,BirdDrone-Local,1317,1,1,0,0,0,0,0.6766349077224731
video09,BirdDrone-Local,1318,1,1,0,0,0,0,0.7453610897064209
video09,BirdDrone-Local,1319,1,1,0,0,0,0,0.7607218027114868
video09,BirdDrone-Local,1320,1,1,0,0,0,0,0.7782680988311768
video09,BirdDrone-Local,1321,1,1,0,0,0,0,0.7958378791809082
video09,BirdDrone-Local,1322,1,1,0,0,0,0,0.8072099089622498
video09,BirdDrone-Local,1323,1,1,0,0,0,0,0.7626899480819702
video09,BirdDrone-Local,1324,1,1,0,0,0,0,0.660739541053772
video09,BirdDrone-Local,1325,1,1,0,0,0,0,0.7772364616394043
video09,BirdDrone-Local,1326,1,1,0,0,0,0,0.7480400800704956
video09,BirdDrone-Local,1327,1,1,0,0,0,0,0.786044716835022
video09,BirdDrone-Local,1328,1,1,0,0,0,0,0.7486740350723267
video09,BirdDrone-Local,1329,1,1,0,0,0,0,0.7440701723098755
video09,BirdDrone-Local,1330,1,1,0,0,0,0,0.7762835621833801
video09,BirdDrone-Local,1331,1,1,0,0,0,0,0.7927023768424988
video09,BirdDrone-Local,1332,1,1,0,0,0,0,0.7935918569564819
video09,BirdDrone-Local,1333,1,1,0,0,0,0,0.7385024428367615
video09,BirdDrone-Local,1334,1,1,0,0,0,0,0.7525908350944519
video09,BirdDrone-Local,1335,1,1,0,0,0,0,0.7799651026725769
video09,BirdDrone-Local,1336,1,1,0,0,0,0,0.7598145008087158
video09,BirdDrone-Local,1337,1,1,0,0,0,0,0.8231690526008606
video09,BirdDrone-Local,1338,1,1,0,0,0,0,0.8067004084587097
video09,BirdDrone-Local,1339,1,1,0,0,0,0,0.8124499917030334
video09,BirdDrone-Local,1340,2,2,0,0,0,0,0.39423877000808716
video09,BirdDrone-Local,1341,1,1,0,0,0,0,0.7907276153564453
video09,BirdDrone-Local,1342,1,1,0,0,0,0,0.8024613857269287
video09,BirdDrone-Local,1343,1,1,0,0,0,0,0.8248644471168518
video09,BirdDrone-Local,1344,1,1,0,0,0,0,0.8057041168212891
video09,BirdDrone-Local,1345,1,1,0,0,0,0,0.8026618957519531
video09,BirdDrone-Local,1346,1,1,0,0,0,0,0.8144705295562744
video09,BirdDrone-Local,1347,1,1,0,0,0,0,0.8182752132415771
video09,BirdDrone-Local,1348,1,1,0,0,0,0,0.8286435604095459
video09,BirdDrone-Local,1349,2,2,0,0,0,0,0.6942996382713318
video09,BirdDrone-Local,1350,1,1,0,0,0,0,0.8320680260658264
video09,BirdDrone-Local,1351,1,1,0,0,0,0,0.8211209774017334
video09,BirdDrone-Local,1352,1,1,0,0,0,0,0.8208054304122925
video09,BirdDrone-Local,1353,1,1,0,0,0,0,0.7965493202209473
video09,BirdDrone-Local,1354,1,1,0,0,0,0,0.8176846504211426
video09,BirdDrone-Local,1355,1,1,0,0,0,0,0.8236555457115173
video09,BirdDrone-Local,1356,1,1,0,0,0,0,0.8231191635131836
video09,BirdDrone-Local,1357,1,1,0,0,0,0,0.8230352401733398
video09,BirdDrone-Local,1358,1,1,0,0,0,0,0.817031741142273
video09,BirdDrone-Local,1359,1,1,0,0,0,0,0.8206031322479248
video09,BirdDrone-Local,1360,1,1,0,0,0,0,0.8127481937408447
video09,BirdDrone-Local,1361,2,2,0,0,0,0,0.7482060790061951
video09,BirdDrone-Local,1362,1,1,0,0,0,0,0.8167948126792908
video09,BirdDrone-Local,1363,1,1,0,0,0,0,0.8278355002403259
video09,BirdDrone-Local,1364,1,1,0,0,0,0,0.8353169560432434
video09,BirdDrone-Local,1365,1,1,0,0,0,0,0.8338313102722168
video09,BirdDrone-Local,1366,1,1,0,0,0,0,0.8089315295219421
video09,BirdDrone-Local,1367,1,1,0,0,0,0,0.8129271864891052
video09,BirdDrone-Local,1368,1,1,0,0,0,0,0.7837816476821899
video09,BirdDrone-Local,1369,1,1,0,0,0,0,0.7970404624938965
video09,BirdDrone-Local,1370,1,1,0,0,0,0,0.7977339625358582
video09,BirdDrone-Local,1371,1,1,0,0,0,0,0.8155827522277832
video09,BirdDrone-Local,1372,2,2,0,0,1,0,0.7798473834991455
video09,BirdDrone-Local,1373,1,1,0,0,0,0,0.816628634929657
video09,BirdDrone-Local,1374,1,1,0,0,0,0,0.8075878620147705
video09,BirdDrone-Local,1375,1,1,0,0,0,0,0.794784665107727
video09,BirdDrone-Local,1376,1,1,0,0,0,0,0.8187713623046875
video09,BirdDrone-Local,1377,1,1,0,0,0,0,0.7983362078666687
video09,BirdDrone-Local,1378,1,1,0,0,0,0,0.8247576355934143
video09,BirdDrone-Local,1379,1,1,0,0,0,0,0.8192847371101379
video09,BirdDrone-Local,1380,1,1,0,0,0,0,0.8250914812088013
video09,BirdDrone-Local,1381,1,1,0,0,0,0,0.8262494802474976
video09,BirdDrone-Local,1382,1,1,0,0,0,0,0.8117427229881287
video09,BirdDrone-Local,1383,1,1,0,0,0,0,0.8061757683753967
video09,BirdDrone-Local,1384,1,1,0,0,0,0,0.8288406133651733
video09,BirdDrone-Local,1385,1,1,0,0,0,0,0.8263224959373474
video09,BirdDrone-Local,1386,1,1,0,0,0,0,0.8445375561714172
video09,BirdDrone-Local,1387,1,1,0,0,0,0,0.8171929121017456
video09,BirdDrone-Local,1388,1,1,0,0,0,0,0.8374189138412476
video09,BirdDrone-Local,1389,1,1,0,0,0,0,0.8370951414108276
video09,BirdDrone-Local,1390,1,1,0,0,0,0,0.8239315748214722
video09,BirdDrone-Local,1391,1,1,0,0,0,0,0.7712374925613403
video09,BirdDrone-Local,1392,1,1,0,0,0,0,0.8277113437652588
video09,BirdDrone-Local,1393,1,1,0,0,0,0,0.8290192484855652
video09,BirdDrone-Local,1394,1,1,0,0,0,0,0.8235262632369995
video09,BirdDrone-Local,1395,1,1,0,0,0,0,0.8375537991523743
video09,BirdDrone-Local,1396,1,1,0,0,0,0,0.8245789408683777
video09,BirdDrone-Local,1397,1,1,0,0,0,0,0.8149930834770203
video09,BirdDrone-Local,1398,1,1,0,0,0,0,0.796218991279602
video09,BirdDrone-Local,1399,1,1,0,0,0,0,0.8332549333572388
video09,BirdDrone-Local,1400,1,1,0,0,0,0,0.8337051868438721
video09,BirdDrone-Local,1401,1,1,0,0,0,0,0.8232015371322632
video09,BirdDrone-Local,1402,1,1,0,0,0,0,0.8075303435325623
video09,BirdDrone-Local,1403,1,1,0,0,0,0,0.8193640112876892
video09,BirdDrone-Local,1404,1,1,0,0,0,0,0.8096845746040344
video09,BirdDrone-Local,1405,1,1,0,0,0,0,0.8020156621932983
video09,BirdDrone-Local,1406,1,1,0,0,0,0,0.7914208173751831
video09,BirdDrone-Local,1407,1,1,0,0,0,0,0.8243926167488098
video09,BirdDrone-Local,1408,1,1,0,0,0,0,0.8261670470237732
video09,BirdDrone-Local,1409,1,1,0,0,0,0,0.8200830817222595
video09,BirdDrone-Local,1410,1,1,0,0,0,0,0.8326839208602905
video09,BirdDrone-Local,1411,1,1,0,0,0,0,0.8184105753898621
video09,BirdDrone-Local,1412,1,1,0,0,0,0,0.787514328956604
video09,BirdDrone-Local,1413,1,1,0,0,0,0,0.7855234146118164
video09,BirdDrone-Local,1414,1,1,0,0,0,0,0.8303475975990295
video09,BirdDrone-Local,1415,1,1,0,0,0,0,0.8287811875343323
video09,BirdDrone-Local,1416,1,1,0,0,0,0,0.8141582012176514
video09,BirdDrone-Local,1417,1,1,0,0,0,0,0.8504602313041687
video09,BirdDrone-Local,1418,1,1,0,0,0,0,0.830340564250946
video09,BirdDrone-Local,1419,1,1,0,0,0,0,0.7968350648880005
video09,BirdDrone-Local,1420,1,1,0,0,0,0,0.7873825430870056
video09,BirdDrone-Local,1421,1,1,0,0,0,0,0.8461913466453552
video09,BirdDrone-Local,1422,1,1,0,0,0,0,0.8215306997299194
video09,BirdDrone-Local,1423,1,1,0,0,0,0,0.8089878559112549
video09,BirdDrone-Local,1424,1,1,0,0,0,0,0.8632988929748535
video09,BirdDrone-Local,1425,1,1,0,0,0,0,0.8460756540298462
video09,BirdDrone-Local,1426,1,1,0,0,0,0,0.820539116859436
video09,BirdDrone-Local,1427,1,1,0,0,0,0,0.8036774396896362
video09,BirdDrone-Local,1428,2,2,0,0,0,0,0.7377076745033264
video09,BirdDrone-Local,1429,1,1,0,0,0,0,0.8761930465698242
video09,BirdDrone-Local,1430,1,1,0,0,0,0,0.8415015935897827
video09,BirdDrone-Local,1431,1,1,0,0,0,0,0.8231971859931946
video09,BirdDrone-Local,1432,1,1,0,0,0,0,0.8270866274833679
video09,BirdDrone-Local,1433,1,1,0,0,0,0,0.8388231992721558
video09,BirdDrone-Local,1434,1,1,0,0,0,0,0.83124178647995
video09,BirdDrone-Local,1435,1,1,0,0,0,0,0.8349159955978394
video09,BirdDrone-Local,1436,1,1,0,0,0,0,0.8142040371894836
video09,BirdDrone-Local,1437,1,1,0,0,0,0,0.8155359625816345
video09,BirdDrone-Local,1438,2,2,0,0,1,0,0.8474366664886475
video09,BirdDrone-Local,1439,1,1,0,0,0,0,0.8483725786209106
video09,BirdDrone-Local,1440,1,1,0,0,0,0,0.8437326550483704
video09,BirdDrone-Local,1441,1,1,0,0,0,0,0.8338270783424377
video09,BirdDrone-Local,1442,1,1,0,0,0,0,0.8381741046905518
video09,BirdDrone-Local,1443,1,1,0,0,0,0,0.8388686180114746
video09,BirdDrone-Local,1444,1,1,0,0,0,0,0.83881676197052
video09,BirdDrone-Local,1445,1,1,0,0,0,0,0.8336853384971619
video09,BirdDrone-Local,1446,1,1,0,0,0,0,0.8325904011726379
video09,BirdDrone-Local,1447,1,1,0,0,0,0,0.8277760744094849
video09,BirdDrone-Local,1448,1,1,0,0,0,0,0.8302997350692749
video09,BirdDrone-Local,1449,1,1,0,0,0,0,0.8170523047447205
video09,BirdDrone-Local,1450,1,1,0,0,0,0,0.818833589553833
video09,BirdDrone-Local,1451,1,1,0,0,0,0,0.8264443278312683
video09,BirdDrone-Local,1452,2,2,0,0,0,0,0.8357947468757629
video09,BirdDrone-Local,1453,1,1,0,0,0,0,0.8650148510932922
video09,BirdDrone-Local,1454,1,1,0,0,0,0,0.8580513000488281
video09,BirdDrone-Local,1455,1,1,0,0,0,0,0.8573925495147705
video09,BirdDrone-Local,1456,1,1,0,0,0,0,0.8656793832778931
video09,BirdDrone-Local,1457,1,1,0,0,0,0,0.8681322932243347
video09,BirdDrone-Local,1458,1,1,0,0,0,0,0.8638010025024414
video09,BirdDrone-Local,1459,1,1,0,0,0,0,0.8559696674346924
video09,BirdDrone-Local,1460,1,1,0,0,0,0,0.8477327227592468
video09,BirdDrone-Local,1461,1,1,0,0,0,0,0.8461047410964966
video09,BirdDrone-Local,1462,1,1,0,0,0,0,0.8461026549339294
video09,BirdDrone-Local,1463,1,1,0,0,0,0,0.8408059477806091
video09,BirdDrone-Local,1464,1,1,0,0,0,0,0.8455572724342346
video09,BirdDrone-Local,1465,1,1,0,0,0,0,0.8480674028396606
video09,BirdDrone-Local,1466,1,1,0,0,0,0,0.8502700924873352
video09,BirdDrone-Local,1467,1,1,0,0,0,0,0.8532464504241943
video09,BirdDrone-Local,1468,1,1,0,0,0,0,0.8451660871505737
video09,BirdDrone-Local,1469,1,1,0,0,0,0,0.8437529802322388
video09,BirdDrone-Local,1470,1,1,0,0,0,0,0.8429297804832458
video09,BirdDrone-Local,1471,1,1,0,0,0,0,0.8442785143852234
video09,BirdDrone-Local,1472,1,1,0,0,0,0,0.8403254747390747
video09,BirdDrone-Local,1473,1,1,0,0,0,0,0.8419227600097656
video09,BirdDrone-Local,1474,1,1,0,0,0,0,0.8348986506462097
video09,BirdDrone-Local,1475,1,1,0,0,0,0,0.836719810962677
video09,BirdDrone-Local,1476,1,1,0,0,0,0,0.8377920389175415
video09,BirdDrone-Local,1477,1,1,0,0,0,0,0.8350624442100525
video09,BirdDrone-Local,1478,1,1,0,0,0,0,0.8274306058883667
video09,BirdDrone-Local,1479,1,1,0,0,0,0,0.8262906074523926
video09,BirdDrone-Local,1480,1,1,0,0,0,0,0.8266486525535583
video09,BirdDrone-Local,1481,1,1,0,0,0,0,0.8275283575057983
video09,BirdDrone-Local,1482,1,1,0,0,0,0,0.8143941164016724
video09,BirdDrone-Local,1483,1,1,0,0,0,0,0.8197299242019653
video09,BirdDrone-Local,1484,1,1,0,0,0,0,0.8220654129981995
video09,BirdDrone-Local,1485,1,1,0,0,0,0,0.8222022652626038
video09,BirdDrone-Local,1486,1,1,0,0,0,0,0.8196213245391846
video09,BirdDrone-Local,1487,1,1,0,0,0,0,0.8283421993255615
video09,BirdDrone-Local,1488,1,1,0,0,0,0,0.8251392245292664
video09,BirdDrone-Local,1489,1,1,0,0,0,0,0.8236283659934998
video09,BirdDrone-Local,1490,1,1,0,0,0,0,0.810889720916748
video09,BirdDrone-Local,1491,1,1,0,0,0,0,0.8313905000686646
video09,BirdDrone-Local,1492,1,1,0,0,0,0,0.8260862827301025
video09,BirdDrone-Local,1493,1,1,0,0,0,0,0.8312734961509705
video09,BirdDrone-Local,1494,1,1,0,0,0,0,0.8258503675460815
video09,BirdDrone-Local,1495,1,1,0,0,0,0,0.8248099684715271
video09,BirdDrone-Local,1496,1,1,0,0,0,0,0.828895628452301
video09,BirdDrone-Local,1497,1,1,0,0,0,0,0.8275207877159119
video09,BirdDrone-Local,1498,1,1,0,0,0,0,0.8301228284835815
video09,BirdDrone-Local,1499,1,1,0,0,0,0,0.8281628489494324
video09,BirdDrone-Local,1500,1,1,0,0,0,0,0.8261500597000122
video09,BirdDrone-Local,1501,1,1,0,0,0,0,0.8344926238059998
video09,BirdDrone-Local,1502,1,1,0,0,0,0,0.8350200653076172
video09,BirdDrone-Local,1503,1,1,0,0,0,0,0.8417393565177917
video09,BirdDrone-Local,1504,1,1,0,0,0,0,0.8417393565177917
video09,BirdDrone-Local,1505,1,1,0,0,0,0,0.849798321723938
video09,BirdDrone-Local,1506,1,1,0,0,0,0,0.8455362319946289
video09,BirdDrone-Local,1507,1,1,0,0,0,0,0.8364593386650085
video09,BirdDrone-Local,1508,1,1,0,0,0,0,0.8662976622581482
video09,BirdDrone-Local,1509,1,1,0,0,0,0,0.8572738170623779
video09,BirdDrone-Local,1510,1,1,0,0,0,0,0.8570323586463928
video09,BirdDrone-Local,1511,1,1,0,0,0,0,0.8531765341758728
video09,BirdDrone-Local,1512,1,1,0,0,0,0,0.8496768474578857
video09,BirdDrone-Local,1513,1,1,0,0,0,0,0.8452195525169373
video09,BirdDrone-Local,1514,1,1,0,0,0,0,0.8493272066116333
video09,BirdDrone-Local,1515,1,1,0,0,0,0,0.8418477773666382
video09,BirdDrone-Local,1516,1,1,0,0,0,0,0.8367104530334473
video09,BirdDrone-Local,1517,1,1,0,0,0,0,0.8343735337257385
video09,BirdDrone-Local,1518,1,1,0,0,0,0,0.8440919518470764
video09,BirdDrone-Local,1519,1,1,0,0,0,0,0.8453309535980225
video09,BirdDrone-Local,1520,1,1,0,0,0,0,0.8455066680908203
video09,BirdDrone-Local,1521,1,1,0,0,0,0,0.8414411544799805
video09,BirdDrone-Local,1522,1,1,0,0,0,0,0.847283661365509
video09,BirdDrone-Local,1523,1,1,0,0,0,0,0.8463950753211975
video09,BirdDrone-Local,1524,1,1,0,0,0,0,0.8540176749229431
video09,BirdDrone-Local,1525,1,1,0,0,0,0,0.8514018654823303
video09,BirdDrone-Local,1526,1,1,0,0,0,0,0.8543409705162048
video09,BirdDrone-Local,1527,1,1,0,0,0,0,0.8459489941596985
video09,BirdDrone-Local,1528,1,1,0,0,0,0,0.8569145202636719
video09,BirdDrone-Local,1529,1,1,0,0,0,0,0.8042846322059631
video09,BirdDrone-Local,1530,1,1,0,0,0,0,0.8833010792732239
video09,BirdDrone-Local,1531,1,1,0,0,0,0,0.8745391964912415
video09,BirdDrone-Local,1532,1,1,0,0,0,0,0.862346887588501
video09,BirdDrone-Local,1533,1,1,0,0,0,0,0.8570541143417358
video09,BirdDrone-Local,1534,1,1,0,0,0,0,0.8623068332672119
video09,BirdDrone-Local,1535,1,1,0,0,0,0,0.8614831566810608
video09,BirdDrone-Local,1536,1,1,0,0,0,0,0.8620679378509521
video09,BirdDrone-Local,1537,1,1,0,0,0,0,0.8516190648078918
video09,BirdDrone-Local,1538,1,1,0,0,0,0,0.850165605545044
video09,BirdDrone-Local,1539,1,1,0,0,0,0,0.8431901335716248
video09,BirdDrone-Local,1540,1,1,0,0,0,0,0.8476741313934326
video09,BirdDrone-Local,1541,1,1,0,0,0,0,0.8507139682769775
video09,BirdDrone-Local,1542,1,1,0,0,0,0,0.8424066305160522
video09,BirdDrone-Local,1543,1,1,0,0,0,0,0.8651953339576721
video09,BirdDrone-Local,1544,1,1,0,0,0,0,0.8447719812393188
video09,BirdDrone-Local,1545,1,1,0,0,0,0,0.8455203771591187
video09,BirdDrone-Local,1546,1,1,0,0,0,0,0.8487755060195923
video09,BirdDrone-Local,1547,1,1,0,0,0,0,0.8540810942649841
video09,BirdDrone-Local,1548,1,1,0,0,0,0,0.8591184616088867
video09,BirdDrone-Local,1549,1,1,0,0,0,0,0.8606452941894531
video09,BirdDrone-Local,1550,1,1,0,0,0,0,0.8625057935714722
video09,BirdDrone-Local,1551,1,1,0,0,0,0,0.8682374358177185
video09,BirdDrone-Local,1552,1,1,0,0,0,0,0.8519131541252136
video09,BirdDrone-Local,1553,1,1,0,0,0,0,0.8591219186782837
video09,BirdDrone-Local,1554,1,1,0,0,0,0,0.8579723238945007
video09,BirdDrone-Local,1555,1,1,0,0,0,0,0.8562248945236206
video09,BirdDrone-Local,1556,1,1,0,0,0,0,0.8614498972892761
video09,BirdDrone-Local,1557,1,1,0,0,0,0,0.8453501462936401
video09,BirdDrone-Local,1558,1,1,0,0,0,0,0.8575214743614197
video09,BirdDrone-Local,1559,1,1,0,0,0,0,0.8725635409355164
video09,BirdDrone-Local,1560,2,2,0,0,1,0,0.7857281565666199
video09,BirdDrone-Local,1561,1,1,0,0,0,0,0.820071816444397
video09,BirdDrone-Local,1562,2,2,0,0,0,0,0.7797024250030518
video09,BirdDrone-Local,1563,2,2,0,0,0,0,0.7504205703735352
video09,BirdDrone-Local,1564,1,1,0,0,0,0,0.8721622228622437
video09,BirdDrone-Local,1565,1,1,0,0,0,0,0.8171617388725281
video09,BirdDrone-Local,1566,1,1,0,0,0,0,0.8147669434547424
video09,BirdDrone-Local,1567,1,1,0,0,0,0,0.8138662576675415
video09,BirdDrone-Local,1568,1,1,0,0,0,0,0.8179175853729248
video09,BirdDrone-Local,1569,1,1,0,0,0,0,0.8076525330543518
video09,BirdDrone-Local,1570,1,1,0,0,0,0,0.8162899613380432
video09,BirdDrone-Local,1571,1,1,0,0,0,0,0.8531199097633362
video09,BirdDrone-Local,1572,1,1,0,0,0,0,0.8594402074813843
video09,BirdDrone-Local,1573,1,1,0,0,0,0,0.8649992346763611
video09,BirdDrone-Local,1574,1,1,0,0,0,0,0.8235045075416565
video09,BirdDrone-Local,1575,1,1,0,0,0,0,0.8626866340637207
video09,BirdDrone-Local,1576,2,2,0,0,1,0,0.7939075231552124
video09,BirdDrone-Local,1577,1,1,0,0,0,0,0.847102701663971
video09,BirdDrone-Local,1578,1,1,0,0,0,0,0.8468673229217529
video09,BirdDrone-Local,1579,1,1,0,0,0,0,0.8580071330070496
video09,BirdDrone-Local,1580,1,1,0,0,0,0,0.8264942765235901
video09,BirdDrone-Local,1581,1,1,0,0,0,0,0.8114601373672485
video09,BirdDrone-Local,1582,1,1,0,0,0,0,0.8202664852142334
video09,BirdDrone-Local,1583,1,1,0,0,0,0,0.8580236434936523
video09,BirdDrone-Local,1584,1,1,0,0,0,0,0.8486113548278809
video09,BirdDrone-Local,1585,1,1,0,0,0,0,0.8526130318641663
video09,BirdDrone-Local,1586,1,1,0,0,0,0,0.8492417335510254
video09,BirdDrone-Local,1587,1,1,0,0,0,0,0.8535460829734802
video09,BirdDrone-Local,1588,1,1,0,0,0,0,0.8488020300865173
video09,BirdDrone-Local,1589,1,1,0,0,0,0,0.8488349318504333
video09,BirdDrone-Local,1590,1,1,0,0,0,0,0.8363019824028015
video09,BirdDrone-Local,1591,1,1,0,0,0,0,0.8392563462257385
video09,BirdDrone-Local,1592,1,1,0,0,0,0,0.8398343324661255
video09,BirdDrone-Local,1593,1,1,0,0,0,0,0.8363128304481506
video09,BirdDrone-Local,1594,1,1,0,0,0,0,0.8354030847549438
video09,BirdDrone-Local,1595,1,1,0,0,0,0,0.8301435708999634
video09,BirdDrone-Local,1596,1,1,0,0,0,0,0.8335517644882202
video09,BirdDrone-Local,1597,1,1,0,0,0,0,0.8299431204795837
video09,BirdDrone-Local,1598,1,1,0,0,0,0,0.8321781754493713
video09,BirdDrone-Local,1599,1,1,0,0,0,0,0.8265991806983948
video09,BirdDrone-Local,1600,1,1,0,0,0,0,0.831429660320282
video09,BirdDrone-Local,1601,1,1,0,0,0,0,0.809058666229248
video09,BirdDrone-Local,1602,1,1,0,0,0,0,0.8249988555908203
video09,BirdDrone-Local,1603,1,1,0,0,0,0,0.8256378173828125
video09,BirdDrone-Local,1604,1,1,0,0,0,0,0.828629732131958
video09,BirdDrone-Local,1605,1,1,0,0,0,0,0.8290001749992371
video09,BirdDrone-Local,1606,1,1,0,0,0,0,0.816808819770813
video09,BirdDrone-Local,1607,1,1,0,0,0,0,0.815434992313385
video09,BirdDrone-Local,1608,1,1,0,0,0,0,0.8150847554206848
video09,BirdDrone-Local,1609,1,1,0,0,0,0,0.8102077841758728
video09,BirdDrone-Local,1610,1,1,0,0,0,0,0.8171447515487671
video09,BirdDrone-Local,1611,1,1,0,0,0,0,0.8187869191169739
video09,BirdDrone-Local,1612,1,1,0,0,0,0,0.8193574547767639
video09,BirdDrone-Local,1613,1,1,0,0,0,0,0.8005994558334351
video09,BirdDrone-Local,1614,1,1,0,0,0,0,0.8179163932800293
video09,BirdDrone-Local,1615,1,1,0,0,0,0,0.8112201690673828
video09,BirdDrone-Local,1616,1,1,0,0,0,0,0.8074760437011719
video09,BirdDrone-Local,1617,1,1,0,0,0,0,0.8073022365570068
video09,BirdDrone-Local,1618,1,1,0,0,0,0,0.7465975284576416
video09,BirdDrone-Local,1619,1,1,0,0,0,0,0.8409472107887268
video09,BirdDrone-Local,1620,1,1,0,0,0,0,0.8199154138565063
video09,BirdDrone-Local,1621,1,1,0,0,0,0,0.8371064066886902
video09,BirdDrone-Local,1622,1,1,0,0,0,0,0.8337266445159912
video09,BirdDrone-Local,1623,1,1,0,0,0,0,0.8438268899917603
video09,BirdDrone-Local,1624,1,1,0,0,0,0,0.8457621932029724
video09,BirdDrone-Local,1625,1,1,0,0,0,0,0.8247383236885071
video09,BirdDrone-Local,1626,1,1,0,0,0,0,0.8233500123023987
video09,BirdDrone-Local,1627,1,1,0,0,0,0,0.7938592433929443
video09,BirdDrone-Local,1628,1,1,0,0,0,0,0.8057896494865417
video09,BirdDrone-Local,1629,1,1,0,0,0,0,0.805842399597168
video09,BirdDrone-Local,1630,1,1,0,0,0,0,0.7983885407447815
video09,BirdDrone-Local,1631,1,1,0,0,0,0,0.8137717247009277
video09,BirdDrone-Local,1632,1,1,0,0,0,0,0.7828614711761475
video09,BirdDrone-Local,1633,1,1,0,0,0,0,0.8200860619544983
video09,BirdDrone-Local,1634,1,1,0,0,0,0,0.8218749165534973
video09,BirdDrone-Local,1635,1,1,0,0,0,0,0.8424684405326843
video09,BirdDrone-Local,1636,1,1,0,0,0,0,0.8086262345314026
video09,BirdDrone-Local,1637,1,1,0,0,0,0,0.8141591548919678
video09,BirdDrone-Local,1638,1,1,0,0,0,0,0.8067821860313416
video09,BirdDrone-Local,1639,1,1,0,0,0,0,0.7856999039649963
video09,BirdDrone-Local,1640,1,1,0,0,0,0,0.7709426283836365
video09,BirdDrone-Local,1641,1,1,0,0,0,0,0.7763369679450989
video09,BirdDrone-Local,1642,1,1,0,0,0,0,0.7911092638969421
video09,BirdDrone-Local,1643,1,1,0,0,0,0,0.8289049863815308
video09,BirdDrone-Local,1644,1,1,0,0,0,0,0.8260816335678101
video09,BirdDrone-Local,1645,1,1,0,0,0,0,0.8339383006095886
video09,BirdDrone-Local,1646,1,1,0,0,0,0,0.831810712814331
video09,BirdDrone-Local,1647,1,1,0,0,0,0,0.8249910473823547
video09,BirdDrone-Local,1648,1,1,0,0,0,0,0.82793128490448
video09,BirdDrone-Local,1649,1,1,0,0,0,0,0.8349637985229492
video09,BirdDrone-Local,1650,1,1,0,0,0,0,0.8219344019889832
video09,BirdDrone-Local,1651,1,1,0,0,0,0,0.8222730755805969
video09,BirdDrone-Local,1652,1,1,0,0,0,0,0.8319703936576843
video09,BirdDrone-Local,1653,1,1,0,0,0,0,0.8300747275352478
video09,BirdDrone-Local,1654,1,1,0,0,0,0,0.824096143245697
video09,BirdDrone-Local,1655,1,1,0,0,0,0,0.8180476427078247
video09,BirdDrone-Local,1656,1,1,0,0,0,0,0.8005011081695557
video09,BirdDrone-Local,1657,1,1,0,0,0,0,0.8066561818122864
video09,BirdDrone-Local,1658,1,1,0,0,0,0,0.7924218773841858
video09,BirdDrone-Local,1659,1,1,0,0,0,0,0.7992743253707886
video09,BirdDrone-Local,1660,1,1,0,0,0,0,0.841589093208313
video09,BirdDrone-Local,1661,1,1,0,0,0,0,0.8465321660041809
video09,BirdDrone-Local,1662,1,1,0,0,0,0,0.8387009501457214
video09,BirdDrone-Local,1663,1,1,0,0,0,0,0.8383777141571045
video09,BirdDrone-Local,1664,1,1,0,0,0,0,0.8360100984573364
video09,BirdDrone-Local,1665,1,1,0,0,0,0,0.8354297876358032
video09,BirdDrone-Local,1666,1,1,0,0,0,0,0.8291018605232239
video09,BirdDrone-Local,1667,1,1,0,0,0,0,0.8432724475860596
video09,BirdDrone-Local,1668,1,1,0,0,0,0,0.8440237045288086
video09,BirdDrone-Local,1669,1,1,0,0,0,0,0.8353962302207947
video09,BirdDrone-Local,1670,1,1,0,0,0,0,0.8280860185623169
video09,BirdDrone-Local,1671,1,1,0,0,0,0,0.8113393783569336
video09,BirdDrone-Local,1672,1,1,0,0,0,0,0.8216577768325806
video09,BirdDrone-Local,1673,1,1,0,0,0,0,0.8101298809051514
video09,BirdDrone-Local,1674,1,1,0,0,0,0,0.8134796023368835
video09,BirdDrone-Local,1675,1,1,0,0,0,0,0.8410013914108276
video09,BirdDrone-Local,1676,1,1,0,0,0,0,0.8466658592224121
video09,BirdDrone-Local,1677,1,1,0,0,0,0,0.8364992737770081
video09,BirdDrone-Local,1678,1,1,0,0,0,0,0.8448684811592102
video09,BirdDrone-Local,1679,1,1,0,0,0,0,0.8387138843536377
video09,BirdDrone-Local,1680,1,1,0,0,0,0,0.8389703631401062
video09,BirdDrone-Local,1681,1,1,0,0,0,0,0.8261446356773376
video09,BirdDrone-Local,1682,1,1,0,0,0,0,0.8355503678321838
video09,BirdDrone-Local,1683,1,1,0,0,0,0,0.8187078833580017
video09,BirdDrone-Local,1684,1,1,0,0,0,0,0.8381944894790649
video09,BirdDrone-Local,1685,1,1,0,0,0,0,0.8056671619415283
video09,BirdDrone-Local,1686,1,1,0,0,0,0,0.8086894154548645
video09,BirdDrone-Local,1687,1,1,0,0,0,0,0.8064237833023071
video09,BirdDrone-Local,1688,1,1,0,0,0,0,0.7971318364143372
video09,BirdDrone-Local,1689,1,1,0,0,0,0,0.8083946108818054
video09,BirdDrone-Local,1690,1,1,0,0,0,0,0.8396779894828796
video09,BirdDrone-Local,1691,1,1,0,0,0,0,0.8464443683624268
video09,BirdDrone-Local,1692,1,1,0,0,0,0,0.8342431783676147
video09,BirdDrone-Local,1693,1,1,0,0,0,0,0.8222918510437012
video09,BirdDrone-Local,1694,1,1,0,0,0,0,0.8210655450820923
video09,BirdDrone-Local,1695,1,1,0,0,0,0,0.8193536400794983
video09,BirdDrone-Local,1696,1,1,0,0,0,0,0.8158299326896667
video09,BirdDrone-Local,1697,1,1,0,0,0,0,0.861558198928833
video09,BirdDrone-Local,1698,1,1,0,0,0,0,0.8412085175514221
video09,BirdDrone-Local,1699,1,1,0,0,0,0,0.8400446176528931
video09,BirdDrone-Local,1700,1,1,0,0,0,0,0.816573977470398
video09,BirdDrone-Local,1701,1,1,0,0,0,0,0.8207870125770569
video09,BirdDrone-Local,1702,1,1,0,0,0,0,0.8179342150688171
video09,BirdDrone-Local,1703,1,1,0,0,0,0,0.7859886288642883
video09,BirdDrone-Local,1704,1,1,0,0,0,0,0.7879694700241089
video09,BirdDrone-Local,1705,1,1,0,0,0,0,0.8352826237678528
video09,BirdDrone-Local,1706,1,1,0,0,0,0,0.8327398896217346
video09,BirdDrone-Local,1707,1,1,0,0,0,0,0.8371217846870422
video09,BirdDrone-Local,1708,1,1,0,0,0,0,0.8225379586219788
video09,BirdDrone-Local,1709,1,1,0,0,0,0,0.8292062878608704
video09,BirdDrone-Local,1710,1,1,0,0,0,0,0.8184882998466492
video09,BirdDrone-Local,1711,1,1,0,0,0,0,0.813247799873352
video09,BirdDrone-Local,1712,1,1,0,0,0,0,0.8464565873146057
video09,BirdDrone-Local,1713,1,1,0,0,0,0,0.8380809426307678
video09,BirdDrone-Local,1714,1,1,0,0,0,0,0.8208652138710022
video09,BirdDrone-Local,1715,1,1,0,0,0,0,0.8232437968254089
video09,BirdDrone-Local,1716,1,1,0,0,0,0,0.8166435360908508
video09,BirdDrone-Local,1717,1,1,0,0,0,0,0.8041536808013916
video09,BirdDrone-Local,1718,1,1,0,0,0,0,0.7877718210220337
video09,BirdDrone-Local,1719,1,1,0,0,0,0,0.8379983305931091
video09,BirdDrone-Local,1720,1,1,0,0,0,0,0.8417184352874756
video09,BirdDrone-Local,1721,1,1,0,0,0,0,0.8511013984680176
video09,BirdDrone-Local,1722,1,1,0,0,0,0,0.8441911339759827
video09,BirdDrone-Local,1723,1,1,0,0,0,0,0.8236504197120667
video09,BirdDrone-Local,1724,1,1,0,0,0,0,0.822080671787262
video09,BirdDrone-Local,1725,1,1,0,0,0,0,0.8253208994865417
video09,BirdDrone-Local,1726,1,1,0,0,0,0,0.7784599661827087
video09,BirdDrone-Local,1727,1,1,0,0,0,0,0.8555784821510315
video09,BirdDrone-Local,1728,1,1,0,0,0,0,0.8623865246772766
video09,BirdDrone-Local,1729,1,1,0,0,0,0,0.8612818717956543
video09,BirdDrone-Local,1730,1,1,0,0,0,0,0.8576952815055847
video09,BirdDrone-Local,1731,1,1,0,0,0,0,0.8465127944946289
video09,BirdDrone-Local,1732,1,1,0,0,0,0,0.8407121896743774
video09,BirdDrone-Local,1733,1,1,0,0,0,0,0.8277408480644226
video09,BirdDrone-Local,1734,1,1,0,0,0,0,0.8225829601287842
video09,BirdDrone-Local,1735,1,1,0,0,0,0,0.8161774277687073
video09,BirdDrone-Local,1736,1,1,0,0,0,0,0.8172433972358704
video09,BirdDrone-Local,1737,1,1,0,0,0,0,0.8186860680580139
video09,BirdDrone-Local,1738,1,1,0,0,0,0,0.8117042779922485
video09,BirdDrone-Local,1739,1,1,0,0,0,0,0.8177024126052856
video09,BirdDrone-Local,1740,1,1,0,0,0,0,0.8115646243095398
video09,BirdDrone-Local,1741,1,1,0,0,0,0,0.8176552653312683
video09,BirdDrone-Local,1742,1,1,0,0,0,0,0.8534092903137207
video09,BirdDrone-Local,1743,1,1,0,0,0,0,0.8464464545249939
video09,BirdDrone-Local,1744,1,1,0,0,0,0,0.8480976819992065
video09,BirdDrone-Local,1745,1,1,0,0,0,0,0.8434973955154419
video09,BirdDrone-Local,1746,1,1,0,0,0,0,0.8541163206100464
video09,BirdDrone-Local,1747,1,1,0,0,0,0,0.8503145575523376
video09,BirdDrone-Local,1748,1,1,0,0,0,0,0.8516166806221008
video09,BirdDrone-Local,1749,1,1,0,0,0,0,0.8418079018592834
video09,BirdDrone-Local,1750,1,1,0,0,0,0,0.8425081968307495
video09,BirdDrone-Local,1751,1,1,0,0,0,0,0.8463764786720276
video09,BirdDrone-Local,1752,1,1,0,0,0,0,0.8487733006477356
video09,BirdDrone-Local,1753,1,1,0,0,0,0,0.8470903038978577
video09,BirdDrone-Local,1754,1,1,0,0,0,0,0.8496649861335754
video09,BirdDrone-Local,1755,1,1,0,0,0,0,0.8339921832084656
video09,BirdDrone-Local,1756,1,1,0,0,0,0,0.844683825969696
video09,BirdDrone-Local,1757,1,1,0,0,0,0,0.8449187874794006
video09,BirdDrone-Local,1758,1,1,0,0,0,0,0.8498234152793884
video09,BirdDrone-Local,1759,1,1,0,0,0,0,0.8484190106391907
video09,BirdDrone-Local,1760,1,1,0,0,0,0,0.843437135219574
video09,BirdDrone-Local,1761,1,1,0,0,0,0,0.8457226753234863
video09,BirdDrone-Local,1762,1,1,0,0,0,0,0.8496691584587097
video09,BirdDrone-Local,1763,1,1,0,0,0,0,0.8440287113189697
video09,BirdDrone-Local,1764,1,1,0,0,0,0,0.8501389026641846
video09,BirdDrone-Local,1765,1,1,0,0,0,0,0.853324830532074
video09,BirdDrone-Local,1766,1,1,0,0,0,0,0.8466819524765015
video09,BirdDrone-Local,1767,1,1,0,0,0,0,0.8481680750846863
video09,BirdDrone-Local,1768,1,1,0,0,0,0,0.842946469783783
video09,BirdDrone-Local,1769,1,1,0,0,0,0,0.8480147123336792
video09,BirdDrone-Local,1770,1,1,0,0,0,0,0.8399471640586853
video09,BirdDrone-Local,1771,1,1,0,0,0,0,0.8432318568229675
video09,BirdDrone-Local,1772,1,1,0,0,0,0,0.8426883816719055
video09,BirdDrone-Local,1773,1,1,0,0,0,0,0.8446799516677856
video09,BirdDrone-Local,1774,1,1,0,0,0,0,0.8448996543884277
video09,BirdDrone-Local,1775,1,1,0,0,0,0,0.855975329875946
video09,BirdDrone-Local,1776,1,1,0,0,0,0,0.8488705158233643
video09,BirdDrone-Local,1777,1,1,0,0,0,0,0.8546883463859558
video09,BirdDrone-Local,1778,1,1,0,0,0,0,0.844743013381958
video09,BirdDrone-Local,1779,1,1,0,0,0,0,0.8407072424888611
video09,BirdDrone-Local,1780,1,1,0,0,0,0,0.8510316610336304
video09,BirdDrone-Local,1781,1,1,0,0,0,0,0.8576163649559021
video09,BirdDrone-Local,1782,1,1,0,0,0,0,0.8530656099319458
video09,BirdDrone-Local,1783,1,1,0,0,0,0,0.8599419593811035
video09,BirdDrone-Local,1784,1,1,0,0,0,0,0.8594338297843933
video09,BirdDrone-Local,1785,1,1,0,0,0,0,0.857144832611084
video09,BirdDrone-Local,1786,1,1,0,0,0,0,0.8629074692726135
video09,BirdDrone-Local,1787,1,1,0,0,0,0,0.8690327405929565
video09,BirdDrone-Local,1788,1,1,0,0,0,0,0.8566606044769287
video09,BirdDrone-Local,1789,1,1,0,0,0,0,0.8622604012489319
video09,BirdDrone-Local,1790,1,1,0,0,0,0,0.8561596870422363
video09,BirdDrone-Local,1791,1,1,0,0,0,0,0.845309853553772
video09,BirdDrone-Local,1792,1,1,0,0,0,0,0.8318509459495544
video09,BirdDrone-Local,1793,1,1,0,0,0,0,0.8683138489723206
video09,BirdDrone-Local,1794,1,1,0,0,0,0,0.8683750629425049
video09,BirdDrone-Local,1795,1,1,0,0,0,0,0.8637800812721252
video09,BirdDrone-Local,1796,1,1,0,0,0,0,0.8567463159561157
video09,BirdDrone-Local,1797,1,1,0,0,0,0,0.8491028547286987
video09,BirdDrone-Local,1798,1,1,0,0,0,0,0.8505125045776367
video09,BirdDrone-Local,1799,1,1,0,0,0,0,0.8424358367919922
video09,BirdDrone-Local,1800,1,1,0,0,0,0,0.8153626322746277
video09,BirdDrone-Local,1801,1,1,0,0,0,0,0.8461843729019165
video09,BirdDrone-Local,1802,1,1,0,0,0,0,0.8522750735282898
video09,BirdDrone-Local,1803,1,1,0,0,0,0,0.8495403528213501
video09,BirdDrone-Local,1804,1,1,0,0,0,0,0.8473584651947021
video09,BirdDrone-Local,1805,1,1,0,0,0,0,0.8542329668998718
video09,BirdDrone-Local,1806,1,1,0,0,0,0,0.8390211462974548
video09,BirdDrone-Local,1807,1,1,0,0,0,0,0.8558311462402344
video09,BirdDrone-Local,1808,1,1,0,0,0,0,0.8589193224906921
video09,BirdDrone-Local,1809,1,1,0,0,0,0,0.8479102253913879
video09,BirdDrone-Local,1810,1,1,0,0,0,0,0.8449967503547668
video09,BirdDrone-Local,1811,1,1,0,0,0,0,0.8298577666282654
video09,BirdDrone-Local,1812,1,1,0,0,0,0,0.8057981729507446
video09,BirdDrone-Local,1813,1,1,0,0,0,0,0.8602514863014221
video09,BirdDrone-Local,1814,1,1,0,0,0,0,0.845578670501709
video09,BirdDrone-Local,1815,1,1,0,0,0,0,0.8308245539665222
video09,BirdDrone-Local,1816,1,1,0,0,0,0,0.8454969525337219
video09,BirdDrone-Local,1817,1,1,0,0,0,0,0.8516906499862671
video09,BirdDrone-Local,1818,1,1,0,0,0,0,0.8349417448043823
video09,BirdDrone-Local,1819,1,1,0,0,0,0,0.8259516954421997
video09,BirdDrone-Local,1820,2,2,0,0,0,0,0.7017027139663696
video09,BirdDrone-Local,1821,1,1,0,0,0,0,0.8547741174697876
video09,BirdDrone-Local,1822,1,1,0,0,0,0,0.8588472008705139
video09,BirdDrone-Local,1823,1,1,0,0,0,0,0.8401995897293091
video09,BirdDrone-Local,1824,1,1,0,0,0,0,0.8402149081230164
video09,BirdDrone-Local,1825,1,1,0,0,0,0,0.8399443030357361
video09,BirdDrone-Local,1826,1,1,0,0,0,0,0.8291096687316895
video09,BirdDrone-Local,1827,1,1,0,0,0,0,0.8315386772155762
video09,BirdDrone-Local,1828,1,1,0,0,0,0,0.8300966620445251
video09,BirdDrone-Local,1829,1,1,0,0,0,0,0.8350759148597717
video09,BirdDrone-Local,1830,1,1,0,0,0,0,0.833692729473114
video09,BirdDrone-Local,1831,1,1,0,0,0,0,0.817561149597168
video09,BirdDrone-Local,1832,1,1,0,0,0,0,0.8050944805145264
video09,BirdDrone-Local,1833,1,1,0,0,0,0,0.8171124458312988
video09,BirdDrone-Local,1834,1,1,0,0,0,0,0.8075866103172302
video09,BirdDrone-Local,1835,1,1,0,0,0,0,0.8380895853042603
video09,BirdDrone-Local,1836,1,1,0,0,0,0,0.8602502346038818
video09,BirdDrone-Local,1837,1,1,0,0,0,0,0.8460085391998291
video09,BirdDrone-Local,1838,1,1,0,0,0,0,0.8595498204231262
video09,BirdDrone-Local,1839,1,1,0,0,0,0,0.856386125087738
video09,BirdDrone-Local,1840,1,1,0,0,0,0,0.8454952239990234
video09,BirdDrone-Local,1841,1,1,0,0,0,0,0.8530194759368896
video09,BirdDrone-Local,1842,1,1,0,0,0,0,0.8541595935821533
video09,BirdDrone-Local,1843,1,1,0,0,0,0,0.854289710521698
video09,BirdDrone-Local,1844,1,1,0,0,0,0,0.8607182502746582
video09,BirdDrone-Local,1845,1,1,0,0,0,0,0.8605877757072449
video09,BirdDrone-Local,1846,1,1,0,0,0,0,0.854936420917511
video09,BirdDrone-Local,1847,1,1,0,0,0,0,0.8637180924415588
video09,BirdDrone-Local,1848,1,1,0,0,0,0,0.8627619743347168
video09,BirdDrone-Local,1849,1,1,0,0,0,0,0.8683057427406311
video09,BirdDrone-Local,1850,1,1,0,0,0,0,0.8699068427085876
video09,BirdDrone-Local,1851,1,1,0,0,0,0,0.8592257499694824
video09,BirdDrone-Local,1852,1,1,0,0,0,0,0.8509131073951721
video09,BirdDrone-Local,1853,1,1,0,0,0,0,0.8536322116851807
video09,BirdDrone-Local,1854,1,1,0,0,0,0,0.8478678464889526
video09,BirdDrone-Local,1855,1,1,0,0,0,0,0.8446428775787354
video09,BirdDrone-Local,1856,1,1,0,0,0,0,0.8226603269577026
video09,BirdDrone-Local,1857,1,1,0,0,0,0,0.7793124914169312
video09,BirdDrone-Local,1858,1,1,0,0,0,0,0.7217686772346497
video09,BirdDrone-Local,1859,1,1,0,0,0,0,0.8309810161590576
video09,BirdDrone-Local,1860,1,1,0,0,0,0,0.7692630887031555
video09,BirdDrone-Local,1861,1,1,0,0,0,0,0.750031590461731
video09,BirdDrone-Local,1862,1,1,0,0,0,0,0.7588877081871033
video09,BirdDrone-Local,1863,1,1,0,0,0,0,0.77214515209198
video09,BirdDrone-Local,1864,1,1,0,0,0,0,0.7862868309020996
video09,BirdDrone-Local,1865,1,1,0,0,0,0,0.7984686493873596
video09,BirdDrone-Local,1866,1,1,0,0,0,0,0.7995533347129822
video09,BirdDrone-Local,1867,2,2,0,0,1,0,0.7479059100151062
video09,BirdDrone-Local,1868,1,1,0,0,0,0,0.8545622825622559
video09,BirdDrone-Local,1869,1,1,0,0,0,0,0.8526149392127991
video09,BirdDrone-Local,1870,1,1,0,0,0,0,0.859575629234314
video09,BirdDrone-Local,1871,1,1,0,0,0,0,0.8468940258026123
video09,BirdDrone-Local,1872,1,1,0,0,0,0,0.8374120593070984
video09,BirdDrone-Local,1873,1,1,0,0,0,0,0.8476916551589966
video09,BirdDrone-Local,1874,1,1,0,0,0,0,0.8582109808921814
video09,BirdDrone-Local,1875,1,1,0,0,0,0,0.8465893268585205
video09,BirdDrone-Local,1876,1,1,0,0,0,0,0.8550348281860352
video09,BirdDrone-Local,1877,1,1,0,0,0,0,0.8586261868476868
video09,BirdDrone-Local,1878,1,1,0,0,0,0,0.8635379672050476
video09,BirdDrone-Local,1879,1,1,0,0,0,0,0.8668873310089111
video09,BirdDrone-Local,1880,2,2,0,0,0,0,0.7663947343826294
video09,BirdDrone-Local,1881,1,1,0,0,0,0,0.8602868318557739
video09,BirdDrone-Local,1882,1,1,0,0,0,0,0.8833423852920532
video09,BirdDrone-Local,1883,1,1,0,0,0,0,0.8219041228294373
video09,BirdDrone-Local,1884,1,1,0,0,0,0,0.8738754391670227
video09,BirdDrone-Local,1885,1,1,0,0,0,0,0.8701618313789368
video09,BirdDrone-Local,1886,1,1,0,0,0,0,0.8639390468597412
video09,BirdDrone-Local,1887,1,1,0,0,0,0,0.8647029399871826
video09,BirdDrone-Local,1888,1,1,0,0,0,0,0.8713577389717102
video09,BirdDrone-Local,1889,1,1,0,0,0,0,0.8065728545188904
video09,BirdDrone-Local,1890,1,1,0,0,0,0,0.8325115442276001
video09,BirdDrone-Local,1891,1,1,0,0,0,0,0.8321623206138611
video09,BirdDrone-Local,1892,1,1,0,0,0,0,0.848365306854248
video09,BirdDrone-Local,1893,1,1,0,0,0,0,0.8641520142555237
video09,BirdDrone-Local,1894,1,1,0,0,0,0,0.8585225343704224
video09,BirdDrone-Local,1895,1,1,0,0,0,0,0.8532460927963257
video09,BirdDrone-Local,1896,1,1,0,0,0,0,0.8583020567893982
video09,BirdDrone-Local,1897,1,1,0,0,0,0,0.8496466279029846
video09,BirdDrone-Local,1898,1,1,0,0,0,0,0.8171766996383667
video09,BirdDrone-Local,1899,1,1,0,0,0,0,0.8264600038528442
video09,BirdDrone-Local,1900,1,1,0,0,0,0,0.827375590801239
video09,BirdDrone-Local,1901,1,1,0,0,0,0,0.8487439155578613
video09,BirdDrone-Local,1902,1,1,0,0,0,0,0.8446530699729919
video09,BirdDrone-Local,1903,1,1,0,0,0,0,0.851095974445343
video09,BirdDrone-Local,1904,1,1,0,0,0,0,0.8603408336639404
video09,BirdDrone-Local,1905,1,1,0,0,0,0,0.8613025546073914
video09,BirdDrone-Local,1906,1,1,0,0,0,0,0.8550453782081604
video09,BirdDrone-Local,1907,1,1,0,0,0,0,0.8539710640907288
video09,BirdDrone-Local,1908,1,1,0,0,0,0,0.8326022028923035
video09,BirdDrone-Local,1909,1,1,0,0,0,0,0.8001667261123657
video09,BirdDrone-Local,1910,1,1,0,0,0,0,0.7894617319107056
video09,BirdDrone-Local,1911,1,1,0,0,0,0,0.8064126372337341
video09,BirdDrone-Local,1912,1,1,0,0,0,0,0.7991473078727722
video09,BirdDrone-Local,1913,1,1,0,0,0,0,0.8096854090690613
video09,BirdDrone-Local,1914,1,1,0,0,0,0,0.820362389087677
video09,BirdDrone-Local,1915,1,1,0,0,0,0,0.8052395582199097
video09,BirdDrone-Local,1916,1,1,0,0,0,0,0.8247656226158142
video09,BirdDrone-Local,1917,1,1,0,0,0,0,0.8309716582298279
video09,BirdDrone-Local,1918,1,1,0,0,0,0,0.823525607585907
video09,BirdDrone-Local,1919,1,1,0,0,0,0,0.8480460047721863
video09,BirdDrone-Local,1920,1,1,0,0,0,0,0.8504793047904968
video09,BirdDrone-Local,1921,1,1,0,0,0,0,0.8517285585403442
video09,BirdDrone-Local,1922,1,1,0,0,0,0,0.8449034094810486
video09,BirdDrone-Local,1923,1,1,0,0,0,0,0.8673307299613953
video09,BirdDrone-Local,1924,1,1,0,0,0,0,0.8530958890914917
video09,BirdDrone-Local,1925,1,1,0,0,0,0,0.8409807682037354
video09,BirdDrone-Local,1926,1,1,0,0,0,0,0.8509917855262756
video09,BirdDrone-Local,1927,1,1,0,0,0,0,0.8095879554748535
video09,BirdDrone-Local,1928,1,1,0,0,0,0,0.8281503319740295
video09,BirdDrone-Local,1929,1,1,0,0,0,0,0.8349296450614929
video09,BirdDrone-Local,1930,1,1,0,0,0,0,0.8442730903625488
video09,BirdDrone-Local,1931,1,1,0,0,0,0,0.8553104996681213
video09,BirdDrone-Local,1932,1,1,0,0,0,0,0.856667160987854
video09,BirdDrone-Local,1933,1,1,0,0,0,0,0.8523848056793213
video09,BirdDrone-Local,1934,1,1,0,0,0,0,0.8465256690979004
video09,BirdDrone-Local,1935,1,1,0,0,0,0,0.8492031693458557
video09,BirdDrone-Local,1936,1,1,0,0,0,0,0.8565289974212646
video09,BirdDrone-Local,1937,1,1,0,0,0,0,0.8640913367271423
video09,BirdDrone-Local,1938,1,1,0,0,0,0,0.8706520795822144
video09,BirdDrone-Local,1939,1,1,0,0,0,0,0.8714700937271118
video09,BirdDrone-Local,1940,1,1,0,0,0,0,0.8683107495307922
video09,BirdDrone-Local,1941,1,1,0,0,0,0,0.8795937299728394
video09,BirdDrone-Local,1942,1,1,0,0,0,0,0.87665194272995
video09,BirdDrone-Local,1943,1,1,0,0,0,0,0.8633144497871399
video09,BirdDrone-Local,1944,1,1,0,0,0,0,0.8521929979324341
video09,BirdDrone-Local,1945,1,1,0,0,0,0,0.8520568013191223
video09,BirdDrone-Local,1946,1,1,0,0,0,0,0.8263382315635681
video09,BirdDrone-Local,1947,1,1,0,0,0,0,0.8555320501327515
video09,BirdDrone-Local,1948,1,1,0,0,0,0,0.8508819937705994
video09,BirdDrone-Local,1949,1,1,0,0,0,0,0.841874897480011
video09,BirdDrone-Local,1950,1,1,0,0,0,0,0.811729371547699
video09,BirdDrone-Local,1951,1,1,0,0,0,0,0.8108994960784912
video09,BirdDrone-Local,1952,1,1,0,0,0,0,0.8285773992538452
video09,BirdDrone-Local,1953,1,1,0,0,0,0,0.8283413648605347
video09,BirdDrone-Local,1954,1,1,0,0,0,0,0.8333953022956848
video09,BirdDrone-Local,1955,1,1,0,0,0,0,0.8323938250541687
video09,BirdDrone-Local,1956,1,1,0,0,0,0,0.8310630917549133
video09,BirdDrone-Local,1957,1,1,0,0,0,0,0.8305399417877197
video09,BirdDrone-Local,1958,1,1,0,0,0,0,0.8036138415336609
video09,BirdDrone-Local,1959,1,1,0,0,0,0,0.8242883682250977
video09,BirdDrone-Local,1960,1,1,0,0,0,0,0.8421953320503235
video09,BirdDrone-Local,1961,1,1,0,0,0,0,0.8727295398712158
video09,BirdDrone-Local,1962,1,1,0,0,0,0,0.8633653521537781
video09,BirdDrone-Local,1963,1,1,0,0,0,0,0.8606576323509216
video09,BirdDrone-Local,1964,1,1,0,0,0,0,0.8611602783203125
video09,BirdDrone-Local,1965,1,1,0,0,0,0,0.8590480089187622
video09,BirdDrone-Local,1966,1,1,0,0,0,0,0.870522677898407
video09,BirdDrone-Local,1967,1,1,0,0,0,0,0.8681814670562744
video09,BirdDrone-Local,1968,1,1,0,0,0,0,0.8700631856918335
video09,BirdDrone-Local,1969,1,1,0,0,0,0,0.8708586096763611
video09,BirdDrone-Local,1970,1,1,0,0,0,0,0.8673383593559265
video09,BirdDrone-Local,1971,1,1,0,0,0,0,0.8728359341621399
video09,BirdDrone-Local,1972,1,1,0,0,0,0,0.8754789233207703
video09,BirdDrone-Local,1973,1,1,0,0,0,0,0.8656216859817505
video09,BirdDrone-Local,1974,1,1,0,0,0,0,0.859660267829895
video09,BirdDrone-Local,1975,1,1,0,0,0,0,0.8594196438789368
video09,BirdDrone-Local,1976,1,1,0,0,0,0,0.8627512454986572
video09,BirdDrone-Local,1977,1,1,0,0,0,0,0.8576981425285339
video09,BirdDrone-Local,1978,1,1,0,0,0,0,0.8623262643814087
video09,BirdDrone-Local,1979,1,1,0,0,0,0,0.8605988621711731
video09,BirdDrone-Local,1980,1,1,0,0,0,0,0.8621328473091125
video09,BirdDrone-Local,1981,1,1,0,0,0,0,0.8593898415565491
video09,BirdDrone-Local,1982,1,1,0,0,0,0,0.8656484484672546
video09,BirdDrone-Local,1983,1,1,0,0,0,0,0.8707035779953003
video09,BirdDrone-Local,1984,1,1,0,0,0,0,0.8586694598197937
video09,BirdDrone-Local,1985,1,1,0,0,0,0,0.8567854166030884
video09,BirdDrone-Local,1986,1,1,0,0,0,0,0.8509388566017151
video09,BirdDrone-Local,1987,1,1,0,0,0,0,0.8587729930877686
video09,BirdDrone-Local,1988,1,1,0,0,0,0,0.8458220958709717
video09,BirdDrone-Local,1989,1,1,0,0,0,0,0.8379065990447998
video09,BirdDrone-Local,1990,1,1,0,0,0,0,0.8388665318489075
video09,BirdDrone-Local,1991,1,1,0,0,0,0,0.820607602596283
video09,BirdDrone-Local,1992,1,1,0,0,0,0,0.8187381625175476
video09,BirdDrone-Local,1993,1,1,0,0,0,0,0.8262549638748169
video09,BirdDrone-Local,1994,1,1,0,0,0,0,0.8406168222427368
video09,BirdDrone-Local,1995,1,1,0,0,0,0,0.7785200476646423
video09,BirdDrone-Local,1996,1,1,0,0,0,0,0.7681534886360168
video09,BirdDrone-Local,1997,1,1,0,0,0,0,0.7390157580375671
video09,BirdDrone-Local,1998,1,1,0,0,0,0,0.6380678415298462
video09,BirdDrone-Local,1999,1,1,0,0,0,0,0.8390405774116516
video09,BirdDrone-Local,2000,1,1,0,0,0,0,0.8207572102546692
video09,BirdDrone-Local,2001,1,1,0,0,0,0,0.8655500411987305
video09,BirdDrone-Local,2002,1,1,0,0,0,0,0.865593433380127
video09,BirdDrone-Local,2003,1,1,0,0,0,0,0.8503373861312866
video09,BirdDrone-Local,2004,1,1,0,0,0,0,0.8494588136672974
video09,BirdDrone-Local,2005,1,1,0,0,0,0,0.8372133374214172
video09,BirdDrone-Local,2006,1,1,0,0,0,0,0.8286213874816895
video09,BirdDrone-Local,2007,1,1,0,0,0,0,0.819640576839447
video09,BirdDrone-Local,2008,1,1,0,0,0,0,0.8096746802330017
video09,BirdDrone-Local,2009,1,1,0,0,0,0,0.8248634338378906
video09,BirdDrone-Local,2010,1,1,0,0,0,0,0.817950963973999
video09,BirdDrone-Local,2011,1,1,0,0,0,0,0.8371044993400574
video09,BirdDrone-Local,2012,1,1,0,0,0,0,0.8521360754966736
video09,BirdDrone-Local,2013,1,1,0,0,0,0,0.6492398977279663
video09,BirdDrone-Local,2014,1,1,0,0,0,0,0.8673486709594727
video09,BirdDrone-Local,2015,1,1,0,0,0,0,0.8818673491477966
video09,BirdDrone-Local,2016,1,1,0,0,0,0,0.878047525882721
video09,BirdDrone-Local,2017,1,1,0,0,0,0,0.8740983009338379
video09,BirdDrone-Local,2018,1,1,0,0,0,0,0.8472023606300354
video09,BirdDrone-Local,2019,1,1,0,0,0,0,0.8583676218986511
video09,BirdDrone-Local,2020,1,1,0,0,0,0,0.8272072672843933
video09,BirdDrone-Local,2021,1,1,0,0,0,0,0.8355943560600281
video09,BirdDrone-Local,2022,1,1,0,0,0,0,0.8433468341827393
video09,BirdDrone-Local,2023,1,1,0,0,0,0,0.8383975028991699
video09,BirdDrone-Local,2024,1,1,0,0,0,0,0.7842740416526794
video09,BirdDrone-Local,2025,1,1,0,0,0,0,0.6709023118019104
video09,BirdDrone-Local,2026,1,1,0,0,0,0,0.8604230284690857
video09,BirdDrone-Local,2027,1,1,0,0,0,0,0.8722712993621826
video09,BirdDrone-Local,2028,1,1,0,0,0,0,0.8800855278968811
video09,BirdDrone-Local,2029,1,1,0,0,0,0,0.8598991632461548
video09,BirdDrone-Local,2030,1,1,0,0,0,0,0.853145182132721
video09,BirdDrone-Local,2031,1,1,0,0,0,0,0.8464623689651489
video09,BirdDrone-Local,2032,1,1,0,0,0,0,0.8647939562797546
video09,BirdDrone-Local,2033,1,1,0,0,0,0,0.8533861041069031
video09,BirdDrone-Local,2034,1,1,0,0,0,0,0.8440319895744324
video09,BirdDrone-Local,2035,1,1,0,0,0,0,0.8517265319824219
video09,BirdDrone-Local,2036,1,1,0,0,0,0,0.8511912226676941
video09,BirdDrone-Local,2037,1,1,0,0,0,0,0.86676025390625
video09,BirdDrone-Local,2038,1,1,0,0,0,0,0.8478288054466248
video09,BirdDrone-Local,2039,1,1,0,0,0,0,0.8563917279243469
video09,BirdDrone-Local,2040,1,1,0,0,0,0,0.8719946146011353
video09,BirdDrone-Local,2041,1,1,0,0,0,0,0.8561770915985107
video09,BirdDrone-Local,2042,1,1,0,0,0,0,0.8539189696311951
video09,BirdDrone-Local,2043,1,1,0,0,0,0,0.8551509380340576
video09,BirdDrone-Local,2044,1,1,0,0,0,0,0.8623303174972534
video09,BirdDrone-Local,2045,1,1,0,0,0,0,0.861380934715271
video09,BirdDrone-Local,2046,1,1,0,0,0,0,0.8482016921043396
video09,BirdDrone-Local,2047,1,1,0,0,0,0,0.8564252853393555
video09,BirdDrone-Local,2048,1,1,0,0,0,0,0.8454775214195251
video09,BirdDrone-Local,2049,1,1,0,0,0,0,0.8473623991012573
video09,BirdDrone-Local,2050,1,1,0,0,0,0,0.8538039922714233
video09,BirdDrone-Local,2051,1,1,0,0,0,0,0.8593975901603699
video09,BirdDrone-Local,2052,1,1,0,0,0,0,0.8608071804046631
video09,BirdDrone-Local,2053,1,1,0,0,0,0,0.85914546251297
video09,BirdDrone-Local,2054,1,1,0,0,0,0,0.8464785814285278
video09,BirdDrone-Local,2055,1,1,0,0,0,0,0.8464567065238953
video09,BirdDrone-Local,2056,1,1,0,0,0,0,0.8583473563194275
video09,BirdDrone-Local,2057,1,1,0,0,0,0,0.8423908948898315
video09,BirdDrone-Local,2058,2,2,0,0,0,0,0.7309783101081848
video09,BirdDrone-Local,2059,1,1,0,0,0,0,0.774661660194397
video09,BirdDrone-Local,2060,2,2,0,0,0,0,0.7287793755531311
video09,BirdDrone-Local,2061,1,1,0,0,0,0,0.7768697142601013
video09,BirdDrone-Local,2062,1,1,0,0,0,0,0.7620419263839722
video09,BirdDrone-Local,2063,1,1,0,0,0,0,0.7677592039108276
video09,BirdDrone-Local,2064,1,1,0,0,0,0,0.7608936429023743
video09,BirdDrone-Local,2065,1,1,0,0,0,0,0.7694433331489563
video09,BirdDrone-Local,2066,1,1,0,0,0,0,0.7474453449249268
video09,BirdDrone-Local,2067,1,1,0,0,0,0,0.7476274371147156
video09,BirdDrone-Local,2068,1,1,0,0,0,0,0.7468864917755127
video09,BirdDrone-Local,2069,1,1,0,0,0,0,0.7464615106582642
video09,BirdDrone-Local,2070,1,1,0,0,0,0,0.7505033016204834
video09,BirdDrone-Local,2071,1,1,0,0,0,0,0.7352664470672607
video09,BirdDrone-Local,2072,1,1,0,0,0,0,0.7507932186126709
video09,BirdDrone-Local,2073,1,1,0,0,0,0,0.7199811935424805
video09,BirdDrone-Local,2074,1,1,0,0,0,0,0.7227277159690857
video09,BirdDrone-Local,2075,1,1,0,0,0,0,0.7209580540657043
video09,BirdDrone-Local,2076,1,1,0,0,0,0,0.7250294089317322
video09,BirdDrone-Local,2077,1,1,0,0,0,0,0.7469369769096375
video09,BirdDrone-Local,2078,1,1,0,0,0,0,0.7367832660675049
video09,BirdDrone-Local,2079,1,1,0,0,0,0,0.7207972407341003
video09,BirdDrone-Local,2080,1,1,0,0,0,0,0.719314694404602
video09,BirdDrone-Local,2081,1,1,0,0,0,0,0.7326647043228149
video09,BirdDrone-Local,2082,1,1,0,0,0,0,0.7544060945510864
video09,BirdDrone-Local,2083,1,1,0,0,0,0,0.7726285457611084
video09,BirdDrone-Local,2084,1,1,0,0,0,0,0.7681052684783936
video09,BirdDrone-Local,2085,1,1,0,0,0,0,0.7820909023284912
video09,BirdDrone-Local,2086,1,1,0,0,0,0,0.7844283580780029
video09,BirdDrone-Local,2087,1,1,0,0,0,0,0.7711275815963745
video09,BirdDrone-Local,2088,1,1,0,0,0,0,0.7733142375946045
video09,BirdDrone-Local,2089,1,1,0,0,0,0,0.7766516804695129
video09,BirdDrone-Local,2090,1,1,0,0,0,0,0.7840553522109985
video09,BirdDrone-Local,2091,1,1,0,0,0,0,0.8113701343536377
video09,BirdDrone-Local,2092,1,1,0,0,0,0,0.8101727962493896
video09,BirdDrone-Local,2093,1,1,0,0,0,0,0.8084479570388794
video09,BirdDrone-Local,2094,1,1,0,0,0,0,0.8110802173614502
video09,BirdDrone-Local,2095,1,1,0,0,0,0,0.8056656122207642
video09,BirdDrone-Local,2096,1,1,0,0,0,0,0.8019236922264099
video09,BirdDrone-Local,2097,1,1,0,0,0,0,0.7763340473175049
video09,BirdDrone-Local,2098,1,1,0,0,0,0,0.7773361802101135
video09,BirdDrone-Local,2099,1,1,0,0,0,0,0.7698913216590881
video09,BirdDrone-Local,2100,1,1,0,0,0,0,0.7845960855484009
video09,BirdDrone-Local,2101,1,1,0,0,0,0,0.731147050857544
video09,BirdDrone-Local,2102,1,1,0,0,0,0,0.760371744632721
video09,BirdDrone-Local,2103,1,1,0,0,0,0,0.7851799130439758
video09,BirdDrone-Local,2104,1,1,0,0,0,0,0.7834171652793884
video09,BirdDrone-Local,2105,1,1,0,0,0,0,0.7630943655967712
video09,BirdDrone-Local,2106,1,1,0,0,0,0,0.7559754848480225
video09,BirdDrone-Local,2107,1,1,0,0,0,0,0.7618234753608704
video09,BirdDrone-Local,2108,1,1,0,0,0,0,0.7700609564781189
video09,BirdDrone-Local,2109,1,1,0,0,0,0,0.7888803482055664
video09,BirdDrone-Local,2110,1,1,0,0,0,0,0.7866389751434326
video09,BirdDrone-Local,2111,1,1,0,0,0,0,0.7836649417877197
video09,BirdDrone-Local,2112,1,1,0,0,0,0,0.7789462208747864
video09,BirdDrone-Local,2113,1,1,0,0,0,0,0.7756555676460266
video09,BirdDrone-Local,2114,1,1,0,0,0,0,0.7607749104499817
video09,BirdDrone-Local,2115,1,1,0,0,0,0,0.7860418558120728
video09,BirdDrone-Local,2116,1,1,0,0,0,0,0.7555968165397644
video09,BirdDrone-Local,2117,1,1,0,0,0,0,0.763062596321106
video09,BirdDrone-Local,2118,1,1,0,0,0,0,0.7730059623718262
video09,BirdDrone-Local,2119,1,1,0,0,0,0,0.7715575098991394
video09,BirdDrone-Local,2120,1,1,0,0,0,0,0.7915288209915161
video09,BirdDrone-Local,2121,1,1,0,0,0,0,0.8006488084793091
video09,BirdDrone-Local,2122,1,1,0,0,0,0,0.8187873363494873
video09,BirdDrone-Local,2123,1,1,0,0,0,0,0.8190057277679443
video09,BirdDrone-Local,2124,1,1,0,0,0,0,0.8128732442855835
video09,BirdDrone-Local,2125,1,1,0,0,0,0,0.8183634281158447
video09,BirdDrone-Local,2126,1,1,0,0,0,0,0.8222426176071167
video09,BirdDrone-Local,2127,1,1,0,0,0,0,0.8230807781219482
video09,BirdDrone-Local,2128,1,1,0,0,0,0,0.8278722167015076
video09,BirdDrone-Local,2129,1,1,0,0,0,0,0.8320578932762146
video09,BirdDrone-Local,2130,1,1,0,0,0,0,0.8331416249275208
video09,BirdDrone-Local,2131,1,1,0,0,0,0,0.8308050036430359
video09,BirdDrone-Local,2132,1,1,0,0,0,0,0.8321653008460999
video09,BirdDrone-Local,2133,1,1,0,0,0,0,0.8349138498306274
video09,BirdDrone-Local,2134,1,1,0,0,0,0,0.8401263952255249
video09,BirdDrone-Local,2135,1,1,0,0,0,0,0.8313993215560913
video09,BirdDrone-Local,2136,1,1,0,0,0,0,0.8402098417282104
video09,BirdDrone-Local,2137,1,1,0,0,0,0,0.8350995779037476
video09,BirdDrone-Local,2138,1,1,0,0,0,0,0.8356444239616394
video09,BirdDrone-Local,2139,1,1,0,0,0,0,0.8298221826553345
video09,BirdDrone-Local,2140,1,1,0,0,0,0,0.8399360179901123
video09,BirdDrone-Local,2141,1,1,0,0,0,0,0.8386107087135315
video09,BirdDrone-Local,2142,1,1,0,0,0,0,0.8431940674781799
video09,BirdDrone-Local,2143,1,1,0,0,0,0,0.8329132795333862
video09,BirdDrone-Local,2144,1,1,0,0,0,0,0.8375897407531738
video09,BirdDrone-Local,2145,1,1,0,0,0,0,0.8391901850700378
video09,BirdDrone-Local,2146,1,1,0,0,0,0,0.8349288105964661
video09,BirdDrone-Local,2147,1,1,0,0,0,0,0.8241814970970154
video09,BirdDrone-Local,2148,1,1,0,0,0,0,0.8186405301094055
video09,BirdDrone-Local,2149,1,1,0,0,0,0,0.8278504610061646
video09,BirdDrone-Local,2150,1,1,0,0,0,0,0.8351109027862549
video09,BirdDrone-Local,2151,1,1,0,0,0,0,0.8369557857513428
video09,BirdDrone-Local,2152,1,1,0,0,0,0,0.8415780067443848
video09,BirdDrone-Local,2153,1,1,0,0,0,0,0.8475602269172668
video09,BirdDrone-Local,2154,1,1,0,0,0,0,0.8237035274505615
video09,BirdDrone-Local,2155,1,1,0,0,0,0,0.8338413238525391
video09,BirdDrone-Local,2156,1,1,0,0,0,0,0.8423444628715515
video09,BirdDrone-Local,2157,1,1,0,0,0,0,0.8293694853782654
video09,BirdDrone-Local,2158,1,1,0,0,0,0,0.8357833623886108
video09,BirdDrone-Local,2159,1,1,0,0,0,0,0.8217707872390747
video09,BirdDrone-Local,2160,1,1,0,0,0,0,0.8572817444801331
video09,BirdDrone-Local,2161,1,1,0,0,0,0,0.8584456443786621
video09,BirdDrone-Local,2162,1,1,0,0,0,0,0.8490889072418213
video09,BirdDrone-Local,2163,1,1,0,0,0,0,0.8485172390937805
video09,BirdDrone-Local,2164,1,1,0,0,0,0,0.8420205116271973
video09,BirdDrone-Local,2165,1,1,0,0,0,0,0.8520930409431458
video09,BirdDrone-Local,2166,1,1,0,0,0,0,0.8518692851066589
video09,BirdDrone-Local,2167,1,1,0,0,0,0,0.85982346534729
video09,BirdDrone-Local,2168,1,1,0,0,0,0,0.8654335141181946
video09,BirdDrone-Local,2169,2,2,0,0,0,0,0.6998348832130432
video09,BirdDrone-Local,2170,1,1,0,0,0,0,0.8527990579605103
video09,BirdDrone-Local,2171,1,1,0,0,0,0,0.8574060797691345
video09,BirdDrone-Local,2172,1,1,0,0,0,0,0.8363626599311829
video09,BirdDrone-Local,2173,1,1,0,0,0,0,0.8089094758033752
video09,BirdDrone-Local,2174,1,1,0,0,0,0,0.7992908954620361
video09,BirdDrone-Local,2175,1,1,0,0,0,0,0.7705214023590088
video09,BirdDrone-Local,2176,1,1,0,0,0,0,0.5065852403640747
video09,BirdDrone-Local,2177,1,1,0,0,0,0,0.5716372132301331
video09,BirdDrone-Local,2178,1,1,0,0,0,0,0.5539106130599976
video09,BirdDrone-Local,2179,1,1,0,0,0,0,0.6357367038726807
video09,BirdDrone-Local,2180,1,1,0,0,0,0,0.6575860977172852
video09,BirdDrone-Local,2181,1,1,0,0,0,0,0.7846270799636841
video09,BirdDrone-Local,2182,1,1,0,0,0,0,0.8006976246833801
video09,BirdDrone-Local,2183,1,1,0,0,0,0,0.8336835503578186
video09,BirdDrone-Local,2184,1,1,0,0,0,0,0.8495792746543884
video09,BirdDrone-Local,2185,1,1,0,0,0,0,0.8281098008155823
video09,BirdDrone-Local,2186,1,1,0,0,0,0,0.8452006578445435
video09,BirdDrone-Local,2187,1,1,0,0,0,0,0.7904134392738342
video09,BirdDrone-Local,2188,2,2,0,0,1,0,0.6379269361495972
video09,BirdDrone-Local,2189,2,2,0,0,1,0,0.6652525663375854
video09,BirdDrone-Local,2190,1,1,0,0,0,0,0.7146307229995728
video09,BirdDrone-Local,2191,2,2,0,0,1,0,0.6731438040733337
video09,BirdDrone-Local,2192,2,2,0,0,1,0,0.7994359135627747
video09,BirdDrone-Local,2193,2,2,0,0,1,0,0.8170596957206726
video09,BirdDrone-Local,2194,2,2,0,0,1,0,0.7761378288269043
video09,BirdDrone-Local,2195,1,1,0,0,0,0,0.8343419432640076
video09,BirdDrone-Local,2196,1,1,0,0,0,0,0.8328689932823181
video09,BirdDrone-Local,2197,1,1,0,0,0,0,0.8021025061607361
video09,BirdDrone-Local,2198,2,2,0,0,1,0,0.6424263715744019
video09,BirdDrone-Local,2199,1,1,0,0,0,0,0.4833511710166931
video09,BirdDrone-Local,2200,1,1,0,0,0,0,0.5299987196922302
video09,BirdDrone-Local,2201,1,1,0,0,0,0,0.5210061073303223
video09,BirdDrone-Local,2202,1,1,0,0,0,0,0.47226372361183167
video09,BirdDrone-Local,2203,1,1,0,0,0,0,0.6468742489814758
video09,BirdDrone-Local,2204,1,1,0,0,0,0,0.5098859667778015
video09,BirdDrone-Local,2205,1,1,0,0,0,0,0.5703060626983643
video09,BirdDrone-Local,2206,1,1,0,0,0,0,0.4027799665927887
video09,BirdDrone-Local,2207,1,1,0,0,0,0,0.38359394669532776
video09,BirdDrone-Local,2208,1,1,0,0,0,0,0.4653976857662201
video09,BirdDrone-Local,2209,1,1,0,0,0,0,0.6802506446838379
video09,BirdDrone-Local,2210,1,1,0,0,0,0,0.7308855056762695
video09,BirdDrone-Local,2211,1,1,0,0,0,0,0.7355132699012756
video09,BirdDrone-Local,2212,1,1,0,0,0,0,0.6937033534049988
video09,BirdDrone-Local,2213,1,1,0,0,0,0,0.552910566329956
video09,BirdDrone-Local,2214,1,1,0,0,0,0,0.5268846154212952
video09,BirdDrone-Local,2215,1,1,0,0,0,0,0.5048940777778625
video09,BirdDrone-Local,2216,1,1,0,0,0,0,0.5268650650978088
video09,BirdDrone-Local,2217,1,1,0,0,0,0,0.5470266938209534
video09,BirdDrone-Local,2218,1,1,0,0,0,0,0.6106734275817871
video09,BirdDrone-Local,2219,1,1,0,0,0,0,0.5006530284881592
video09,BirdDrone-Local,2220,1,1,0,0,0,0,0.5801557898521423
video09,BirdDrone-Local,2221,1,1,0,0,0,0,0.6023306846618652
video09,BirdDrone-Local,2222,1,1,0,0,0,0,0.3973367214202881
video09,BirdDrone-Local,2223,1,1,0,0,0,0,0.35808536410331726
video09,BirdDrone-Local,2224,1,1,0,0,0,0,0.5009033679962158
video09,BirdDrone-Local,2225,1,1,0,0,0,0,0.45860227942466736
video09,BirdDrone-Local,2226,1,1,0,0,0,0,0.7632391452789307
video09,BirdDrone-Local,2227,1,1,0,0,0,0,0.8131243586540222
video09,BirdDrone-Local,2228,2,2,0,0,1,0,0.43951448798179626
video09,BirdDrone-Local,2229,1,1,0,0,0,0,0.8670369982719421
video09,BirdDrone-Local,2230,1,1,0,0,0,0,0.8712929487228394
video09,BirdDrone-Local,2231,1,1,0,0,0,0,0.8671543002128601
video09,BirdDrone-Local,2232,2,2,0,0,1,0,0.8702525496482849
video09,BirdDrone-Local,2233,2,2,0,0,0,0,0.8616835474967957
video09,BirdDrone-Local,2234,1,1,0,0,0,0,0.8711516857147217
video09,BirdDrone-Local,2235,1,1,0,0,0,0,0.862852931022644
video09,BirdDrone-Local,2236,1,1,0,0,0,0,0.8759305477142334
video09,BirdDrone-Local,2237,1,1,0,0,0,0,0.8737357258796692
video09,BirdDrone-Local,2238,1,1,0,0,0,0,0.8602335453033447
video09,BirdDrone-Local,2239,1,1,0,0,0,0,0.864299476146698
video09,BirdDrone-Local,2240,2,2,0,0,1,0,0.8776370882987976
video09,BirdDrone-Local,2241,1,1,0,0,0,0,0.8854295015335083
video09,BirdDrone-Local,2242,2,2,0,0,1,0,0.8904948830604553
video09,BirdDrone-Local,2243,1,1,0,0,0,0,0.8943514823913574
video09,BirdDrone-Local,2244,2,2,0,0,1,0,0.8901967406272888
video09,BirdDrone-Local,2245,1,1,0,0,0,0,0.8882876038551331
video09,BirdDrone-Local,2246,2,2,0,0,1,0,0.8989093899726868
video09,BirdDrone-Local,2247,1,1,0,0,0,0,0.9019507169723511
video09,BirdDrone-Local,2248,1,1,0,0,0,0,0.9015933871269226
video09,BirdDrone-Local,2249,2,2,0,0,0,0,0.9027377367019653
video09,BirdDrone-Local,2250,2,2,0,0,0,0,0.9007676839828491
video09,BirdDrone-Local,2251,2,2,0,0,0,0,0.9020456671714783
video09,BirdDrone-Local,2252,1,1,0,0,0,0,0.9004256725311279
video09,BirdDrone-Local,2253,1,1,0,0,0,0,0.9029989242553711
video09,BirdDrone-Local,2254,1,1,0,0,0,0,0.8987806439399719
video09,BirdDrone-Local,2255,1,1,0,0,0,0,0.8960580825805664
video09,BirdDrone-Local,2256,1,1,0,0,0,0,0.8890502452850342
video09,BirdDrone-Local,2257,1,1,0,0,0,0,0.889030933380127
video09,BirdDrone-Local,2258,1,1,0,0,0,0,0.8956900835037231
video09,BirdDrone-Local,2259,1,1,0,0,0,0,0.8915907144546509
video09,BirdDrone-Local,2260,1,1,0,0,0,0,0.8949097990989685
video09,BirdDrone-Local,2261,2,2,0,0,0,0,0.886870265007019
video09,BirdDrone-Local,2262,1,1,0,0,0,0,0.8886595964431763
video09,BirdDrone-Local,2263,1,1,0,0,0,0,0.8903167247772217
video09,BirdDrone-Local,2264,1,1,0,0,0,0,0.8829329013824463
video09,BirdDrone-Local,2265,1,1,0,0,0,0,0.8708540797233582
video09,BirdDrone-Local,2266,1,1,0,0,0,0,0.8785421848297119
video09,BirdDrone-Local,2267,1,1,0,0,0,0,0.8622922897338867
video09,BirdDrone-Local,2268,1,1,0,0,0,0,0.8452274203300476
video09,BirdDrone-Local,2269,1,1,0,0,0,0,0.8524025678634644
video09,BirdDrone-Local,2270,1,1,0,0,0,0,0.8636736869812012
video09,BirdDrone-Local,2271,1,1,0,0,0,0,0.8405304551124573
video09,BirdDrone-Local,2272,1,1,0,0,0,0,0.8498344421386719
video09,BirdDrone-Local,2273,1,1,0,0,0,0,0.8580916523933411
video09,BirdDrone-Local,2274,1,1,0,0,0,0,0.8500791192054749
video09,BirdDrone-Local,2275,1,1,0,0,0,0,0.8375911712646484
video09,BirdDrone-Local,2276,1,1,0,0,0,0,0.8569253087043762
video09,BirdDrone-Local,2277,1,1,0,0,0,0,0.8525309562683105
video09,BirdDrone-Local,2278,1,1,0,0,0,0,0.8524371981620789
video09,BirdDrone-Local,2279,1,1,0,0,0,0,0.8461679816246033
video09,BirdDrone-Local,2280,1,1,0,0,0,0,0.8498218655586243
video09,BirdDrone-Local,2281,1,1,0,0,0,0,0.8471090793609619
video09,BirdDrone-Local,2282,1,1,0,0,0,0,0.854148268699646
video09,BirdDrone-Local,2283,1,1,0,0,0,0,0.8592492341995239
video09,BirdDrone-Local,2284,1,1,0,0,0,0,0.8577451705932617
video09,BirdDrone-Local,2285,1,1,0,0,0,0,0.8628950119018555
video09,BirdDrone-Local,2286,1,1,0,0,0,0,0.8618487119674683
video09,BirdDrone-Local,2287,1,1,0,0,0,0,0.8703760504722595
video09,BirdDrone-Local,2288,1,1,0,0,0,0,0.8666914105415344
video09,BirdDrone-Local,2289,1,1,0,0,0,0,0.8656687140464783
video09,BirdDrone-Local,2290,1,1,0,0,0,0,0.87450110912323
video09,BirdDrone-Local,2291,1,1,0,0,0,0,0.8783641457557678
video09,BirdDrone-Local,2292,1,1,0,0,0,0,0.781086266040802
video09,BirdDrone-Local,2293,2,2,0,0,0,0,0.5982603430747986
video09,BirdDrone-Local,2294,2,2,0,0,0,0,0.6760061383247375
video09,BirdDrone-Local,2295,1,1,0,0,0,0,0.8324059844017029
video09,BirdDrone-Local,2296,1,1,0,0,0,0,0.8366142511367798
video09,BirdDrone-Local,2297,1,1,0,0,0,0,0.8392664790153503
video09,BirdDrone-Local,2298,1,1,0,0,0,0,0.8496339917182922
video09,BirdDrone-Local,2299,1,1,0,0,0,0,0.8415315747261047
video09,BirdDrone-Local,2300,1,1,0,0,0,0,0.8449850082397461
video09,BirdDrone-Local,2301,1,1,0,0,0,0,0.8455443978309631
video09,BirdDrone-Local,2302,1,1,0,0,0,0,0.839968204498291
video09,BirdDrone-Local,2303,1,1,0,0,0,0,0.8504545092582703
video09,BirdDrone-Local,2304,1,1,0,0,0,0,0.8505532741546631
video09,BirdDrone-Local,2305,1,1,0,0,0,0,0.8516742587089539
video09,BirdDrone-Local,2306,1,1,0,0,0,0,0.8619592189788818
video09,BirdDrone-Local,2307,1,1,0,0,0,0,0.8665104508399963
video09,BirdDrone-Local,2308,1,1,0,0,0,0,0.8674721121788025
video09,BirdDrone-Local,2309,1,1,0,0,0,0,0.8669812679290771
video09,BirdDrone-Local,2310,1,1,0,0,0,0,0.8657106161117554
video09,BirdDrone-Local,2311,1,1,0,0,0,0,0.8631365299224854
video09,BirdDrone-Local,2312,1,1,0,0,0,0,0.865327000617981
video09,BirdDrone-Local,2313,1,1,0,0,0,0,0.8715519309043884
video09,BirdDrone-Local,2314,1,1,0,0,0,0,0.8722441792488098
video09,BirdDrone-Local,2315,1,1,0,0,0,0,0.8694740533828735
video09,BirdDrone-Local,2316,1,1,0,0,0,0,0.8672100901603699
video09,BirdDrone-Local,2317,1,1,0,0,0,0,0.8748621940612793
video09,BirdDrone-Local,2318,1,1,0,0,0,0,0.8773512244224548
video09,BirdDrone-Local,2319,1,1,0,0,0,0,0.8786327242851257
video09,BirdDrone-Local,2320,1,1,0,0,0,0,0.8694049715995789
video09,BirdDrone-Local,2321,1,1,0,0,0,0,0.8725989460945129
video09,BirdDrone-Local,2322,1,1,0,0,0,0,0.8781992793083191
video09,BirdDrone-Local,2323,1,1,0,0,0,0,0.8765276670455933
video09,BirdDrone-Local,2324,1,1,0,0,0,0,0.8724302649497986
video09,BirdDrone-Local,2325,1,1,0,0,0,0,0.872262179851532
video09,BirdDrone-Local,2326,1,1,0,0,0,0,0.8734087347984314
video09,BirdDrone-Local,2327,1,1,0,0,0,0,0.8716790080070496
video09,BirdDrone-Local,2328,1,1,0,0,0,0,0.8771842122077942
video09,BirdDrone-Local,2329,1,1,0,0,0,0,0.885753870010376
video09,BirdDrone-Local,2330,1,1,0,0,0,0,0.8890485763549805
video09,BirdDrone-Local,2331,1,1,0,0,0,0,0.8879114389419556
video09,BirdDrone-Local,2332,1,1,0,0,0,0,0.8923301100730896
video09,BirdDrone-Local,2333,1,1,0,0,0,0,0.9010457396507263
video09,BirdDrone-Local,2334,1,1,0,0,0,0,0.9187334775924683
video09,BirdDrone-Local,2335,1,1,0,0,0,0,0.9206243753433228
video09,BirdDrone-Local,2336,1,1,0,0,0,0,0.9242922067642212
video09,BirdDrone-Local,2337,1,1,0,0,0,0,0.9238885641098022
video09,BirdDrone-Local,2338,1,1,0,0,0,0,0.9244558811187744
video09,BirdDrone-Local,2339,1,1,0,0,0,0,0.8699927926063538
video09,BirdDrone-Local,2340,1,1,0,0,0,0,0.7570831775665283
video09,BirdDrone-Local,2341,1,1,0,0,0,0,0.8728751540184021
video09,BirdDrone-Local,2342,1,1,0,0,0,0,0.8811761736869812
video09,BirdDrone-Local,2343,1,1,0,0,0,0,0.8785578012466431
video09,BirdDrone-Local,2344,1,1,0,0,0,0,0.8831179141998291
video09,BirdDrone-Local,2345,1,1,0,0,0,0,0.8825331330299377
video09,BirdDrone-Local,2346,1,1,0,0,0,0,0.8863551616668701
video09,BirdDrone-Local,2347,1,1,0,0,0,0,0.880395233631134
video09,BirdDrone-Local,2348,1,1,0,0,0,0,0.8849119544029236
video09,BirdDrone-Local,2349,1,1,0,0,0,0,0.8908782005310059
video09,BirdDrone-Local,2350,1,1,0,0,0,0,0.8929491639137268
video09,BirdDrone-Local,2351,1,1,0,0,0,0,0.9006653428077698
video09,BirdDrone-Local,2352,1,1,0,0,0,0,0.9005327224731445
video09,BirdDrone-Local,2353,1,1,0,0,0,0,0.8960906863212585
video09,BirdDrone-Local,2354,1,1,0,0,0,0,0.8912873268127441
video09,BirdDrone-Local,2355,1,1,0,0,0,0,0.8884759545326233
video09,BirdDrone-Local,2356,1,1,0,0,0,0,0.8985899686813354
video09,BirdDrone-Local,2357,1,1,0,0,0,0,0.8969470858573914
video09,BirdDrone-Local,2358,1,1,0,0,0,0,0.8962196707725525
video09,BirdDrone-Local,2359,1,1,0,0,0,0,0.9014366269111633
video09,BirdDrone-Local,2360,1,1,0,0,0,0,0.901583731174469
video09,BirdDrone-Local,2361,1,1,0,0,0,0,0.9061469435691833
video09,BirdDrone-Local,2362,1,1,0,0,0,0,0.9102973937988281
video09,BirdDrone-Local,2363,1,1,0,0,0,0,0.9128994941711426
video09,BirdDrone-Local,2364,1,1,0,0,0,0,0.9192184209823608
video09,BirdDrone-Local,2365,1,1,0,0,0,0,0.9172822833061218
video09,BirdDrone-Local,2366,1,1,0,0,0,0,0.6415225863456726
video09,BirdDrone-Local,2367,1,1,0,0,0,0,0.8813809156417847
video09,BirdDrone-Local,2368,1,1,0,0,0,0,0.8884168863296509
video09,BirdDrone-Local,2369,1,1,0,0,0,0,0.8886945247650146
video09,BirdDrone-Local,2370,1,1,0,0,0,0,0.8914996385574341
video09,BirdDrone-Local,2371,1,1,0,0,0,0,0.8925115466117859
video09,BirdDrone-Local,2372,1,1,0,0,0,0,0.8935436010360718
video09,BirdDrone-Local,2373,1,1,0,0,0,0,0.89704829454422
video09,BirdDrone-Local,2374,1,1,0,0,0,0,0.9021140336990356
video09,BirdDrone-Local,2375,1,1,0,0,0,0,0.9068904519081116
video09,BirdDrone-Local,2376,1,1,0,0,0,0,0.9099888205528259
video09,BirdDrone-Local,2377,1,1,0,0,0,0,0.9098125100135803
video09,BirdDrone-Local,2378,1,1,0,0,0,0,0.9097989201545715
video09,BirdDrone-Local,2379,1,1,0,0,0,0,0.9075635671615601
video09,BirdDrone-Local,2380,1,1,0,0,0,0,0.9065725207328796
video09,BirdDrone-Local,2381,1,1,0,0,0,0,0.9100229740142822
video09,BirdDrone-Local,2382,1,1,0,0,0,0,0.909005880355835
video09,BirdDrone-Local,2383,1,1,0,0,0,0,0.9127611517906189
video09,BirdDrone-Local,2384,1,1,0,0,0,0,0.9162784218788147
video09,BirdDrone-Local,2385,1,1,0,0,0,0,0.9202255010604858
video09,BirdDrone-Local,2386,1,1,0,0,0,0,0.9223387241363525
video09,BirdDrone-Local,2387,1,1,0,0,0,0,0.9223415851593018
video09,BirdDrone-Local,2388,1,1,0,0,0,0,0.9216639399528503
video09,BirdDrone-Local,2389,1,1,0,0,0,0,0.9175387620925903
video09,BirdDrone-Local,2390,1,1,0,0,0,0,0.5988389849662781
video09,BirdDrone-Local,2391,1,1,0,0,0,0,0.8746861219406128
video09,BirdDrone-Local,2392,1,1,0,0,0,0,0.8855712413787842
video09,BirdDrone-Local,2393,1,1,0,0,0,0,0.8849265575408936
video09,BirdDrone-Local,2394,1,1,0,0,0,0,0.8851240277290344
video09,BirdDrone-Local,2395,1,1,0,0,0,0,0.8874686360359192
video09,BirdDrone-Local,2396,2,2,0,0,1,0,0.8942516446113586
video09,BirdDrone-Local,2397,1,1,0,0,0,0,0.8945749402046204
video09,BirdDrone-Local,2398,2,2,0,0,1,0,0.9004361629486084
video09,BirdDrone-Local,2399,2,2,0,0,1,0,0.9011778831481934
video09,BirdDrone-Local,2400,1,1,0,0,0,0,0.9012383222579956
video09,BirdDrone-Local,2401,1,1,0,0,0,0,0.9061579704284668
video09,BirdDrone-Local,2402,1,1,0,0,0,0,0.9040712714195251
video09,BirdDrone-Local,2403,1,1,0,0,0,0,0.908250629901886
video09,BirdDrone-Local,2404,1,1,0,0,0,0,0.9091382026672363
video09,BirdDrone-Local,2405,1,1,0,0,0,0,0.8891564607620239
video09,BirdDrone-Local,2406,1,1,0,0,0,0,0.8889203667640686
video09,BirdDrone-Local,2407,1,1,0,0,0,0,0.8701871633529663
video09,BirdDrone-Local,2408,1,1,0,0,0,0,0.6930640935897827
video09,BirdDrone-Local,2409,1,1,0,0,0,0,0.8818881511688232
video09,BirdDrone-Local,2410,0,0,0,0,0,0,0.0
video09,BirdDrone-Local,2411,1,1,0,0,0,0,0.7923479676246643
video09,BirdDrone-Local,2412,1,1,0,0,0,0,0.866024911403656
video09,BirdDrone-Local,2413,1,1,0,0,0,0,0.8626955151557922
video09,BirdDrone-Local,2414,1,1,0,0,0,0,0.8630577325820923
video09,BirdDrone-Local,2415,1,1,0,0,0,0,0.8616010546684265
video09,BirdDrone-Local,2416,1,1,0,0,0,0,0.8737967014312744
video09,BirdDrone-Local,2417,1,1,0,0,0,0,0.8730082511901855
video09,BirdDrone-Local,2418,1,1,0,0,0,0,0.8766637444496155
video09,BirdDrone-Local,2419,1,1,0,0,0,0,0.8769163489341736
video09,BirdDrone-Local,2420,1,1,0,0,0,0,0.8811631798744202
video09,BirdDrone-Local,2421,1,1,0,0,0,0,0.882424533367157
video09,BirdDrone-Local,2422,1,1,0,0,0,0,0.8776648044586182
video09,BirdDrone-Local,2423,1,1,0,0,0,0,0.8779981732368469
video09,BirdDrone-Local,2424,1,1,0,0,0,0,0.8765241503715515
video09,BirdDrone-Local,2425,1,1,0,0,0,0,0.8729426860809326
video09,BirdDrone-Local,2426,1,1,0,0,0,0,0.8768130540847778
video09,BirdDrone-Local,2427,1,1,0,0,0,0,0.8672541975975037
video09,BirdDrone-Local,2428,1,1,0,0,0,0,0.8729825615882874
video09,BirdDrone-Local,2429,2,2,0,0,1,0,0.8726133108139038
video09,BirdDrone-Local,2430,1,1,0,0,0,0,0.8629469275474548
video09,BirdDrone-Local,2431,1,1,0,0,0,0,0.8585525751113892
video09,BirdDrone-Local,2432,1,1,0,0,0,0,0.856627345085144
video09,BirdDrone-Local,2433,1,1,0,0,0,0,0.8412194848060608
video09,BirdDrone-Local,2434,1,1,0,0,0,0,0.8266354203224182
video09,BirdDrone-Local,2435,1,1,0,0,0,0,0.8183985352516174
video09,BirdDrone-Local,2436,1,1,0,0,0,0,0.8112932443618774
video09,BirdDrone-Local,2437,1,1,0,0,0,0,0.8194949626922607
video09,BirdDrone-Local,2438,1,1,0,0,0,0,0.7960202693939209
video09,BirdDrone-Local,2439,1,1,0,0,0,0,0.790659487247467
video09,BirdDrone-Local,2440,1,1,0,0,0,0,0.7926477193832397
video09,BirdDrone-Local,2441,1,1,0,0,0,0,0.8003140091896057
video09,BirdDrone-Local,2442,1,1,0,0,0,0,0.7704863548278809
video09,BirdDrone-Local,2443,1,1,0,0,0,0,0.7821009755134583
video09,BirdDrone-Local,2444,1,1,0,0,0,0,0.7709508538246155
video09,BirdDrone-Local,2445,1,1,0,0,0,0,0.7769767642021179
video09,BirdDrone-Local,2446,1,1,0,0,0,0,0.7725816369056702
video09,BirdDrone-Local,2447,1,1,0,0,0,0,0.7744168639183044
video09,BirdDrone-Local,2448,1,1,0,0,0,0,0.7789650559425354
video09,BirdDrone-Local,2449,1,1,0,0,0,0,0.7823671102523804
video09,BirdDrone-Local,2450,1,1,0,0,0,0,0.7991290092468262
video09,BirdDrone-Local,2451,1,1,0,0,0,0,0.7951013445854187
video09,BirdDrone-Local,2452,1,1,0,0,0,0,0.7957396507263184
video09,BirdDrone-Local,2453,1,1,0,0,0,0,0.7835243940353394
video09,BirdDrone-Local,2454,1,1,0,0,0,0,0.7805326581001282
video09,BirdDrone-Local,2455,1,1,0,0,0,0,0.7749910950660706
video09,BirdDrone-Local,2456,1,1,0,0,0,0,0.7876084446907043
video09,BirdDrone-Local,2457,1,1,0,0,0,0,0.8075025081634521
video09,BirdDrone-Local,2458,1,1,0,0,0,0,0.8243449926376343
video09,BirdDrone-Local,2459,1,1,0,0,0,0,0.836857259273529
video09,BirdDrone-Local,2460,1,1,0,0,0,0,0.8563739657402039
video09,BirdDrone-Local,2461,1,1,0,0,0,0,0.8520233035087585
video09,BirdDrone-Local,2462,1,1,0,0,0,0,0.8603630065917969
video09,BirdDrone-Local,2463,1,1,0,0,0,0,0.8641208410263062
video09,BirdDrone-Local,2464,1,1,0,0,0,0,0.8706400394439697
video09,BirdDrone-Local,2465,1,1,0,0,0,0,0.8640342950820923
video09,BirdDrone-Local,2466,1,1,0,0,0,0,0.8727340698242188
video09,BirdDrone-Local,2467,1,1,0,0,0,0,0.8746671080589294
video09,BirdDrone-Local,2468,1,1,0,0,0,0,0.8758504986763
video09,BirdDrone-Local,2469,1,1,0,0,0,0,0.8768906593322754
video09,BirdDrone-Local,2470,1,1,0,0,0,0,0.877661406993866
video09,BirdDrone-Local,2471,1,1,0,0,0,0,0.8836162090301514
video09,BirdDrone-Local,2472,1,1,0,0,0,0,0.8795057535171509
video09,BirdDrone-Local,2473,1,1,0,0,0,0,0.8780118823051453
video09,BirdDrone-Local,2474,1,1,0,0,0,0,0.8844720721244812
video09,BirdDrone-Local,2475,1,1,0,0,0,0,0.8843728303909302
video09,BirdDrone-Local,2476,2,2,0,0,1,0,0.8838450908660889
video09,BirdDrone-Local,2477,2,2,0,0,1,0,0.8836032748222351
video09,BirdDrone-Local,2478,1,1,0,0,0,0,0.8804085850715637
video09,BirdDrone-Local,2479,1,1,0,0,0,0,0.8889861702919006
video09,BirdDrone-Local,2480,1,1,0,0,0,0,0.8828836679458618
video09,BirdDrone-Local,2481,1,1,0,0,0,0,0.8841251134872437
video09,BirdDrone-Local,2482,1,1,0,0,0,0,0.8872828483581543
video09,BirdDrone-Local,2483,1,1,0,0,0,0,0.8880781531333923
video09,BirdDrone-Local,2484,1,1,0,0,0,0,0.8824644088745117
video09,BirdDrone-Local,2485,1,1,0,0,0,0,0.7978219389915466
video09,BirdDrone-Local,2486,1,1,0,0,0,0,0.9115228652954102
video09,BirdDrone-Local,2487,1,1,0,0,0,0,0.9146547913551331
video09,BirdDrone-Local,2488,1,1,0,0,0,0,0.9072163701057434
video09,BirdDrone-Local,2489,1,1,0,0,0,0,0.9065254926681519
video09,BirdDrone-Local,2490,1,1,0,0,0,0,0.9091582894325256
video09,BirdDrone-Local,2491,1,1,0,0,0,0,0.9095614552497864
video09,BirdDrone-Local,2492,1,1,0,0,0,0,0.9073852896690369
video09,BirdDrone-Local,2493,1,1,0,0,0,0,0.9071200489997864
video09,BirdDrone-Local,2494,1,1,0,0,0,0,0.9045155048370361
video09,BirdDrone-Local,2495,1,1,0,0,0,0,0.9073522090911865
video09,BirdDrone-Local,2496,1,1,0,0,0,0,0.9031680822372437
video09,BirdDrone-Local,2497,1,1,0,0,0,0,0.9050242304801941
video09,BirdDrone-Local,2498,1,1,0,0,0,0,0.9075267910957336
video09,BirdDrone-Local,2499,1,1,0,0,0,0,0.9043357968330383
