video,model,frame,detections,drone_det,bird_det,false_class,low_conf_fp,tp_iou,max_conf
video13,TriClass-Cloud,0,1,1,0,0,0,1,0.6587526798248291
video13,TriClass-Cloud,1,1,1,0,0,0,0,0.6736664175987244
video13,TriClass-Cloud,2,1,1,0,0,0,0,0.7073896527290344
video13,TriClass-Cloud,3,1,1,0,0,0,0,0.787076473236084
video13,TriClass-Cloud,4,1,1,0,0,0,0,0.7756766676902771
video13,TriClass-Cloud,5,1,1,0,0,0,0,0.702820360660553
video13,TriClass-Cloud,6,1,1,0,0,0,0,0.5568994879722595
video13,TriClass-Cloud,7,1,1,0,0,0,0,0.7245224714279175
video13,TriClass-Cloud,8,1,1,0,0,0,0,0.7595066428184509
video13,TriClass-Cloud,9,1,1,0,0,0,0,0.7810994982719421
video13,TriClass-Cloud,10,1,1,0,0,0,0,0.769140899181366
video13,TriClass-Cloud,11,1,1,0,0,0,0,0.7587742805480957
video13,TriClass-Cloud,12,1,1,0,0,0,0,0.7783075571060181
video13,TriClass-Cloud,13,1,1,0,0,0,0,0.7821850180625916
video13,TriClass-Cloud,14,1,1,0,0,0,0,0.7704243063926697
video13,TriClass-Cloud,15,1,1,0,0,0,0,0.809913694858551
video13,TriClass-Cloud,16,1,1,0,0,0,0,0.816286027431488
video13,TriClass-Cloud,17,2,2,0,0,0,0,0.6117669939994812
video13,TriClass-Cloud,18,1,1,0,0,0,0,0.7803918123245239
video13,TriClass-Cloud,19,1,1,0,0,0,0,0.7182579636573792
video13,TriClass-Cloud,20,2,2,0,0,0,0,0.5640303492546082
video13,TriClass-Cloud,21,1,1,0,0,0,0,0.7998560667037964
video13,TriClass-Cloud,22,1,1,0,0,0,0,0.7798242568969727
video13,TriClass-Cloud,23,1,1,0,0,0,0,0.7732571959495544
video13,TriClass-Cloud,24,2,2,0,0,1,0,0.7408725619316101
video13,TriClass-Cloud,25,1,1,0,0,0,0,0.7800626158714294
video13,TriClass-Cloud,26,1,1,0,0,0,0,0.8276682496070862
video13,TriClass-Cloud,27,2,2,0,0,1,0,0.7528663277626038
video13,TriClass-Cloud,28,1,1,0,0,0,0,0.8081952929496765
video13,TriClass-Cloud,29,1,1,0,0,0,0,0.835261881351471
video13,TriClass-Cloud,30,1,1,0,0,0,0,0.7730633616447449
video13,TriClass-Cloud,31,1,1,0,0,0,0,0.8376941680908203
video13,TriClass-Cloud,32,1,1,0,0,0,0,0.8029753565788269
video13,TriClass-Cloud,33,1,1,0,0,0,0,0.7966233491897583
video13,TriClass-Cloud,34,1,1,0,0,0,0,0.7965646982192993
video13,TriClass-Cloud,35,1,1,0,0,0,0,0.7647117972373962
video13,TriClass-Cloud,36,1,1,0,0,0,0,0.703687846660614
video13,TriClass-Cloud,37,1,1,0,0,0,0,0.6886557340621948
video13,TriClass-Cloud,38,1,1,0,0,0,0,0.6030181050300598
video13,TriClass-Cloud,39,1,1,0,0,0,0,0.6339297890663147
video13,TriClass-Cloud,40,2,2,0,0,0,0,0.4674527049064636
video13,TriClass-Cloud,41,1,1,0,0,0,0,0.7395699620246887
video13,TriClass-Cloud,42,1,1,0,0,0,0,0.7047649025917053
video13,TriClass-Cloud,43,1,1,0,0,0,0,0.5910784602165222
video13,TriClass-Cloud,44,1,1,0,0,0,0,0.7690520882606506
video13,TriClass-Cloud,45,1,1,0,0,0,0,0.6929925084114075
video13,TriClass-Cloud,46,1,1,0,0,0,0,0.6648055911064148
video13,TriClass-Cloud,47,1,1,0,0,0,0,0.6949781179428101
video13,TriClass-Cloud,48,1,1,0,0,0,0,0.5631794929504395
video13,TriClass-Cloud,49,1,1,0,0,0,0,0.6701889038085938
video13,TriClass-Cloud,50,0,0,0,0,0,0,0.0
video13,TriClass-Cloud,51,2,2,0,0,1,0,0.45580244064331055
video13,TriClass-Cloud,52,1,1,0,0,0,0,0.6756912469863892
video13,TriClass-Cloud,53,1,1,0,0,0,0,0.7662994265556335
video13,TriClass-Cloud,54,1,1,0,0,0,0,0.7562325596809387
video13,TriClass-Cloud,55,1,1,0,0,0,0,0.7781597375869751
video13,TriClass-Cloud,56,1,1,0,0,0,0,0.5649760365486145
video13,TriClass-Cloud,57,1,1,0,0,0,0,0.7618096470832825
video13,TriClass-Cloud,58,1,1,0,0,0,0,0.4689241349697113
video13,TriClass-Cloud,59,1,1,0,0,1,0,0.34648236632347107
video13,TriClass-Cloud,60,2,2,0,0,0,0,0.41939249634742737
video13,TriClass-Cloud,61,1,1,0,0,0,0,0.5810437202453613
video13,TriClass-Cloud,62,1,1,0,0,0,0,0.49134907126426697
video13,TriClass-Cloud,63,1,1,0,0,0,0,0.6667405366897583
video13,TriClass-Cloud,64,1,1,0,0,1,0,0.337453156709671
video13,TriClass-Cloud,65,1,1,0,0,0,0,0.6089863777160645
video13,TriClass-Cloud,66,0,0,0,0,0,0,0.0
video13,TriClass-Cloud,67,0,0,0,0,0,0,0.0
video13,TriClass-Cloud,68,0,0,0,0,0,0,0.0
video13,TriClass-Cloud,69,0,0,0,0,0,0,0.0
video13,TriClass-Cloud,70,0,0,0,0,0,0,0.0
video13,TriClass-Cloud,71,0,0,0,0,0,0,0.0
video13,TriClass-Cloud,72,0,0,0,0,0,0,0.0
video13,TriClass-Cloud,73,1,1,0,0,1,0,0.3232589662075043
video13,TriClass-Cloud,74,1,1,0,0,0,0,0.6472434997558594
video13,TriClass-Cloud,75,1,1,0,0,0,0,0.5424261093139648
video13,TriClass-Cloud,76,1,1,0,0,0,0,0.6317082643508911
video13,TriClass-Cloud,77,1,1,0,0,0,0,0.5186583995819092
video13,TriClass-Cloud,78,1,1,0,0,0,0,0.4970249533653259
video13,TriClass-Cloud,79,1,1,0,0,0,0,0.5134602189064026
video13,TriClass-Cloud,80,1,1,0,0,0,0,0.5428450703620911
video13,TriClass-Cloud,81,1,1,0,0,0,0,0.4675571918487549
video13,TriClass-Cloud,82,1,1,0,0,0,0,0.43946918845176697
video13,TriClass-Cloud,83,1,1,0,0,0,0,0.5383665561676025
video13,TriClass-Cloud,84,1,1,0,0,0,0,0.5205100178718567
video13,TriClass-Cloud,85,1,1,0,0,0,0,0.4273509681224823
video13,TriClass-Cloud,86,1,1,0,0,0,0,0.5603144764900208
video13,TriClass-Cloud,87,1,1,0,0,0,0,0.526418149471283
video13,TriClass-Cloud,88,1,1,0,0,0,0,0.5861471891403198
video13,TriClass-Cloud,89,1,1,0,0,0,0,0.5214220285415649
video13,TriClass-Cloud,90,1,1,0,0,0,0,0.49885037541389465
video13,TriClass-Cloud,91,1,1,0,0,0,0,0.7198352217674255
video13,TriClass-Cloud,92,1,1,0,0,0,0,0.6166651248931885
video13,TriClass-Cloud,93,1,1,0,0,0,0,0.7045902609825134
video13,TriClass-Cloud,94,1,1,0,0,0,0,0.518435001373291
video13,TriClass-Cloud,95,1,1,0,0,0,0,0.5244662761688232
video13,TriClass-Cloud,96,1,1,0,0,0,0,0.6241607666015625
video13,TriClass-Cloud,97,1,1,0,0,0,0,0.7197291851043701
video13,TriClass-Cloud,98,1,1,0,0,0,0,0.6465765833854675
video13,TriClass-Cloud,99,1,1,0,0,0,0,0.7016236186027527
video13,TriClass-Cloud,100,1,1,0,0,0,0,0.7164843082427979
video13,TriClass-Cloud,101,2,2,0,0,1,0,0.6188209652900696
video13,TriClass-Cloud,102,1,1,0,0,0,0,0.6985162496566772
video13,TriClass-Cloud,103,1,1,0,0,0,0,0.7431502938270569
video13,TriClass-Cloud,104,1,1,0,0,0,0,0.7216317057609558
video13,TriClass-Cloud,105,2,2,0,0,0,0,0.5624653100967407
video13,TriClass-Cloud,106,1,1,0,0,0,0,0.771320104598999
video13,TriClass-Cloud,107,2,2,0,0,0,0,0.5904889106750488
video13,TriClass-Cloud,108,1,1,0,0,0,0,0.6901232600212097
video13,TriClass-Cloud,109,1,1,0,0,0,0,0.6905226111412048
video13,TriClass-Cloud,110,1,1,0,0,0,0,0.7266207933425903
video13,TriClass-Cloud,111,1,1,0,0,0,0,0.7797530293464661
video13,TriClass-Cloud,112,1,1,0,0,0,0,0.7802029848098755
video13,TriClass-Cloud,113,1,1,0,0,0,0,0.6557250618934631
video13,TriClass-Cloud,114,1,1,0,0,0,0,0.7350726127624512
video13,TriClass-Cloud,115,1,1,0,0,0,0,0.6612020134925842
video13,TriClass-Cloud,116,1,1,0,0,0,0,0.6972718238830566
video13,TriClass-Cloud,117,1,1,0,0,0,0,0.3741891086101532
video13,TriClass-Cloud,118,0,0,0,0,0,0,0.0
video13,TriClass-Cloud,119,0,0,0,0,0,0,0.0
video13,TriClass-Cloud,120,0,0,0,0,0,0,0.0
video13,TriClass-Cloud,121,0,0,0,0,0,0,0.0
video13,TriClass-Cloud,122,1,1,0,0,0,0,0.5291662216186523
video13,TriClass-Cloud,123,1,1,0,0,0,0,0.7380275726318359
video13,TriClass-Cloud,124,1,1,0,0,0,0,0.6306806802749634
video13,TriClass-Cloud,125,0,0,0,0,0,0,0.0
video13,TriClass-Cloud,126,1,1,0,0,0,0,0.6268369555473328
video13,TriClass-Cloud,127,1,1,0,0,0,0,0.6899963617324829
video13,TriClass-Cloud,128,1,1,0,0,0,0,0.7264806032180786
video13,TriClass-Cloud,129,0,0,0,0,0,0,0.0
video13,TriClass-Cloud,130,0,0,0,0,0,0,0.0
video13,TriClass-Cloud,131,0,0,0,0,0,0,0.0
video13,TriClass-Cloud,132,1,1,0,0,0,0,0.3912697732448578
video13,TriClass-Cloud,133,1,1,0,0,0,0,0.7527854442596436
video13,TriClass-Cloud,134,1,1,0,0,0,0,0.5710694193840027
video13,TriClass-Cloud,135,2,2,0,0,0,0,0.5446852445602417
video13,TriClass-Cloud,136,1,1,0,0,0,0,0.7916215062141418
video13,TriClass-Cloud,137,1,1,0,0,0,0,0.7682766318321228
video13,TriClass-Cloud,138,1,1,0,0,0,0,0.7875685691833496
video13,TriClass-Cloud,139,1,1,0,0,0,0,0.7309674620628357
video13,TriClass-Cloud,140,1,1,0,0,0,0,0.5311650633811951
video13,TriClass-Cloud,141,1,1,0,0,0,0,0.6908972859382629
video13,TriClass-Cloud,142,1,1,0,0,0,0,0.7745836973190308
video13,TriClass-Cloud,143,1,1,0,0,0,0,0.5754782557487488
video13,TriClass-Cloud,144,1,1,0,0,0,0,0.6813163161277771
video13,TriClass-Cloud,145,1,1,0,0,0,0,0.7786473631858826
video13,TriClass-Cloud,146,1,1,0,0,0,0,0.7111645340919495
video13,TriClass-Cloud,147,1,1,0,0,0,0,0.7500289082527161
video13,TriClass-Cloud,148,1,1,0,0,0,0,0.7850943207740784
video13,TriClass-Cloud,149,1,1,0,0,0,0,0.7639421820640564
video13,TriClass-Cloud,150,1,1,0,0,0,0,0.7968425154685974
video13,TriClass-Cloud,151,1,1,0,0,0,0,0.7639865875244141
video13,TriClass-Cloud,152,1,1,0,0,0,0,0.7254190444946289
video13,TriClass-Cloud,153,1,1,0,0,0,0,0.7385545372962952
video13,TriClass-Cloud,154,1,1,0,0,0,0,0.7665236592292786
video13,TriClass-Cloud,155,1,1,0,0,0,0,0.7656033039093018
video13,TriClass-Cloud,156,1,1,0,0,0,0,0.7576974034309387
video13,TriClass-Cloud,157,1,1,0,0,0,0,0.7177960872650146
video13,TriClass-Cloud,158,1,1,0,0,0,0,0.6023062467575073
video13,TriClass-Cloud,159,1,1,0,0,0,0,0.7157655954360962
video13,TriClass-Cloud,160,1,1,0,0,0,0,0.7446128726005554
video13,TriClass-Cloud,161,1,1,0,0,0,0,0.728313684463501
video13,TriClass-Cloud,162,1,1,0,0,0,0,0.7551178336143494
video13,TriClass-Cloud,163,1,1,0,0,0,0,0.7464845776557922
video13,TriClass-Cloud,164,1,1,0,0,0,0,0.7315860390663147
video13,TriClass-Cloud,165,1,1,0,0,0,0,0.6914358735084534
video13,TriClass-Cloud,166,1,1,0,0,0,0,0.654405415058136
video13,TriClass-Cloud,167,1,1,0,0,0,0,0.5463634133338928
video13,TriClass-Cloud,168,1,1,0,0,0,0,0.529369592666626
video13,TriClass-Cloud,169,1,1,0,0,0,0,0.5537588596343994
video13,TriClass-Cloud,170,1,1,0,0,0,0,0.4229184091091156
video13,TriClass-Cloud,171,1,1,0,0,0,0,0.5170217752456665
video13,TriClass-Cloud,172,1,1,0,0,0,0,0.5151339769363403
video13,TriClass-Cloud,173,1,1,0,0,0,0,0.4832949936389923
video13,TriClass-Cloud,174,1,1,0,0,0,0,0.6835644841194153
video13,TriClass-Cloud,175,1,1,0,0,0,0,0.6104700565338135
video13,TriClass-Cloud,176,1,1,0,0,0,0,0.3640972375869751
video13,TriClass-Cloud,177,1,1,0,0,0,0,0.6232069134712219
video13,TriClass-Cloud,178,1,1,0,0,0,0,0.5951606631278992
video13,TriClass-Cloud,179,1,1,0,0,1,0,0.34523332118988037
video13,TriClass-Cloud,180,1,1,0,0,0,0,0.5538814067840576
video13,TriClass-Cloud,181,1,1,0,0,0,0,0.4081569314002991
video13,TriClass-Cloud,182,1,1,0,0,0,0,0.54893559217453
video13,TriClass-Cloud,183,0,0,0,0,0,0,0.0
video13,TriClass-Cloud,184,0,0,0,0,0,0,0.0
video13,TriClass-Cloud,185,0,0,0,0,0,0,0.0
video13,TriClass-Cloud,186,0,0,0,0,0,0,0.0
video13,TriClass-Cloud,187,1,1,0,0,0,0,0.3923127353191376
video13,TriClass-Cloud,188,0,0,0,0,0,0,0.0
video13,TriClass-Cloud,189,1,1,0,0,1,0,0.26123061776161194
video13,TriClass-Cloud,190,1,1,0,0,1,0,0.2901886999607086
video13,TriClass-Cloud,191,1,1,0,0,0,0,0.4203823208808899
video13,TriClass-Cloud,192,0,0,0,0,0,0,0.0
video13,TriClass-Cloud,193,0,0,0,0,0,0,0.0
video13,TriClass-Cloud,194,0,0,0,0,0,0,0.0
video13,TriClass-Cloud,195,1,1,0,0,0,0,0.38363251090049744
video13,TriClass-Cloud,196,1,1,0,0,0,0,0.6059253215789795
video13,TriClass-Cloud,197,1,1,0,0,0,0,0.5220829844474792
video13,TriClass-Cloud,198,1,1,0,0,0,0,0.3859015703201294
video13,TriClass-Cloud,199,1,1,0,0,0,0,0.5847809314727783
video13,TriClass-Cloud,200,1,1,0,0,0,0,0.47423240542411804
video13,TriClass-Cloud,201,1,1,0,0,0,0,0.38036349415779114
video13,TriClass-Cloud,202,1,1,0,0,0,0,0.3983410596847534
video13,TriClass-Cloud,203,0,0,0,0,0,0,0.0
video13,TriClass-Cloud,204,1,1,0,0,0,0,0.5126081109046936
video13,TriClass-Cloud,205,1,1,0,0,1,0,0.3225780725479126
video13,TriClass-Cloud,206,0,0,0,0,0,0,0.0
video13,TriClass-Cloud,207,0,0,0,0,0,0,0.0
video13,TriClass-Cloud,208,0,0,0,0,0,0,0.0
video13,TriClass-Cloud,209,0,0,0,0,0,0,0.0
video13,TriClass-Cloud,210,0,0,0,0,0,0,0.0
video13,TriClass-Cloud,211,1,1,0,0,0,0,0.6162664890289307
video13,TriClass-Cloud,212,1,1,0,0,0,0,0.5296069383621216
video13,TriClass-Cloud,213,1,1,0,0,0,0,0.4817873537540436
video13,TriClass-Cloud,214,1,1,0,0,0,0,0.6609376072883606
video13,TriClass-Cloud,215,1,1,0,0,0,0,0.5222015976905823
video13,TriClass-Cloud,216,1,1,0,0,0,0,0.5844154953956604
video13,TriClass-Cloud,217,1,1,0,0,0,0,0.4555456042289734
video13,TriClass-Cloud,218,1,1,0,0,0,0,0.4922279715538025
video13,TriClass-Cloud,219,0,0,0,0,0,0,0.0
video13,TriClass-Cloud,220,0,0,0,0,0,0,0.0
video13,TriClass-Cloud,221,1,1,0,0,0,0,0.607244610786438
video13,TriClass-Cloud,222,1,1,0,0,0,0,0.36353808641433716
video13,TriClass-Cloud,223,1,1,0,0,0,0,0.42251160740852356
video13,TriClass-Cloud,224,1,1,0,0,1,0,0.26222994923591614
video13,TriClass-Cloud,225,0,0,0,0,0,0,0.0
video13,TriClass-Cloud,226,0,0,0,0,0,0,0.0
video13,TriClass-Cloud,227,0,0,0,0,0,0,0.0
video13,TriClass-Cloud,228,0,0,0,0,0,0,0.0
video13,TriClass-Cloud,229,0,0,0,0,0,0,0.0
video13,TriClass-Cloud,230,0,0,0,0,0,0,0.0
video13,TriClass-Cloud,231,1,1,0,0,1,0,0.2552633285522461
video13,TriClass-Cloud,232,0,0,0,0,0,0,0.0
video13,TriClass-Cloud,233,0,0,0,0,0,0,0.0
video13,TriClass-Cloud,234,0,0,0,0,0,0,0.0
video13,TriClass-Cloud,235,0,0,0,0,0,0,0.0
video13,TriClass-Cloud,236,1,1,0,0,0,0,0.39066287875175476
video13,TriClass-Cloud,237,1,1,0,0,0,0,0.37128812074661255
video13,TriClass-Cloud,238,0,0,0,0,0,0,0.0
video13,TriClass-Cloud,239,0,0,0,0,0,0,0.0
video13,TriClass-Cloud,240,0,0,0,0,0,0,0.0
video13,TriClass-Cloud,241,0,0,0,0,0,0,0.0
video13,TriClass-Cloud,242,0,0,0,0,0,0,0.0
video13,TriClass-Cloud,243,0,0,0,0,0,0,0.0
video13,TriClass-Cloud,244,1,1,0,0,0,0,0.49479931592941284
video13,TriClass-Cloud,245,1,1,0,0,0,0,0.5585945844650269
video13,TriClass-Cloud,246,1,1,0,0,0,0,0.6064788699150085
video13,TriClass-Cloud,247,1,1,0,0,0,0,0.5157016515731812
video13,TriClass-Cloud,248,1,1,0,0,0,0,0.49803003668785095
video13,TriClass-Cloud,249,1,1,0,0,0,0,0.5055267810821533
video13,TriClass-Cloud,250,0,0,0,0,0,0,0.0
video13,TriClass-Cloud,251,0,0,0,0,0,0,0.0
video13,TriClass-Cloud,252,0,0,0,0,0,0,0.0
video13,TriClass-Cloud,253,0,0,0,0,0,0,0.0
video13,TriClass-Cloud,254,1,1,0,0,1,0,0.2580096423625946
video13,TriClass-Cloud,255,1,1,0,0,0,0,0.4304152727127075
video13,TriClass-Cloud,256,1,1,0,0,0,0,0.5141246914863586
video13,TriClass-Cloud,257,1,1,0,0,0,0,0.6181289553642273
video13,TriClass-Cloud,258,1,1,0,0,0,0,0.5217429399490356
video13,TriClass-Cloud,259,0,0,0,0,0,0,0.0
video13,TriClass-Cloud,260,0,0,0,0,0,0,0.0
video13,TriClass-Cloud,261,0,0,0,0,0,0,0.0
video13,TriClass-Cloud,262,0,0,0,0,0,0,0.0
video13,TriClass-Cloud,263,0,0,0,0,0,0,0.0
video13,TriClass-Cloud,264,1,1,0,0,0,0,0.4231715798377991
video13,TriClass-Cloud,265,1,1,0,0,0,0,0.4203941524028778
video13,TriClass-Cloud,266,1,1,0,0,0,0,0.45121100544929504
video13,TriClass-Cloud,267,1,1,0,0,0,0,0.5640997886657715
video13,TriClass-Cloud,268,1,1,0,0,0,0,0.6064848303794861
video13,TriClass-Cloud,269,1,1,0,0,0,0,0.5573065876960754
video13,TriClass-Cloud,270,1,1,0,0,0,0,0.5915718078613281
video13,TriClass-Cloud,271,0,0,0,0,0,0,0.0
video13,TriClass-Cloud,272,1,1,0,0,1,0,0.3008728623390198
video13,TriClass-Cloud,273,1,1,0,0,1,0,0.30129265785217285
video13,TriClass-Cloud,274,1,1,0,0,0,0,0.38750898838043213
video13,TriClass-Cloud,275,1,1,0,0,0,0,0.4336521029472351
video13,TriClass-Cloud,276,1,1,0,0,0,0,0.5228167772293091
video13,TriClass-Cloud,277,1,1,0,0,0,0,0.4286077618598938
video13,TriClass-Cloud,278,1,1,0,0,0,0,0.39239436388015747
video13,TriClass-Cloud,279,0,0,0,0,0,0,0.0
video13,TriClass-Cloud,280,0,0,0,0,0,0,0.0
video13,TriClass-Cloud,281,0,0,0,0,0,0,0.0
video13,TriClass-Cloud,282,0,0,0,0,0,0,0.0
video13,TriClass-Cloud,283,0,0,0,0,0,0,0.0
video13,TriClass-Cloud,284,0,0,0,0,0,0,0.0
video13,TriClass-Cloud,285,1,1,0,0,1,0,0.3338901996612549
video13,TriClass-Cloud,286,0,0,0,0,0,0,0.0
video13,TriClass-Cloud,287,0,0,0,0,0,0,0.0
video13,TriClass-Cloud,288,0,0,0,0,0,0,0.0
video13,TriClass-Cloud,289,0,0,0,0,0,0,0.0
video13,TriClass-Cloud,290,0,0,0,0,0,0,0.0
video13,TriClass-Cloud,291,0,0,0,0,0,0,0.0
video13,TriClass-Cloud,292,0,0,0,0,0,0,0.0
video13,TriClass-Cloud,293,0,0,0,0,0,0,0.0
video13,TriClass-Cloud,294,0,0,0,0,0,0,0.0
video13,TriClass-Cloud,295,0,0,0,0,0,0,0.0
video13,TriClass-Cloud,296,0,0,0,0,0,0,0.0
video13,TriClass-Cloud,297,0,0,0,0,0,0,0.0
video13,TriClass-Cloud,298,0,0,0,0,0,0,0.0
video13,TriClass-Cloud,299,0,0,0,0,0,0,0.0
video13,TriClass-Cloud,300,0,0,0,0,0,0,0.0
video13,TriClass-Cloud,301,0,0,0,0,0,0,0.0
video13,TriClass-Cloud,302,0,0,0,0,0,0,0.0
video13,TriClass-Cloud,303,0,0,0,0,0,0,0.0
video13,TriClass-Cloud,304,0,0,0,0,0,0,0.0
video13,TriClass-Cloud,305,0,0,0,0,0,0,0.0
video13,TriClass-Cloud,306,0,0,0,0,0,0,0.0
video13,TriClass-Cloud,307,0,0,0,0,0,0,0.0
video13,TriClass-Cloud,308,1,1,0,0,1,0,0.33073270320892334
video13,TriClass-Cloud,309,0,0,0,0,0,0,0.0
video13,TriClass-Cloud,310,0,0,0,0,0,0,0.0
video13,TriClass-Cloud,311,0,0,0,0,0,0,0.0
video13,TriClass-Cloud,312,1,1,0,0,1,0,0.2612881064414978
video13,TriClass-Cloud,313,0,0,0,0,0,0,0.0
video13,TriClass-Cloud,314,1,1,0,0,0,0,0.413212388753891
video13,TriClass-Cloud,315,0,0,0,0,0,0,0.0
video13,TriClass-Cloud,316,0,0,0,0,0,0,0.0
video13,TriClass-Cloud,317,0,0,0,0,0,0,0.0
video13,TriClass-Cloud,318,0,0,0,0,0,0,0.0
video13,TriClass-Cloud,319,0,0,0,0,0,0,0.0
video13,TriClass-Cloud,320,0,0,0,0,0,0,0.0
video13,TriClass-Cloud,321,0,0,0,0,0,0,0.0
video13,TriClass-Cloud,322,0,0,0,0,0,0,0.0
video13,TriClass-Cloud,323,0,0,0,0,0,0,0.0
video13,TriClass-Cloud,324,0,0,0,0,0,0,0.0
video13,TriClass-Cloud,325,0,0,0,0,0,0,0.0
video13,TriClass-Cloud,326,0,0,0,0,0,0,0.0
video13,TriClass-Cloud,327,0,0,0,0,0,0,0.0
video13,TriClass-Cloud,328,0,0,0,0,0,0,0.0
video13,TriClass-Cloud,329,0,0,0,0,0,0,0.0
video13,TriClass-Cloud,330,0,0,0,0,0,0,0.0
video13,TriClass-Cloud,331,0,0,0,0,0,0,0.0
video13,TriClass-Cloud,332,1,1,0,0,0,0,0.4887408912181854
video13,TriClass-Cloud,333,1,1,0,0,0,0,0.5526408553123474
video13,TriClass-Cloud,334,1,1,0,0,0,0,0.542469322681427
video13,TriClass-Cloud,335,1,1,0,0,0,0,0.6200827956199646
video13,TriClass-Cloud,336,1,1,0,0,0,0,0.6062114238739014
video13,TriClass-Cloud,337,1,1,0,0,1,0,0.26029112935066223
video13,TriClass-Cloud,338,1,1,0,0,0,0,0.3930387794971466
video13,TriClass-Cloud,339,1,1,0,0,1,0,0.3110157549381256
video13,TriClass-Cloud,340,1,1,0,0,1,0,0.32501572370529175
video13,TriClass-Cloud,341,1,1,0,0,0,0,0.5220603942871094
video13,TriClass-Cloud,342,1,1,0,0,0,0,0.5811454653739929
video13,TriClass-Cloud,343,1,1,0,0,0,0,0.5318579077720642
video13,TriClass-Cloud,344,1,1,0,0,0,0,0.5720008611679077
video13,TriClass-Cloud,345,1,1,0,0,0,0,0.6471311450004578
video13,TriClass-Cloud,346,1,1,0,0,0,0,0.6714550852775574
video13,TriClass-Cloud,347,1,1,0,0,0,0,0.7508577704429626
video13,TriClass-Cloud,348,1,1,0,0,0,0,0.6411838531494141
video13,TriClass-Cloud,349,1,1,0,0,0,0,0.6982485055923462
video13,TriClass-Cloud,350,1,1,0,0,0,0,0.76413893699646
video13,TriClass-Cloud,351,1,1,0,0,0,0,0.7026709318161011
video13,TriClass-Cloud,352,1,1,0,0,0,0,0.786989152431488
video13,TriClass-Cloud,353,1,1,0,0,0,0,0.7988916039466858
video13,TriClass-Cloud,354,1,1,0,0,0,0,0.6986598372459412
video13,TriClass-Cloud,355,1,1,0,0,0,0,0.7953211069107056
video13,TriClass-Cloud,356,1,1,0,0,0,0,0.7407726049423218
video13,TriClass-Cloud,357,2,2,0,0,0,0,0.6704772114753723
video13,TriClass-Cloud,358,1,1,0,0,0,0,0.7640369534492493
video13,TriClass-Cloud,359,1,1,0,0,1,0,0.31661221385002136
video13,TriClass-Cloud,360,1,1,0,0,0,0,0.776794970035553
video13,TriClass-Cloud,361,1,1,0,0,0,0,0.7239826917648315
video13,TriClass-Cloud,362,1,1,0,0,0,0,0.7848636507987976
video13,TriClass-Cloud,363,1,1,0,0,0,0,0.8206111192703247
video13,TriClass-Cloud,364,1,1,0,0,0,0,0.8087213039398193
video13,TriClass-Cloud,365,1,1,0,0,0,0,0.7051746845245361
video13,TriClass-Cloud,366,1,1,0,0,0,0,0.8513030409812927
video13,TriClass-Cloud,367,1,1,0,0,0,0,0.7163821458816528
video13,TriClass-Cloud,368,1,1,0,0,0,0,0.7317023277282715
video13,TriClass-Cloud,369,1,1,0,0,0,0,0.557023286819458
video13,TriClass-Cloud,370,1,1,0,0,1,0,0.343143105506897
video13,TriClass-Cloud,371,0,0,0,0,0,0,0.0
video13,TriClass-Cloud,372,1,1,0,0,0,0,0.675373911857605
video13,TriClass-Cloud,373,1,1,0,0,1,0,0.34316369891166687
video13,TriClass-Cloud,374,0,0,0,0,0,0,0.0
video13,TriClass-Cloud,375,0,0,0,0,0,0,0.0
video13,TriClass-Cloud,376,0,0,0,0,0,0,0.0
video13,TriClass-Cloud,377,0,0,0,0,0,0,0.0
video13,TriClass-Cloud,378,0,0,0,0,0,0,0.0
video13,TriClass-Cloud,379,0,0,0,0,0,0,0.0
video13,TriClass-Cloud,380,0,0,0,0,0,0,0.0
video13,TriClass-Cloud,381,0,0,0,0,0,0,0.0
video13,TriClass-Cloud,382,0,0,0,0,0,0,0.0
video13,TriClass-Cloud,383,0,0,0,0,0,0,0.0
video13,TriClass-Cloud,384,0,0,0,0,0,0,0.0
video13,TriClass-Cloud,385,0,0,0,0,0,0,0.0
video13,TriClass-Cloud,386,0,0,0,0,0,0,0.0
video13,TriClass-Cloud,387,0,0,0,0,0,0,0.0
video13,TriClass-Cloud,388,1,1,0,0,0,0,0.5069575309753418
video13,TriClass-Cloud,389,1,1,0,0,0,0,0.6604348421096802
video13,TriClass-Cloud,390,1,1,0,0,0,0,0.700876772403717
video13,TriClass-Cloud,391,1,1,0,0,0,0,0.7416402101516724
video13,TriClass-Cloud,392,1,1,0,0,0,0,0.6749976873397827
video13,TriClass-Cloud,393,1,1,0,0,0,0,0.7120636105537415
video13,TriClass-Cloud,394,2,2,0,0,0,0,0.7030543088912964
video13,TriClass-Cloud,395,1,1,0,0,0,0,0.7987487316131592
video13,TriClass-Cloud,396,1,1,0,0,0,0,0.8185485005378723
video13,TriClass-Cloud,397,1,1,0,0,0,0,0.8068647980690002
video13,TriClass-Cloud,398,1,1,0,0,0,0,0.7938103079795837
video13,TriClass-Cloud,399,1,1,0,0,0,0,0.8160391449928284
video13,TriClass-Cloud,400,1,1,0,0,0,0,0.7696565985679626
video13,TriClass-Cloud,401,0,0,0,0,0,0,0.0
video13,TriClass-Cloud,402,1,1,0,0,0,0,0.7869235873222351
video13,TriClass-Cloud,403,1,1,0,0,0,0,0.8013389110565186
video13,TriClass-Cloud,404,1,1,0,0,0,0,0.780750036239624
video13,TriClass-Cloud,405,2,2,0,0,1,0,0.3944009244441986
video13,TriClass-Cloud,406,1,1,0,0,0,0,0.7474624514579773
video13,TriClass-Cloud,407,1,1,0,0,0,0,0.747887909412384
video13,TriClass-Cloud,408,1,1,0,0,0,0,0.7389779090881348
video13,TriClass-Cloud,409,1,1,0,0,0,0,0.7615804076194763
video13,TriClass-Cloud,410,1,1,0,0,0,0,0.781350314617157
video13,TriClass-Cloud,411,1,1,0,0,0,0,0.7858404517173767
video13,TriClass-Cloud,412,1,1,0,0,0,0,0.6528549790382385
video13,TriClass-Cloud,413,1,1,0,0,0,0,0.5687956213951111
video13,TriClass-Cloud,414,1,1,0,0,0,0,0.657840371131897
video13,TriClass-Cloud,415,1,1,0,0,0,0,0.6278135180473328
video13,TriClass-Cloud,416,1,1,0,0,0,0,0.6272085309028625
video13,TriClass-Cloud,417,1,1,0,0,0,0,0.6264591217041016
video13,TriClass-Cloud,418,1,1,0,0,0,0,0.7421572208404541
video13,TriClass-Cloud,419,1,1,0,0,0,0,0.7385672926902771
video13,TriClass-Cloud,420,1,1,0,0,0,0,0.797767698764801
video13,TriClass-Cloud,421,1,1,0,0,0,0,0.6268585920333862
video13,TriClass-Cloud,422,1,1,0,0,0,0,0.7957198023796082
video13,TriClass-Cloud,423,1,1,0,0,0,0,0.7915000319480896
video13,TriClass-Cloud,424,1,1,0,0,0,0,0.7544364929199219
video13,TriClass-Cloud,425,1,1,0,0,0,0,0.5787690281867981
video13,TriClass-Cloud,426,1,1,0,0,1,0,0.32552266120910645
video13,TriClass-Cloud,427,1,1,0,0,0,0,0.7575278282165527
video13,TriClass-Cloud,428,0,0,0,0,0,0,0.0
video13,TriClass-Cloud,429,1,1,0,0,0,0,0.6275174617767334
video13,TriClass-Cloud,430,1,1,0,0,0,0,0.7709043622016907
video13,TriClass-Cloud,431,1,1,0,0,0,0,0.5477175712585449
video13,TriClass-Cloud,432,0,0,0,0,0,0,0.0
video13,TriClass-Cloud,433,0,0,0,0,0,0,0.0
video13,TriClass-Cloud,434,0,0,0,0,0,0,0.0
video13,TriClass-Cloud,435,1,1,0,0,0,0,0.6147490739822388
video13,TriClass-Cloud,436,0,0,0,0,0,0,0.0
video13,TriClass-Cloud,437,1,1,0,0,0,0,0.5935432314872742
video13,TriClass-Cloud,438,1,1,0,0,0,0,0.7294508814811707
video13,TriClass-Cloud,439,1,1,0,0,0,0,0.7755315899848938
video13,TriClass-Cloud,440,2,2,0,0,1,0,0.5214657187461853
video13,TriClass-Cloud,441,1,1,0,0,1,0,0.33008939027786255
video13,TriClass-Cloud,442,1,1,0,0,0,0,0.819862961769104
video13,TriClass-Cloud,443,1,1,0,0,0,0,0.35023319721221924
video13,TriClass-Cloud,444,1,1,0,0,0,0,0.841002345085144
video13,TriClass-Cloud,445,1,1,0,0,0,0,0.5981668829917908
video13,TriClass-Cloud,446,1,1,0,0,0,0,0.6916741132736206
video13,TriClass-Cloud,447,1,1,0,0,0,0,0.8302916884422302
video13,TriClass-Cloud,448,1,1,0,0,0,0,0.8522000312805176
video13,TriClass-Cloud,449,1,1,0,0,0,0,0.8369036912918091
video13,TriClass-Cloud,450,1,1,0,0,0,0,0.779438316822052
video13,TriClass-Cloud,451,1,1,0,0,0,0,0.3593914806842804
video13,TriClass-Cloud,452,1,1,0,0,0,0,0.7933590412139893
video13,TriClass-Cloud,453,1,1,0,0,0,0,0.3878782391548157
video13,TriClass-Cloud,454,1,1,0,0,0,0,0.39704927802085876
video13,TriClass-Cloud,455,1,1,0,0,0,0,0.4190309941768646
video13,TriClass-Cloud,456,1,1,0,0,0,0,0.39307668805122375
video13,TriClass-Cloud,457,1,1,0,0,0,0,0.648546576499939
video13,TriClass-Cloud,458,1,1,0,0,0,0,0.6282612085342407
video13,TriClass-Cloud,459,1,1,0,0,1,0,0.2805821895599365
video13,TriClass-Cloud,460,0,0,0,0,0,0,0.0
video13,TriClass-Cloud,461,1,1,0,0,0,0,0.6862404942512512
video13,TriClass-Cloud,462,1,1,0,0,0,0,0.8345663547515869
video13,TriClass-Cloud,463,1,1,0,0,0,0,0.8168379664421082
video13,TriClass-Cloud,464,1,1,0,0,0,0,0.8239978551864624
video13,TriClass-Cloud,465,1,1,0,0,0,0,0.7363011837005615
video13,TriClass-Cloud,466,2,2,0,0,0,0,0.5897722244262695
video13,TriClass-Cloud,467,1,1,0,0,0,0,0.7744033336639404
video13,TriClass-Cloud,468,2,2,0,0,0,0,0.47300177812576294
video13,TriClass-Cloud,469,1,1,0,0,0,0,0.6013423800468445
video13,TriClass-Cloud,470,1,1,0,0,0,0,0.6092203855514526
video13,TriClass-Cloud,471,1,1,0,0,0,0,0.6718437075614929
video13,TriClass-Cloud,472,1,1,0,0,0,0,0.7930082678794861
video13,TriClass-Cloud,473,1,1,0,0,0,0,0.8057023882865906
video13,TriClass-Cloud,474,1,1,0,0,0,0,0.8238536715507507
video13,TriClass-Cloud,475,1,1,0,0,0,0,0.806321918964386
video13,TriClass-Cloud,476,1,1,0,0,0,0,0.7882433533668518
video13,TriClass-Cloud,477,1,1,0,0,0,0,0.8230655193328857
video13,TriClass-Cloud,478,1,1,0,0,0,0,0.7853482961654663
video13,TriClass-Cloud,479,1,1,0,0,0,0,0.8352435231208801
video13,TriClass-Cloud,480,1,1,0,0,0,0,0.8068939447402954
video13,TriClass-Cloud,481,1,1,0,0,0,0,0.83299320936203
video13,TriClass-Cloud,482,1,1,0,0,0,0,0.8367396593093872
video13,TriClass-Cloud,483,1,1,0,0,0,0,0.8430384993553162
video13,TriClass-Cloud,484,1,1,0,0,0,0,0.8343504667282104
video13,TriClass-Cloud,485,1,1,0,0,0,0,0.8144690990447998
video13,TriClass-Cloud,486,1,1,0,0,0,0,0.7583056688308716
video13,TriClass-Cloud,487,1,1,0,0,0,0,0.8073912858963013
video13,TriClass-Cloud,488,1,1,0,0,0,0,0.8173800706863403
video13,TriClass-Cloud,489,1,1,0,0,0,0,0.8119123578071594
video13,TriClass-Cloud,490,1,1,0,0,0,0,0.8246559500694275
video13,TriClass-Cloud,491,1,1,0,0,0,0,0.7390214204788208
video13,TriClass-Cloud,492,1,1,0,0,0,0,0.8087950348854065
video13,TriClass-Cloud,493,1,1,0,0,0,0,0.8517640233039856
video13,TriClass-Cloud,494,1,1,0,0,0,0,0.821936845779419
video13,TriClass-Cloud,495,1,1,0,0,0,0,0.628574550151825
video13,TriClass-Cloud,496,1,1,0,0,0,0,0.6454867124557495
video13,TriClass-Cloud,497,0,0,0,0,0,0,0.0
video13,TriClass-Cloud,498,0,0,0,0,0,0,0.0
video13,TriClass-Cloud,499,0,0,0,0,0,0,0.0
video13,TriClass-Cloud,500,0,0,0,0,0,0,0.0
video13,TriClass-Cloud,501,0,0,0,0,0,0,0.0
video13,TriClass-Cloud,502,0,0,0,0,0,0,0.0
video13,TriClass-Cloud,503,1,1,0,0,0,0,0.43638673424720764
video13,TriClass-Cloud,504,1,1,0,0,0,0,0.6273636817932129
video13,TriClass-Cloud,505,1,1,0,0,0,0,0.4358311593532562
video13,TriClass-Cloud,506,0,0,0,0,0,0,0.0
video13,TriClass-Cloud,507,1,1,0,0,0,0,0.555633008480072
video13,TriClass-Cloud,508,1,1,0,0,0,0,0.6390991806983948
video13,TriClass-Cloud,509,1,1,0,0,0,0,0.4729905128479004
video13,TriClass-Cloud,510,1,1,0,0,0,0,0.41027751564979553
video13,TriClass-Cloud,511,0,0,0,0,0,0,0.0
video13,TriClass-Cloud,512,1,1,0,0,0,0,0.36914515495300293
video13,TriClass-Cloud,513,1,1,0,0,0,0,0.5743019580841064
video13,TriClass-Cloud,514,1,1,0,0,0,0,0.7444862127304077
video13,TriClass-Cloud,515,1,1,0,0,0,0,0.7547570466995239
video13,TriClass-Cloud,516,1,1,0,0,0,0,0.7322550415992737
video13,TriClass-Cloud,517,1,1,0,0,0,0,0.7538910508155823
video13,TriClass-Cloud,518,1,1,0,0,0,0,0.7405421137809753
video13,TriClass-Cloud,519,1,1,0,0,0,0,0.7519944310188293
video13,TriClass-Cloud,520,1,1,0,0,0,0,0.6949372887611389
video13,TriClass-Cloud,521,2,2,0,0,0,0,0.5041054487228394
video13,TriClass-Cloud,522,1,1,0,0,0,0,0.759997546672821
video13,TriClass-Cloud,523,1,1,0,0,0,0,0.8032367825508118
video13,TriClass-Cloud,524,1,1,0,0,0,0,0.7678636908531189
video13,TriClass-Cloud,525,1,1,0,0,0,0,0.7566930651664734
video13,TriClass-Cloud,526,1,1,0,0,0,0,0.7709980010986328
video13,TriClass-Cloud,527,1,1,0,0,0,0,0.7927711606025696
video13,TriClass-Cloud,528,1,1,0,0,0,0,0.7129005789756775
video13,TriClass-Cloud,529,1,1,0,0,0,0,0.7233837246894836
video13,TriClass-Cloud,530,2,2,0,0,0,0,0.5222718715667725
video13,TriClass-Cloud,531,1,1,0,0,0,0,0.7998037934303284
video13,TriClass-Cloud,532,1,1,0,0,0,0,0.80617755651474
video13,TriClass-Cloud,533,1,1,0,0,0,0,0.761533260345459
video13,TriClass-Cloud,534,1,1,0,0,0,0,0.7834967374801636
video13,TriClass-Cloud,535,1,1,0,0,0,0,0.7542871832847595
video13,TriClass-Cloud,536,1,1,0,0,0,0,0.7044145464897156
video13,TriClass-Cloud,537,2,2,0,0,1,0,0.5635969042778015
video13,TriClass-Cloud,538,1,1,0,0,0,0,0.5951120853424072
video13,TriClass-Cloud,539,1,1,0,0,0,0,0.39691591262817383
video13,TriClass-Cloud,540,2,2,0,0,0,0,0.7210777401924133
video13,TriClass-Cloud,541,1,1,0,0,0,0,0.6152172088623047
video13,TriClass-Cloud,542,1,1,0,0,0,0,0.7865962982177734
video13,TriClass-Cloud,543,1,1,0,0,0,0,0.7819016575813293
video13,TriClass-Cloud,544,0,0,0,0,0,0,0.0
video13,TriClass-Cloud,545,1,1,0,0,0,0,0.49262651801109314
video13,TriClass-Cloud,546,1,1,0,0,0,0,0.6588641405105591
video13,TriClass-Cloud,547,2,2,0,0,1,0,0.6146962642669678
video13,TriClass-Cloud,548,1,1,0,0,0,0,0.794215738773346
video13,TriClass-Cloud,549,1,1,0,0,0,0,0.796778678894043
video13,TriClass-Cloud,550,1,1,0,0,0,0,0.8078372478485107
video13,TriClass-Cloud,551,1,1,0,0,0,0,0.7815653681755066
video13,TriClass-Cloud,552,1,1,0,0,0,0,0.7951805591583252
video13,TriClass-Cloud,553,1,1,0,0,0,0,0.6081814765930176
video13,TriClass-Cloud,554,2,2,0,0,1,0,0.46210429072380066
video13,TriClass-Cloud,555,1,1,0,0,0,0,0.7857460975646973
video13,TriClass-Cloud,556,1,1,0,0,0,0,0.8148564100265503
video13,TriClass-Cloud,557,1,1,0,0,0,0,0.8145455718040466
video13,TriClass-Cloud,558,1,1,0,0,0,0,0.8371821045875549
video13,TriClass-Cloud,559,1,1,0,0,0,0,0.8273338675498962
video13,TriClass-Cloud,560,1,1,0,0,0,0,0.7871889472007751
video13,TriClass-Cloud,561,1,1,0,0,0,0,0.6922967433929443
video13,TriClass-Cloud,562,1,1,0,0,0,0,0.7062274813652039
video13,TriClass-Cloud,563,1,1,0,0,0,0,0.7987805008888245
video13,TriClass-Cloud,564,1,1,0,0,0,0,0.8172345757484436
video13,TriClass-Cloud,565,1,1,0,0,0,0,0.8161998391151428
video13,TriClass-Cloud,566,1,1,0,0,0,0,0.6633471250534058
video13,TriClass-Cloud,567,1,1,0,0,0,0,0.7957148551940918
video13,TriClass-Cloud,568,1,1,0,0,0,0,0.6964901685714722
video13,TriClass-Cloud,569,1,1,0,0,0,0,0.7335521578788757
video13,TriClass-Cloud,570,1,1,0,0,0,0,0.8203017711639404
video13,TriClass-Cloud,571,1,1,0,0,0,0,0.8267768025398254
video13,TriClass-Cloud,572,1,1,0,0,0,0,0.7915467023849487
video13,TriClass-Cloud,573,1,1,0,0,0,0,0.7221649289131165
video13,TriClass-Cloud,574,1,1,0,0,0,0,0.621062159538269
video13,TriClass-Cloud,575,1,1,0,0,0,0,0.6128714084625244
video13,TriClass-Cloud,576,2,2,0,0,1,0,0.5604133605957031
video13,TriClass-Cloud,577,0,0,0,0,0,0,0.0
video13,TriClass-Cloud,578,1,1,0,0,0,0,0.7249204516410828
video13,TriClass-Cloud,579,0,0,0,0,0,0,0.0
video13,TriClass-Cloud,580,0,0,0,0,0,0,0.0
video13,TriClass-Cloud,581,0,0,0,0,0,0,0.0
video13,TriClass-Cloud,582,1,1,0,0,1,0,0.2828921377658844
video13,TriClass-Cloud,583,1,1,0,0,0,0,0.3843989670276642
video13,TriClass-Cloud,584,0,0,0,0,0,0,0.0
video13,TriClass-Cloud,585,0,0,0,0,0,0,0.0
video13,TriClass-Cloud,586,0,0,0,0,0,0,0.0
video13,TriClass-Cloud,587,1,1,0,0,0,0,0.507241427898407
video13,TriClass-Cloud,588,0,0,0,0,0,0,0.0
video13,TriClass-Cloud,589,0,0,0,0,0,0,0.0
video13,TriClass-Cloud,590,0,0,0,0,0,0,0.0
video13,TriClass-Cloud,591,0,0,0,0,0,0,0.0
video13,TriClass-Cloud,592,1,1,0,0,0,0,0.4540969729423523
video13,TriClass-Cloud,593,1,1,0,0,0,0,0.6184001564979553
video13,TriClass-Cloud,594,0,0,0,0,0,0,0.0
video13,TriClass-Cloud,595,0,0,0,0,0,0,0.0
video13,TriClass-Cloud,596,0,0,0,0,0,0,0.0
video13,TriClass-Cloud,597,1,1,0,0,0,0,0.4814161956310272
video13,TriClass-Cloud,598,1,1,0,0,0,0,0.38397228717803955
video13,TriClass-Cloud,599,1,1,0,0,0,0,0.518995463848114
video13,TriClass-Cloud,600,2,2,0,0,1,0,0.3687651753425598
video13,TriClass-Cloud,601,2,2,0,0,1,0,0.48515838384628296
video13,TriClass-Cloud,602,2,2,0,0,2,0,0.3048597574234009
video13,TriClass-Cloud,603,1,1,0,0,0,0,0.3834860324859619
video13,TriClass-Cloud,604,1,1,0,0,0,0,0.3695463240146637
video13,TriClass-Cloud,605,1,1,0,0,0,0,0.4419114887714386
video13,TriClass-Cloud,606,1,1,0,0,0,0,0.49739348888397217
video13,TriClass-Cloud,607,1,1,0,0,0,0,0.5458372235298157
video13,TriClass-Cloud,608,1,1,0,0,0,0,0.560492992401123
video13,TriClass-Cloud,609,1,1,0,0,0,0,0.49817752838134766
video13,TriClass-Cloud,610,1,1,0,0,0,0,0.569046676158905
video13,TriClass-Cloud,611,1,1,0,0,0,0,0.5011745691299438
video13,TriClass-Cloud,612,1,1,0,0,0,0,0.4400862753391266
video13,TriClass-Cloud,613,1,1,0,0,0,0,0.5461128354072571
video13,TriClass-Cloud,614,1,1,0,0,0,0,0.4037895202636719
video13,TriClass-Cloud,615,1,1,0,0,0,0,0.4884335696697235
video13,TriClass-Cloud,616,0,0,0,0,0,0,0.0
video13,TriClass-Cloud,617,1,1,0,0,0,0,0.5646142959594727
video13,TriClass-Cloud,618,1,1,0,0,0,0,0.6737895607948303
video13,TriClass-Cloud,619,1,1,0,0,1,0,0.28925853967666626
video13,TriClass-Cloud,620,1,1,0,0,0,0,0.3727777600288391
video13,TriClass-Cloud,621,0,0,0,0,0,0,0.0
video13,TriClass-Cloud,622,0,0,0,0,0,0,0.0
video13,TriClass-Cloud,623,0,0,0,0,0,0,0.0
video13,TriClass-Cloud,624,0,0,0,0,0,0,0.0
video13,TriClass-Cloud,625,0,0,0,0,0,0,0.0
video13,TriClass-Cloud,626,1,1,0,0,1,0,0.29511910676956177
video13,TriClass-Cloud,627,1,1,0,0,1,0,0.32051360607147217
video13,TriClass-Cloud,628,1,1,0,0,0,0,0.4717201590538025
video13,TriClass-Cloud,629,1,1,0,0,0,0,0.5844388604164124
video13,TriClass-Cloud,630,2,2,0,0,1,0,0.48442918062210083
video13,TriClass-Cloud,631,1,1,0,0,0,0,0.38679739832878113
video13,TriClass-Cloud,632,1,1,0,0,0,0,0.42213118076324463
video13,TriClass-Cloud,633,2,2,0,0,1,0,0.4073059856891632
video13,TriClass-Cloud,634,1,1,0,0,0,0,0.43255850672721863
video13,TriClass-Cloud,635,0,0,0,0,0,0,0.0
video13,TriClass-Cloud,636,2,2,0,0,2,0,0.3235380947589874
video13,TriClass-Cloud,637,0,0,0,0,0,0,0.0
video13,TriClass-Cloud,638,0,0,0,0,0,0,0.0
video13,TriClass-Cloud,639,1,1,0,0,0,0,0.5395979881286621
video13,TriClass-Cloud,640,0,0,0,0,0,0,0.0
video13,TriClass-Cloud,641,1,1,0,0,0,0,0.35569292306900024
video13,TriClass-Cloud,642,1,1,0,0,0,0,0.38531094789505005
video13,TriClass-Cloud,643,1,1,0,0,0,0,0.6414651870727539
video13,TriClass-Cloud,644,2,2,0,0,1,0,0.47975027561187744
video13,TriClass-Cloud,645,1,1,0,0,0,0,0.6940690279006958
video13,TriClass-Cloud,646,1,1,0,0,0,0,0.7473581433296204
video13,TriClass-Cloud,647,0,0,0,0,0,0,0.0
video13,TriClass-Cloud,648,1,1,0,0,1,0,0.25388258695602417
video13,TriClass-Cloud,649,0,0,0,0,0,0,0.0
video13,TriClass-Cloud,650,1,1,0,0,0,0,0.585515022277832
video13,TriClass-Cloud,651,0,0,0,0,0,0,0.0
video13,TriClass-Cloud,652,1,1,0,0,0,0,0.5636905431747437
video13,TriClass-Cloud,653,1,1,0,0,0,0,0.6487923860549927
video13,TriClass-Cloud,654,1,1,0,0,0,0,0.35131052136421204
video13,TriClass-Cloud,655,1,1,0,0,1,0,0.25591328740119934
video13,TriClass-Cloud,656,1,1,0,0,0,0,0.5824147462844849
video13,TriClass-Cloud,657,1,1,0,0,0,0,0.6298220753669739
video13,TriClass-Cloud,658,1,1,0,0,0,0,0.6913874745368958
video13,TriClass-Cloud,659,1,1,0,0,0,0,0.7208283543586731
video13,TriClass-Cloud,660,1,1,0,0,0,0,0.6824855208396912
video13,TriClass-Cloud,661,1,1,0,0,0,0,0.7021769881248474
video13,TriClass-Cloud,662,2,2,0,0,0,0,0.5041645765304565
video13,TriClass-Cloud,663,1,1,0,0,0,0,0.5928042531013489
video13,TriClass-Cloud,664,1,1,0,0,0,0,0.5205676555633545
video13,TriClass-Cloud,665,2,2,0,0,0,0,0.49734142422676086
video13,TriClass-Cloud,666,1,1,0,0,0,0,0.6997543573379517
video13,TriClass-Cloud,667,1,1,0,0,0,0,0.588229775428772
video13,TriClass-Cloud,668,2,2,0,0,0,0,0.45184406638145447
video13,TriClass-Cloud,669,1,1,0,0,0,0,0.6721571087837219
video13,TriClass-Cloud,670,1,1,0,0,0,0,0.6897615194320679
video13,TriClass-Cloud,671,0,0,0,0,0,0,0.0
video13,TriClass-Cloud,672,1,1,0,0,0,0,0.7119177579879761
video13,TriClass-Cloud,673,1,1,0,0,0,0,0.7713066935539246
video13,TriClass-Cloud,674,1,1,0,0,0,0,0.6756680607795715
video13,TriClass-Cloud,675,1,1,0,0,0,0,0.3866887092590332
video13,TriClass-Cloud,676,2,2,0,0,0,0,0.4964804947376251
video13,TriClass-Cloud,677,2,2,0,0,0,0,0.453843891620636
video13,TriClass-Cloud,678,1,1,0,0,0,0,0.5950192213058472
video13,TriClass-Cloud,679,1,1,0,0,0,0,0.5687973499298096
video13,TriClass-Cloud,680,1,1,0,0,0,0,0.5567266345024109
video13,TriClass-Cloud,681,2,2,0,0,1,0,0.5311964154243469
video13,TriClass-Cloud,682,2,2,0,0,0,0,0.43063831329345703
video13,TriClass-Cloud,683,1,1,0,0,0,0,0.6076874136924744
video13,TriClass-Cloud,684,1,1,0,0,0,0,0.7006793022155762
video13,TriClass-Cloud,685,1,1,0,0,0,0,0.6224662661552429
video13,TriClass-Cloud,686,2,2,0,0,1,0,0.5561357140541077
video13,TriClass-Cloud,687,2,2,0,0,1,0,0.559343159198761
video13,TriClass-Cloud,688,1,1,0,0,0,0,0.6440404057502747
video13,TriClass-Cloud,689,1,1,0,0,0,0,0.642752468585968
video13,TriClass-Cloud,690,1,1,0,0,0,0,0.6407116055488586
video13,TriClass-Cloud,691,1,1,0,0,0,0,0.636692225933075
video13,TriClass-Cloud,692,1,1,0,0,0,0,0.7070433497428894
video13,TriClass-Cloud,693,1,1,0,0,0,0,0.689099907875061
video13,TriClass-Cloud,694,1,1,0,0,0,0,0.6953275203704834
video13,TriClass-Cloud,695,1,1,0,0,0,0,0.5252740979194641
video13,TriClass-Cloud,696,1,1,0,0,0,0,0.48350051045417786
video13,TriClass-Cloud,697,1,1,0,0,0,0,0.5654995441436768
video13,TriClass-Cloud,698,1,1,0,0,0,0,0.597001850605011
video13,TriClass-Cloud,699,1,1,0,0,0,0,0.6183140873908997
video13,TriClass-Cloud,700,1,1,0,0,0,0,0.5162677764892578
video13,TriClass-Cloud,701,1,1,0,0,0,0,0.35594213008880615
video13,TriClass-Cloud,702,1,1,0,0,0,0,0.43798473477363586
video13,TriClass-Cloud,703,1,1,0,0,0,0,0.47891613841056824
video13,TriClass-Cloud,704,1,1,0,0,1,0,0.2666610777378082
video13,TriClass-Cloud,705,0,0,0,0,0,0,0.0
video13,TriClass-Cloud,706,0,0,0,0,0,0,0.0
video13,TriClass-Cloud,707,0,0,0,0,0,0,0.0
video13,TriClass-Cloud,708,0,0,0,0,0,0,0.0
video13,TriClass-Cloud,709,0,0,0,0,0,0,0.0
video13,TriClass-Cloud,710,0,0,0,0,0,0,0.0
video13,TriClass-Cloud,711,0,0,0,0,0,0,0.0
video13,TriClass-Cloud,712,0,0,0,0,0,0,0.0
video13,TriClass-Cloud,713,1,1,0,0,0,0,0.45328184962272644
video13,TriClass-Cloud,714,1,1,0,0,0,0,0.6087419986724854
video13,TriClass-Cloud,715,0,0,0,0,0,0,0.0
video13,TriClass-Cloud,716,0,0,0,0,0,0,0.0
video13,TriClass-Cloud,717,0,0,0,0,0,0,0.0
video13,TriClass-Cloud,718,0,0,0,0,0,0,0.0
video13,TriClass-Cloud,719,1,1,0,0,0,0,0.5179383158683777
video13,TriClass-Cloud,720,1,1,0,0,0,0,0.4687243700027466
video13,TriClass-Cloud,721,1,1,0,0,0,0,0.47525331377983093
video13,TriClass-Cloud,722,1,1,0,0,0,0,0.4715519845485687
video13,TriClass-Cloud,723,0,0,0,0,0,0,0.0
video13,TriClass-Cloud,724,1,1,0,0,0,0,0.4602580964565277
video13,TriClass-Cloud,725,1,1,0,0,0,0,0.7047919034957886
video13,TriClass-Cloud,726,1,1,0,0,0,0,0.5965121388435364
video13,TriClass-Cloud,727,0,0,0,0,0,0,0.0
video13,TriClass-Cloud,728,1,1,0,0,0,0,0.5103334784507751
video13,TriClass-Cloud,729,1,1,0,0,0,0,0.6775898933410645
video13,TriClass-Cloud,730,1,1,0,0,0,0,0.7293586730957031
video13,TriClass-Cloud,731,1,1,0,0,0,0,0.6924982666969299
video13,TriClass-Cloud,732,1,1,0,0,0,0,0.5701788663864136
video13,TriClass-Cloud,733,1,1,0,0,0,0,0.3770568370819092
video13,TriClass-Cloud,734,1,1,0,0,0,0,0.3843643069267273
video13,TriClass-Cloud,735,1,1,0,0,0,0,0.538143515586853
video13,TriClass-Cloud,736,1,1,0,0,0,0,0.3898323178291321
video13,TriClass-Cloud,737,1,1,0,0,0,0,0.5181785225868225
video13,TriClass-Cloud,738,0,0,0,0,0,0,0.0
video13,TriClass-Cloud,739,1,1,0,0,1,0,0.2858128547668457
video13,TriClass-Cloud,740,0,0,0,0,0,0,0.0
video13,TriClass-Cloud,741,0,0,0,0,0,0,0.0
video13,TriClass-Cloud,742,0,0,0,0,0,0,0.0
video13,TriClass-Cloud,743,0,0,0,0,0,0,0.0
video13,TriClass-Cloud,744,0,0,0,0,0,0,0.0
video13,TriClass-Cloud,745,0,0,0,0,0,0,0.0
video13,TriClass-Cloud,746,0,0,0,0,0,0,0.0
video13,TriClass-Cloud,747,0,0,0,0,0,0,0.0
video13,TriClass-Cloud,748,0,0,0,0,0,0,0.0
video13,TriClass-Cloud,749,0,0,0,0,0,0,0.0
video13,TriClass-Cloud,750,0,0,0,0,0,0,0.0
video13,TriClass-Cloud,751,0,0,0,0,0,0,0.0
video13,TriClass-Cloud,752,0,0,0,0,0,0,0.0
video13,TriClass-Cloud,753,0,0,0,0,0,0,0.0
video13,TriClass-Cloud,754,0,0,0,0,0,0,0.0
video13,TriClass-Cloud,755,0,0,0,0,0,0,0.0
video13,TriClass-Cloud,756,0,0,0,0,0,0,0.0
video13,TriClass-Cloud,757,0,0,0,0,0,0,0.0
video13,TriClass-Cloud,758,0,0,0,0,0,0,0.0
video13,TriClass-Cloud,759,0,0,0,0,0,0,0.0
video13,TriClass-Cloud,760,0,0,0,0,0,0,0.0
video13,TriClass-Cloud,761,0,0,0,0,0,0,0.0
video13,TriClass-Cloud,762,0,0,0,0,0,0,0.0
video13,TriClass-Cloud,763,0,0,0,0,0,0,0.0
video13,TriClass-Cloud,764,0,0,0,0,0,0,0.0
video13,TriClass-Cloud,765,0,0,0,0,0,0,0.0
video13,TriClass-Cloud,766,0,0,0,0,0,0,0.0
video13,TriClass-Cloud,767,0,0,0,0,0,0,0.0
video13,TriClass-Cloud,768,0,0,0,0,0,0,0.0
video13,TriClass-Cloud,769,0,0,0,0,0,0,0.0
video13,TriClass-Cloud,770,0,0,0,0,0,0,0.0
video13,TriClass-Cloud,771,0,0,0,0,0,0,0.0
video13,TriClass-Cloud,772,0,0,0,0,0,0,0.0
video13,TriClass-Cloud,773,0,0,0,0,0,0,0.0
video13,TriClass-Cloud,774,0,0,0,0,0,0,0.0
video13,TriClass-Cloud,775,0,0,0,0,0,0,0.0
video13,TriClass-Cloud,776,0,0,0,0,0,0,0.0
video13,TriClass-Cloud,777,0,0,0,0,0,0,0.0
video13,TriClass-Cloud,778,0,0,0,0,0,0,0.0
video13,TriClass-Cloud,779,0,0,0,0,0,0,0.0
video13,TriClass-Cloud,780,0,0,0,0,0,0,0.0
video13,TriClass-Cloud,781,0,0,0,0,0,0,0.0
video13,TriClass-Cloud,782,0,0,0,0,0,0,0.0
video13,TriClass-Cloud,783,0,0,0,0,0,0,0.0
video13,TriClass-Cloud,784,0,0,0,0,0,0,0.0
video13,TriClass-Cloud,785,0,0,0,0,0,0,0.0
video13,TriClass-Cloud,786,0,0,0,0,0,0,0.0
video13,TriClass-Cloud,787,0,0,0,0,0,0,0.0
video13,TriClass-Cloud,788,0,0,0,0,0,0,0.0
video13,TriClass-Cloud,789,0,0,0,0,0,0,0.0
video13,TriClass-Cloud,790,0,0,0,0,0,0,0.0
video13,TriClass-Cloud,791,0,0,0,0,0,0,0.0
video13,TriClass-Cloud,792,0,0,0,0,0,0,0.0
video13,TriClass-Cloud,793,0,0,0,0,0,0,0.0
video13,TriClass-Cloud,794,0,0,0,0,0,0,0.0
video13,TriClass-Cloud,795,0,0,0,0,0,0,0.0
video13,TriClass-Cloud,796,0,0,0,0,0,0,0.0
video13,TriClass-Cloud,797,0,0,0,0,0,0,0.0
video13,TriClass-Cloud,798,0,0,0,0,0,0,0.0
video13,TriClass-Cloud,799,0,0,0,0,0,0,0.0
video13,TriClass-Cloud,800,0,0,0,0,0,0,0.0
video13,TriClass-Cloud,801,0,0,0,0,0,0,0.0
video13,TriClass-Cloud,802,0,0,0,0,0,0,0.0
video13,TriClass-Cloud,803,0,0,0,0,0,0,0.0
video13,TriClass-Cloud,804,0,0,0,0,0,0,0.0
video13,TriClass-Cloud,805,0,0,0,0,0,0,0.0
video13,TriClass-Cloud,806,0,0,0,0,0,0,0.0
video13,TriClass-Cloud,807,0,0,0,0,0,0,0.0
video13,TriClass-Cloud,808,0,0,0,0,0,0,0.0
video13,TriClass-Cloud,809,0,0,0,0,0,0,0.0
video13,TriClass-Cloud,810,0,0,0,0,0,0,0.0
video13,TriClass-Cloud,811,0,0,0,0,0,0,0.0
video13,TriClass-Cloud,812,0,0,0,0,0,0,0.0
video13,TriClass-Cloud,813,0,0,0,0,0,0,0.0
video13,TriClass-Cloud,814,0,0,0,0,0,0,0.0
video13,TriClass-Cloud,815,0,0,0,0,0,0,0.0
video13,TriClass-Cloud,816,0,0,0,0,0,0,0.0
video13,TriClass-Cloud,817,0,0,0,0,0,0,0.0
video13,TriClass-Cloud,818,0,0,0,0,0,0,0.0
video13,TriClass-Cloud,819,0,0,0,0,0,0,0.0
video13,TriClass-Cloud,820,0,0,0,0,0,0,0.0
video13,TriClass-Cloud,821,0,0,0,0,0,0,0.0
video13,TriClass-Cloud,822,0,0,0,0,0,0,0.0
video13,TriClass-Cloud,823,0,0,0,0,0,0,0.0
video13,TriClass-Cloud,824,0,0,0,0,0,0,0.0
video13,TriClass-Cloud,825,0,0,0,0,0,0,0.0
video13,TriClass-Cloud,826,0,0,0,0,0,0,0.0
video13,TriClass-Cloud,827,0,0,0,0,0,0,0.0
video13,TriClass-Cloud,828,0,0,0,0,0,0,0.0
video13,TriClass-Cloud,829,0,0,0,0,0,0,0.0
video13,TriClass-Cloud,830,0,0,0,0,0,0,0.0
video13,TriClass-Cloud,831,0,0,0,0,0,0,0.0
video13,TriClass-Cloud,832,0,0,0,0,0,0,0.0
video13,TriClass-Cloud,833,0,0,0,0,0,0,0.0
video13,TriClass-Cloud,834,0,0,0,0,0,0,0.0
video13,TriClass-Cloud,835,0,0,0,0,0,0,0.0
video13,TriClass-Cloud,836,0,0,0,0,0,0,0.0
video13,TriClass-Cloud,837,0,0,0,0,0,0,0.0
video13,TriClass-Cloud,838,0,0,0,0,0,0,0.0
video13,TriClass-Cloud,839,0,0,0,0,0,0,0.0
video13,TriClass-Cloud,840,0,0,0,0,0,0,0.0
video13,TriClass-Cloud,841,0,0,0,0,0,0,0.0
video13,TriClass-Cloud,842,0,0,0,0,0,0,0.0
video13,TriClass-Cloud,843,0,0,0,0,0,0,0.0
video13,TriClass-Cloud,844,0,0,0,0,0,0,0.0
video13,TriClass-Cloud,845,0,0,0,0,0,0,0.0
video13,TriClass-Cloud,846,0,0,0,0,0,0,0.0
video13,TriClass-Cloud,847,0,0,0,0,0,0,0.0
video13,TriClass-Cloud,848,0,0,0,0,0,0,0.0
video13,TriClass-Cloud,849,0,0,0,0,0,0,0.0
video13,TriClass-Cloud,850,0,0,0,0,0,0,0.0
video13,TriClass-Cloud,851,0,0,0,0,0,0,0.0
video13,TriClass-Cloud,852,0,0,0,0,0,0,0.0
video13,TriClass-Cloud,853,0,0,0,0,0,0,0.0
video13,TriClass-Cloud,854,0,0,0,0,0,0,0.0
video13,TriClass-Cloud,855,0,0,0,0,0,0,0.0
video13,TriClass-Cloud,856,0,0,0,0,0,0,0.0
video13,TriClass-Cloud,857,1,1,0,0,1,0,0.2598663568496704
video13,TriClass-Cloud,858,0,0,0,0,0,0,0.0
video13,TriClass-Cloud,859,0,0,0,0,0,0,0.0
video13,TriClass-Cloud,860,0,0,0,0,0,0,0.0
video13,TriClass-Cloud,861,0,0,0,0,0,0,0.0
video13,TriClass-Cloud,862,0,0,0,0,0,0,0.0
video13,TriClass-Cloud,863,0,0,0,0,0,0,0.0
video13,TriClass-Cloud,864,0,0,0,0,0,0,0.0
video13,TriClass-Cloud,865,0,0,0,0,0,0,0.0
video13,TriClass-Cloud,866,0,0,0,0,0,0,0.0
video13,TriClass-Cloud,867,0,0,0,0,0,0,0.0
video13,TriClass-Cloud,868,0,0,0,0,0,0,0.0
video13,TriClass-Cloud,869,0,0,0,0,0,0,0.0
video13,TriClass-Cloud,870,0,0,0,0,0,0,0.0
video13,TriClass-Cloud,871,1,1,0,0,0,0,0.5297094583511353
video13,TriClass-Cloud,872,1,1,0,0,1,0,0.2805255055427551
video13,TriClass-Cloud,873,0,0,0,0,0,0,0.0
video13,TriClass-Cloud,874,0,0,0,0,0,0,0.0
video13,TriClass-Cloud,875,1,1,0,0,1,0,0.34196579456329346
video13,TriClass-Cloud,876,1,1,0,0,0,0,0.3880190849304199
video13,TriClass-Cloud,877,1,1,0,0,1,0,0.3245968818664551
video13,TriClass-Cloud,878,1,1,0,0,1,0,0.29652929306030273
video13,TriClass-Cloud,879,0,0,0,0,0,0,0.0
video13,TriClass-Cloud,880,0,0,0,0,0,0,0.0
video13,TriClass-Cloud,881,0,0,0,0,0,0,0.0
video13,TriClass-Cloud,882,0,0,0,0,0,0,0.0
video13,TriClass-Cloud,883,1,1,0,0,0,0,0.4637949764728546
video13,TriClass-Cloud,884,1,1,0,0,0,0,0.6476109027862549
video13,TriClass-Cloud,885,1,1,0,0,0,0,0.630761981010437
video13,TriClass-Cloud,886,1,1,0,0,0,0,0.3665218651294708
video13,TriClass-Cloud,887,1,1,0,0,0,0,0.5108506679534912
video13,TriClass-Cloud,888,2,2,0,0,0,0,0.49497559666633606
video13,TriClass-Cloud,889,2,2,0,0,1,0,0.5877817869186401
video13,TriClass-Cloud,890,1,1,0,0,0,0,0.6730412244796753
video13,TriClass-Cloud,891,2,2,0,0,1,0,0.43387770652770996
video13,TriClass-Cloud,892,1,1,0,0,0,0,0.7291963696479797
video13,TriClass-Cloud,893,2,2,0,0,0,0,0.4863276779651642
video13,TriClass-Cloud,894,1,1,0,0,0,0,0.4838763475418091
video13,TriClass-Cloud,895,0,0,0,0,0,0,0.0
video13,TriClass-Cloud,896,0,0,0,0,0,0,0.0
video13,TriClass-Cloud,897,0,0,0,0,0,0,0.0
video13,TriClass-Cloud,898,0,0,0,0,0,0,0.0
video13,TriClass-Cloud,899,0,0,0,0,0,0,0.0
video13,TriClass-Cloud,900,0,0,0,0,0,0,0.0
video13,TriClass-Cloud,901,0,0,0,0,0,0,0.0
video13,TriClass-Cloud,902,0,0,0,0,0,0,0.0
video13,TriClass-Cloud,903,0,0,0,0,0,0,0.0
video13,TriClass-Cloud,904,0,0,0,0,0,0,0.0
video13,TriClass-Cloud,905,1,1,0,0,0,0,0.4691433012485504
video13,TriClass-Cloud,906,0,0,0,0,0,0,0.0
video13,TriClass-Cloud,907,1,1,0,0,0,0,0.641829252243042
video13,TriClass-Cloud,908,1,1,0,0,0,0,0.6773971915245056
video13,TriClass-Cloud,909,1,1,0,0,0,0,0.770679771900177
video13,TriClass-Cloud,910,1,1,0,0,0,0,0.770477831363678
video13,TriClass-Cloud,911,1,1,0,0,0,0,0.5360032916069031
video13,TriClass-Cloud,912,0,0,0,0,0,0,0.0
video13,TriClass-Cloud,913,0,0,0,0,0,0,0.0
video13,TriClass-Cloud,914,0,0,0,0,0,0,0.0
video13,TriClass-Cloud,915,1,1,0,0,0,0,0.4548473060131073
video13,TriClass-Cloud,916,1,1,0,0,0,0,0.5657662153244019
video13,TriClass-Cloud,917,1,1,0,0,0,0,0.6457204222679138
video13,TriClass-Cloud,918,1,1,0,0,0,0,0.6371756792068481
video13,TriClass-Cloud,919,1,1,0,0,0,0,0.5239986181259155
video13,TriClass-Cloud,920,1,1,0,0,0,0,0.44309213757514954
video13,TriClass-Cloud,921,2,2,0,0,1,0,0.5647379755973816
video13,TriClass-Cloud,922,1,1,0,0,0,0,0.6408470273017883
video13,TriClass-Cloud,923,1,1,0,0,0,0,0.7009221911430359
video13,TriClass-Cloud,924,2,2,0,0,1,0,0.6010292768478394
video13,TriClass-Cloud,925,2,2,0,0,0,0,0.5162184834480286
video13,TriClass-Cloud,926,2,2,0,0,0,0,0.5189926028251648
video13,TriClass-Cloud,927,1,1,0,0,0,0,0.4194908142089844
video13,TriClass-Cloud,928,2,2,0,0,1,0,0.501579761505127
video13,TriClass-Cloud,929,2,2,0,0,0,0,0.4720965027809143
video13,TriClass-Cloud,930,2,2,0,0,0,0,0.45119789242744446
video13,TriClass-Cloud,931,2,2,0,0,0,0,0.41395828127861023
video13,TriClass-Cloud,932,1,1,0,0,0,0,0.6681718826293945
video13,TriClass-Cloud,933,1,1,0,0,0,0,0.7136164307594299
video13,TriClass-Cloud,934,1,1,0,0,0,0,0.6706017255783081
video13,TriClass-Cloud,935,1,1,0,0,0,0,0.5896450877189636
video13,TriClass-Cloud,936,2,2,0,0,0,0,0.4777205288410187
video13,TriClass-Cloud,937,1,1,0,0,0,0,0.6809715628623962
video13,TriClass-Cloud,938,1,1,0,0,0,0,0.7848515510559082
video13,TriClass-Cloud,939,2,2,0,0,1,0,0.7609541416168213
video13,TriClass-Cloud,940,1,1,0,0,0,0,0.7929838299751282
video13,TriClass-Cloud,941,1,1,0,0,0,0,0.8061516880989075
video13,TriClass-Cloud,942,1,1,0,0,0,0,0.8386214375495911
video13,TriClass-Cloud,943,1,1,0,0,0,0,0.8285959959030151
video13,TriClass-Cloud,944,1,1,0,0,0,0,0.7931072115898132
video13,TriClass-Cloud,945,1,1,0,0,0,0,0.8152951002120972
video13,TriClass-Cloud,946,1,1,0,0,0,0,0.8348065614700317
video13,TriClass-Cloud,947,1,1,0,0,0,0,0.8339227437973022
video13,TriClass-Cloud,948,1,1,0,0,0,0,0.814864456653595
video13,TriClass-Cloud,949,1,1,0,0,0,0,0.8256641030311584
video13,TriClass-Cloud,950,1,1,0,0,0,0,0.8246195912361145
video13,TriClass-Cloud,951,1,1,0,0,0,0,0.8219812512397766
video13,TriClass-Cloud,952,1,1,0,0,0,0,0.8159146904945374
video13,TriClass-Cloud,953,1,1,0,0,0,0,0.8174816966056824
video13,TriClass-Cloud,954,1,1,0,0,0,0,0.8119321465492249
video13,TriClass-Cloud,955,1,1,0,0,0,0,0.8056847453117371
video13,TriClass-Cloud,956,1,1,0,0,0,0,0.8023983836174011
video13,TriClass-Cloud,957,1,1,0,0,0,0,0.8107421398162842
video13,TriClass-Cloud,958,1,1,0,0,0,0,0.8011211156845093
video13,TriClass-Cloud,959,1,1,0,0,0,0,0.7854868173599243
video13,TriClass-Cloud,960,1,1,0,0,0,0,0.7885208129882812
video13,TriClass-Cloud,961,1,1,0,0,0,0,0.739122211933136
video13,TriClass-Cloud,962,1,1,0,0,0,0,0.7507416009902954
video13,TriClass-Cloud,963,1,1,0,0,0,0,0.6782861948013306
video13,TriClass-Cloud,964,2,2,0,0,1,0,0.6476304531097412
video13,TriClass-Cloud,965,1,1,0,0,0,0,0.6285938024520874
video13,TriClass-Cloud,966,1,1,0,0,0,0,0.7252070307731628
video13,TriClass-Cloud,967,1,1,0,0,0,0,0.6969969868659973
video13,TriClass-Cloud,968,1,1,0,0,1,0,0.34568682312965393
video13,TriClass-Cloud,969,1,1,0,0,0,0,0.7231401801109314
video13,TriClass-Cloud,970,1,1,0,0,0,0,0.6617361307144165
video13,TriClass-Cloud,971,1,1,0,0,0,0,0.40540438890457153
video13,TriClass-Cloud,972,1,1,0,0,0,0,0.44960713386535645
video13,TriClass-Cloud,973,2,2,0,0,0,0,0.6689197421073914
video13,TriClass-Cloud,974,2,2,0,0,0,0,0.7444963455200195
video13,TriClass-Cloud,975,2,2,0,0,0,0,0.6834767460823059
video13,TriClass-Cloud,976,1,1,0,0,0,0,0.41958916187286377
video13,TriClass-Cloud,977,2,2,0,0,1,0,0.6008288860321045
video13,TriClass-Cloud,978,1,1,0,0,0,0,0.5791800618171692
video13,TriClass-Cloud,979,1,1,0,0,0,0,0.597301185131073
video13,TriClass-Cloud,980,0,0,0,0,0,0,0.0
video13,TriClass-Cloud,981,0,0,0,0,0,0,0.0
video13,TriClass-Cloud,982,0,0,0,0,0,0,0.0
video13,TriClass-Cloud,983,0,0,0,0,0,0,0.0
video13,TriClass-Cloud,984,0,0,0,0,0,0,0.0
video13,TriClass-Cloud,985,0,0,0,0,0,0,0.0
video13,TriClass-Cloud,986,0,0,0,0,0,0,0.0
video13,TriClass-Cloud,987,0,0,0,0,0,0,0.0
video13,TriClass-Cloud,988,0,0,0,0,0,0,0.0
video13,TriClass-Cloud,989,0,0,0,0,0,0,0.0
video13,TriClass-Cloud,990,0,0,0,0,0,0,0.0
video13,TriClass-Cloud,991,0,0,0,0,0,0,0.0
video13,TriClass-Cloud,992,0,0,0,0,0,0,0.0
video13,TriClass-Cloud,993,0,0,0,0,0,0,0.0
video13,TriClass-Cloud,994,0,0,0,0,0,0,0.0
video13,TriClass-Cloud,995,0,0,0,0,0,0,0.0
video13,TriClass-Cloud,996,0,0,0,0,0,0,0.0
video13,TriClass-Cloud,997,0,0,0,0,0,0,0.0
video13,TriClass-Cloud,998,0,0,0,0,0,0,0.0
video13,TriClass-Cloud,999,0,0,0,0,0,0,0.0
video13,TriClass-Cloud,1000,0,0,0,0,0,0,0.0
video13,TriClass-Cloud,1001,0,0,0,0,0,0,0.0
video13,TriClass-Cloud,1002,0,0,0,0,0,0,0.0
video13,TriClass-Cloud,1003,0,0,0,0,0,0,0.0
video13,TriClass-Cloud,1004,0,0,0,0,0,0,0.0
video13,TriClass-Cloud,1005,0,0,0,0,0,0,0.0
video13,TriClass-Cloud,1006,0,0,0,0,0,0,0.0
video13,TriClass-Cloud,1007,0,0,0,0,0,0,0.0
video13,TriClass-Cloud,1008,0,0,0,0,0,0,0.0
video13,TriClass-Cloud,1009,0,0,0,0,0,0,0.0
video13,TriClass-Cloud,1010,0,0,0,0,0,0,0.0
video13,TriClass-Cloud,1011,0,0,0,0,0,0,0.0
video13,TriClass-Cloud,1012,0,0,0,0,0,0,0.0
video13,TriClass-Cloud,1013,0,0,0,0,0,0,0.0
video13,TriClass-Cloud,1014,0,0,0,0,0,0,0.0
video13,TriClass-Cloud,1015,0,0,0,0,0,0,0.0
video13,TriClass-Cloud,1016,0,0,0,0,0,0,0.0
video13,TriClass-Cloud,1017,0,0,0,0,0,0,0.0
video13,TriClass-Cloud,1018,0,0,0,0,0,0,0.0
video13,TriClass-Cloud,1019,0,0,0,0,0,0,0.0
video13,TriClass-Cloud,1020,0,0,0,0,0,0,0.0
video13,TriClass-Cloud,1021,1,1,0,0,1,0,0.25884196162223816
video13,TriClass-Cloud,1022,0,0,0,0,0,0,0.0
video13,TriClass-Cloud,1023,0,0,0,0,0,0,0.0
video13,TriClass-Cloud,1024,1,1,0,0,0,0,0.5275881886482239
video13,TriClass-Cloud,1025,0,0,0,0,0,0,0.0
video13,TriClass-Cloud,1026,0,0,0,0,0,0,0.0
video13,TriClass-Cloud,1027,1,1,0,0,0,0,0.42436540126800537
video13,TriClass-Cloud,1028,1,1,0,0,0,0,0.47937914729118347
video13,TriClass-Cloud,1029,0,0,0,0,0,0,0.0
video13,TriClass-Cloud,1030,1,1,0,0,0,0,0.46820881962776184
video13,TriClass-Cloud,1031,0,0,0,0,0,0,0.0
video13,TriClass-Cloud,1032,0,0,0,0,0,0,0.0
video13,TriClass-Cloud,1033,1,1,0,0,1,0,0.2973906397819519
video13,TriClass-Cloud,1034,0,0,0,0,0,0,0.0
video13,TriClass-Cloud,1035,1,1,0,0,0,0,0.6992664337158203
video13,TriClass-Cloud,1036,1,1,0,0,0,0,0.4211253523826599
video13,TriClass-Cloud,1037,0,0,0,0,0,0,0.0
video13,TriClass-Cloud,1038,0,0,0,0,0,0,0.0
video13,TriClass-Cloud,1039,0,0,0,0,0,0,0.0
video13,TriClass-Cloud,1040,0,0,0,0,0,0,0.0
video13,TriClass-Cloud,1041,0,0,0,0,0,0,0.0
video13,TriClass-Cloud,1042,0,0,0,0,0,0,0.0
video13,TriClass-Cloud,1043,0,0,0,0,0,0,0.0
video13,TriClass-Cloud,1044,0,0,0,0,0,0,0.0
video13,TriClass-Cloud,1045,1,1,0,0,0,0,0.4277101755142212
video13,TriClass-Cloud,1046,1,1,0,0,0,0,0.6899806261062622
video13,TriClass-Cloud,1047,1,1,0,0,0,0,0.7080961465835571
video13,TriClass-Cloud,1048,1,1,0,0,0,0,0.6886179447174072
video13,TriClass-Cloud,1049,1,1,0,0,0,0,0.7801260352134705
video13,TriClass-Cloud,1050,1,1,0,0,0,0,0.4996738135814667
video13,TriClass-Cloud,1051,1,1,0,0,0,0,0.7128043174743652
video13,TriClass-Cloud,1052,2,2,0,0,1,0,0.5040155053138733
video13,TriClass-Cloud,1053,0,0,0,0,0,0,0.0
video13,TriClass-Cloud,1054,1,1,0,0,0,0,0.3855503797531128
video13,TriClass-Cloud,1055,1,1,0,0,0,0,0.5498091578483582
video13,TriClass-Cloud,1056,1,1,0,0,0,0,0.5660223960876465
video13,TriClass-Cloud,1057,1,1,0,0,0,0,0.6215295791625977
video13,TriClass-Cloud,1058,1,1,0,0,0,0,0.5926181077957153
video13,TriClass-Cloud,1059,1,1,0,0,0,0,0.7226539254188538
video13,TriClass-Cloud,1060,1,1,0,0,0,0,0.654849112033844
video13,TriClass-Cloud,1061,1,1,0,0,0,0,0.583048939704895
video13,TriClass-Cloud,1062,1,1,0,0,0,0,0.7388652563095093
video13,TriClass-Cloud,1063,1,1,0,0,0,0,0.4917464256286621
video13,TriClass-Cloud,1064,1,1,0,0,0,0,0.6562989354133606
video13,TriClass-Cloud,1065,1,1,0,0,0,0,0.6737693548202515
video13,TriClass-Cloud,1066,1,1,0,0,0,0,0.5054870843887329
video13,TriClass-Cloud,1067,2,2,0,0,1,0,0.4734671711921692
video13,TriClass-Cloud,1068,1,1,0,0,0,0,0.4463820457458496
video13,TriClass-Cloud,1069,1,1,0,0,0,0,0.5055937767028809
video13,TriClass-Cloud,1070,1,1,0,0,0,0,0.45805442333221436
video13,TriClass-Cloud,1071,1,1,0,0,0,0,0.45557042956352234
video13,TriClass-Cloud,1072,1,1,0,0,1,0,0.32739385962486267
video13,TriClass-Cloud,1073,1,1,0,0,0,0,0.3650566041469574
video13,TriClass-Cloud,1074,0,0,0,0,0,0,0.0
video13,TriClass-Cloud,1075,1,1,0,0,1,0,0.3273908197879791
video13,TriClass-Cloud,1076,0,0,0,0,0,0,0.0
video13,TriClass-Cloud,1077,0,0,0,0,0,0,0.0
video13,TriClass-Cloud,1078,1,1,0,0,1,0,0.3009333312511444
video13,TriClass-Cloud,1079,1,1,0,0,1,0,0.34936514496803284
video13,TriClass-Cloud,1080,1,1,0,0,1,0,0.27649685740470886
video13,TriClass-Cloud,1081,1,1,0,0,1,0,0.2751409411430359
video13,TriClass-Cloud,1082,2,2,0,0,2,0,0.25730663537979126
video13,TriClass-Cloud,1083,1,1,0,0,1,0,0.34506434202194214
video13,TriClass-Cloud,1084,1,1,0,0,0,0,0.49848711490631104
video13,TriClass-Cloud,1085,1,1,0,0,0,0,0.5563663840293884
video13,TriClass-Cloud,1086,1,1,0,0,0,0,0.48602423071861267
video13,TriClass-Cloud,1087,1,1,0,0,0,0,0.5395563244819641
video13,TriClass-Cloud,1088,1,1,0,0,0,0,0.4864733815193176
video13,TriClass-Cloud,1089,1,1,0,0,0,0,0.49555954337120056
video13,TriClass-Cloud,1090,1,1,0,0,0,0,0.4152500629425049
video13,TriClass-Cloud,1091,1,1,0,0,0,0,0.44502249360084534
video13,TriClass-Cloud,1092,1,1,0,0,0,0,0.5193530321121216
video13,TriClass-Cloud,1093,1,1,0,0,0,0,0.5499205589294434
video13,TriClass-Cloud,1094,1,1,0,0,0,0,0.41004472970962524
video13,TriClass-Cloud,1095,1,1,0,0,0,0,0.41867995262145996
video13,TriClass-Cloud,1096,1,1,0,0,1,0,0.2511887550354004
video13,TriClass-Cloud,1097,0,0,0,0,0,0,0.0
video13,TriClass-Cloud,1098,0,0,0,0,0,0,0.0
video13,TriClass-Cloud,1099,0,0,0,0,0,0,0.0
video13,TriClass-Cloud,1100,1,1,0,0,1,0,0.2776206135749817
video13,TriClass-Cloud,1101,0,0,0,0,0,0,0.0
video13,TriClass-Cloud,1102,0,0,0,0,0,0,0.0
video13,TriClass-Cloud,1103,1,1,0,0,0,0,0.4030334949493408
video13,TriClass-Cloud,1104,1,1,0,0,1,0,0.3498547673225403
video13,TriClass-Cloud,1105,0,0,0,0,0,0,0.0
video13,TriClass-Cloud,1106,2,2,0,0,2,0,0.31537213921546936
video13,TriClass-Cloud,1107,1,1,0,0,1,0,0.31710174679756165
video13,TriClass-Cloud,1108,2,2,0,0,1,0,0.3826944828033447
video13,TriClass-Cloud,1109,1,1,0,0,0,0,0.7358852624893188
video13,TriClass-Cloud,1110,0,0,0,0,0,0,0.0
video13,TriClass-Cloud,1111,1,1,0,0,0,0,0.3722211420536041
video13,TriClass-Cloud,1112,1,1,0,0,0,0,0.5282763838768005
video13,TriClass-Cloud,1113,1,1,0,0,0,0,0.5685176253318787
video13,TriClass-Cloud,1114,1,1,0,0,1,0,0.31122198700904846
video13,TriClass-Cloud,1115,1,1,0,0,0,0,0.44914886355400085
video13,TriClass-Cloud,1116,1,1,0,0,1,0,0.3475113809108734
video13,TriClass-Cloud,1117,1,1,0,0,0,0,0.4646071195602417
video13,TriClass-Cloud,1118,1,1,0,0,0,0,0.5739270448684692
video13,TriClass-Cloud,1119,1,1,0,0,0,0,0.4247470498085022
video13,TriClass-Cloud,1120,1,1,0,0,0,0,0.4965237081050873
video13,TriClass-Cloud,1121,1,1,0,0,1,0,0.32596608996391296
video13,TriClass-Cloud,1122,0,0,0,0,0,0,0.0
video13,TriClass-Cloud,1123,1,1,0,0,0,0,0.42981287837028503
video13,TriClass-Cloud,1124,0,0,0,0,0,0,0.0
video13,TriClass-Cloud,1125,1,1,0,0,0,0,0.5198301672935486
video13,TriClass-Cloud,1126,1,1,0,0,0,0,0.49339523911476135
video13,TriClass-Cloud,1127,0,0,0,0,0,0,0.0
video13,TriClass-Cloud,1128,1,1,0,0,0,0,0.37406954169273376
video13,TriClass-Cloud,1129,1,1,0,0,0,0,0.5105686783790588
video13,TriClass-Cloud,1130,0,0,0,0,0,0,0.0
video13,TriClass-Cloud,1131,1,1,0,0,0,0,0.4291764497756958
video13,TriClass-Cloud,1132,1,1,0,0,0,0,0.4510200321674347
video13,TriClass-Cloud,1133,1,1,0,0,0,0,0.395913302898407
video13,TriClass-Cloud,1134,2,2,0,0,1,0,0.49303385615348816
video13,TriClass-Cloud,1135,1,1,0,0,0,0,0.4535858631134033
video13,TriClass-Cloud,1136,1,1,0,0,0,0,0.37234705686569214
video13,TriClass-Cloud,1137,0,0,0,0,0,0,0.0
video13,TriClass-Cloud,1138,0,0,0,0,0,0,0.0
video13,TriClass-Cloud,1139,1,1,0,0,1,0,0.30540168285369873
video13,TriClass-Cloud,1140,0,0,0,0,0,0,0.0
video13,TriClass-Cloud,1141,0,0,0,0,0,0,0.0
video13,TriClass-Cloud,1142,0,0,0,0,0,0,0.0
video13,TriClass-Cloud,1143,1,1,0,0,1,0,0.3018461763858795
video13,TriClass-Cloud,1144,0,0,0,0,0,0,0.0
video13,TriClass-Cloud,1145,0,0,0,0,0,0,0.0
video13,TriClass-Cloud,1146,0,0,0,0,0,0,0.0
video13,TriClass-Cloud,1147,0,0,0,0,0,0,0.0
video13,TriClass-Cloud,1148,0,0,0,0,0,0,0.0
video13,TriClass-Cloud,1149,1,1,0,0,0,0,0.405396431684494
video13,TriClass-Cloud,1150,0,0,0,0,0,0,0.0
video13,TriClass-Cloud,1151,0,0,0,0,0,0,0.0
video13,TriClass-Cloud,1152,0,0,0,0,0,0,0.0
video13,TriClass-Cloud,1153,0,0,0,0,0,0,0.0
video13,TriClass-Cloud,1154,1,1,0,0,1,0,0.2635553479194641
video13,TriClass-Cloud,1155,0,0,0,0,0,0,0.0
video13,TriClass-Cloud,1156,0,0,0,0,0,0,0.0
video13,TriClass-Cloud,1157,0,0,0,0,0,0,0.0
video13,TriClass-Cloud,1158,1,1,0,0,1,0,0.276218980550766
video13,TriClass-Cloud,1159,0,0,0,0,0,0,0.0
video13,TriClass-Cloud,1160,0,0,0,0,0,0,0.0
video13,TriClass-Cloud,1161,0,0,0,0,0,0,0.0
video13,TriClass-Cloud,1162,0,0,0,0,0,0,0.0
video13,TriClass-Cloud,1163,0,0,0,0,0,0,0.0
video13,TriClass-Cloud,1164,0,0,0,0,0,0,0.0
video13,TriClass-Cloud,1165,0,0,0,0,0,0,0.0
video13,TriClass-Cloud,1166,0,0,0,0,0,0,0.0
video13,TriClass-Cloud,1167,0,0,0,0,0,0,0.0
video13,TriClass-Cloud,1168,0,0,0,0,0,0,0.0
video13,TriClass-Cloud,1169,0,0,0,0,0,0,0.0
video13,TriClass-Cloud,1170,1,1,0,0,0,0,0.6899614334106445
video13,TriClass-Cloud,1171,1,1,0,0,0,0,0.6454066038131714
video13,TriClass-Cloud,1172,0,0,0,0,0,0,0.0
video13,TriClass-Cloud,1173,1,1,0,0,0,0,0.6798539757728577
video13,TriClass-Cloud,1174,1,1,0,0,0,0,0.7566571235656738
video13,TriClass-Cloud,1175,1,1,0,0,0,0,0.6895363330841064
video13,TriClass-Cloud,1176,1,1,0,0,0,0,0.6907612085342407
video13,TriClass-Cloud,1177,1,1,0,0,0,0,0.7455536723136902
video13,TriClass-Cloud,1178,1,1,0,0,0,0,0.573178231716156
video13,TriClass-Cloud,1179,1,1,0,0,0,0,0.664630651473999
video13,TriClass-Cloud,1180,1,1,0,0,0,0,0.6748965382575989
video13,TriClass-Cloud,1181,1,1,0,0,0,0,0.6043717861175537
video13,TriClass-Cloud,1182,1,1,0,0,0,0,0.5097591876983643
video13,TriClass-Cloud,1183,0,0,0,0,0,0,0.0
video13,TriClass-Cloud,1184,1,1,0,0,0,0,0.6263047456741333
video13,TriClass-Cloud,1185,1,1,0,0,0,0,0.4542026221752167
video13,TriClass-Cloud,1186,1,1,0,0,0,0,0.4373829662799835
video13,TriClass-Cloud,1187,1,1,0,0,0,0,0.49802660942077637
video13,TriClass-Cloud,1188,1,1,0,0,0,0,0.5410150289535522
video13,TriClass-Cloud,1189,1,1,0,0,0,0,0.7171517610549927
video13,TriClass-Cloud,1190,1,1,0,0,0,0,0.7486190795898438
video13,TriClass-Cloud,1191,1,1,0,0,0,0,0.5790896415710449
video13,TriClass-Cloud,1192,1,1,0,0,0,0,0.3880143463611603
video13,TriClass-Cloud,1193,1,1,0,0,0,0,0.5470724105834961
video13,TriClass-Cloud,1194,1,1,0,0,0,0,0.6046768426895142
video13,TriClass-Cloud,1195,2,2,0,0,0,0,0.3774455487728119
video13,TriClass-Cloud,1196,1,1,0,0,0,0,0.3997097909450531
video13,TriClass-Cloud,1197,1,1,0,0,1,0,0.27120155096054077
video13,TriClass-Cloud,1198,1,1,0,0,0,0,0.39783674478530884
video13,TriClass-Cloud,1199,1,1,0,0,0,0,0.45291009545326233
video13,TriClass-Cloud,1200,1,1,0,0,0,0,0.555562436580658
video13,TriClass-Cloud,1201,1,1,0,0,0,0,0.5408298373222351
video13,TriClass-Cloud,1202,2,2,0,0,2,0,0.33845409750938416
video13,TriClass-Cloud,1203,1,1,0,0,0,0,0.3951869308948517
video13,TriClass-Cloud,1204,1,1,0,0,0,0,0.6190442442893982
video13,TriClass-Cloud,1205,1,1,0,0,0,0,0.6711808443069458
video13,TriClass-Cloud,1206,2,2,0,0,1,0,0.36531370878219604
video13,TriClass-Cloud,1207,2,2,0,0,1,0,0.5205753445625305
video13,TriClass-Cloud,1208,1,1,0,0,0,0,0.5579008460044861
video13,TriClass-Cloud,1209,2,2,0,0,1,0,0.56346595287323
video13,TriClass-Cloud,1210,1,1,0,0,0,0,0.6164130568504333
video13,TriClass-Cloud,1211,2,2,0,0,1,0,0.4786445200443268
video13,TriClass-Cloud,1212,2,2,0,0,1,0,0.48773393034935
video13,TriClass-Cloud,1213,1,1,0,0,0,0,0.4652104675769806
video13,TriClass-Cloud,1214,1,1,0,0,0,0,0.5644593238830566
video13,TriClass-Cloud,1215,2,2,0,0,1,0,0.5102564096450806
video13,TriClass-Cloud,1216,1,1,0,0,0,0,0.575768768787384
video13,TriClass-Cloud,1217,1,1,0,0,0,0,0.5290547609329224
video13,TriClass-Cloud,1218,2,2,0,0,1,0,0.5319387316703796
video13,TriClass-Cloud,1219,1,1,0,0,0,0,0.5893345475196838
video13,TriClass-Cloud,1220,1,1,0,0,0,0,0.6321538686752319
video13,TriClass-Cloud,1221,1,1,0,0,0,0,0.46070000529289246
video13,TriClass-Cloud,1222,1,1,0,0,0,0,0.47455844283103943
video13,TriClass-Cloud,1223,1,1,0,0,0,0,0.48809900879859924
video13,TriClass-Cloud,1224,1,1,0,0,0,0,0.44625890254974365
video13,TriClass-Cloud,1225,1,1,0,0,0,0,0.49845004081726074
video13,TriClass-Cloud,1226,1,1,0,0,0,0,0.5785977840423584
video13,TriClass-Cloud,1227,2,2,0,0,1,0,0.523269534111023
video13,TriClass-Cloud,1228,2,2,0,0,1,0,0.5834600329399109
video13,TriClass-Cloud,1229,1,1,0,0,0,0,0.6514965295791626
video13,TriClass-Cloud,1230,2,2,0,0,1,0,0.4548833668231964
video13,TriClass-Cloud,1231,1,1,0,0,0,0,0.47759291529655457
video13,TriClass-Cloud,1232,1,1,0,0,0,0,0.6776885986328125
video13,TriClass-Cloud,1233,1,1,0,0,0,0,0.45557454228401184
video13,TriClass-Cloud,1234,1,1,0,0,1,0,0.2811206579208374
video13,TriClass-Cloud,1235,1,1,0,0,0,0,0.38855403661727905
video13,TriClass-Cloud,1236,0,0,0,0,0,0,0.0
video13,TriClass-Cloud,1237,1,1,0,0,0,0,0.5353140830993652
video13,TriClass-Cloud,1238,1,1,0,0,0,0,0.6248077750205994
video13,TriClass-Cloud,1239,1,1,0,0,0,0,0.7715908288955688
video13,TriClass-Cloud,1240,1,1,0,0,0,0,0.7206346392631531
video13,TriClass-Cloud,1241,1,1,0,0,0,0,0.6710869073867798
video13,TriClass-Cloud,1242,1,1,0,0,0,0,0.6219699382781982
video13,TriClass-Cloud,1243,1,1,0,0,0,0,0.6543622016906738
video13,TriClass-Cloud,1244,1,1,0,0,0,0,0.6792897582054138
video13,TriClass-Cloud,1245,1,1,0,0,0,0,0.6314258575439453
video13,TriClass-Cloud,1246,1,1,0,0,0,0,0.6218621134757996
video13,TriClass-Cloud,1247,1,1,0,0,0,0,0.717164933681488
video13,TriClass-Cloud,1248,1,1,0,0,0,0,0.7511621713638306
video13,TriClass-Cloud,1249,1,1,0,0,0,0,0.7540712952613831
video13,TriClass-Cloud,1250,1,1,0,0,0,0,0.7564069032669067
video13,TriClass-Cloud,1251,1,1,0,0,0,0,0.6748078465461731
video13,TriClass-Cloud,1252,1,1,0,0,0,0,0.7277041673660278
video13,TriClass-Cloud,1253,1,1,0,0,0,0,0.7120116353034973
video13,TriClass-Cloud,1254,1,1,0,0,0,0,0.6430701017379761
video13,TriClass-Cloud,1255,1,1,0,0,0,0,0.6089165806770325
video13,TriClass-Cloud,1256,1,1,0,0,0,0,0.6183100342750549
video13,TriClass-Cloud,1257,1,1,0,0,0,0,0.5922731161117554
video13,TriClass-Cloud,1258,1,1,0,0,0,0,0.5821213126182556
video13,TriClass-Cloud,1259,1,1,0,0,0,0,0.6340092420578003
video13,TriClass-Cloud,1260,1,1,0,0,0,0,0.6603538990020752
video13,TriClass-Cloud,1261,1,1,0,0,0,0,0.703834056854248
video13,TriClass-Cloud,1262,1,1,0,0,0,0,0.745772123336792
video13,TriClass-Cloud,1263,1,1,0,0,0,0,0.6535547971725464
video13,TriClass-Cloud,1264,1,1,0,0,0,0,0.6733230948448181
video13,TriClass-Cloud,1265,1,1,0,0,0,0,0.7426317930221558
video13,TriClass-Cloud,1266,1,1,0,0,0,0,0.7254693508148193
video13,TriClass-Cloud,1267,2,2,0,0,1,0,0.5584210753440857
video13,TriClass-Cloud,1268,2,2,0,0,0,0,0.5165990591049194
video13,TriClass-Cloud,1269,1,1,0,0,0,0,0.7374618053436279
video13,TriClass-Cloud,1270,1,1,0,0,0,0,0.7613837718963623
video13,TriClass-Cloud,1271,1,1,0,0,0,0,0.6654135584831238
video13,TriClass-Cloud,1272,1,1,0,0,0,0,0.7259857058525085
video13,TriClass-Cloud,1273,1,1,0,0,0,0,0.6487934589385986
video13,TriClass-Cloud,1274,2,2,0,0,1,0,0.575166642665863
video13,TriClass-Cloud,1275,1,1,0,0,0,0,0.7139834761619568
video13,TriClass-Cloud,1276,1,1,0,0,0,0,0.7205499410629272
video13,TriClass-Cloud,1277,1,1,0,0,0,0,0.7758596539497375
video13,TriClass-Cloud,1278,1,1,0,0,0,0,0.743566632270813
video13,TriClass-Cloud,1279,1,1,0,0,0,0,0.6936286091804504
video13,TriClass-Cloud,1280,1,1,0,0,0,0,0.7241498231887817
video13,TriClass-Cloud,1281,1,1,0,0,0,0,0.7586517333984375
video13,TriClass-Cloud,1282,1,1,0,0,0,0,0.7296580672264099
video13,TriClass-Cloud,1283,1,1,0,0,0,0,0.7657714486122131
video13,TriClass-Cloud,1284,1,1,0,0,0,0,0.7726224660873413
video13,TriClass-Cloud,1285,1,1,0,0,0,0,0.7555723786354065
video13,TriClass-Cloud,1286,1,1,0,0,0,0,0.8060731887817383
video13,TriClass-Cloud,1287,1,1,0,0,0,0,0.8165372610092163
video13,TriClass-Cloud,1288,1,1,0,0,0,0,0.8037590384483337
video13,TriClass-Cloud,1289,1,1,0,0,0,0,0.7649980783462524
video13,TriClass-Cloud,1290,1,1,0,0,0,0,0.7663756012916565
video13,TriClass-Cloud,1291,1,1,0,0,0,0,0.781732976436615
video13,TriClass-Cloud,1292,1,1,0,0,0,0,0.8122130632400513
video13,TriClass-Cloud,1293,1,1,0,0,0,0,0.7544921040534973
video13,TriClass-Cloud,1294,1,1,0,0,0,0,0.8002472519874573
video13,TriClass-Cloud,1295,1,1,0,0,0,0,0.7772337794303894
video13,TriClass-Cloud,1296,1,1,0,0,0,0,0.797899067401886
video13,TriClass-Cloud,1297,1,1,0,0,0,0,0.7623494267463684
video13,TriClass-Cloud,1298,1,1,0,0,0,0,0.7929033041000366
video13,TriClass-Cloud,1299,1,1,0,0,0,0,0.7354964017868042
video13,TriClass-Cloud,1300,1,1,0,0,0,0,0.7805287837982178
video13,TriClass-Cloud,1301,1,1,0,0,0,0,0.7644460797309875
video13,TriClass-Cloud,1302,1,1,0,0,0,0,0.763350248336792
video13,TriClass-Cloud,1303,1,1,0,0,0,0,0.7873532772064209
video13,TriClass-Cloud,1304,1,1,0,0,0,0,0.7752899527549744
video13,TriClass-Cloud,1305,1,1,0,0,0,0,0.7476231455802917
video13,TriClass-Cloud,1306,1,1,0,0,0,0,0.7491728663444519
video13,TriClass-Cloud,1307,1,1,0,0,0,0,0.7260968685150146
video13,TriClass-Cloud,1308,1,1,0,0,0,0,0.7602884769439697
video13,TriClass-Cloud,1309,1,1,0,0,0,0,0.7543251514434814
video13,TriClass-Cloud,1310,1,1,0,0,0,0,0.745667576789856
video13,TriClass-Cloud,1311,1,1,0,0,0,0,0.7203461527824402
video13,TriClass-Cloud,1312,1,1,0,0,0,0,0.7611234784126282
video13,TriClass-Cloud,1313,1,1,0,0,0,0,0.715640664100647
video13,TriClass-Cloud,1314,1,1,0,0,0,0,0.7002238035202026
video13,TriClass-Cloud,1315,1,1,0,0,0,0,0.6883129477500916
video13,TriClass-Cloud,1316,1,1,0,0,0,0,0.6702515482902527
video13,TriClass-Cloud,1317,1,1,0,0,0,0,0.7118943333625793
video13,TriClass-Cloud,1318,1,1,0,0,0,0,0.7340856194496155
video13,TriClass-Cloud,1319,1,1,0,0,0,0,0.7089843153953552
video13,TriClass-Cloud,1320,1,1,0,0,0,0,0.6344141364097595
video13,TriClass-Cloud,1321,1,1,0,0,0,0,0.5339440703392029
video13,TriClass-Cloud,1322,1,1,0,0,0,0,0.4400518536567688
video13,TriClass-Cloud,1323,1,1,0,0,1,0,0.3160887062549591
video13,TriClass-Cloud,1324,0,0,0,0,0,0,0.0
video13,TriClass-Cloud,1325,0,0,0,0,0,0,0.0
video13,TriClass-Cloud,1326,1,1,0,0,0,0,0.6469334959983826
video13,TriClass-Cloud,1327,1,1,0,0,0,0,0.7262777090072632
video13,TriClass-Cloud,1328,1,1,0,0,0,0,0.7319855093955994
video13,TriClass-Cloud,1329,1,1,0,0,0,0,0.7482545971870422
video13,TriClass-Cloud,1330,1,1,0,0,0,0,0.7252440452575684
video13,TriClass-Cloud,1331,1,1,0,0,0,0,0.736278772354126
video13,TriClass-Cloud,1332,1,1,0,0,0,0,0.7413907051086426
video13,TriClass-Cloud,1333,1,1,0,0,0,0,0.7674885988235474
video13,TriClass-Cloud,1334,1,1,0,0,0,0,0.7618162035942078
video13,TriClass-Cloud,1335,1,1,0,0,0,0,0.7717070579528809
video13,TriClass-Cloud,1336,1,1,0,0,0,0,0.7542575001716614
video13,TriClass-Cloud,1337,1,1,0,0,0,0,0.6739624738693237
video13,TriClass-Cloud,1338,1,1,0,0,0,0,0.7257803678512573
video13,TriClass-Cloud,1339,1,1,0,0,0,0,0.7843367457389832
video13,TriClass-Cloud,1340,1,1,0,0,0,0,0.7194198369979858
video13,TriClass-Cloud,1341,1,1,0,0,0,0,0.6895079612731934
video13,TriClass-Cloud,1342,1,1,0,0,0,0,0.6813757419586182
video13,TriClass-Cloud,1343,1,1,0,0,0,0,0.7893738746643066
video13,TriClass-Cloud,1344,1,1,0,0,0,0,0.7771041989326477
video13,TriClass-Cloud,1345,1,1,0,0,0,0,0.764454185962677
video13,TriClass-Cloud,1346,1,1,0,0,0,0,0.6430667638778687
video13,TriClass-Cloud,1347,2,2,0,0,1,0,0.5916942358016968
video13,TriClass-Cloud,1348,1,1,0,0,0,0,0.7032116055488586
video13,TriClass-Cloud,1349,2,2,0,0,1,0,0.5987654328346252
video13,TriClass-Cloud,1350,1,1,0,0,0,0,0.5065639019012451
video13,TriClass-Cloud,1351,1,1,0,0,0,0,0.4655427932739258
video13,TriClass-Cloud,1352,1,1,0,0,0,0,0.6329368948936462
video13,TriClass-Cloud,1353,1,1,0,0,0,0,0.6684070229530334
video13,TriClass-Cloud,1354,1,1,0,0,0,0,0.5205889344215393
video13,TriClass-Cloud,1355,1,1,0,0,0,0,0.36476120352745056
video13,TriClass-Cloud,1356,1,1,0,0,0,0,0.6748707890510559
video13,TriClass-Cloud,1357,2,2,0,0,1,0,0.5585201978683472
video13,TriClass-Cloud,1358,2,2,0,0,1,0,0.38876962661743164
video13,TriClass-Cloud,1359,2,2,0,0,1,0,0.5947613716125488
video13,TriClass-Cloud,1360,1,1,0,0,0,0,0.676487147808075
video13,TriClass-Cloud,1361,1,1,0,0,0,0,0.6674142479896545
video13,TriClass-Cloud,1362,1,1,0,0,0,0,0.6836656928062439
video13,TriClass-Cloud,1363,1,1,0,0,0,0,0.6589412689208984
video13,TriClass-Cloud,1364,0,0,0,0,0,0,0.0
video13,TriClass-Cloud,1365,0,0,0,0,0,0,0.0
video13,TriClass-Cloud,1366,1,1,0,0,0,0,0.7464389801025391
video13,TriClass-Cloud,1367,1,1,0,0,0,0,0.6841931939125061
video13,TriClass-Cloud,1368,1,1,0,0,0,0,0.8019131422042847
video13,TriClass-Cloud,1369,1,1,0,0,0,0,0.7654591798782349
video13,TriClass-Cloud,1370,1,1,0,0,0,0,0.7161990404129028
video13,TriClass-Cloud,1371,1,1,0,0,0,0,0.7110211849212646
video13,TriClass-Cloud,1372,1,1,0,0,0,0,0.6790239810943604
video13,TriClass-Cloud,1373,1,1,0,0,0,0,0.675632119178772
video13,TriClass-Cloud,1374,1,1,0,0,0,0,0.5903010964393616
video13,TriClass-Cloud,1375,1,1,0,0,0,0,0.6564117074012756
video13,TriClass-Cloud,1376,1,1,0,0,0,0,0.5381774306297302
video13,TriClass-Cloud,1377,0,0,0,0,0,0,0.0
video13,TriClass-Cloud,1378,1,1,0,0,0,0,0.6215940117835999
video13,TriClass-Cloud,1379,1,1,0,0,0,0,0.6825602650642395
video13,TriClass-Cloud,1380,1,1,0,0,0,0,0.6277163624763489
video13,TriClass-Cloud,1381,1,1,0,0,0,0,0.557852029800415
video13,TriClass-Cloud,1382,1,1,0,0,0,0,0.7172165513038635
video13,TriClass-Cloud,1383,1,1,0,0,0,0,0.5883435606956482
video13,TriClass-Cloud,1384,1,1,0,0,0,0,0.42434439063072205
video13,TriClass-Cloud,1385,1,1,0,0,0,0,0.6423888802528381
video13,TriClass-Cloud,1386,1,1,0,0,0,0,0.5850416421890259
video13,TriClass-Cloud,1387,1,1,0,0,0,0,0.6011704206466675
video13,TriClass-Cloud,1388,1,1,0,0,0,0,0.5731028914451599
video13,TriClass-Cloud,1389,1,1,0,0,0,0,0.7779443264007568
video13,TriClass-Cloud,1390,1,1,0,0,0,0,0.7241058349609375
video13,TriClass-Cloud,1391,1,1,0,0,0,0,0.6554390788078308
video13,TriClass-Cloud,1392,1,1,0,0,0,0,0.7824136018753052
video13,TriClass-Cloud,1393,1,1,0,0,0,0,0.7283273339271545
video13,TriClass-Cloud,1394,1,1,0,0,0,0,0.7469182014465332
video13,TriClass-Cloud,1395,1,1,0,0,0,0,0.7587495446205139
video13,TriClass-Cloud,1396,1,1,0,0,0,0,0.5416132807731628
video13,TriClass-Cloud,1397,1,1,0,0,0,0,0.7028166055679321
video13,TriClass-Cloud,1398,1,1,0,0,0,0,0.6955481171607971
video13,TriClass-Cloud,1399,1,1,0,0,1,0,0.3408356010913849
video13,TriClass-Cloud,1400,1,1,0,0,0,0,0.653579592704773
video13,TriClass-Cloud,1401,1,1,0,0,1,0,0.27680256962776184
video13,TriClass-Cloud,1402,1,1,0,0,1,0,0.2641907334327698
video13,TriClass-Cloud,1403,1,1,0,0,0,0,0.589340329170227
video13,TriClass-Cloud,1404,2,2,0,0,2,0,0.3425760269165039
video13,TriClass-Cloud,1405,1,1,0,0,0,0,0.6248086094856262
video13,TriClass-Cloud,1406,1,1,0,0,0,0,0.6025146842002869
video13,TriClass-Cloud,1407,1,1,0,0,0,0,0.6908320784568787
video13,TriClass-Cloud,1408,1,1,0,0,0,0,0.6729482412338257
video13,TriClass-Cloud,1409,1,1,0,0,0,0,0.7412817478179932
video13,TriClass-Cloud,1410,1,1,0,0,0,0,0.6316195726394653
video13,TriClass-Cloud,1411,2,2,0,0,1,0,0.4524754583835602
video13,TriClass-Cloud,1412,1,1,0,0,0,0,0.6878774762153625
video13,TriClass-Cloud,1413,1,1,0,0,0,0,0.5774149298667908
video13,TriClass-Cloud,1414,2,2,0,0,0,0,0.5167469382286072
video13,TriClass-Cloud,1415,1,1,0,0,0,0,0.7967268824577332
video13,TriClass-Cloud,1416,1,1,0,0,0,0,0.7440652251243591
video13,TriClass-Cloud,1417,1,1,0,0,0,0,0.5657622218132019
video13,TriClass-Cloud,1418,1,1,0,0,0,0,0.6697388291358948
video13,TriClass-Cloud,1419,1,1,0,0,0,0,0.3866695761680603
video13,TriClass-Cloud,1420,1,1,0,0,1,0,0.33516764640808105
video13,TriClass-Cloud,1421,1,1,0,0,0,0,0.6464393734931946
video13,TriClass-Cloud,1422,1,1,0,0,0,0,0.4909731447696686
video13,TriClass-Cloud,1423,1,1,0,0,0,0,0.6759039163589478
video13,TriClass-Cloud,1424,2,2,0,0,0,0,0.46861228346824646
video13,TriClass-Cloud,1425,2,2,0,0,0,0,0.48120930790901184
video13,TriClass-Cloud,1426,1,1,0,0,0,0,0.5869615077972412
video13,TriClass-Cloud,1427,1,1,0,0,0,0,0.5334790945053101
video13,TriClass-Cloud,1428,1,1,0,0,1,0,0.34188970923423767
video13,TriClass-Cloud,1429,1,1,0,0,0,0,0.5893486142158508
video13,TriClass-Cloud,1430,0,0,0,0,0,0,0.0
video13,TriClass-Cloud,1431,2,2,0,0,1,0,0.5563058853149414
video13,TriClass-Cloud,1432,2,2,0,0,1,0,0.4718821346759796
video13,TriClass-Cloud,1433,1,1,0,0,0,0,0.5262713432312012
video13,TriClass-Cloud,1434,1,1,0,0,0,0,0.5735971927642822
video13,TriClass-Cloud,1435,1,1,0,0,0,0,0.6009220480918884
video13,TriClass-Cloud,1436,1,1,0,0,0,0,0.5664653182029724
video13,TriClass-Cloud,1437,1,1,0,0,0,0,0.6859431862831116
video13,TriClass-Cloud,1438,1,1,0,0,0,0,0.6996569633483887
video13,TriClass-Cloud,1439,1,1,0,0,0,0,0.7283763885498047
video13,TriClass-Cloud,1440,1,1,0,0,0,0,0.6603668332099915
video13,TriClass-Cloud,1441,1,1,0,0,0,0,0.6677044034004211
video13,TriClass-Cloud,1442,1,1,0,0,0,0,0.6521537899971008
video13,TriClass-Cloud,1443,1,1,0,0,0,0,0.6157864332199097
video13,TriClass-Cloud,1444,2,2,0,0,0,0,0.423591673374176
video13,TriClass-Cloud,1445,2,2,0,0,1,0,0.5427728891372681
video13,TriClass-Cloud,1446,1,1,0,0,0,0,0.7684915065765381
video13,TriClass-Cloud,1447,1,1,0,0,0,0,0.7261797189712524
video13,TriClass-Cloud,1448,1,1,0,0,0,0,0.7292893528938293
video13,TriClass-Cloud,1449,1,1,0,0,0,0,0.7070733308792114
video13,TriClass-Cloud,1450,1,1,0,0,0,0,0.6980115175247192
video13,TriClass-Cloud,1451,2,2,0,0,0,0,0.5230902433395386
video13,TriClass-Cloud,1452,1,1,0,0,0,0,0.7142492532730103
video13,TriClass-Cloud,1453,1,1,0,0,0,0,0.6421634554862976
video13,TriClass-Cloud,1454,1,1,0,0,0,0,0.5966337323188782
video13,TriClass-Cloud,1455,2,2,0,0,0,0,0.39897480607032776
video13,TriClass-Cloud,1456,1,1,0,0,0,0,0.5390057563781738
video13,TriClass-Cloud,1457,2,2,0,0,1,0,0.35274744033813477
video13,TriClass-Cloud,1458,1,1,0,0,0,0,0.4571497440338135
video13,TriClass-Cloud,1459,1,1,0,0,0,0,0.5538707971572876
video13,TriClass-Cloud,1460,1,1,0,0,0,0,0.564305305480957
video13,TriClass-Cloud,1461,1,1,0,0,0,0,0.6398510932922363
video13,TriClass-Cloud,1462,1,1,0,0,0,0,0.43313291668891907
video13,TriClass-Cloud,1463,1,1,0,0,0,0,0.4489463269710541
video13,TriClass-Cloud,1464,1,1,0,0,0,0,0.6752275824546814
video13,TriClass-Cloud,1465,1,1,0,0,0,0,0.670729398727417
video13,TriClass-Cloud,1466,1,1,0,0,0,0,0.5360603332519531
video13,TriClass-Cloud,1467,1,1,0,0,0,0,0.5441505908966064
video13,TriClass-Cloud,1468,1,1,0,0,0,0,0.6202625036239624
video13,TriClass-Cloud,1469,1,1,0,0,0,0,0.6058359146118164
video13,TriClass-Cloud,1470,1,1,0,0,0,0,0.563008189201355
video13,TriClass-Cloud,1471,1,1,0,0,0,0,0.5587575435638428
video13,TriClass-Cloud,1472,1,1,0,0,0,0,0.5780788660049438
video13,TriClass-Cloud,1473,2,2,0,0,1,0,0.4527246654033661
video13,TriClass-Cloud,1474,1,1,0,0,0,0,0.607127845287323
video13,TriClass-Cloud,1475,1,1,0,0,0,0,0.6194601655006409
video13,TriClass-Cloud,1476,1,1,0,0,0,0,0.5695556998252869
video13,TriClass-Cloud,1477,1,1,0,0,0,0,0.601456880569458
video13,TriClass-Cloud,1478,1,1,0,0,0,0,0.5907149910926819
video13,TriClass-Cloud,1479,1,1,0,0,0,0,0.5123704671859741
video13,TriClass-Cloud,1480,1,1,0,0,0,0,0.5845174193382263
video13,TriClass-Cloud,1481,1,1,0,0,0,0,0.5499364137649536
video13,TriClass-Cloud,1482,1,1,0,0,0,0,0.5388028621673584
video13,TriClass-Cloud,1483,1,1,0,0,0,0,0.6109949946403503
video13,TriClass-Cloud,1484,1,1,0,0,0,0,0.5338720083236694
video13,TriClass-Cloud,1485,2,2,0,0,1,0,0.46673595905303955
video13,TriClass-Cloud,1486,1,1,0,0,0,0,0.46614307165145874
video13,TriClass-Cloud,1487,2,2,0,0,1,0,0.4331481456756592
video13,TriClass-Cloud,1488,1,1,0,0,1,0,0.299113392829895
video13,TriClass-Cloud,1489,1,1,0,0,1,0,0.3001488745212555
video13,TriClass-Cloud,1490,2,2,0,0,2,0,0.34850016236305237
video13,TriClass-Cloud,1491,1,1,0,0,0,0,0.45866692066192627
video13,TriClass-Cloud,1492,2,2,0,0,0,0,0.37361153960227966
video13,TriClass-Cloud,1493,1,1,0,0,0,0,0.4199599325656891
video13,TriClass-Cloud,1494,2,2,0,0,1,0,0.4352494478225708
video13,TriClass-Cloud,1495,0,0,0,0,0,0,0.0
video13,TriClass-Cloud,1496,0,0,0,0,0,0,0.0
video13,TriClass-Cloud,1497,0,0,0,0,0,0,0.0
video13,TriClass-Cloud,1498,1,1,0,0,1,0,0.29951202869415283
video13,TriClass-Cloud,1499,1,1,0,0,1,0,0.34439757466316223
video13,TriClass-Cloud,1500,1,1,0,0,0,0,0.39590781927108765
video13,TriClass-Cloud,1501,1,1,0,0,0,0,0.37937501072883606
video13,TriClass-Cloud,1502,1,1,0,0,1,0,0.291453093290329
video13,TriClass-Cloud,1503,0,0,0,0,0,0,0.0
video13,TriClass-Cloud,1504,0,0,0,0,0,0,0.0
video13,TriClass-Cloud,1505,0,0,0,0,0,0,0.0
video13,TriClass-Cloud,1506,0,0,0,0,0,0,0.0
video13,TriClass-Cloud,1507,0,0,0,0,0,0,0.0
video13,TriClass-Cloud,1508,1,1,0,0,1,0,0.27827000617980957
video13,TriClass-Cloud,1509,1,1,0,0,0,0,0.6035784482955933
video13,TriClass-Cloud,1510,1,1,0,0,0,0,0.7072317600250244
video13,TriClass-Cloud,1511,1,1,0,0,0,0,0.7057945132255554
video13,TriClass-Cloud,1512,1,1,0,0,0,0,0.6104346513748169
video13,TriClass-Cloud,1513,1,1,0,0,0,0,0.6581313610076904
video13,TriClass-Cloud,1514,1,1,0,0,0,0,0.6728367805480957
video13,TriClass-Cloud,1515,1,1,0,0,0,0,0.653880774974823
video13,TriClass-Cloud,1516,1,1,0,0,0,0,0.6199735403060913
video13,TriClass-Cloud,1517,1,1,0,0,0,0,0.6961939334869385
video13,TriClass-Cloud,1518,1,1,0,0,0,0,0.746535062789917
video13,TriClass-Cloud,1519,1,1,0,0,0,0,0.7777066826820374
video13,TriClass-Cloud,1520,1,1,0,0,0,0,0.5102674961090088
video13,TriClass-Cloud,1521,0,0,0,0,0,0,0.0
video13,TriClass-Cloud,1522,0,0,0,0,0,0,0.0
video13,TriClass-Cloud,1523,2,2,0,0,2,0,0.3363097608089447
video13,TriClass-Cloud,1524,1,1,0,0,0,0,0.359773725271225
video13,TriClass-Cloud,1525,1,1,0,0,0,0,0.5553861260414124
video13,TriClass-Cloud,1526,1,1,0,0,0,0,0.46325820684432983
video13,TriClass-Cloud,1527,1,1,0,0,0,0,0.4585353136062622
video13,TriClass-Cloud,1528,1,1,0,0,0,0,0.4910244047641754
video13,TriClass-Cloud,1529,1,1,0,0,0,0,0.5618349313735962
video13,TriClass-Cloud,1530,0,0,0,0,0,0,0.0
video13,TriClass-Cloud,1531,0,0,0,0,0,0,0.0
video13,TriClass-Cloud,1532,1,1,0,0,0,0,0.3903074562549591
video13,TriClass-Cloud,1533,2,2,0,0,0,0,0.398747980594635
video13,TriClass-Cloud,1534,1,1,0,0,0,0,0.4473867118358612
video13,TriClass-Cloud,1535,1,1,0,0,0,0,0.6004678606987
video13,TriClass-Cloud,1536,1,1,0,0,0,0,0.5892910361289978
video13,TriClass-Cloud,1537,1,1,0,0,0,0,0.6064618229866028
video13,TriClass-Cloud,1538,1,1,0,0,0,0,0.5807220935821533
video13,TriClass-Cloud,1539,1,1,0,0,0,0,0.6580687761306763
video13,TriClass-Cloud,1540,1,1,0,0,0,0,0.6550189852714539
video13,TriClass-Cloud,1541,1,1,0,0,0,0,0.6622544527053833
video13,TriClass-Cloud,1542,1,1,0,0,0,0,0.6913669109344482
video13,TriClass-Cloud,1543,1,1,0,0,0,0,0.6611334681510925
video13,TriClass-Cloud,1544,1,1,0,0,0,0,0.6363869905471802
video13,TriClass-Cloud,1545,1,1,0,0,0,0,0.6738624572753906
video13,TriClass-Cloud,1546,1,1,0,0,0,0,0.6773513555526733
video13,TriClass-Cloud,1547,1,1,0,0,0,0,0.6755627989768982
video13,TriClass-Cloud,1548,1,1,0,0,0,0,0.651251494884491
video13,TriClass-Cloud,1549,1,1,0,0,0,0,0.6779739260673523
video13,TriClass-Cloud,1550,1,1,0,0,0,0,0.6640745997428894
video13,TriClass-Cloud,1551,1,1,0,0,0,0,0.6954115629196167
video13,TriClass-Cloud,1552,1,1,0,0,0,0,0.7355396151542664
video13,TriClass-Cloud,1553,1,1,0,0,0,0,0.7286472320556641
video13,TriClass-Cloud,1554,1,1,0,0,0,0,0.755995512008667
video13,TriClass-Cloud,1555,1,1,0,0,0,0,0.7177228331565857
video13,TriClass-Cloud,1556,1,1,0,0,0,0,0.7139016389846802
video13,TriClass-Cloud,1557,1,1,0,0,0,0,0.7623199224472046
video13,TriClass-Cloud,1558,1,1,0,0,0,0,0.6891364455223083
video13,TriClass-Cloud,1559,1,1,0,0,0,0,0.7336824536323547
video13,TriClass-Cloud,1560,1,1,0,0,0,0,0.716496467590332
video13,TriClass-Cloud,1561,1,1,0,0,0,0,0.7671962380409241
video13,TriClass-Cloud,1562,1,1,0,0,0,0,0.7693900465965271
video13,TriClass-Cloud,1563,1,1,0,0,0,0,0.7811558842658997
video13,TriClass-Cloud,1564,1,1,0,0,0,0,0.7876046895980835
video13,TriClass-Cloud,1565,1,1,0,0,0,0,0.765084445476532
video13,TriClass-Cloud,1566,1,1,0,0,0,0,0.7019684910774231
video13,TriClass-Cloud,1567,1,1,0,0,0,0,0.7456356287002563
video13,TriClass-Cloud,1568,1,1,0,0,0,0,0.7333160638809204
video13,TriClass-Cloud,1569,1,1,0,0,0,0,0.6386430859565735
video13,TriClass-Cloud,1570,2,2,0,0,0,0,0.45082008838653564
video13,TriClass-Cloud,1571,1,1,0,0,0,0,0.6788825392723083
video13,TriClass-Cloud,1572,1,1,0,0,0,0,0.5989817380905151
video13,TriClass-Cloud,1573,1,1,0,0,0,0,0.7299660444259644
video13,TriClass-Cloud,1574,1,1,0,0,0,0,0.7315216064453125
video13,TriClass-Cloud,1575,1,1,0,0,0,0,0.7964047789573669
video13,TriClass-Cloud,1576,1,1,0,0,0,0,0.76744145154953
video13,TriClass-Cloud,1577,1,1,0,0,0,0,0.7579118013381958
video13,TriClass-Cloud,1578,1,1,0,0,0,0,0.7285482287406921
video13,TriClass-Cloud,1579,1,1,0,0,0,0,0.7726938724517822
video13,TriClass-Cloud,1580,1,1,0,0,0,0,0.6517683863639832
video13,TriClass-Cloud,1581,1,1,0,0,0,0,0.6728460192680359
video13,TriClass-Cloud,1582,1,1,0,0,0,0,0.7497829794883728
video13,TriClass-Cloud,1583,1,1,0,0,0,0,0.7584342360496521
video13,TriClass-Cloud,1584,1,1,0,0,0,0,0.7173752784729004
video13,TriClass-Cloud,1585,1,1,0,0,0,0,0.7211629152297974
video13,TriClass-Cloud,1586,1,1,0,0,0,0,0.5776759386062622
video13,TriClass-Cloud,1587,2,2,0,0,1,0,0.5253766179084778
video13,TriClass-Cloud,1588,1,1,0,0,0,0,0.6102374196052551
video13,TriClass-Cloud,1589,1,1,0,0,0,0,0.583746612071991
video13,TriClass-Cloud,1590,1,1,0,0,0,0,0.5573717355728149
video13,TriClass-Cloud,1591,1,1,0,0,0,0,0.6072125434875488
video13,TriClass-Cloud,1592,1,1,0,0,0,0,0.6793289184570312
video13,TriClass-Cloud,1593,1,1,0,0,0,0,0.7177098989486694
video13,TriClass-Cloud,1594,1,1,0,0,0,0,0.5908264517784119
video13,TriClass-Cloud,1595,1,1,0,0,0,0,0.7118127346038818
video13,TriClass-Cloud,1596,1,1,0,0,0,0,0.7021281123161316
video13,TriClass-Cloud,1597,1,1,0,0,0,0,0.6616891622543335
video13,TriClass-Cloud,1598,1,1,0,0,0,0,0.6703035831451416
video13,TriClass-Cloud,1599,1,1,0,0,0,0,0.6661207675933838
video13,TriClass-Cloud,1600,1,1,0,0,0,0,0.6224257946014404
video13,TriClass-Cloud,1601,2,2,0,0,1,0,0.5792620182037354
video13,TriClass-Cloud,1602,2,2,0,0,0,0,0.4589010179042816
video13,TriClass-Cloud,1603,1,1,0,0,0,0,0.6033300161361694
video13,TriClass-Cloud,1604,1,1,0,0,0,0,0.6329039931297302
video13,TriClass-Cloud,1605,1,1,0,0,0,0,0.6783030033111572
video13,TriClass-Cloud,1606,1,1,0,0,0,0,0.7203460335731506
video13,TriClass-Cloud,1607,1,1,0,0,0,0,0.6840733885765076
video13,TriClass-Cloud,1608,1,1,0,0,0,0,0.6031516790390015
video13,TriClass-Cloud,1609,1,1,0,0,0,0,0.6765336990356445
video13,TriClass-Cloud,1610,1,1,0,0,0,0,0.6614310145378113
video13,TriClass-Cloud,1611,1,1,0,0,0,0,0.6964573264122009
video13,TriClass-Cloud,1612,1,1,0,0,0,0,0.6999991536140442
video13,TriClass-Cloud,1613,1,1,0,0,0,0,0.6437828540802002
video13,TriClass-Cloud,1614,1,1,0,0,0,0,0.5539481043815613
video13,TriClass-Cloud,1615,2,2,0,0,0,0,0.4454822838306427
video13,TriClass-Cloud,1616,2,2,0,0,1,0,0.44436344504356384
video13,TriClass-Cloud,1617,2,2,0,0,1,0,0.5067118406295776
video13,TriClass-Cloud,1618,1,1,0,0,0,0,0.5396353006362915
video13,TriClass-Cloud,1619,1,1,0,0,0,0,0.5505900382995605
video13,TriClass-Cloud,1620,1,1,0,0,0,0,0.7026032209396362
video13,TriClass-Cloud,1621,1,1,0,0,0,0,0.6524507999420166
video13,TriClass-Cloud,1622,1,1,0,0,0,0,0.6657387018203735
video13,TriClass-Cloud,1623,2,2,0,0,1,0,0.4890698790550232
video13,TriClass-Cloud,1624,2,2,0,0,0,0,0.47386646270751953
video13,TriClass-Cloud,1625,2,2,0,0,1,0,0.5533464550971985
video13,TriClass-Cloud,1626,1,1,0,0,0,0,0.6574802398681641
video13,TriClass-Cloud,1627,1,1,0,0,0,0,0.5169546008110046
video13,TriClass-Cloud,1628,2,2,0,0,1,0,0.3515082001686096
video13,TriClass-Cloud,1629,1,1,0,0,1,0,0.2559645175933838
video13,TriClass-Cloud,1630,1,1,0,0,0,0,0.5645503401756287
video13,TriClass-Cloud,1631,1,1,0,0,0,0,0.6628770232200623
video13,TriClass-Cloud,1632,1,1,0,0,0,0,0.7227537631988525
video13,TriClass-Cloud,1633,1,1,0,0,0,0,0.6516818404197693
video13,TriClass-Cloud,1634,1,1,0,0,0,0,0.6323660016059875
video13,TriClass-Cloud,1635,1,1,0,0,0,0,0.5056895017623901
video13,TriClass-Cloud,1636,1,1,0,0,0,0,0.6813816428184509
video13,TriClass-Cloud,1637,1,1,0,0,0,0,0.7267956137657166
video13,TriClass-Cloud,1638,1,1,0,0,0,0,0.6822388768196106
video13,TriClass-Cloud,1639,2,2,0,0,1,0,0.6256291270256042
video13,TriClass-Cloud,1640,2,2,0,0,1,0,0.6822772026062012
video13,TriClass-Cloud,1641,1,1,0,0,0,0,0.610205888748169
video13,TriClass-Cloud,1642,1,1,0,0,0,0,0.6079134345054626
video13,TriClass-Cloud,1643,1,1,0,0,0,0,0.6576743721961975
video13,TriClass-Cloud,1644,1,1,0,0,0,0,0.7931366562843323
video13,TriClass-Cloud,1645,1,1,0,0,0,0,0.7909661531448364
video13,TriClass-Cloud,1646,1,1,0,0,0,0,0.7713211178779602
video13,TriClass-Cloud,1647,1,1,0,0,0,0,0.7525507807731628
video13,TriClass-Cloud,1648,1,1,0,0,0,0,0.7156453132629395
video13,TriClass-Cloud,1649,1,1,0,0,0,0,0.7433451414108276
video13,TriClass-Cloud,1650,1,1,0,0,0,0,0.6971701383590698
video13,TriClass-Cloud,1651,1,1,0,0,0,0,0.4863486588001251
video13,TriClass-Cloud,1652,1,1,0,0,0,0,0.4893433749675751
video13,TriClass-Cloud,1653,2,2,0,0,0,0,0.5890933275222778
video13,TriClass-Cloud,1654,2,2,0,0,0,0,0.6280753016471863
video13,TriClass-Cloud,1655,2,2,0,0,0,0,0.5875080823898315
video13,TriClass-Cloud,1656,2,2,0,0,0,0,0.4672008454799652
video13,TriClass-Cloud,1657,2,2,0,0,0,0,0.45562130212783813
video13,TriClass-Cloud,1658,2,2,0,0,0,0,0.44873470067977905
video13,TriClass-Cloud,1659,3,3,0,0,2,0,0.4372149109840393
video13,TriClass-Cloud,1660,2,2,0,0,1,0,0.4238755404949188
video13,TriClass-Cloud,1661,2,2,0,0,1,0,0.39154109358787537
video13,TriClass-Cloud,1662,2,2,0,0,0,0,0.41497063636779785
video13,TriClass-Cloud,1663,2,2,0,0,0,0,0.6070771813392639
video13,TriClass-Cloud,1664,2,2,0,0,0,0,0.646210253238678
video13,TriClass-Cloud,1665,2,2,0,0,0,0,0.4287198483943939
video13,TriClass-Cloud,1666,1,1,0,0,0,0,0.5933773517608643
video13,TriClass-Cloud,1667,1,1,0,0,0,0,0.5349916219711304
video13,TriClass-Cloud,1668,1,1,0,0,0,0,0.6490015983581543
video13,TriClass-Cloud,1669,1,1,0,0,0,0,0.610425591468811
video13,TriClass-Cloud,1670,1,1,0,0,0,0,0.5671758651733398
video13,TriClass-Cloud,1671,1,1,0,0,0,0,0.5428086519241333
video13,TriClass-Cloud,1672,1,1,0,0,0,0,0.38441532850265503
video13,TriClass-Cloud,1673,1,1,0,0,0,0,0.47686463594436646
video13,TriClass-Cloud,1674,1,1,0,0,1,0,0.3418465852737427
video13,TriClass-Cloud,1675,1,1,0,0,0,0,0.3650054335594177
video13,TriClass-Cloud,1676,1,1,0,0,0,0,0.5422905087471008
video13,TriClass-Cloud,1677,1,1,0,0,0,0,0.40243223309516907
video13,TriClass-Cloud,1678,0,0,0,0,0,0,0.0
video13,TriClass-Cloud,1679,0,0,0,0,0,0,0.0
video13,TriClass-Cloud,1680,0,0,0,0,0,0,0.0
video13,TriClass-Cloud,1681,0,0,0,0,0,0,0.0
video13,TriClass-Cloud,1682,0,0,0,0,0,0,0.0
video13,TriClass-Cloud,1683,0,0,0,0,0,0,0.0
video13,TriClass-Cloud,1684,0,0,0,0,0,0,0.0
video13,TriClass-Cloud,1685,1,1,0,0,1,0,0.3196122646331787
video13,TriClass-Cloud,1686,1,1,0,0,0,0,0.3826024532318115
video13,TriClass-Cloud,1687,1,1,0,0,0,0,0.5003314018249512
video13,TriClass-Cloud,1688,0,0,0,0,0,0,0.0
video13,TriClass-Cloud,1689,0,0,0,0,0,0,0.0
video13,TriClass-Cloud,1690,0,0,0,0,0,0,0.0
video13,TriClass-Cloud,1691,0,0,0,0,0,0,0.0
video13,TriClass-Cloud,1692,0,0,0,0,0,0,0.0
video13,TriClass-Cloud,1693,0,0,0,0,0,0,0.0
video13,TriClass-Cloud,1694,1,1,0,0,0,0,0.5430275201797485
video13,TriClass-Cloud,1695,1,1,0,0,0,0,0.44374871253967285
video13,TriClass-Cloud,1696,1,1,0,0,0,0,0.5756469368934631
video13,TriClass-Cloud,1697,1,1,0,0,0,0,0.48779892921447754
video13,TriClass-Cloud,1698,1,1,0,0,0,0,0.4666634202003479
video13,TriClass-Cloud,1699,1,1,0,0,1,0,0.33497747778892517
video13,TriClass-Cloud,1700,1,1,0,0,0,0,0.5422457456588745
video13,TriClass-Cloud,1701,1,1,0,0,0,0,0.43713152408599854
video13,TriClass-Cloud,1702,1,1,0,0,1,0,0.3365184962749481
video13,TriClass-Cloud,1703,1,1,0,0,0,0,0.6036785840988159
video13,TriClass-Cloud,1704,1,1,0,0,0,0,0.7089774012565613
video13,TriClass-Cloud,1705,1,1,0,0,0,0,0.6890919208526611
video13,TriClass-Cloud,1706,1,1,0,0,0,0,0.6568907499313354
video13,TriClass-Cloud,1707,1,1,0,0,0,0,0.5949011445045471
video13,TriClass-Cloud,1708,1,1,0,0,0,0,0.677152156829834
video13,TriClass-Cloud,1709,1,1,0,0,0,0,0.716923177242279
video13,TriClass-Cloud,1710,1,1,0,0,0,0,0.7151620388031006
video13,TriClass-Cloud,1711,1,1,0,0,0,0,0.7902494072914124
video13,TriClass-Cloud,1712,1,1,0,0,0,0,0.7653450965881348
video13,TriClass-Cloud,1713,1,1,0,0,0,0,0.733496367931366
video13,TriClass-Cloud,1714,1,1,0,0,0,0,0.7391818165779114
video13,TriClass-Cloud,1715,1,1,0,0,0,0,0.7525579929351807
video13,TriClass-Cloud,1716,1,1,0,0,0,0,0.7400878071784973
video13,TriClass-Cloud,1717,2,2,0,0,1,0,0.43745431303977966
video13,TriClass-Cloud,1718,1,1,0,0,0,0,0.6483588218688965
video13,TriClass-Cloud,1719,2,2,0,0,1,0,0.5139595866203308
video13,TriClass-Cloud,1720,2,2,0,0,2,0,0.3319852650165558
video13,TriClass-Cloud,1721,1,1,0,0,0,0,0.5712478756904602
video13,TriClass-Cloud,1722,1,1,0,0,0,0,0.5726672410964966
video13,TriClass-Cloud,1723,1,1,0,0,0,0,0.6153882145881653
video13,TriClass-Cloud,1724,1,1,0,0,0,0,0.5492108464241028
video13,TriClass-Cloud,1725,1,1,0,0,0,0,0.6148107647895813
video13,TriClass-Cloud,1726,1,1,0,0,0,0,0.4946736693382263
video13,TriClass-Cloud,1727,0,0,0,0,0,0,0.0
video13,TriClass-Cloud,1728,0,0,0,0,0,0,0.0
video13,TriClass-Cloud,1729,1,1,0,0,0,0,0.5156348347663879
video13,TriClass-Cloud,1730,1,1,0,0,1,0,0.3156411945819855
video13,TriClass-Cloud,1731,1,1,0,0,1,0,0.2878354489803314
video13,TriClass-Cloud,1732,1,1,0,0,1,0,0.29479673504829407
video13,TriClass-Cloud,1733,1,1,0,0,1,0,0.3333340883255005
video13,TriClass-Cloud,1734,1,1,0,0,0,0,0.4765132665634155
video13,TriClass-Cloud,1735,0,0,0,0,0,0,0.0
video13,TriClass-Cloud,1736,1,1,0,0,0,0,0.5122383236885071
video13,TriClass-Cloud,1737,1,1,0,0,0,0,0.3657325208187103
video13,TriClass-Cloud,1738,0,0,0,0,0,0,0.0
video13,TriClass-Cloud,1739,1,1,0,0,0,0,0.5282206535339355
video13,TriClass-Cloud,1740,1,1,0,0,0,0,0.6515098810195923
video13,TriClass-Cloud,1741,1,1,0,0,0,0,0.6108221411705017
video13,TriClass-Cloud,1742,0,0,0,0,0,0,0.0
video13,TriClass-Cloud,1743,1,1,0,0,0,0,0.5199829936027527
video13,TriClass-Cloud,1744,2,2,0,0,1,0,0.5491511821746826
video13,TriClass-Cloud,1745,2,2,0,0,1,0,0.38762691617012024
video13,TriClass-Cloud,1746,1,1,0,0,0,0,0.5368227362632751
video13,TriClass-Cloud,1747,1,1,0,0,0,0,0.5390592813491821
video13,TriClass-Cloud,1748,1,1,0,0,0,0,0.6941421627998352
video13,TriClass-Cloud,1749,1,1,0,0,0,0,0.7043206095695496
video13,TriClass-Cloud,1750,1,1,0,0,0,0,0.6918683052062988
video13,TriClass-Cloud,1751,1,1,0,0,0,0,0.7376165390014648
video13,TriClass-Cloud,1752,1,1,0,0,0,0,0.7491596341133118
video13,TriClass-Cloud,1753,1,1,0,0,0,0,0.6479756832122803
video13,TriClass-Cloud,1754,2,2,0,0,0,0,0.5135571956634521
video13,TriClass-Cloud,1755,2,2,0,0,1,0,0.43718641996383667
video13,TriClass-Cloud,1756,1,1,0,0,0,0,0.6304819583892822
video13,TriClass-Cloud,1757,1,1,0,0,0,0,0.6176367402076721
video13,TriClass-Cloud,1758,1,1,0,0,0,0,0.6768521070480347
video13,TriClass-Cloud,1759,1,1,0,0,0,0,0.7167069911956787
video13,TriClass-Cloud,1760,1,1,0,0,0,0,0.6850373148918152
video13,TriClass-Cloud,1761,1,1,0,0,0,0,0.7006880640983582
video13,TriClass-Cloud,1762,1,1,0,0,0,0,0.6663339734077454
video13,TriClass-Cloud,1763,1,1,0,0,0,0,0.5896003246307373
video13,TriClass-Cloud,1764,1,1,0,0,0,0,0.6973586082458496
video13,TriClass-Cloud,1765,1,1,0,0,0,0,0.6689584255218506
video13,TriClass-Cloud,1766,1,1,0,0,0,0,0.5046800374984741
video13,TriClass-Cloud,1767,1,1,0,0,0,0,0.6380994319915771
video13,TriClass-Cloud,1768,1,1,0,0,0,0,0.5386247634887695
video13,TriClass-Cloud,1769,1,1,0,0,0,0,0.5492496490478516
video13,TriClass-Cloud,1770,1,1,0,0,0,0,0.4955390393733978
video13,TriClass-Cloud,1771,1,1,0,0,0,0,0.5115419626235962
video13,TriClass-Cloud,1772,2,2,0,0,1,0,0.44370779395103455
video13,TriClass-Cloud,1773,2,2,0,0,2,0,0.33048775792121887
video13,TriClass-Cloud,1774,1,1,0,0,1,0,0.270160049200058
video13,TriClass-Cloud,1775,0,0,0,0,0,0,0.0
video13,TriClass-Cloud,1776,0,0,0,0,0,0,0.0
video13,TriClass-Cloud,1777,0,0,0,0,0,0,0.0
video13,TriClass-Cloud,1778,0,0,0,0,0,0,0.0
video13,TriClass-Cloud,1779,1,1,0,0,1,0,0.2635025978088379
video13,TriClass-Cloud,1780,0,0,0,0,0,0,0.0
video13,TriClass-Cloud,1781,0,0,0,0,0,0,0.0
video13,TriClass-Cloud,1782,0,0,0,0,0,0,0.0
video13,TriClass-Cloud,1783,0,0,0,0,0,0,0.0
video13,TriClass-Cloud,1784,1,1,0,0,1,0,0.3460861146450043
video13,TriClass-Cloud,1785,1,1,0,0,0,0,0.38424474000930786
video13,TriClass-Cloud,1786,1,1,0,0,0,0,0.46393874287605286
video13,TriClass-Cloud,1787,1,1,0,0,0,0,0.41969090700149536
video13,TriClass-Cloud,1788,1,1,0,0,0,0,0.4530743360519409
video13,TriClass-Cloud,1789,1,1,0,0,0,0,0.36746543645858765
video13,TriClass-Cloud,1790,1,1,0,0,0,0,0.3911774158477783
video13,TriClass-Cloud,1791,1,1,0,0,1,0,0.3067798912525177
video13,TriClass-Cloud,1792,1,1,0,0,1,0,0.2557719349861145
video13,TriClass-Cloud,1793,1,1,0,0,0,0,0.3949434459209442
video13,TriClass-Cloud,1794,1,1,0,0,0,0,0.4131740629673004
video13,TriClass-Cloud,1795,1,1,0,0,0,0,0.45731183886528015
video13,TriClass-Cloud,1796,1,1,0,0,0,0,0.5648224949836731
video13,TriClass-Cloud,1797,1,1,0,0,0,0,0.5749304890632629
video13,TriClass-Cloud,1798,1,1,0,0,0,0,0.5569530129432678
video13,TriClass-Cloud,1799,1,1,0,0,0,0,0.6137835383415222
video13,TriClass-Cloud,1800,1,1,0,0,0,0,0.6847227215766907
video13,TriClass-Cloud,1801,1,1,0,0,0,0,0.6105521321296692
video13,TriClass-Cloud,1802,1,1,0,0,0,0,0.5561798214912415
video13,TriClass-Cloud,1803,1,1,0,0,0,0,0.7077640891075134
video13,TriClass-Cloud,1804,1,1,0,0,0,0,0.6456248760223389
video13,TriClass-Cloud,1805,1,1,0,0,0,0,0.6742346286773682
video13,TriClass-Cloud,1806,1,1,0,0,0,0,0.7163786888122559
video13,TriClass-Cloud,1807,1,1,0,0,0,0,0.7088101506233215
video13,TriClass-Cloud,1808,1,1,0,0,1,0,0.3410002291202545
video13,TriClass-Cloud,1809,1,1,0,0,0,0,0.42252838611602783
video13,TriClass-Cloud,1810,1,1,0,0,0,0,0.4204692244529724
video13,TriClass-Cloud,1811,1,1,0,0,0,0,0.5155941843986511
video13,TriClass-Cloud,1812,1,1,0,0,1,0,0.29956483840942383
video13,TriClass-Cloud,1813,1,1,0,0,0,0,0.3864942193031311
video13,TriClass-Cloud,1814,0,0,0,0,0,0,0.0
video13,TriClass-Cloud,1815,0,0,0,0,0,0,0.0
video13,TriClass-Cloud,1816,1,1,0,0,0,0,0.37521693110466003
video13,TriClass-Cloud,1817,1,1,0,0,1,0,0.2995561361312866
video13,TriClass-Cloud,1818,1,1,0,0,0,0,0.432748943567276
video13,TriClass-Cloud,1819,0,0,0,0,0,0,0.0
video13,TriClass-Cloud,1820,2,2,0,0,0,0,0.377695769071579
video13,TriClass-Cloud,1821,1,1,0,0,1,0,0.27012261748313904
video13,TriClass-Cloud,1822,1,1,0,0,0,0,0.6340063810348511
video13,TriClass-Cloud,1823,1,1,0,0,0,0,0.6891462802886963
video13,TriClass-Cloud,1824,1,1,0,0,0,0,0.36845916509628296
video13,TriClass-Cloud,1825,1,1,0,0,0,0,0.7425171136856079
video13,TriClass-Cloud,1826,1,1,0,0,0,0,0.6738158464431763
video13,TriClass-Cloud,1827,1,1,0,0,0,0,0.6781672835350037
video13,TriClass-Cloud,1828,1,1,0,0,0,0,0.6847684979438782
video13,TriClass-Cloud,1829,1,1,0,0,0,0,0.5504075288772583
video13,TriClass-Cloud,1830,1,1,0,0,0,0,0.6278589963912964
video13,TriClass-Cloud,1831,1,1,0,0,0,0,0.4568806290626526
video13,TriClass-Cloud,1832,1,1,0,0,0,0,0.5874541401863098
video13,TriClass-Cloud,1833,1,1,0,0,0,0,0.6618720889091492
video13,TriClass-Cloud,1834,1,1,0,0,0,0,0.4763670265674591
video13,TriClass-Cloud,1835,1,1,0,0,0,0,0.6070325970649719
video13,TriClass-Cloud,1836,1,1,0,0,0,0,0.5424569249153137
video13,TriClass-Cloud,1837,1,1,0,0,0,0,0.7822949886322021
video13,TriClass-Cloud,1838,1,1,0,0,0,0,0.7859174609184265
video13,TriClass-Cloud,1839,1,1,0,0,0,0,0.7863922119140625
video13,TriClass-Cloud,1840,1,1,0,0,0,0,0.799916684627533
video13,TriClass-Cloud,1841,1,1,0,0,0,0,0.795950710773468
video13,TriClass-Cloud,1842,1,1,0,0,0,0,0.7820207476615906
video13,TriClass-Cloud,1843,1,1,0,0,0,0,0.7444116473197937
video13,TriClass-Cloud,1844,1,1,0,0,0,0,0.6045016646385193
video13,TriClass-Cloud,1845,1,1,0,0,0,0,0.6196163892745972
video13,TriClass-Cloud,1846,1,1,0,0,0,0,0.4524480700492859
video13,TriClass-Cloud,1847,1,1,0,0,0,0,0.5302478671073914
video13,TriClass-Cloud,1848,1,1,0,0,0,0,0.4359692931175232
video13,TriClass-Cloud,1849,1,1,0,0,0,0,0.6558713316917419
video13,TriClass-Cloud,1850,1,1,0,0,0,0,0.5385962128639221
video13,TriClass-Cloud,1851,1,1,0,0,0,0,0.7690219879150391
video13,TriClass-Cloud,1852,1,1,0,0,0,0,0.7726970911026001
video13,TriClass-Cloud,1853,1,1,0,0,0,0,0.562700092792511
video13,TriClass-Cloud,1854,1,1,0,0,0,0,0.6981035470962524
video13,TriClass-Cloud,1855,1,1,0,0,0,0,0.728196382522583
video13,TriClass-Cloud,1856,1,1,0,0,0,0,0.6504066586494446
video13,TriClass-Cloud,1857,1,1,0,0,0,0,0.6208259463310242
video13,TriClass-Cloud,1858,1,1,0,0,0,0,0.4040107727050781
video13,TriClass-Cloud,1859,1,1,0,0,0,0,0.39935073256492615
video13,TriClass-Cloud,1860,1,1,0,0,0,0,0.636023998260498
video13,TriClass-Cloud,1861,1,1,0,0,0,0,0.6709732413291931
video13,TriClass-Cloud,1862,1,1,0,0,0,0,0.7661795616149902
video13,TriClass-Cloud,1863,1,1,0,0,0,0,0.7679713368415833
video13,TriClass-Cloud,1864,1,1,0,0,0,0,0.7939239740371704
video13,TriClass-Cloud,1865,1,1,0,0,0,0,0.7886027693748474
video13,TriClass-Cloud,1866,1,1,0,0,0,0,0.7922272682189941
video13,TriClass-Cloud,1867,1,1,0,0,0,0,0.8030465245246887
video13,TriClass-Cloud,1868,1,1,0,0,0,0,0.8121627569198608
video13,TriClass-Cloud,1869,1,1,0,0,0,0,0.8274301886558533
video13,TriClass-Cloud,1870,1,1,0,0,0,0,0.8175366520881653
video13,TriClass-Cloud,1871,1,1,0,0,0,0,0.8069841265678406
video13,TriClass-Cloud,1872,1,1,0,0,1,0,0.2980984151363373
video13,TriClass-Cloud,1873,1,1,0,0,0,0,0.7161045670509338
video13,TriClass-Cloud,1874,1,1,0,0,0,0,0.7255109548568726
video13,TriClass-Cloud,1875,2,2,0,0,0,0,0.5301195383071899
video13,TriClass-Cloud,1876,1,1,0,0,0,0,0.704804003238678
video13,TriClass-Cloud,1877,1,1,0,0,0,0,0.7685598731040955
video13,TriClass-Cloud,1878,1,1,0,0,0,0,0.763022243976593
video13,TriClass-Cloud,1879,1,1,0,0,0,0,0.7463251948356628
video13,TriClass-Cloud,1880,1,1,0,0,0,0,0.7581247091293335
video13,TriClass-Cloud,1881,1,1,0,0,0,0,0.731315016746521
video13,TriClass-Cloud,1882,1,1,0,0,0,0,0.7760851383209229
video13,TriClass-Cloud,1883,1,1,0,0,0,0,0.7860639691352844
video13,TriClass-Cloud,1884,1,1,0,0,0,0,0.7908293008804321
video13,TriClass-Cloud,1885,1,1,0,0,0,0,0.7868311405181885
video13,TriClass-Cloud,1886,1,1,0,0,0,0,0.8048673868179321
video13,TriClass-Cloud,1887,1,1,0,0,0,0,0.8036882877349854
video13,TriClass-Cloud,1888,1,1,0,0,0,0,0.7914808392524719
video13,TriClass-Cloud,1889,1,1,0,0,0,0,0.7726895213127136
video13,TriClass-Cloud,1890,1,1,0,0,0,0,0.7682446837425232
video13,TriClass-Cloud,1891,1,1,0,0,0,0,0.8034215569496155
video13,TriClass-Cloud,1892,1,1,0,0,0,0,0.8121196627616882
video13,TriClass-Cloud,1893,1,1,0,0,0,0,0.8402566313743591
video13,TriClass-Cloud,1894,1,1,0,0,0,0,0.8340209722518921
video13,TriClass-Cloud,1895,1,1,0,0,0,0,0.8219533562660217
video13,TriClass-Cloud,1896,1,1,0,0,0,0,0.811353325843811
video13,TriClass-Cloud,1897,1,1,0,0,0,0,0.8142027258872986
video13,TriClass-Cloud,1898,1,1,0,0,0,0,0.7831966876983643
video13,TriClass-Cloud,1899,1,1,0,0,0,0,0.7625860571861267
video13,TriClass-Cloud,1900,1,1,0,0,0,0,0.8127148151397705
video13,TriClass-Cloud,1901,1,1,0,0,0,0,0.8251858949661255
video13,TriClass-Cloud,1902,1,1,0,0,0,0,0.8205739259719849
video13,TriClass-Cloud,1903,2,2,0,0,0,0,0.49146807193756104
video13,TriClass-Cloud,1904,1,1,0,0,0,0,0.706257700920105
video13,TriClass-Cloud,1905,2,2,0,0,1,0,0.6642673015594482
video13,TriClass-Cloud,1906,1,1,0,0,0,0,0.7789410948753357
video13,TriClass-Cloud,1907,1,1,0,0,0,0,0.7783451080322266
video13,TriClass-Cloud,1908,1,1,0,0,0,0,0.6537693738937378
video13,TriClass-Cloud,1909,1,1,0,0,0,0,0.6961560249328613
video13,TriClass-Cloud,1910,1,1,0,0,0,0,0.7626747488975525
video13,TriClass-Cloud,1911,1,1,0,0,0,0,0.645649254322052
video13,TriClass-Cloud,1912,1,1,0,0,0,0,0.38902050256729126
video13,TriClass-Cloud,1913,1,1,0,0,0,0,0.7467983365058899
video13,TriClass-Cloud,1914,1,1,0,0,0,0,0.5000263452529907
