video,model,frame,detections,drone_det,bird_det,false_class,low_conf_fp,tp_iou,max_conf
video08,BirdDrone-Local,0,1,1,0,0,0,1,0.7019014358520508
video08,BirdDrone-Local,1,1,1,0,0,0,0,0.5278211236000061
video08,BirdDrone-Local,2,1,1,0,0,0,0,0.8529751300811768
video08,BirdDrone-Local,3,1,1,0,0,0,0,0.8282178640365601
video08,BirdDrone-Local,4,1,1,0,0,0,0,0.841840922832489
video08,BirdDrone-Local,5,1,1,0,0,0,0,0.8106508255004883
video08,BirdDrone-Local,6,1,1,0,0,0,0,0.8070038557052612
video08,BirdDrone-Local,7,1,1,0,0,0,0,0.744086503982544
video08,BirdDrone-Local,8,1,1,0,0,0,0,0.8497398495674133
video08,BirdDrone-Local,9,1,1,0,0,0,0,0.8157271146774292
video08,BirdDrone-Local,10,1,1,0,0,0,0,0.8441178798675537
video08,BirdDrone-Local,11,1,1,0,0,0,0,0.8311526775360107
video08,BirdDrone-Local,12,1,1,0,0,0,0,0.7771211862564087
video08,BirdDrone-Local,13,1,1,0,0,0,0,0.8568623661994934
video08,BirdDrone-Local,14,1,1,0,0,0,0,0.8556074500083923
video08,BirdDrone-Local,15,1,1,0,0,0,0,0.813526451587677
video08,BirdDrone-Local,16,1,1,0,0,0,0,0.7491083145141602
video08,BirdDrone-Local,17,1,1,0,0,0,0,0.7575311660766602
video08,BirdDrone-Local,18,1,1,0,0,0,0,0.6646665930747986
video08,BirdDrone-Local,19,1,1,0,0,0,0,0.8729541897773743
video08,BirdDrone-Local,20,1,1,0,0,0,0,0.8557953834533691
video08,BirdDrone-Local,21,1,1,0,0,0,0,0.7059861421585083
video08,BirdDrone-Local,22,2,2,0,0,1,0,0.6357486248016357
video08,BirdDrone-Local,23,1,1,0,0,0,0,0.7774600982666016
video08,BirdDrone-Local,24,1,1,0,0,0,0,0.8088867664337158
video08,BirdDrone-Local,25,1,1,0,0,0,0,0.7536710500717163
video08,BirdDrone-Local,26,1,1,0,0,0,0,0.8099019527435303
video08,BirdDrone-Local,27,1,1,0,0,0,0,0.8492729663848877
video08,BirdDrone-Local,28,1,1,0,0,0,0,0.6211430430412292
video08,BirdDrone-Local,29,1,1,0,0,0,0,0.8093605637550354
video08,BirdDrone-Local,30,1,1,0,0,0,0,0.7365566492080688
video08,BirdDrone-Local,31,1,1,0,0,0,0,0.8334277868270874
video08,BirdDrone-Local,32,1,1,0,0,0,0,0.8063645362854004
video08,BirdDrone-Local,33,1,1,0,0,0,0,0.8754950165748596
video08,BirdDrone-Local,34,2,2,0,0,0,0,0.6674425601959229
video08,BirdDrone-Local,35,1,1,0,0,0,0,0.8549012541770935
video08,BirdDrone-Local,36,1,1,0,0,0,0,0.8714345693588257
video08,BirdDrone-Local,37,1,1,0,0,0,0,0.8362807035446167
video08,BirdDrone-Local,38,1,1,0,0,0,0,0.8806776404380798
video08,BirdDrone-Local,39,1,1,0,0,0,0,0.8870636820793152
video08,BirdDrone-Local,40,1,1,0,0,0,0,0.9084033370018005
video08,BirdDrone-Local,41,1,1,0,0,0,0,0.7097827196121216
video08,BirdDrone-Local,42,2,2,0,0,1,0,0.6781825423240662
video08,BirdDrone-Local,43,1,1,0,0,0,0,0.7068166732788086
video08,BirdDrone-Local,44,1,1,0,0,0,0,0.852679431438446
video08,BirdDrone-Local,45,1,1,0,0,0,0,0.8537818193435669
video08,BirdDrone-Local,46,1,1,0,0,0,0,0.803913414478302
video08,BirdDrone-Local,47,1,1,0,0,0,0,0.8475270867347717
video08,BirdDrone-Local,48,1,1,0,0,0,0,0.8436194658279419
video08,BirdDrone-Local,49,1,1,0,0,0,0,0.8635425567626953
video08,BirdDrone-Local,50,1,1,0,0,0,0,0.826676607131958
video08,BirdDrone-Local,51,2,2,0,0,1,0,0.5048694014549255
video08,BirdDrone-Local,52,1,1,0,0,0,0,0.5268695950508118
video08,BirdDrone-Local,53,1,1,0,0,0,0,0.5502001643180847
video08,BirdDrone-Local,54,1,1,0,0,0,0,0.7665927410125732
video08,BirdDrone-Local,55,1,1,0,0,0,0,0.7611690163612366
video08,BirdDrone-Local,56,1,1,0,0,0,0,0.7998360991477966
video08,BirdDrone-Local,57,1,1,0,0,0,0,0.8195642232894897
video08,BirdDrone-Local,58,1,1,0,0,0,0,0.7814087867736816
video08,BirdDrone-Local,59,1,1,0,0,0,0,0.8107614517211914
video08,BirdDrone-Local,60,1,1,0,0,0,0,0.8150560259819031
video08,BirdDrone-Local,61,1,1,0,0,0,0,0.8187350630760193
video08,BirdDrone-Local,62,1,1,0,0,0,0,0.776796281337738
video08,BirdDrone-Local,63,1,1,0,0,0,0,0.7776217460632324
video08,BirdDrone-Local,64,1,1,0,0,0,0,0.7953082323074341
video08,BirdDrone-Local,65,1,1,0,0,0,0,0.3701486885547638
video08,BirdDrone-Local,66,1,1,0,0,0,0,0.8594681024551392
video08,BirdDrone-Local,67,1,1,0,0,0,0,0.8127190470695496
video08,BirdDrone-Local,68,1,1,0,0,0,0,0.7114383578300476
video08,BirdDrone-Local,69,1,1,0,0,0,0,0.8247967958450317
video08,BirdDrone-Local,70,2,2,0,0,1,0,0.7846015095710754
video08,BirdDrone-Local,71,1,1,0,0,0,0,0.8279761672019958
video08,BirdDrone-Local,72,1,1,0,0,0,0,0.8306262493133545
video08,BirdDrone-Local,73,1,1,0,0,0,0,0.8243885040283203
video08,BirdDrone-Local,74,1,1,0,0,0,0,0.7997007369995117
video08,BirdDrone-Local,75,1,1,0,0,0,0,0.7781088352203369
video08,BirdDrone-Local,76,1,1,0,0,0,0,0.7277790307998657
video08,BirdDrone-Local,77,1,1,0,0,0,0,0.8489697575569153
video08,BirdDrone-Local,78,1,1,0,0,0,0,0.7834715843200684
video08,BirdDrone-Local,79,0,0,0,0,0,0,0.0
video08,BirdDrone-Local,80,0,0,0,0,0,0,0.0
video08,BirdDrone-Local,81,0,0,0,0,0,0,0.0
video08,BirdDrone-Local,82,0,0,0,0,0,0,0.0
video08,BirdDrone-Local,83,0,0,0,0,0,0,0.0
video08,BirdDrone-Local,84,0,0,0,0,0,0,0.0
video08,BirdDrone-Local,85,1,1,0,0,0,0,0.46422383189201355
video08,BirdDrone-Local,86,1,1,0,0,0,0,0.6135321855545044
video08,BirdDrone-Local,87,1,1,0,0,0,0,0.5742660760879517
video08,BirdDrone-Local,88,1,1,0,0,0,0,0.697792112827301
video08,BirdDrone-Local,89,1,1,0,0,0,0,0.728627622127533
video08,BirdDrone-Local,90,1,1,0,0,0,0,0.7948524951934814
video08,BirdDrone-Local,91,1,1,0,0,0,0,0.67045658826828
video08,BirdDrone-Local,92,1,1,0,0,0,0,0.7060934901237488
video08,BirdDrone-Local,93,1,1,0,0,0,0,0.8717133402824402
video08,BirdDrone-Local,94,1,1,0,0,0,0,0.7782973647117615
video08,BirdDrone-Local,95,1,1,0,0,0,0,0.8011947274208069
video08,BirdDrone-Local,96,1,1,0,0,0,0,0.8375507593154907
video08,BirdDrone-Local,97,1,1,0,0,0,0,0.7919427156448364
video08,BirdDrone-Local,98,1,1,0,0,0,0,0.8682165145874023
video08,BirdDrone-Local,99,1,1,0,0,0,0,0.8038163185119629
video08,BirdDrone-Local,100,1,1,0,0,0,0,0.8802081346511841
video08,BirdDrone-Local,101,1,1,0,0,0,0,0.8568704128265381
video08,BirdDrone-Local,102,1,1,0,0,0,0,0.8643019795417786
video08,BirdDrone-Local,103,2,2,0,0,1,0,0.8153396248817444
video08,BirdDrone-Local,104,1,1,0,0,0,0,0.850249707698822
video08,BirdDrone-Local,105,1,1,0,0,0,0,0.8528369069099426
video08,BirdDrone-Local,106,1,1,0,0,0,0,0.8333232998847961
video08,BirdDrone-Local,107,1,1,0,0,0,0,0.8414151668548584
video08,BirdDrone-Local,108,1,1,0,0,0,0,0.8369216322898865
video08,BirdDrone-Local,109,1,1,0,0,0,0,0.8579847812652588
video08,BirdDrone-Local,110,1,1,0,0,0,0,0.8671981692314148
video08,BirdDrone-Local,111,1,1,0,0,0,0,0.8711102604866028
video08,BirdDrone-Local,112,1,1,0,0,0,0,0.8252962827682495
video08,BirdDrone-Local,113,1,1,0,0,0,0,0.7924119830131531
video08,BirdDrone-Local,114,1,1,0,0,0,0,0.8709657192230225
video08,BirdDrone-Local,115,1,1,0,0,0,0,0.8525418639183044
video08,BirdDrone-Local,116,1,1,0,0,0,0,0.8649353384971619
video08,BirdDrone-Local,117,1,1,0,0,0,0,0.8752623200416565
video08,BirdDrone-Local,118,1,1,0,0,0,0,0.795114278793335
video08,BirdDrone-Local,119,1,1,0,0,0,0,0.8005256056785583
video08,BirdDrone-Local,120,1,1,0,0,0,0,0.6482152342796326
video08,BirdDrone-Local,121,1,1,0,0,0,0,0.7917078733444214
video08,BirdDrone-Local,122,1,1,0,0,0,0,0.7600735425949097
video08,BirdDrone-Local,123,1,1,0,0,0,0,0.8419700860977173
video08,BirdDrone-Local,124,1,1,0,0,0,0,0.7534645199775696
video08,BirdDrone-Local,125,1,1,0,0,0,0,0.8185112476348877
video08,BirdDrone-Local,126,2,1,1,1,1,0,0.7779242992401123
video08,BirdDrone-Local,127,2,1,1,1,0,0,0.8283189535140991
video08,BirdDrone-Local,128,2,1,1,1,0,0,0.8186991214752197
video08,BirdDrone-Local,129,1,1,0,0,0,0,0.6662989854812622
video08,BirdDrone-Local,130,1,1,0,0,0,0,0.7408671975135803
video08,BirdDrone-Local,131,1,1,0,0,0,0,0.8344027400016785
video08,BirdDrone-Local,132,1,1,0,0,0,0,0.822407603263855
video08,BirdDrone-Local,133,1,1,0,0,0,0,0.6450552940368652
video08,BirdDrone-Local,134,1,1,0,0,0,0,0.7570875287055969
video08,BirdDrone-Local,135,1,1,0,0,0,0,0.7750414609909058
video08,BirdDrone-Local,136,1,1,0,0,0,0,0.7780036330223083
video08,BirdDrone-Local,137,1,1,0,0,0,0,0.7002830505371094
video08,BirdDrone-Local,138,1,1,0,0,0,0,0.7678136229515076
video08,BirdDrone-Local,139,1,1,0,0,0,0,0.7308119535446167
video08,BirdDrone-Local,140,1,1,0,0,0,0,0.7142994403839111
video08,BirdDrone-Local,141,1,1,0,0,0,0,0.8281877636909485
video08,BirdDrone-Local,142,1,1,0,0,0,0,0.7334904074668884
video08,BirdDrone-Local,143,1,1,0,0,0,0,0.804490864276886
video08,BirdDrone-Local,144,1,1,0,0,0,0,0.6865841150283813
video08,BirdDrone-Local,145,1,1,0,0,0,0,0.8254306316375732
video08,BirdDrone-Local,146,1,1,0,0,0,0,0.7685390114784241
video08,BirdDrone-Local,147,1,1,0,0,0,0,0.7355093955993652
video08,BirdDrone-Local,148,1,1,0,0,0,0,0.6823840141296387
video08,BirdDrone-Local,149,1,1,0,0,0,0,0.7689545154571533
video08,BirdDrone-Local,150,1,1,0,0,0,0,0.8086696863174438
video08,BirdDrone-Local,151,1,1,0,0,0,0,0.7993369698524475
video08,BirdDrone-Local,152,1,1,0,0,0,0,0.8564471006393433
video08,BirdDrone-Local,153,1,1,0,0,0,0,0.8530938029289246
video08,BirdDrone-Local,154,1,1,0,0,0,0,0.7960395812988281
video08,BirdDrone-Local,155,1,1,0,0,0,0,0.7840301394462585
video08,BirdDrone-Local,156,1,1,0,0,0,0,0.8261284828186035
video08,BirdDrone-Local,157,1,1,0,0,0,0,0.7738199830055237
video08,BirdDrone-Local,158,1,1,0,0,0,0,0.7973543405532837
video08,BirdDrone-Local,159,1,1,0,0,0,0,0.7629954218864441
video08,BirdDrone-Local,160,1,1,0,0,0,0,0.801033616065979
video08,BirdDrone-Local,161,1,1,0,0,0,0,0.7805296778678894
video08,BirdDrone-Local,162,1,1,0,0,0,0,0.8284766674041748
video08,BirdDrone-Local,163,1,1,0,0,0,0,0.8394150733947754
video08,BirdDrone-Local,164,1,1,0,0,0,0,0.8450924158096313
video08,BirdDrone-Local,165,1,1,0,0,0,0,0.7896561622619629
video08,BirdDrone-Local,166,1,1,0,0,0,0,0.7915879487991333
video08,BirdDrone-Local,167,1,1,0,0,0,0,0.7088412642478943
video08,BirdDrone-Local,168,1,1,0,0,0,0,0.7893855571746826
video08,BirdDrone-Local,169,1,1,0,0,0,0,0.714211642742157
video08,BirdDrone-Local,170,1,1,0,0,0,0,0.6993559002876282
video08,BirdDrone-Local,171,1,1,0,0,0,0,0.5060240626335144
video08,BirdDrone-Local,172,1,1,0,0,0,0,0.8173907995223999
video08,BirdDrone-Local,173,1,1,0,0,0,0,0.7602331638336182
video08,BirdDrone-Local,174,1,1,0,0,1,0,0.3497757017612457
video08,BirdDrone-Local,175,1,1,0,0,0,0,0.6956720948219299
video08,BirdDrone-Local,176,0,0,0,0,0,0,0.0
video08,BirdDrone-Local,177,1,1,0,0,0,0,0.5639857053756714
video08,BirdDrone-Local,178,1,1,0,0,0,0,0.753607451915741
video08,BirdDrone-Local,179,1,1,0,0,0,0,0.7279850244522095
video08,BirdDrone-Local,180,1,1,0,0,0,0,0.7411408424377441
video08,BirdDrone-Local,181,1,1,0,0,0,0,0.7668334245681763
video08,BirdDrone-Local,182,1,1,0,0,0,0,0.7506873607635498
video08,BirdDrone-Local,183,1,1,0,0,0,0,0.7775323987007141
video08,BirdDrone-Local,184,1,1,0,0,0,0,0.7830867171287537
video08,BirdDrone-Local,185,1,1,0,0,0,0,0.8093615174293518
video08,BirdDrone-Local,186,1,1,0,0,0,0,0.7764561176300049
video08,BirdDrone-Local,187,2,1,1,1,1,0,0.769500195980072
video08,BirdDrone-Local,188,2,1,1,1,0,0,0.7981635332107544
video08,BirdDrone-Local,189,1,1,0,0,0,0,0.7929098010063171
video08,BirdDrone-Local,190,1,1,0,0,1,0,0.3052857518196106
video08,BirdDrone-Local,191,2,1,1,1,1,0,0.668255627155304
video08,BirdDrone-Local,192,0,0,0,0,0,0,0.0
video08,BirdDrone-Local,193,0,0,0,0,0,0,0.0
video08,BirdDrone-Local,194,0,0,0,0,0,0,0.0
video08,BirdDrone-Local,195,2,2,0,0,0,0,0.49783065915107727
video08,BirdDrone-Local,196,0,0,0,0,0,0,0.0
video08,BirdDrone-Local,197,1,1,0,0,1,0,0.28490084409713745
video08,BirdDrone-Local,198,0,0,0,0,0,0,0.0
video08,BirdDrone-Local,199,0,0,0,0,0,0,0.0
video08,BirdDrone-Local,200,0,0,0,0,0,0,0.0
video08,BirdDrone-Local,201,0,0,0,0,0,0,0.0
video08,BirdDrone-Local,202,0,0,0,0,0,0,0.0
video08,BirdDrone-Local,203,0,0,0,0,0,0,0.0
video08,BirdDrone-Local,204,0,0,0,0,0,0,0.0
video08,BirdDrone-Local,205,0,0,0,0,0,0,0.0
video08,BirdDrone-Local,206,2,2,0,0,2,0,0.33403506875038147
video08,BirdDrone-Local,207,2,2,0,0,1,0,0.6807623505592346
video08,BirdDrone-Local,208,3,3,0,0,2,0,0.6194350719451904
video08,BirdDrone-Local,209,1,1,0,0,0,0,0.6731064319610596
video08,BirdDrone-Local,210,1,1,0,0,0,0,0.7160032391548157
video08,BirdDrone-Local,211,1,1,0,0,1,0,0.2976751923561096
video08,BirdDrone-Local,212,1,1,0,0,0,0,0.5610591173171997
video08,BirdDrone-Local,213,2,2,0,0,1,0,0.4171017110347748
video08,BirdDrone-Local,214,1,1,0,0,0,0,0.3869190514087677
video08,BirdDrone-Local,215,2,1,1,1,2,0,0.34717002511024475
video08,BirdDrone-Local,216,0,0,0,0,0,0,0.0
video08,BirdDrone-Local,217,0,0,0,0,0,0,0.0
video08,BirdDrone-Local,218,0,0,0,0,0,0,0.0
video08,BirdDrone-Local,219,1,0,1,1,1,0,0.31686243414878845
video08,BirdDrone-Local,220,1,1,0,0,0,0,0.6696174144744873
video08,BirdDrone-Local,221,1,1,0,0,0,0,0.7624779939651489
video08,BirdDrone-Local,222,1,1,0,0,0,0,0.8000668287277222
video08,BirdDrone-Local,223,1,1,0,0,0,0,0.831925094127655
video08,BirdDrone-Local,224,1,1,0,0,0,0,0.8584896326065063
video08,BirdDrone-Local,225,1,1,0,0,0,0,0.8147503733634949
video08,BirdDrone-Local,226,1,1,0,0,0,0,0.7732486128807068
video08,BirdDrone-Local,227,1,1,0,0,0,0,0.8656512498855591
video08,BirdDrone-Local,228,2,1,1,1,1,0,0.8600755929946899
video08,BirdDrone-Local,229,1,1,0,0,0,0,0.8372395634651184
video08,BirdDrone-Local,230,1,1,0,0,0,0,0.8750681281089783
video08,BirdDrone-Local,231,1,1,0,0,0,0,0.8527153730392456
video08,BirdDrone-Local,232,1,1,0,0,0,0,0.8843235373497009
video08,BirdDrone-Local,233,1,1,0,0,0,0,0.869245707988739
video08,BirdDrone-Local,234,1,1,0,0,0,0,0.878504753112793
video08,BirdDrone-Local,235,1,1,0,0,0,0,0.8722991943359375
video08,BirdDrone-Local,236,1,1,0,0,0,0,0.8629404902458191
video08,BirdDrone-Local,237,1,1,0,0,0,0,0.8476283550262451
video08,BirdDrone-Local,238,1,1,0,0,0,0,0.8027524948120117
video08,BirdDrone-Local,239,1,1,0,0,0,0,0.8529563546180725
video08,BirdDrone-Local,240,1,1,0,0,0,0,0.8728559017181396
video08,BirdDrone-Local,241,1,1,0,0,0,0,0.8622147440910339
video08,BirdDrone-Local,242,1,1,0,0,0,0,0.8733730912208557
video08,BirdDrone-Local,243,1,1,0,0,0,0,0.853167712688446
video08,BirdDrone-Local,244,1,1,0,0,0,0,0.8446575403213501
video08,BirdDrone-Local,245,1,1,0,0,0,0,0.8832706809043884
video08,BirdDrone-Local,246,1,1,0,0,0,0,0.8656627535820007
video08,BirdDrone-Local,247,2,2,0,0,1,0,0.7050707936286926
video08,BirdDrone-Local,248,1,1,0,0,0,0,0.8815923929214478
video08,BirdDrone-Local,249,1,1,0,0,0,0,0.8436103463172913
video08,BirdDrone-Local,250,2,2,0,0,0,0,0.46572691202163696
video08,BirdDrone-Local,251,1,1,0,0,0,0,0.8579939007759094
video08,BirdDrone-Local,252,1,1,0,0,0,0,0.8584575653076172
video08,BirdDrone-Local,253,1,1,0,0,0,0,0.8586851954460144
video08,BirdDrone-Local,254,1,1,0,0,0,0,0.8739694356918335
video08,BirdDrone-Local,255,1,1,0,0,0,0,0.8869935870170593
video08,BirdDrone-Local,256,1,1,0,0,0,0,0.8733558058738708
video08,BirdDrone-Local,257,1,1,0,0,0,0,0.8813544511795044
video08,BirdDrone-Local,258,1,1,0,0,0,0,0.8589158654212952
video08,BirdDrone-Local,259,1,1,0,0,0,0,0.8073443174362183
video08,BirdDrone-Local,260,1,1,0,0,0,0,0.8760305047035217
video08,BirdDrone-Local,261,1,1,0,0,0,0,0.8852317929267883
video08,BirdDrone-Local,262,1,1,0,0,0,0,0.888677179813385
video08,BirdDrone-Local,263,1,1,0,0,0,0,0.810539722442627
video08,BirdDrone-Local,264,1,1,0,0,0,0,0.8914861083030701
video08,BirdDrone-Local,265,1,1,0,0,0,0,0.8789064884185791
video08,BirdDrone-Local,266,1,1,0,0,0,0,0.8706822991371155
video08,BirdDrone-Local,267,1,1,0,0,0,0,0.8692299723625183
video08,BirdDrone-Local,268,1,1,0,0,0,0,0.8462466597557068
video08,BirdDrone-Local,269,1,1,0,0,0,0,0.8389168977737427
video08,BirdDrone-Local,270,1,1,0,0,0,0,0.8431481122970581
video08,BirdDrone-Local,271,1,1,0,0,0,0,0.8092368245124817
video08,BirdDrone-Local,272,1,1,0,0,0,0,0.7619784474372864
video08,BirdDrone-Local,273,1,1,0,0,0,0,0.6974451541900635
video08,BirdDrone-Local,274,1,1,0,0,1,0,0.3430635631084442
video08,BirdDrone-Local,275,1,1,0,0,0,0,0.4741973578929901
video08,BirdDrone-Local,276,1,1,0,0,0,0,0.4453894793987274
video08,BirdDrone-Local,277,1,1,0,0,0,0,0.4517747759819031
video08,BirdDrone-Local,278,1,1,0,0,0,0,0.7565012574195862
video08,BirdDrone-Local,279,1,1,0,0,0,0,0.8289299011230469
video08,BirdDrone-Local,280,1,1,0,0,0,0,0.8399257659912109
video08,BirdDrone-Local,281,2,2,0,0,1,0,0.5540521144866943
video08,BirdDrone-Local,282,1,1,0,0,0,0,0.8040083050727844
video08,BirdDrone-Local,283,1,1,0,0,0,0,0.8563436269760132
video08,BirdDrone-Local,284,1,1,0,0,0,0,0.8622145056724548
video08,BirdDrone-Local,285,1,1,0,0,0,0,0.8385744094848633
video08,BirdDrone-Local,286,1,1,0,0,0,0,0.8710346221923828
video08,BirdDrone-Local,287,1,1,0,0,0,0,0.8769005537033081
video08,BirdDrone-Local,288,1,1,0,0,0,0,0.8786956667900085
video08,BirdDrone-Local,289,2,1,1,1,1,0,0.8297901749610901
video08,BirdDrone-Local,290,2,1,1,1,1,0,0.8594130873680115
video08,BirdDrone-Local,291,2,1,1,1,1,0,0.8626438975334167
video08,BirdDrone-Local,292,1,1,0,0,0,0,0.7846810221672058
video08,BirdDrone-Local,293,1,1,0,0,0,0,0.7945138812065125
video08,BirdDrone-Local,294,1,1,0,0,0,0,0.8757750988006592
video08,BirdDrone-Local,295,1,1,0,0,0,0,0.8570411205291748
video08,BirdDrone-Local,296,1,1,0,0,0,0,0.6694980263710022
video08,BirdDrone-Local,297,1,1,0,0,0,0,0.8567083477973938
video08,BirdDrone-Local,298,1,1,0,0,0,0,0.7751045227050781
video08,BirdDrone-Local,299,1,1,0,0,0,0,0.824735701084137
video08,BirdDrone-Local,300,1,1,0,0,0,0,0.7790077924728394
video08,BirdDrone-Local,301,1,1,0,0,0,0,0.8649344444274902
video08,BirdDrone-Local,302,1,1,0,0,0,0,0.6736283302307129
video08,BirdDrone-Local,303,1,1,0,0,0,0,0.7623653411865234
video08,BirdDrone-Local,304,1,1,0,0,0,0,0.8018010258674622
video08,BirdDrone-Local,305,2,1,1,1,1,0,0.8776663541793823
video08,BirdDrone-Local,306,1,1,0,0,0,0,0.8396212458610535
video08,BirdDrone-Local,307,1,1,0,0,0,0,0.8300276398658752
video08,BirdDrone-Local,308,3,2,1,1,3,0,0.34025126695632935
video08,BirdDrone-Local,309,1,1,0,0,0,0,0.8315644860267639
video08,BirdDrone-Local,310,1,1,0,0,0,0,0.8269496560096741
video08,BirdDrone-Local,311,2,1,1,1,0,0,0.8333081603050232
video08,BirdDrone-Local,312,2,1,1,1,1,0,0.5171465277671814
video08,BirdDrone-Local,313,1,1,0,0,0,0,0.5513444542884827
video08,BirdDrone-Local,314,3,1,2,2,2,0,0.8161320090293884
video08,BirdDrone-Local,315,2,1,1,1,0,0,0.8152908086776733
video08,BirdDrone-Local,316,2,1,1,1,0,0,0.6535647511482239
video08,BirdDrone-Local,317,0,0,0,0,0,0,0.0
video08,BirdDrone-Local,318,2,1,1,1,0,0,0.3947950303554535
video08,BirdDrone-Local,319,1,1,0,0,1,0,0.26167523860931396
video08,BirdDrone-Local,320,1,0,1,1,1,0,0.3353661596775055
video08,BirdDrone-Local,321,1,0,1,1,1,0,0.32388725876808167
video08,BirdDrone-Local,322,0,0,0,0,0,0,0.0
video08,BirdDrone-Local,323,0,0,0,0,0,0,0.0
video08,BirdDrone-Local,324,1,0,1,1,0,0,0.3722573518753052
video08,BirdDrone-Local,325,0,0,0,0,0,0,0.0
video08,BirdDrone-Local,326,1,0,1,1,0,0,0.6043782830238342
video08,BirdDrone-Local,327,1,0,1,1,0,0,0.5854825377464294
video08,BirdDrone-Local,328,1,0,1,1,1,0,0.3086611330509186
video08,BirdDrone-Local,329,0,0,0,0,0,0,0.0
video08,BirdDrone-Local,330,0,0,0,0,0,0,0.0
video08,BirdDrone-Local,331,2,1,1,1,1,0,0.3668871819972992
video08,BirdDrone-Local,332,1,0,1,1,1,0,0.3053637444972992
video08,BirdDrone-Local,333,0,0,0,0,0,0,0.0
video08,BirdDrone-Local,334,0,0,0,0,0,0,0.0
video08,BirdDrone-Local,335,1,0,1,1,0,0,0.4273689389228821
video08,BirdDrone-Local,336,0,0,0,0,0,0,0.0
video08,BirdDrone-Local,337,0,0,0,0,0,0,0.0
video08,BirdDrone-Local,338,1,0,1,1,0,0,0.3941124677658081
video08,BirdDrone-Local,339,0,0,0,0,0,0,0.0
video08,BirdDrone-Local,340,0,0,0,0,0,0,0.0
video08,BirdDrone-Local,341,2,1,1,1,0,0,0.42732566595077515
video08,BirdDrone-Local,342,2,1,1,1,0,0,0.3836498558521271
video08,BirdDrone-Local,343,2,1,1,1,0,0,0.3767639994621277
video08,BirdDrone-Local,344,2,1,1,1,1,0,0.37040141224861145
video08,BirdDrone-Local,345,2,1,1,1,1,0,0.37361177802085876
video08,BirdDrone-Local,346,1,1,0,0,0,0,0.8856980204582214
video08,BirdDrone-Local,347,1,1,0,0,0,0,0.8845970034599304
video08,BirdDrone-Local,348,1,1,0,0,0,0,0.8845648765563965
video08,BirdDrone-Local,349,1,1,0,0,0,0,0.8957207798957825
video08,BirdDrone-Local,350,1,1,0,0,0,0,0.8911008834838867
video08,BirdDrone-Local,351,1,1,0,0,0,0,0.8911953568458557
video08,BirdDrone-Local,352,1,1,0,0,0,0,0.8754953742027283
video08,BirdDrone-Local,353,1,1,0,0,0,0,0.8838865756988525
video08,BirdDrone-Local,354,1,1,0,0,0,0,0.8842459917068481
video08,BirdDrone-Local,355,1,1,0,0,0,0,0.8639853000640869
video08,BirdDrone-Local,356,1,1,0,0,0,0,0.48013371229171753
video08,BirdDrone-Local,357,1,1,0,0,0,0,0.7590630650520325
video08,BirdDrone-Local,358,1,1,0,0,0,0,0.8018878102302551
video08,BirdDrone-Local,359,1,1,0,0,0,0,0.7776374220848083
video08,BirdDrone-Local,360,2,2,0,0,1,0,0.8326120376586914
video08,BirdDrone-Local,361,2,2,0,0,1,0,0.8373422026634216
video08,BirdDrone-Local,362,1,1,0,0,0,0,0.4016273021697998
video08,BirdDrone-Local,363,1,1,0,0,0,0,0.4057973027229309
video08,BirdDrone-Local,364,1,1,0,0,0,0,0.3795272707939148
video08,BirdDrone-Local,365,1,1,0,0,0,0,0.5924178957939148
video08,BirdDrone-Local,366,1,1,0,0,0,0,0.8123206496238708
video08,BirdDrone-Local,367,1,1,0,0,0,0,0.7901154160499573
video08,BirdDrone-Local,368,1,1,0,0,0,0,0.5786044001579285
video08,BirdDrone-Local,369,1,1,0,0,0,0,0.5576155185699463
video08,BirdDrone-Local,370,1,1,0,0,0,0,0.7891671061515808
video08,BirdDrone-Local,371,1,1,0,0,0,0,0.7880551218986511
video08,BirdDrone-Local,372,1,1,0,0,0,0,0.769932746887207
video08,BirdDrone-Local,373,1,1,0,0,0,0,0.5926430821418762
video08,BirdDrone-Local,374,1,1,0,0,0,0,0.43759018182754517
video08,BirdDrone-Local,375,1,1,0,0,0,0,0.7223189473152161
video08,BirdDrone-Local,376,1,1,0,0,0,0,0.5448971390724182
video08,BirdDrone-Local,377,1,1,0,0,0,0,0.6119440197944641
video08,BirdDrone-Local,378,1,1,0,0,0,0,0.35122501850128174
video08,BirdDrone-Local,379,1,1,0,0,0,0,0.8037872910499573
video08,BirdDrone-Local,380,1,1,0,0,0,0,0.8152962923049927
video08,BirdDrone-Local,381,1,1,0,0,0,0,0.6737931370735168
video08,BirdDrone-Local,382,1,1,0,0,0,0,0.6326005458831787
video08,BirdDrone-Local,383,1,1,0,0,0,0,0.7580205202102661
video08,BirdDrone-Local,384,1,1,0,0,0,0,0.7931507229804993
video08,BirdDrone-Local,385,1,1,0,0,0,0,0.5084156394004822
video08,BirdDrone-Local,386,1,1,0,0,0,0,0.7112221717834473
video08,BirdDrone-Local,387,1,1,0,0,0,0,0.7314916253089905
video08,BirdDrone-Local,388,1,1,0,0,0,0,0.7951170206069946
video08,BirdDrone-Local,389,1,1,0,0,0,0,0.8146641254425049
video08,BirdDrone-Local,390,1,1,0,0,0,0,0.7617189288139343
video08,BirdDrone-Local,391,1,1,0,0,0,0,0.7623193860054016
video08,BirdDrone-Local,392,1,1,0,0,0,0,0.6072426438331604
video08,BirdDrone-Local,393,1,1,0,0,0,0,0.6274711489677429
video08,BirdDrone-Local,394,1,1,0,0,0,0,0.7829592227935791
video08,BirdDrone-Local,395,1,1,0,0,0,0,0.7379655838012695
video08,BirdDrone-Local,396,1,1,0,0,0,0,0.8128818273544312
video08,BirdDrone-Local,397,1,1,0,0,0,0,0.8212252855300903
video08,BirdDrone-Local,398,1,1,0,0,0,0,0.7841563820838928
video08,BirdDrone-Local,399,1,1,0,0,0,0,0.641194224357605
video08,BirdDrone-Local,400,1,1,0,0,0,0,0.8452654480934143
video08,BirdDrone-Local,401,1,1,0,0,0,0,0.8482851386070251
video08,BirdDrone-Local,402,1,1,0,0,0,0,0.8520779013633728
video08,BirdDrone-Local,403,1,1,0,0,0,0,0.7575292587280273
video08,BirdDrone-Local,404,1,1,0,0,0,0,0.7524404525756836
video08,BirdDrone-Local,405,1,1,0,0,0,0,0.7691683173179626
video08,BirdDrone-Local,406,1,1,0,0,0,0,0.5209985375404358
video08,BirdDrone-Local,407,1,1,0,0,0,0,0.6890063285827637
video08,BirdDrone-Local,408,1,1,0,0,0,0,0.8029122352600098
video08,BirdDrone-Local,409,1,1,0,0,0,0,0.8409319519996643
video08,BirdDrone-Local,410,1,1,0,0,0,0,0.8498156666755676
video08,BirdDrone-Local,411,1,1,0,0,0,0,0.8617696762084961
video08,BirdDrone-Local,412,1,1,0,0,0,0,0.8754055500030518
video08,BirdDrone-Local,413,1,1,0,0,0,0,0.8244006633758545
video08,BirdDrone-Local,414,1,1,0,0,0,0,0.846594512462616
video08,BirdDrone-Local,415,1,1,0,0,0,0,0.8489914536476135
video08,BirdDrone-Local,416,1,1,0,0,0,0,0.8381267786026001
video08,BirdDrone-Local,417,1,1,0,0,0,0,0.8455325365066528
video08,BirdDrone-Local,418,1,1,0,0,0,0,0.8529030680656433
video08,BirdDrone-Local,419,1,1,0,0,0,0,0.8524119257926941
video08,BirdDrone-Local,420,1,1,0,0,0,0,0.8010871410369873
video08,BirdDrone-Local,421,1,1,0,0,0,0,0.8067107796669006
video08,BirdDrone-Local,422,1,1,0,0,0,0,0.849062442779541
video08,BirdDrone-Local,423,1,1,0,0,0,0,0.8495882153511047
video08,BirdDrone-Local,424,1,1,0,0,0,0,0.8266497850418091
video08,BirdDrone-Local,425,1,1,0,0,0,0,0.8309481143951416
video08,BirdDrone-Local,426,1,1,0,0,0,0,0.823283851146698
video08,BirdDrone-Local,427,1,1,0,0,0,0,0.8267095685005188
video08,BirdDrone-Local,428,1,1,0,0,0,0,0.842029333114624
video08,BirdDrone-Local,429,1,1,0,0,0,0,0.8068745732307434
video08,BirdDrone-Local,430,1,1,0,0,0,0,0.8291348218917847
video08,BirdDrone-Local,431,1,1,0,0,0,0,0.8263699412345886
video08,BirdDrone-Local,432,1,1,0,0,0,0,0.8049904108047485
video08,BirdDrone-Local,433,1,1,0,0,0,0,0.8075113296508789
video08,BirdDrone-Local,434,1,1,0,0,0,0,0.8454779386520386
video08,BirdDrone-Local,435,1,1,0,0,0,0,0.8479770421981812
video08,BirdDrone-Local,436,1,1,0,0,0,0,0.8125767111778259
video08,BirdDrone-Local,437,1,1,0,0,0,0,0.8088403940200806
video08,BirdDrone-Local,438,1,1,0,0,0,0,0.8275963664054871
video08,BirdDrone-Local,439,1,1,0,0,0,0,0.8121328353881836
video08,BirdDrone-Local,440,2,2,0,0,0,0,0.6578368544578552
video08,BirdDrone-Local,441,1,1,0,0,0,0,0.7308759093284607
video08,BirdDrone-Local,442,1,1,0,0,0,0,0.7619379758834839
video08,BirdDrone-Local,443,1,1,0,0,0,0,0.7546336650848389
video08,BirdDrone-Local,444,1,1,0,0,0,0,0.8016473054885864
video08,BirdDrone-Local,445,1,1,0,0,0,0,0.7190747261047363
video08,BirdDrone-Local,446,1,1,0,0,0,0,0.7057667970657349
video08,BirdDrone-Local,447,1,1,0,0,0,0,0.7261504530906677
video08,BirdDrone-Local,448,1,1,0,0,0,0,0.8014023900032043
video08,BirdDrone-Local,449,1,1,0,0,0,0,0.8025150299072266
video08,BirdDrone-Local,450,1,1,0,0,0,0,0.7945957779884338
video08,BirdDrone-Local,451,1,1,0,0,0,0,0.8099368810653687
video08,BirdDrone-Local,452,1,1,0,0,0,0,0.8223064541816711
video08,BirdDrone-Local,453,1,1,0,0,0,0,0.8160021901130676
video08,BirdDrone-Local,454,1,1,0,0,0,0,0.8155735731124878
video08,BirdDrone-Local,455,1,1,0,0,0,0,0.8140291571617126
video08,BirdDrone-Local,456,1,1,0,0,0,0,0.8001386523246765
video08,BirdDrone-Local,457,1,1,0,0,0,0,0.7896922826766968
video08,BirdDrone-Local,458,1,1,0,0,0,0,0.6611223220825195
video08,BirdDrone-Local,459,1,1,0,0,0,0,0.8305994868278503
video08,BirdDrone-Local,460,1,1,0,0,0,0,0.8072458505630493
video08,BirdDrone-Local,461,1,1,0,0,0,0,0.8130529522895813
video08,BirdDrone-Local,462,1,1,0,0,0,0,0.8207402229309082
video08,BirdDrone-Local,463,1,1,0,0,0,0,0.8263472318649292
video08,BirdDrone-Local,464,1,1,0,0,0,0,0.8282135128974915
video08,BirdDrone-Local,465,1,1,0,0,0,0,0.8039397597312927
video08,BirdDrone-Local,466,1,1,0,0,0,0,0.6795426607131958
video08,BirdDrone-Local,467,1,1,0,0,0,0,0.7728321552276611
video08,BirdDrone-Local,468,1,1,0,0,0,0,0.7657644748687744
video08,BirdDrone-Local,469,1,1,0,0,0,0,0.8199783563613892
video08,BirdDrone-Local,470,1,1,0,0,0,0,0.8042187690734863
video08,BirdDrone-Local,471,1,1,0,0,0,0,0.8169369697570801
video08,BirdDrone-Local,472,1,1,0,0,0,0,0.7944472432136536
video08,BirdDrone-Local,473,1,1,0,0,0,0,0.782813310623169
video08,BirdDrone-Local,474,1,1,0,0,0,0,0.7662909030914307
video08,BirdDrone-Local,475,1,1,0,0,0,0,0.3632020950317383
video08,BirdDrone-Local,476,0,0,0,0,0,0,0.0
video08,BirdDrone-Local,477,1,1,0,0,0,0,0.7086589336395264
video08,BirdDrone-Local,478,1,1,0,0,0,0,0.7182784080505371
video08,BirdDrone-Local,479,1,1,0,0,0,0,0.78725665807724
video08,BirdDrone-Local,480,1,1,0,0,0,0,0.7628039121627808
video08,BirdDrone-Local,481,1,1,0,0,0,0,0.8014218211174011
video08,BirdDrone-Local,482,1,1,0,0,0,0,0.7653990387916565
video08,BirdDrone-Local,483,1,1,0,0,0,0,0.7614619135856628
video08,BirdDrone-Local,484,1,1,0,0,0,0,0.7952708005905151
video08,BirdDrone-Local,485,1,1,0,0,0,0,0.7808030843734741
video08,BirdDrone-Local,486,1,1,0,0,0,0,0.7790218591690063
video08,BirdDrone-Local,487,1,1,0,0,0,0,0.7990922331809998
video08,BirdDrone-Local,488,1,1,0,0,0,0,0.7979362607002258
video08,BirdDrone-Local,489,1,1,0,0,0,0,0.7876180410385132
video08,BirdDrone-Local,490,1,1,0,0,0,0,0.7968716621398926
video08,BirdDrone-Local,491,1,1,0,0,0,0,0.7982954978942871
video08,BirdDrone-Local,492,1,1,0,0,0,0,0.5877878069877625
video08,BirdDrone-Local,493,1,1,0,0,0,0,0.6464144587516785
video08,BirdDrone-Local,494,1,1,0,0,0,0,0.6799513697624207
video08,BirdDrone-Local,495,1,1,0,0,0,0,0.752027153968811
video08,BirdDrone-Local,496,1,1,0,0,0,0,0.7090454697608948
video08,BirdDrone-Local,497,1,1,0,0,0,0,0.724626362323761
video08,BirdDrone-Local,498,1,1,0,0,0,0,0.7691330313682556
video08,BirdDrone-Local,499,1,1,0,0,0,0,0.6583168506622314
video08,BirdDrone-Local,500,1,1,0,0,0,0,0.7057745456695557
video08,BirdDrone-Local,501,1,1,0,0,0,0,0.765733003616333
video08,BirdDrone-Local,502,1,1,0,0,0,0,0.6762632131576538
video08,BirdDrone-Local,503,1,1,0,0,0,0,0.7063993215560913
video08,BirdDrone-Local,504,1,1,0,0,0,0,0.7278863191604614
video08,BirdDrone-Local,505,1,1,0,0,0,0,0.689535915851593
video08,BirdDrone-Local,506,1,1,0,0,0,0,0.7253333926200867
video08,BirdDrone-Local,507,1,1,0,0,0,0,0.7530744075775146
video08,BirdDrone-Local,508,1,1,0,0,0,0,0.7037367820739746
video08,BirdDrone-Local,509,1,1,0,0,0,0,0.7864380478858948
video08,BirdDrone-Local,510,1,1,0,0,1,0,0.29587462544441223
video08,BirdDrone-Local,511,1,1,0,0,0,0,0.7910783886909485
video08,BirdDrone-Local,512,1,1,0,0,0,0,0.7742008566856384
video08,BirdDrone-Local,513,1,1,0,0,0,0,0.7805651426315308
video08,BirdDrone-Local,514,1,1,0,0,0,0,0.7698935866355896
video08,BirdDrone-Local,515,1,1,0,0,0,0,0.7782851457595825
video08,BirdDrone-Local,516,1,1,0,0,0,0,0.793095588684082
video08,BirdDrone-Local,517,1,1,0,0,0,0,0.8051535487174988
video08,BirdDrone-Local,518,1,1,0,0,0,0,0.80168217420578
video08,BirdDrone-Local,519,1,1,0,0,0,0,0.7661545872688293
video08,BirdDrone-Local,520,1,1,0,0,0,0,0.7654322981834412
video08,BirdDrone-Local,521,1,1,0,0,0,0,0.762292742729187
video08,BirdDrone-Local,522,1,1,0,0,0,0,0.7764296531677246
video08,BirdDrone-Local,523,1,1,0,0,0,0,0.8095813989639282
video08,BirdDrone-Local,524,1,1,0,0,0,0,0.7680838704109192
video08,BirdDrone-Local,525,1,1,0,0,0,0,0.7909665107727051
video08,BirdDrone-Local,526,2,2,0,0,1,0,0.8145787119865417
video08,BirdDrone-Local,527,1,1,0,0,0,0,0.7511390447616577
video08,BirdDrone-Local,528,1,1,0,0,0,0,0.7864013910293579
video08,BirdDrone-Local,529,2,2,0,0,1,0,0.78665691614151
video08,BirdDrone-Local,530,1,1,0,0,0,0,0.7902194857597351
video08,BirdDrone-Local,531,1,1,0,0,0,0,0.7531742453575134
video08,BirdDrone-Local,532,1,1,0,0,0,0,0.6898155808448792
video08,BirdDrone-Local,533,1,1,0,0,0,0,0.7639632225036621
video08,BirdDrone-Local,534,1,1,0,0,0,0,0.7662973999977112
video08,BirdDrone-Local,535,1,1,0,0,0,0,0.8110966086387634
video08,BirdDrone-Local,536,1,1,0,0,0,0,0.8340885639190674
video08,BirdDrone-Local,537,1,1,0,0,0,0,0.8234052658081055
video08,BirdDrone-Local,538,2,2,0,0,0,0,0.7714701294898987
video08,BirdDrone-Local,539,2,2,0,0,0,0,0.7848727107048035
video08,BirdDrone-Local,540,1,1,0,0,0,0,0.6895216703414917
video08,BirdDrone-Local,541,1,1,0,0,0,0,0.7498552203178406
video08,BirdDrone-Local,542,2,2,0,0,0,0,0.7436879277229309
video08,BirdDrone-Local,543,2,2,0,0,1,0,0.7813560366630554
video08,BirdDrone-Local,544,2,2,0,0,1,0,0.6629559397697449
video08,BirdDrone-Local,545,1,1,0,0,0,0,0.7461122274398804
video08,BirdDrone-Local,546,1,1,0,0,0,0,0.6773319244384766
video08,BirdDrone-Local,547,2,2,0,0,1,0,0.706957221031189
video08,BirdDrone-Local,548,1,1,0,0,0,0,0.7176786065101624
video08,BirdDrone-Local,549,2,2,0,0,1,0,0.6127098202705383
video08,BirdDrone-Local,550,1,1,0,0,0,0,0.7329974174499512
video08,BirdDrone-Local,551,2,2,0,0,1,0,0.5398958921432495
video08,BirdDrone-Local,552,1,1,0,0,0,0,0.7424300909042358
video08,BirdDrone-Local,553,1,1,0,0,0,0,0.8123482465744019
video08,BirdDrone-Local,554,1,1,0,0,0,0,0.7833265662193298
video08,BirdDrone-Local,555,1,1,0,0,0,0,0.8008146286010742
video08,BirdDrone-Local,556,1,1,0,0,0,0,0.8198969960212708
video08,BirdDrone-Local,557,1,1,0,0,0,0,0.8103406429290771
video08,BirdDrone-Local,558,1,1,0,0,0,0,0.6979347467422485
video08,BirdDrone-Local,559,2,2,0,0,1,0,0.709692120552063
video08,BirdDrone-Local,560,2,2,0,0,1,0,0.7116882801055908
video08,BirdDrone-Local,561,1,1,0,0,0,0,0.7666059136390686
video08,BirdDrone-Local,562,1,1,0,0,0,0,0.7241027355194092
video08,BirdDrone-Local,563,2,2,0,0,0,0,0.8103499412536621
video08,BirdDrone-Local,564,2,2,0,0,0,0,0.8059312701225281
video08,BirdDrone-Local,565,1,1,0,0,0,0,0.8092643618583679
video08,BirdDrone-Local,566,1,1,0,0,0,0,0.7475799322128296
video08,BirdDrone-Local,567,1,1,0,0,0,0,0.7648571133613586
video08,BirdDrone-Local,568,2,2,0,0,0,0,0.6334372758865356
video08,BirdDrone-Local,569,1,1,0,0,0,0,0.752570629119873
video08,BirdDrone-Local,570,1,1,0,0,0,0,0.7621420621871948
video08,BirdDrone-Local,571,2,2,0,0,1,0,0.7329298853874207
video08,BirdDrone-Local,572,1,1,0,0,0,0,0.6965270638465881
video08,BirdDrone-Local,573,2,2,0,0,0,0,0.7531754970550537
video08,BirdDrone-Local,574,2,2,0,0,0,0,0.5872673392295837
video08,BirdDrone-Local,575,1,1,0,0,0,0,0.7759806513786316
video08,BirdDrone-Local,576,1,1,0,0,0,0,0.7890670299530029
video08,BirdDrone-Local,577,1,1,0,0,0,0,0.7597240209579468
video08,BirdDrone-Local,578,1,1,0,0,0,0,0.7832180857658386
video08,BirdDrone-Local,579,1,1,0,0,0,0,0.7794340252876282
video08,BirdDrone-Local,580,1,1,0,0,0,0,0.7553484439849854
video08,BirdDrone-Local,581,1,1,0,0,0,0,0.7977129220962524
video08,BirdDrone-Local,582,1,1,0,0,0,0,0.7831544280052185
video08,BirdDrone-Local,583,1,1,0,0,0,0,0.7736109495162964
video08,BirdDrone-Local,584,1,1,0,0,0,0,0.7788028120994568
video08,BirdDrone-Local,585,1,1,0,0,0,0,0.7495899200439453
video08,BirdDrone-Local,586,2,2,0,0,0,0,0.7043222188949585
video08,BirdDrone-Local,587,1,1,0,0,0,0,0.7241713404655457
video08,BirdDrone-Local,588,1,1,0,0,0,0,0.6519534587860107
video08,BirdDrone-Local,589,1,1,0,0,0,0,0.7283254861831665
video08,BirdDrone-Local,590,2,2,0,0,0,0,0.6916899681091309
video08,BirdDrone-Local,591,1,1,0,0,0,0,0.6966992020606995
video08,BirdDrone-Local,592,1,1,0,0,0,0,0.6716485023498535
video08,BirdDrone-Local,593,2,2,0,0,1,0,0.4391271471977234
video08,BirdDrone-Local,594,1,1,0,0,0,0,0.7324066758155823
video08,BirdDrone-Local,595,1,1,0,0,0,0,0.7263426184654236
video08,BirdDrone-Local,596,1,1,0,0,0,0,0.6602932810783386
video08,BirdDrone-Local,597,1,1,0,0,0,0,0.6697790622711182
video08,BirdDrone-Local,598,1,1,0,0,0,0,0.7068148851394653
video08,BirdDrone-Local,599,2,2,0,0,1,0,0.5143088102340698
video08,BirdDrone-Local,600,1,1,0,0,0,0,0.7353306412696838
video08,BirdDrone-Local,601,1,1,0,0,0,0,0.7561861276626587
video08,BirdDrone-Local,602,1,1,0,0,0,0,0.7126021981239319
video08,BirdDrone-Local,603,1,1,0,0,0,0,0.7586349844932556
video08,BirdDrone-Local,604,1,1,0,0,0,0,0.7277154922485352
video08,BirdDrone-Local,605,1,1,0,0,0,0,0.7047538161277771
video08,BirdDrone-Local,606,1,1,0,0,0,0,0.7074970602989197
video08,BirdDrone-Local,607,1,1,0,0,0,0,0.7679914832115173
video08,BirdDrone-Local,608,1,1,0,0,0,0,0.7942110300064087
video08,BirdDrone-Local,609,2,2,0,0,1,0,0.806835949420929
video08,BirdDrone-Local,610,2,2,0,0,0,0,0.7863450050354004
video08,BirdDrone-Local,611,2,2,0,0,1,0,0.7712612152099609
video08,BirdDrone-Local,612,1,1,0,0,0,0,0.7422630190849304
video08,BirdDrone-Local,613,1,1,0,0,0,0,0.7578773498535156
video08,BirdDrone-Local,614,2,2,0,0,1,0,0.7299399375915527
video08,BirdDrone-Local,615,1,1,0,0,0,0,0.6873611807823181
video08,BirdDrone-Local,616,1,1,0,0,0,0,0.7314810156822205
video08,BirdDrone-Local,617,1,1,0,0,0,0,0.746004581451416
video08,BirdDrone-Local,618,2,2,0,0,0,0,0.7832557559013367
video08,BirdDrone-Local,619,1,1,0,0,0,0,0.7350959777832031
video08,BirdDrone-Local,620,1,1,0,0,0,0,0.6445204019546509
video08,BirdDrone-Local,621,1,1,0,0,0,0,0.7429466247558594
video08,BirdDrone-Local,622,1,1,0,0,0,0,0.7199825644493103
video08,BirdDrone-Local,623,1,1,0,0,0,0,0.6833586096763611
video08,BirdDrone-Local,624,1,1,0,0,0,0,0.5896217823028564
video08,BirdDrone-Local,625,1,1,0,0,0,0,0.5109826326370239
video08,BirdDrone-Local,626,1,1,0,0,0,0,0.787788987159729
video08,BirdDrone-Local,627,1,1,0,0,0,0,0.7391919493675232
video08,BirdDrone-Local,628,1,1,0,0,0,0,0.7581648826599121
video08,BirdDrone-Local,629,1,1,0,0,0,0,0.7866787910461426
video08,BirdDrone-Local,630,1,1,0,0,0,0,0.7004815936088562
video08,BirdDrone-Local,631,1,1,0,0,0,0,0.7860335111618042
video08,BirdDrone-Local,632,1,1,0,0,0,0,0.7771644592285156
video08,BirdDrone-Local,633,1,1,0,0,0,0,0.75640469789505
video08,BirdDrone-Local,634,1,1,0,0,0,0,0.6613280773162842
video08,BirdDrone-Local,635,1,1,0,0,0,0,0.6924437880516052
video08,BirdDrone-Local,636,1,1,0,0,0,0,0.7948306798934937
video08,BirdDrone-Local,637,1,1,0,0,0,0,0.6981492638587952
video08,BirdDrone-Local,638,1,1,0,0,0,0,0.7521256804466248
video08,BirdDrone-Local,639,1,1,0,0,0,0,0.7968652248382568
video08,BirdDrone-Local,640,1,1,0,0,0,0,0.6706811785697937
video08,BirdDrone-Local,641,1,1,0,0,0,0,0.7179355621337891
video08,BirdDrone-Local,642,1,1,0,0,0,0,0.723196804523468
video08,BirdDrone-Local,643,1,1,0,0,0,0,0.7243598699569702
video08,BirdDrone-Local,644,1,1,0,0,0,0,0.7216451168060303
video08,BirdDrone-Local,645,1,1,0,0,0,0,0.7140641212463379
video08,BirdDrone-Local,646,1,1,0,0,0,0,0.7139897346496582
video08,BirdDrone-Local,647,1,1,0,0,0,0,0.7684994339942932
video08,BirdDrone-Local,648,1,1,0,0,0,0,0.758539617061615
video08,BirdDrone-Local,649,1,1,0,0,0,0,0.7787390351295471
video08,BirdDrone-Local,650,1,1,0,0,0,0,0.7166692614555359
video08,BirdDrone-Local,651,1,1,0,0,0,0,0.7403134107589722
video08,BirdDrone-Local,652,1,1,0,0,0,0,0.718170702457428
video08,BirdDrone-Local,653,1,1,0,0,0,0,0.7329179048538208
video08,BirdDrone-Local,654,1,1,0,0,0,0,0.760529100894928
video08,BirdDrone-Local,655,2,2,0,0,1,0,0.4713049530982971
video08,BirdDrone-Local,656,2,2,0,0,0,0,0.5738743543624878
video08,BirdDrone-Local,657,1,1,0,0,0,0,0.6513778567314148
video08,BirdDrone-Local,658,1,1,0,0,1,0,0.346202552318573
video08,BirdDrone-Local,659,1,1,0,0,0,0,0.3614712953567505
video08,BirdDrone-Local,660,1,1,0,0,0,0,0.37853512167930603
video08,BirdDrone-Local,661,1,1,0,0,0,0,0.3914952278137207
video08,BirdDrone-Local,662,2,2,0,0,1,0,0.7573020458221436
video08,BirdDrone-Local,663,1,1,0,0,0,0,0.7571110725402832
video08,BirdDrone-Local,664,1,1,0,0,0,0,0.7497656345367432
video08,BirdDrone-Local,665,1,1,0,0,0,0,0.7458158731460571
video08,BirdDrone-Local,666,1,1,0,0,0,0,0.692272961139679
video08,BirdDrone-Local,667,2,2,0,0,1,0,0.7386708855628967
video08,BirdDrone-Local,668,1,1,0,0,0,0,0.7180442810058594
video08,BirdDrone-Local,669,1,1,0,0,0,0,0.4292130172252655
video08,BirdDrone-Local,670,2,2,0,0,1,0,0.7579364776611328
video08,BirdDrone-Local,671,1,1,0,0,0,0,0.7368694543838501
video08,BirdDrone-Local,672,1,1,0,0,0,0,0.7528336644172668
video08,BirdDrone-Local,673,1,1,0,0,0,0,0.7376586198806763
video08,BirdDrone-Local,674,1,1,0,0,0,0,0.7089809775352478
video08,BirdDrone-Local,675,1,1,0,0,0,0,0.6111177206039429
video08,BirdDrone-Local,676,1,1,0,0,0,0,0.6823484897613525
video08,BirdDrone-Local,677,1,1,0,0,0,0,0.7180888652801514
video08,BirdDrone-Local,678,1,1,0,0,0,0,0.7560995221138
video08,BirdDrone-Local,679,1,1,0,0,0,0,0.7762653827667236
video08,BirdDrone-Local,680,1,1,0,0,0,0,0.7860018610954285
video08,BirdDrone-Local,681,2,2,0,0,1,0,0.7212437987327576
video08,BirdDrone-Local,682,1,1,0,0,0,0,0.7661631107330322
video08,BirdDrone-Local,683,2,2,0,0,0,0,0.4887675940990448
video08,BirdDrone-Local,684,1,1,0,0,0,0,0.615607500076294
video08,BirdDrone-Local,685,2,2,0,0,0,0,0.48584648966789246
video08,BirdDrone-Local,686,1,1,0,0,0,0,0.7134382128715515
video08,BirdDrone-Local,687,2,2,0,0,0,0,0.42838144302368164
video08,BirdDrone-Local,688,2,2,0,0,1,0,0.528658390045166
video08,BirdDrone-Local,689,1,1,0,0,0,0,0.6851972341537476
video08,BirdDrone-Local,690,1,1,0,0,0,0,0.7062873840332031
video08,BirdDrone-Local,691,1,1,0,0,0,0,0.6550257205963135
video08,BirdDrone-Local,692,1,1,0,0,0,0,0.7108204364776611
video08,BirdDrone-Local,693,1,1,0,0,0,0,0.6932995915412903
video08,BirdDrone-Local,694,1,1,0,0,0,0,0.7164553999900818
video08,BirdDrone-Local,695,1,1,0,0,0,0,0.7892975211143494
video08,BirdDrone-Local,696,2,2,0,0,0,0,0.7783598899841309
video08,BirdDrone-Local,697,1,1,0,0,0,0,0.7022629380226135
video08,BirdDrone-Local,698,1,1,0,0,0,0,0.5715587735176086
video08,BirdDrone-Local,699,1,1,0,0,0,0,0.559639573097229
video08,BirdDrone-Local,700,1,1,0,0,0,0,0.5492711067199707
video08,BirdDrone-Local,701,1,1,0,0,0,0,0.6839091181755066
video08,BirdDrone-Local,702,2,2,0,0,1,0,0.6641145944595337
video08,BirdDrone-Local,703,1,1,0,0,0,0,0.7755118608474731
video08,BirdDrone-Local,704,1,1,0,0,0,0,0.6352643966674805
video08,BirdDrone-Local,705,2,2,0,0,1,0,0.7457404732704163
video08,BirdDrone-Local,706,2,2,0,0,1,0,0.6702404022216797
video08,BirdDrone-Local,707,1,1,0,0,0,0,0.7732098698616028
video08,BirdDrone-Local,708,2,2,0,0,1,0,0.6450626850128174
video08,BirdDrone-Local,709,1,1,0,0,0,0,0.7359567880630493
video08,BirdDrone-Local,710,2,2,0,0,0,0,0.7626827359199524
video08,BirdDrone-Local,711,2,2,0,0,0,0,0.7562595009803772
video08,BirdDrone-Local,712,1,1,0,0,0,0,0.7585790753364563
video08,BirdDrone-Local,713,3,3,0,0,2,0,0.693709671497345
video08,BirdDrone-Local,714,1,1,0,0,0,0,0.7204316258430481
video08,BirdDrone-Local,715,1,1,0,0,0,0,0.7169522643089294
video08,BirdDrone-Local,716,2,2,0,0,1,0,0.6212452054023743
video08,BirdDrone-Local,717,1,1,0,0,0,0,0.811880886554718
video08,BirdDrone-Local,718,1,1,0,0,0,0,0.8041037917137146
video08,BirdDrone-Local,719,1,1,0,0,0,0,0.8134442567825317
video08,BirdDrone-Local,720,1,1,0,0,0,0,0.7958244681358337
video08,BirdDrone-Local,721,1,1,0,0,0,0,0.7783302664756775
video08,BirdDrone-Local,722,2,2,0,0,1,0,0.6644114851951599
video08,BirdDrone-Local,723,1,1,0,0,0,0,0.8058792352676392
video08,BirdDrone-Local,724,2,2,0,0,0,0,0.8318887948989868
video08,BirdDrone-Local,725,2,2,0,0,0,0,0.753474235534668
video08,BirdDrone-Local,726,1,1,0,0,0,0,0.8228439688682556
video08,BirdDrone-Local,727,1,1,0,0,0,0,0.7650483250617981
video08,BirdDrone-Local,728,2,2,0,0,2,0,0.3369876444339752
video08,BirdDrone-Local,729,1,1,0,0,0,0,0.6806410551071167
video08,BirdDrone-Local,730,1,1,0,0,0,0,0.7003783583641052
video08,BirdDrone-Local,731,1,1,0,0,0,0,0.7002896666526794
video08,BirdDrone-Local,732,1,1,0,0,0,0,0.7674018144607544
video08,BirdDrone-Local,733,1,1,0,0,0,0,0.7546196579933167
video08,BirdDrone-Local,734,1,1,0,0,0,0,0.7644134759902954
video08,BirdDrone-Local,735,1,1,0,0,0,0,0.7664815187454224
video08,BirdDrone-Local,736,1,1,0,0,0,0,0.8243951201438904
video08,BirdDrone-Local,737,2,2,0,0,0,0,0.49391821026802063
video08,BirdDrone-Local,738,2,2,0,0,0,0,0.4344964921474457
video08,BirdDrone-Local,739,1,1,0,0,0,0,0.8006350994110107
video08,BirdDrone-Local,740,1,1,0,0,0,0,0.7580187320709229
video08,BirdDrone-Local,741,1,1,0,0,0,0,0.7573056221008301
video08,BirdDrone-Local,742,2,2,0,0,0,0,0.7488293647766113
video08,BirdDrone-Local,743,1,1,0,0,0,0,0.7311474084854126
video08,BirdDrone-Local,744,1,1,0,0,0,0,0.7203502058982849
video08,BirdDrone-Local,745,1,1,0,0,0,0,0.3652041554450989
video08,BirdDrone-Local,746,1,1,0,0,0,0,0.855935275554657
video08,BirdDrone-Local,747,1,1,0,0,0,0,0.8099392652511597
video08,BirdDrone-Local,748,1,1,0,0,0,0,0.8568005561828613
video08,BirdDrone-Local,749,1,1,0,0,0,0,0.7952508926391602
video08,BirdDrone-Local,750,1,1,0,0,0,0,0.8268019556999207
video08,BirdDrone-Local,751,1,1,0,0,0,0,0.8240917325019836
video08,BirdDrone-Local,752,1,1,0,0,0,0,0.8438189029693604
video08,BirdDrone-Local,753,1,1,0,0,0,0,0.8082798719406128
video08,BirdDrone-Local,754,1,1,0,0,0,0,0.8246691226959229
video08,BirdDrone-Local,755,1,1,0,0,0,0,0.8287954330444336
video08,BirdDrone-Local,756,1,1,0,0,0,0,0.816470742225647
video08,BirdDrone-Local,757,1,1,0,0,0,0,0.82476407289505
video08,BirdDrone-Local,758,1,1,0,0,0,0,0.8350074291229248
video08,BirdDrone-Local,759,1,1,0,0,0,0,0.8336431980133057
video08,BirdDrone-Local,760,1,1,0,0,0,0,0.7881593108177185
video08,BirdDrone-Local,761,1,1,0,0,0,0,0.7846128344535828
video08,BirdDrone-Local,762,1,1,0,0,0,0,0.8255735039710999
video08,BirdDrone-Local,763,1,1,0,0,0,0,0.8224543333053589
video08,BirdDrone-Local,764,1,1,0,0,0,0,0.7968602180480957
video08,BirdDrone-Local,765,1,1,0,0,0,0,0.7875005006790161
video08,BirdDrone-Local,766,1,1,0,0,0,0,0.7891096472740173
video08,BirdDrone-Local,767,1,1,0,0,0,0,0.7909808158874512
video08,BirdDrone-Local,768,1,1,0,0,0,0,0.7830275893211365
video08,BirdDrone-Local,769,1,1,0,0,0,0,0.7810172438621521
video08,BirdDrone-Local,770,1,1,0,0,0,0,0.8204581141471863
video08,BirdDrone-Local,771,1,1,0,0,0,0,0.8150514960289001
video08,BirdDrone-Local,772,1,1,0,0,0,0,0.8247010707855225
video08,BirdDrone-Local,773,1,1,0,0,0,0,0.83257657289505
video08,BirdDrone-Local,774,1,1,0,0,0,0,0.8398250937461853
video08,BirdDrone-Local,775,1,1,0,0,0,0,0.8202422857284546
video08,BirdDrone-Local,776,1,1,0,0,0,0,0.7908539175987244
video08,BirdDrone-Local,777,1,1,0,0,0,0,0.850746750831604
video08,BirdDrone-Local,778,1,1,0,0,0,0,0.8274619579315186
video08,BirdDrone-Local,779,1,1,0,0,0,0,0.8109840154647827
video08,BirdDrone-Local,780,1,1,0,0,1,0,0.27581191062927246
video08,BirdDrone-Local,781,1,1,0,0,0,0,0.8005357980728149
video08,BirdDrone-Local,782,1,1,0,0,0,0,0.6951563954353333
video08,BirdDrone-Local,783,1,1,0,0,0,0,0.8064506649971008
video08,BirdDrone-Local,784,1,1,0,0,0,0,0.7871732711791992
video08,BirdDrone-Local,785,1,1,0,0,0,0,0.8201860785484314
video08,BirdDrone-Local,786,1,1,0,0,0,0,0.803637683391571
video08,BirdDrone-Local,787,1,1,0,0,0,0,0.8043089509010315
video08,BirdDrone-Local,788,1,1,0,0,0,0,0.8178732991218567
video08,BirdDrone-Local,789,1,1,0,0,0,0,0.7636697292327881
video08,BirdDrone-Local,790,1,1,0,0,0,0,0.805059552192688
video08,BirdDrone-Local,791,1,1,0,0,0,0,0.7721198201179504
video08,BirdDrone-Local,792,1,1,0,0,0,0,0.8080322742462158
video08,BirdDrone-Local,793,1,1,0,0,0,0,0.788885235786438
video08,BirdDrone-Local,794,1,1,0,0,0,0,0.8040476441383362
video08,BirdDrone-Local,795,1,1,0,0,0,0,0.7485445737838745
video08,BirdDrone-Local,796,1,1,0,0,0,0,0.794190526008606
video08,BirdDrone-Local,797,1,1,0,0,0,0,0.8031342029571533
video08,BirdDrone-Local,798,1,1,0,0,0,0,0.7982210516929626
video08,BirdDrone-Local,799,1,1,0,0,0,0,0.8276488184928894
video08,BirdDrone-Local,800,1,1,0,0,0,0,0.8366996049880981
video08,BirdDrone-Local,801,1,1,0,0,0,0,0.8009591102600098
video08,BirdDrone-Local,802,1,1,0,0,0,0,0.7991417050361633
video08,BirdDrone-Local,803,1,1,0,0,0,0,0.8079383373260498
video08,BirdDrone-Local,804,1,1,0,0,0,0,0.8168253898620605
video08,BirdDrone-Local,805,1,1,0,0,0,0,0.8204480409622192
video08,BirdDrone-Local,806,1,1,0,0,0,0,0.8045120239257812
video08,BirdDrone-Local,807,1,1,0,0,0,0,0.7906812429428101
video08,BirdDrone-Local,808,1,1,0,0,0,0,0.8064078688621521
video08,BirdDrone-Local,809,1,1,0,0,0,0,0.8009180426597595
video08,BirdDrone-Local,810,1,1,0,0,0,0,0.7886127829551697
video08,BirdDrone-Local,811,1,1,0,0,0,0,0.7942017316818237
video08,BirdDrone-Local,812,1,1,0,0,0,0,0.8101951479911804
video08,BirdDrone-Local,813,1,1,0,0,0,0,0.8158625364303589
video08,BirdDrone-Local,814,1,1,0,0,0,0,0.8160896897315979
video08,BirdDrone-Local,815,1,1,0,0,0,0,0.8044335246086121
video08,BirdDrone-Local,816,1,1,0,0,0,0,0.8493335843086243
video08,BirdDrone-Local,817,1,1,0,0,0,0,0.82942134141922
video08,BirdDrone-Local,818,1,1,0,0,0,0,0.8312439322471619
video08,BirdDrone-Local,819,1,1,0,0,0,0,0.8163245916366577
video08,BirdDrone-Local,820,1,1,0,0,0,0,0.8424426317214966
video08,BirdDrone-Local,821,1,1,0,0,0,0,0.8515727519989014
video08,BirdDrone-Local,822,1,1,0,0,0,0,0.8599414825439453
video08,BirdDrone-Local,823,1,1,0,0,0,0,0.8334282636642456
video08,BirdDrone-Local,824,1,1,0,0,0,0,0.8161532282829285
video08,BirdDrone-Local,825,2,2,0,0,0,0,0.7633315324783325
video08,BirdDrone-Local,826,1,1,0,0,0,0,0.8338130712509155
video08,BirdDrone-Local,827,1,1,0,0,0,0,0.8373851776123047
video08,BirdDrone-Local,828,1,1,0,0,0,0,0.8309001326560974
video08,BirdDrone-Local,829,1,1,0,0,0,0,0.8381754159927368
video08,BirdDrone-Local,830,1,1,0,0,0,0,0.8402809500694275
video08,BirdDrone-Local,831,2,2,0,0,1,0,0.5376800894737244
video08,BirdDrone-Local,832,1,1,0,0,0,0,0.8610209226608276
video08,BirdDrone-Local,833,1,1,0,0,0,0,0.8716791868209839
video08,BirdDrone-Local,834,1,1,0,0,0,0,0.8706690669059753
video08,BirdDrone-Local,835,1,1,0,0,0,0,0.872826874256134
video08,BirdDrone-Local,836,1,1,0,0,0,0,0.8186565041542053
video08,BirdDrone-Local,837,1,1,0,0,0,0,0.8053423166275024
video08,BirdDrone-Local,838,1,1,0,0,0,0,0.8264236450195312
video08,BirdDrone-Local,839,1,1,0,0,0,0,0.8289920687675476
video08,BirdDrone-Local,840,1,1,0,0,0,0,0.8172286152839661
video08,BirdDrone-Local,841,1,1,0,0,0,0,0.8238483667373657
video08,BirdDrone-Local,842,1,1,0,0,0,0,0.825332522392273
video08,BirdDrone-Local,843,1,1,0,0,0,0,0.8359875679016113
video08,BirdDrone-Local,844,1,1,0,0,0,0,0.8103574514389038
video08,BirdDrone-Local,845,1,1,0,0,0,0,0.8277878761291504
video08,BirdDrone-Local,846,1,1,0,0,0,0,0.7996549010276794
video08,BirdDrone-Local,847,1,1,0,0,0,0,0.8026552796363831
video08,BirdDrone-Local,848,1,1,0,0,0,0,0.8032934665679932
video08,BirdDrone-Local,849,1,1,0,0,0,0,0.8269545435905457
video08,BirdDrone-Local,850,1,1,0,0,0,0,0.8456494212150574
video08,BirdDrone-Local,851,1,1,0,0,0,0,0.8573410511016846
video08,BirdDrone-Local,852,1,1,0,0,0,0,0.8529065251350403
video08,BirdDrone-Local,853,1,1,0,0,0,0,0.8190417289733887
video08,BirdDrone-Local,854,1,1,0,0,0,0,0.8158478736877441
video08,BirdDrone-Local,855,1,1,0,0,0,0,0.806522786617279
video08,BirdDrone-Local,856,1,1,0,0,0,0,0.8061848282814026
video08,BirdDrone-Local,857,2,2,0,0,0,0,0.8074935674667358
video08,BirdDrone-Local,858,2,2,0,0,0,0,0.7890400886535645
video08,BirdDrone-Local,859,2,2,0,0,1,0,0.8208764791488647
video08,BirdDrone-Local,860,1,1,0,0,0,0,0.8383321762084961
video08,BirdDrone-Local,861,1,1,0,0,0,0,0.8403928279876709
video08,BirdDrone-Local,862,1,1,0,0,0,0,0.8241449594497681
video08,BirdDrone-Local,863,1,1,0,0,0,0,0.8095178604125977
video08,BirdDrone-Local,864,1,1,0,0,0,0,0.8373357057571411
video08,BirdDrone-Local,865,1,1,0,0,0,0,0.8449811935424805
video08,BirdDrone-Local,866,1,1,0,0,0,0,0.8374919891357422
video08,BirdDrone-Local,867,1,1,0,0,0,0,0.8376147747039795
video08,BirdDrone-Local,868,1,1,0,0,0,0,0.837082028388977
video08,BirdDrone-Local,869,1,1,0,0,0,0,0.7659031748771667
video08,BirdDrone-Local,870,1,1,0,0,0,0,0.7677332162857056
video08,BirdDrone-Local,871,1,1,0,0,0,0,0.8349655866622925
video08,BirdDrone-Local,872,1,1,0,0,0,0,0.8073197603225708
video08,BirdDrone-Local,873,1,1,0,0,0,0,0.8231157660484314
video08,BirdDrone-Local,874,1,1,0,0,0,0,0.7909594774246216
video08,BirdDrone-Local,875,1,1,0,0,0,0,0.8402374386787415
video08,BirdDrone-Local,876,1,1,0,0,0,0,0.7806631326675415
video08,BirdDrone-Local,877,1,1,0,0,0,0,0.7961881160736084
video08,BirdDrone-Local,878,1,1,0,0,0,0,0.7965905070304871
video08,BirdDrone-Local,879,1,1,0,0,0,0,0.8005498647689819
video08,BirdDrone-Local,880,1,1,0,0,0,0,0.8361621499061584
video08,BirdDrone-Local,881,1,1,0,0,0,0,0.8237193822860718
video08,BirdDrone-Local,882,1,1,0,0,0,0,0.8371769189834595
video08,BirdDrone-Local,883,1,1,0,0,0,0,0.8027848601341248
video08,BirdDrone-Local,884,1,1,0,0,0,0,0.8250086307525635
video08,BirdDrone-Local,885,1,1,0,0,0,0,0.8078988194465637
video08,BirdDrone-Local,886,1,1,0,0,0,0,0.8007068634033203
video08,BirdDrone-Local,887,1,1,0,0,0,0,0.7826592326164246
video08,BirdDrone-Local,888,2,2,0,0,0,0,0.8124715685844421
video08,BirdDrone-Local,889,1,1,0,0,0,0,0.7859705090522766
video08,BirdDrone-Local,890,1,1,0,0,0,0,0.7928332090377808
video08,BirdDrone-Local,891,1,1,0,0,0,0,0.8012029528617859
video08,BirdDrone-Local,892,1,1,0,0,0,0,0.7903306484222412
video08,BirdDrone-Local,893,1,1,0,0,0,0,0.7874017953872681
video08,BirdDrone-Local,894,2,2,0,0,0,0,0.7853780388832092
video08,BirdDrone-Local,895,1,1,0,0,0,0,0.7994154095649719
video08,BirdDrone-Local,896,1,1,0,0,0,0,0.7541879415512085
video08,BirdDrone-Local,897,1,1,0,0,0,0,0.7899559140205383
video08,BirdDrone-Local,898,1,1,0,0,0,0,0.8198739886283875
video08,BirdDrone-Local,899,1,1,0,0,0,0,0.7824073433876038
video08,BirdDrone-Local,900,1,1,0,0,0,0,0.779574990272522
video08,BirdDrone-Local,901,1,1,0,0,0,0,0.7844077348709106
video08,BirdDrone-Local,902,1,1,0,0,0,0,0.7954676151275635
video08,BirdDrone-Local,903,1,1,0,0,0,0,0.7881864309310913
video08,BirdDrone-Local,904,1,1,0,0,0,0,0.798542320728302
video08,BirdDrone-Local,905,1,1,0,0,0,0,0.8024960160255432
video08,BirdDrone-Local,906,1,1,0,0,0,0,0.797037661075592
video08,BirdDrone-Local,907,1,1,0,0,0,0,0.8005296587944031
video08,BirdDrone-Local,908,1,1,0,0,0,0,0.8078321814537048
video08,BirdDrone-Local,909,1,1,0,0,0,0,0.8043443560600281
video08,BirdDrone-Local,910,1,1,0,0,0,0,0.7348422408103943
video08,BirdDrone-Local,911,1,1,0,0,0,0,0.8152586817741394
video08,BirdDrone-Local,912,1,1,0,0,0,0,0.7980512380599976
video08,BirdDrone-Local,913,1,1,0,0,0,0,0.7898308038711548
video08,BirdDrone-Local,914,1,1,0,0,0,0,0.8266267776489258
video08,BirdDrone-Local,915,1,1,0,0,0,0,0.7658817768096924
video08,BirdDrone-Local,916,1,1,0,0,0,0,0.7662768959999084
video08,BirdDrone-Local,917,1,1,0,0,0,0,0.7600481510162354
video08,BirdDrone-Local,918,1,1,0,0,0,0,0.8100023865699768
video08,BirdDrone-Local,919,1,1,0,0,0,0,0.7946330904960632
video08,BirdDrone-Local,920,1,1,0,0,0,0,0.7477476000785828
video08,BirdDrone-Local,921,1,1,0,0,0,0,0.8033742308616638
video08,BirdDrone-Local,922,1,1,0,0,0,0,0.7565515637397766
video08,BirdDrone-Local,923,1,1,0,0,0,0,0.7124499082565308
video08,BirdDrone-Local,924,1,1,0,0,0,0,0.8161014318466187
video08,BirdDrone-Local,925,1,1,0,0,0,0,0.7944453954696655
video08,BirdDrone-Local,926,1,1,0,0,0,0,0.7877641320228577
video08,BirdDrone-Local,927,1,1,0,0,0,0,0.8192819356918335
video08,BirdDrone-Local,928,1,1,0,0,0,0,0.7663740515708923
video08,BirdDrone-Local,929,1,1,0,0,0,0,0.7274134159088135
video08,BirdDrone-Local,930,1,1,0,0,0,0,0.7973975539207458
video08,BirdDrone-Local,931,1,1,0,0,0,0,0.8091853260993958
video08,BirdDrone-Local,932,1,1,0,0,0,0,0.8002042174339294
video08,BirdDrone-Local,933,1,1,0,0,0,0,0.7615565061569214
video08,BirdDrone-Local,934,1,1,0,0,0,0,0.759904682636261
video08,BirdDrone-Local,935,1,1,0,0,0,0,0.7459521889686584
video08,BirdDrone-Local,936,1,1,0,0,0,0,0.49329060316085815
video08,BirdDrone-Local,937,1,1,0,0,0,0,0.803058922290802
video08,BirdDrone-Local,938,1,1,0,0,0,0,0.794153094291687
video08,BirdDrone-Local,939,1,1,0,0,0,0,0.7925370335578918
video08,BirdDrone-Local,940,1,1,0,0,0,0,0.7984683513641357
video08,BirdDrone-Local,941,1,1,0,0,0,0,0.7418155670166016
video08,BirdDrone-Local,942,1,1,0,0,0,0,0.6838183999061584
video08,BirdDrone-Local,943,1,1,0,0,0,0,0.7773345112800598
video08,BirdDrone-Local,944,1,1,0,0,0,0,0.7264882922172546
video08,BirdDrone-Local,945,1,1,0,0,0,0,0.8035339117050171
video08,BirdDrone-Local,946,1,1,0,0,0,0,0.8274521231651306
video08,BirdDrone-Local,947,1,1,0,0,0,0,0.7976667284965515
video08,BirdDrone-Local,948,1,1,0,0,0,0,0.829826831817627
video08,BirdDrone-Local,949,1,1,0,0,0,0,0.7908892631530762
video08,BirdDrone-Local,950,1,1,0,0,0,0,0.7852156758308411
video08,BirdDrone-Local,951,1,1,0,0,0,0,0.787044882774353
video08,BirdDrone-Local,952,1,1,0,0,0,0,0.7901136875152588
video08,BirdDrone-Local,953,1,1,0,0,0,0,0.8004601001739502
video08,BirdDrone-Local,954,1,1,0,0,0,0,0.8048951625823975
video08,BirdDrone-Local,955,1,1,0,0,0,0,0.7439441084861755
video08,BirdDrone-Local,956,1,1,0,0,0,0,0.7943145036697388
video08,BirdDrone-Local,957,2,2,0,0,0,0,0.6157313585281372
video08,BirdDrone-Local,958,1,1,0,0,0,0,0.7633342146873474
video08,BirdDrone-Local,959,1,1,0,0,0,0,0.7442744374275208
video08,BirdDrone-Local,960,1,1,0,0,0,0,0.8036485314369202
video08,BirdDrone-Local,961,1,1,0,0,0,0,0.799278974533081
video08,BirdDrone-Local,962,1,1,0,0,0,0,0.8229724168777466
video08,BirdDrone-Local,963,1,1,0,0,0,0,0.8096775412559509
video08,BirdDrone-Local,964,1,1,0,0,0,0,0.8147602677345276
video08,BirdDrone-Local,965,1,1,0,0,0,0,0.7871544361114502
video08,BirdDrone-Local,966,1,1,0,0,0,0,0.8004915118217468
video08,BirdDrone-Local,967,1,1,0,0,0,0,0.8077701926231384
video08,BirdDrone-Local,968,1,1,0,0,0,0,0.7742375135421753
video08,BirdDrone-Local,969,1,1,0,0,0,0,0.8020257353782654
video08,BirdDrone-Local,970,1,1,0,0,0,0,0.8030741214752197
video08,BirdDrone-Local,971,1,1,0,0,0,0,0.807688295841217
video08,BirdDrone-Local,972,1,1,0,0,0,0,0.7824789881706238
video08,BirdDrone-Local,973,1,1,0,0,0,0,0.7988337874412537
video08,BirdDrone-Local,974,1,1,0,0,0,0,0.8248815536499023
video08,BirdDrone-Local,975,1,1,0,0,0,0,0.8008469343185425
video08,BirdDrone-Local,976,1,1,0,0,0,0,0.8051658272743225
video08,BirdDrone-Local,977,1,1,0,0,0,0,0.8099110126495361
video08,BirdDrone-Local,978,1,1,0,0,0,0,0.7790501713752747
video08,BirdDrone-Local,979,1,1,0,0,0,0,0.7783911824226379
video08,BirdDrone-Local,980,1,1,0,0,0,0,0.7692602276802063
video08,BirdDrone-Local,981,1,1,0,0,0,0,0.7937396168708801
video08,BirdDrone-Local,982,1,1,0,0,0,0,0.5951725244522095
video08,BirdDrone-Local,983,1,1,0,0,0,0,0.7407716512680054
video08,BirdDrone-Local,984,1,1,0,0,0,0,0.7701147794723511
video08,BirdDrone-Local,985,1,1,0,0,0,0,0.7763077616691589
video08,BirdDrone-Local,986,1,1,0,0,0,0,0.7138903737068176
video08,BirdDrone-Local,987,1,1,0,0,0,0,0.8328466415405273
video08,BirdDrone-Local,988,1,1,0,0,0,0,0.8330468535423279
video08,BirdDrone-Local,989,1,1,0,0,0,0,0.8337295055389404
video08,BirdDrone-Local,990,1,1,0,0,0,0,0.8204149007797241
video08,BirdDrone-Local,991,1,1,0,0,0,0,0.8051376938819885
video08,BirdDrone-Local,992,1,1,0,0,0,0,0.705528736114502
video08,BirdDrone-Local,993,1,1,0,0,0,0,0.7702154517173767
video08,BirdDrone-Local,994,1,1,0,0,0,0,0.8080623149871826
video08,BirdDrone-Local,995,1,1,0,0,0,0,0.6833272576332092
video08,BirdDrone-Local,996,1,1,0,0,0,0,0.7867677807807922
video08,BirdDrone-Local,997,1,1,0,0,0,0,0.8153002262115479
video08,BirdDrone-Local,998,1,1,0,0,0,0,0.6421292424201965
video08,BirdDrone-Local,999,1,1,0,0,0,0,0.7906081676483154
video08,BirdDrone-Local,1000,1,1,0,0,0,0,0.8259990811347961
video08,BirdDrone-Local,1001,1,1,0,0,0,0,0.8166897892951965
video08,BirdDrone-Local,1002,1,1,0,0,0,0,0.5817286968231201
video08,BirdDrone-Local,1003,1,1,0,0,0,0,0.7922966480255127
video08,BirdDrone-Local,1004,1,1,0,0,0,0,0.8197375535964966
video08,BirdDrone-Local,1005,1,1,0,0,0,0,0.8217632174491882
video08,BirdDrone-Local,1006,1,1,0,0,0,0,0.7038894891738892
video08,BirdDrone-Local,1007,1,1,0,0,0,0,0.8079050183296204
video08,BirdDrone-Local,1008,1,1,0,0,0,0,0.8304973840713501
video08,BirdDrone-Local,1009,1,1,0,0,0,0,0.8088920712471008
video08,BirdDrone-Local,1010,1,1,0,0,0,0,0.7849483489990234
video08,BirdDrone-Local,1011,1,1,0,0,0,0,0.759647786617279
video08,BirdDrone-Local,1012,1,1,0,0,0,0,0.7930835485458374
video08,BirdDrone-Local,1013,1,1,0,0,0,0,0.8041322827339172
video08,BirdDrone-Local,1014,1,1,0,0,0,0,0.8285614252090454
video08,BirdDrone-Local,1015,1,1,0,0,0,0,0.7554906010627747
video08,BirdDrone-Local,1016,1,1,0,0,0,0,0.7931457161903381
video08,BirdDrone-Local,1017,1,1,0,0,0,0,0.7807661890983582
video08,BirdDrone-Local,1018,1,1,0,0,0,0,0.7513710260391235
video08,BirdDrone-Local,1019,1,1,0,0,0,0,0.8000291585922241
video08,BirdDrone-Local,1020,1,1,0,0,0,0,0.8041479587554932
video08,BirdDrone-Local,1021,1,1,0,0,0,0,0.7772579193115234
video08,BirdDrone-Local,1022,1,1,0,0,0,0,0.7427791953086853
video08,BirdDrone-Local,1023,1,1,0,0,0,0,0.7307098507881165
video08,BirdDrone-Local,1024,1,1,0,0,0,0,0.7286502718925476
video08,BirdDrone-Local,1025,1,1,0,0,0,0,0.7897233963012695
video08,BirdDrone-Local,1026,1,1,0,0,0,0,0.7620863914489746
video08,BirdDrone-Local,1027,1,1,0,0,0,0,0.7674237489700317
video08,BirdDrone-Local,1028,1,1,0,0,0,0,0.7989139556884766
video08,BirdDrone-Local,1029,1,1,0,0,0,0,0.70909583568573
video08,BirdDrone-Local,1030,1,1,0,0,0,0,0.7120075225830078
video08,BirdDrone-Local,1031,1,1,0,0,0,0,0.7636772394180298
video08,BirdDrone-Local,1032,1,1,0,0,0,0,0.8442045450210571
video08,BirdDrone-Local,1033,1,1,0,0,0,0,0.8141718506813049
video08,BirdDrone-Local,1034,1,1,0,0,0,0,0.8321112394332886
video08,BirdDrone-Local,1035,1,1,0,0,0,0,0.7951577305793762
video08,BirdDrone-Local,1036,1,1,0,0,0,0,0.7993915677070618
video08,BirdDrone-Local,1037,1,1,0,0,0,0,0.8667497634887695
video08,BirdDrone-Local,1038,1,1,0,0,0,0,0.8263792395591736
video08,BirdDrone-Local,1039,1,1,0,0,0,0,0.6959835290908813
video08,BirdDrone-Local,1040,1,1,0,0,0,0,0.8369761109352112
video08,BirdDrone-Local,1041,1,1,0,0,0,0,0.7889255881309509
video08,BirdDrone-Local,1042,1,1,0,0,0,0,0.8092091083526611
video08,BirdDrone-Local,1043,1,1,0,0,0,0,0.8524181842803955
video08,BirdDrone-Local,1044,1,1,0,0,0,0,0.6684160232543945
video08,BirdDrone-Local,1045,1,1,0,0,0,0,0.8602116703987122
video08,BirdDrone-Local,1046,1,1,0,0,0,0,0.8405121564865112
video08,BirdDrone-Local,1047,1,1,0,0,0,0,0.8555451035499573
video08,BirdDrone-Local,1048,1,1,0,0,0,0,0.7557471990585327
video08,BirdDrone-Local,1049,1,1,0,0,0,0,0.8087558150291443
video08,BirdDrone-Local,1050,1,1,0,0,0,0,0.8520997166633606
video08,BirdDrone-Local,1051,1,1,0,0,0,0,0.8422232270240784
video08,BirdDrone-Local,1052,1,1,0,0,0,0,0.8589811325073242
video08,BirdDrone-Local,1053,1,1,0,0,0,0,0.853888213634491
video08,BirdDrone-Local,1054,1,1,0,0,0,0,0.7913810014724731
video08,BirdDrone-Local,1055,1,1,0,0,0,0,0.7522913217544556
video08,BirdDrone-Local,1056,1,1,0,0,0,0,0.6965960264205933
video08,BirdDrone-Local,1057,1,1,0,0,0,0,0.8236100673675537
video08,BirdDrone-Local,1058,0,0,0,0,0,0,0.0
video08,BirdDrone-Local,1059,1,1,0,0,0,0,0.7938609719276428
video08,BirdDrone-Local,1060,1,1,0,0,0,0,0.7918423414230347
video08,BirdDrone-Local,1061,1,1,0,0,0,0,0.8397282361984253
video08,BirdDrone-Local,1062,1,1,0,0,0,0,0.7472328543663025
video08,BirdDrone-Local,1063,1,1,0,0,0,0,0.8389479517936707
video08,BirdDrone-Local,1064,1,1,0,0,0,0,0.8364721536636353
video08,BirdDrone-Local,1065,1,1,0,0,0,0,0.7941988706588745
video08,BirdDrone-Local,1066,1,1,0,0,1,0,0.2995612323284149
video08,BirdDrone-Local,1067,1,1,0,0,0,0,0.8549328446388245
video08,BirdDrone-Local,1068,1,1,0,0,1,0,0.29180023074150085
video08,BirdDrone-Local,1069,2,1,1,1,0,0,0.6313080191612244
video08,BirdDrone-Local,1070,1,1,0,0,0,0,0.8210275769233704
video08,BirdDrone-Local,1071,0,0,0,0,0,0,0.0
video08,BirdDrone-Local,1072,1,1,0,0,0,0,0.8216059803962708
video08,BirdDrone-Local,1073,1,1,0,0,0,0,0.63158118724823
video08,BirdDrone-Local,1074,1,1,0,0,0,0,0.5470777750015259
video08,BirdDrone-Local,1075,1,1,0,0,0,0,0.5476912260055542
video08,BirdDrone-Local,1076,1,1,0,0,0,0,0.8210231065750122
video08,BirdDrone-Local,1077,2,2,0,0,1,0,0.8106964826583862
video08,BirdDrone-Local,1078,1,1,0,0,0,0,0.808464765548706
video08,BirdDrone-Local,1079,1,1,0,0,0,0,0.767439067363739
video08,BirdDrone-Local,1080,1,1,0,0,0,0,0.7594956755638123
video08,BirdDrone-Local,1081,1,1,0,0,0,0,0.8196049928665161
video08,BirdDrone-Local,1082,1,1,0,0,0,0,0.7517206072807312
video08,BirdDrone-Local,1083,1,1,0,0,0,0,0.641891598701477
video08,BirdDrone-Local,1084,1,1,0,0,0,0,0.7346309423446655
video08,BirdDrone-Local,1085,1,1,0,0,0,0,0.8154213428497314
video08,BirdDrone-Local,1086,1,1,0,0,0,0,0.6381687521934509
video08,BirdDrone-Local,1087,1,1,0,0,0,0,0.8451151847839355
video08,BirdDrone-Local,1088,1,1,0,0,0,0,0.8075600862503052
video08,BirdDrone-Local,1089,1,1,0,0,0,0,0.7912173867225647
video08,BirdDrone-Local,1090,1,1,0,0,0,0,0.7137041091918945
video08,BirdDrone-Local,1091,1,1,0,0,0,0,0.805012583732605
video08,BirdDrone-Local,1092,0,0,0,0,0,0,0.0
video08,BirdDrone-Local,1093,2,2,0,0,0,0,0.7573130130767822
video08,BirdDrone-Local,1094,1,1,0,0,0,0,0.738250195980072
video08,BirdDrone-Local,1095,1,1,0,0,0,0,0.7749204039573669
video08,BirdDrone-Local,1096,1,1,0,0,0,0,0.7440856695175171
video08,BirdDrone-Local,1097,1,1,0,0,0,0,0.5309444665908813
video08,BirdDrone-Local,1098,1,1,0,0,0,0,0.6613218784332275
video08,BirdDrone-Local,1099,1,1,0,0,0,0,0.7499979734420776
video08,BirdDrone-Local,1100,1,1,0,0,0,0,0.3546006679534912
video08,BirdDrone-Local,1101,1,1,0,0,0,0,0.5237943530082703
video08,BirdDrone-Local,1102,1,1,0,0,0,0,0.3805629014968872
video08,BirdDrone-Local,1103,2,2,0,0,0,0,0.6730842590332031
video08,BirdDrone-Local,1104,1,1,0,0,0,0,0.5017204284667969
video08,BirdDrone-Local,1105,1,1,0,0,0,0,0.586162269115448
video08,BirdDrone-Local,1106,1,1,0,0,0,0,0.6547451615333557
video08,BirdDrone-Local,1107,1,1,0,0,0,0,0.6796589493751526
video08,BirdDrone-Local,1108,1,1,0,0,0,0,0.7585340142250061
video08,BirdDrone-Local,1109,1,1,0,0,0,0,0.8029745817184448
video08,BirdDrone-Local,1110,1,1,0,0,0,0,0.43139877915382385
video08,BirdDrone-Local,1111,1,1,0,0,0,0,0.7064507603645325
video08,BirdDrone-Local,1112,1,1,0,0,0,0,0.8199644088745117
video08,BirdDrone-Local,1113,1,1,0,0,0,0,0.8012998104095459
video08,BirdDrone-Local,1114,1,1,0,0,0,0,0.7586440443992615
video08,BirdDrone-Local,1115,1,1,0,0,0,0,0.5395082831382751
video08,BirdDrone-Local,1116,1,1,0,0,0,0,0.5104340314865112
video08,BirdDrone-Local,1117,1,1,0,0,0,0,0.5521900057792664
video08,BirdDrone-Local,1118,1,1,0,0,1,0,0.293961763381958
video08,BirdDrone-Local,1119,1,1,0,0,1,0,0.3216385841369629
video08,BirdDrone-Local,1120,0,0,0,0,0,0,0.0
video08,BirdDrone-Local,1121,1,1,0,0,1,0,0.312301367521286
video08,BirdDrone-Local,1122,0,0,0,0,0,0,0.0
video08,BirdDrone-Local,1123,0,0,0,0,0,0,0.0
video08,BirdDrone-Local,1124,1,1,0,0,0,0,0.44493240118026733
video08,BirdDrone-Local,1125,0,0,0,0,0,0,0.0
video08,BirdDrone-Local,1126,1,1,0,0,1,0,0.33967167139053345
video08,BirdDrone-Local,1127,0,0,0,0,0,0,0.0
video08,BirdDrone-Local,1128,0,0,0,0,0,0,0.0
video08,BirdDrone-Local,1129,0,0,0,0,0,0,0.0
video08,BirdDrone-Local,1130,0,0,0,0,0,0,0.0
video08,BirdDrone-Local,1131,0,0,0,0,0,0,0.0
video08,BirdDrone-Local,1132,0,0,0,0,0,0,0.0
video08,BirdDrone-Local,1133,0,0,0,0,0,0,0.0
video08,BirdDrone-Local,1134,0,0,0,0,0,0,0.0
video08,BirdDrone-Local,1135,0,0,0,0,0,0,0.0
video08,BirdDrone-Local,1136,1,1,0,0,0,0,0.4766097366809845
video08,BirdDrone-Local,1137,1,1,0,0,0,0,0.4579887390136719
video08,BirdDrone-Local,1138,1,1,0,0,0,0,0.6704174280166626
video08,BirdDrone-Local,1139,1,1,0,0,0,0,0.7798944115638733
video08,BirdDrone-Local,1140,1,1,0,0,0,0,0.6654956936836243
video08,BirdDrone-Local,1141,1,1,0,0,0,0,0.7512774467468262
video08,BirdDrone-Local,1142,1,1,0,0,0,0,0.8086870908737183
video08,BirdDrone-Local,1143,1,1,0,0,0,0,0.7805907726287842
video08,BirdDrone-Local,1144,1,1,0,0,0,0,0.7478855848312378
video08,BirdDrone-Local,1145,1,1,0,0,0,0,0.7311107516288757
video08,BirdDrone-Local,1146,1,1,0,0,0,0,0.649912416934967
video08,BirdDrone-Local,1147,1,1,0,0,0,0,0.7076295018196106
video08,BirdDrone-Local,1148,1,1,0,0,0,0,0.7812358736991882
video08,BirdDrone-Local,1149,1,1,0,0,0,0,0.6341190338134766
video08,BirdDrone-Local,1150,1,1,0,0,0,0,0.6076556444168091
video08,BirdDrone-Local,1151,1,1,0,0,0,0,0.7551774978637695
video08,BirdDrone-Local,1152,1,1,0,0,0,0,0.7048690915107727
video08,BirdDrone-Local,1153,1,1,0,0,0,0,0.656951904296875
video08,BirdDrone-Local,1154,1,1,0,0,0,0,0.6777348518371582
video08,BirdDrone-Local,1155,1,1,0,0,0,0,0.5095339417457581
video08,BirdDrone-Local,1156,1,1,0,0,0,0,0.7696993947029114
video08,BirdDrone-Local,1157,1,1,0,0,0,0,0.6560421586036682
video08,BirdDrone-Local,1158,2,2,0,0,1,0,0.6901493668556213
video08,BirdDrone-Local,1159,0,0,0,0,0,0,0.0
video08,BirdDrone-Local,1160,1,1,0,0,0,0,0.5509070158004761
video08,BirdDrone-Local,1161,1,1,0,0,0,0,0.6725375652313232
video08,BirdDrone-Local,1162,1,1,0,0,0,0,0.7199442982673645
video08,BirdDrone-Local,1163,1,1,0,0,0,0,0.6329455375671387
video08,BirdDrone-Local,1164,1,1,0,0,0,0,0.7376176118850708
video08,BirdDrone-Local,1165,2,2,0,0,0,0,0.6041754484176636
video08,BirdDrone-Local,1166,1,1,0,0,0,0,0.6013034582138062
video08,BirdDrone-Local,1167,1,1,0,0,0,0,0.8128499388694763
video08,BirdDrone-Local,1168,1,1,0,0,0,0,0.5549787878990173
video08,BirdDrone-Local,1169,1,1,0,0,0,0,0.5671117305755615
video08,BirdDrone-Local,1170,1,1,0,0,0,0,0.6045929193496704
video08,BirdDrone-Local,1171,2,2,0,0,1,0,0.6667299270629883
video08,BirdDrone-Local,1172,1,1,0,0,0,0,0.7668141722679138
video08,BirdDrone-Local,1173,1,1,0,0,0,0,0.7101032733917236
video08,BirdDrone-Local,1174,1,1,0,0,0,0,0.5443732738494873
video08,BirdDrone-Local,1175,1,1,0,0,0,0,0.8499531745910645
video08,BirdDrone-Local,1176,1,1,0,0,0,0,0.6847739219665527
video08,BirdDrone-Local,1177,1,1,0,0,0,0,0.8674647808074951
video08,BirdDrone-Local,1178,1,1,0,0,0,0,0.6946553587913513
video08,BirdDrone-Local,1179,1,1,0,0,0,0,0.817537784576416
video08,BirdDrone-Local,1180,1,1,0,0,0,0,0.7132038474082947
video08,BirdDrone-Local,1181,1,1,0,0,0,0,0.7938763499259949
video08,BirdDrone-Local,1182,1,1,0,0,0,0,0.6736294031143188
video08,BirdDrone-Local,1183,1,1,0,0,0,0,0.6447879672050476
video08,BirdDrone-Local,1184,1,1,0,0,0,0,0.8252937197685242
video08,BirdDrone-Local,1185,1,1,0,0,1,0,0.34436848759651184
video08,BirdDrone-Local,1186,1,1,0,0,0,0,0.444366455078125
video08,BirdDrone-Local,1187,2,2,0,0,0,0,0.7467815279960632
video08,BirdDrone-Local,1188,1,1,0,0,0,0,0.4655478596687317
video08,BirdDrone-Local,1189,1,1,0,0,0,0,0.875310480594635
video08,BirdDrone-Local,1190,1,1,0,0,0,0,0.7884876132011414
video08,BirdDrone-Local,1191,1,1,0,0,0,0,0.7487733960151672
video08,BirdDrone-Local,1192,1,1,0,0,0,0,0.7119513750076294
video08,BirdDrone-Local,1193,1,1,0,0,0,0,0.6824209690093994
video08,BirdDrone-Local,1194,1,1,0,0,0,0,0.6954289078712463
video08,BirdDrone-Local,1195,1,1,0,0,0,0,0.5024704933166504
video08,BirdDrone-Local,1196,1,1,0,0,0,0,0.7161447405815125
video08,BirdDrone-Local,1197,1,1,0,0,0,0,0.8179184198379517
video08,BirdDrone-Local,1198,1,1,0,0,0,0,0.8270229697227478
video08,BirdDrone-Local,1199,1,1,0,0,0,0,0.7180353999137878
video08,BirdDrone-Local,1200,1,1,0,0,0,0,0.7849652171134949
video08,BirdDrone-Local,1201,2,2,0,0,1,0,0.5922035574913025
video08,BirdDrone-Local,1202,1,1,0,0,0,0,0.7194668054580688
video08,BirdDrone-Local,1203,1,1,0,0,0,0,0.799517035484314
video08,BirdDrone-Local,1204,1,1,0,0,0,0,0.6371672749519348
video08,BirdDrone-Local,1205,1,1,0,0,0,0,0.7799919247627258
video08,BirdDrone-Local,1206,1,1,0,0,0,0,0.8197394609451294
video08,BirdDrone-Local,1207,1,1,0,0,0,0,0.6928167343139648
video08,BirdDrone-Local,1208,1,1,0,0,0,0,0.7750451564788818
video08,BirdDrone-Local,1209,1,1,0,0,0,0,0.7847955226898193
video08,BirdDrone-Local,1210,1,1,0,0,0,0,0.769029974937439
video08,BirdDrone-Local,1211,1,1,0,0,0,0,0.8501439094543457
video08,BirdDrone-Local,1212,1,1,0,0,0,0,0.8261487483978271
video08,BirdDrone-Local,1213,1,1,0,0,0,0,0.8001311421394348
video08,BirdDrone-Local,1214,1,1,0,0,0,0,0.8239494562149048
video08,BirdDrone-Local,1215,1,1,0,0,0,0,0.8215413093566895
video08,BirdDrone-Local,1216,1,1,0,0,0,0,0.8278816938400269
video08,BirdDrone-Local,1217,1,1,0,0,0,0,0.822456419467926
video08,BirdDrone-Local,1218,1,1,0,0,0,0,0.8289021849632263
video08,BirdDrone-Local,1219,1,1,0,0,0,0,0.7399352788925171
video08,BirdDrone-Local,1220,1,1,0,0,0,0,0.841465950012207
video08,BirdDrone-Local,1221,1,1,0,0,0,0,0.7818008065223694
video08,BirdDrone-Local,1222,1,1,0,0,0,0,0.7339504361152649
video08,BirdDrone-Local,1223,1,1,0,0,0,0,0.7804308533668518
video08,BirdDrone-Local,1224,1,1,0,0,0,0,0.7980859279632568
video08,BirdDrone-Local,1225,1,1,0,0,0,0,0.7996205687522888
video08,BirdDrone-Local,1226,1,1,0,0,0,0,0.8214996457099915
video08,BirdDrone-Local,1227,1,1,0,0,0,0,0.8025673627853394
video08,BirdDrone-Local,1228,1,1,0,0,0,0,0.8128577470779419
video08,BirdDrone-Local,1229,1,1,0,0,0,0,0.7991874814033508
video08,BirdDrone-Local,1230,1,1,0,0,0,0,0.7955997586250305
video08,BirdDrone-Local,1231,1,1,0,0,0,0,0.6953380107879639
video08,BirdDrone-Local,1232,1,1,0,0,0,0,0.7790258526802063
video08,BirdDrone-Local,1233,1,1,0,0,0,0,0.8039075136184692
video08,BirdDrone-Local,1234,1,1,0,0,0,0,0.6731835007667542
video08,BirdDrone-Local,1235,1,1,0,0,0,0,0.7210950255393982
video08,BirdDrone-Local,1236,1,1,0,0,0,0,0.7452875375747681
video08,BirdDrone-Local,1237,1,1,0,0,0,0,0.8325667381286621
video08,BirdDrone-Local,1238,1,1,0,0,0,0,0.7889243364334106
video08,BirdDrone-Local,1239,1,1,0,0,0,0,0.780704915523529
video08,BirdDrone-Local,1240,1,1,0,0,0,0,0.8715088367462158
video08,BirdDrone-Local,1241,1,1,0,0,0,0,0.8353894352912903
video08,BirdDrone-Local,1242,1,1,0,0,0,0,0.8106619119644165
video08,BirdDrone-Local,1243,1,1,0,0,0,0,0.7699437737464905
video08,BirdDrone-Local,1244,1,1,0,0,0,0,0.770069420337677
video08,BirdDrone-Local,1245,1,1,0,0,0,0,0.7405651807785034
video08,BirdDrone-Local,1246,1,1,0,0,0,0,0.7782338261604309
video08,BirdDrone-Local,1247,1,1,0,0,0,0,0.7755148410797119
video08,BirdDrone-Local,1248,1,1,0,0,0,0,0.7580181360244751
video08,BirdDrone-Local,1249,1,1,0,0,0,0,0.6560415625572205
video08,BirdDrone-Local,1250,1,1,0,0,0,0,0.8069067001342773
video08,BirdDrone-Local,1251,1,1,0,0,0,0,0.8025903105735779
video08,BirdDrone-Local,1252,1,1,0,0,0,0,0.8201064467430115
video08,BirdDrone-Local,1253,1,1,0,0,0,0,0.7817665338516235
video08,BirdDrone-Local,1254,1,1,0,0,0,0,0.8221503496170044
video08,BirdDrone-Local,1255,1,1,0,0,0,0,0.8229504227638245
video08,BirdDrone-Local,1256,1,1,0,0,0,0,0.7960361242294312
video08,BirdDrone-Local,1257,1,1,0,0,0,0,0.7832815051078796
video08,BirdDrone-Local,1258,1,1,0,0,0,0,0.7918113470077515
video08,BirdDrone-Local,1259,1,1,0,0,0,0,0.7862672209739685
video08,BirdDrone-Local,1260,1,1,0,0,0,0,0.8303932547569275
video08,BirdDrone-Local,1261,1,1,0,0,0,0,0.8280713558197021
video08,BirdDrone-Local,1262,1,1,0,0,0,0,0.8217858076095581
video08,BirdDrone-Local,1263,1,1,0,0,0,0,0.8194730281829834
video08,BirdDrone-Local,1264,1,1,0,0,0,0,0.7633721232414246
video08,BirdDrone-Local,1265,1,1,0,0,0,0,0.74550461769104
video08,BirdDrone-Local,1266,1,1,0,0,0,0,0.8097304105758667
video08,BirdDrone-Local,1267,1,1,0,0,0,0,0.7562710642814636
video08,BirdDrone-Local,1268,1,1,0,0,0,0,0.7992122173309326
video08,BirdDrone-Local,1269,1,1,0,0,0,0,0.7853609919548035
video08,BirdDrone-Local,1270,1,1,0,0,0,0,0.7312936186790466
video08,BirdDrone-Local,1271,1,1,0,0,0,0,0.7646548748016357
video08,BirdDrone-Local,1272,1,1,0,0,0,0,0.7206212282180786
video08,BirdDrone-Local,1273,1,1,0,0,0,0,0.7373175621032715
video08,BirdDrone-Local,1274,1,1,0,0,0,0,0.7780947089195251
video08,BirdDrone-Local,1275,1,1,0,0,0,0,0.8402860760688782
video08,BirdDrone-Local,1276,1,1,0,0,0,0,0.853995680809021
video08,BirdDrone-Local,1277,1,1,0,0,0,0,0.8217247724533081
video08,BirdDrone-Local,1278,1,1,0,0,0,0,0.5093656778335571
video08,BirdDrone-Local,1279,1,1,0,0,0,0,0.7055659890174866
video08,BirdDrone-Local,1280,1,1,0,0,0,0,0.7103087306022644
video08,BirdDrone-Local,1281,2,2,0,0,1,0,0.5137980580329895
video08,BirdDrone-Local,1282,0,0,0,0,0,0,0.0
video08,BirdDrone-Local,1283,0,0,0,0,0,0,0.0
video08,BirdDrone-Local,1284,0,0,0,0,0,0,0.0
video08,BirdDrone-Local,1285,0,0,0,0,0,0,0.0
video08,BirdDrone-Local,1286,0,0,0,0,0,0,0.0
video08,BirdDrone-Local,1287,0,0,0,0,0,0,0.0
video08,BirdDrone-Local,1288,0,0,0,0,0,0,0.0
video08,BirdDrone-Local,1289,0,0,0,0,0,0,0.0
video08,BirdDrone-Local,1290,0,0,0,0,0,0,0.0
video08,BirdDrone-Local,1291,0,0,0,0,0,0,0.0
video08,BirdDrone-Local,1292,0,0,0,0,0,0,0.0
video08,BirdDrone-Local,1293,0,0,0,0,0,0,0.0
video08,BirdDrone-Local,1294,0,0,0,0,0,0,0.0
video08,BirdDrone-Local,1295,0,0,0,0,0,0,0.0
video08,BirdDrone-Local,1296,0,0,0,0,0,0,0.0
video08,BirdDrone-Local,1297,0,0,0,0,0,0,0.0
video08,BirdDrone-Local,1298,0,0,0,0,0,0,0.0
video08,BirdDrone-Local,1299,0,0,0,0,0,0,0.0
video08,BirdDrone-Local,1300,0,0,0,0,0,0,0.0
video08,BirdDrone-Local,1301,0,0,0,0,0,0,0.0
video08,BirdDrone-Local,1302,0,0,0,0,0,0,0.0
video08,BirdDrone-Local,1303,0,0,0,0,0,0,0.0
video08,BirdDrone-Local,1304,0,0,0,0,0,0,0.0
video08,BirdDrone-Local,1305,0,0,0,0,0,0,0.0
video08,BirdDrone-Local,1306,0,0,0,0,0,0,0.0
video08,BirdDrone-Local,1307,0,0,0,0,0,0,0.0
video08,BirdDrone-Local,1308,0,0,0,0,0,0,0.0
video08,BirdDrone-Local,1309,0,0,0,0,0,0,0.0
video08,BirdDrone-Local,1310,0,0,0,0,0,0,0.0
video08,BirdDrone-Local,1311,0,0,0,0,0,0,0.0
video08,BirdDrone-Local,1312,0,0,0,0,0,0,0.0
video08,BirdDrone-Local,1313,0,0,0,0,0,0,0.0
video08,BirdDrone-Local,1314,0,0,0,0,0,0,0.0
video08,BirdDrone-Local,1315,0,0,0,0,0,0,0.0
video08,BirdDrone-Local,1316,0,0,0,0,0,0,0.0
video08,BirdDrone-Local,1317,0,0,0,0,0,0,0.0
video08,BirdDrone-Local,1318,0,0,0,0,0,0,0.0
video08,BirdDrone-Local,1319,0,0,0,0,0,0,0.0
video08,BirdDrone-Local,1320,0,0,0,0,0,0,0.0
video08,BirdDrone-Local,1321,0,0,0,0,0,0,0.0
video08,BirdDrone-Local,1322,0,0,0,0,0,0,0.0
video08,BirdDrone-Local,1323,0,0,0,0,0,0,0.0
video08,BirdDrone-Local,1324,0,0,0,0,0,0,0.0
video08,BirdDrone-Local,1325,0,0,0,0,0,0,0.0
video08,BirdDrone-Local,1326,0,0,0,0,0,0,0.0
video08,BirdDrone-Local,1327,0,0,0,0,0,0,0.0
video08,BirdDrone-Local,1328,0,0,0,0,0,0,0.0
video08,BirdDrone-Local,1329,0,0,0,0,0,0,0.0
video08,BirdDrone-Local,1330,0,0,0,0,0,0,0.0
video08,BirdDrone-Local,1331,0,0,0,0,0,0,0.0
video08,BirdDrone-Local,1332,0,0,0,0,0,0,0.0
video08,BirdDrone-Local,1333,0,0,0,0,0,0,0.0
video08,BirdDrone-Local,1334,0,0,0,0,0,0,0.0
video08,BirdDrone-Local,1335,0,0,0,0,0,0,0.0
video08,BirdDrone-Local,1336,0,0,0,0,0,0,0.0
video08,BirdDrone-Local,1337,0,0,0,0,0,0,0.0
video08,BirdDrone-Local,1338,0,0,0,0,0,0,0.0
video08,BirdDrone-Local,1339,0,0,0,0,0,0,0.0
video08,BirdDrone-Local,1340,0,0,0,0,0,0,0.0
video08,BirdDrone-Local,1341,0,0,0,0,0,0,0.0
video08,BirdDrone-Local,1342,0,0,0,0,0,0,0.0
video08,BirdDrone-Local,1343,0,0,0,0,0,0,0.0
video08,BirdDrone-Local,1344,0,0,0,0,0,0,0.0
video08,BirdDrone-Local,1345,0,0,0,0,0,0,0.0
video08,BirdDrone-Local,1346,0,0,0,0,0,0,0.0
video08,BirdDrone-Local,1347,0,0,0,0,0,0,0.0
video08,BirdDrone-Local,1348,0,0,0,0,0,0,0.0
video08,BirdDrone-Local,1349,0,0,0,0,0,0,0.0
video08,BirdDrone-Local,1350,0,0,0,0,0,0,0.0
video08,BirdDrone-Local,1351,0,0,0,0,0,0,0.0
video08,BirdDrone-Local,1352,0,0,0,0,0,0,0.0
video08,BirdDrone-Local,1353,0,0,0,0,0,0,0.0
video08,BirdDrone-Local,1354,0,0,0,0,0,0,0.0
video08,BirdDrone-Local,1355,0,0,0,0,0,0,0.0
video08,BirdDrone-Local,1356,0,0,0,0,0,0,0.0
video08,BirdDrone-Local,1357,0,0,0,0,0,0,0.0
video08,BirdDrone-Local,1358,0,0,0,0,0,0,0.0
video08,BirdDrone-Local,1359,0,0,0,0,0,0,0.0
video08,BirdDrone-Local,1360,0,0,0,0,0,0,0.0
video08,BirdDrone-Local,1361,0,0,0,0,0,0,0.0
video08,BirdDrone-Local,1362,0,0,0,0,0,0,0.0
video08,BirdDrone-Local,1363,0,0,0,0,0,0,0.0
video08,BirdDrone-Local,1364,0,0,0,0,0,0,0.0
video08,BirdDrone-Local,1365,0,0,0,0,0,0,0.0
video08,BirdDrone-Local,1366,0,0,0,0,0,0,0.0
video08,BirdDrone-Local,1367,0,0,0,0,0,0,0.0
video08,BirdDrone-Local,1368,0,0,0,0,0,0,0.0
video08,BirdDrone-Local,1369,0,0,0,0,0,0,0.0
video08,BirdDrone-Local,1370,0,0,0,0,0,0,0.0
video08,BirdDrone-Local,1371,0,0,0,0,0,0,0.0
video08,BirdDrone-Local,1372,0,0,0,0,0,0,0.0
video08,BirdDrone-Local,1373,0,0,0,0,0,0,0.0
video08,BirdDrone-Local,1374,0,0,0,0,0,0,0.0
video08,BirdDrone-Local,1375,0,0,0,0,0,0,0.0
video08,BirdDrone-Local,1376,0,0,0,0,0,0,0.0
video08,BirdDrone-Local,1377,0,0,0,0,0,0,0.0
video08,BirdDrone-Local,1378,0,0,0,0,0,0,0.0
video08,BirdDrone-Local,1379,0,0,0,0,0,0,0.0
video08,BirdDrone-Local,1380,1,1,0,0,0,0,0.4069996178150177
video08,BirdDrone-Local,1381,1,1,0,0,1,0,0.3185886740684509
video08,BirdDrone-Local,1382,0,0,0,0,0,0,0.0
video08,BirdDrone-Local,1383,0,0,0,0,0,0,0.0
video08,BirdDrone-Local,1384,1,1,0,0,0,0,0.5196532011032104
video08,BirdDrone-Local,1385,1,1,0,0,1,0,0.29136577248573303
video08,BirdDrone-Local,1386,1,1,0,0,1,0,0.3363382816314697
video08,BirdDrone-Local,1387,1,1,0,0,0,0,0.40727654099464417
video08,BirdDrone-Local,1388,0,0,0,0,0,0,0.0
video08,BirdDrone-Local,1389,0,0,0,0,0,0,0.0
video08,BirdDrone-Local,1390,2,2,0,0,2,0,0.34778085350990295
video08,BirdDrone-Local,1391,2,2,0,0,0,0,0.5315546989440918
video08,BirdDrone-Local,1392,1,1,0,0,0,0,0.7447067499160767
video08,BirdDrone-Local,1393,1,1,0,0,0,0,0.6977973580360413
video08,BirdDrone-Local,1394,1,1,0,0,0,0,0.6524624824523926
video08,BirdDrone-Local,1395,2,2,0,0,1,0,0.5778732299804688
video08,BirdDrone-Local,1396,1,1,0,0,0,0,0.7226757407188416
video08,BirdDrone-Local,1397,1,1,0,0,0,0,0.738309383392334
video08,BirdDrone-Local,1398,1,1,0,0,0,0,0.7427447438240051
video08,BirdDrone-Local,1399,1,1,0,0,0,0,0.6048120260238647
video08,BirdDrone-Local,1400,1,1,0,0,0,0,0.7096379399299622
video08,BirdDrone-Local,1401,1,1,0,0,0,0,0.5154425501823425
video08,BirdDrone-Local,1402,1,1,0,0,0,0,0.6925607919692993
video08,BirdDrone-Local,1403,1,1,0,0,0,0,0.7120804190635681
video08,BirdDrone-Local,1404,1,1,0,0,0,0,0.383360356092453
video08,BirdDrone-Local,1405,0,0,0,0,0,0,0.0
video08,BirdDrone-Local,1406,0,0,0,0,0,0,0.0
video08,BirdDrone-Local,1407,0,0,0,0,0,0,0.0
video08,BirdDrone-Local,1408,0,0,0,0,0,0,0.0
video08,BirdDrone-Local,1409,0,0,0,0,0,0,0.0
video08,BirdDrone-Local,1410,0,0,0,0,0,0,0.0
video08,BirdDrone-Local,1411,0,0,0,0,0,0,0.0
video08,BirdDrone-Local,1412,0,0,0,0,0,0,0.0
video08,BirdDrone-Local,1413,0,0,0,0,0,0,0.0
video08,BirdDrone-Local,1414,0,0,0,0,0,0,0.0
video08,BirdDrone-Local,1415,0,0,0,0,0,0,0.0
video08,BirdDrone-Local,1416,0,0,0,0,0,0,0.0
video08,BirdDrone-Local,1417,0,0,0,0,0,0,0.0
video08,BirdDrone-Local,1418,0,0,0,0,0,0,0.0
video08,BirdDrone-Local,1419,0,0,0,0,0,0,0.0
video08,BirdDrone-Local,1420,0,0,0,0,0,0,0.0
video08,BirdDrone-Local,1421,0,0,0,0,0,0,0.0
video08,BirdDrone-Local,1422,0,0,0,0,0,0,0.0
video08,BirdDrone-Local,1423,0,0,0,0,0,0,0.0
video08,BirdDrone-Local,1424,0,0,0,0,0,0,0.0
video08,BirdDrone-Local,1425,0,0,0,0,0,0,0.0
video08,BirdDrone-Local,1426,0,0,0,0,0,0,0.0
video08,BirdDrone-Local,1427,0,0,0,0,0,0,0.0
video08,BirdDrone-Local,1428,0,0,0,0,0,0,0.0
video08,BirdDrone-Local,1429,0,0,0,0,0,0,0.0
video08,BirdDrone-Local,1430,0,0,0,0,0,0,0.0
video08,BirdDrone-Local,1431,0,0,0,0,0,0,0.0
video08,BirdDrone-Local,1432,0,0,0,0,0,0,0.0
video08,BirdDrone-Local,1433,0,0,0,0,0,0,0.0
video08,BirdDrone-Local,1434,0,0,0,0,0,0,0.0
video08,BirdDrone-Local,1435,0,0,0,0,0,0,0.0
video08,BirdDrone-Local,1436,0,0,0,0,0,0,0.0
video08,BirdDrone-Local,1437,0,0,0,0,0,0,0.0
video08,BirdDrone-Local,1438,0,0,0,0,0,0,0.0
video08,BirdDrone-Local,1439,0,0,0,0,0,0,0.0
video08,BirdDrone-Local,1440,0,0,0,0,0,0,0.0
video08,BirdDrone-Local,1441,0,0,0,0,0,0,0.0
video08,BirdDrone-Local,1442,0,0,0,0,0,0,0.0
video08,BirdDrone-Local,1443,0,0,0,0,0,0,0.0
video08,BirdDrone-Local,1444,0,0,0,0,0,0,0.0
video08,BirdDrone-Local,1445,0,0,0,0,0,0,0.0
video08,BirdDrone-Local,1446,0,0,0,0,0,0,0.0
video08,BirdDrone-Local,1447,0,0,0,0,0,0,0.0
video08,BirdDrone-Local,1448,0,0,0,0,0,0,0.0
video08,BirdDrone-Local,1449,0,0,0,0,0,0,0.0
video08,BirdDrone-Local,1450,0,0,0,0,0,0,0.0
video08,BirdDrone-Local,1451,0,0,0,0,0,0,0.0
video08,BirdDrone-Local,1452,0,0,0,0,0,0,0.0
video08,BirdDrone-Local,1453,0,0,0,0,0,0,0.0
video08,BirdDrone-Local,1454,0,0,0,0,0,0,0.0
video08,BirdDrone-Local,1455,0,0,0,0,0,0,0.0
video08,BirdDrone-Local,1456,0,0,0,0,0,0,0.0
video08,BirdDrone-Local,1457,0,0,0,0,0,0,0.0
video08,BirdDrone-Local,1458,0,0,0,0,0,0,0.0
video08,BirdDrone-Local,1459,0,0,0,0,0,0,0.0
video08,BirdDrone-Local,1460,0,0,0,0,0,0,0.0
video08,BirdDrone-Local,1461,0,0,0,0,0,0,0.0
video08,BirdDrone-Local,1462,0,0,0,0,0,0,0.0
video08,BirdDrone-Local,1463,0,0,0,0,0,0,0.0
video08,BirdDrone-Local,1464,0,0,0,0,0,0,0.0
video08,BirdDrone-Local,1465,0,0,0,0,0,0,0.0
video08,BirdDrone-Local,1466,0,0,0,0,0,0,0.0
video08,BirdDrone-Local,1467,0,0,0,0,0,0,0.0
video08,BirdDrone-Local,1468,0,0,0,0,0,0,0.0
video08,BirdDrone-Local,1469,0,0,0,0,0,0,0.0
video08,BirdDrone-Local,1470,0,0,0,0,0,0,0.0
video08,BirdDrone-Local,1471,0,0,0,0,0,0,0.0
video08,BirdDrone-Local,1472,0,0,0,0,0,0,0.0
video08,BirdDrone-Local,1473,0,0,0,0,0,0,0.0
video08,BirdDrone-Local,1474,0,0,0,0,0,0,0.0
video08,BirdDrone-Local,1475,0,0,0,0,0,0,0.0
video08,BirdDrone-Local,1476,0,0,0,0,0,0,0.0
video08,BirdDrone-Local,1477,0,0,0,0,0,0,0.0
video08,BirdDrone-Local,1478,0,0,0,0,0,0,0.0
video08,BirdDrone-Local,1479,0,0,0,0,0,0,0.0
video08,BirdDrone-Local,1480,0,0,0,0,0,0,0.0
video08,BirdDrone-Local,1481,0,0,0,0,0,0,0.0
video08,BirdDrone-Local,1482,0,0,0,0,0,0,0.0
video08,BirdDrone-Local,1483,1,1,0,0,0,0,0.45731231570243835
video08,BirdDrone-Local,1484,2,2,0,0,0,0,0.480212539434433
video08,BirdDrone-Local,1485,0,0,0,0,0,0,0.0
video08,BirdDrone-Local,1486,1,1,0,0,0,0,0.4701266884803772
video08,BirdDrone-Local,1487,1,1,0,0,0,0,0.7841750979423523
video08,BirdDrone-Local,1488,1,1,0,0,0,0,0.5303605198860168
video08,BirdDrone-Local,1489,1,1,0,0,0,0,0.7055849432945251
video08,BirdDrone-Local,1490,1,1,0,0,0,0,0.770850419998169
video08,BirdDrone-Local,1491,1,1,0,0,0,0,0.7877453565597534
video08,BirdDrone-Local,1492,0,0,0,0,0,0,0.0
video08,BirdDrone-Local,1493,1,1,0,0,0,0,0.8010663986206055
video08,BirdDrone-Local,1494,1,1,0,0,1,0,0.3186863958835602
video08,BirdDrone-Local,1495,1,1,0,0,0,0,0.7780603170394897
video08,BirdDrone-Local,1496,1,1,0,0,0,0,0.738122284412384
video08,BirdDrone-Local,1497,1,1,0,0,0,0,0.7357603311538696
video08,BirdDrone-Local,1498,1,1,0,0,0,0,0.47913315892219543
video08,BirdDrone-Local,1499,1,1,0,0,0,0,0.7922241687774658
video08,BirdDrone-Local,1500,1,1,0,0,0,0,0.39685145020484924
video08,BirdDrone-Local,1501,1,1,0,0,0,0,0.7206912636756897
video08,BirdDrone-Local,1502,1,1,0,0,1,0,0.3175581991672516
video08,BirdDrone-Local,1503,2,2,0,0,1,0,0.732451856136322
video08,BirdDrone-Local,1504,1,1,0,0,0,0,0.7891721725463867
video08,BirdDrone-Local,1505,1,1,0,0,0,0,0.6555953025817871
video08,BirdDrone-Local,1506,0,0,0,0,0,0,0.0
video08,BirdDrone-Local,1507,1,1,0,0,0,0,0.6142837405204773
video08,BirdDrone-Local,1508,1,1,0,0,0,0,0.8221588730812073
video08,BirdDrone-Local,1509,1,1,0,0,0,0,0.5401192903518677
video08,BirdDrone-Local,1510,1,1,0,0,0,0,0.745410680770874
video08,BirdDrone-Local,1511,1,1,0,0,0,0,0.5217631459236145
video08,BirdDrone-Local,1512,1,1,0,0,0,0,0.8272895216941833
video08,BirdDrone-Local,1513,1,1,0,0,0,0,0.831879734992981
video08,BirdDrone-Local,1514,1,1,0,0,0,0,0.5245182514190674
video08,BirdDrone-Local,1515,1,1,0,0,0,0,0.7850764393806458
video08,BirdDrone-Local,1516,1,1,0,0,0,0,0.7949872612953186
video08,BirdDrone-Local,1517,1,1,0,0,0,0,0.7854191660881042
video08,BirdDrone-Local,1518,1,1,0,0,0,0,0.7285354137420654
video08,BirdDrone-Local,1519,1,1,0,0,0,0,0.8084887266159058
video08,BirdDrone-Local,1520,1,1,0,0,0,0,0.8112906813621521
video08,BirdDrone-Local,1521,1,1,0,0,0,0,0.7961313724517822
video08,BirdDrone-Local,1522,1,1,0,0,0,0,0.8021880388259888
video08,BirdDrone-Local,1523,1,1,0,0,0,0,0.806768536567688
video08,BirdDrone-Local,1524,1,1,0,0,0,0,0.4861547648906708
video08,BirdDrone-Local,1525,1,1,0,0,0,0,0.7961739301681519
video08,BirdDrone-Local,1526,1,1,0,0,0,0,0.7783281207084656
video08,BirdDrone-Local,1527,1,1,0,0,0,0,0.7898596525192261
video08,BirdDrone-Local,1528,1,1,0,0,0,0,0.7787560820579529
video08,BirdDrone-Local,1529,1,1,0,0,0,0,0.7630212306976318
video08,BirdDrone-Local,1530,1,1,0,0,0,0,0.7974493503570557
video08,BirdDrone-Local,1531,1,1,0,0,0,0,0.8028497695922852
video08,BirdDrone-Local,1532,1,1,0,0,0,0,0.7734490633010864
video08,BirdDrone-Local,1533,1,1,0,0,0,0,0.6936867833137512
video08,BirdDrone-Local,1534,1,1,0,0,0,0,0.8390448093414307
video08,BirdDrone-Local,1535,1,1,0,0,0,0,0.8459357023239136
video08,BirdDrone-Local,1536,1,1,0,0,0,0,0.8394396901130676
video08,BirdDrone-Local,1537,1,1,0,0,0,0,0.8287116289138794
video08,BirdDrone-Local,1538,1,1,0,0,0,0,0.8334335684776306
video08,BirdDrone-Local,1539,1,1,0,0,0,0,0.8156883120536804
video08,BirdDrone-Local,1540,1,1,0,0,0,0,0.8350780606269836
video08,BirdDrone-Local,1541,1,1,0,0,0,0,0.8260008692741394
video08,BirdDrone-Local,1542,1,1,0,0,0,0,0.836292028427124
video08,BirdDrone-Local,1543,1,1,0,0,0,0,0.8312984108924866
video08,BirdDrone-Local,1544,1,1,0,0,0,0,0.83424973487854
video08,BirdDrone-Local,1545,1,1,0,0,0,0,0.8321394324302673
video08,BirdDrone-Local,1546,1,1,0,0,0,0,0.8158649802207947
video08,BirdDrone-Local,1547,1,1,0,0,0,0,0.8171622157096863
video08,BirdDrone-Local,1548,1,1,0,0,0,0,0.7575852870941162
video08,BirdDrone-Local,1549,1,1,0,0,0,0,0.8159061074256897
video08,BirdDrone-Local,1550,1,1,0,0,0,0,0.7356627583503723
video08,BirdDrone-Local,1551,1,1,0,0,0,0,0.7687314748764038
video08,BirdDrone-Local,1552,1,1,0,0,0,0,0.7875832915306091
video08,BirdDrone-Local,1553,1,1,0,0,0,0,0.7782881855964661
video08,BirdDrone-Local,1554,1,1,0,0,0,0,0.7980270981788635
video08,BirdDrone-Local,1555,1,1,0,0,0,0,0.8372131586074829
video08,BirdDrone-Local,1556,1,1,0,0,0,0,0.8258373737335205
video08,BirdDrone-Local,1557,1,1,0,0,0,0,0.8285644054412842
video08,BirdDrone-Local,1558,1,1,0,0,0,0,0.8171511888504028
video08,BirdDrone-Local,1559,1,1,0,0,0,0,0.819076657295227
video08,BirdDrone-Local,1560,1,1,0,0,0,0,0.810818076133728
video08,BirdDrone-Local,1561,1,1,0,0,0,0,0.806995153427124
video08,BirdDrone-Local,1562,1,1,0,0,0,0,0.8411682844161987
video08,BirdDrone-Local,1563,1,1,0,0,0,0,0.8242071270942688
video08,BirdDrone-Local,1564,1,1,0,0,0,0,0.43498602509498596
video08,BirdDrone-Local,1565,1,1,0,0,0,0,0.8581057786941528
video08,BirdDrone-Local,1566,1,1,0,0,0,0,0.8601250052452087
video08,BirdDrone-Local,1567,1,1,0,0,0,0,0.8616380095481873
video08,BirdDrone-Local,1568,1,1,0,0,0,0,0.7308920621871948
video08,BirdDrone-Local,1569,1,1,0,0,0,0,0.6032490730285645
video08,BirdDrone-Local,1570,0,0,0,0,0,0,0.0
video08,BirdDrone-Local,1571,1,1,0,0,0,0,0.8182060122489929
video08,BirdDrone-Local,1572,1,1,0,0,0,0,0.8143486380577087
video08,BirdDrone-Local,1573,1,1,0,0,0,0,0.7999049425125122
video08,BirdDrone-Local,1574,1,1,0,0,0,0,0.5717126131057739
video08,BirdDrone-Local,1575,1,1,0,0,0,0,0.7727221250534058
video08,BirdDrone-Local,1576,1,1,0,0,0,0,0.7306650280952454
video08,BirdDrone-Local,1577,1,1,0,0,0,0,0.8208445906639099
video08,BirdDrone-Local,1578,1,1,0,0,0,0,0.6884860396385193
video08,BirdDrone-Local,1579,1,1,0,0,0,0,0.7868068218231201
video08,BirdDrone-Local,1580,1,1,0,0,0,0,0.8287196159362793
video08,BirdDrone-Local,1581,2,2,0,0,1,0,0.8553077578544617
video08,BirdDrone-Local,1582,1,1,0,0,0,0,0.8666789531707764
video08,BirdDrone-Local,1583,1,1,0,0,0,0,0.8725802898406982
video08,BirdDrone-Local,1584,1,1,0,0,0,0,0.8622010946273804
video08,BirdDrone-Local,1585,1,1,0,0,0,0,0.8635054230690002
video08,BirdDrone-Local,1586,1,1,0,0,0,0,0.8805496096611023
video08,BirdDrone-Local,1587,1,1,0,0,0,0,0.762717068195343
video08,BirdDrone-Local,1588,1,1,0,0,0,0,0.8734213709831238
video08,BirdDrone-Local,1589,2,2,0,0,0,0,0.8229473233222961
video08,BirdDrone-Local,1590,1,1,0,0,0,0,0.875902533531189
video08,BirdDrone-Local,1591,1,1,0,0,0,0,0.8459363579750061
video08,BirdDrone-Local,1592,1,1,0,0,0,0,0.8468703031539917
video08,BirdDrone-Local,1593,1,1,0,0,1,0,0.3268563747406006
video08,BirdDrone-Local,1594,0,0,0,0,0,0,0.0
video08,BirdDrone-Local,1595,1,1,0,0,0,0,0.589451014995575
video08,BirdDrone-Local,1596,1,1,0,0,0,0,0.8174404501914978
video08,BirdDrone-Local,1597,1,1,0,0,0,0,0.8560447692871094
video08,BirdDrone-Local,1598,1,1,0,0,0,0,0.8238770365715027
video08,BirdDrone-Local,1599,1,1,0,0,0,0,0.8166295289993286
video08,BirdDrone-Local,1600,2,2,0,0,0,0,0.8121209740638733
video08,BirdDrone-Local,1601,1,1,0,0,0,0,0.8215739727020264
video08,BirdDrone-Local,1602,1,1,0,0,0,0,0.8179863095283508
video08,BirdDrone-Local,1603,1,1,0,0,0,0,0.814010739326477
video08,BirdDrone-Local,1604,1,1,0,0,0,0,0.7819545269012451
video08,BirdDrone-Local,1605,1,1,0,0,0,0,0.8737518787384033
video08,BirdDrone-Local,1606,1,1,0,0,0,0,0.5381676554679871
video08,BirdDrone-Local,1607,1,1,0,0,0,0,0.8079642653465271
video08,BirdDrone-Local,1608,1,1,0,0,0,0,0.7847493290901184
video08,BirdDrone-Local,1609,1,1,0,0,0,0,0.7725611329078674
video08,BirdDrone-Local,1610,1,1,0,0,0,0,0.7884281277656555
video08,BirdDrone-Local,1611,1,1,0,0,0,0,0.7899044156074524
video08,BirdDrone-Local,1612,1,1,0,0,0,0,0.8226715922355652
video08,BirdDrone-Local,1613,1,1,0,0,0,0,0.8088733553886414
video08,BirdDrone-Local,1614,1,1,0,0,0,0,0.8111593723297119
video08,BirdDrone-Local,1615,1,1,0,0,0,0,0.8185343146324158
video08,BirdDrone-Local,1616,1,1,0,0,0,0,0.7090446949005127
video08,BirdDrone-Local,1617,1,1,0,0,0,0,0.8068035840988159
video08,BirdDrone-Local,1618,2,2,0,0,0,0,0.8383111953735352
video08,BirdDrone-Local,1619,1,1,0,0,0,0,0.8300399780273438
video08,BirdDrone-Local,1620,1,1,0,0,0,0,0.8323255181312561
video08,BirdDrone-Local,1621,1,1,0,0,0,0,0.8261651992797852
video08,BirdDrone-Local,1622,1,1,0,0,0,0,0.7529678344726562
video08,BirdDrone-Local,1623,1,1,0,0,0,0,0.7891675233840942
video08,BirdDrone-Local,1624,1,1,0,0,0,0,0.7781435251235962
video08,BirdDrone-Local,1625,1,1,0,0,0,0,0.7219997644424438
video08,BirdDrone-Local,1626,1,1,0,0,0,0,0.827008843421936
video08,BirdDrone-Local,1627,1,1,0,0,0,0,0.6774170994758606
video08,BirdDrone-Local,1628,1,1,0,0,0,0,0.7244383096694946
video08,BirdDrone-Local,1629,1,1,0,0,0,0,0.7951830625534058
video08,BirdDrone-Local,1630,2,2,0,0,0,0,0.7964843511581421
video08,BirdDrone-Local,1631,1,1,0,0,0,0,0.7570265531539917
video08,BirdDrone-Local,1632,1,1,0,0,0,0,0.770264744758606
video08,BirdDrone-Local,1633,1,1,0,0,0,0,0.8076040744781494
video08,BirdDrone-Local,1634,1,1,0,0,0,0,0.7339727878570557
video08,BirdDrone-Local,1635,1,1,0,0,0,0,0.8813192248344421
video08,BirdDrone-Local,1636,1,1,0,0,0,0,0.8203418254852295
video08,BirdDrone-Local,1637,1,1,0,0,0,0,0.841039776802063
video08,BirdDrone-Local,1638,1,1,0,0,0,0,0.8032979965209961
video08,BirdDrone-Local,1639,1,1,0,0,0,0,0.8037661910057068
video08,BirdDrone-Local,1640,1,1,0,0,0,0,0.8615198135375977
video08,BirdDrone-Local,1641,1,1,0,0,0,0,0.8797835111618042
video08,BirdDrone-Local,1642,2,2,0,0,1,0,0.826503336429596
video08,BirdDrone-Local,1643,1,1,0,0,0,0,0.633948028087616
video08,BirdDrone-Local,1644,1,1,0,0,0,0,0.7374350428581238
video08,BirdDrone-Local,1645,1,1,0,0,0,0,0.7590005993843079
video08,BirdDrone-Local,1646,1,1,0,0,0,0,0.7898150086402893
video08,BirdDrone-Local,1647,1,1,0,0,0,0,0.818123996257782
video08,BirdDrone-Local,1648,1,1,0,0,0,0,0.817324161529541
video08,BirdDrone-Local,1649,2,2,0,0,1,0,0.813876211643219
video08,BirdDrone-Local,1650,1,1,0,0,0,0,0.7421269416809082
video08,BirdDrone-Local,1651,1,1,0,0,0,0,0.799628496170044
video08,BirdDrone-Local,1652,1,1,0,0,0,0,0.7793881297111511
video08,BirdDrone-Local,1653,1,1,0,0,0,0,0.7680065631866455
video08,BirdDrone-Local,1654,1,1,0,0,0,0,0.7710713744163513
video08,BirdDrone-Local,1655,1,1,0,0,0,0,0.5728470087051392
video08,BirdDrone-Local,1656,1,1,0,0,0,0,0.8227687478065491
video08,BirdDrone-Local,1657,1,1,0,0,0,0,0.5456862449645996
video08,BirdDrone-Local,1658,1,1,0,0,0,0,0.5918188095092773
video08,BirdDrone-Local,1659,1,1,0,0,0,0,0.7563143372535706
video08,BirdDrone-Local,1660,1,1,0,0,1,0,0.30957767367362976
video08,BirdDrone-Local,1661,1,1,0,0,0,0,0.38545939326286316
video08,BirdDrone-Local,1662,1,1,0,0,0,0,0.5280105471611023
video08,BirdDrone-Local,1663,1,1,0,0,0,0,0.806232750415802
video08,BirdDrone-Local,1664,0,0,0,0,0,0,0.0
video08,BirdDrone-Local,1665,0,0,0,0,0,0,0.0
video08,BirdDrone-Local,1666,1,1,0,0,0,0,0.7292080521583557
video08,BirdDrone-Local,1667,1,1,0,0,0,0,0.4274877607822418
video08,BirdDrone-Local,1668,1,1,0,0,0,0,0.6133038997650146
video08,BirdDrone-Local,1669,1,1,0,0,0,0,0.8009801506996155
video08,BirdDrone-Local,1670,1,1,0,0,0,0,0.7419155240058899
video08,BirdDrone-Local,1671,1,1,0,0,0,0,0.7823180556297302
video08,BirdDrone-Local,1672,1,1,0,0,0,0,0.8285769820213318
video08,BirdDrone-Local,1673,1,1,0,0,0,0,0.5241227746009827
video08,BirdDrone-Local,1674,1,1,0,0,0,0,0.5613467693328857
video08,BirdDrone-Local,1675,2,2,0,0,0,0,0.590731680393219
video08,BirdDrone-Local,1676,2,2,0,0,0,0,0.6531286239624023
video08,BirdDrone-Local,1677,1,1,0,0,0,0,0.7932129502296448
video08,BirdDrone-Local,1678,1,1,0,0,0,0,0.7819538712501526
video08,BirdDrone-Local,1679,1,1,0,0,0,0,0.5323524475097656
video08,BirdDrone-Local,1680,1,1,0,0,0,0,0.7298933267593384
video08,BirdDrone-Local,1681,1,1,0,0,0,0,0.6979982852935791
video08,BirdDrone-Local,1682,1,1,0,0,0,0,0.647225558757782
video08,BirdDrone-Local,1683,1,1,0,0,0,0,0.8151574730873108
video08,BirdDrone-Local,1684,1,1,0,0,0,0,0.7301512360572815
video08,BirdDrone-Local,1685,1,1,0,0,0,0,0.8011758327484131
video08,BirdDrone-Local,1686,0,0,0,0,0,0,0.0
video08,BirdDrone-Local,1687,1,1,0,0,0,0,0.6182782053947449
video08,BirdDrone-Local,1688,1,1,0,0,0,0,0.6572433114051819
video08,BirdDrone-Local,1689,0,0,0,0,0,0,0.0
video08,BirdDrone-Local,1690,1,1,0,0,1,0,0.2824785113334656
video08,BirdDrone-Local,1691,1,1,0,0,0,0,0.7405560612678528
video08,BirdDrone-Local,1692,1,1,0,0,0,0,0.7793622016906738
video08,BirdDrone-Local,1693,1,1,0,0,0,0,0.7517914772033691
video08,BirdDrone-Local,1694,1,1,0,0,0,0,0.4448273777961731
video08,BirdDrone-Local,1695,1,1,0,0,0,0,0.5547060370445251
video08,BirdDrone-Local,1696,1,1,0,0,0,0,0.7715023756027222
video08,BirdDrone-Local,1697,1,1,0,0,0,0,0.5248430371284485
video08,BirdDrone-Local,1698,1,1,0,0,1,0,0.34688907861709595
video08,BirdDrone-Local,1699,1,1,0,0,0,0,0.756227970123291
video08,BirdDrone-Local,1700,1,1,0,0,0,0,0.7490735650062561
video08,BirdDrone-Local,1701,2,2,0,0,0,0,0.7366088032722473
video08,BirdDrone-Local,1702,1,1,0,0,0,0,0.8040860891342163
video08,BirdDrone-Local,1703,1,1,0,0,0,0,0.7756492495536804
video08,BirdDrone-Local,1704,2,2,0,0,0,0,0.6873466372489929
video08,BirdDrone-Local,1705,1,1,0,0,0,0,0.8347280621528625
video08,BirdDrone-Local,1706,1,1,0,0,0,0,0.7118216753005981
video08,BirdDrone-Local,1707,1,1,0,0,0,0,0.8090890645980835
video08,BirdDrone-Local,1708,1,1,0,0,0,0,0.820499837398529
video08,BirdDrone-Local,1709,2,2,0,0,1,0,0.5657821297645569
video08,BirdDrone-Local,1710,1,1,0,0,0,0,0.7594925165176392
video08,BirdDrone-Local,1711,1,1,0,0,0,0,0.8156547546386719
video08,BirdDrone-Local,1712,1,1,0,0,0,0,0.7897180914878845
video08,BirdDrone-Local,1713,1,1,0,0,0,0,0.8258932828903198
video08,BirdDrone-Local,1714,1,1,0,0,0,0,0.7840491533279419
video08,BirdDrone-Local,1715,1,1,0,0,0,0,0.8358114957809448
video08,BirdDrone-Local,1716,1,1,0,0,0,0,0.8536801934242249
video08,BirdDrone-Local,1717,1,1,0,0,0,0,0.8405413627624512
video08,BirdDrone-Local,1718,2,2,0,0,0,0,0.6582128405570984
video08,BirdDrone-Local,1719,2,2,0,0,1,0,0.6545122861862183
video08,BirdDrone-Local,1720,1,1,0,0,0,0,0.8126342296600342
video08,BirdDrone-Local,1721,1,1,0,0,0,0,0.8057645559310913
video08,BirdDrone-Local,1722,2,2,0,0,1,0,0.8034318089485168
video08,BirdDrone-Local,1723,1,1,0,0,0,0,0.8082792162895203
video08,BirdDrone-Local,1724,1,1,0,0,0,0,0.8100180625915527
video08,BirdDrone-Local,1725,1,1,0,0,0,0,0.8385455012321472
video08,BirdDrone-Local,1726,1,1,0,0,0,0,0.7726914882659912
video08,BirdDrone-Local,1727,1,1,0,0,0,0,0.7446113228797913
video08,BirdDrone-Local,1728,1,1,0,0,0,0,0.634174108505249
video08,BirdDrone-Local,1729,1,1,0,0,0,0,0.7383878231048584
video08,BirdDrone-Local,1730,1,1,0,0,0,0,0.7097454071044922
video08,BirdDrone-Local,1731,2,2,0,0,1,0,0.7571343779563904
video08,BirdDrone-Local,1732,1,1,0,0,0,0,0.7858340740203857
video08,BirdDrone-Local,1733,2,2,0,0,0,0,0.7849296927452087
video08,BirdDrone-Local,1734,2,2,0,0,0,0,0.8046347498893738
video08,BirdDrone-Local,1735,2,2,0,0,1,0,0.7679466009140015
video08,BirdDrone-Local,1736,2,2,0,0,1,0,0.7705531120300293
video08,BirdDrone-Local,1737,1,1,0,0,0,0,0.6783801913261414
video08,BirdDrone-Local,1738,1,1,0,0,0,0,0.7257657647132874
video08,BirdDrone-Local,1739,1,1,0,0,0,0,0.731689453125
video08,BirdDrone-Local,1740,1,1,0,0,0,0,0.4203399419784546
video08,BirdDrone-Local,1741,1,1,0,0,0,0,0.47012859582901
video08,BirdDrone-Local,1742,1,1,0,0,0,0,0.5121161937713623
video08,BirdDrone-Local,1743,1,1,0,0,0,0,0.5813336968421936
video08,BirdDrone-Local,1744,2,2,0,0,1,0,0.49796435236930847
video08,BirdDrone-Local,1745,1,1,0,0,0,0,0.55307537317276
video08,BirdDrone-Local,1746,2,2,0,0,0,0,0.40126603841781616
video08,BirdDrone-Local,1747,1,1,0,0,0,0,0.46039825677871704
video08,BirdDrone-Local,1748,1,1,0,0,0,0,0.47980189323425293
video08,BirdDrone-Local,1749,1,1,0,0,0,0,0.771030604839325
video08,BirdDrone-Local,1750,1,1,0,0,0,0,0.7345515489578247
video08,BirdDrone-Local,1751,1,1,0,0,0,0,0.6981884241104126
video08,BirdDrone-Local,1752,1,1,0,0,0,0,0.7119021415710449
video08,BirdDrone-Local,1753,1,1,0,0,0,0,0.4037700295448303
video08,BirdDrone-Local,1754,1,1,0,0,0,0,0.8341853618621826
video08,BirdDrone-Local,1755,1,1,0,0,0,0,0.6752125024795532
video08,BirdDrone-Local,1756,1,1,0,0,0,0,0.7317259311676025
video08,BirdDrone-Local,1757,3,3,0,0,0,0,0.6582416296005249
video08,BirdDrone-Local,1758,1,1,0,0,0,0,0.8217657804489136
video08,BirdDrone-Local,1759,1,1,0,0,0,0,0.7959012389183044
video08,BirdDrone-Local,1760,1,1,0,0,0,0,0.6483563184738159
video08,BirdDrone-Local,1761,1,1,0,0,0,0,0.6788407564163208
video08,BirdDrone-Local,1762,1,1,0,0,0,0,0.5882877707481384
video08,BirdDrone-Local,1763,1,1,0,0,0,0,0.7920607328414917
video08,BirdDrone-Local,1764,2,2,0,0,0,0,0.7616783976554871
video08,BirdDrone-Local,1765,1,1,0,0,0,0,0.7859491109848022
video08,BirdDrone-Local,1766,2,2,0,0,1,0,0.4956895112991333
video08,BirdDrone-Local,1767,1,1,0,0,0,0,0.5764772295951843
video08,BirdDrone-Local,1768,1,1,0,0,0,0,0.8297398686408997
video08,BirdDrone-Local,1769,1,1,0,0,0,0,0.852128803730011
video08,BirdDrone-Local,1770,1,1,0,0,0,0,0.7536710500717163
video08,BirdDrone-Local,1771,1,1,0,0,0,0,0.42957380414009094
video08,BirdDrone-Local,1772,1,1,0,0,0,0,0.8178094625473022
video08,BirdDrone-Local,1773,1,1,0,0,0,0,0.762169361114502
video08,BirdDrone-Local,1774,1,1,0,0,0,0,0.6537290215492249
video08,BirdDrone-Local,1775,2,2,0,0,1,0,0.5371803045272827
video08,BirdDrone-Local,1776,1,1,0,0,0,0,0.638437807559967
video08,BirdDrone-Local,1777,1,1,0,0,0,0,0.3817811906337738
video08,BirdDrone-Local,1778,1,1,0,0,0,0,0.7665832042694092
video08,BirdDrone-Local,1779,0,0,0,0,0,0,0.0
video08,BirdDrone-Local,1780,1,1,0,0,0,0,0.557776153087616
video08,BirdDrone-Local,1781,1,1,0,0,0,0,0.4372212886810303
video08,BirdDrone-Local,1782,1,1,0,0,0,0,0.6991958618164062
video08,BirdDrone-Local,1783,1,1,0,0,1,0,0.26169466972351074
video08,BirdDrone-Local,1784,1,1,0,0,0,0,0.6161512136459351
video08,BirdDrone-Local,1785,1,1,0,0,1,0,0.3168112337589264
video08,BirdDrone-Local,1786,1,1,0,0,0,0,0.4960566759109497
video08,BirdDrone-Local,1787,1,1,0,0,0,0,0.6395626068115234
video08,BirdDrone-Local,1788,2,2,0,0,1,0,0.710111141204834
video08,BirdDrone-Local,1789,1,1,0,0,0,0,0.7903007864952087
video08,BirdDrone-Local,1790,1,1,0,0,0,0,0.38860854506492615
video08,BirdDrone-Local,1791,1,1,0,0,0,0,0.5855951309204102
video08,BirdDrone-Local,1792,1,1,0,0,0,0,0.3972819447517395
video08,BirdDrone-Local,1793,1,1,0,0,0,0,0.4802241921424866
video08,BirdDrone-Local,1794,1,1,0,0,0,0,0.45067381858825684
video08,BirdDrone-Local,1795,2,2,0,0,0,0,0.5182421207427979
video08,BirdDrone-Local,1796,1,1,0,0,0,0,0.7270029187202454
video08,BirdDrone-Local,1797,1,1,0,0,0,0,0.5590009093284607
video08,BirdDrone-Local,1798,1,1,0,0,0,0,0.6734404563903809
video08,BirdDrone-Local,1799,1,1,0,0,0,0,0.5159038305282593
video08,BirdDrone-Local,1800,1,1,0,0,0,0,0.5151451826095581
video08,BirdDrone-Local,1801,1,1,0,0,0,0,0.5675466656684875
video08,BirdDrone-Local,1802,1,1,0,0,0,0,0.7373384237289429
video08,BirdDrone-Local,1803,1,1,0,0,0,0,0.6482462882995605
video08,BirdDrone-Local,1804,1,1,0,0,0,0,0.5538375973701477
video08,BirdDrone-Local,1805,2,2,0,0,1,0,0.8456846475601196
video08,BirdDrone-Local,1806,2,2,0,0,0,0,0.8234626054763794
video08,BirdDrone-Local,1807,2,2,0,0,0,0,0.682404637336731
video08,BirdDrone-Local,1808,2,2,0,0,0,0,0.5636481642723083
video08,BirdDrone-Local,1809,3,3,0,0,2,0,0.6658244729042053
video08,BirdDrone-Local,1810,2,2,0,0,0,0,0.7903406023979187
video08,BirdDrone-Local,1811,1,1,0,0,0,0,0.8214022517204285
video08,BirdDrone-Local,1812,1,1,0,0,0,0,0.8211172819137573
video08,BirdDrone-Local,1813,1,1,0,0,0,0,0.8219025731086731
video08,BirdDrone-Local,1814,1,1,0,0,0,0,0.844169020652771
video08,BirdDrone-Local,1815,1,1,0,0,0,0,0.8430956602096558
video08,BirdDrone-Local,1816,1,1,0,0,0,0,0.8210707306861877
video08,BirdDrone-Local,1817,1,1,0,0,0,0,0.5771481394767761
video08,BirdDrone-Local,1818,1,1,0,0,0,0,0.5122413039207458
video08,BirdDrone-Local,1819,1,1,0,0,0,0,0.7339895367622375
video08,BirdDrone-Local,1820,1,1,0,0,0,0,0.6406492590904236
video08,BirdDrone-Local,1821,1,1,0,0,1,0,0.2621375024318695
video08,BirdDrone-Local,1822,1,1,0,0,0,0,0.8176842331886292
video08,BirdDrone-Local,1823,1,1,0,0,0,0,0.8494894504547119
video08,BirdDrone-Local,1824,1,1,0,0,0,0,0.6556538939476013
video08,BirdDrone-Local,1825,1,1,0,0,0,0,0.4273313581943512
video08,BirdDrone-Local,1826,1,1,0,0,0,0,0.6214229464530945
video08,BirdDrone-Local,1827,1,1,0,0,0,0,0.7746732831001282
video08,BirdDrone-Local,1828,1,1,0,0,0,0,0.6468994617462158
video08,BirdDrone-Local,1829,1,1,0,0,0,0,0.7023526430130005
video08,BirdDrone-Local,1830,1,1,0,0,0,0,0.7821387052536011
video08,BirdDrone-Local,1831,1,1,0,0,0,0,0.8401389718055725
video08,BirdDrone-Local,1832,2,2,0,0,0,0,0.8110893964767456
video08,BirdDrone-Local,1833,2,2,0,0,0,0,0.6375691294670105
video08,BirdDrone-Local,1834,2,2,0,0,1,0,0.6372936367988586
video08,BirdDrone-Local,1835,1,1,0,0,0,0,0.7760099172592163
video08,BirdDrone-Local,1836,1,1,0,0,0,0,0.4086216986179352
video08,BirdDrone-Local,1837,1,1,0,0,0,0,0.6293796300888062
video08,BirdDrone-Local,1838,1,1,0,0,0,0,0.8410016298294067
video08,BirdDrone-Local,1839,1,1,0,0,0,0,0.6382275819778442
video08,BirdDrone-Local,1840,2,2,0,0,0,0,0.6104598045349121
video08,BirdDrone-Local,1841,1,1,0,0,0,0,0.6855598092079163
video08,BirdDrone-Local,1842,1,1,0,0,0,0,0.5029835104942322
video08,BirdDrone-Local,1843,1,1,0,0,1,0,0.3372142016887665
video08,BirdDrone-Local,1844,2,2,0,0,1,0,0.8167400360107422
video08,BirdDrone-Local,1845,1,1,0,0,0,0,0.35630175471305847
video08,BirdDrone-Local,1846,1,1,0,0,0,0,0.7385739088058472
video08,BirdDrone-Local,1847,2,2,0,0,1,0,0.8062252998352051
video08,BirdDrone-Local,1848,2,2,0,0,1,0,0.7845654487609863
video08,BirdDrone-Local,1849,1,1,0,0,0,0,0.4908602833747864
video08,BirdDrone-Local,1850,1,1,0,0,0,0,0.7838466167449951
video08,BirdDrone-Local,1851,1,1,0,0,0,0,0.7799350023269653
video08,BirdDrone-Local,1852,1,1,0,0,0,0,0.5479358434677124
video08,BirdDrone-Local,1853,1,1,0,0,0,0,0.8483288288116455
video08,BirdDrone-Local,1854,1,1,0,0,0,0,0.8450138568878174
video08,BirdDrone-Local,1855,2,2,0,0,1,0,0.40279915928840637
video08,BirdDrone-Local,1856,1,1,0,0,0,0,0.6411204934120178
video08,BirdDrone-Local,1857,2,2,0,0,0,0,0.8170359134674072
video08,BirdDrone-Local,1858,1,1,0,0,0,0,0.813676118850708
video08,BirdDrone-Local,1859,1,1,0,0,0,0,0.6382704973220825
video08,BirdDrone-Local,1860,2,2,0,0,1,0,0.7999935746192932
video08,BirdDrone-Local,1861,2,2,0,0,0,0,0.7677323818206787
video08,BirdDrone-Local,1862,1,1,0,0,1,0,0.33077552914619446
video08,BirdDrone-Local,1863,2,2,0,0,1,0,0.43730998039245605
video08,BirdDrone-Local,1864,1,1,0,0,0,0,0.522793710231781
video08,BirdDrone-Local,1865,1,1,0,0,0,0,0.5137149095535278
video08,BirdDrone-Local,1866,1,1,0,0,0,0,0.7477383017539978
video08,BirdDrone-Local,1867,1,1,0,0,0,0,0.36274564266204834
video08,BirdDrone-Local,1868,2,2,0,0,0,0,0.5824534893035889
video08,BirdDrone-Local,1869,0,0,0,0,0,0,0.0
video08,BirdDrone-Local,1870,1,1,0,0,0,0,0.44224315881729126
video08,BirdDrone-Local,1871,1,1,0,0,0,0,0.3855072557926178
video08,BirdDrone-Local,1872,1,1,0,0,0,0,0.4317629337310791
video08,BirdDrone-Local,1873,1,1,0,0,0,0,0.3685659170150757
video08,BirdDrone-Local,1874,1,1,0,0,0,0,0.3723224103450775
video08,BirdDrone-Local,1875,1,1,0,0,0,0,0.5429465770721436
video08,BirdDrone-Local,1876,1,1,0,0,1,0,0.26839032769203186
video08,BirdDrone-Local,1877,1,1,0,0,0,0,0.43483391404151917
video08,BirdDrone-Local,1878,0,0,0,0,0,0,0.0
video08,BirdDrone-Local,1879,1,1,0,0,1,0,0.33885470032691956
video08,BirdDrone-Local,1880,1,1,0,0,0,0,0.5963617563247681
video08,BirdDrone-Local,1881,1,1,0,0,0,0,0.6086438298225403
video08,BirdDrone-Local,1882,2,2,0,0,1,0,0.5689666867256165
video08,BirdDrone-Local,1883,2,2,0,0,1,0,0.5836279988288879
video08,BirdDrone-Local,1884,1,1,0,0,0,0,0.7973719239234924
video08,BirdDrone-Local,1885,1,1,0,0,0,0,0.4914456605911255
video08,BirdDrone-Local,1886,1,1,0,0,0,0,0.7912328839302063
video08,BirdDrone-Local,1887,1,1,0,0,0,0,0.7263948917388916
video08,BirdDrone-Local,1888,2,2,0,0,0,0,0.5822502970695496
video08,BirdDrone-Local,1889,1,1,0,0,0,0,0.699561595916748
video08,BirdDrone-Local,1890,1,1,0,0,0,0,0.48800405859947205
video08,BirdDrone-Local,1891,2,2,0,0,0,0,0.6732065677642822
video08,BirdDrone-Local,1892,1,1,0,0,0,0,0.3678504526615143
video08,BirdDrone-Local,1893,2,2,0,0,1,0,0.49012550711631775
video08,BirdDrone-Local,1894,1,1,0,0,0,0,0.6596668362617493
video08,BirdDrone-Local,1895,2,2,0,0,2,0,0.29446175694465637
video08,BirdDrone-Local,1896,1,1,0,0,0,0,0.6122512817382812
video08,BirdDrone-Local,1897,2,2,0,0,1,0,0.45326679944992065
video08,BirdDrone-Local,1898,1,1,0,0,1,0,0.2884993851184845
video08,BirdDrone-Local,1899,1,1,0,0,1,0,0.3174971342086792
video08,BirdDrone-Local,1900,0,0,0,0,0,0,0.0
video08,BirdDrone-Local,1901,1,1,0,0,0,0,0.4608445167541504
video08,BirdDrone-Local,1902,1,1,0,0,0,0,0.571162223815918
video08,BirdDrone-Local,1903,1,1,0,0,1,0,0.29622480273246765
video08,BirdDrone-Local,1904,1,1,0,0,1,0,0.3337317705154419
video08,BirdDrone-Local,1905,0,0,0,0,0,0,0.0
video08,BirdDrone-Local,1906,2,2,0,0,1,0,0.5389877557754517
video08,BirdDrone-Local,1907,0,0,0,0,0,0,0.0
video08,BirdDrone-Local,1908,1,1,0,0,0,0,0.3514128029346466
video08,BirdDrone-Local,1909,1,1,0,0,0,0,0.6470970511436462
video08,BirdDrone-Local,1910,1,1,0,0,0,0,0.6936420202255249
video08,BirdDrone-Local,1911,1,1,0,0,0,0,0.7699579000473022
video08,BirdDrone-Local,1912,2,2,0,0,2,0,0.3247261047363281
video08,BirdDrone-Local,1913,1,1,0,0,0,0,0.7142468690872192
video08,BirdDrone-Local,1914,2,2,0,0,1,0,0.3754872679710388
video08,BirdDrone-Local,1915,0,0,0,0,0,0,0.0
video08,BirdDrone-Local,1916,1,1,0,0,1,0,0.3209451735019684
video08,BirdDrone-Local,1917,1,1,0,0,0,0,0.7240204215049744
video08,BirdDrone-Local,1918,1,1,0,0,0,0,0.595765233039856
video08,BirdDrone-Local,1919,1,1,0,0,0,0,0.7271054983139038
video08,BirdDrone-Local,1920,2,2,0,0,0,0,0.43286648392677307
video08,BirdDrone-Local,1921,0,0,0,0,0,0,0.0
video08,BirdDrone-Local,1922,1,1,0,0,1,0,0.26645585894584656
video08,BirdDrone-Local,1923,0,0,0,0,0,0,0.0
video08,BirdDrone-Local,1924,2,2,0,0,1,0,0.5121264457702637
video08,BirdDrone-Local,1925,1,1,0,0,0,0,0.5677107572555542
video08,BirdDrone-Local,1926,1,1,0,0,1,0,0.32796376943588257
video08,BirdDrone-Local,1927,1,1,0,0,0,0,0.6458271741867065
video08,BirdDrone-Local,1928,2,2,0,0,0,0,0.5301182270050049
video08,BirdDrone-Local,1929,1,1,0,0,0,0,0.7457712292671204
video08,BirdDrone-Local,1930,1,1,0,0,0,0,0.6208353638648987
video08,BirdDrone-Local,1931,1,1,0,0,0,0,0.6418192982673645
video08,BirdDrone-Local,1932,1,1,0,0,0,0,0.6077081561088562
video08,BirdDrone-Local,1933,1,1,0,0,0,0,0.621151864528656
video08,BirdDrone-Local,1934,1,1,0,0,0,0,0.5931587219238281
video08,BirdDrone-Local,1935,2,1,1,1,1,0,0.4188220202922821
video08,BirdDrone-Local,1936,1,1,0,0,0,0,0.4908002018928528
video08,BirdDrone-Local,1937,2,1,1,1,1,0,0.38855186104774475
video08,BirdDrone-Local,1938,2,1,1,1,1,0,0.5601910948753357
video08,BirdDrone-Local,1939,1,1,0,0,0,0,0.3960433900356293
video08,BirdDrone-Local,1940,1,1,0,0,0,0,0.508992075920105
video08,BirdDrone-Local,1941,1,1,0,0,0,0,0.5097711682319641
video08,BirdDrone-Local,1942,1,1,0,0,0,0,0.6166096329689026
video08,BirdDrone-Local,1943,1,1,0,0,0,0,0.4763685464859009
video08,BirdDrone-Local,1944,1,1,0,0,0,0,0.6788036823272705
video08,BirdDrone-Local,1945,1,1,0,0,0,0,0.713607668876648
video08,BirdDrone-Local,1946,1,1,0,0,0,0,0.6819121837615967
video08,BirdDrone-Local,1947,1,1,0,0,0,0,0.7584229111671448
video08,BirdDrone-Local,1948,0,0,0,0,0,0,0.0
video08,BirdDrone-Local,1949,1,1,0,0,0,0,0.7979399561882019
video08,BirdDrone-Local,1950,1,1,0,0,0,0,0.6571751832962036
video08,BirdDrone-Local,1951,1,1,0,0,0,0,0.38002651929855347
video08,BirdDrone-Local,1952,1,1,0,0,0,0,0.3734455108642578
video08,BirdDrone-Local,1953,1,1,0,0,0,0,0.4721162021160126
video08,BirdDrone-Local,1954,2,2,0,0,1,0,0.4581964910030365
video08,BirdDrone-Local,1955,0,0,0,0,0,0,0.0
video08,BirdDrone-Local,1956,0,0,0,0,0,0,0.0
video08,BirdDrone-Local,1957,1,1,0,0,0,0,0.7698124647140503
video08,BirdDrone-Local,1958,0,0,0,0,0,0,0.0
video08,BirdDrone-Local,1959,2,2,0,0,0,0,0.48160144686698914
video08,BirdDrone-Local,1960,1,1,0,0,0,0,0.4177679419517517
video08,BirdDrone-Local,1961,0,0,0,0,0,0,0.0
video08,BirdDrone-Local,1962,1,1,0,0,0,0,0.43246328830718994
video08,BirdDrone-Local,1963,1,1,0,0,0,0,0.4377697706222534
video08,BirdDrone-Local,1964,1,1,0,0,1,0,0.27272889018058777
video08,BirdDrone-Local,1965,1,1,0,0,0,0,0.7278921604156494
video08,BirdDrone-Local,1966,1,1,0,0,0,0,0.4354316294193268
video08,BirdDrone-Local,1967,1,1,0,0,0,0,0.7476904392242432
video08,BirdDrone-Local,1968,1,1,0,0,0,0,0.4800255596637726
video08,BirdDrone-Local,1969,1,1,0,0,0,0,0.7407729029655457
video08,BirdDrone-Local,1970,1,1,0,0,0,0,0.5092636346817017
video08,BirdDrone-Local,1971,1,1,0,0,0,0,0.707637369632721
video08,BirdDrone-Local,1972,1,1,0,0,0,0,0.461629182100296
video08,BirdDrone-Local,1973,1,1,0,0,0,0,0.6898965835571289
video08,BirdDrone-Local,1974,1,1,0,0,0,0,0.6180832386016846
video08,BirdDrone-Local,1975,1,1,0,0,0,0,0.7955822348594666
video08,BirdDrone-Local,1976,1,1,0,0,0,0,0.7595174908638
video08,BirdDrone-Local,1977,1,1,0,0,0,0,0.7631207704544067
video08,BirdDrone-Local,1978,1,1,0,0,0,0,0.7603806853294373
video08,BirdDrone-Local,1979,1,1,0,0,0,0,0.7562510371208191
video08,BirdDrone-Local,1980,1,1,0,0,0,0,0.7842164635658264
video08,BirdDrone-Local,1981,1,1,0,0,0,0,0.7974041700363159
video08,BirdDrone-Local,1982,1,1,0,0,0,0,0.7946375012397766
video08,BirdDrone-Local,1983,1,1,0,0,0,0,0.806694746017456
video08,BirdDrone-Local,1984,1,1,0,0,0,0,0.7486653327941895
video08,BirdDrone-Local,1985,1,1,0,0,0,0,0.8225798606872559
video08,BirdDrone-Local,1986,1,1,0,0,0,0,0.7978002429008484
video08,BirdDrone-Local,1987,1,1,0,0,0,0,0.830348014831543
video08,BirdDrone-Local,1988,1,1,0,0,0,0,0.8427752256393433
video08,BirdDrone-Local,1989,1,1,0,0,0,0,0.8408923745155334
video08,BirdDrone-Local,1990,1,1,0,0,0,0,0.7712777256965637
video08,BirdDrone-Local,1991,1,1,0,0,0,0,0.7458321452140808
video08,BirdDrone-Local,1992,1,1,0,0,0,0,0.7491356134414673
video08,BirdDrone-Local,1993,1,1,0,0,0,0,0.7379441857337952
video08,BirdDrone-Local,1994,1,1,0,0,0,0,0.6911861896514893
video08,BirdDrone-Local,1995,1,1,0,0,0,0,0.717219889163971
video08,BirdDrone-Local,1996,1,1,0,0,0,0,0.7041231989860535
video08,BirdDrone-Local,1997,1,1,0,0,0,0,0.602294385433197
video08,BirdDrone-Local,1998,1,1,0,0,0,0,0.6920545101165771
video08,BirdDrone-Local,1999,1,1,0,0,0,0,0.7805573344230652
video08,BirdDrone-Local,2000,1,1,0,0,0,0,0.7440945506095886
video08,BirdDrone-Local,2001,0,0,0,0,0,0,0.0
video08,BirdDrone-Local,2002,1,1,0,0,0,0,0.7710599303245544
video08,BirdDrone-Local,2003,1,1,0,0,0,0,0.7929810285568237
video08,BirdDrone-Local,2004,1,1,0,0,0,0,0.6694089770317078
video08,BirdDrone-Local,2005,1,1,0,0,0,0,0.7426233291625977
video08,BirdDrone-Local,2006,1,1,0,0,0,0,0.6194510459899902
video08,BirdDrone-Local,2007,1,1,0,0,0,0,0.7732509970664978
video08,BirdDrone-Local,2008,1,1,0,0,0,0,0.7428267598152161
video08,BirdDrone-Local,2009,1,1,0,0,0,0,0.7276363372802734
video08,BirdDrone-Local,2010,1,1,0,0,0,0,0.7959063649177551
video08,BirdDrone-Local,2011,1,1,0,0,0,0,0.7510821223258972
video08,BirdDrone-Local,2012,1,1,0,0,0,0,0.7418435215950012
video08,BirdDrone-Local,2013,1,1,0,0,0,0,0.7797384858131409
video08,BirdDrone-Local,2014,1,1,0,0,0,0,0.6712193489074707
video08,BirdDrone-Local,2015,1,1,0,0,0,0,0.7617166638374329
video08,BirdDrone-Local,2016,1,1,0,0,0,0,0.7686483860015869
video08,BirdDrone-Local,2017,1,1,0,0,0,0,0.6005354523658752
video08,BirdDrone-Local,2018,1,1,0,0,0,0,0.808569073677063
video08,BirdDrone-Local,2019,1,1,0,0,0,0,0.6457968950271606
video08,BirdDrone-Local,2020,1,1,0,0,0,0,0.7764973640441895
video08,BirdDrone-Local,2021,1,1,0,0,0,0,0.7185859084129333
video08,BirdDrone-Local,2022,2,2,0,0,0,0,0.491014301776886
video08,BirdDrone-Local,2023,1,1,0,0,0,0,0.7132960557937622
video08,BirdDrone-Local,2024,1,1,0,0,0,0,0.788059651851654
video08,BirdDrone-Local,2025,1,1,0,0,0,0,0.708678662776947
video08,BirdDrone-Local,2026,1,1,0,0,0,0,0.7345829606056213
video08,BirdDrone-Local,2027,1,1,0,0,0,0,0.7772125601768494
video08,BirdDrone-Local,2028,1,1,0,0,0,0,0.6431089043617249
video08,BirdDrone-Local,2029,1,1,0,0,0,0,0.7381097674369812
video08,BirdDrone-Local,2030,1,1,0,0,0,0,0.7133781313896179
video08,BirdDrone-Local,2031,1,1,0,0,0,0,0.7778515815734863
video08,BirdDrone-Local,2032,1,1,0,0,0,0,0.7205407619476318
video08,BirdDrone-Local,2033,1,1,0,0,0,0,0.7416680455207825
video08,BirdDrone-Local,2034,1,1,0,0,0,0,0.7596160769462585
video08,BirdDrone-Local,2035,1,1,0,0,0,0,0.4656853973865509
video08,BirdDrone-Local,2036,1,1,0,0,0,0,0.46331074833869934
video08,BirdDrone-Local,2037,0,0,0,0,0,0,0.0
video08,BirdDrone-Local,2038,1,1,0,0,0,0,0.795453667640686
video08,BirdDrone-Local,2039,1,1,0,0,0,0,0.5229763984680176
video08,BirdDrone-Local,2040,1,1,0,0,0,0,0.40391188859939575
video08,BirdDrone-Local,2041,1,1,0,0,0,0,0.7008712291717529
video08,BirdDrone-Local,2042,1,1,0,0,1,0,0.3107486963272095
video08,BirdDrone-Local,2043,1,1,0,0,0,0,0.6667996048927307
video08,BirdDrone-Local,2044,1,1,0,0,0,0,0.3775816559791565
video08,BirdDrone-Local,2045,1,1,0,0,0,0,0.6858727931976318
video08,BirdDrone-Local,2046,0,0,0,0,0,0,0.0
video08,BirdDrone-Local,2047,1,1,0,0,0,0,0.7605070471763611
video08,BirdDrone-Local,2048,1,1,0,0,0,0,0.6522974371910095
video08,BirdDrone-Local,2049,1,1,0,0,0,0,0.6683270335197449
video08,BirdDrone-Local,2050,1,1,0,0,0,0,0.6062307953834534
video08,BirdDrone-Local,2051,1,1,0,0,0,0,0.6630489826202393
video08,BirdDrone-Local,2052,1,1,0,0,0,0,0.5650544166564941
video08,BirdDrone-Local,2053,1,1,0,0,0,0,0.6900442838668823
video08,BirdDrone-Local,2054,1,1,0,0,0,0,0.7931312918663025
video08,BirdDrone-Local,2055,1,1,0,0,0,0,0.6411891579627991
video08,BirdDrone-Local,2056,1,1,0,0,0,0,0.8001939654350281
video08,BirdDrone-Local,2057,1,1,0,0,0,0,0.7362741231918335
video08,BirdDrone-Local,2058,1,1,0,0,1,0,0.3095334470272064
video08,BirdDrone-Local,2059,1,1,0,0,0,0,0.5434165596961975
video08,BirdDrone-Local,2060,0,0,0,0,0,0,0.0
video08,BirdDrone-Local,2061,1,1,0,0,0,0,0.7874993085861206
video08,BirdDrone-Local,2062,1,1,0,0,1,0,0.32022663950920105
video08,BirdDrone-Local,2063,1,1,0,0,0,0,0.7949187159538269
video08,BirdDrone-Local,2064,1,1,0,0,0,0,0.4931797683238983
video08,BirdDrone-Local,2065,1,1,0,0,0,0,0.7260427474975586
video08,BirdDrone-Local,2066,1,1,0,0,0,0,0.7390633821487427
video08,BirdDrone-Local,2067,1,1,0,0,0,0,0.6909424662590027
video08,BirdDrone-Local,2068,1,1,0,0,0,0,0.7622221112251282
video08,BirdDrone-Local,2069,1,1,0,0,0,0,0.6784384846687317
video08,BirdDrone-Local,2070,1,1,0,0,0,0,0.738495945930481
video08,BirdDrone-Local,2071,1,1,0,0,0,0,0.7425617575645447
video08,BirdDrone-Local,2072,1,1,0,0,0,0,0.6479777097702026
video08,BirdDrone-Local,2073,1,1,0,0,0,0,0.7673966884613037
video08,BirdDrone-Local,2074,1,1,0,0,0,0,0.5120516419410706
video08,BirdDrone-Local,2075,1,1,0,0,0,0,0.7450575828552246
video08,BirdDrone-Local,2076,1,1,0,0,0,0,0.5624368786811829
video08,BirdDrone-Local,2077,1,1,0,0,0,0,0.7352077960968018
video08,BirdDrone-Local,2078,1,1,0,0,1,0,0.31662270426750183
video08,BirdDrone-Local,2079,0,0,0,0,0,0,0.0
video08,BirdDrone-Local,2080,0,0,0,0,0,0,0.0
video08,BirdDrone-Local,2081,1,1,0,0,0,0,0.7599653601646423
video08,BirdDrone-Local,2082,1,1,0,0,0,0,0.7504490613937378
video08,BirdDrone-Local,2083,1,1,0,0,0,0,0.4784843623638153
video08,BirdDrone-Local,2084,1,1,0,0,0,0,0.46203237771987915
video08,BirdDrone-Local,2085,1,1,0,0,0,0,0.48209264874458313
video08,BirdDrone-Local,2086,1,1,0,0,0,0,0.766686201095581
video08,BirdDrone-Local,2087,0,0,0,0,0,0,0.0
video08,BirdDrone-Local,2088,1,1,0,0,1,0,0.2973234951496124
video08,BirdDrone-Local,2089,1,1,0,0,0,0,0.7171741724014282
video08,BirdDrone-Local,2090,1,1,0,0,1,0,0.26849839091300964
video08,BirdDrone-Local,2091,1,1,0,0,0,0,0.6244066953659058
video08,BirdDrone-Local,2092,1,1,0,0,1,0,0.29274436831474304
video08,BirdDrone-Local,2093,1,1,0,0,0,0,0.5665258765220642
video08,BirdDrone-Local,2094,1,1,0,0,0,0,0.7142618894577026
video08,BirdDrone-Local,2095,1,1,0,0,0,0,0.7189803123474121
video08,BirdDrone-Local,2096,0,0,0,0,0,0,0.0
video08,BirdDrone-Local,2097,1,1,0,0,0,0,0.7003118991851807
video08,BirdDrone-Local,2098,0,0,0,0,0,0,0.0
video08,BirdDrone-Local,2099,1,1,0,0,0,0,0.43194273114204407
video08,BirdDrone-Local,2100,2,2,0,0,2,0,0.2995380163192749
video08,BirdDrone-Local,2101,0,0,0,0,0,0,0.0
video08,BirdDrone-Local,2102,1,1,0,0,0,0,0.7107000350952148
video08,BirdDrone-Local,2103,0,0,0,0,0,0,0.0
video08,BirdDrone-Local,2104,1,1,0,0,0,0,0.4729670584201813
video08,BirdDrone-Local,2105,1,1,0,0,0,0,0.5444632768630981
video08,BirdDrone-Local,2106,1,1,0,0,0,0,0.7057977318763733
video08,BirdDrone-Local,2107,1,1,0,0,0,0,0.4591127932071686
video08,BirdDrone-Local,2108,0,0,0,0,0,0,0.0
video08,BirdDrone-Local,2109,1,1,0,0,1,0,0.3109462857246399
video08,BirdDrone-Local,2110,1,1,0,0,0,0,0.5409892201423645
video08,BirdDrone-Local,2111,2,2,0,0,0,0,0.5338187217712402
video08,BirdDrone-Local,2112,1,1,0,0,0,0,0.518682599067688
video08,BirdDrone-Local,2113,2,2,0,0,1,0,0.5594375133514404
video08,BirdDrone-Local,2114,1,1,0,0,0,0,0.6958763599395752
video08,BirdDrone-Local,2115,1,1,0,0,0,0,0.5190454721450806
video08,BirdDrone-Local,2116,1,1,0,0,0,0,0.735901951789856
video08,BirdDrone-Local,2117,2,2,0,0,0,0,0.4880506098270416
video08,BirdDrone-Local,2118,1,1,0,0,0,0,0.7041533589363098
video08,BirdDrone-Local,2119,2,2,0,0,1,0,0.5651983022689819
video08,BirdDrone-Local,2120,1,1,0,0,0,0,0.526863694190979
video08,BirdDrone-Local,2121,1,1,0,0,0,0,0.6862589716911316
video08,BirdDrone-Local,2122,1,1,0,0,0,0,0.6887804865837097
video08,BirdDrone-Local,2123,1,1,0,0,0,0,0.6285663843154907
video08,BirdDrone-Local,2124,1,1,0,0,1,0,0.3165836036205292
video08,BirdDrone-Local,2125,1,1,0,0,1,0,0.2873724400997162
video08,BirdDrone-Local,2126,1,1,0,0,0,0,0.5860142111778259
video08,BirdDrone-Local,2127,1,1,0,0,1,0,0.28093162178993225
video08,BirdDrone-Local,2128,2,2,0,0,0,0,0.40321844816207886
video08,BirdDrone-Local,2129,2,2,0,0,1,0,0.46440115571022034
video08,BirdDrone-Local,2130,0,0,0,0,0,0,0.0
video08,BirdDrone-Local,2131,2,2,0,0,2,0,0.28019091486930847
video08,BirdDrone-Local,2132,0,0,0,0,0,0,0.0
video08,BirdDrone-Local,2133,1,1,0,0,0,0,0.4123142957687378
video08,BirdDrone-Local,2134,1,1,0,0,1,0,0.32739493250846863
video08,BirdDrone-Local,2135,1,1,0,0,1,0,0.28867149353027344
video08,BirdDrone-Local,2136,1,1,0,0,0,0,0.4156569838523865
video08,BirdDrone-Local,2137,1,1,0,0,0,0,0.4271758198738098
video08,BirdDrone-Local,2138,1,1,0,0,0,0,0.6221069097518921
video08,BirdDrone-Local,2139,1,1,0,0,0,0,0.6064966320991516
video08,BirdDrone-Local,2140,1,1,0,0,0,0,0.7387327551841736
video08,BirdDrone-Local,2141,2,2,0,0,0,0,0.40905341506004333
video08,BirdDrone-Local,2142,1,1,0,0,0,0,0.6828757524490356
video08,BirdDrone-Local,2143,1,1,0,0,0,0,0.7654539942741394
video08,BirdDrone-Local,2144,1,1,0,0,0,0,0.6768501996994019
video08,BirdDrone-Local,2145,1,1,0,0,0,0,0.8370497822761536
video08,BirdDrone-Local,2146,2,2,0,0,1,0,0.6609819531440735
video08,BirdDrone-Local,2147,1,1,0,0,0,0,0.6087440252304077
video08,BirdDrone-Local,2148,2,2,0,0,0,0,0.551228404045105
video08,BirdDrone-Local,2149,1,1,0,0,0,0,0.3561944365501404
video08,BirdDrone-Local,2150,1,1,0,0,0,0,0.5398878455162048
video08,BirdDrone-Local,2151,0,0,0,0,0,0,0.0
video08,BirdDrone-Local,2152,1,1,0,0,0,0,0.43210646510124207
video08,BirdDrone-Local,2153,2,2,0,0,1,0,0.4847111999988556
video08,BirdDrone-Local,2154,2,2,0,0,2,0,0.2811165153980255
video08,BirdDrone-Local,2155,1,1,0,0,0,0,0.7357577681541443
video08,BirdDrone-Local,2156,1,1,0,0,1,0,0.3164711594581604
video08,BirdDrone-Local,2157,1,1,0,0,0,0,0.7386900782585144
video08,BirdDrone-Local,2158,1,1,0,0,0,0,0.3899444043636322
video08,BirdDrone-Local,2159,1,1,0,0,1,0,0.2912440896034241
video08,BirdDrone-Local,2160,1,1,0,0,0,0,0.7039808630943298
video08,BirdDrone-Local,2161,1,1,0,0,1,0,0.25142666697502136
video08,BirdDrone-Local,2162,1,1,0,0,0,0,0.7187293767929077
video08,BirdDrone-Local,2163,1,1,0,0,0,0,0.7904729247093201
video08,BirdDrone-Local,2164,1,1,0,0,0,0,0.39957913756370544
video08,BirdDrone-Local,2165,1,1,0,0,0,0,0.7519734501838684
video08,BirdDrone-Local,2166,2,2,0,0,1,0,0.4707536995410919
video08,BirdDrone-Local,2167,1,1,0,0,0,0,0.6220764517784119
video08,BirdDrone-Local,2168,1,1,0,0,0,0,0.3678766191005707
video08,BirdDrone-Local,2169,1,1,0,0,0,0,0.6464242339134216
video08,BirdDrone-Local,2170,1,1,0,0,0,0,0.7497910261154175
video08,BirdDrone-Local,2171,2,2,0,0,0,0,0.571666419506073
video08,BirdDrone-Local,2172,1,1,0,0,0,0,0.817814290523529
video08,BirdDrone-Local,2173,2,2,0,0,0,0,0.5204406380653381
video08,BirdDrone-Local,2174,1,1,0,0,0,0,0.8066480159759521
video08,BirdDrone-Local,2175,1,1,0,0,0,0,0.8384325504302979
video08,BirdDrone-Local,2176,1,1,0,0,0,0,0.7517252564430237
video08,BirdDrone-Local,2177,1,1,0,0,0,0,0.8118777275085449
video08,BirdDrone-Local,2178,1,1,0,0,0,0,0.7366853952407837
video08,BirdDrone-Local,2179,1,1,0,0,0,0,0.6459326148033142
video08,BirdDrone-Local,2180,1,1,0,0,0,0,0.7439419627189636
video08,BirdDrone-Local,2181,2,2,0,0,0,0,0.43899422883987427
video08,BirdDrone-Local,2182,1,1,0,0,0,0,0.7952577471733093
video08,BirdDrone-Local,2183,2,2,0,0,0,0,0.5168359875679016
video08,BirdDrone-Local,2184,1,1,0,0,0,0,0.8330378532409668
video08,BirdDrone-Local,2185,2,2,0,0,1,0,0.7496166825294495
video08,BirdDrone-Local,2186,1,1,0,0,0,0,0.799846887588501
video08,BirdDrone-Local,2187,2,1,1,1,1,0,0.8214803338050842
video08,BirdDrone-Local,2188,1,1,0,0,0,0,0.7675530910491943
video08,BirdDrone-Local,2189,1,1,0,0,0,0,0.7919148802757263
video08,BirdDrone-Local,2190,1,1,0,0,0,0,0.7950918674468994
video08,BirdDrone-Local,2191,1,1,0,0,0,0,0.8264527916908264
video08,BirdDrone-Local,2192,1,1,0,0,0,0,0.8525657653808594
video08,BirdDrone-Local,2193,1,1,0,0,0,0,0.809949517250061
video08,BirdDrone-Local,2194,1,1,0,0,0,0,0.7813993692398071
video08,BirdDrone-Local,2195,1,1,0,0,0,0,0.6233844757080078
video08,BirdDrone-Local,2196,1,1,0,0,0,0,0.7968109846115112
video08,BirdDrone-Local,2197,1,1,0,0,0,0,0.722130298614502
video08,BirdDrone-Local,2198,1,1,0,0,0,0,0.8239299654960632
video08,BirdDrone-Local,2199,1,1,0,0,0,0,0.8560895919799805
video08,BirdDrone-Local,2200,1,1,0,0,0,0,0.8526627421379089
video08,BirdDrone-Local,2201,1,1,0,0,0,0,0.8392089605331421
video08,BirdDrone-Local,2202,1,1,0,0,0,0,0.8485037684440613
video08,BirdDrone-Local,2203,1,1,0,0,0,0,0.860386312007904
video08,BirdDrone-Local,2204,1,1,0,0,0,0,0.7517755627632141
video08,BirdDrone-Local,2205,1,1,0,0,0,0,0.8344110250473022
video08,BirdDrone-Local,2206,1,1,0,0,0,0,0.7862166166305542
video08,BirdDrone-Local,2207,1,1,0,0,0,0,0.7919989824295044
video08,BirdDrone-Local,2208,2,2,0,0,0,0,0.7143946290016174
video08,BirdDrone-Local,2209,1,1,0,0,0,0,0.7737820744514465
video08,BirdDrone-Local,2210,1,1,0,0,0,0,0.7979444265365601
video08,BirdDrone-Local,2211,1,1,0,0,0,0,0.8276625275611877
video08,BirdDrone-Local,2212,1,1,0,0,0,0,0.8396643400192261
video08,BirdDrone-Local,2213,2,2,0,0,1,0,0.6635164618492126
video08,BirdDrone-Local,2214,1,1,0,0,0,0,0.8549713492393494
video08,BirdDrone-Local,2215,1,1,0,0,0,0,0.8161592483520508
video08,BirdDrone-Local,2216,1,1,0,0,0,0,0.8288975358009338
video08,BirdDrone-Local,2217,1,1,0,0,0,0,0.840713381767273
video08,BirdDrone-Local,2218,1,1,0,0,0,0,0.7980383634567261
video08,BirdDrone-Local,2219,1,1,0,0,0,0,0.8221997618675232
video08,BirdDrone-Local,2220,1,1,0,0,0,0,0.8520838618278503
video08,BirdDrone-Local,2221,1,1,0,0,0,0,0.8593544363975525
video08,BirdDrone-Local,2222,1,1,0,0,0,0,0.8476256728172302
video08,BirdDrone-Local,2223,1,1,0,0,0,0,0.8402597308158875
video08,BirdDrone-Local,2224,1,1,0,0,0,0,0.847696840763092
video08,BirdDrone-Local,2225,1,1,0,0,0,0,0.8447842597961426
video08,BirdDrone-Local,2226,1,1,0,0,0,0,0.8116434812545776
video08,BirdDrone-Local,2227,1,1,0,0,0,0,0.8514825105667114
video08,BirdDrone-Local,2228,1,1,0,0,0,0,0.7911005020141602
video08,BirdDrone-Local,2229,1,1,0,0,0,0,0.7865219116210938
video08,BirdDrone-Local,2230,1,1,0,0,0,0,0.7829465270042419
video08,BirdDrone-Local,2231,1,1,0,0,0,0,0.7820619940757751
video08,BirdDrone-Local,2232,1,1,0,0,0,0,0.7492599487304688
video08,BirdDrone-Local,2233,1,1,0,0,0,0,0.6762270331382751
video08,BirdDrone-Local,2234,2,2,0,0,1,0,0.6077964305877686
video08,BirdDrone-Local,2235,1,1,0,0,0,0,0.727735161781311
video08,BirdDrone-Local,2236,1,1,0,0,0,0,0.7058731913566589
video08,BirdDrone-Local,2237,2,2,0,0,0,0,0.5666289329528809
video08,BirdDrone-Local,2238,1,1,0,0,0,0,0.722916841506958
video08,BirdDrone-Local,2239,1,1,0,0,0,0,0.7521796822547913
video08,BirdDrone-Local,2240,2,2,0,0,1,0,0.7246750593185425
video08,BirdDrone-Local,2241,1,1,0,0,0,0,0.6345057487487793
video08,BirdDrone-Local,2242,1,1,0,0,0,0,0.7566458582878113
video08,BirdDrone-Local,2243,1,1,0,0,0,0,0.7825369238853455
video08,BirdDrone-Local,2244,1,1,0,0,0,0,0.7137091755867004
video08,BirdDrone-Local,2245,1,1,0,0,0,0,0.8053321838378906
video08,BirdDrone-Local,2246,2,2,0,0,1,0,0.6271572113037109
video08,BirdDrone-Local,2247,1,1,0,0,0,0,0.8356030583381653
video08,BirdDrone-Local,2248,1,1,0,0,0,0,0.6099271774291992
video08,BirdDrone-Local,2249,1,1,0,0,0,0,0.7307398915290833
video08,BirdDrone-Local,2250,1,1,0,0,0,0,0.8356326818466187
video08,BirdDrone-Local,2251,1,1,0,0,0,0,0.8068076968193054
video08,BirdDrone-Local,2252,1,1,0,0,0,0,0.7581455111503601
video08,BirdDrone-Local,2253,1,1,0,0,0,0,0.7466050982475281
video08,BirdDrone-Local,2254,1,1,0,0,0,0,0.7869738340377808
video08,BirdDrone-Local,2255,1,1,0,0,0,0,0.7986651659011841
video08,BirdDrone-Local,2256,1,1,0,0,0,0,0.7239956259727478
video08,BirdDrone-Local,2257,1,1,0,0,0,0,0.7182403802871704
video08,BirdDrone-Local,2258,1,1,0,0,0,0,0.7471359372138977
video08,BirdDrone-Local,2259,1,1,0,0,0,0,0.7370861172676086
video08,BirdDrone-Local,2260,1,1,0,0,0,0,0.7829523682594299
video08,BirdDrone-Local,2261,1,1,0,0,0,0,0.7609994411468506
video08,BirdDrone-Local,2262,1,1,0,0,0,0,0.7606481909751892
video08,BirdDrone-Local,2263,1,1,0,0,0,0,0.7287456393241882
video08,BirdDrone-Local,2264,1,1,0,0,0,0,0.5928986668586731
video08,BirdDrone-Local,2265,1,1,0,0,0,0,0.7897513508796692
video08,BirdDrone-Local,2266,1,1,0,0,0,0,0.48972538113594055
video08,BirdDrone-Local,2267,1,1,0,0,0,0,0.7562278509140015
video08,BirdDrone-Local,2268,1,1,0,0,0,0,0.7395745515823364
video08,BirdDrone-Local,2269,1,1,0,0,0,0,0.7900283336639404
video08,BirdDrone-Local,2270,1,1,0,0,0,0,0.7645450234413147
video08,BirdDrone-Local,2271,1,1,0,0,0,0,0.5034388899803162
video08,BirdDrone-Local,2272,1,1,0,0,0,0,0.7566553354263306
video08,BirdDrone-Local,2273,1,1,0,0,0,0,0.6365804076194763
video08,BirdDrone-Local,2274,1,1,0,0,0,0,0.6966939568519592
video08,BirdDrone-Local,2275,1,1,0,0,0,0,0.7575697302818298
video08,BirdDrone-Local,2276,1,1,0,0,0,0,0.7469240427017212
video08,BirdDrone-Local,2277,1,1,0,0,0,0,0.7043931484222412
video08,BirdDrone-Local,2278,1,1,0,0,0,0,0.7677449584007263
video08,BirdDrone-Local,2279,1,1,0,0,0,0,0.7119290828704834
video08,BirdDrone-Local,2280,1,1,0,0,0,0,0.6742113828659058
video08,BirdDrone-Local,2281,1,1,0,0,0,0,0.6177239418029785
video08,BirdDrone-Local,2282,1,1,0,0,0,0,0.7217899560928345
video08,BirdDrone-Local,2283,1,1,0,0,0,0,0.7165027260780334
video08,BirdDrone-Local,2284,1,1,0,0,0,0,0.7389193773269653
video08,BirdDrone-Local,2285,1,1,0,0,0,0,0.7423027753829956
video08,BirdDrone-Local,2286,1,1,0,0,0,0,0.7473741769790649
video08,BirdDrone-Local,2287,1,1,0,0,0,0,0.732111394405365
video08,BirdDrone-Local,2288,1,1,0,0,0,0,0.7463950514793396
video08,BirdDrone-Local,2289,1,1,0,0,0,0,0.7538370490074158
video08,BirdDrone-Local,2290,1,1,0,0,0,0,0.7700773477554321
video08,BirdDrone-Local,2291,1,1,0,0,0,0,0.7782723903656006
video08,BirdDrone-Local,2292,2,2,0,0,0,0,0.6172179579734802
video08,BirdDrone-Local,2293,1,1,0,0,0,0,0.8058347702026367
video08,BirdDrone-Local,2294,1,1,0,0,0,0,0.7973340749740601
video08,BirdDrone-Local,2295,1,1,0,0,0,0,0.8158191442489624
video08,BirdDrone-Local,2296,1,1,0,0,0,0,0.8202453851699829
video08,BirdDrone-Local,2297,1,1,0,0,0,0,0.7879194617271423
video08,BirdDrone-Local,2298,1,1,0,0,0,0,0.7697774171829224
video08,BirdDrone-Local,2299,1,1,0,0,0,0,0.810203492641449
video08,BirdDrone-Local,2300,1,1,0,0,0,0,0.8151218295097351
video08,BirdDrone-Local,2301,1,1,0,0,0,0,0.7785317301750183
video08,BirdDrone-Local,2302,1,1,0,0,0,0,0.8268638849258423
video08,BirdDrone-Local,2303,1,1,0,0,0,0,0.7384112477302551
video08,BirdDrone-Local,2304,1,1,0,0,0,0,0.8233531713485718
