video,model,frame,detections,drone_det,bird_det,false_class,low_conf_fp,tp_iou,max_conf
video20,TriClass-Cloud-FT,0,1,1,0,0,0,1,0.8026273250579834
video20,TriClass-Cloud-FT,1,1,1,0,0,0,0,0.7724116444587708
video20,TriClass-Cloud-FT,2,1,1,0,0,0,0,0.7770647406578064
video20,TriClass-Cloud-FT,3,1,1,0,0,0,0,0.7936486005783081
video20,TriClass-Cloud-FT,4,1,1,0,0,0,0,0.7494713664054871
video20,TriClass-Cloud-FT,5,1,1,0,0,0,0,0.7642726302146912
video20,TriClass-Cloud-FT,6,1,1,0,0,0,0,0.7654067277908325
video20,TriClass-Cloud-FT,7,1,1,0,0,0,0,0.7928097248077393
video20,TriClass-Cloud-FT,8,1,1,0,0,0,0,0.7905720472335815
video20,TriClass-Cloud-FT,9,1,1,0,0,0,0,0.8005903363227844
video20,TriClass-Cloud-FT,10,1,1,0,0,0,0,0.8045029640197754
video20,TriClass-Cloud-FT,11,1,1,0,0,0,0,0.7436510324478149
video20,TriClass-Cloud-FT,12,1,1,0,0,0,0,0.6060126423835754
video20,TriClass-Cloud-FT,13,1,1,0,0,0,0,0.7283393740653992
video20,TriClass-Cloud-FT,14,1,1,0,0,0,0,0.7670698165893555
video20,TriClass-Cloud-FT,15,1,1,0,0,0,0,0.623240053653717
video20,TriClass-Cloud-FT,16,1,1,0,0,0,0,0.7787252068519592
video20,TriClass-Cloud-FT,17,1,1,0,0,0,0,0.7588320970535278
video20,TriClass-Cloud-FT,18,1,1,0,0,0,0,0.7620092630386353
video20,TriClass-Cloud-FT,19,1,1,0,0,0,0,0.7830729484558105
video20,TriClass-Cloud-FT,20,1,1,0,0,0,0,0.7389970421791077
video20,TriClass-Cloud-FT,21,1,1,0,0,0,0,0.7672432661056519
video20,TriClass-Cloud-FT,22,1,1,0,0,0,0,0.7653080821037292
video20,TriClass-Cloud-FT,23,1,1,0,0,0,0,0.7517033815383911
video20,TriClass-Cloud-FT,24,1,1,0,0,0,0,0.7917147874832153
video20,TriClass-Cloud-FT,25,1,1,0,0,0,0,0.7848930954933167
video20,TriClass-Cloud-FT,26,1,1,0,0,0,0,0.7820779085159302
video20,TriClass-Cloud-FT,27,1,1,0,0,0,0,0.8030377626419067
video20,TriClass-Cloud-FT,28,1,1,0,0,0,0,0.7716785669326782
video20,TriClass-Cloud-FT,29,1,1,0,0,0,0,0.7990733981132507
video20,TriClass-Cloud-FT,30,1,1,0,0,0,0,0.8279464244842529
video20,TriClass-Cloud-FT,31,1,1,0,0,0,0,0.7903478145599365
video20,TriClass-Cloud-FT,32,1,1,0,0,0,0,0.8156225681304932
video20,TriClass-Cloud-FT,33,1,1,0,0,0,0,0.8280873894691467
video20,TriClass-Cloud-FT,34,1,1,0,0,0,0,0.7955461740493774
video20,TriClass-Cloud-FT,35,1,1,0,0,0,0,0.765023946762085
video20,TriClass-Cloud-FT,36,1,1,0,0,0,0,0.7532627582550049
video20,TriClass-Cloud-FT,37,1,1,0,0,0,0,0.5068183541297913
video20,TriClass-Cloud-FT,38,1,1,0,0,0,0,0.7628635764122009
video20,TriClass-Cloud-FT,39,2,2,0,0,2,0,0.34245190024375916
video20,TriClass-Cloud-FT,40,1,1,0,0,0,0,0.7294312715530396
video20,TriClass-Cloud-FT,41,1,1,0,0,0,0,0.7340640425682068
video20,TriClass-Cloud-FT,42,1,1,0,0,0,0,0.7517086863517761
video20,TriClass-Cloud-FT,43,2,2,0,0,1,0,0.4946569800376892
video20,TriClass-Cloud-FT,44,1,1,0,0,0,0,0.7679858207702637
video20,TriClass-Cloud-FT,45,1,1,0,0,0,0,0.7419111132621765
video20,TriClass-Cloud-FT,46,1,1,0,0,0,0,0.7286506295204163
video20,TriClass-Cloud-FT,47,1,1,0,0,0,0,0.7336148023605347
video20,TriClass-Cloud-FT,48,1,1,0,0,0,0,0.7245023250579834
video20,TriClass-Cloud-FT,49,1,1,0,0,0,0,0.7491435408592224
video20,TriClass-Cloud-FT,50,1,1,0,0,0,0,0.7497684359550476
video20,TriClass-Cloud-FT,51,1,1,0,0,0,0,0.7728064060211182
video20,TriClass-Cloud-FT,52,1,1,0,0,0,0,0.7068517208099365
video20,TriClass-Cloud-FT,53,1,1,0,0,0,0,0.721132218837738
video20,TriClass-Cloud-FT,54,1,1,0,0,0,0,0.7198881506919861
video20,TriClass-Cloud-FT,55,1,1,0,0,0,0,0.711693525314331
video20,TriClass-Cloud-FT,56,1,1,0,0,0,0,0.6544328927993774
video20,TriClass-Cloud-FT,57,1,1,0,0,0,0,0.6213672161102295
video20,TriClass-Cloud-FT,58,2,2,0,0,2,0,0.2908053994178772
video20,TriClass-Cloud-FT,59,1,1,0,0,0,0,0.5318509936332703
video20,TriClass-Cloud-FT,60,2,2,0,0,1,0,0.5601534843444824
video20,TriClass-Cloud-FT,61,1,1,0,0,0,0,0.6968753337860107
video20,TriClass-Cloud-FT,62,1,1,0,0,0,0,0.810589611530304
video20,TriClass-Cloud-FT,63,1,1,0,0,0,0,0.7603899240493774
video20,TriClass-Cloud-FT,64,1,1,0,0,0,0,0.7870911359786987
video20,TriClass-Cloud-FT,65,1,1,0,0,0,0,0.7864764928817749
video20,TriClass-Cloud-FT,66,1,1,0,0,0,0,0.727411150932312
video20,TriClass-Cloud-FT,67,1,1,0,0,0,0,0.7375404238700867
video20,TriClass-Cloud-FT,68,1,1,0,0,0,0,0.7380662560462952
video20,TriClass-Cloud-FT,69,1,1,0,0,0,0,0.6973270177841187
video20,TriClass-Cloud-FT,70,2,2,0,0,1,0,0.5895818471908569
video20,TriClass-Cloud-FT,71,1,1,0,0,0,0,0.5586308240890503
video20,TriClass-Cloud-FT,72,1,1,0,0,0,0,0.690150797367096
video20,TriClass-Cloud-FT,73,1,1,0,0,0,0,0.7342430949211121
video20,TriClass-Cloud-FT,74,1,1,0,0,0,0,0.7208685874938965
video20,TriClass-Cloud-FT,75,1,1,0,0,0,0,0.714445948600769
video20,TriClass-Cloud-FT,76,1,1,0,0,0,0,0.7275382280349731
video20,TriClass-Cloud-FT,77,1,1,0,0,0,0,0.7597417235374451
video20,TriClass-Cloud-FT,78,2,2,0,0,0,0,0.5222816467285156
video20,TriClass-Cloud-FT,79,1,1,0,0,0,0,0.677204966545105
video20,TriClass-Cloud-FT,80,1,1,0,0,0,0,0.7845245003700256
video20,TriClass-Cloud-FT,81,1,1,0,0,0,0,0.6777769327163696
video20,TriClass-Cloud-FT,82,1,1,0,0,0,0,0.7617403864860535
video20,TriClass-Cloud-FT,83,1,1,0,0,0,0,0.7712119221687317
video20,TriClass-Cloud-FT,84,1,1,0,0,0,0,0.7763296365737915
video20,TriClass-Cloud-FT,85,1,1,0,0,0,0,0.7645899653434753
video20,TriClass-Cloud-FT,86,1,1,0,0,0,0,0.7164477109909058
video20,TriClass-Cloud-FT,87,1,1,0,0,0,0,0.802368700504303
video20,TriClass-Cloud-FT,88,1,1,0,0,0,0,0.8145915269851685
video20,TriClass-Cloud-FT,89,1,1,0,0,0,0,0.788335382938385
video20,TriClass-Cloud-FT,90,1,1,0,0,0,0,0.8171821236610413
video20,TriClass-Cloud-FT,91,1,1,0,0,0,0,0.8277612924575806
video20,TriClass-Cloud-FT,92,1,1,0,0,0,0,0.8602235913276672
video20,TriClass-Cloud-FT,93,1,1,0,0,0,0,0.8219910860061646
video20,TriClass-Cloud-FT,94,1,1,0,0,0,0,0.8412105441093445
video20,TriClass-Cloud-FT,95,1,1,0,0,0,0,0.6070438623428345
video20,TriClass-Cloud-FT,96,1,1,0,0,0,0,0.7752596139907837
video20,TriClass-Cloud-FT,97,1,1,0,0,0,0,0.8180280923843384
video20,TriClass-Cloud-FT,98,1,1,0,0,0,0,0.8138890266418457
video20,TriClass-Cloud-FT,99,1,1,0,0,0,0,0.762980580329895
video20,TriClass-Cloud-FT,100,1,1,0,0,0,0,0.7563580870628357
video20,TriClass-Cloud-FT,101,1,1,0,0,0,0,0.7860481142997742
video20,TriClass-Cloud-FT,102,1,1,0,0,0,0,0.8132650852203369
video20,TriClass-Cloud-FT,103,1,1,0,0,0,0,0.816375195980072
video20,TriClass-Cloud-FT,104,1,1,0,0,0,0,0.8141465783119202
video20,TriClass-Cloud-FT,105,1,1,0,0,0,0,0.8047362565994263
video20,TriClass-Cloud-FT,106,1,1,0,0,0,0,0.8236802220344543
video20,TriClass-Cloud-FT,107,1,1,0,0,0,0,0.8158150315284729
video20,TriClass-Cloud-FT,108,1,1,0,0,0,0,0.8294558525085449
video20,TriClass-Cloud-FT,109,1,1,0,0,0,0,0.8159155249595642
video20,TriClass-Cloud-FT,110,1,1,0,0,0,0,0.8195483088493347
video20,TriClass-Cloud-FT,111,1,1,0,0,0,0,0.7831103801727295
video20,TriClass-Cloud-FT,112,1,1,0,0,0,0,0.8010880351066589
video20,TriClass-Cloud-FT,113,1,1,0,0,0,0,0.8236127495765686
video20,TriClass-Cloud-FT,114,1,1,0,0,0,0,0.8332404494285583
video20,TriClass-Cloud-FT,115,1,1,0,0,0,0,0.8071200251579285
video20,TriClass-Cloud-FT,116,1,1,0,0,0,0,0.7046109437942505
video20,TriClass-Cloud-FT,117,1,1,0,0,0,0,0.7996914386749268
video20,TriClass-Cloud-FT,118,1,1,0,0,0,0,0.7900827527046204
video20,TriClass-Cloud-FT,119,1,1,0,0,0,0,0.7470706701278687
video20,TriClass-Cloud-FT,120,1,1,0,0,0,0,0.8105599284172058
video20,TriClass-Cloud-FT,121,1,1,0,0,0,0,0.7666313052177429
video20,TriClass-Cloud-FT,122,1,1,0,0,0,0,0.7658451795578003
video20,TriClass-Cloud-FT,123,1,1,0,0,0,0,0.770819902420044
video20,TriClass-Cloud-FT,124,1,1,0,0,0,0,0.8020998239517212
video20,TriClass-Cloud-FT,125,1,1,0,0,0,0,0.802666187286377
video20,TriClass-Cloud-FT,126,1,1,0,0,0,0,0.7885505557060242
video20,TriClass-Cloud-FT,127,1,1,0,0,0,0,0.7825213074684143
video20,TriClass-Cloud-FT,128,1,1,0,0,0,0,0.8066955804824829
video20,TriClass-Cloud-FT,129,1,1,0,0,0,0,0.5409058928489685
video20,TriClass-Cloud-FT,130,1,1,0,0,0,0,0.5511934757232666
video20,TriClass-Cloud-FT,131,0,0,0,0,0,0,0.0
video20,TriClass-Cloud-FT,132,1,1,0,0,0,0,0.6868087649345398
video20,TriClass-Cloud-FT,133,1,1,0,0,0,0,0.7315066456794739
video20,TriClass-Cloud-FT,134,2,2,0,0,1,0,0.42761215567588806
video20,TriClass-Cloud-FT,135,1,1,0,0,0,0,0.7564345598220825
video20,TriClass-Cloud-FT,136,1,1,0,0,0,0,0.7794879674911499
video20,TriClass-Cloud-FT,137,1,1,0,0,0,0,0.7564770579338074
video20,TriClass-Cloud-FT,138,1,1,0,0,0,0,0.718675971031189
video20,TriClass-Cloud-FT,139,1,1,0,0,0,0,0.7645376324653625
video20,TriClass-Cloud-FT,140,1,1,0,0,0,0,0.7744654417037964
video20,TriClass-Cloud-FT,141,1,1,0,0,0,0,0.7633290886878967
video20,TriClass-Cloud-FT,142,1,1,0,0,0,0,0.6994557976722717
video20,TriClass-Cloud-FT,143,1,1,0,0,0,0,0.7231412529945374
video20,TriClass-Cloud-FT,144,1,1,0,0,0,0,0.7379963994026184
video20,TriClass-Cloud-FT,145,1,1,0,0,0,0,0.7139892578125
video20,TriClass-Cloud-FT,146,1,1,0,0,0,0,0.7502955198287964
video20,TriClass-Cloud-FT,147,1,1,0,0,0,0,0.7164707183837891
video20,TriClass-Cloud-FT,148,1,1,0,0,0,0,0.7666749954223633
video20,TriClass-Cloud-FT,149,1,1,0,0,0,0,0.7192607522010803
video20,TriClass-Cloud-FT,150,1,1,0,0,0,0,0.7490391731262207
video20,TriClass-Cloud-FT,151,1,1,0,0,1,0,0.2651911675930023
video20,TriClass-Cloud-FT,152,1,1,0,0,0,0,0.786815345287323
video20,TriClass-Cloud-FT,153,1,1,0,0,0,0,0.754012942314148
video20,TriClass-Cloud-FT,154,1,1,0,0,0,0,0.7704560160636902
video20,TriClass-Cloud-FT,155,1,1,0,0,0,0,0.7759037613868713
video20,TriClass-Cloud-FT,156,1,1,0,0,0,0,0.7949976921081543
video20,TriClass-Cloud-FT,157,1,1,0,0,0,0,0.7637144327163696
video20,TriClass-Cloud-FT,158,1,1,0,0,0,0,0.6300625205039978
video20,TriClass-Cloud-FT,159,1,1,0,0,0,0,0.7937199473381042
video20,TriClass-Cloud-FT,160,1,1,0,0,0,0,0.7959482073783875
video20,TriClass-Cloud-FT,161,1,1,0,0,0,0,0.7577222585678101
video20,TriClass-Cloud-FT,162,1,1,0,0,0,0,0.8056862354278564
video20,TriClass-Cloud-FT,163,1,1,0,0,0,0,0.7765064239501953
video20,TriClass-Cloud-FT,164,1,1,0,0,0,0,0.7845861315727234
video20,TriClass-Cloud-FT,165,1,1,0,0,0,0,0.7487099170684814
video20,TriClass-Cloud-FT,166,1,1,0,0,0,0,0.8045145273208618
video20,TriClass-Cloud-FT,167,1,1,0,0,0,0,0.7680314183235168
video20,TriClass-Cloud-FT,168,1,1,0,0,0,0,0.7915831208229065
video20,TriClass-Cloud-FT,169,1,1,0,0,0,0,0.7693778276443481
video20,TriClass-Cloud-FT,170,1,1,0,0,0,0,0.7684475779533386
video20,TriClass-Cloud-FT,171,1,1,0,0,0,0,0.7740007042884827
video20,TriClass-Cloud-FT,172,1,1,0,0,0,0,0.8272303342819214
video20,TriClass-Cloud-FT,173,1,1,0,0,0,0,0.8106635808944702
video20,TriClass-Cloud-FT,174,1,1,0,0,0,0,0.8101479411125183
video20,TriClass-Cloud-FT,175,1,1,0,0,0,0,0.8375270366668701
video20,TriClass-Cloud-FT,176,1,1,0,0,0,0,0.8604452610015869
video20,TriClass-Cloud-FT,177,1,1,0,0,0,0,0.8486382961273193
video20,TriClass-Cloud-FT,178,1,1,0,0,0,0,0.8350445032119751
video20,TriClass-Cloud-FT,179,1,1,0,0,0,0,0.8548510670661926
video20,TriClass-Cloud-FT,180,1,1,0,0,0,0,0.7684057950973511
video20,TriClass-Cloud-FT,181,1,1,0,0,0,0,0.49217864871025085
video20,TriClass-Cloud-FT,182,1,1,0,0,0,0,0.8086947798728943
video20,TriClass-Cloud-FT,183,1,1,0,0,0,0,0.8615584969520569
video20,TriClass-Cloud-FT,184,1,1,0,0,0,0,0.84615558385849
video20,TriClass-Cloud-FT,185,1,1,0,0,0,0,0.7759988903999329
video20,TriClass-Cloud-FT,186,1,1,0,0,0,0,0.8106947541236877
video20,TriClass-Cloud-FT,187,1,1,0,0,0,0,0.7674508094787598
video20,TriClass-Cloud-FT,188,1,1,0,0,0,0,0.7631839513778687
video20,TriClass-Cloud-FT,189,1,1,0,0,0,0,0.770276665687561
video20,TriClass-Cloud-FT,190,1,1,0,0,0,0,0.800321638584137
video20,TriClass-Cloud-FT,191,1,1,0,0,0,0,0.7239841818809509
video20,TriClass-Cloud-FT,192,1,1,0,0,0,0,0.3624000549316406
video20,TriClass-Cloud-FT,193,2,2,0,0,1,0,0.40662771463394165
video20,TriClass-Cloud-FT,194,1,1,0,0,0,0,0.7149531245231628
video20,TriClass-Cloud-FT,195,1,1,0,0,0,0,0.727373480796814
video20,TriClass-Cloud-FT,196,1,1,0,0,0,0,0.7863460779190063
video20,TriClass-Cloud-FT,197,1,1,0,0,0,0,0.7625308036804199
video20,TriClass-Cloud-FT,198,1,1,0,0,0,0,0.8157261610031128
video20,TriClass-Cloud-FT,199,1,1,0,0,0,0,0.8151230812072754
video20,TriClass-Cloud-FT,200,1,1,0,0,0,0,0.8205256462097168
video20,TriClass-Cloud-FT,201,1,1,0,0,0,0,0.8231433033943176
video20,TriClass-Cloud-FT,202,1,1,0,0,0,0,0.8067800998687744
video20,TriClass-Cloud-FT,203,1,1,0,0,0,0,0.7897654175758362
video20,TriClass-Cloud-FT,204,1,1,0,0,0,0,0.6096898317337036
video20,TriClass-Cloud-FT,205,1,1,0,0,0,0,0.7243810296058655
video20,TriClass-Cloud-FT,206,1,1,0,0,0,0,0.7995519638061523
video20,TriClass-Cloud-FT,207,1,1,0,0,0,0,0.8016190528869629
video20,TriClass-Cloud-FT,208,1,1,0,0,0,0,0.7913814783096313
video20,TriClass-Cloud-FT,209,1,1,0,0,0,0,0.7597041726112366
video20,TriClass-Cloud-FT,210,1,1,0,0,0,0,0.7701769471168518
video20,TriClass-Cloud-FT,211,1,1,0,0,0,0,0.6766353249549866
video20,TriClass-Cloud-FT,212,1,1,0,0,0,0,0.6363056898117065
video20,TriClass-Cloud-FT,213,1,1,0,0,0,0,0.5426788926124573
video20,TriClass-Cloud-FT,214,1,1,0,0,0,0,0.5053999423980713
video20,TriClass-Cloud-FT,215,1,1,0,0,0,0,0.722375214099884
video20,TriClass-Cloud-FT,216,1,1,0,0,0,0,0.6962318420410156
video20,TriClass-Cloud-FT,217,0,0,0,0,0,0,0.0
video20,TriClass-Cloud-FT,218,0,0,0,0,0,0,0.0
video20,TriClass-Cloud-FT,219,0,0,0,0,0,0,0.0
video20,TriClass-Cloud-FT,220,1,1,0,0,0,0,0.3501599431037903
video20,TriClass-Cloud-FT,221,1,1,0,0,1,0,0.26568394899368286
video20,TriClass-Cloud-FT,222,1,1,0,0,0,0,0.460891455411911
video20,TriClass-Cloud-FT,223,0,0,0,0,0,0,0.0
video20,TriClass-Cloud-FT,224,0,0,0,0,0,0,0.0
video20,TriClass-Cloud-FT,225,0,0,0,0,0,0,0.0
video20,TriClass-Cloud-FT,226,1,1,0,0,0,0,0.5265714526176453
video20,TriClass-Cloud-FT,227,0,0,0,0,0,0,0.0
video20,TriClass-Cloud-FT,228,0,0,0,0,0,0,0.0
video20,TriClass-Cloud-FT,229,1,1,0,0,0,0,0.40942904353141785
video20,TriClass-Cloud-FT,230,0,0,0,0,0,0,0.0
video20,TriClass-Cloud-FT,231,1,1,0,0,1,0,0.32577311992645264
video20,TriClass-Cloud-FT,232,1,1,0,0,0,0,0.46075257658958435
video20,TriClass-Cloud-FT,233,1,1,0,0,0,0,0.48629674315452576
video20,TriClass-Cloud-FT,234,1,1,0,0,1,0,0.2547473609447479
video20,TriClass-Cloud-FT,235,0,0,0,0,0,0,0.0
video20,TriClass-Cloud-FT,236,0,0,0,0,0,0,0.0
video20,TriClass-Cloud-FT,237,0,0,0,0,0,0,0.0
video20,TriClass-Cloud-FT,238,1,1,0,0,0,0,0.4945835471153259
video20,TriClass-Cloud-FT,239,1,1,0,0,0,0,0.39675429463386536
video20,TriClass-Cloud-FT,240,0,0,0,0,0,0,0.0
video20,TriClass-Cloud-FT,241,1,1,0,0,1,0,0.30384576320648193
video20,TriClass-Cloud-FT,242,0,0,0,0,0,0,0.0
video20,TriClass-Cloud-FT,243,0,0,0,0,0,0,0.0
video20,TriClass-Cloud-FT,244,1,1,0,0,0,0,0.5933575630187988
video20,TriClass-Cloud-FT,245,1,1,0,0,0,0,0.6119641661643982
video20,TriClass-Cloud-FT,246,1,1,0,0,0,0,0.4478875696659088
video20,TriClass-Cloud-FT,247,1,1,0,0,0,0,0.4681713581085205
video20,TriClass-Cloud-FT,248,1,1,0,0,0,0,0.5425901412963867
video20,TriClass-Cloud-FT,249,1,1,0,0,0,0,0.5227242112159729
video20,TriClass-Cloud-FT,250,1,1,0,0,0,0,0.5533846020698547
video20,TriClass-Cloud-FT,251,1,1,0,0,0,0,0.584511399269104
video20,TriClass-Cloud-FT,252,1,1,0,0,0,0,0.5491873025894165
video20,TriClass-Cloud-FT,253,1,1,0,0,0,0,0.5245245695114136
video20,TriClass-Cloud-FT,254,1,1,0,0,0,0,0.41911178827285767
video20,TriClass-Cloud-FT,255,0,0,0,0,0,0,0.0
video20,TriClass-Cloud-FT,256,0,0,0,0,0,0,0.0
video20,TriClass-Cloud-FT,257,0,0,0,0,0,0,0.0
video20,TriClass-Cloud-FT,258,0,0,0,0,0,0,0.0
video20,TriClass-Cloud-FT,259,0,0,0,0,0,0,0.0
video20,TriClass-Cloud-FT,260,0,0,0,0,0,0,0.0
video20,TriClass-Cloud-FT,261,1,1,0,0,1,0,0.30582791566848755
video20,TriClass-Cloud-FT,262,1,1,0,0,0,0,0.486431360244751
video20,TriClass-Cloud-FT,263,1,1,0,0,0,0,0.584915041923523
video20,TriClass-Cloud-FT,264,1,1,0,0,0,0,0.5545691847801208
video20,TriClass-Cloud-FT,265,1,1,0,0,0,0,0.4679108262062073
video20,TriClass-Cloud-FT,266,1,1,0,0,0,0,0.36456409096717834
video20,TriClass-Cloud-FT,267,1,1,0,0,1,0,0.3179621994495392
video20,TriClass-Cloud-FT,268,1,1,0,0,1,0,0.2774936258792877
video20,TriClass-Cloud-FT,269,1,1,0,0,0,0,0.3517543375492096
video20,TriClass-Cloud-FT,270,1,1,0,0,0,0,0.5130962133407593
video20,TriClass-Cloud-FT,271,1,1,0,0,0,0,0.5235916376113892
video20,TriClass-Cloud-FT,272,1,1,0,0,0,0,0.47637179493904114
video20,TriClass-Cloud-FT,273,1,1,0,0,0,0,0.41475602984428406
video20,TriClass-Cloud-FT,274,1,1,0,0,0,0,0.5221686363220215
video20,TriClass-Cloud-FT,275,1,1,0,0,0,0,0.38029608130455017
video20,TriClass-Cloud-FT,276,1,1,0,0,0,0,0.40882936120033264
video20,TriClass-Cloud-FT,277,1,1,0,0,0,0,0.4991304576396942
video20,TriClass-Cloud-FT,278,1,1,0,0,0,0,0.6112800240516663
video20,TriClass-Cloud-FT,279,2,2,0,0,0,0,0.39297589659690857
video20,TriClass-Cloud-FT,280,1,1,0,0,0,0,0.4288314878940582
video20,TriClass-Cloud-FT,281,2,2,0,0,1,0,0.3797471225261688
video20,TriClass-Cloud-FT,282,1,1,0,0,0,0,0.5201159715652466
video20,TriClass-Cloud-FT,283,2,2,0,0,0,0,0.41360875964164734
video20,TriClass-Cloud-FT,284,1,1,0,0,1,0,0.3233107030391693
video20,TriClass-Cloud-FT,285,1,1,0,0,1,0,0.3023053705692291
video20,TriClass-Cloud-FT,286,1,1,0,0,0,0,0.5608140826225281
video20,TriClass-Cloud-FT,287,1,1,0,0,0,0,0.7361093163490295
video20,TriClass-Cloud-FT,288,0,0,0,0,0,0,0.0
video20,TriClass-Cloud-FT,289,0,0,0,0,0,0,0.0
video20,TriClass-Cloud-FT,290,0,0,0,0,0,0,0.0
video20,TriClass-Cloud-FT,291,1,1,0,0,1,0,0.28889089822769165
video20,TriClass-Cloud-FT,292,1,1,0,0,0,0,0.41216111183166504
video20,TriClass-Cloud-FT,293,0,0,0,0,0,0,0.0
video20,TriClass-Cloud-FT,294,0,0,0,0,0,0,0.0
video20,TriClass-Cloud-FT,295,1,1,0,0,1,0,0.34244823455810547
video20,TriClass-Cloud-FT,296,1,1,0,0,1,0,0.29193681478500366
video20,TriClass-Cloud-FT,297,1,1,0,0,1,0,0.2598384618759155
video20,TriClass-Cloud-FT,298,1,1,0,0,0,0,0.43083077669143677
video20,TriClass-Cloud-FT,299,1,1,0,0,0,0,0.3939957618713379
video20,TriClass-Cloud-FT,300,0,0,0,0,0,0,0.0
video20,TriClass-Cloud-FT,301,1,1,0,0,0,0,0.6742801070213318
video20,TriClass-Cloud-FT,302,1,1,0,0,0,0,0.6713510751724243
video20,TriClass-Cloud-FT,303,1,1,0,0,0,0,0.6571285724639893
video20,TriClass-Cloud-FT,304,1,1,0,0,0,0,0.6480164527893066
video20,TriClass-Cloud-FT,305,1,1,0,0,0,0,0.7250511050224304
video20,TriClass-Cloud-FT,306,1,1,0,0,0,0,0.7452977299690247
video20,TriClass-Cloud-FT,307,1,1,0,0,0,0,0.7558690309524536
video20,TriClass-Cloud-FT,308,1,1,0,0,0,0,0.7667800188064575
video20,TriClass-Cloud-FT,309,1,1,0,0,0,0,0.6971338987350464
video20,TriClass-Cloud-FT,310,1,1,0,0,0,0,0.5827094912528992
video20,TriClass-Cloud-FT,311,1,1,0,0,0,0,0.4020729064941406
video20,TriClass-Cloud-FT,312,0,0,0,0,0,0,0.0
video20,TriClass-Cloud-FT,313,0,0,0,0,0,0,0.0
video20,TriClass-Cloud-FT,314,0,0,0,0,0,0,0.0
video20,TriClass-Cloud-FT,315,0,0,0,0,0,0,0.0
video20,TriClass-Cloud-FT,316,0,0,0,0,0,0,0.0
video20,TriClass-Cloud-FT,317,0,0,0,0,0,0,0.0
video20,TriClass-Cloud-FT,318,0,0,0,0,0,0,0.0
video20,TriClass-Cloud-FT,319,0,0,0,0,0,0,0.0
video20,TriClass-Cloud-FT,320,0,0,0,0,0,0,0.0
video20,TriClass-Cloud-FT,321,1,1,0,0,1,0,0.3284726142883301
video20,TriClass-Cloud-FT,322,1,1,0,0,0,0,0.6370120644569397
video20,TriClass-Cloud-FT,323,1,1,0,0,1,0,0.34010228514671326
video20,TriClass-Cloud-FT,324,1,1,0,0,0,0,0.35278576612472534
video20,TriClass-Cloud-FT,325,0,0,0,0,0,0,0.0
video20,TriClass-Cloud-FT,326,0,0,0,0,0,0,0.0
video20,TriClass-Cloud-FT,327,0,0,0,0,0,0,0.0
video20,TriClass-Cloud-FT,328,0,0,0,0,0,0,0.0
video20,TriClass-Cloud-FT,329,0,0,0,0,0,0,0.0
video20,TriClass-Cloud-FT,330,0,0,0,0,0,0,0.0
video20,TriClass-Cloud-FT,331,0,0,0,0,0,0,0.0
video20,TriClass-Cloud-FT,332,0,0,0,0,0,0,0.0
video20,TriClass-Cloud-FT,333,0,0,0,0,0,0,0.0
video20,TriClass-Cloud-FT,334,1,1,0,0,0,0,0.4815666675567627
video20,TriClass-Cloud-FT,335,1,1,0,0,0,0,0.5611795783042908
video20,TriClass-Cloud-FT,336,1,1,0,0,0,0,0.6893329620361328
video20,TriClass-Cloud-FT,337,1,1,0,0,0,0,0.7491790056228638
video20,TriClass-Cloud-FT,338,1,1,0,0,0,0,0.7236346006393433
video20,TriClass-Cloud-FT,339,1,1,0,0,0,0,0.7396127581596375
video20,TriClass-Cloud-FT,340,1,1,0,0,0,0,0.7486535906791687
video20,TriClass-Cloud-FT,341,1,1,0,0,0,0,0.6841984987258911
video20,TriClass-Cloud-FT,342,1,1,0,0,0,0,0.5122851729393005
video20,TriClass-Cloud-FT,343,1,1,0,0,0,0,0.6605560779571533
video20,TriClass-Cloud-FT,344,1,1,0,0,0,0,0.6587862968444824
video20,TriClass-Cloud-FT,345,1,1,0,0,0,0,0.6279235482215881
video20,TriClass-Cloud-FT,346,1,1,0,0,0,0,0.6624135375022888
video20,TriClass-Cloud-FT,347,1,1,0,0,0,0,0.6088380217552185
video20,TriClass-Cloud-FT,348,1,1,0,0,0,0,0.3997342884540558
video20,TriClass-Cloud-FT,349,1,1,0,0,0,0,0.5314787030220032
video20,TriClass-Cloud-FT,350,1,1,0,0,0,0,0.5824747681617737
video20,TriClass-Cloud-FT,351,1,1,0,0,0,0,0.6035076975822449
video20,TriClass-Cloud-FT,352,0,0,0,0,0,0,0.0
video20,TriClass-Cloud-FT,353,0,0,0,0,0,0,0.0
video20,TriClass-Cloud-FT,354,0,0,0,0,0,0,0.0
video20,TriClass-Cloud-FT,355,0,0,0,0,0,0,0.0
video20,TriClass-Cloud-FT,356,1,1,0,0,0,0,0.38282352685928345
video20,TriClass-Cloud-FT,357,0,0,0,0,0,0,0.0
video20,TriClass-Cloud-FT,358,0,0,0,0,0,0,0.0
video20,TriClass-Cloud-FT,359,0,0,0,0,0,0,0.0
video20,TriClass-Cloud-FT,360,0,0,0,0,0,0,0.0
video20,TriClass-Cloud-FT,361,0,0,0,0,0,0,0.0
video20,TriClass-Cloud-FT,362,1,1,0,0,0,0,0.6716287136077881
video20,TriClass-Cloud-FT,363,1,1,0,0,0,0,0.694057285785675
video20,TriClass-Cloud-FT,364,1,1,0,0,0,0,0.6312716007232666
video20,TriClass-Cloud-FT,365,0,0,0,0,0,0,0.0
video20,TriClass-Cloud-FT,366,0,0,0,0,0,0,0.0
video20,TriClass-Cloud-FT,367,1,1,0,0,0,0,0.6866530776023865
video20,TriClass-Cloud-FT,368,1,1,0,0,0,0,0.783104658126831
video20,TriClass-Cloud-FT,369,1,1,0,0,0,0,0.7872442007064819
video20,TriClass-Cloud-FT,370,1,1,0,0,0,0,0.7062669992446899
video20,TriClass-Cloud-FT,371,0,0,0,0,0,0,0.0
video20,TriClass-Cloud-FT,372,0,0,0,0,0,0,0.0
video20,TriClass-Cloud-FT,373,2,2,0,0,1,0,0.4906543791294098
video20,TriClass-Cloud-FT,374,0,0,0,0,0,0,0.0
video20,TriClass-Cloud-FT,375,0,0,0,0,0,0,0.0
video20,TriClass-Cloud-FT,376,0,0,0,0,0,0,0.0
video20,TriClass-Cloud-FT,377,0,0,0,0,0,0,0.0
video20,TriClass-Cloud-FT,378,0,0,0,0,0,0,0.0
video20,TriClass-Cloud-FT,379,0,0,0,0,0,0,0.0
video20,TriClass-Cloud-FT,380,0,0,0,0,0,0,0.0
video20,TriClass-Cloud-FT,381,0,0,0,0,0,0,0.0
video20,TriClass-Cloud-FT,382,2,2,0,0,2,0,0.34105902910232544
video20,TriClass-Cloud-FT,383,1,1,0,0,0,0,0.7488172054290771
video20,TriClass-Cloud-FT,384,1,1,0,0,0,0,0.7802273631095886
video20,TriClass-Cloud-FT,385,1,1,0,0,0,0,0.7931735515594482
video20,TriClass-Cloud-FT,386,1,1,0,0,0,0,0.812054455280304
video20,TriClass-Cloud-FT,387,1,1,0,0,0,0,0.8212918639183044
video20,TriClass-Cloud-FT,388,1,1,0,0,0,0,0.8389747142791748
video20,TriClass-Cloud-FT,389,1,1,0,0,0,0,0.8299782276153564
video20,TriClass-Cloud-FT,390,1,1,0,0,0,0,0.8277027606964111
video20,TriClass-Cloud-FT,391,1,1,0,0,0,0,0.8636865019798279
video20,TriClass-Cloud-FT,392,1,1,0,0,0,0,0.8383853435516357
video20,TriClass-Cloud-FT,393,1,1,0,0,0,0,0.8507207036018372
video20,TriClass-Cloud-FT,394,1,1,0,0,0,0,0.860503077507019
video20,TriClass-Cloud-FT,395,1,1,0,0,0,0,0.8524767160415649
video20,TriClass-Cloud-FT,396,1,1,0,0,0,0,0.845120370388031
video20,TriClass-Cloud-FT,397,1,1,0,0,0,0,0.8263762593269348
video20,TriClass-Cloud-FT,398,1,1,0,0,0,0,0.8205149173736572
video20,TriClass-Cloud-FT,399,1,1,0,0,0,0,0.8311957716941833
video20,TriClass-Cloud-FT,400,1,1,0,0,0,0,0.8363022208213806
video20,TriClass-Cloud-FT,401,1,1,0,0,0,0,0.8094178438186646
video20,TriClass-Cloud-FT,402,1,1,0,0,0,0,0.8394231200218201
video20,TriClass-Cloud-FT,403,1,1,0,0,0,0,0.7959865927696228
video20,TriClass-Cloud-FT,404,1,1,0,0,0,0,0.8239200711250305
video20,TriClass-Cloud-FT,405,1,1,0,0,0,0,0.83833909034729
video20,TriClass-Cloud-FT,406,1,1,0,0,0,0,0.8354596495628357
video20,TriClass-Cloud-FT,407,1,1,0,0,0,0,0.8457846641540527
video20,TriClass-Cloud-FT,408,1,1,0,0,0,0,0.8370941877365112
video20,TriClass-Cloud-FT,409,1,1,0,0,0,0,0.8224951028823853
video20,TriClass-Cloud-FT,410,1,1,0,0,0,0,0.8071957230567932
video20,TriClass-Cloud-FT,411,1,1,0,0,0,0,0.8383504748344421
video20,TriClass-Cloud-FT,412,2,2,0,0,1,0,0.6743250489234924
video20,TriClass-Cloud-FT,413,1,1,0,0,0,0,0.8507737517356873
video20,TriClass-Cloud-FT,414,1,1,0,0,0,0,0.8320416212081909
video20,TriClass-Cloud-FT,415,1,1,0,0,0,0,0.8275173306465149
video20,TriClass-Cloud-FT,416,1,1,0,0,0,0,0.8427016735076904
video20,TriClass-Cloud-FT,417,1,1,0,0,0,0,0.8419749140739441
video20,TriClass-Cloud-FT,418,1,1,0,0,0,0,0.859266996383667
video20,TriClass-Cloud-FT,419,1,1,0,0,0,0,0.8629189729690552
video20,TriClass-Cloud-FT,420,1,1,0,0,0,0,0.8475425839424133
video20,TriClass-Cloud-FT,421,1,1,0,0,0,0,0.841853678226471
video20,TriClass-Cloud-FT,422,1,1,0,0,0,0,0.8446549773216248
video20,TriClass-Cloud-FT,423,1,1,0,0,0,0,0.843314528465271
video20,TriClass-Cloud-FT,424,1,1,0,0,0,0,0.8541104197502136
video20,TriClass-Cloud-FT,425,1,1,0,0,0,0,0.8617046475410461
video20,TriClass-Cloud-FT,426,1,1,0,0,0,0,0.7817067503929138
video20,TriClass-Cloud-FT,427,1,1,0,0,0,0,0.8074309825897217
video20,TriClass-Cloud-FT,428,1,1,0,0,0,0,0.8012888431549072
video20,TriClass-Cloud-FT,429,1,1,0,0,0,0,0.8124851584434509
video20,TriClass-Cloud-FT,430,1,1,0,0,0,0,0.8424291014671326
video20,TriClass-Cloud-FT,431,1,1,0,0,0,0,0.8537508845329285
video20,TriClass-Cloud-FT,432,2,2,0,0,0,0,0.7357721924781799
video20,TriClass-Cloud-FT,433,1,1,0,0,0,0,0.8290272355079651
video20,TriClass-Cloud-FT,434,1,1,0,0,0,0,0.8486517667770386
video20,TriClass-Cloud-FT,435,1,1,0,0,0,0,0.849555253982544
video20,TriClass-Cloud-FT,436,1,1,0,0,0,0,0.8341233730316162
video20,TriClass-Cloud-FT,437,1,1,0,0,0,0,0.7551360130310059
video20,TriClass-Cloud-FT,438,1,1,0,0,0,0,0.8421671390533447
video20,TriClass-Cloud-FT,439,1,1,0,0,0,0,0.818608283996582
video20,TriClass-Cloud-FT,440,1,1,0,0,0,0,0.834526538848877
video20,TriClass-Cloud-FT,441,1,1,0,0,0,0,0.8128208518028259
video20,TriClass-Cloud-FT,442,1,1,0,0,0,0,0.8479863405227661
video20,TriClass-Cloud-FT,443,1,1,0,0,0,0,0.8365896344184875
video20,TriClass-Cloud-FT,444,2,2,0,0,1,0,0.6857127547264099
video20,TriClass-Cloud-FT,445,2,2,0,0,0,0,0.6036984324455261
video20,TriClass-Cloud-FT,446,1,1,0,0,0,0,0.6978796124458313
video20,TriClass-Cloud-FT,447,1,1,0,0,0,0,0.8101584911346436
video20,TriClass-Cloud-FT,448,1,1,0,0,0,0,0.821276068687439
video20,TriClass-Cloud-FT,449,1,1,0,0,0,0,0.7707148194313049
video20,TriClass-Cloud-FT,450,1,1,0,0,0,0,0.8040906190872192
video20,TriClass-Cloud-FT,451,1,1,0,0,0,0,0.4991803467273712
video20,TriClass-Cloud-FT,452,1,1,0,0,0,0,0.5239684581756592
video20,TriClass-Cloud-FT,453,1,1,0,0,0,0,0.742077648639679
video20,TriClass-Cloud-FT,454,1,1,0,0,0,0,0.7505037188529968
video20,TriClass-Cloud-FT,455,1,1,0,0,0,0,0.8087456226348877
video20,TriClass-Cloud-FT,456,1,1,0,0,0,0,0.7594587802886963
video20,TriClass-Cloud-FT,457,1,1,0,0,0,0,0.7132923603057861
video20,TriClass-Cloud-FT,458,1,1,0,0,0,0,0.64061039686203
video20,TriClass-Cloud-FT,459,1,1,0,0,0,0,0.5047301054000854
video20,TriClass-Cloud-FT,460,1,1,0,0,0,0,0.5011112689971924
video20,TriClass-Cloud-FT,461,1,1,0,0,0,0,0.4122840464115143
video20,TriClass-Cloud-FT,462,2,2,0,0,1,0,0.6573790907859802
video20,TriClass-Cloud-FT,463,2,2,0,0,0,0,0.4527584910392761
video20,TriClass-Cloud-FT,464,0,0,0,0,0,0,0.0
video20,TriClass-Cloud-FT,465,2,2,0,0,1,0,0.5206626653671265
video20,TriClass-Cloud-FT,466,0,0,0,0,0,0,0.0
video20,TriClass-Cloud-FT,467,0,0,0,0,0,0,0.0
video20,TriClass-Cloud-FT,468,0,0,0,0,0,0,0.0
video20,TriClass-Cloud-FT,469,1,1,0,0,0,0,0.5552708506584167
video20,TriClass-Cloud-FT,470,1,1,0,0,0,0,0.7451372742652893
video20,TriClass-Cloud-FT,471,1,1,0,0,0,0,0.8555498123168945
video20,TriClass-Cloud-FT,472,1,1,0,0,0,0,0.8649978637695312
video20,TriClass-Cloud-FT,473,1,1,0,0,0,0,0.8557712435722351
video20,TriClass-Cloud-FT,474,1,1,0,0,0,0,0.8523353934288025
video20,TriClass-Cloud-FT,475,1,1,0,0,0,0,0.8012235760688782
video20,TriClass-Cloud-FT,476,1,1,0,0,0,0,0.8560491800308228
video20,TriClass-Cloud-FT,477,1,1,0,0,0,0,0.7994301319122314
video20,TriClass-Cloud-FT,478,1,1,0,0,0,0,0.8227335214614868
video20,TriClass-Cloud-FT,479,1,1,0,0,0,0,0.8332090377807617
video20,TriClass-Cloud-FT,480,1,1,0,0,0,0,0.8297637701034546
video20,TriClass-Cloud-FT,481,1,1,0,0,0,0,0.7913398742675781
video20,TriClass-Cloud-FT,482,1,1,0,0,0,0,0.8645913004875183
video20,TriClass-Cloud-FT,483,1,1,0,0,0,0,0.7927080392837524
video20,TriClass-Cloud-FT,484,1,1,0,0,0,0,0.824251115322113
video20,TriClass-Cloud-FT,485,2,2,0,0,0,0,0.658674418926239
video20,TriClass-Cloud-FT,486,1,1,0,0,0,0,0.7667904496192932
video20,TriClass-Cloud-FT,487,1,1,0,0,0,0,0.802950918674469
video20,TriClass-Cloud-FT,488,1,1,0,0,0,0,0.6780871748924255
video20,TriClass-Cloud-FT,489,1,1,0,0,0,0,0.8065349459648132
video20,TriClass-Cloud-FT,490,1,1,0,0,0,0,0.8067265152931213
video20,TriClass-Cloud-FT,491,1,1,0,0,0,0,0.6522954702377319
video20,TriClass-Cloud-FT,492,1,1,0,0,0,0,0.7997856736183167
video20,TriClass-Cloud-FT,493,1,1,0,0,0,0,0.8002020716667175
video20,TriClass-Cloud-FT,494,1,1,0,0,0,0,0.7954327464103699
video20,TriClass-Cloud-FT,495,1,1,0,0,0,0,0.6552444696426392
video20,TriClass-Cloud-FT,496,1,1,0,0,0,0,0.7218965888023376
video20,TriClass-Cloud-FT,497,1,1,0,0,0,0,0.7801693081855774
video20,TriClass-Cloud-FT,498,1,1,0,0,0,0,0.7783404588699341
video20,TriClass-Cloud-FT,499,1,1,0,0,1,0,0.32123133540153503
video20,TriClass-Cloud-FT,500,1,1,0,0,0,0,0.48146477341651917
video20,TriClass-Cloud-FT,501,2,2,0,0,0,0,0.5138981342315674
video20,TriClass-Cloud-FT,502,1,1,0,0,0,0,0.7092862725257874
video20,TriClass-Cloud-FT,503,1,1,0,0,0,0,0.8388186693191528
video20,TriClass-Cloud-FT,504,2,2,0,0,0,0,0.6230698823928833
video20,TriClass-Cloud-FT,505,1,1,0,0,0,0,0.7897969484329224
video20,TriClass-Cloud-FT,506,1,1,0,0,0,0,0.8553385734558105
video20,TriClass-Cloud-FT,507,1,1,0,0,0,0,0.8558765649795532
video20,TriClass-Cloud-FT,508,1,1,0,0,0,0,0.846733808517456
video20,TriClass-Cloud-FT,509,1,1,0,0,0,0,0.8402194976806641
video20,TriClass-Cloud-FT,510,1,1,0,0,0,0,0.8245201706886292
video20,TriClass-Cloud-FT,511,1,1,0,0,0,0,0.8180853724479675
video20,TriClass-Cloud-FT,512,1,1,0,0,0,0,0.8354523181915283
video20,TriClass-Cloud-FT,513,1,1,0,0,0,0,0.8175486326217651
video20,TriClass-Cloud-FT,514,1,1,0,0,0,0,0.8072666525840759
video20,TriClass-Cloud-FT,515,1,1,0,0,0,0,0.8180918097496033
video20,TriClass-Cloud-FT,516,1,1,0,0,0,0,0.8018996119499207
video20,TriClass-Cloud-FT,517,1,1,0,0,0,0,0.831043004989624
video20,TriClass-Cloud-FT,518,1,1,0,0,0,0,0.8344424366950989
video20,TriClass-Cloud-FT,519,1,1,0,0,0,0,0.8276445865631104
video20,TriClass-Cloud-FT,520,1,1,0,0,0,0,0.828805148601532
video20,TriClass-Cloud-FT,521,1,1,0,0,0,0,0.8279070258140564
video20,TriClass-Cloud-FT,522,1,1,0,0,0,0,0.828706681728363
video20,TriClass-Cloud-FT,523,1,1,0,0,0,0,0.8324314951896667
video20,TriClass-Cloud-FT,524,1,1,0,0,0,0,0.8172929286956787
video20,TriClass-Cloud-FT,525,1,1,0,0,0,0,0.8454442620277405
video20,TriClass-Cloud-FT,526,1,1,0,0,0,0,0.8357028365135193
video20,TriClass-Cloud-FT,527,1,1,0,0,0,0,0.8470006585121155
video20,TriClass-Cloud-FT,528,1,1,0,0,0,0,0.8389788269996643
video20,TriClass-Cloud-FT,529,1,1,0,0,0,0,0.8206480741500854
video20,TriClass-Cloud-FT,530,1,1,0,0,0,0,0.8185147047042847
video20,TriClass-Cloud-FT,531,1,1,0,0,0,0,0.8250053524971008
video20,TriClass-Cloud-FT,532,1,1,0,0,0,0,0.8106079697608948
video20,TriClass-Cloud-FT,533,1,1,0,0,0,0,0.8173571825027466
video20,TriClass-Cloud-FT,534,1,1,0,0,0,0,0.8169777393341064
video20,TriClass-Cloud-FT,535,1,1,0,0,0,0,0.8248101472854614
video20,TriClass-Cloud-FT,536,1,1,0,0,0,0,0.8428096175193787
video20,TriClass-Cloud-FT,537,1,1,0,0,0,0,0.8372304439544678
video20,TriClass-Cloud-FT,538,1,1,0,0,0,0,0.839798092842102
video20,TriClass-Cloud-FT,539,1,1,0,0,0,0,0.8423149585723877
video20,TriClass-Cloud-FT,540,1,1,0,0,0,0,0.8454257249832153
video20,TriClass-Cloud-FT,541,1,1,0,0,0,0,0.8322658538818359
video20,TriClass-Cloud-FT,542,1,1,0,0,0,0,0.8457599878311157
video20,TriClass-Cloud-FT,543,1,1,0,0,0,0,0.8420911431312561
video20,TriClass-Cloud-FT,544,1,1,0,0,0,0,0.8317072987556458
video20,TriClass-Cloud-FT,545,1,1,0,0,0,0,0.8343175053596497
video20,TriClass-Cloud-FT,546,1,1,0,0,0,0,0.8370080590248108
video20,TriClass-Cloud-FT,547,1,1,0,0,0,0,0.839029848575592
video20,TriClass-Cloud-FT,548,1,1,0,0,0,0,0.8365519046783447
video20,TriClass-Cloud-FT,549,1,1,0,0,0,0,0.8490548133850098
video20,TriClass-Cloud-FT,550,1,1,0,0,0,0,0.8480719923973083
video20,TriClass-Cloud-FT,551,1,1,0,0,0,0,0.8503963351249695
video20,TriClass-Cloud-FT,552,1,1,0,0,0,0,0.8555723428726196
video20,TriClass-Cloud-FT,553,1,1,0,0,0,0,0.842013955116272
video20,TriClass-Cloud-FT,554,1,1,0,0,0,0,0.8422097563743591
video20,TriClass-Cloud-FT,555,1,1,0,0,0,0,0.8484566807746887
video20,TriClass-Cloud-FT,556,1,1,0,0,0,0,0.8458239436149597
video20,TriClass-Cloud-FT,557,1,1,0,0,0,0,0.8575059175491333
video20,TriClass-Cloud-FT,558,1,1,0,0,0,0,0.8563656806945801
video20,TriClass-Cloud-FT,559,1,1,0,0,0,0,0.8436488509178162
video20,TriClass-Cloud-FT,560,1,1,0,0,0,0,0.8396474719047546
video20,TriClass-Cloud-FT,561,1,1,0,0,0,0,0.8391906023025513
video20,TriClass-Cloud-FT,562,1,1,0,0,0,0,0.8570648431777954
video20,TriClass-Cloud-FT,563,1,1,0,0,0,0,0.8476656079292297
video20,TriClass-Cloud-FT,564,1,1,0,0,0,0,0.8471516966819763
video20,TriClass-Cloud-FT,565,1,1,0,0,0,0,0.8516764044761658
video20,TriClass-Cloud-FT,566,1,1,0,0,0,0,0.8621948957443237
video20,TriClass-Cloud-FT,567,1,1,0,0,0,0,0.8572809100151062
video20,TriClass-Cloud-FT,568,1,1,0,0,0,0,0.8602285981178284
video20,TriClass-Cloud-FT,569,1,1,0,0,0,0,0.868434488773346
video20,TriClass-Cloud-FT,570,2,2,0,0,0,0,0.6706554293632507
video20,TriClass-Cloud-FT,571,1,1,0,0,0,0,0.8229135870933533
video20,TriClass-Cloud-FT,572,2,2,0,0,1,0,0.5599634051322937
video20,TriClass-Cloud-FT,573,1,1,0,0,0,0,0.6760395169258118
video20,TriClass-Cloud-FT,574,1,1,0,0,0,0,0.8603723645210266
video20,TriClass-Cloud-FT,575,1,1,0,0,0,0,0.8326095938682556
video20,TriClass-Cloud-FT,576,1,1,0,0,0,0,0.8481576442718506
video20,TriClass-Cloud-FT,577,1,1,0,0,0,0,0.8397008180618286
video20,TriClass-Cloud-FT,578,1,1,0,0,0,0,0.8646259903907776
video20,TriClass-Cloud-FT,579,1,1,0,0,0,0,0.873950719833374
video20,TriClass-Cloud-FT,580,1,1,0,0,0,0,0.8659871816635132
video20,TriClass-Cloud-FT,581,1,1,0,0,0,0,0.8704655766487122
video20,TriClass-Cloud-FT,582,1,1,0,0,0,0,0.8642273545265198
video20,TriClass-Cloud-FT,583,1,1,0,0,0,0,0.8645126223564148
video20,TriClass-Cloud-FT,584,1,1,0,0,0,0,0.7177821397781372
video20,TriClass-Cloud-FT,585,1,1,0,0,0,0,0.7635058164596558
video20,TriClass-Cloud-FT,586,1,1,0,0,0,0,0.8403052687644958
video20,TriClass-Cloud-FT,587,1,1,0,0,0,0,0.8572011590003967
video20,TriClass-Cloud-FT,588,1,1,0,0,0,0,0.8377452492713928
video20,TriClass-Cloud-FT,589,1,1,0,0,0,0,0.8547236919403076
video20,TriClass-Cloud-FT,590,1,1,0,0,0,0,0.8458812832832336
video20,TriClass-Cloud-FT,591,2,2,0,0,0,0,0.6898233890533447
video20,TriClass-Cloud-FT,592,2,2,0,0,1,0,0.461162269115448
video20,TriClass-Cloud-FT,593,1,1,0,0,0,0,0.7962866425514221
video20,TriClass-Cloud-FT,594,1,1,0,0,0,0,0.8098044395446777
video20,TriClass-Cloud-FT,595,1,1,0,0,0,0,0.8258026838302612
video20,TriClass-Cloud-FT,596,1,1,0,0,0,0,0.8223027586936951
video20,TriClass-Cloud-FT,597,1,1,0,0,0,0,0.7932908535003662
video20,TriClass-Cloud-FT,598,1,1,0,0,0,0,0.7855775952339172
video20,TriClass-Cloud-FT,599,1,1,0,0,0,0,0.7786355018615723
video20,TriClass-Cloud-FT,600,1,1,0,0,0,0,0.8314017057418823
video20,TriClass-Cloud-FT,601,1,1,0,0,0,0,0.8470504879951477
video20,TriClass-Cloud-FT,602,2,2,0,0,0,0,0.6888142228126526
video20,TriClass-Cloud-FT,603,1,1,0,0,0,0,0.8077787756919861
video20,TriClass-Cloud-FT,604,1,1,0,0,0,0,0.8052580952644348
video20,TriClass-Cloud-FT,605,1,1,0,0,0,0,0.8451827764511108
video20,TriClass-Cloud-FT,606,1,1,0,0,0,0,0.57363361120224
video20,TriClass-Cloud-FT,607,1,1,0,0,0,0,0.8532226085662842
video20,TriClass-Cloud-FT,608,1,1,0,0,0,0,0.8307509422302246
video20,TriClass-Cloud-FT,609,1,1,0,0,0,0,0.8387155532836914
video20,TriClass-Cloud-FT,610,1,1,0,0,0,0,0.6835026144981384
video20,TriClass-Cloud-FT,611,0,0,0,0,0,0,0.0
video20,TriClass-Cloud-FT,612,1,1,0,0,1,0,0.2836247980594635
video20,TriClass-Cloud-FT,613,1,1,0,0,0,0,0.7347688674926758
video20,TriClass-Cloud-FT,614,1,1,0,0,0,0,0.804435133934021
video20,TriClass-Cloud-FT,615,1,1,0,0,0,0,0.7726424336433411
video20,TriClass-Cloud-FT,616,1,1,0,0,0,0,0.7346920371055603
video20,TriClass-Cloud-FT,617,1,1,0,0,0,0,0.7688325047492981
video20,TriClass-Cloud-FT,618,1,1,0,0,0,0,0.8101797699928284
video20,TriClass-Cloud-FT,619,2,2,0,0,1,0,0.5314328670501709
video20,TriClass-Cloud-FT,620,1,1,0,0,0,0,0.801882803440094
video20,TriClass-Cloud-FT,621,1,1,0,0,0,0,0.8461394906044006
video20,TriClass-Cloud-FT,622,1,1,0,0,0,0,0.8211860060691833
video20,TriClass-Cloud-FT,623,1,1,0,0,0,0,0.7580676674842834
video20,TriClass-Cloud-FT,624,1,1,0,0,0,0,0.7808897495269775
video20,TriClass-Cloud-FT,625,1,1,0,0,0,0,0.7575593590736389
video20,TriClass-Cloud-FT,626,1,1,0,0,0,0,0.6718848943710327
video20,TriClass-Cloud-FT,627,2,2,0,0,1,0,0.36137574911117554
video20,TriClass-Cloud-FT,628,1,1,0,0,0,0,0.4665818512439728
video20,TriClass-Cloud-FT,629,0,0,0,0,0,0,0.0
video20,TriClass-Cloud-FT,630,0,0,0,0,0,0,0.0
video20,TriClass-Cloud-FT,631,0,0,0,0,0,0,0.0
video20,TriClass-Cloud-FT,632,0,0,0,0,0,0,0.0
video20,TriClass-Cloud-FT,633,0,0,0,0,0,0,0.0
video20,TriClass-Cloud-FT,634,1,1,0,0,0,0,0.3686835467815399
video20,TriClass-Cloud-FT,635,1,1,0,0,0,0,0.6392043828964233
video20,TriClass-Cloud-FT,636,1,1,0,0,1,0,0.29175689816474915
video20,TriClass-Cloud-FT,637,1,1,0,0,0,0,0.5980823040008545
video20,TriClass-Cloud-FT,638,1,1,0,0,0,0,0.7468491196632385
video20,TriClass-Cloud-FT,639,1,1,0,0,0,0,0.8286224007606506
video20,TriClass-Cloud-FT,640,1,1,0,0,0,0,0.8265849351882935
video20,TriClass-Cloud-FT,641,1,1,0,0,0,0,0.8063868880271912
video20,TriClass-Cloud-FT,642,1,1,0,0,0,0,0.83336341381073
video20,TriClass-Cloud-FT,643,1,1,0,0,0,0,0.8483878374099731
video20,TriClass-Cloud-FT,644,1,1,0,0,0,0,0.8179380297660828
video20,TriClass-Cloud-FT,645,1,1,0,0,0,0,0.806367814540863
video20,TriClass-Cloud-FT,646,1,1,0,0,0,0,0.823319673538208
video20,TriClass-Cloud-FT,647,1,1,0,0,0,0,0.8546662926673889
video20,TriClass-Cloud-FT,648,1,1,0,0,0,0,0.8068087697029114
video20,TriClass-Cloud-FT,649,1,1,0,0,0,0,0.7919510006904602
video20,TriClass-Cloud-FT,650,1,1,0,0,0,0,0.7667558193206787
video20,TriClass-Cloud-FT,651,1,1,0,0,0,0,0.7932695150375366
video20,TriClass-Cloud-FT,652,1,1,0,0,0,0,0.7649514675140381
video20,TriClass-Cloud-FT,653,1,1,0,0,0,0,0.7843414545059204
video20,TriClass-Cloud-FT,654,1,1,0,0,0,0,0.7809595465660095
video20,TriClass-Cloud-FT,655,1,1,0,0,0,0,0.7704944610595703
video20,TriClass-Cloud-FT,656,1,1,0,0,0,0,0.7211214900016785
video20,TriClass-Cloud-FT,657,1,1,0,0,0,0,0.7885825037956238
video20,TriClass-Cloud-FT,658,1,1,0,0,0,0,0.7932511568069458
video20,TriClass-Cloud-FT,659,1,1,0,0,0,0,0.7787876725196838
video20,TriClass-Cloud-FT,660,1,1,0,0,0,0,0.8289604187011719
video20,TriClass-Cloud-FT,661,1,1,0,0,0,0,0.7997168302536011
video20,TriClass-Cloud-FT,662,1,1,0,0,0,0,0.7859442830085754
video20,TriClass-Cloud-FT,663,1,1,0,0,0,0,0.7466455101966858
video20,TriClass-Cloud-FT,664,1,1,0,0,0,0,0.7717860341072083
video20,TriClass-Cloud-FT,665,1,1,0,0,0,0,0.7460182905197144
video20,TriClass-Cloud-FT,666,1,1,0,0,0,0,0.7572969198226929
video20,TriClass-Cloud-FT,667,1,1,0,0,0,0,0.7734557390213013
video20,TriClass-Cloud-FT,668,1,1,0,0,0,0,0.7279289960861206
video20,TriClass-Cloud-FT,669,1,1,0,0,0,0,0.7547180652618408
video20,TriClass-Cloud-FT,670,1,1,0,0,0,0,0.7935378551483154
video20,TriClass-Cloud-FT,671,1,1,0,0,0,0,0.8238306045532227
video20,TriClass-Cloud-FT,672,1,1,0,0,0,0,0.7939571738243103
video20,TriClass-Cloud-FT,673,1,1,0,0,0,0,0.8186252117156982
video20,TriClass-Cloud-FT,674,1,1,0,0,0,0,0.828445315361023
video20,TriClass-Cloud-FT,675,1,1,0,0,0,0,0.8040344715118408
video20,TriClass-Cloud-FT,676,1,1,0,0,0,0,0.8160836696624756
video20,TriClass-Cloud-FT,677,1,1,0,0,0,0,0.8172564506530762
video20,TriClass-Cloud-FT,678,1,1,0,0,0,0,0.8032910823822021
video20,TriClass-Cloud-FT,679,1,1,0,0,0,0,0.8239304423332214
video20,TriClass-Cloud-FT,680,1,1,0,0,0,0,0.7958381772041321
video20,TriClass-Cloud-FT,681,1,1,0,0,0,0,0.7773240804672241
video20,TriClass-Cloud-FT,682,1,1,0,0,0,0,0.8451762795448303
video20,TriClass-Cloud-FT,683,1,1,0,0,0,0,0.8380066752433777
video20,TriClass-Cloud-FT,684,1,1,0,0,0,0,0.8422488570213318
video20,TriClass-Cloud-FT,685,1,1,0,0,0,0,0.8473423719406128
video20,TriClass-Cloud-FT,686,1,1,0,0,0,0,0.844105064868927
video20,TriClass-Cloud-FT,687,1,1,0,0,0,0,0.8263371586799622
video20,TriClass-Cloud-FT,688,1,1,0,0,0,0,0.8304480314254761
video20,TriClass-Cloud-FT,689,1,1,0,0,0,0,0.828302264213562
video20,TriClass-Cloud-FT,690,1,1,0,0,0,0,0.7690297365188599
video20,TriClass-Cloud-FT,691,1,1,0,0,0,0,0.8171829581260681
video20,TriClass-Cloud-FT,692,1,1,0,0,0,0,0.8319001793861389
video20,TriClass-Cloud-FT,693,1,1,0,0,0,0,0.7998954653739929
video20,TriClass-Cloud-FT,694,1,1,0,0,0,0,0.8567315340042114
video20,TriClass-Cloud-FT,695,1,1,0,0,0,0,0.789559543132782
video20,TriClass-Cloud-FT,696,1,1,0,0,0,0,0.8469119668006897
video20,TriClass-Cloud-FT,697,1,1,0,0,0,0,0.8489273190498352
video20,TriClass-Cloud-FT,698,1,1,0,0,0,0,0.8251033425331116
video20,TriClass-Cloud-FT,699,1,1,0,0,0,0,0.822455108165741
video20,TriClass-Cloud-FT,700,1,1,0,0,0,0,0.857592761516571
video20,TriClass-Cloud-FT,701,1,1,0,0,0,0,0.8569779396057129
video20,TriClass-Cloud-FT,702,1,1,0,0,0,0,0.8440510630607605
video20,TriClass-Cloud-FT,703,1,1,0,0,0,0,0.8128722310066223
video20,TriClass-Cloud-FT,704,1,1,0,0,0,0,0.8094589710235596
video20,TriClass-Cloud-FT,705,1,1,0,0,0,0,0.8038111925125122
video20,TriClass-Cloud-FT,706,1,1,0,0,0,0,0.8115290403366089
video20,TriClass-Cloud-FT,707,1,1,0,0,0,0,0.7942032814025879
video20,TriClass-Cloud-FT,708,1,1,0,0,0,0,0.7856953144073486
video20,TriClass-Cloud-FT,709,1,1,0,0,0,0,0.827017605304718
video20,TriClass-Cloud-FT,710,1,1,0,0,0,0,0.8327957391738892
video20,TriClass-Cloud-FT,711,1,1,0,0,0,0,0.8276298642158508
video20,TriClass-Cloud-FT,712,1,1,0,0,0,0,0.8295270204544067
video20,TriClass-Cloud-FT,713,1,1,0,0,0,0,0.8545146584510803
video20,TriClass-Cloud-FT,714,2,2,0,0,0,0,0.6178517937660217
video20,TriClass-Cloud-FT,715,1,1,0,0,0,0,0.8872532844543457
video20,TriClass-Cloud-FT,716,1,1,0,0,0,0,0.8239651322364807
video20,TriClass-Cloud-FT,717,1,1,0,0,0,0,0.804893434047699
video20,TriClass-Cloud-FT,718,1,1,0,0,0,0,0.8454321622848511
video20,TriClass-Cloud-FT,719,1,1,0,0,0,0,0.8123789429664612
video20,TriClass-Cloud-FT,720,1,1,0,0,0,0,0.8254345059394836
video20,TriClass-Cloud-FT,721,1,1,0,0,0,0,0.7941614985466003
video20,TriClass-Cloud-FT,722,1,1,0,0,0,0,0.8255331516265869
video20,TriClass-Cloud-FT,723,1,1,0,0,0,0,0.8143684267997742
video20,TriClass-Cloud-FT,724,1,1,0,0,0,0,0.8235815763473511
video20,TriClass-Cloud-FT,725,1,1,0,0,0,0,0.8315455317497253
video20,TriClass-Cloud-FT,726,1,1,0,0,0,0,0.8243305087089539
video20,TriClass-Cloud-FT,727,1,1,0,0,0,0,0.8121970295906067
video20,TriClass-Cloud-FT,728,1,1,0,0,0,0,0.8370450735092163
video20,TriClass-Cloud-FT,729,1,1,0,0,0,0,0.8316009044647217
video20,TriClass-Cloud-FT,730,1,1,0,0,0,0,0.7968318462371826
video20,TriClass-Cloud-FT,731,1,1,0,0,0,0,0.7936562299728394
video20,TriClass-Cloud-FT,732,1,1,0,0,0,0,0.7876266241073608
video20,TriClass-Cloud-FT,733,1,1,0,0,0,0,0.6213856339454651
video20,TriClass-Cloud-FT,734,1,1,0,0,0,0,0.3723558783531189
video20,TriClass-Cloud-FT,735,1,1,0,0,0,0,0.5636043548583984
video20,TriClass-Cloud-FT,736,1,1,0,0,0,0,0.4838654100894928
video20,TriClass-Cloud-FT,737,1,1,0,0,0,0,0.5765154361724854
video20,TriClass-Cloud-FT,738,1,1,0,0,1,0,0.3025442063808441
video20,TriClass-Cloud-FT,739,1,1,0,0,0,0,0.6973867416381836
video20,TriClass-Cloud-FT,740,1,1,0,0,0,0,0.741223156452179
video20,TriClass-Cloud-FT,741,1,1,0,0,0,0,0.7456570863723755
video20,TriClass-Cloud-FT,742,1,1,0,0,0,0,0.726948618888855
video20,TriClass-Cloud-FT,743,1,1,0,0,0,0,0.6964565515518188
video20,TriClass-Cloud-FT,744,1,1,0,0,0,0,0.6638720035552979
video20,TriClass-Cloud-FT,745,1,1,0,0,0,0,0.7388395071029663
video20,TriClass-Cloud-FT,746,1,1,0,0,0,0,0.7323761582374573
video20,TriClass-Cloud-FT,747,1,1,0,0,0,0,0.7916728258132935
video20,TriClass-Cloud-FT,748,2,2,0,0,0,0,0.4038345515727997
video20,TriClass-Cloud-FT,749,1,1,0,0,0,0,0.7666584253311157
video20,TriClass-Cloud-FT,750,1,1,0,0,0,0,0.7788882255554199
video20,TriClass-Cloud-FT,751,1,1,0,0,0,0,0.7886785864830017
video20,TriClass-Cloud-FT,752,1,1,0,0,0,0,0.8166747093200684
video20,TriClass-Cloud-FT,753,1,1,0,0,0,0,0.8375986814498901
video20,TriClass-Cloud-FT,754,1,1,0,0,0,0,0.7686126232147217
video20,TriClass-Cloud-FT,755,1,1,0,0,0,0,0.7863291501998901
video20,TriClass-Cloud-FT,756,1,1,0,0,0,0,0.7331666946411133
video20,TriClass-Cloud-FT,757,1,1,0,0,0,0,0.7795831561088562
video20,TriClass-Cloud-FT,758,1,1,0,0,0,0,0.7897719144821167
video20,TriClass-Cloud-FT,759,1,1,0,0,0,0,0.7530359625816345
video20,TriClass-Cloud-FT,760,1,1,0,0,0,0,0.7482240200042725
video20,TriClass-Cloud-FT,761,1,1,0,0,0,0,0.7450916767120361
video20,TriClass-Cloud-FT,762,1,1,0,0,0,0,0.6998296976089478
video20,TriClass-Cloud-FT,763,1,1,0,0,0,0,0.7572465538978577
video20,TriClass-Cloud-FT,764,1,1,0,0,0,0,0.7363110184669495
video20,TriClass-Cloud-FT,765,1,1,0,0,0,0,0.794577419757843
video20,TriClass-Cloud-FT,766,1,1,0,0,0,0,0.7465841770172119
video20,TriClass-Cloud-FT,767,1,1,0,0,0,0,0.7376859188079834
video20,TriClass-Cloud-FT,768,1,1,0,0,0,0,0.722314715385437
video20,TriClass-Cloud-FT,769,1,1,0,0,0,0,0.776025116443634
video20,TriClass-Cloud-FT,770,1,1,0,0,0,0,0.8039310574531555
video20,TriClass-Cloud-FT,771,1,1,0,0,0,0,0.75016188621521
video20,TriClass-Cloud-FT,772,1,1,0,0,0,0,0.7457380890846252
video20,TriClass-Cloud-FT,773,1,1,0,0,0,0,0.7770950794219971
video20,TriClass-Cloud-FT,774,1,1,0,0,0,0,0.8139185309410095
video20,TriClass-Cloud-FT,775,1,1,0,0,0,0,0.8224285244941711
video20,TriClass-Cloud-FT,776,1,1,0,0,0,0,0.6872111558914185
video20,TriClass-Cloud-FT,777,0,0,0,0,0,0,0.0
video20,TriClass-Cloud-FT,778,0,0,0,0,0,0,0.0
video20,TriClass-Cloud-FT,779,0,0,0,0,0,0,0.0
video20,TriClass-Cloud-FT,780,1,1,0,0,0,0,0.478794664144516
video20,TriClass-Cloud-FT,781,1,1,0,0,0,0,0.665850818157196
video20,TriClass-Cloud-FT,782,1,1,0,0,0,0,0.7975388169288635
video20,TriClass-Cloud-FT,783,1,1,0,0,0,0,0.7487411499023438
video20,TriClass-Cloud-FT,784,1,1,0,0,0,0,0.7816661596298218
video20,TriClass-Cloud-FT,785,0,0,0,0,0,0,0.0
video20,TriClass-Cloud-FT,786,0,0,0,0,0,0,0.0
video20,TriClass-Cloud-FT,787,0,0,0,0,0,0,0.0
video20,TriClass-Cloud-FT,788,0,0,0,0,0,0,0.0
video20,TriClass-Cloud-FT,789,0,0,0,0,0,0,0.0
video20,TriClass-Cloud-FT,790,0,0,0,0,0,0,0.0
video20,TriClass-Cloud-FT,791,0,0,0,0,0,0,0.0
video20,TriClass-Cloud-FT,792,0,0,0,0,0,0,0.0
video20,TriClass-Cloud-FT,793,0,0,0,0,0,0,0.0
video20,TriClass-Cloud-FT,794,1,1,0,0,0,0,0.381594181060791
video20,TriClass-Cloud-FT,795,1,1,0,0,0,0,0.40074479579925537
video20,TriClass-Cloud-FT,796,1,1,0,0,0,0,0.7555654644966125
video20,TriClass-Cloud-FT,797,1,1,0,0,0,0,0.6863796710968018
video20,TriClass-Cloud-FT,798,1,1,0,0,0,0,0.7184792160987854
video20,TriClass-Cloud-FT,799,1,1,0,0,0,0,0.7137783765792847
video20,TriClass-Cloud-FT,800,1,1,0,0,0,0,0.7949187159538269
video20,TriClass-Cloud-FT,801,1,1,0,0,0,0,0.7855549454689026
video20,TriClass-Cloud-FT,802,1,1,0,0,0,0,0.8396122455596924
video20,TriClass-Cloud-FT,803,1,1,0,0,0,0,0.7934656739234924
video20,TriClass-Cloud-FT,804,1,1,0,0,0,0,0.7988053560256958
video20,TriClass-Cloud-FT,805,1,1,0,0,0,0,0.7896065711975098
video20,TriClass-Cloud-FT,806,1,1,0,0,0,0,0.6953216791152954
video20,TriClass-Cloud-FT,807,2,2,0,0,1,0,0.5090493559837341
video20,TriClass-Cloud-FT,808,2,2,0,0,1,0,0.6016239523887634
video20,TriClass-Cloud-FT,809,1,1,0,0,0,0,0.6555413007736206
video20,TriClass-Cloud-FT,810,1,1,0,0,0,0,0.7547661662101746
video20,TriClass-Cloud-FT,811,1,1,0,0,0,0,0.6991844177246094
video20,TriClass-Cloud-FT,812,1,1,0,0,0,0,0.4330676198005676
video20,TriClass-Cloud-FT,813,1,1,0,0,0,0,0.49503010511398315
video20,TriClass-Cloud-FT,814,1,1,0,0,0,0,0.35503488779067993
video20,TriClass-Cloud-FT,815,0,0,0,0,0,0,0.0
video20,TriClass-Cloud-FT,816,0,0,0,0,0,0,0.0
video20,TriClass-Cloud-FT,817,0,0,0,0,0,0,0.0
video20,TriClass-Cloud-FT,818,1,1,0,0,0,0,0.3622013032436371
video20,TriClass-Cloud-FT,819,0,0,0,0,0,0,0.0
video20,TriClass-Cloud-FT,820,0,0,0,0,0,0,0.0
video20,TriClass-Cloud-FT,821,0,0,0,0,0,0,0.0
video20,TriClass-Cloud-FT,822,0,0,0,0,0,0,0.0
video20,TriClass-Cloud-FT,823,1,1,0,0,1,0,0.3190515637397766
video20,TriClass-Cloud-FT,824,0,0,0,0,0,0,0.0
video20,TriClass-Cloud-FT,825,0,0,0,0,0,0,0.0
video20,TriClass-Cloud-FT,826,0,0,0,0,0,0,0.0
video20,TriClass-Cloud-FT,827,1,1,0,0,1,0,0.2794259488582611
video20,TriClass-Cloud-FT,828,1,1,0,0,0,0,0.7366533875465393
video20,TriClass-Cloud-FT,829,1,1,0,0,0,0,0.7370945811271667
video20,TriClass-Cloud-FT,830,1,1,0,0,0,0,0.6033157110214233
video20,TriClass-Cloud-FT,831,1,1,0,0,0,0,0.716193437576294
video20,TriClass-Cloud-FT,832,1,1,0,0,0,0,0.6709667444229126
video20,TriClass-Cloud-FT,833,1,1,0,0,0,0,0.7642324566841125
video20,TriClass-Cloud-FT,834,1,1,0,0,0,0,0.7374943494796753
video20,TriClass-Cloud-FT,835,1,1,0,0,0,0,0.7275242805480957
video20,TriClass-Cloud-FT,836,1,1,0,0,0,0,0.7288907766342163
video20,TriClass-Cloud-FT,837,0,0,0,0,0,0,0.0
video20,TriClass-Cloud-FT,838,0,0,0,0,0,0,0.0
video20,TriClass-Cloud-FT,839,0,0,0,0,0,0,0.0
video20,TriClass-Cloud-FT,840,0,0,0,0,0,0,0.0
video20,TriClass-Cloud-FT,841,0,0,0,0,0,0,0.0
video20,TriClass-Cloud-FT,842,1,1,0,0,0,0,0.42284950613975525
video20,TriClass-Cloud-FT,843,2,2,0,0,0,0,0.44970884919166565
video20,TriClass-Cloud-FT,844,2,2,0,0,1,0,0.36843255162239075
video20,TriClass-Cloud-FT,845,1,1,0,0,0,0,0.7730597853660583
video20,TriClass-Cloud-FT,846,1,1,0,0,0,0,0.804298460483551
video20,TriClass-Cloud-FT,847,1,1,0,0,0,0,0.7891289591789246
video20,TriClass-Cloud-FT,848,1,1,0,0,0,0,0.8174107670783997
video20,TriClass-Cloud-FT,849,1,1,0,0,0,0,0.639331579208374
video20,TriClass-Cloud-FT,850,1,1,0,0,0,0,0.4237968623638153
video20,TriClass-Cloud-FT,851,1,1,0,0,0,0,0.7110442519187927
video20,TriClass-Cloud-FT,852,1,1,0,0,0,0,0.7307055592536926
video20,TriClass-Cloud-FT,853,1,1,0,0,0,0,0.8178396821022034
video20,TriClass-Cloud-FT,854,1,1,0,0,0,0,0.7562121748924255
video20,TriClass-Cloud-FT,855,1,1,0,0,0,0,0.7036544680595398
video20,TriClass-Cloud-FT,856,1,1,0,0,0,0,0.7822959423065186
video20,TriClass-Cloud-FT,857,1,1,0,0,0,0,0.7412121891975403
video20,TriClass-Cloud-FT,858,1,1,0,0,0,0,0.6829060912132263
video20,TriClass-Cloud-FT,859,2,2,0,0,0,0,0.48965004086494446
video20,TriClass-Cloud-FT,860,0,0,0,0,0,0,0.0
video20,TriClass-Cloud-FT,861,1,1,0,0,0,0,0.6385121941566467
video20,TriClass-Cloud-FT,862,1,1,0,0,0,0,0.7143979072570801
video20,TriClass-Cloud-FT,863,1,1,0,0,0,0,0.7583993077278137
video20,TriClass-Cloud-FT,864,1,1,0,0,0,0,0.7728663682937622
video20,TriClass-Cloud-FT,865,1,1,0,0,0,0,0.7358430027961731
video20,TriClass-Cloud-FT,866,1,1,0,0,0,0,0.5927913784980774
video20,TriClass-Cloud-FT,867,1,1,0,0,0,0,0.8077284693717957
video20,TriClass-Cloud-FT,868,1,1,0,0,0,0,0.8375291228294373
video20,TriClass-Cloud-FT,869,1,1,0,0,0,0,0.8327130675315857
video20,TriClass-Cloud-FT,870,1,1,0,0,0,0,0.8555076122283936
video20,TriClass-Cloud-FT,871,1,1,0,0,0,0,0.8404580354690552
video20,TriClass-Cloud-FT,872,1,1,0,0,0,0,0.8203155994415283
video20,TriClass-Cloud-FT,873,1,1,0,0,0,0,0.6217261552810669
video20,TriClass-Cloud-FT,874,1,1,0,0,0,0,0.8200992345809937
video20,TriClass-Cloud-FT,875,1,1,0,0,0,0,0.8150717616081238
video20,TriClass-Cloud-FT,876,1,1,0,0,0,0,0.8262928128242493
video20,TriClass-Cloud-FT,877,1,1,0,0,0,0,0.8359256982803345
video20,TriClass-Cloud-FT,878,1,1,0,0,0,0,0.8663535118103027
video20,TriClass-Cloud-FT,879,1,1,0,0,0,0,0.8329225778579712
video20,TriClass-Cloud-FT,880,1,1,0,0,0,0,0.8426976203918457
video20,TriClass-Cloud-FT,881,1,1,0,0,0,0,0.8201159834861755
video20,TriClass-Cloud-FT,882,1,1,0,0,0,0,0.8367560505867004
video20,TriClass-Cloud-FT,883,1,1,0,0,0,0,0.8565820455551147
video20,TriClass-Cloud-FT,884,1,1,0,0,0,0,0.8665186166763306
video20,TriClass-Cloud-FT,885,1,1,0,0,0,0,0.8526279926300049
video20,TriClass-Cloud-FT,886,1,1,0,0,0,0,0.8595044612884521
video20,TriClass-Cloud-FT,887,1,1,0,0,0,0,0.8445665240287781
video20,TriClass-Cloud-FT,888,1,1,0,0,0,0,0.8438971042633057
video20,TriClass-Cloud-FT,889,1,1,0,0,0,0,0.8179618716239929
video20,TriClass-Cloud-FT,890,1,1,0,0,0,0,0.8278340697288513
video20,TriClass-Cloud-FT,891,1,1,0,0,0,0,0.8611803650856018
video20,TriClass-Cloud-FT,892,1,1,0,0,0,0,0.8475766181945801
video20,TriClass-Cloud-FT,893,1,1,0,0,0,0,0.8504646420478821
video20,TriClass-Cloud-FT,894,1,1,0,0,0,0,0.8764417171478271
video20,TriClass-Cloud-FT,895,1,1,0,0,0,0,0.8635603785514832
video20,TriClass-Cloud-FT,896,1,1,0,0,0,0,0.8509562015533447
video20,TriClass-Cloud-FT,897,1,1,0,0,0,0,0.8566716313362122
video20,TriClass-Cloud-FT,898,1,1,0,0,0,0,0.8436144590377808
video20,TriClass-Cloud-FT,899,1,1,0,0,0,0,0.8383810520172119
video20,TriClass-Cloud-FT,900,1,1,0,0,0,0,0.8382258415222168
video20,TriClass-Cloud-FT,901,1,1,0,0,0,0,0.821090579032898
video20,TriClass-Cloud-FT,902,1,1,0,0,0,0,0.8194319009780884
video20,TriClass-Cloud-FT,903,1,1,0,0,0,0,0.8309392929077148
video20,TriClass-Cloud-FT,904,1,1,0,0,0,0,0.8503528833389282
video20,TriClass-Cloud-FT,905,1,1,0,0,0,0,0.8419850468635559
video20,TriClass-Cloud-FT,906,1,1,0,0,0,0,0.8366382718086243
video20,TriClass-Cloud-FT,907,1,1,0,0,0,0,0.8245282173156738
video20,TriClass-Cloud-FT,908,1,1,0,0,0,0,0.8374022841453552
video20,TriClass-Cloud-FT,909,1,1,0,0,0,0,0.8499332070350647
video20,TriClass-Cloud-FT,910,1,1,0,0,0,0,0.8308084607124329
video20,TriClass-Cloud-FT,911,1,1,0,0,0,0,0.8422612547874451
video20,TriClass-Cloud-FT,912,1,1,0,0,0,0,0.8487764596939087
video20,TriClass-Cloud-FT,913,1,1,0,0,0,0,0.5302029848098755
video20,TriClass-Cloud-FT,914,1,1,0,0,0,0,0.8592817783355713
video20,TriClass-Cloud-FT,915,1,1,0,0,0,0,0.8470040559768677
video20,TriClass-Cloud-FT,916,1,1,0,0,0,0,0.8348983526229858
video20,TriClass-Cloud-FT,917,1,1,0,0,0,0,0.817540168762207
video20,TriClass-Cloud-FT,918,1,1,0,0,0,0,0.8104033470153809
video20,TriClass-Cloud-FT,919,1,1,0,0,0,0,0.8062031865119934
video20,TriClass-Cloud-FT,920,1,1,0,0,0,0,0.8189877271652222
video20,TriClass-Cloud-FT,921,1,1,0,0,0,0,0.8243114352226257
video20,TriClass-Cloud-FT,922,1,1,0,0,0,0,0.8199738264083862
video20,TriClass-Cloud-FT,923,1,1,0,0,0,0,0.8324703574180603
video20,TriClass-Cloud-FT,924,1,1,0,0,0,0,0.8566581010818481
video20,TriClass-Cloud-FT,925,1,1,0,0,0,0,0.7923167943954468
video20,TriClass-Cloud-FT,926,1,1,0,0,0,0,0.8340938091278076
video20,TriClass-Cloud-FT,927,1,1,0,0,0,0,0.846886396408081
video20,TriClass-Cloud-FT,928,1,1,0,0,0,0,0.8353560566902161
video20,TriClass-Cloud-FT,929,1,1,0,0,0,0,0.8365923762321472
video20,TriClass-Cloud-FT,930,1,1,0,0,0,0,0.797240674495697
video20,TriClass-Cloud-FT,931,1,1,0,0,0,0,0.7868362665176392
video20,TriClass-Cloud-FT,932,1,1,0,0,0,0,0.804578423500061
video20,TriClass-Cloud-FT,933,1,1,0,0,0,0,0.809632420539856
video20,TriClass-Cloud-FT,934,1,1,0,0,0,0,0.6367101073265076
video20,TriClass-Cloud-FT,935,1,1,0,0,0,0,0.6102062463760376
video20,TriClass-Cloud-FT,936,1,1,0,0,0,0,0.5924400687217712
video20,TriClass-Cloud-FT,937,1,1,0,0,0,0,0.8052794933319092
video20,TriClass-Cloud-FT,938,1,1,0,0,0,0,0.8287199139595032
video20,TriClass-Cloud-FT,939,1,1,0,0,0,0,0.8317692875862122
video20,TriClass-Cloud-FT,940,1,1,0,0,0,0,0.8293247222900391
video20,TriClass-Cloud-FT,941,1,1,0,0,0,0,0.8381741046905518
video20,TriClass-Cloud-FT,942,1,1,0,0,0,0,0.8434281945228577
video20,TriClass-Cloud-FT,943,1,1,0,0,0,0,0.8261225819587708
video20,TriClass-Cloud-FT,944,1,1,0,0,0,0,0.8308974504470825
video20,TriClass-Cloud-FT,945,1,1,0,0,0,0,0.8474617600440979
video20,TriClass-Cloud-FT,946,1,1,0,0,0,0,0.8466019630432129
video20,TriClass-Cloud-FT,947,1,1,0,0,0,0,0.8375517129898071
video20,TriClass-Cloud-FT,948,1,1,0,0,0,0,0.8568937182426453
video20,TriClass-Cloud-FT,949,1,1,0,0,0,0,0.8392756581306458
video20,TriClass-Cloud-FT,950,1,1,0,0,0,0,0.843576192855835
video20,TriClass-Cloud-FT,951,1,1,0,0,0,0,0.7841455340385437
video20,TriClass-Cloud-FT,952,1,1,0,0,0,0,0.7154068946838379
video20,TriClass-Cloud-FT,953,1,1,0,0,0,0,0.7930946350097656
video20,TriClass-Cloud-FT,954,1,1,0,0,0,0,0.8304096460342407
video20,TriClass-Cloud-FT,955,1,1,0,0,0,0,0.8469902276992798
video20,TriClass-Cloud-FT,956,1,1,0,0,0,0,0.8375710248947144
video20,TriClass-Cloud-FT,957,1,1,0,0,0,0,0.8278123736381531
video20,TriClass-Cloud-FT,958,1,1,0,0,0,0,0.8213028907775879
video20,TriClass-Cloud-FT,959,1,1,0,0,0,0,0.8141079545021057
video20,TriClass-Cloud-FT,960,1,1,0,0,0,0,0.6869257688522339
video20,TriClass-Cloud-FT,961,1,1,0,0,0,0,0.37039750814437866
video20,TriClass-Cloud-FT,962,1,1,0,0,0,0,0.8259899020195007
video20,TriClass-Cloud-FT,963,1,1,0,0,0,0,0.7744291424751282
video20,TriClass-Cloud-FT,964,1,1,0,0,0,0,0.8068104386329651
video20,TriClass-Cloud-FT,965,1,1,0,0,0,0,0.8170381784439087
video20,TriClass-Cloud-FT,966,1,1,0,0,0,0,0.8219031095504761
video20,TriClass-Cloud-FT,967,1,1,0,0,0,0,0.8307631015777588
video20,TriClass-Cloud-FT,968,1,1,0,0,0,0,0.852895200252533
video20,TriClass-Cloud-FT,969,1,1,0,0,0,0,0.8546201586723328
video20,TriClass-Cloud-FT,970,1,1,0,0,0,0,0.8773666620254517
video20,TriClass-Cloud-FT,971,1,1,0,0,0,0,0.8753312826156616
video20,TriClass-Cloud-FT,972,1,1,0,0,0,0,0.8742796778678894
video20,TriClass-Cloud-FT,973,1,1,0,0,0,0,0.852700412273407
video20,TriClass-Cloud-FT,974,1,1,0,0,0,0,0.8444015383720398
video20,TriClass-Cloud-FT,975,1,1,0,0,0,0,0.8515282869338989
video20,TriClass-Cloud-FT,976,1,1,0,0,0,0,0.8515039086341858
video20,TriClass-Cloud-FT,977,1,1,0,0,0,0,0.8423998355865479
video20,TriClass-Cloud-FT,978,1,1,0,0,0,0,0.8587974309921265
video20,TriClass-Cloud-FT,979,1,1,0,0,0,0,0.817459225654602
video20,TriClass-Cloud-FT,980,1,1,0,0,0,0,0.8309330940246582
video20,TriClass-Cloud-FT,981,2,2,0,0,1,0,0.4478243589401245
video20,TriClass-Cloud-FT,982,1,1,0,0,0,0,0.8528345227241516
video20,TriClass-Cloud-FT,983,1,1,0,0,0,0,0.8464494943618774
video20,TriClass-Cloud-FT,984,2,2,0,0,0,0,0.4473153352737427
video20,TriClass-Cloud-FT,985,1,1,0,0,0,0,0.6650092005729675
video20,TriClass-Cloud-FT,986,1,1,0,0,0,0,0.8143433928489685
video20,TriClass-Cloud-FT,987,1,1,0,0,0,0,0.8066896796226501
video20,TriClass-Cloud-FT,988,1,1,0,0,0,0,0.8696728944778442
video20,TriClass-Cloud-FT,989,1,1,0,0,0,0,0.8356751203536987
video20,TriClass-Cloud-FT,990,1,1,0,0,0,0,0.855792760848999
video20,TriClass-Cloud-FT,991,1,1,0,0,0,0,0.8519946336746216
video20,TriClass-Cloud-FT,992,1,1,0,0,0,0,0.8385464549064636
video20,TriClass-Cloud-FT,993,1,1,0,0,0,0,0.8386396765708923
video20,TriClass-Cloud-FT,994,1,1,0,0,0,0,0.8225342631340027
video20,TriClass-Cloud-FT,995,1,1,0,0,0,0,0.8149133324623108
video20,TriClass-Cloud-FT,996,1,1,0,0,0,0,0.8313340544700623
video20,TriClass-Cloud-FT,997,1,1,0,0,0,0,0.8322862982749939
video20,TriClass-Cloud-FT,998,1,1,0,0,0,0,0.840568482875824
video20,TriClass-Cloud-FT,999,1,1,0,0,0,0,0.8294458389282227
video20,TriClass-Cloud-FT,1000,1,1,0,0,0,0,0.8348652124404907
video20,TriClass-Cloud-FT,1001,1,1,0,0,0,0,0.8383316397666931
video20,TriClass-Cloud-FT,1002,1,1,0,0,0,0,0.7338573336601257
video20,TriClass-Cloud-FT,1003,1,1,0,0,0,0,0.8455495238304138
video20,TriClass-Cloud-FT,1004,1,1,0,0,0,0,0.8400999307632446
video20,TriClass-Cloud-FT,1005,1,1,0,0,0,0,0.8438028693199158
video20,TriClass-Cloud-FT,1006,1,1,0,0,0,0,0.8464730381965637
video20,TriClass-Cloud-FT,1007,1,1,0,0,0,0,0.8490402102470398
video20,TriClass-Cloud-FT,1008,1,1,0,0,0,0,0.8294832706451416
video20,TriClass-Cloud-FT,1009,1,1,0,0,0,0,0.8110015988349915
video20,TriClass-Cloud-FT,1010,1,1,0,0,0,0,0.8166463971138
video20,TriClass-Cloud-FT,1011,1,1,0,0,0,0,0.8223634362220764
video20,TriClass-Cloud-FT,1012,1,1,0,0,0,0,0.8117424249649048
video20,TriClass-Cloud-FT,1013,1,1,0,0,0,0,0.8007487654685974
video20,TriClass-Cloud-FT,1014,1,1,0,0,0,0,0.8061972260475159
video20,TriClass-Cloud-FT,1015,1,1,0,0,0,0,0.6100794076919556
video20,TriClass-Cloud-FT,1016,1,1,0,0,0,0,0.8004940748214722
video20,TriClass-Cloud-FT,1017,1,1,0,0,0,0,0.8333529233932495
video20,TriClass-Cloud-FT,1018,1,1,0,0,0,0,0.8149906992912292
video20,TriClass-Cloud-FT,1019,1,1,0,0,0,0,0.8168916702270508
video20,TriClass-Cloud-FT,1020,1,1,0,0,0,0,0.8289972543716431
video20,TriClass-Cloud-FT,1021,1,1,0,0,0,0,0.840803325176239
video20,TriClass-Cloud-FT,1022,1,1,0,0,0,0,0.8253605365753174
video20,TriClass-Cloud-FT,1023,1,1,0,0,0,0,0.8102543354034424
video20,TriClass-Cloud-FT,1024,1,1,0,0,0,0,0.5753632187843323
video20,TriClass-Cloud-FT,1025,1,1,0,0,0,0,0.8225897550582886
video20,TriClass-Cloud-FT,1026,1,1,0,0,0,0,0.47541335225105286
video20,TriClass-Cloud-FT,1027,1,1,0,0,0,0,0.8291154503822327
video20,TriClass-Cloud-FT,1028,1,1,0,0,0,0,0.8186475038528442
video20,TriClass-Cloud-FT,1029,1,1,0,0,0,0,0.5916537046432495
video20,TriClass-Cloud-FT,1030,1,1,0,0,0,0,0.7901282906532288
video20,TriClass-Cloud-FT,1031,1,1,0,0,0,0,0.8339456915855408
video20,TriClass-Cloud-FT,1032,1,1,0,0,0,0,0.8046519756317139
video20,TriClass-Cloud-FT,1033,1,1,0,0,0,0,0.739425539970398
video20,TriClass-Cloud-FT,1034,1,1,0,0,0,0,0.8172170519828796
video20,TriClass-Cloud-FT,1035,1,1,0,0,0,0,0.8596019744873047
video20,TriClass-Cloud-FT,1036,1,1,0,0,0,0,0.8156420588493347
video20,TriClass-Cloud-FT,1037,1,1,0,0,0,0,0.8362792134284973
video20,TriClass-Cloud-FT,1038,1,1,0,0,0,0,0.7167234420776367
video20,TriClass-Cloud-FT,1039,1,1,0,0,0,0,0.8242904543876648
video20,TriClass-Cloud-FT,1040,1,1,0,0,0,0,0.6893247961997986
video20,TriClass-Cloud-FT,1041,1,1,0,0,0,0,0.8395995497703552
video20,TriClass-Cloud-FT,1042,1,1,0,0,0,0,0.8127529621124268
video20,TriClass-Cloud-FT,1043,1,1,0,0,0,0,0.7945612072944641
video20,TriClass-Cloud-FT,1044,1,1,0,0,0,0,0.785497784614563
video20,TriClass-Cloud-FT,1045,1,1,0,0,0,0,0.8390285968780518
video20,TriClass-Cloud-FT,1046,1,1,0,0,0,0,0.8801834583282471
video20,TriClass-Cloud-FT,1047,1,1,0,0,0,0,0.81940758228302
video20,TriClass-Cloud-FT,1048,1,1,0,0,0,0,0.7038906812667847
video20,TriClass-Cloud-FT,1049,2,2,0,0,0,0,0.44925975799560547
video20,TriClass-Cloud-FT,1050,1,1,0,0,0,0,0.6996741890907288
video20,TriClass-Cloud-FT,1051,1,1,0,0,0,0,0.7907644510269165
video20,TriClass-Cloud-FT,1052,1,1,0,0,0,0,0.8313145637512207
video20,TriClass-Cloud-FT,1053,1,1,0,0,0,0,0.8183526396751404
video20,TriClass-Cloud-FT,1054,1,1,0,0,0,0,0.838037371635437
video20,TriClass-Cloud-FT,1055,1,1,0,0,0,0,0.8647770285606384
video20,TriClass-Cloud-FT,1056,1,1,0,0,0,0,0.8886313438415527
video20,TriClass-Cloud-FT,1057,1,1,0,0,0,0,0.8212888836860657
video20,TriClass-Cloud-FT,1058,1,1,0,0,0,0,0.7949305772781372
video20,TriClass-Cloud-FT,1059,1,1,0,0,0,0,0.7558985948562622
video20,TriClass-Cloud-FT,1060,1,1,0,0,0,0,0.736943781375885
video20,TriClass-Cloud-FT,1061,1,1,0,0,0,0,0.7637791633605957
video20,TriClass-Cloud-FT,1062,0,0,0,0,0,0,0.0
video20,TriClass-Cloud-FT,1063,1,1,0,0,0,0,0.5479493141174316
video20,TriClass-Cloud-FT,1064,1,1,0,0,0,0,0.6401216983795166
video20,TriClass-Cloud-FT,1065,1,1,0,0,0,0,0.7665663361549377
video20,TriClass-Cloud-FT,1066,1,1,0,0,0,0,0.7792394757270813
video20,TriClass-Cloud-FT,1067,1,1,0,0,0,0,0.7940891981124878
video20,TriClass-Cloud-FT,1068,1,1,0,0,0,0,0.8081834316253662
video20,TriClass-Cloud-FT,1069,1,1,0,0,0,0,0.7444021701812744
video20,TriClass-Cloud-FT,1070,1,1,0,0,0,0,0.7056994438171387
video20,TriClass-Cloud-FT,1071,1,1,0,0,0,0,0.689699649810791
video20,TriClass-Cloud-FT,1072,1,1,0,0,0,0,0.767850399017334
video20,TriClass-Cloud-FT,1073,1,1,0,0,0,0,0.7496902346611023
video20,TriClass-Cloud-FT,1074,1,1,0,0,0,0,0.8018397688865662
video20,TriClass-Cloud-FT,1075,1,1,0,0,0,0,0.765724241733551
video20,TriClass-Cloud-FT,1076,1,1,0,0,0,0,0.762948751449585
video20,TriClass-Cloud-FT,1077,1,1,0,0,0,0,0.7701141238212585
video20,TriClass-Cloud-FT,1078,1,1,0,0,0,0,0.8214568495750427
video20,TriClass-Cloud-FT,1079,1,1,0,0,0,0,0.7760816216468811
video20,TriClass-Cloud-FT,1080,1,1,0,0,0,0,0.7574836015701294
video20,TriClass-Cloud-FT,1081,1,1,0,0,0,0,0.7594864964485168
video20,TriClass-Cloud-FT,1082,1,1,0,0,0,0,0.8066611289978027
video20,TriClass-Cloud-FT,1083,1,1,0,0,0,0,0.822695255279541
video20,TriClass-Cloud-FT,1084,1,1,0,0,0,0,0.8243206739425659
video20,TriClass-Cloud-FT,1085,1,1,0,0,0,0,0.7904048562049866
video20,TriClass-Cloud-FT,1086,1,1,0,0,0,0,0.8143793940544128
video20,TriClass-Cloud-FT,1087,1,1,0,0,0,0,0.8298790454864502
video20,TriClass-Cloud-FT,1088,1,1,0,0,0,0,0.822970449924469
video20,TriClass-Cloud-FT,1089,1,1,0,0,0,0,0.8175433278083801
video20,TriClass-Cloud-FT,1090,1,1,0,0,0,0,0.7678277492523193
video20,TriClass-Cloud-FT,1091,1,1,0,0,0,0,0.8020521402359009
video20,TriClass-Cloud-FT,1092,1,1,0,0,0,0,0.8119488954544067
video20,TriClass-Cloud-FT,1093,1,1,0,0,0,0,0.8182797431945801
video20,TriClass-Cloud-FT,1094,1,1,0,0,0,0,0.7927382588386536
video20,TriClass-Cloud-FT,1095,1,1,0,0,0,0,0.8108900189399719
video20,TriClass-Cloud-FT,1096,1,1,0,0,0,0,0.8364153504371643
video20,TriClass-Cloud-FT,1097,1,1,0,0,0,0,0.8674584627151489
video20,TriClass-Cloud-FT,1098,1,1,0,0,0,0,0.8124295473098755
video20,TriClass-Cloud-FT,1099,1,1,0,0,0,0,0.8311000466346741
video20,TriClass-Cloud-FT,1100,1,1,0,0,0,0,0.8228491544723511
video20,TriClass-Cloud-FT,1101,1,1,0,0,0,0,0.7951493859291077
video20,TriClass-Cloud-FT,1102,1,1,0,0,0,0,0.8301807045936584
video20,TriClass-Cloud-FT,1103,1,1,0,0,0,0,0.8074688911437988
video20,TriClass-Cloud-FT,1104,1,1,0,0,0,0,0.8558603525161743
video20,TriClass-Cloud-FT,1105,1,1,0,0,0,0,0.8683305382728577
video20,TriClass-Cloud-FT,1106,1,1,0,0,0,0,0.8200923204421997
video20,TriClass-Cloud-FT,1107,1,1,0,0,0,0,0.7981165647506714
video20,TriClass-Cloud-FT,1108,1,1,0,0,0,0,0.8602369427680969
video20,TriClass-Cloud-FT,1109,1,1,0,0,0,0,0.8286365270614624
video20,TriClass-Cloud-FT,1110,1,1,0,0,0,0,0.8232212662696838
video20,TriClass-Cloud-FT,1111,1,1,0,0,0,0,0.8232324123382568
video20,TriClass-Cloud-FT,1112,1,1,0,0,0,0,0.8392592668533325
video20,TriClass-Cloud-FT,1113,1,1,0,0,0,0,0.8204637765884399
video20,TriClass-Cloud-FT,1114,1,1,0,0,0,0,0.8335155248641968
video20,TriClass-Cloud-FT,1115,1,1,0,0,0,0,0.8328163623809814
video20,TriClass-Cloud-FT,1116,1,1,0,0,0,0,0.8348954916000366
video20,TriClass-Cloud-FT,1117,1,1,0,0,0,0,0.8142123818397522
video20,TriClass-Cloud-FT,1118,1,1,0,0,0,0,0.817954957485199
video20,TriClass-Cloud-FT,1119,1,1,0,0,0,0,0.8246843218803406
video20,TriClass-Cloud-FT,1120,1,1,0,0,0,0,0.7977005839347839
video20,TriClass-Cloud-FT,1121,1,1,0,0,0,0,0.8109583258628845
video20,TriClass-Cloud-FT,1122,1,1,0,0,0,0,0.8126574754714966
video20,TriClass-Cloud-FT,1123,1,1,0,0,0,0,0.8150345087051392
video20,TriClass-Cloud-FT,1124,1,1,0,0,0,0,0.8482204079627991
video20,TriClass-Cloud-FT,1125,1,1,0,0,0,0,0.8136913776397705
video20,TriClass-Cloud-FT,1126,1,1,0,0,0,0,0.8349147439002991
video20,TriClass-Cloud-FT,1127,1,1,0,0,0,0,0.8016971945762634
video20,TriClass-Cloud-FT,1128,1,1,0,0,0,0,0.7909718155860901
video20,TriClass-Cloud-FT,1129,1,1,0,0,0,0,0.7962467670440674
video20,TriClass-Cloud-FT,1130,1,1,0,0,0,0,0.8153181076049805
video20,TriClass-Cloud-FT,1131,1,1,0,0,0,0,0.8192068934440613
video20,TriClass-Cloud-FT,1132,1,1,0,0,0,0,0.777764081954956
video20,TriClass-Cloud-FT,1133,1,1,0,0,0,0,0.7939772009849548
video20,TriClass-Cloud-FT,1134,1,1,0,0,0,0,0.8048707842826843
video20,TriClass-Cloud-FT,1135,1,1,0,0,0,0,0.8183512091636658
video20,TriClass-Cloud-FT,1136,1,1,0,0,0,0,0.7944425344467163
video20,TriClass-Cloud-FT,1137,1,1,0,0,0,0,0.7915781140327454
video20,TriClass-Cloud-FT,1138,1,1,0,0,0,0,0.8022801876068115
video20,TriClass-Cloud-FT,1139,1,1,0,0,0,0,0.8181731104850769
video20,TriClass-Cloud-FT,1140,1,1,0,0,0,0,0.8190606832504272
video20,TriClass-Cloud-FT,1141,1,1,0,0,0,0,0.7968284487724304
video20,TriClass-Cloud-FT,1142,1,1,0,0,0,0,0.7789421081542969
video20,TriClass-Cloud-FT,1143,1,1,0,0,0,0,0.7980802059173584
video20,TriClass-Cloud-FT,1144,1,1,0,0,0,0,0.7817596793174744
video20,TriClass-Cloud-FT,1145,1,1,0,0,0,0,0.7752708196640015
video20,TriClass-Cloud-FT,1146,1,1,0,0,0,0,0.8115636110305786
video20,TriClass-Cloud-FT,1147,1,1,0,0,0,0,0.8000651597976685
video20,TriClass-Cloud-FT,1148,1,1,0,0,0,0,0.8027920722961426
video20,TriClass-Cloud-FT,1149,1,1,0,0,0,0,0.7817318439483643
video20,TriClass-Cloud-FT,1150,1,1,0,0,0,0,0.7746330499649048
video20,TriClass-Cloud-FT,1151,1,1,0,0,0,0,0.7754128575325012
video20,TriClass-Cloud-FT,1152,1,1,0,0,0,0,0.806257426738739
video20,TriClass-Cloud-FT,1153,1,1,0,0,0,0,0.7963852882385254
video20,TriClass-Cloud-FT,1154,1,1,0,0,0,0,0.7221547961235046
video20,TriClass-Cloud-FT,1155,1,1,0,0,0,0,0.7906714081764221
video20,TriClass-Cloud-FT,1156,1,1,0,0,0,0,0.7649943232536316
video20,TriClass-Cloud-FT,1157,1,1,0,0,0,0,0.8089873194694519
video20,TriClass-Cloud-FT,1158,1,1,0,0,0,0,0.804291844367981
video20,TriClass-Cloud-FT,1159,1,1,0,0,0,0,0.7966294884681702
video20,TriClass-Cloud-FT,1160,1,1,0,0,0,0,0.7933294773101807
video20,TriClass-Cloud-FT,1161,1,1,0,0,0,0,0.7923566102981567
video20,TriClass-Cloud-FT,1162,1,1,0,0,0,0,0.8043590784072876
video20,TriClass-Cloud-FT,1163,1,1,0,0,0,0,0.772588312625885
video20,TriClass-Cloud-FT,1164,1,1,0,0,0,0,0.7829617857933044
video20,TriClass-Cloud-FT,1165,1,1,0,0,0,0,0.7630794048309326
video20,TriClass-Cloud-FT,1166,1,1,0,0,0,0,0.8012022972106934
video20,TriClass-Cloud-FT,1167,1,1,0,0,0,0,0.8020748496055603
video20,TriClass-Cloud-FT,1168,1,1,0,0,0,0,0.7771517634391785
video20,TriClass-Cloud-FT,1169,1,1,0,0,0,0,0.7682401537895203
video20,TriClass-Cloud-FT,1170,1,1,0,0,0,0,0.7732487916946411
video20,TriClass-Cloud-FT,1171,1,1,0,0,0,0,0.7984849214553833
video20,TriClass-Cloud-FT,1172,1,1,0,0,0,0,0.7960244417190552
video20,TriClass-Cloud-FT,1173,1,1,0,0,0,0,0.8067721128463745
video20,TriClass-Cloud-FT,1174,1,1,0,0,0,0,0.7574216723442078
video20,TriClass-Cloud-FT,1175,1,1,0,0,0,0,0.7816442847251892
video20,TriClass-Cloud-FT,1176,1,1,0,0,0,0,0.7918968796730042
video20,TriClass-Cloud-FT,1177,1,1,0,0,0,0,0.8025804758071899
video20,TriClass-Cloud-FT,1178,1,1,0,0,0,0,0.7791287302970886
video20,TriClass-Cloud-FT,1179,1,1,0,0,0,0,0.8051179647445679
video20,TriClass-Cloud-FT,1180,1,1,0,0,0,0,0.788762629032135
video20,TriClass-Cloud-FT,1181,1,1,0,0,0,0,0.7659560441970825
video20,TriClass-Cloud-FT,1182,1,1,0,0,0,0,0.7583698034286499
video20,TriClass-Cloud-FT,1183,1,1,0,0,0,0,0.7873197197914124
video20,TriClass-Cloud-FT,1184,1,1,0,0,0,0,0.7452874183654785
video20,TriClass-Cloud-FT,1185,1,1,0,0,0,0,0.7857757806777954
video20,TriClass-Cloud-FT,1186,1,1,0,0,0,0,0.7756174206733704
video20,TriClass-Cloud-FT,1187,1,1,0,0,0,0,0.8051280975341797
video20,TriClass-Cloud-FT,1188,1,1,0,0,0,0,0.788741946220398
video20,TriClass-Cloud-FT,1189,1,1,0,0,0,0,0.795047402381897
video20,TriClass-Cloud-FT,1190,1,1,0,0,0,0,0.7365905046463013
video20,TriClass-Cloud-FT,1191,1,1,0,0,0,0,0.8319422006607056
video20,TriClass-Cloud-FT,1192,1,1,0,0,0,0,0.8061894774436951
video20,TriClass-Cloud-FT,1193,1,1,0,0,0,0,0.8017148375511169
video20,TriClass-Cloud-FT,1194,1,1,0,0,0,0,0.8087387084960938
video20,TriClass-Cloud-FT,1195,1,1,0,0,0,0,0.7722792029380798
video20,TriClass-Cloud-FT,1196,1,1,0,0,0,0,0.776644766330719
video20,TriClass-Cloud-FT,1197,1,1,0,0,0,0,0.7812088131904602
video20,TriClass-Cloud-FT,1198,1,1,0,0,0,0,0.8115374445915222
video20,TriClass-Cloud-FT,1199,1,1,0,0,0,0,0.8036420941352844
video20,TriClass-Cloud-FT,1200,1,1,0,0,0,0,0.7829099297523499
video20,TriClass-Cloud-FT,1201,1,1,0,0,0,0,0.7785282731056213
video20,TriClass-Cloud-FT,1202,1,1,0,0,0,0,0.7708455324172974
video20,TriClass-Cloud-FT,1203,1,1,0,0,0,0,0.7276062965393066
video20,TriClass-Cloud-FT,1204,1,1,0,0,0,0,0.7755337357521057
video20,TriClass-Cloud-FT,1205,1,1,0,0,0,0,0.7865839600563049
video20,TriClass-Cloud-FT,1206,1,1,0,0,0,0,0.7372332215309143
video20,TriClass-Cloud-FT,1207,1,1,0,0,0,0,0.7490596175193787
video20,TriClass-Cloud-FT,1208,1,1,0,0,0,0,0.7222692370414734
video20,TriClass-Cloud-FT,1209,1,1,0,0,0,0,0.7824427485466003
video20,TriClass-Cloud-FT,1210,1,1,0,0,0,0,0.7850118279457092
video20,TriClass-Cloud-FT,1211,1,1,0,0,0,0,0.7613102793693542
video20,TriClass-Cloud-FT,1212,1,1,0,0,0,0,0.7551820278167725
video20,TriClass-Cloud-FT,1213,1,1,0,0,0,0,0.7847702503204346
video20,TriClass-Cloud-FT,1214,1,1,0,0,0,0,0.7946845293045044
video20,TriClass-Cloud-FT,1215,1,1,0,0,0,0,0.8194340467453003
video20,TriClass-Cloud-FT,1216,1,1,0,0,0,0,0.8120058178901672
video20,TriClass-Cloud-FT,1217,1,1,0,0,0,0,0.8250752687454224
video20,TriClass-Cloud-FT,1218,1,1,0,0,0,0,0.8306451439857483
video20,TriClass-Cloud-FT,1219,1,1,0,0,0,0,0.8309735059738159
video20,TriClass-Cloud-FT,1220,1,1,0,0,0,0,0.8126763701438904
video20,TriClass-Cloud-FT,1221,1,1,0,0,0,0,0.7928292751312256
video20,TriClass-Cloud-FT,1222,1,1,0,0,0,0,0.8251187801361084
video20,TriClass-Cloud-FT,1223,1,1,0,0,0,0,0.8144878149032593
video20,TriClass-Cloud-FT,1224,1,1,0,0,0,0,0.7812746167182922
video20,TriClass-Cloud-FT,1225,1,1,0,0,0,0,0.7963380813598633
video20,TriClass-Cloud-FT,1226,1,1,0,0,0,0,0.8063048124313354
video20,TriClass-Cloud-FT,1227,1,1,0,0,0,0,0.8137008547782898
video20,TriClass-Cloud-FT,1228,1,1,0,0,0,0,0.8297987580299377
video20,TriClass-Cloud-FT,1229,1,1,0,0,0,0,0.858440637588501
video20,TriClass-Cloud-FT,1230,1,1,0,0,0,0,0.8238128423690796
video20,TriClass-Cloud-FT,1231,1,1,0,0,0,0,0.8268759846687317
video20,TriClass-Cloud-FT,1232,1,1,0,0,0,0,0.841001570224762
video20,TriClass-Cloud-FT,1233,1,1,0,0,0,0,0.8252695202827454
video20,TriClass-Cloud-FT,1234,1,1,0,0,0,0,0.8550919890403748
video20,TriClass-Cloud-FT,1235,1,1,0,0,0,0,0.8594428896903992
video20,TriClass-Cloud-FT,1236,1,1,0,0,0,0,0.7653940916061401
video20,TriClass-Cloud-FT,1237,1,1,0,0,0,0,0.8494508862495422
video20,TriClass-Cloud-FT,1238,1,1,0,0,0,0,0.8210986852645874
video20,TriClass-Cloud-FT,1239,1,1,0,0,0,0,0.8368003368377686
video20,TriClass-Cloud-FT,1240,1,1,0,0,0,0,0.86236572265625
video20,TriClass-Cloud-FT,1241,1,1,0,0,0,0,0.8529309034347534
video20,TriClass-Cloud-FT,1242,1,1,0,0,0,0,0.8320874571800232
video20,TriClass-Cloud-FT,1243,1,1,0,0,0,0,0.8287185430526733
video20,TriClass-Cloud-FT,1244,1,1,0,0,0,0,0.8185815811157227
video20,TriClass-Cloud-FT,1245,1,1,0,0,0,0,0.7984410524368286
video20,TriClass-Cloud-FT,1246,1,1,0,0,0,0,0.8368307948112488
video20,TriClass-Cloud-FT,1247,1,1,0,0,0,0,0.8147156238555908
video20,TriClass-Cloud-FT,1248,1,1,0,0,0,0,0.7861024737358093
video20,TriClass-Cloud-FT,1249,2,2,0,0,1,0,0.3581787645816803
video20,TriClass-Cloud-FT,1250,0,0,0,0,0,0,0.0
video20,TriClass-Cloud-FT,1251,1,1,0,0,0,0,0.6496526598930359
video20,TriClass-Cloud-FT,1252,1,1,0,0,0,0,0.7617533802986145
video20,TriClass-Cloud-FT,1253,1,1,0,0,0,0,0.8426903486251831
video20,TriClass-Cloud-FT,1254,1,1,0,0,0,0,0.8487558364868164
video20,TriClass-Cloud-FT,1255,1,1,0,0,1,0,0.31945282220840454
video20,TriClass-Cloud-FT,1256,0,0,0,0,0,0,0.0
video20,TriClass-Cloud-FT,1257,1,1,0,0,0,0,0.38429999351501465
video20,TriClass-Cloud-FT,1258,0,0,0,0,0,0,0.0
video20,TriClass-Cloud-FT,1259,1,1,0,0,0,0,0.3796501159667969
video20,TriClass-Cloud-FT,1260,1,1,0,0,0,0,0.7492030262947083
video20,TriClass-Cloud-FT,1261,2,2,0,0,1,0,0.624467134475708
video20,TriClass-Cloud-FT,1262,1,1,0,0,0,0,0.3755110204219818
video20,TriClass-Cloud-FT,1263,1,1,0,0,1,0,0.30059710144996643
video20,TriClass-Cloud-FT,1264,1,1,0,0,0,0,0.5062686204910278
video20,TriClass-Cloud-FT,1265,1,1,0,0,0,0,0.5678375959396362
video20,TriClass-Cloud-FT,1266,0,0,0,0,0,0,0.0
video20,TriClass-Cloud-FT,1267,1,1,0,0,0,0,0.7933880686759949
video20,TriClass-Cloud-FT,1268,1,1,0,0,0,0,0.7865093350410461
video20,TriClass-Cloud-FT,1269,1,1,0,0,0,0,0.8529782891273499
video20,TriClass-Cloud-FT,1270,2,2,0,0,0,0,0.8366893529891968
video20,TriClass-Cloud-FT,1271,1,1,0,0,0,0,0.4258570075035095
video20,TriClass-Cloud-FT,1272,2,2,0,0,1,0,0.37137702107429504
video20,TriClass-Cloud-FT,1273,1,1,0,0,0,0,0.8166974782943726
video20,TriClass-Cloud-FT,1274,1,1,0,0,0,0,0.8458777666091919
video20,TriClass-Cloud-FT,1275,1,1,0,0,0,0,0.8663325309753418
video20,TriClass-Cloud-FT,1276,1,1,0,0,0,0,0.8492095470428467
video20,TriClass-Cloud-FT,1277,1,1,0,0,0,0,0.8610138297080994
video20,TriClass-Cloud-FT,1278,1,1,0,0,0,0,0.8603489398956299
video20,TriClass-Cloud-FT,1279,1,1,0,0,0,0,0.8169958591461182
video20,TriClass-Cloud-FT,1280,1,1,0,0,0,0,0.7875535488128662
video20,TriClass-Cloud-FT,1281,1,1,0,0,0,0,0.8358211517333984
video20,TriClass-Cloud-FT,1282,1,1,0,0,0,0,0.7952900528907776
video20,TriClass-Cloud-FT,1283,1,1,0,0,0,0,0.6734023094177246
video20,TriClass-Cloud-FT,1284,1,1,0,0,0,0,0.7668412923812866
video20,TriClass-Cloud-FT,1285,2,2,0,0,1,0,0.6486795544624329
video20,TriClass-Cloud-FT,1286,1,1,0,0,0,0,0.7515705227851868
video20,TriClass-Cloud-FT,1287,1,1,0,0,0,0,0.7682251930236816
video20,TriClass-Cloud-FT,1288,1,1,0,0,0,0,0.667449414730072
video20,TriClass-Cloud-FT,1289,1,1,0,0,0,0,0.7348292469978333
video20,TriClass-Cloud-FT,1290,1,1,0,0,0,0,0.6495262980461121
video20,TriClass-Cloud-FT,1291,2,2,0,0,1,0,0.6294005513191223
video20,TriClass-Cloud-FT,1292,1,1,0,0,0,0,0.7813615798950195
video20,TriClass-Cloud-FT,1293,1,1,0,0,0,0,0.8026643395423889
video20,TriClass-Cloud-FT,1294,1,1,0,0,0,0,0.8554549217224121
video20,TriClass-Cloud-FT,1295,1,1,0,0,0,0,0.8266052007675171
video20,TriClass-Cloud-FT,1296,1,1,0,0,0,0,0.8202056884765625
video20,TriClass-Cloud-FT,1297,1,1,0,0,0,0,0.8600699305534363
video20,TriClass-Cloud-FT,1298,1,1,0,0,0,0,0.8736742734909058
video20,TriClass-Cloud-FT,1299,1,1,0,0,0,0,0.8917628526687622
video20,TriClass-Cloud-FT,1300,1,1,0,0,0,0,0.8759974837303162
video20,TriClass-Cloud-FT,1301,1,1,0,0,0,0,0.8574782013893127
video20,TriClass-Cloud-FT,1302,1,1,0,0,0,0,0.8506690859794617
video20,TriClass-Cloud-FT,1303,1,1,0,0,0,0,0.9199085831642151
video20,TriClass-Cloud-FT,1304,1,1,0,0,0,0,0.9014676213264465
video20,TriClass-Cloud-FT,1305,1,1,0,0,0,0,0.8751665353775024
video20,TriClass-Cloud-FT,1306,1,1,0,0,0,0,0.8799143433570862
video20,TriClass-Cloud-FT,1307,1,1,0,0,0,0,0.8874814510345459
video20,TriClass-Cloud-FT,1308,1,1,0,0,0,0,0.8722507357597351
video20,TriClass-Cloud-FT,1309,1,1,0,0,0,0,0.8759389519691467
video20,TriClass-Cloud-FT,1310,1,1,0,0,0,0,0.46563637256622314
video20,TriClass-Cloud-FT,1311,1,1,0,0,0,0,0.8767651319503784
video20,TriClass-Cloud-FT,1312,1,1,0,0,0,0,0.8843827843666077
video20,TriClass-Cloud-FT,1313,1,1,0,0,0,0,0.8916435837745667
video20,TriClass-Cloud-FT,1314,1,1,0,0,0,0,0.8774937987327576
video20,TriClass-Cloud-FT,1315,1,1,0,0,0,0,0.8882622122764587
video20,TriClass-Cloud-FT,1316,1,1,0,0,0,0,0.9005164504051208
video20,TriClass-Cloud-FT,1317,1,1,0,0,0,0,0.9038217067718506
video20,TriClass-Cloud-FT,1318,1,1,0,0,0,0,0.8929608464241028
video20,TriClass-Cloud-FT,1319,1,1,0,0,0,0,0.8850581645965576
video20,TriClass-Cloud-FT,1320,1,1,0,0,0,0,0.8459984660148621
video20,TriClass-Cloud-FT,1321,1,1,0,0,0,0,0.8878376483917236
video20,TriClass-Cloud-FT,1322,1,1,0,0,0,0,0.8795886635780334
video20,TriClass-Cloud-FT,1323,1,1,0,0,0,0,0.8758780360221863
video20,TriClass-Cloud-FT,1324,1,1,0,0,0,0,0.9045006632804871
video20,TriClass-Cloud-FT,1325,1,1,0,0,0,0,0.8989714980125427
video20,TriClass-Cloud-FT,1326,1,1,0,0,0,0,0.8893303871154785
video20,TriClass-Cloud-FT,1327,1,1,0,0,0,0,0.8816681504249573
video20,TriClass-Cloud-FT,1328,1,1,0,0,0,0,0.8870130777359009
video20,TriClass-Cloud-FT,1329,1,1,0,0,0,0,0.8686697483062744
video20,TriClass-Cloud-FT,1330,1,1,0,0,0,0,0.8904772400856018
video20,TriClass-Cloud-FT,1331,1,1,0,0,0,0,0.8771757483482361
video20,TriClass-Cloud-FT,1332,1,1,0,0,0,0,0.871696949005127
video20,TriClass-Cloud-FT,1333,1,1,0,0,0,0,0.8707813024520874
video20,TriClass-Cloud-FT,1334,1,1,0,0,0,0,0.8859485983848572
video20,TriClass-Cloud-FT,1335,1,1,0,0,0,0,0.8799707293510437
video20,TriClass-Cloud-FT,1336,1,1,0,0,0,0,0.8772829174995422
video20,TriClass-Cloud-FT,1337,1,1,0,0,0,0,0.8852729201316833
video20,TriClass-Cloud-FT,1338,1,1,0,0,0,0,0.8626822829246521
video20,TriClass-Cloud-FT,1339,1,1,0,0,0,0,0.8676640391349792
video20,TriClass-Cloud-FT,1340,1,1,0,0,0,0,0.8598337173461914
video20,TriClass-Cloud-FT,1341,1,1,0,0,0,0,0.8861240148544312
video20,TriClass-Cloud-FT,1342,1,1,0,0,0,0,0.8867062330245972
video20,TriClass-Cloud-FT,1343,1,1,0,0,0,0,0.8902210593223572
video20,TriClass-Cloud-FT,1344,1,1,0,0,0,0,0.8571441173553467
video20,TriClass-Cloud-FT,1345,1,1,0,0,0,0,0.8331161141395569
video20,TriClass-Cloud-FT,1346,1,1,0,0,0,0,0.8668334484100342
video20,TriClass-Cloud-FT,1347,1,1,0,0,0,0,0.8536214232444763
video20,TriClass-Cloud-FT,1348,1,1,0,0,0,0,0.8652002811431885
video20,TriClass-Cloud-FT,1349,1,1,0,0,0,0,0.8611311316490173
video20,TriClass-Cloud-FT,1350,1,1,0,0,0,0,0.8497625589370728
video20,TriClass-Cloud-FT,1351,1,1,0,0,0,0,0.8590440154075623
video20,TriClass-Cloud-FT,1352,1,1,0,0,0,0,0.8491367101669312
video20,TriClass-Cloud-FT,1353,1,1,0,0,0,0,0.8670599460601807
video20,TriClass-Cloud-FT,1354,1,1,0,0,0,0,0.8843128681182861
video20,TriClass-Cloud-FT,1355,1,1,0,0,0,0,0.8589265942573547
video20,TriClass-Cloud-FT,1356,1,1,0,0,0,0,0.859332799911499
video20,TriClass-Cloud-FT,1357,1,1,0,0,0,0,0.8491457104682922
video20,TriClass-Cloud-FT,1358,1,1,0,0,0,0,0.869949221611023
video20,TriClass-Cloud-FT,1359,1,1,0,0,0,0,0.8582549691200256
video20,TriClass-Cloud-FT,1360,1,1,0,0,0,0,0.8325722217559814
video20,TriClass-Cloud-FT,1361,1,1,0,0,0,0,0.8165913224220276
video20,TriClass-Cloud-FT,1362,1,1,0,0,0,0,0.7516735792160034
video20,TriClass-Cloud-FT,1363,1,1,0,0,0,0,0.8061721920967102
video20,TriClass-Cloud-FT,1364,1,1,0,0,0,0,0.7585852146148682
video20,TriClass-Cloud-FT,1365,1,1,0,0,0,0,0.7921990156173706
video20,TriClass-Cloud-FT,1366,1,1,0,0,0,0,0.7919579744338989
video20,TriClass-Cloud-FT,1367,1,1,0,0,0,0,0.8074389696121216
video20,TriClass-Cloud-FT,1368,1,1,0,0,0,0,0.8190038800239563
video20,TriClass-Cloud-FT,1369,1,1,0,0,0,0,0.7959940433502197
video20,TriClass-Cloud-FT,1370,1,1,0,0,0,0,0.7772258520126343
video20,TriClass-Cloud-FT,1371,1,1,0,0,0,0,0.804535984992981
video20,TriClass-Cloud-FT,1372,1,1,0,0,0,0,0.7877981066703796
video20,TriClass-Cloud-FT,1373,1,1,0,0,0,0,0.8297505378723145
video20,TriClass-Cloud-FT,1374,1,1,0,0,0,0,0.8296125531196594
video20,TriClass-Cloud-FT,1375,1,1,0,0,0,0,0.8224921226501465
video20,TriClass-Cloud-FT,1376,1,1,0,0,0,0,0.8128876686096191
video20,TriClass-Cloud-FT,1377,1,1,0,0,0,0,0.7814475893974304
video20,TriClass-Cloud-FT,1378,1,1,0,0,0,0,0.832160234451294
video20,TriClass-Cloud-FT,1379,1,1,0,0,0,0,0.7697592377662659
video20,TriClass-Cloud-FT,1380,1,1,0,0,0,0,0.8170931935310364
video20,TriClass-Cloud-FT,1381,1,1,0,0,0,0,0.7784305810928345
video20,TriClass-Cloud-FT,1382,1,1,0,0,0,0,0.7534672021865845
video20,TriClass-Cloud-FT,1383,1,1,0,0,0,0,0.75809246301651
video20,TriClass-Cloud-FT,1384,1,1,0,0,0,0,0.8271954655647278
video20,TriClass-Cloud-FT,1385,1,1,0,0,0,0,0.8112756609916687
video20,TriClass-Cloud-FT,1386,1,1,0,0,0,0,0.8292247653007507
video20,TriClass-Cloud-FT,1387,2,2,0,0,1,0,0.5156615972518921
video20,TriClass-Cloud-FT,1388,1,1,0,0,0,0,0.7694661617279053
video20,TriClass-Cloud-FT,1389,1,1,0,0,0,0,0.7962519526481628
video20,TriClass-Cloud-FT,1390,1,1,0,0,0,0,0.7901036143302917
video20,TriClass-Cloud-FT,1391,1,1,0,0,0,0,0.8132575154304504
video20,TriClass-Cloud-FT,1392,1,1,0,0,0,0,0.8073959946632385
video20,TriClass-Cloud-FT,1393,1,1,0,0,0,0,0.7733266949653625
video20,TriClass-Cloud-FT,1394,1,1,0,0,0,0,0.8261183500289917
video20,TriClass-Cloud-FT,1395,1,1,0,0,0,0,0.7895002365112305
video20,TriClass-Cloud-FT,1396,1,1,0,0,0,0,0.8486417531967163
video20,TriClass-Cloud-FT,1397,1,1,0,0,0,0,0.8385793566703796
video20,TriClass-Cloud-FT,1398,1,1,0,0,0,0,0.8583698272705078
video20,TriClass-Cloud-FT,1399,1,1,0,0,0,0,0.841237485408783
video20,TriClass-Cloud-FT,1400,1,1,0,0,0,0,0.843982994556427
video20,TriClass-Cloud-FT,1401,1,1,0,0,0,0,0.8689277768135071
video20,TriClass-Cloud-FT,1402,1,1,0,0,0,0,0.8460486531257629
video20,TriClass-Cloud-FT,1403,1,1,0,0,0,0,0.8364529609680176
video20,TriClass-Cloud-FT,1404,1,1,0,0,0,0,0.8589258193969727
video20,TriClass-Cloud-FT,1405,1,1,0,0,0,0,0.8337697386741638
video20,TriClass-Cloud-FT,1406,1,1,0,0,0,0,0.8424625992774963
video20,TriClass-Cloud-FT,1407,1,1,0,0,0,0,0.8424158096313477
video20,TriClass-Cloud-FT,1408,1,1,0,0,0,0,0.8544943928718567
video20,TriClass-Cloud-FT,1409,1,1,0,0,0,0,0.8140422701835632
video20,TriClass-Cloud-FT,1410,1,1,0,0,0,0,0.8228581547737122
video20,TriClass-Cloud-FT,1411,1,1,0,0,0,0,0.8088884353637695
video20,TriClass-Cloud-FT,1412,1,1,0,0,0,0,0.7964712381362915
video20,TriClass-Cloud-FT,1413,1,1,0,0,0,0,0.8209933638572693
video20,TriClass-Cloud-FT,1414,1,1,0,0,0,0,0.8599128127098083
video20,TriClass-Cloud-FT,1415,1,1,0,0,0,0,0.8201441168785095
video20,TriClass-Cloud-FT,1416,1,1,0,0,0,0,0.8443359732627869
video20,TriClass-Cloud-FT,1417,1,1,0,0,0,0,0.8264583945274353
video20,TriClass-Cloud-FT,1418,1,1,0,0,0,0,0.8172430992126465
video20,TriClass-Cloud-FT,1419,1,1,0,0,0,0,0.8268871307373047
video20,TriClass-Cloud-FT,1420,1,1,0,0,0,0,0.7215079665184021
video20,TriClass-Cloud-FT,1421,1,1,0,0,0,0,0.7732073068618774
video20,TriClass-Cloud-FT,1422,1,1,0,0,0,0,0.7484301924705505
video20,TriClass-Cloud-FT,1423,1,1,0,0,0,0,0.78365558385849
video20,TriClass-Cloud-FT,1424,1,1,0,0,0,0,0.8083443641662598
video20,TriClass-Cloud-FT,1425,1,1,0,0,0,0,0.827255129814148
video20,TriClass-Cloud-FT,1426,1,1,0,0,0,0,0.7869030237197876
video20,TriClass-Cloud-FT,1427,1,1,0,0,0,0,0.7934746742248535
video20,TriClass-Cloud-FT,1428,1,1,0,0,0,0,0.7965667843818665
video20,TriClass-Cloud-FT,1429,1,1,0,0,0,0,0.7997612953186035
video20,TriClass-Cloud-FT,1430,1,1,0,0,0,0,0.7398273348808289
video20,TriClass-Cloud-FT,1431,1,1,0,0,0,0,0.7670643329620361
video20,TriClass-Cloud-FT,1432,1,1,0,0,0,0,0.7854396104812622
video20,TriClass-Cloud-FT,1433,1,1,0,0,0,0,0.7847489714622498
video20,TriClass-Cloud-FT,1434,1,1,0,0,0,0,0.768002986907959
video20,TriClass-Cloud-FT,1435,1,1,0,0,0,0,0.8084768652915955
video20,TriClass-Cloud-FT,1436,1,1,0,0,0,0,0.7874689698219299
video20,TriClass-Cloud-FT,1437,1,1,0,0,0,0,0.8161666989326477
video20,TriClass-Cloud-FT,1438,1,1,0,0,0,0,0.8013275861740112
video20,TriClass-Cloud-FT,1439,1,1,0,0,0,0,0.7839868664741516
video20,TriClass-Cloud-FT,1440,1,1,0,0,0,0,0.7801129817962646
video20,TriClass-Cloud-FT,1441,1,1,0,0,0,0,0.8253498077392578
video20,TriClass-Cloud-FT,1442,1,1,0,0,0,0,0.7380658984184265
video20,TriClass-Cloud-FT,1443,1,1,0,0,0,0,0.7312254309654236
video20,TriClass-Cloud-FT,1444,1,1,0,0,0,0,0.7075181603431702
video20,TriClass-Cloud-FT,1445,1,1,0,0,0,0,0.7273982763290405
video20,TriClass-Cloud-FT,1446,1,1,0,0,0,0,0.6719580292701721
video20,TriClass-Cloud-FT,1447,1,1,0,0,0,0,0.7368082404136658
video20,TriClass-Cloud-FT,1448,1,1,0,0,0,0,0.7138689160346985
video20,TriClass-Cloud-FT,1449,1,1,0,0,0,0,0.528005838394165
video20,TriClass-Cloud-FT,1450,1,1,0,0,0,0,0.7587271332740784
video20,TriClass-Cloud-FT,1451,1,1,0,0,0,0,0.7753826379776001
video20,TriClass-Cloud-FT,1452,1,1,0,0,0,0,0.7559934258460999
video20,TriClass-Cloud-FT,1453,1,1,0,0,0,0,0.769636332988739
video20,TriClass-Cloud-FT,1454,1,1,0,0,0,0,0.7702975869178772
video20,TriClass-Cloud-FT,1455,1,1,0,0,0,0,0.7289392352104187
video20,TriClass-Cloud-FT,1456,1,1,0,0,0,0,0.7362083792686462
video20,TriClass-Cloud-FT,1457,1,1,0,0,0,0,0.7801401019096375
video20,TriClass-Cloud-FT,1458,1,1,0,0,0,0,0.6846461296081543
video20,TriClass-Cloud-FT,1459,0,0,0,0,0,0,0.0
video20,TriClass-Cloud-FT,1460,1,1,0,0,0,0,0.7852107882499695
video20,TriClass-Cloud-FT,1461,0,0,0,0,0,0,0.0
video20,TriClass-Cloud-FT,1462,0,0,0,0,0,0,0.0
video20,TriClass-Cloud-FT,1463,1,1,0,0,0,0,0.4422161281108856
video20,TriClass-Cloud-FT,1464,1,1,0,0,0,0,0.6702780723571777
video20,TriClass-Cloud-FT,1465,1,1,0,0,0,0,0.8269753456115723
video20,TriClass-Cloud-FT,1466,1,1,0,0,0,0,0.7122482061386108
video20,TriClass-Cloud-FT,1467,0,0,0,0,0,0,0.0
video20,TriClass-Cloud-FT,1468,0,0,0,0,0,0,0.0
video20,TriClass-Cloud-FT,1469,0,0,0,0,0,0,0.0
video20,TriClass-Cloud-FT,1470,1,1,0,0,0,0,0.6527374982833862
video20,TriClass-Cloud-FT,1471,1,1,0,0,0,0,0.8636931777000427
video20,TriClass-Cloud-FT,1472,1,1,0,0,0,0,0.8215398788452148
video20,TriClass-Cloud-FT,1473,1,1,0,0,0,0,0.7995569705963135
video20,TriClass-Cloud-FT,1474,0,0,0,0,0,0,0.0
video20,TriClass-Cloud-FT,1475,0,0,0,0,0,0,0.0
video20,TriClass-Cloud-FT,1476,0,0,0,0,0,0,0.0
video20,TriClass-Cloud-FT,1477,1,1,0,0,1,0,0.31738966703414917
video20,TriClass-Cloud-FT,1478,1,1,0,0,1,0,0.2827617824077606
video20,TriClass-Cloud-FT,1479,1,1,0,0,0,0,0.788334846496582
video20,TriClass-Cloud-FT,1480,1,1,0,0,0,0,0.7793198823928833
video20,TriClass-Cloud-FT,1481,1,1,0,0,0,0,0.7769235372543335
video20,TriClass-Cloud-FT,1482,1,1,0,0,0,0,0.7637658715248108
video20,TriClass-Cloud-FT,1483,1,1,0,0,0,0,0.6250211596488953
video20,TriClass-Cloud-FT,1484,1,1,0,0,0,0,0.774201512336731
video20,TriClass-Cloud-FT,1485,1,1,0,0,0,0,0.6662359833717346
video20,TriClass-Cloud-FT,1486,0,0,0,0,0,0,0.0
video20,TriClass-Cloud-FT,1487,1,1,0,0,0,0,0.6844688057899475
video20,TriClass-Cloud-FT,1488,1,1,0,0,0,0,0.861847996711731
video20,TriClass-Cloud-FT,1489,1,1,0,0,0,0,0.8509756922721863
video20,TriClass-Cloud-FT,1490,2,2,0,0,0,0,0.49916383624076843
video20,TriClass-Cloud-FT,1491,1,1,0,0,0,0,0.8466140627861023
video20,TriClass-Cloud-FT,1492,2,2,0,0,0,0,0.5725650191307068
video20,TriClass-Cloud-FT,1493,0,0,0,0,0,0,0.0
video20,TriClass-Cloud-FT,1494,1,1,0,0,0,0,0.452130526304245
video20,TriClass-Cloud-FT,1495,2,2,0,0,1,0,0.4898044764995575
video20,TriClass-Cloud-FT,1496,2,2,0,0,2,0,0.2753314673900604
video20,TriClass-Cloud-FT,1497,1,1,0,0,0,0,0.597521185874939
video20,TriClass-Cloud-FT,1498,1,1,0,0,0,0,0.6460596919059753
video20,TriClass-Cloud-FT,1499,1,1,0,0,0,0,0.7779171466827393
video20,TriClass-Cloud-FT,1500,1,1,0,0,0,0,0.6677361726760864
video20,TriClass-Cloud-FT,1501,1,1,0,0,0,0,0.7350239753723145
video20,TriClass-Cloud-FT,1502,1,1,0,0,0,0,0.798137903213501
video20,TriClass-Cloud-FT,1503,1,1,0,0,0,0,0.7846890687942505
video20,TriClass-Cloud-FT,1504,1,1,0,0,0,0,0.8245720267295837
video20,TriClass-Cloud-FT,1505,1,1,0,0,0,0,0.7605827450752258
video20,TriClass-Cloud-FT,1506,1,1,0,0,0,0,0.8429912328720093
video20,TriClass-Cloud-FT,1507,1,1,0,0,0,0,0.8372775316238403
video20,TriClass-Cloud-FT,1508,1,1,0,0,0,0,0.8693284392356873
video20,TriClass-Cloud-FT,1509,1,1,0,0,0,0,0.8717193007469177
video20,TriClass-Cloud-FT,1510,1,1,0,0,0,0,0.8521384000778198
video20,TriClass-Cloud-FT,1511,1,1,0,0,0,0,0.8778830766677856
video20,TriClass-Cloud-FT,1512,1,1,0,0,0,0,0.87839674949646
video20,TriClass-Cloud-FT,1513,1,1,0,0,0,0,0.8987746238708496
video20,TriClass-Cloud-FT,1514,1,1,0,0,0,0,0.863190770149231
video20,TriClass-Cloud-FT,1515,1,1,0,0,0,0,0.8519898653030396
video20,TriClass-Cloud-FT,1516,1,1,0,0,0,0,0.8681252002716064
video20,TriClass-Cloud-FT,1517,1,1,0,0,0,0,0.8602825403213501
video20,TriClass-Cloud-FT,1518,1,1,0,0,0,0,0.8607568144798279
video20,TriClass-Cloud-FT,1519,1,1,0,0,0,0,0.8655989170074463
video20,TriClass-Cloud-FT,1520,1,1,0,0,0,0,0.8729965090751648
video20,TriClass-Cloud-FT,1521,1,1,0,0,0,0,0.8685181140899658
video20,TriClass-Cloud-FT,1522,1,1,0,0,0,0,0.8946345448493958
video20,TriClass-Cloud-FT,1523,1,1,0,0,0,0,0.8652080297470093
video20,TriClass-Cloud-FT,1524,1,1,0,0,0,0,0.8642914295196533
video20,TriClass-Cloud-FT,1525,1,1,0,0,0,0,0.8395435214042664
video20,TriClass-Cloud-FT,1526,1,1,0,0,0,0,0.8446504473686218
video20,TriClass-Cloud-FT,1527,1,1,0,0,0,0,0.8340732455253601
video20,TriClass-Cloud-FT,1528,1,1,0,0,0,0,0.8560011982917786
video20,TriClass-Cloud-FT,1529,1,1,0,0,0,0,0.8391571044921875
video20,TriClass-Cloud-FT,1530,1,1,0,0,0,0,0.839165985584259
video20,TriClass-Cloud-FT,1531,1,1,0,0,0,0,0.8213149905204773
video20,TriClass-Cloud-FT,1532,1,1,0,0,0,0,0.848330557346344
video20,TriClass-Cloud-FT,1533,1,1,0,0,0,0,0.8453536033630371
video20,TriClass-Cloud-FT,1534,1,1,0,0,0,0,0.8729845285415649
video20,TriClass-Cloud-FT,1535,1,1,0,0,0,0,0.8631137609481812
video20,TriClass-Cloud-FT,1536,1,1,0,0,0,0,0.8506966233253479
video20,TriClass-Cloud-FT,1537,1,1,0,0,0,0,0.8444395661354065
video20,TriClass-Cloud-FT,1538,1,1,0,0,0,0,0.8285080790519714
video20,TriClass-Cloud-FT,1539,1,1,0,0,0,0,0.8381086587905884
video20,TriClass-Cloud-FT,1540,1,1,0,0,0,0,0.8482739329338074
video20,TriClass-Cloud-FT,1541,1,1,0,0,0,0,0.8379412293434143
video20,TriClass-Cloud-FT,1542,1,1,0,0,0,0,0.8377991318702698
video20,TriClass-Cloud-FT,1543,1,1,0,0,0,0,0.8553026914596558
video20,TriClass-Cloud-FT,1544,1,1,0,0,0,0,0.8578751087188721
video20,TriClass-Cloud-FT,1545,1,1,0,0,0,0,0.8550610542297363
video20,TriClass-Cloud-FT,1546,1,1,0,0,0,0,0.8362934589385986
video20,TriClass-Cloud-FT,1547,1,1,0,0,0,0,0.8287718892097473
video20,TriClass-Cloud-FT,1548,1,1,0,0,0,0,0.8238914608955383
video20,TriClass-Cloud-FT,1549,1,1,0,0,0,0,0.8492287993431091
video20,TriClass-Cloud-FT,1550,1,1,0,0,0,0,0.862404465675354
video20,TriClass-Cloud-FT,1551,1,1,0,0,0,0,0.6538840532302856
video20,TriClass-Cloud-FT,1552,1,1,0,0,0,0,0.8515896797180176
video20,TriClass-Cloud-FT,1553,1,1,0,0,0,0,0.8327021598815918
video20,TriClass-Cloud-FT,1554,1,1,0,0,0,0,0.8348417282104492
video20,TriClass-Cloud-FT,1555,1,1,0,0,0,0,0.8561097979545593
video20,TriClass-Cloud-FT,1556,1,1,0,0,0,0,0.8558099269866943
video20,TriClass-Cloud-FT,1557,1,1,0,0,0,0,0.8667786121368408
video20,TriClass-Cloud-FT,1558,1,1,0,0,0,0,0.8492675423622131
video20,TriClass-Cloud-FT,1559,1,1,0,0,0,0,0.8573145866394043
video20,TriClass-Cloud-FT,1560,1,1,0,0,0,0,0.8039391040802002
video20,TriClass-Cloud-FT,1561,1,1,0,0,0,0,0.8414056301116943
video20,TriClass-Cloud-FT,1562,1,1,0,0,0,0,0.8348199129104614
video20,TriClass-Cloud-FT,1563,1,1,0,0,0,0,0.8521175384521484
video20,TriClass-Cloud-FT,1564,1,1,0,0,0,0,0.8695471286773682
video20,TriClass-Cloud-FT,1565,1,1,0,0,0,0,0.8167545795440674
video20,TriClass-Cloud-FT,1566,1,1,0,0,0,0,0.7467013001441956
video20,TriClass-Cloud-FT,1567,1,1,0,0,0,0,0.8440417647361755
video20,TriClass-Cloud-FT,1568,1,1,0,0,0,0,0.8210019469261169
video20,TriClass-Cloud-FT,1569,1,1,0,0,0,0,0.8428341150283813
video20,TriClass-Cloud-FT,1570,1,1,0,0,0,0,0.7138580083847046
video20,TriClass-Cloud-FT,1571,1,1,0,0,0,0,0.8257143497467041
video20,TriClass-Cloud-FT,1572,1,1,0,0,0,0,0.781193733215332
video20,TriClass-Cloud-FT,1573,1,1,0,0,0,0,0.8550108671188354
video20,TriClass-Cloud-FT,1574,1,1,0,0,0,0,0.8518064022064209
video20,TriClass-Cloud-FT,1575,1,1,0,0,0,0,0.8411532640457153
video20,TriClass-Cloud-FT,1576,1,1,0,0,0,0,0.8282284736633301
video20,TriClass-Cloud-FT,1577,1,1,0,0,0,0,0.8349530696868896
video20,TriClass-Cloud-FT,1578,1,1,0,0,0,0,0.8188002109527588
video20,TriClass-Cloud-FT,1579,1,1,0,0,0,0,0.8591600060462952
video20,TriClass-Cloud-FT,1580,1,1,0,0,0,0,0.8377582430839539
video20,TriClass-Cloud-FT,1581,1,1,0,0,0,0,0.8321377635002136
video20,TriClass-Cloud-FT,1582,1,1,0,0,0,0,0.8007918000221252
video20,TriClass-Cloud-FT,1583,1,1,0,0,0,0,0.8090188503265381
video20,TriClass-Cloud-FT,1584,1,1,0,0,0,0,0.8055978417396545
video20,TriClass-Cloud-FT,1585,1,1,0,0,0,0,0.7925678491592407
video20,TriClass-Cloud-FT,1586,1,1,0,0,0,0,0.7693096399307251
video20,TriClass-Cloud-FT,1587,1,1,0,0,0,0,0.8465872406959534
video20,TriClass-Cloud-FT,1588,1,1,0,0,0,0,0.7667425274848938
video20,TriClass-Cloud-FT,1589,1,1,0,0,0,0,0.7880046367645264
video20,TriClass-Cloud-FT,1590,1,1,0,0,0,0,0.778605580329895
video20,TriClass-Cloud-FT,1591,1,1,0,0,0,0,0.7963707447052002
video20,TriClass-Cloud-FT,1592,1,1,0,0,0,0,0.7491306066513062
video20,TriClass-Cloud-FT,1593,1,1,0,0,0,0,0.7747548818588257
video20,TriClass-Cloud-FT,1594,1,1,0,0,0,0,0.8143262267112732
video20,TriClass-Cloud-FT,1595,1,1,0,0,0,0,0.8179991841316223
video20,TriClass-Cloud-FT,1596,1,1,0,0,0,0,0.781951904296875
video20,TriClass-Cloud-FT,1597,1,1,0,0,0,0,0.7686246633529663
video20,TriClass-Cloud-FT,1598,1,1,0,0,0,0,0.8280893564224243
video20,TriClass-Cloud-FT,1599,1,1,0,0,0,0,0.8239343166351318
video20,TriClass-Cloud-FT,1600,1,1,0,0,0,0,0.8420240879058838
video20,TriClass-Cloud-FT,1601,1,1,0,0,0,0,0.8167195916175842
video20,TriClass-Cloud-FT,1602,1,1,0,0,0,0,0.8343449831008911
video20,TriClass-Cloud-FT,1603,1,1,0,0,0,0,0.8312589526176453
video20,TriClass-Cloud-FT,1604,1,1,0,0,0,0,0.7930214405059814
video20,TriClass-Cloud-FT,1605,1,1,0,0,0,0,0.7809582352638245
video20,TriClass-Cloud-FT,1606,1,1,0,0,0,0,0.7898089289665222
video20,TriClass-Cloud-FT,1607,1,1,0,0,0,0,0.7845383286476135
video20,TriClass-Cloud-FT,1608,1,1,0,0,0,0,0.766025722026825
video20,TriClass-Cloud-FT,1609,1,1,0,0,0,0,0.8155579566955566
video20,TriClass-Cloud-FT,1610,1,1,0,0,0,0,0.8384984135627747
video20,TriClass-Cloud-FT,1611,1,1,0,0,0,0,0.7929835319519043
video20,TriClass-Cloud-FT,1612,1,1,0,0,0,0,0.7738826274871826
video20,TriClass-Cloud-FT,1613,1,1,0,0,0,0,0.7134857773780823
video20,TriClass-Cloud-FT,1614,1,1,0,0,0,0,0.6988717913627625
video20,TriClass-Cloud-FT,1615,1,1,0,0,0,0,0.7655659914016724
video20,TriClass-Cloud-FT,1616,1,1,0,0,0,0,0.733135461807251
video20,TriClass-Cloud-FT,1617,1,1,0,0,0,0,0.48476096987724304
video20,TriClass-Cloud-FT,1618,1,1,0,0,0,0,0.7096357941627502
video20,TriClass-Cloud-FT,1619,1,1,0,0,0,0,0.7593401074409485
video20,TriClass-Cloud-FT,1620,1,1,0,0,0,0,0.7875598073005676
video20,TriClass-Cloud-FT,1621,1,1,0,0,0,0,0.7994533181190491
video20,TriClass-Cloud-FT,1622,1,1,0,0,0,0,0.7947196960449219
video20,TriClass-Cloud-FT,1623,1,1,0,0,0,0,0.8187741637229919
video20,TriClass-Cloud-FT,1624,1,1,0,0,0,0,0.781677782535553
video20,TriClass-Cloud-FT,1625,1,1,0,0,0,0,0.8106470108032227
video20,TriClass-Cloud-FT,1626,1,1,0,0,0,0,0.8176777362823486
video20,TriClass-Cloud-FT,1627,1,1,0,0,0,0,0.8005732297897339
video20,TriClass-Cloud-FT,1628,1,1,0,0,0,0,0.8374658226966858
video20,TriClass-Cloud-FT,1629,1,1,0,0,0,0,0.7743707895278931
video20,TriClass-Cloud-FT,1630,1,1,0,0,0,0,0.8199597597122192
video20,TriClass-Cloud-FT,1631,1,1,0,0,0,0,0.8073475360870361
video20,TriClass-Cloud-FT,1632,1,1,0,0,0,0,0.8273428678512573
video20,TriClass-Cloud-FT,1633,1,1,0,0,0,0,0.7756015062332153
video20,TriClass-Cloud-FT,1634,1,1,0,0,0,0,0.7982909083366394
