video,model,frame,detections,drone_det,bird_det,false_class,low_conf_fp,tp_iou,max_conf
video07,TriClass-Cloud-FT,0,1,1,0,0,0,1,0.9026442766189575
video07,TriClass-Cloud-FT,1,1,1,0,0,0,0,0.8578804135322571
video07,TriClass-Cloud-FT,2,1,1,0,0,0,0,0.7006482481956482
video07,TriClass-Cloud-FT,3,1,1,0,0,0,0,0.9215893745422363
video07,TriClass-Cloud-FT,4,1,1,0,0,0,0,0.8750248551368713
video07,TriClass-Cloud-FT,5,1,1,0,0,0,0,0.9228146076202393
video07,TriClass-Cloud-FT,6,1,1,0,0,0,0,0.916027307510376
video07,TriClass-Cloud-FT,7,1,1,0,0,0,0,0.8800574541091919
video07,TriClass-Cloud-FT,8,1,1,0,0,0,0,0.916579008102417
video07,TriClass-Cloud-FT,9,1,1,0,0,0,0,0.846153974533081
video07,TriClass-Cloud-FT,10,1,1,0,0,0,0,0.9045752286911011
video07,TriClass-Cloud-FT,11,1,1,0,0,0,0,0.9149764776229858
video07,TriClass-Cloud-FT,12,1,1,0,0,0,0,0.9144690036773682
video07,TriClass-Cloud-FT,13,1,1,0,0,0,0,0.9276374578475952
video07,TriClass-Cloud-FT,14,1,1,0,0,0,0,0.8690783977508545
video07,TriClass-Cloud-FT,15,1,1,0,0,0,0,0.906218945980072
video07,TriClass-Cloud-FT,16,1,1,0,0,0,0,0.910936176776886
video07,TriClass-Cloud-FT,17,1,1,0,0,0,0,0.8990455269813538
video07,TriClass-Cloud-FT,18,1,1,0,0,0,0,0.7435031533241272
video07,TriClass-Cloud-FT,19,1,1,0,0,0,0,0.9096696972846985
video07,TriClass-Cloud-FT,20,1,1,0,0,0,0,0.9140936136245728
video07,TriClass-Cloud-FT,21,1,1,0,0,0,0,0.9296486377716064
video07,TriClass-Cloud-FT,22,1,1,0,0,0,0,0.9218093752861023
video07,TriClass-Cloud-FT,23,1,1,0,0,0,0,0.92926025390625
video07,TriClass-Cloud-FT,24,1,1,0,0,0,0,0.9234588742256165
video07,TriClass-Cloud-FT,25,1,1,0,0,0,0,0.9169521331787109
video07,TriClass-Cloud-FT,26,1,1,0,0,0,0,0.8936848044395447
video07,TriClass-Cloud-FT,27,1,1,0,0,0,0,0.7797995805740356
video07,TriClass-Cloud-FT,28,1,1,0,0,0,0,0.9227298498153687
video07,TriClass-Cloud-FT,29,1,1,0,0,0,0,0.9229110479354858
video07,TriClass-Cloud-FT,30,1,1,0,0,0,0,0.36146488785743713
video07,TriClass-Cloud-FT,31,1,1,0,0,0,0,0.9186349511146545
video07,TriClass-Cloud-FT,32,1,1,0,0,0,0,0.9179439544677734
video07,TriClass-Cloud-FT,33,1,1,0,0,0,0,0.8922067284584045
video07,TriClass-Cloud-FT,34,1,1,0,0,0,0,0.9036303162574768
video07,TriClass-Cloud-FT,35,1,1,0,0,0,0,0.9014126062393188
video07,TriClass-Cloud-FT,36,1,1,0,0,0,0,0.9167638421058655
video07,TriClass-Cloud-FT,37,1,1,0,0,0,0,0.8452895879745483
video07,TriClass-Cloud-FT,38,1,1,0,0,0,0,0.8488940596580505
video07,TriClass-Cloud-FT,39,1,1,0,0,0,0,0.7289929389953613
video07,TriClass-Cloud-FT,40,1,1,0,0,0,0,0.8388778567314148
video07,TriClass-Cloud-FT,41,1,1,0,0,0,0,0.8379970788955688
video07,TriClass-Cloud-FT,42,1,1,0,0,0,0,0.9063634872436523
video07,TriClass-Cloud-FT,43,1,1,0,0,0,0,0.9109176397323608
video07,TriClass-Cloud-FT,44,1,1,0,0,0,0,0.9109985828399658
video07,TriClass-Cloud-FT,45,1,1,0,0,0,0,0.9141342639923096
video07,TriClass-Cloud-FT,46,1,1,0,0,0,0,0.9385943412780762
video07,TriClass-Cloud-FT,47,1,1,0,0,0,0,0.8953533172607422
video07,TriClass-Cloud-FT,48,1,1,0,0,0,0,0.9021173715591431
video07,TriClass-Cloud-FT,49,2,2,0,0,0,0,0.7614383697509766
video07,TriClass-Cloud-FT,50,1,1,0,0,0,0,0.8992811441421509
video07,TriClass-Cloud-FT,51,1,1,0,0,0,0,0.8988744020462036
video07,TriClass-Cloud-FT,52,1,1,0,0,0,0,0.900427520275116
video07,TriClass-Cloud-FT,53,1,1,0,0,0,0,0.891049861907959
video07,TriClass-Cloud-FT,54,1,1,0,0,0,0,0.8909587860107422
video07,TriClass-Cloud-FT,55,1,1,0,0,0,0,0.9131640195846558
video07,TriClass-Cloud-FT,56,1,1,0,0,0,0,0.8163653612136841
video07,TriClass-Cloud-FT,57,1,1,0,0,0,0,0.8094149827957153
video07,TriClass-Cloud-FT,58,1,1,0,0,0,0,0.8943925499916077
video07,TriClass-Cloud-FT,59,1,1,0,0,0,0,0.9287772178649902
video07,TriClass-Cloud-FT,60,1,1,0,0,0,0,0.9285998344421387
video07,TriClass-Cloud-FT,61,1,1,0,0,0,0,0.9318076968193054
video07,TriClass-Cloud-FT,62,1,1,0,0,0,0,0.5240314602851868
video07,TriClass-Cloud-FT,63,1,1,0,0,0,0,0.4505581557750702
video07,TriClass-Cloud-FT,64,1,1,0,0,0,0,0.900916576385498
video07,TriClass-Cloud-FT,65,1,1,0,0,0,0,0.8993055820465088
video07,TriClass-Cloud-FT,66,1,1,0,0,0,0,0.9075708985328674
video07,TriClass-Cloud-FT,67,1,1,0,0,0,0,0.9088131189346313
video07,TriClass-Cloud-FT,68,1,1,0,0,0,0,0.8360599875450134
video07,TriClass-Cloud-FT,69,1,1,0,0,0,0,0.8793189525604248
video07,TriClass-Cloud-FT,70,1,1,0,0,0,0,0.8798726201057434
video07,TriClass-Cloud-FT,71,1,1,0,0,0,0,0.9125721454620361
video07,TriClass-Cloud-FT,72,1,1,0,0,0,0,0.9133557677268982
video07,TriClass-Cloud-FT,73,1,1,0,0,0,0,0.9138641953468323
video07,TriClass-Cloud-FT,74,1,1,0,0,0,0,0.9274935722351074
video07,TriClass-Cloud-FT,75,1,1,0,0,0,0,0.9143185019493103
video07,TriClass-Cloud-FT,76,1,1,0,0,0,0,0.9140977263450623
video07,TriClass-Cloud-FT,77,1,1,0,0,0,0,0.7085356712341309
video07,TriClass-Cloud-FT,78,1,1,0,0,0,0,0.9104121923446655
video07,TriClass-Cloud-FT,79,1,1,0,0,0,0,0.909069299697876
video07,TriClass-Cloud-FT,80,2,2,0,0,0,0,0.7219545841217041
video07,TriClass-Cloud-FT,81,1,1,0,0,0,0,0.810765266418457
video07,TriClass-Cloud-FT,82,1,1,0,0,0,0,0.8129204511642456
video07,TriClass-Cloud-FT,83,1,1,0,0,0,0,0.8520551919937134
video07,TriClass-Cloud-FT,84,2,2,0,0,1,0,0.8329021334648132
video07,TriClass-Cloud-FT,85,1,1,0,0,0,0,0.7453741431236267
video07,TriClass-Cloud-FT,86,2,2,0,0,1,0,0.7132152915000916
video07,TriClass-Cloud-FT,87,1,1,0,0,0,0,0.9171544313430786
video07,TriClass-Cloud-FT,88,1,1,0,0,0,0,0.8328722715377808
video07,TriClass-Cloud-FT,89,1,1,0,0,0,0,0.7624410390853882
video07,TriClass-Cloud-FT,90,1,1,0,0,0,0,0.667629063129425
video07,TriClass-Cloud-FT,91,2,2,0,0,0,0,0.8420321345329285
video07,TriClass-Cloud-FT,92,1,1,0,0,0,0,0.8881129622459412
video07,TriClass-Cloud-FT,93,2,2,0,0,0,0,0.5898933410644531
video07,TriClass-Cloud-FT,94,1,1,0,0,0,0,0.8341144323348999
video07,TriClass-Cloud-FT,95,1,1,0,0,0,0,0.7292410135269165
video07,TriClass-Cloud-FT,96,1,1,0,0,0,0,0.5644677877426147
video07,TriClass-Cloud-FT,97,1,1,0,0,0,0,0.37181171774864197
video07,TriClass-Cloud-FT,98,1,1,0,0,0,0,0.5778011083602905
video07,TriClass-Cloud-FT,99,2,2,0,0,0,0,0.7644824385643005
video07,TriClass-Cloud-FT,100,2,2,0,0,0,0,0.7720365524291992
video07,TriClass-Cloud-FT,101,1,1,0,0,0,0,0.9076729416847229
video07,TriClass-Cloud-FT,102,1,1,0,0,0,0,0.9093891978263855
video07,TriClass-Cloud-FT,103,1,1,0,0,0,0,0.7097949385643005
video07,TriClass-Cloud-FT,104,1,1,0,0,0,0,0.8933874368667603
video07,TriClass-Cloud-FT,105,2,2,0,0,0,0,0.9096525311470032
video07,TriClass-Cloud-FT,106,2,2,0,0,1,0,0.8573495149612427
video07,TriClass-Cloud-FT,107,1,1,0,0,0,0,0.8724436163902283
video07,TriClass-Cloud-FT,108,1,1,0,0,0,0,0.8370873332023621
video07,TriClass-Cloud-FT,109,1,1,0,0,0,0,0.7347006797790527
video07,TriClass-Cloud-FT,110,1,1,0,0,0,0,0.7594732046127319
video07,TriClass-Cloud-FT,111,1,1,0,0,0,0,0.5352563858032227
video07,TriClass-Cloud-FT,112,1,1,0,0,0,0,0.9214276075363159
video07,TriClass-Cloud-FT,113,1,1,0,0,0,0,0.9264040589332581
video07,TriClass-Cloud-FT,114,2,2,0,0,0,0,0.7088912725448608
video07,TriClass-Cloud-FT,115,2,2,0,0,0,0,0.8661608099937439
video07,TriClass-Cloud-FT,116,1,1,0,0,0,0,0.8627461194992065
video07,TriClass-Cloud-FT,117,1,1,0,0,0,0,0.7820681929588318
video07,TriClass-Cloud-FT,118,2,2,0,0,0,0,0.7510032057762146
video07,TriClass-Cloud-FT,119,1,1,0,0,0,0,0.907931923866272
video07,TriClass-Cloud-FT,120,1,1,0,0,0,0,0.8090983033180237
video07,TriClass-Cloud-FT,121,1,1,0,0,0,0,0.7690998911857605
video07,TriClass-Cloud-FT,122,1,1,0,0,0,0,0.8477808833122253
video07,TriClass-Cloud-FT,123,2,2,0,0,0,0,0.8538219928741455
video07,TriClass-Cloud-FT,124,1,1,0,0,0,0,0.9355406165122986
video07,TriClass-Cloud-FT,125,2,2,0,0,0,0,0.6723951101303101
video07,TriClass-Cloud-FT,126,1,1,0,0,0,0,0.7496944069862366
video07,TriClass-Cloud-FT,127,1,1,0,0,0,0,0.9207301735877991
video07,TriClass-Cloud-FT,128,1,1,0,0,0,0,0.8801751732826233
video07,TriClass-Cloud-FT,129,2,2,0,0,0,0,0.4087507724761963
video07,TriClass-Cloud-FT,130,1,1,0,0,0,0,0.8562009930610657
video07,TriClass-Cloud-FT,131,1,1,0,0,0,0,0.607441782951355
video07,TriClass-Cloud-FT,132,1,1,0,0,0,0,0.9201725721359253
video07,TriClass-Cloud-FT,133,1,1,0,0,0,0,0.7952072620391846
video07,TriClass-Cloud-FT,134,1,1,0,0,0,0,0.4727867543697357
video07,TriClass-Cloud-FT,135,1,1,0,0,0,0,0.9302440881729126
video07,TriClass-Cloud-FT,136,1,1,0,0,0,0,0.9334169626235962
video07,TriClass-Cloud-FT,137,1,1,0,0,0,0,0.9187250137329102
video07,TriClass-Cloud-FT,138,1,1,0,0,0,0,0.9179726839065552
video07,TriClass-Cloud-FT,139,1,1,0,0,0,0,0.9157211184501648
video07,TriClass-Cloud-FT,140,1,1,0,0,0,0,0.8593087196350098
video07,TriClass-Cloud-FT,141,2,2,0,0,0,0,0.893916130065918
video07,TriClass-Cloud-FT,142,1,1,0,0,0,0,0.5778902173042297
video07,TriClass-Cloud-FT,143,1,1,0,0,0,0,0.5349660515785217
video07,TriClass-Cloud-FT,144,1,1,0,0,0,0,0.8832104206085205
video07,TriClass-Cloud-FT,145,1,1,0,0,0,0,0.923695981502533
video07,TriClass-Cloud-FT,146,1,1,0,0,0,0,0.9023612141609192
video07,TriClass-Cloud-FT,147,1,1,0,0,0,0,0.9186081886291504
video07,TriClass-Cloud-FT,148,1,1,0,0,0,0,0.914832592010498
video07,TriClass-Cloud-FT,149,2,2,0,0,1,0,0.5972152352333069
video07,TriClass-Cloud-FT,150,1,1,0,0,0,0,0.9198111891746521
video07,TriClass-Cloud-FT,151,1,1,0,0,0,0,0.8642148971557617
video07,TriClass-Cloud-FT,152,1,1,0,0,0,0,0.8510595560073853
video07,TriClass-Cloud-FT,153,2,2,0,0,1,0,0.8073754906654358
video07,TriClass-Cloud-FT,154,1,1,0,0,0,0,0.9273630380630493
video07,TriClass-Cloud-FT,155,1,1,0,0,0,0,0.9143826961517334
video07,TriClass-Cloud-FT,156,1,1,0,0,0,0,0.9203774333000183
video07,TriClass-Cloud-FT,157,1,1,0,0,0,0,0.7099494338035583
video07,TriClass-Cloud-FT,158,2,2,0,0,1,0,0.7536699175834656
video07,TriClass-Cloud-FT,159,1,1,0,0,0,0,0.9301691651344299
video07,TriClass-Cloud-FT,160,1,1,0,0,0,0,0.9381029009819031
video07,TriClass-Cloud-FT,161,1,1,0,0,0,0,0.9394949078559875
video07,TriClass-Cloud-FT,162,1,1,0,0,0,0,0.9225930571556091
video07,TriClass-Cloud-FT,163,1,1,0,0,0,0,0.9142714738845825
video07,TriClass-Cloud-FT,164,1,1,0,0,0,0,0.9247463345527649
video07,TriClass-Cloud-FT,165,1,1,0,0,0,0,0.9286890029907227
video07,TriClass-Cloud-FT,166,1,1,0,0,0,0,0.9326099157333374
video07,TriClass-Cloud-FT,167,1,1,0,0,0,0,0.931447446346283
video07,TriClass-Cloud-FT,168,1,1,0,0,0,0,0.8982605934143066
video07,TriClass-Cloud-FT,169,1,1,0,0,0,0,0.9205614328384399
video07,TriClass-Cloud-FT,170,1,1,0,0,0,0,0.9130838513374329
video07,TriClass-Cloud-FT,171,1,1,0,0,0,0,0.9365804195404053
video07,TriClass-Cloud-FT,172,1,1,0,0,0,0,0.9152806997299194
video07,TriClass-Cloud-FT,173,1,1,0,0,0,0,0.9301485419273376
video07,TriClass-Cloud-FT,174,1,1,0,0,0,0,0.9323586821556091
video07,TriClass-Cloud-FT,175,1,1,0,0,0,0,0.9016368389129639
video07,TriClass-Cloud-FT,176,1,1,0,0,0,0,0.9234328269958496
video07,TriClass-Cloud-FT,177,1,1,0,0,0,0,0.9307910203933716
video07,TriClass-Cloud-FT,178,1,1,0,0,0,0,0.8832407593727112
video07,TriClass-Cloud-FT,179,1,1,0,0,0,0,0.8871966004371643
video07,TriClass-Cloud-FT,180,1,1,0,0,0,0,0.9296485185623169
video07,TriClass-Cloud-FT,181,1,1,0,0,0,0,0.90046626329422
video07,TriClass-Cloud-FT,182,1,1,0,0,0,0,0.9098768830299377
video07,TriClass-Cloud-FT,183,1,1,0,0,0,0,0.8923964500427246
video07,TriClass-Cloud-FT,184,1,1,0,0,0,0,0.9271794557571411
video07,TriClass-Cloud-FT,185,1,1,0,0,0,0,0.9240463376045227
video07,TriClass-Cloud-FT,186,1,1,0,0,0,0,0.9202795624732971
video07,TriClass-Cloud-FT,187,1,1,0,0,0,0,0.9286752343177795
video07,TriClass-Cloud-FT,188,1,1,0,0,0,0,0.9357955455780029
video07,TriClass-Cloud-FT,189,2,2,0,0,0,0,0.8801338076591492
video07,TriClass-Cloud-FT,190,1,1,0,0,0,0,0.9240490794181824
video07,TriClass-Cloud-FT,191,1,1,0,0,0,0,0.9350578784942627
video07,TriClass-Cloud-FT,192,2,2,0,0,0,0,0.7066186666488647
video07,TriClass-Cloud-FT,193,1,1,0,0,0,0,0.936678946018219
video07,TriClass-Cloud-FT,194,1,1,0,0,0,0,0.9413772821426392
video07,TriClass-Cloud-FT,195,1,1,0,0,0,0,0.9355296492576599
video07,TriClass-Cloud-FT,196,1,1,0,0,0,0,0.9109116196632385
video07,TriClass-Cloud-FT,197,1,1,0,0,0,0,0.9338552951812744
video07,TriClass-Cloud-FT,198,1,1,0,0,0,0,0.9245153665542603
video07,TriClass-Cloud-FT,199,1,1,0,0,0,0,0.93030846118927
video07,TriClass-Cloud-FT,200,1,1,0,0,0,0,0.7997890114784241
video07,TriClass-Cloud-FT,201,1,1,0,0,0,0,0.9279736280441284
video07,TriClass-Cloud-FT,202,1,1,0,0,0,0,0.9346362352371216
video07,TriClass-Cloud-FT,203,1,1,0,0,0,0,0.9111431241035461
video07,TriClass-Cloud-FT,204,1,1,0,0,0,0,0.9323156476020813
video07,TriClass-Cloud-FT,205,1,1,0,0,0,0,0.9197372794151306
video07,TriClass-Cloud-FT,206,2,2,0,0,0,0,0.8956979513168335
video07,TriClass-Cloud-FT,207,1,1,0,0,0,0,0.8507708311080933
video07,TriClass-Cloud-FT,208,1,1,0,0,0,0,0.9036704301834106
video07,TriClass-Cloud-FT,209,1,1,0,0,0,0,0.9127537608146667
video07,TriClass-Cloud-FT,210,1,1,0,0,0,0,0.9166591167449951
video07,TriClass-Cloud-FT,211,1,1,0,0,0,0,0.9270530343055725
video07,TriClass-Cloud-FT,212,1,1,0,0,0,0,0.9220139384269714
video07,TriClass-Cloud-FT,213,1,1,0,0,0,0,0.9341161847114563
video07,TriClass-Cloud-FT,214,1,1,0,0,0,0,0.9262933731079102
video07,TriClass-Cloud-FT,215,1,1,0,0,0,0,0.9124912023544312
video07,TriClass-Cloud-FT,216,1,1,0,0,0,0,0.9281452298164368
video07,TriClass-Cloud-FT,217,2,2,0,0,1,0,0.8549389243125916
video07,TriClass-Cloud-FT,218,1,1,0,0,0,0,0.9165791869163513
video07,TriClass-Cloud-FT,219,1,1,0,0,0,0,0.935698926448822
video07,TriClass-Cloud-FT,220,1,1,0,0,0,0,0.9046261310577393
video07,TriClass-Cloud-FT,221,1,1,0,0,0,0,0.8931403160095215
video07,TriClass-Cloud-FT,222,1,1,0,0,0,0,0.9268050789833069
video07,TriClass-Cloud-FT,223,1,1,0,0,0,0,0.9352144598960876
video07,TriClass-Cloud-FT,224,1,1,0,0,0,0,0.9367328882217407
video07,TriClass-Cloud-FT,225,1,1,0,0,0,0,0.9275015592575073
video07,TriClass-Cloud-FT,226,1,1,0,0,0,0,0.9386067390441895
video07,TriClass-Cloud-FT,227,1,1,0,0,0,0,0.9349368810653687
video07,TriClass-Cloud-FT,228,1,1,0,0,0,0,0.9325265884399414
video07,TriClass-Cloud-FT,229,1,1,0,0,0,0,0.9321506023406982
video07,TriClass-Cloud-FT,230,1,1,0,0,0,0,0.9346036314964294
video07,TriClass-Cloud-FT,231,1,1,0,0,0,0,0.9357330203056335
video07,TriClass-Cloud-FT,232,1,1,0,0,0,0,0.9350716471672058
video07,TriClass-Cloud-FT,233,1,1,0,0,0,0,0.9364929795265198
video07,TriClass-Cloud-FT,234,1,1,0,0,0,0,0.9399877786636353
video07,TriClass-Cloud-FT,235,1,1,0,0,0,0,0.9288747310638428
video07,TriClass-Cloud-FT,236,1,1,0,0,0,0,0.9338887333869934
video07,TriClass-Cloud-FT,237,1,1,0,0,0,0,0.9335781931877136
video07,TriClass-Cloud-FT,238,1,1,0,0,0,0,0.9285281896591187
video07,TriClass-Cloud-FT,239,1,1,0,0,0,0,0.9315016269683838
video07,TriClass-Cloud-FT,240,1,1,0,0,0,0,0.935337483882904
video07,TriClass-Cloud-FT,241,1,1,0,0,0,0,0.9223592877388
video07,TriClass-Cloud-FT,242,1,1,0,0,0,0,0.9377329349517822
video07,TriClass-Cloud-FT,243,1,1,0,0,0,0,0.9283642172813416
video07,TriClass-Cloud-FT,244,1,1,0,0,0,0,0.9349321126937866
video07,TriClass-Cloud-FT,245,1,1,0,0,0,0,0.9322890043258667
video07,TriClass-Cloud-FT,246,1,1,0,0,0,0,0.9348481297492981
video07,TriClass-Cloud-FT,247,2,2,0,0,1,0,0.7610317468643188
video07,TriClass-Cloud-FT,248,1,1,0,0,0,0,0.9384130835533142
video07,TriClass-Cloud-FT,249,1,1,0,0,0,0,0.9355984926223755
video07,TriClass-Cloud-FT,250,1,1,0,0,0,0,0.9306806325912476
video07,TriClass-Cloud-FT,251,1,1,0,0,0,0,0.9349388480186462
video07,TriClass-Cloud-FT,252,1,1,0,0,0,0,0.9387274980545044
video07,TriClass-Cloud-FT,253,1,1,0,0,0,0,0.9328770637512207
video07,TriClass-Cloud-FT,254,1,1,0,0,0,0,0.9283832907676697
video07,TriClass-Cloud-FT,255,1,1,0,0,0,0,0.9297530055046082
video07,TriClass-Cloud-FT,256,1,1,0,0,0,0,0.9108582139015198
video07,TriClass-Cloud-FT,257,1,1,0,0,0,0,0.8698400855064392
video07,TriClass-Cloud-FT,258,1,1,0,0,0,0,0.9389173984527588
video07,TriClass-Cloud-FT,259,1,1,0,0,0,0,0.9340904951095581
video07,TriClass-Cloud-FT,260,1,1,0,0,0,0,0.9341742992401123
video07,TriClass-Cloud-FT,261,1,1,0,0,0,0,0.9330136179924011
video07,TriClass-Cloud-FT,262,1,1,0,0,0,0,0.9327858090400696
video07,TriClass-Cloud-FT,263,1,1,0,0,0,0,0.9316367506980896
video07,TriClass-Cloud-FT,264,1,1,0,0,0,0,0.9312165379524231
video07,TriClass-Cloud-FT,265,1,1,0,0,0,0,0.9344693422317505
video07,TriClass-Cloud-FT,266,1,1,0,0,0,0,0.9116110801696777
video07,TriClass-Cloud-FT,267,1,1,0,0,0,0,0.9312100410461426
video07,TriClass-Cloud-FT,268,1,1,0,0,0,0,0.9335997104644775
video07,TriClass-Cloud-FT,269,1,1,0,0,0,0,0.9287664890289307
video07,TriClass-Cloud-FT,270,1,1,0,0,0,0,0.9278486371040344
video07,TriClass-Cloud-FT,271,1,1,0,0,0,0,0.6749521493911743
video07,TriClass-Cloud-FT,272,0,0,0,0,0,0,0.0
video07,TriClass-Cloud-FT,273,1,1,0,0,0,0,0.8858671188354492
video07,TriClass-Cloud-FT,274,2,2,0,0,0,0,0.5575879216194153
video07,TriClass-Cloud-FT,275,1,1,0,0,0,0,0.8282867074012756
video07,TriClass-Cloud-FT,276,1,1,0,0,0,0,0.875494122505188
video07,TriClass-Cloud-FT,277,1,1,0,0,0,0,0.8975122570991516
video07,TriClass-Cloud-FT,278,2,2,0,0,0,0,0.5879334211349487
video07,TriClass-Cloud-FT,279,0,0,0,0,0,0,0.0
video07,TriClass-Cloud-FT,280,1,1,0,0,0,0,0.9127699732780457
video07,TriClass-Cloud-FT,281,1,1,0,0,0,0,0.9331270456314087
video07,TriClass-Cloud-FT,282,1,1,0,0,0,0,0.9335448145866394
video07,TriClass-Cloud-FT,283,1,1,0,0,0,0,0.9252135753631592
video07,TriClass-Cloud-FT,284,1,1,0,0,0,0,0.9338754415512085
video07,TriClass-Cloud-FT,285,1,1,0,0,0,0,0.9300848245620728
video07,TriClass-Cloud-FT,286,1,1,0,0,0,0,0.9254724383354187
video07,TriClass-Cloud-FT,287,1,1,0,0,0,0,0.9214038252830505
video07,TriClass-Cloud-FT,288,1,1,0,0,0,0,0.9324495196342468
video07,TriClass-Cloud-FT,289,1,1,0,0,0,0,0.9319528341293335
video07,TriClass-Cloud-FT,290,1,1,0,0,0,0,0.9292805194854736
video07,TriClass-Cloud-FT,291,1,1,0,0,0,0,0.8990619778633118
video07,TriClass-Cloud-FT,292,1,1,0,0,0,0,0.9266567826271057
video07,TriClass-Cloud-FT,293,1,1,0,0,0,0,0.9289752244949341
video07,TriClass-Cloud-FT,294,1,1,0,0,0,0,0.9335725903511047
video07,TriClass-Cloud-FT,295,1,1,0,0,0,0,0.9094407558441162
video07,TriClass-Cloud-FT,296,1,1,0,0,0,0,0.9228439331054688
video07,TriClass-Cloud-FT,297,1,1,0,0,0,0,0.9245104789733887
video07,TriClass-Cloud-FT,298,1,1,0,0,0,0,0.9324164986610413
video07,TriClass-Cloud-FT,299,1,1,0,0,0,0,0.9148292541503906
video07,TriClass-Cloud-FT,300,1,1,0,0,0,0,0.925612211227417
video07,TriClass-Cloud-FT,301,1,1,0,0,0,0,0.9274775981903076
video07,TriClass-Cloud-FT,302,1,1,0,0,0,0,0.924463152885437
video07,TriClass-Cloud-FT,303,1,1,0,0,0,0,0.7372848987579346
video07,TriClass-Cloud-FT,304,0,0,0,0,0,0,0.0
video07,TriClass-Cloud-FT,305,0,0,0,0,0,0,0.0
video07,TriClass-Cloud-FT,306,0,0,0,0,0,0,0.0
video07,TriClass-Cloud-FT,307,0,0,0,0,0,0,0.0
video07,TriClass-Cloud-FT,308,0,0,0,0,0,0,0.0
video07,TriClass-Cloud-FT,309,0,0,0,0,0,0,0.0
video07,TriClass-Cloud-FT,310,0,0,0,0,0,0,0.0
video07,TriClass-Cloud-FT,311,0,0,0,0,0,0,0.0
video07,TriClass-Cloud-FT,312,0,0,0,0,0,0,0.0
video07,TriClass-Cloud-FT,313,0,0,0,0,0,0,0.0
video07,TriClass-Cloud-FT,314,0,0,0,0,0,0,0.0
video07,TriClass-Cloud-FT,315,0,0,0,0,0,0,0.0
video07,TriClass-Cloud-FT,316,0,0,0,0,0,0,0.0
video07,TriClass-Cloud-FT,317,0,0,0,0,0,0,0.0
video07,TriClass-Cloud-FT,318,0,0,0,0,0,0,0.0
video07,TriClass-Cloud-FT,319,0,0,0,0,0,0,0.0
video07,TriClass-Cloud-FT,320,0,0,0,0,0,0,0.0
video07,TriClass-Cloud-FT,321,0,0,0,0,0,0,0.0
video07,TriClass-Cloud-FT,322,0,0,0,0,0,0,0.0
video07,TriClass-Cloud-FT,323,0,0,0,0,0,0,0.0
video07,TriClass-Cloud-FT,324,0,0,0,0,0,0,0.0
video07,TriClass-Cloud-FT,325,0,0,0,0,0,0,0.0
video07,TriClass-Cloud-FT,326,0,0,0,0,0,0,0.0
video07,TriClass-Cloud-FT,327,0,0,0,0,0,0,0.0
video07,TriClass-Cloud-FT,328,0,0,0,0,0,0,0.0
video07,TriClass-Cloud-FT,329,0,0,0,0,0,0,0.0
video07,TriClass-Cloud-FT,330,0,0,0,0,0,0,0.0
video07,TriClass-Cloud-FT,331,0,0,0,0,0,0,0.0
video07,TriClass-Cloud-FT,332,0,0,0,0,0,0,0.0
video07,TriClass-Cloud-FT,333,0,0,0,0,0,0,0.0
video07,TriClass-Cloud-FT,334,0,0,0,0,0,0,0.0
video07,TriClass-Cloud-FT,335,0,0,0,0,0,0,0.0
video07,TriClass-Cloud-FT,336,0,0,0,0,0,0,0.0
video07,TriClass-Cloud-FT,337,0,0,0,0,0,0,0.0
video07,TriClass-Cloud-FT,338,1,1,0,0,0,0,0.6180458664894104
video07,TriClass-Cloud-FT,339,1,1,0,0,0,0,0.8637152314186096
video07,TriClass-Cloud-FT,340,1,1,0,0,0,0,0.8879774212837219
video07,TriClass-Cloud-FT,341,1,1,0,0,0,0,0.9241392612457275
video07,TriClass-Cloud-FT,342,1,1,0,0,0,0,0.9274511933326721
video07,TriClass-Cloud-FT,343,1,1,0,0,0,0,0.9239600300788879
video07,TriClass-Cloud-FT,344,1,1,0,0,0,0,0.9024309515953064
video07,TriClass-Cloud-FT,345,1,1,0,0,0,0,0.9281064867973328
video07,TriClass-Cloud-FT,346,1,1,0,0,0,0,0.9332297444343567
video07,TriClass-Cloud-FT,347,1,1,0,0,0,0,0.9087976813316345
video07,TriClass-Cloud-FT,348,1,1,0,0,0,0,0.9264554977416992
video07,TriClass-Cloud-FT,349,1,1,0,0,0,0,0.9303144216537476
video07,TriClass-Cloud-FT,350,1,1,0,0,0,0,0.9339537024497986
video07,TriClass-Cloud-FT,351,1,1,0,0,0,0,0.9356440901756287
video07,TriClass-Cloud-FT,352,1,1,0,0,0,0,0.9304737448692322
video07,TriClass-Cloud-FT,353,1,1,0,0,0,0,0.9314056634902954
video07,TriClass-Cloud-FT,354,1,1,0,0,0,0,0.9251596927642822
video07,TriClass-Cloud-FT,355,1,1,0,0,0,0,0.9327374696731567
video07,TriClass-Cloud-FT,356,1,1,0,0,0,0,0.9321568608283997
video07,TriClass-Cloud-FT,357,1,1,0,0,0,0,0.9282963275909424
video07,TriClass-Cloud-FT,358,1,1,0,0,0,0,0.9273186326026917
video07,TriClass-Cloud-FT,359,1,1,0,0,0,0,0.9312413334846497
video07,TriClass-Cloud-FT,360,1,1,0,0,0,0,0.9366380572319031
video07,TriClass-Cloud-FT,361,1,1,0,0,0,0,0.9335259199142456
video07,TriClass-Cloud-FT,362,1,1,0,0,0,0,0.9299699664115906
video07,TriClass-Cloud-FT,363,1,1,0,0,0,0,0.9306138157844543
video07,TriClass-Cloud-FT,364,1,1,0,0,0,0,0.9332010746002197
video07,TriClass-Cloud-FT,365,1,1,0,0,0,0,0.9309806823730469
video07,TriClass-Cloud-FT,366,1,1,0,0,0,0,0.9364184737205505
video07,TriClass-Cloud-FT,367,1,1,0,0,0,0,0.9311138987541199
video07,TriClass-Cloud-FT,368,1,1,0,0,0,0,0.9356645345687866
video07,TriClass-Cloud-FT,369,1,1,0,0,0,0,0.9363004565238953
video07,TriClass-Cloud-FT,370,1,1,0,0,0,0,0.9330511093139648
video07,TriClass-Cloud-FT,371,1,1,0,0,0,0,0.9360785484313965
video07,TriClass-Cloud-FT,372,1,1,0,0,0,0,0.9368972778320312
video07,TriClass-Cloud-FT,373,1,1,0,0,0,0,0.9382468461990356
video07,TriClass-Cloud-FT,374,1,1,0,0,0,0,0.9356093406677246
video07,TriClass-Cloud-FT,375,1,1,0,0,0,0,0.9362678527832031
video07,TriClass-Cloud-FT,376,1,1,0,0,0,0,0.9331924915313721
video07,TriClass-Cloud-FT,377,1,1,0,0,0,0,0.9344940185546875
video07,TriClass-Cloud-FT,378,1,1,0,0,0,0,0.9297736883163452
video07,TriClass-Cloud-FT,379,1,1,0,0,0,0,0.9362642168998718
video07,TriClass-Cloud-FT,380,1,1,0,0,0,0,0.9366563558578491
video07,TriClass-Cloud-FT,381,1,1,0,0,0,0,0.9326780438423157
video07,TriClass-Cloud-FT,382,1,1,0,0,0,0,0.9393318295478821
video07,TriClass-Cloud-FT,383,1,1,0,0,0,0,0.9381463527679443
video07,TriClass-Cloud-FT,384,1,1,0,0,0,0,0.9349240660667419
video07,TriClass-Cloud-FT,385,1,1,0,0,0,0,0.9345898032188416
video07,TriClass-Cloud-FT,386,1,1,0,0,0,0,0.9343885779380798
video07,TriClass-Cloud-FT,387,1,1,0,0,0,0,0.932506263256073
video07,TriClass-Cloud-FT,388,1,1,0,0,0,0,0.9357978701591492
video07,TriClass-Cloud-FT,389,1,1,0,0,0,0,0.9325640797615051
video07,TriClass-Cloud-FT,390,1,1,0,0,0,0,0.9265865683555603
video07,TriClass-Cloud-FT,391,1,1,0,0,0,0,0.9333888292312622
video07,TriClass-Cloud-FT,392,1,1,0,0,0,0,0.9322836399078369
video07,TriClass-Cloud-FT,393,1,1,0,0,0,0,0.9386751055717468
video07,TriClass-Cloud-FT,394,1,1,0,0,0,0,0.9351329207420349
video07,TriClass-Cloud-FT,395,1,1,0,0,0,0,0.9328791499137878
video07,TriClass-Cloud-FT,396,1,1,0,0,0,0,0.9373902678489685
video07,TriClass-Cloud-FT,397,1,1,0,0,0,0,0.9392328858375549
video07,TriClass-Cloud-FT,398,1,1,0,0,0,0,0.8937012553215027
video07,TriClass-Cloud-FT,399,1,1,0,0,0,0,0.935045063495636
video07,TriClass-Cloud-FT,400,1,1,0,0,0,0,0.9367029666900635
video07,TriClass-Cloud-FT,401,1,1,0,0,0,0,0.9391303658485413
video07,TriClass-Cloud-FT,402,1,1,0,0,0,0,0.9360652565956116
video07,TriClass-Cloud-FT,403,1,1,0,0,0,0,0.9356980919837952
video07,TriClass-Cloud-FT,404,1,1,0,0,0,0,0.9329450130462646
video07,TriClass-Cloud-FT,405,1,1,0,0,0,0,0.9382534623146057
video07,TriClass-Cloud-FT,406,1,1,0,0,0,0,0.9331721067428589
video07,TriClass-Cloud-FT,407,1,1,0,0,0,0,0.9360625743865967
video07,TriClass-Cloud-FT,408,1,1,0,0,0,0,0.9349330067634583
video07,TriClass-Cloud-FT,409,1,1,0,0,0,0,0.9462375640869141
video07,TriClass-Cloud-FT,410,1,1,0,0,0,0,0.944866418838501
video07,TriClass-Cloud-FT,411,1,1,0,0,0,0,0.9349467754364014
video07,TriClass-Cloud-FT,412,1,1,0,0,0,0,0.9295034408569336
video07,TriClass-Cloud-FT,413,1,1,0,0,0,0,0.9405869841575623
video07,TriClass-Cloud-FT,414,1,1,0,0,0,0,0.9358338713645935
video07,TriClass-Cloud-FT,415,1,1,0,0,0,0,0.9384074211120605
video07,TriClass-Cloud-FT,416,1,1,0,0,0,0,0.9370363354682922
video07,TriClass-Cloud-FT,417,1,1,0,0,0,0,0.9337844848632812
video07,TriClass-Cloud-FT,418,1,1,0,0,0,0,0.9347613453865051
video07,TriClass-Cloud-FT,419,1,1,0,0,0,0,0.9319277405738831
video07,TriClass-Cloud-FT,420,1,1,0,0,0,0,0.9301049113273621
video07,TriClass-Cloud-FT,421,1,1,0,0,0,0,0.9299664497375488
video07,TriClass-Cloud-FT,422,1,1,0,0,0,0,0.9173065423965454
video07,TriClass-Cloud-FT,423,1,1,0,0,0,0,0.8887434005737305
video07,TriClass-Cloud-FT,424,1,1,0,0,0,0,0.8777138590812683
video07,TriClass-Cloud-FT,425,1,1,0,0,0,0,0.6457947492599487
video07,TriClass-Cloud-FT,426,0,0,0,0,0,0,0.0
video07,TriClass-Cloud-FT,427,0,0,0,0,0,0,0.0
video07,TriClass-Cloud-FT,428,0,0,0,0,0,0,0.0
video07,TriClass-Cloud-FT,429,0,0,0,0,0,0,0.0
video07,TriClass-Cloud-FT,430,0,0,0,0,0,0,0.0
video07,TriClass-Cloud-FT,431,0,0,0,0,0,0,0.0
video07,TriClass-Cloud-FT,432,0,0,0,0,0,0,0.0
video07,TriClass-Cloud-FT,433,0,0,0,0,0,0,0.0
video07,TriClass-Cloud-FT,434,0,0,0,0,0,0,0.0
video07,TriClass-Cloud-FT,435,0,0,0,0,0,0,0.0
video07,TriClass-Cloud-FT,436,0,0,0,0,0,0,0.0
video07,TriClass-Cloud-FT,437,0,0,0,0,0,0,0.0
video07,TriClass-Cloud-FT,438,0,0,0,0,0,0,0.0
video07,TriClass-Cloud-FT,439,0,0,0,0,0,0,0.0
video07,TriClass-Cloud-FT,440,0,0,0,0,0,0,0.0
video07,TriClass-Cloud-FT,441,1,1,0,0,0,0,0.41337284445762634
video07,TriClass-Cloud-FT,442,1,1,0,0,0,0,0.48781755566596985
video07,TriClass-Cloud-FT,443,1,1,0,0,0,0,0.49260562658309937
video07,TriClass-Cloud-FT,444,0,0,0,0,0,0,0.0
video07,TriClass-Cloud-FT,445,0,0,0,0,0,0,0.0
video07,TriClass-Cloud-FT,446,0,0,0,0,0,0,0.0
video07,TriClass-Cloud-FT,447,0,0,0,0,0,0,0.0
video07,TriClass-Cloud-FT,448,0,0,0,0,0,0,0.0
video07,TriClass-Cloud-FT,449,0,0,0,0,0,0,0.0
video07,TriClass-Cloud-FT,450,0,0,0,0,0,0,0.0
video07,TriClass-Cloud-FT,451,0,0,0,0,0,0,0.0
video07,TriClass-Cloud-FT,452,0,0,0,0,0,0,0.0
video07,TriClass-Cloud-FT,453,0,0,0,0,0,0,0.0
video07,TriClass-Cloud-FT,454,0,0,0,0,0,0,0.0
video07,TriClass-Cloud-FT,455,0,0,0,0,0,0,0.0
video07,TriClass-Cloud-FT,456,0,0,0,0,0,0,0.0
video07,TriClass-Cloud-FT,457,0,0,0,0,0,0,0.0
video07,TriClass-Cloud-FT,458,0,0,0,0,0,0,0.0
video07,TriClass-Cloud-FT,459,0,0,0,0,0,0,0.0
video07,TriClass-Cloud-FT,460,0,0,0,0,0,0,0.0
video07,TriClass-Cloud-FT,461,0,0,0,0,0,0,0.0
video07,TriClass-Cloud-FT,462,0,0,0,0,0,0,0.0
video07,TriClass-Cloud-FT,463,0,0,0,0,0,0,0.0
video07,TriClass-Cloud-FT,464,0,0,0,0,0,0,0.0
video07,TriClass-Cloud-FT,465,0,0,0,0,0,0,0.0
video07,TriClass-Cloud-FT,466,0,0,0,0,0,0,0.0
video07,TriClass-Cloud-FT,467,0,0,0,0,0,0,0.0
video07,TriClass-Cloud-FT,468,0,0,0,0,0,0,0.0
video07,TriClass-Cloud-FT,469,0,0,0,0,0,0,0.0
video07,TriClass-Cloud-FT,470,0,0,0,0,0,0,0.0
video07,TriClass-Cloud-FT,471,0,0,0,0,0,0,0.0
video07,TriClass-Cloud-FT,472,0,0,0,0,0,0,0.0
video07,TriClass-Cloud-FT,473,0,0,0,0,0,0,0.0
video07,TriClass-Cloud-FT,474,0,0,0,0,0,0,0.0
video07,TriClass-Cloud-FT,475,0,0,0,0,0,0,0.0
video07,TriClass-Cloud-FT,476,0,0,0,0,0,0,0.0
video07,TriClass-Cloud-FT,477,0,0,0,0,0,0,0.0
video07,TriClass-Cloud-FT,478,0,0,0,0,0,0,0.0
video07,TriClass-Cloud-FT,479,0,0,0,0,0,0,0.0
video07,TriClass-Cloud-FT,480,0,0,0,0,0,0,0.0
video07,TriClass-Cloud-FT,481,0,0,0,0,0,0,0.0
video07,TriClass-Cloud-FT,482,0,0,0,0,0,0,0.0
video07,TriClass-Cloud-FT,483,0,0,0,0,0,0,0.0
video07,TriClass-Cloud-FT,484,0,0,0,0,0,0,0.0
video07,TriClass-Cloud-FT,485,0,0,0,0,0,0,0.0
video07,TriClass-Cloud-FT,486,0,0,0,0,0,0,0.0
video07,TriClass-Cloud-FT,487,0,0,0,0,0,0,0.0
video07,TriClass-Cloud-FT,488,0,0,0,0,0,0,0.0
video07,TriClass-Cloud-FT,489,0,0,0,0,0,0,0.0
video07,TriClass-Cloud-FT,490,0,0,0,0,0,0,0.0
video07,TriClass-Cloud-FT,491,0,0,0,0,0,0,0.0
video07,TriClass-Cloud-FT,492,0,0,0,0,0,0,0.0
video07,TriClass-Cloud-FT,493,0,0,0,0,0,0,0.0
video07,TriClass-Cloud-FT,494,0,0,0,0,0,0,0.0
video07,TriClass-Cloud-FT,495,0,0,0,0,0,0,0.0
video07,TriClass-Cloud-FT,496,0,0,0,0,0,0,0.0
video07,TriClass-Cloud-FT,497,0,0,0,0,0,0,0.0
video07,TriClass-Cloud-FT,498,0,0,0,0,0,0,0.0
video07,TriClass-Cloud-FT,499,0,0,0,0,0,0,0.0
video07,TriClass-Cloud-FT,500,0,0,0,0,0,0,0.0
video07,TriClass-Cloud-FT,501,0,0,0,0,0,0,0.0
video07,TriClass-Cloud-FT,502,0,0,0,0,0,0,0.0
video07,TriClass-Cloud-FT,503,0,0,0,0,0,0,0.0
video07,TriClass-Cloud-FT,504,0,0,0,0,0,0,0.0
video07,TriClass-Cloud-FT,505,0,0,0,0,0,0,0.0
video07,TriClass-Cloud-FT,506,0,0,0,0,0,0,0.0
video07,TriClass-Cloud-FT,507,0,0,0,0,0,0,0.0
video07,TriClass-Cloud-FT,508,0,0,0,0,0,0,0.0
video07,TriClass-Cloud-FT,509,0,0,0,0,0,0,0.0
video07,TriClass-Cloud-FT,510,0,0,0,0,0,0,0.0
video07,TriClass-Cloud-FT,511,0,0,0,0,0,0,0.0
video07,TriClass-Cloud-FT,512,0,0,0,0,0,0,0.0
video07,TriClass-Cloud-FT,513,0,0,0,0,0,0,0.0
video07,TriClass-Cloud-FT,514,0,0,0,0,0,0,0.0
video07,TriClass-Cloud-FT,515,0,0,0,0,0,0,0.0
video07,TriClass-Cloud-FT,516,0,0,0,0,0,0,0.0
video07,TriClass-Cloud-FT,517,0,0,0,0,0,0,0.0
video07,TriClass-Cloud-FT,518,0,0,0,0,0,0,0.0
video07,TriClass-Cloud-FT,519,0,0,0,0,0,0,0.0
video07,TriClass-Cloud-FT,520,0,0,0,0,0,0,0.0
video07,TriClass-Cloud-FT,521,0,0,0,0,0,0,0.0
video07,TriClass-Cloud-FT,522,0,0,0,0,0,0,0.0
video07,TriClass-Cloud-FT,523,0,0,0,0,0,0,0.0
video07,TriClass-Cloud-FT,524,1,0,1,1,0,0,0.4803178906440735
video07,TriClass-Cloud-FT,525,0,0,0,0,0,0,0.0
video07,TriClass-Cloud-FT,526,0,0,0,0,0,0,0.0
video07,TriClass-Cloud-FT,527,0,0,0,0,0,0,0.0
video07,TriClass-Cloud-FT,528,0,0,0,0,0,0,0.0
video07,TriClass-Cloud-FT,529,0,0,0,0,0,0,0.0
video07,TriClass-Cloud-FT,530,0,0,0,0,0,0,0.0
video07,TriClass-Cloud-FT,531,0,0,0,0,0,0,0.0
video07,TriClass-Cloud-FT,532,0,0,0,0,0,0,0.0
video07,TriClass-Cloud-FT,533,0,0,0,0,0,0,0.0
video07,TriClass-Cloud-FT,534,0,0,0,0,0,0,0.0
video07,TriClass-Cloud-FT,535,0,0,0,0,0,0,0.0
video07,TriClass-Cloud-FT,536,0,0,0,0,0,0,0.0
video07,TriClass-Cloud-FT,537,0,0,0,0,0,0,0.0
video07,TriClass-Cloud-FT,538,0,0,0,0,0,0,0.0
video07,TriClass-Cloud-FT,539,0,0,0,0,0,0,0.0
video07,TriClass-Cloud-FT,540,0,0,0,0,0,0,0.0
video07,TriClass-Cloud-FT,541,0,0,0,0,0,0,0.0
video07,TriClass-Cloud-FT,542,0,0,0,0,0,0,0.0
video07,TriClass-Cloud-FT,543,0,0,0,0,0,0,0.0
video07,TriClass-Cloud-FT,544,0,0,0,0,0,0,0.0
video07,TriClass-Cloud-FT,545,0,0,0,0,0,0,0.0
video07,TriClass-Cloud-FT,546,0,0,0,0,0,0,0.0
video07,TriClass-Cloud-FT,547,0,0,0,0,0,0,0.0
video07,TriClass-Cloud-FT,548,0,0,0,0,0,0,0.0
video07,TriClass-Cloud-FT,549,0,0,0,0,0,0,0.0
video07,TriClass-Cloud-FT,550,0,0,0,0,0,0,0.0
video07,TriClass-Cloud-FT,551,0,0,0,0,0,0,0.0
video07,TriClass-Cloud-FT,552,0,0,0,0,0,0,0.0
video07,TriClass-Cloud-FT,553,0,0,0,0,0,0,0.0
video07,TriClass-Cloud-FT,554,0,0,0,0,0,0,0.0
video07,TriClass-Cloud-FT,555,0,0,0,0,0,0,0.0
video07,TriClass-Cloud-FT,556,0,0,0,0,0,0,0.0
video07,TriClass-Cloud-FT,557,0,0,0,0,0,0,0.0
video07,TriClass-Cloud-FT,558,0,0,0,0,0,0,0.0
video07,TriClass-Cloud-FT,559,0,0,0,0,0,0,0.0
video07,TriClass-Cloud-FT,560,0,0,0,0,0,0,0.0
video07,TriClass-Cloud-FT,561,0,0,0,0,0,0,0.0
video07,TriClass-Cloud-FT,562,0,0,0,0,0,0,0.0
video07,TriClass-Cloud-FT,563,0,0,0,0,0,0,0.0
video07,TriClass-Cloud-FT,564,0,0,0,0,0,0,0.0
video07,TriClass-Cloud-FT,565,0,0,0,0,0,0,0.0
video07,TriClass-Cloud-FT,566,0,0,0,0,0,0,0.0
video07,TriClass-Cloud-FT,567,0,0,0,0,0,0,0.0
video07,TriClass-Cloud-FT,568,0,0,0,0,0,0,0.0
video07,TriClass-Cloud-FT,569,0,0,0,0,0,0,0.0
video07,TriClass-Cloud-FT,570,0,0,0,0,0,0,0.0
video07,TriClass-Cloud-FT,571,0,0,0,0,0,0,0.0
video07,TriClass-Cloud-FT,572,0,0,0,0,0,0,0.0
video07,TriClass-Cloud-FT,573,0,0,0,0,0,0,0.0
video07,TriClass-Cloud-FT,574,0,0,0,0,0,0,0.0
video07,TriClass-Cloud-FT,575,0,0,0,0,0,0,0.0
video07,TriClass-Cloud-FT,576,0,0,0,0,0,0,0.0
video07,TriClass-Cloud-FT,577,1,1,0,0,0,0,0.3797460198402405
video07,TriClass-Cloud-FT,578,0,0,0,0,0,0,0.0
video07,TriClass-Cloud-FT,579,0,0,0,0,0,0,0.0
video07,TriClass-Cloud-FT,580,2,2,0,0,2,0,0.3167228102684021
video07,TriClass-Cloud-FT,581,1,1,0,0,0,0,0.8925198912620544
video07,TriClass-Cloud-FT,582,1,1,0,0,0,0,0.845241367816925
video07,TriClass-Cloud-FT,583,1,1,0,0,0,0,0.8500300049781799
video07,TriClass-Cloud-FT,584,1,1,0,0,0,0,0.899623453617096
video07,TriClass-Cloud-FT,585,1,1,0,0,0,0,0.9295566082000732
video07,TriClass-Cloud-FT,586,1,1,0,0,0,0,0.9308243989944458
video07,TriClass-Cloud-FT,587,1,1,0,0,0,0,0.9175348281860352
video07,TriClass-Cloud-FT,588,1,1,0,0,0,0,0.9267934560775757
video07,TriClass-Cloud-FT,589,1,1,0,0,0,0,0.9279235601425171
video07,TriClass-Cloud-FT,590,1,1,0,0,0,0,0.9278126358985901
video07,TriClass-Cloud-FT,591,1,1,0,0,0,0,0.872976541519165
video07,TriClass-Cloud-FT,592,1,1,0,0,0,0,0.9300785064697266
video07,TriClass-Cloud-FT,593,1,1,0,0,0,0,0.9318825006484985
video07,TriClass-Cloud-FT,594,1,1,0,0,0,0,0.9252476692199707
video07,TriClass-Cloud-FT,595,1,1,0,0,0,0,0.9314813613891602
video07,TriClass-Cloud-FT,596,1,1,0,0,0,0,0.9333454966545105
video07,TriClass-Cloud-FT,597,1,1,0,0,0,0,0.9323903918266296
video07,TriClass-Cloud-FT,598,1,1,0,0,0,0,0.9335979223251343
video07,TriClass-Cloud-FT,599,1,1,0,0,0,0,0.9294565320014954
video07,TriClass-Cloud-FT,600,1,1,0,0,0,0,0.9350343346595764
video07,TriClass-Cloud-FT,601,1,1,0,0,0,0,0.9346075057983398
video07,TriClass-Cloud-FT,602,1,1,0,0,0,0,0.929887056350708
video07,TriClass-Cloud-FT,603,1,1,0,0,0,0,0.9338458180427551
video07,TriClass-Cloud-FT,604,1,1,0,0,0,0,0.9341213703155518
video07,TriClass-Cloud-FT,605,1,1,0,0,0,0,0.934198796749115
video07,TriClass-Cloud-FT,606,1,1,0,0,0,0,0.9336175918579102
video07,TriClass-Cloud-FT,607,1,1,0,0,0,0,0.937234103679657
video07,TriClass-Cloud-FT,608,1,1,0,0,0,0,0.9352861046791077
video07,TriClass-Cloud-FT,609,1,1,0,0,0,0,0.9308479428291321
video07,TriClass-Cloud-FT,610,1,1,0,0,0,0,0.4777958393096924
video07,TriClass-Cloud-FT,611,1,1,0,0,0,0,0.9278163909912109
video07,TriClass-Cloud-FT,612,1,1,0,0,0,0,0.9299493432044983
video07,TriClass-Cloud-FT,613,1,1,0,0,0,0,0.9368002414703369
video07,TriClass-Cloud-FT,614,1,1,0,0,0,0,0.9125983119010925
video07,TriClass-Cloud-FT,615,1,1,0,0,0,0,0.9327239990234375
video07,TriClass-Cloud-FT,616,1,1,0,0,0,0,0.9358148574829102
video07,TriClass-Cloud-FT,617,1,1,0,0,0,0,0.9337558746337891
video07,TriClass-Cloud-FT,618,1,1,0,0,0,0,0.9359473586082458
video07,TriClass-Cloud-FT,619,1,1,0,0,0,0,0.9330978989601135
video07,TriClass-Cloud-FT,620,1,1,0,0,0,0,0.9363994598388672
video07,TriClass-Cloud-FT,621,1,1,0,0,0,0,0.9317238330841064
video07,TriClass-Cloud-FT,622,1,1,0,0,0,0,0.9353477358818054
video07,TriClass-Cloud-FT,623,1,1,0,0,0,0,0.9340395331382751
video07,TriClass-Cloud-FT,624,1,1,0,0,0,0,0.9131906032562256
video07,TriClass-Cloud-FT,625,1,1,0,0,0,0,0.9180423021316528
video07,TriClass-Cloud-FT,626,1,1,0,0,0,0,0.9296861886978149
video07,TriClass-Cloud-FT,627,1,1,0,0,0,0,0.9307804107666016
video07,TriClass-Cloud-FT,628,1,1,0,0,0,0,0.9328222870826721
video07,TriClass-Cloud-FT,629,1,1,0,0,0,0,0.9389700293540955
video07,TriClass-Cloud-FT,630,1,1,0,0,0,0,0.9359473586082458
video07,TriClass-Cloud-FT,631,1,1,0,0,0,0,0.9374794960021973
video07,TriClass-Cloud-FT,632,1,1,0,0,0,0,0.9390264749526978
video07,TriClass-Cloud-FT,633,1,1,0,0,0,0,0.9320952892303467
video07,TriClass-Cloud-FT,634,1,1,0,0,0,0,0.9222614765167236
video07,TriClass-Cloud-FT,635,1,1,0,0,0,0,0.9261519312858582
video07,TriClass-Cloud-FT,636,1,1,0,0,0,0,0.9396079182624817
video07,TriClass-Cloud-FT,637,1,1,0,0,0,0,0.9367770552635193
video07,TriClass-Cloud-FT,638,1,1,0,0,0,0,0.9339534044265747
video07,TriClass-Cloud-FT,639,1,1,0,0,0,0,0.9321043491363525
video07,TriClass-Cloud-FT,640,1,1,0,0,0,0,0.9363531470298767
video07,TriClass-Cloud-FT,641,1,1,0,0,0,0,0.8945744633674622
video07,TriClass-Cloud-FT,642,1,1,0,0,0,0,0.9316830039024353
video07,TriClass-Cloud-FT,643,1,1,0,0,0,0,0.9335214495658875
video07,TriClass-Cloud-FT,644,1,1,0,0,0,0,0.796629786491394
video07,TriClass-Cloud-FT,645,1,1,0,0,0,0,0.9319701194763184
video07,TriClass-Cloud-FT,646,1,1,0,0,0,0,0.9335657954216003
video07,TriClass-Cloud-FT,647,1,1,0,0,0,0,0.9393208622932434
video07,TriClass-Cloud-FT,648,1,1,0,0,0,0,0.9318938851356506
video07,TriClass-Cloud-FT,649,1,1,0,0,0,0,0.9286250472068787
video07,TriClass-Cloud-FT,650,1,1,0,0,0,0,0.932791531085968
video07,TriClass-Cloud-FT,651,1,1,0,0,0,0,0.9316496849060059
video07,TriClass-Cloud-FT,652,1,1,0,0,0,0,0.905666172504425
video07,TriClass-Cloud-FT,653,2,2,0,0,1,0,0.7530236840248108
video07,TriClass-Cloud-FT,654,1,1,0,0,0,0,0.8592896461486816
video07,TriClass-Cloud-FT,655,2,2,0,0,1,0,0.6324717402458191
video07,TriClass-Cloud-FT,656,0,0,0,0,0,0,0.0
video07,TriClass-Cloud-FT,657,1,1,0,0,0,0,0.3768109977245331
video07,TriClass-Cloud-FT,658,0,0,0,0,0,0,0.0
video07,TriClass-Cloud-FT,659,0,0,0,0,0,0,0.0
video07,TriClass-Cloud-FT,660,0,0,0,0,0,0,0.0
video07,TriClass-Cloud-FT,661,0,0,0,0,0,0,0.0
video07,TriClass-Cloud-FT,662,0,0,0,0,0,0,0.0
video07,TriClass-Cloud-FT,663,0,0,0,0,0,0,0.0
video07,TriClass-Cloud-FT,664,0,0,0,0,0,0,0.0
video07,TriClass-Cloud-FT,665,0,0,0,0,0,0,0.0
video07,TriClass-Cloud-FT,666,0,0,0,0,0,0,0.0
video07,TriClass-Cloud-FT,667,0,0,0,0,0,0,0.0
video07,TriClass-Cloud-FT,668,0,0,0,0,0,0,0.0
video07,TriClass-Cloud-FT,669,0,0,0,0,0,0,0.0
video07,TriClass-Cloud-FT,670,0,0,0,0,0,0,0.0
video07,TriClass-Cloud-FT,671,0,0,0,0,0,0,0.0
video07,TriClass-Cloud-FT,672,0,0,0,0,0,0,0.0
video07,TriClass-Cloud-FT,673,0,0,0,0,0,0,0.0
video07,TriClass-Cloud-FT,674,0,0,0,0,0,0,0.0
video07,TriClass-Cloud-FT,675,0,0,0,0,0,0,0.0
video07,TriClass-Cloud-FT,676,0,0,0,0,0,0,0.0
video07,TriClass-Cloud-FT,677,1,1,0,0,0,0,0.8597765564918518
video07,TriClass-Cloud-FT,678,0,0,0,0,0,0,0.0
video07,TriClass-Cloud-FT,679,0,0,0,0,0,0,0.0
video07,TriClass-Cloud-FT,680,0,0,0,0,0,0,0.0
video07,TriClass-Cloud-FT,681,0,0,0,0,0,0,0.0
video07,TriClass-Cloud-FT,682,0,0,0,0,0,0,0.0
video07,TriClass-Cloud-FT,683,0,0,0,0,0,0,0.0
video07,TriClass-Cloud-FT,684,0,0,0,0,0,0,0.0
video07,TriClass-Cloud-FT,685,0,0,0,0,0,0,0.0
video07,TriClass-Cloud-FT,686,0,0,0,0,0,0,0.0
video07,TriClass-Cloud-FT,687,0,0,0,0,0,0,0.0
video07,TriClass-Cloud-FT,688,2,2,0,0,1,0,0.49519938230514526
video07,TriClass-Cloud-FT,689,1,1,0,0,0,0,0.5950399041175842
video07,TriClass-Cloud-FT,690,1,1,0,0,0,0,0.8814521431922913
video07,TriClass-Cloud-FT,691,1,1,0,0,0,0,0.9233940243721008
video07,TriClass-Cloud-FT,692,1,1,0,0,0,0,0.9276774525642395
video07,TriClass-Cloud-FT,693,1,1,0,0,0,0,0.9286965727806091
video07,TriClass-Cloud-FT,694,1,1,0,0,0,0,0.9279583692550659
video07,TriClass-Cloud-FT,695,1,1,0,0,0,0,0.9263415336608887
video07,TriClass-Cloud-FT,696,1,1,0,0,0,0,0.9311330914497375
video07,TriClass-Cloud-FT,697,1,1,0,0,0,0,0.9286786913871765
video07,TriClass-Cloud-FT,698,1,1,0,0,0,0,0.931928277015686
video07,TriClass-Cloud-FT,699,1,1,0,0,0,0,0.9349900484085083
video07,TriClass-Cloud-FT,700,1,1,0,0,0,0,0.9307438135147095
video07,TriClass-Cloud-FT,701,1,1,0,0,0,0,0.927739679813385
video07,TriClass-Cloud-FT,702,1,1,0,0,0,0,0.9303585886955261
video07,TriClass-Cloud-FT,703,1,1,0,0,0,0,0.9334341883659363
video07,TriClass-Cloud-FT,704,2,2,0,0,0,0,0.8991104364395142
video07,TriClass-Cloud-FT,705,1,1,0,0,0,0,0.9165600538253784
video07,TriClass-Cloud-FT,706,1,1,0,0,0,0,0.9288438558578491
video07,TriClass-Cloud-FT,707,1,1,0,0,0,0,0.93418949842453
video07,TriClass-Cloud-FT,708,1,1,0,0,0,0,0.9274921417236328
video07,TriClass-Cloud-FT,709,1,1,0,0,0,0,0.933009147644043
video07,TriClass-Cloud-FT,710,1,1,0,0,0,0,0.9337264895439148
video07,TriClass-Cloud-FT,711,1,1,0,0,0,0,0.930965006351471
video07,TriClass-Cloud-FT,712,1,1,0,0,0,0,0.933692991733551
video07,TriClass-Cloud-FT,713,1,1,0,0,0,0,0.926872968673706
video07,TriClass-Cloud-FT,714,1,1,0,0,0,0,0.9319393634796143
video07,TriClass-Cloud-FT,715,1,1,0,0,0,0,0.9265497326850891
video07,TriClass-Cloud-FT,716,1,1,0,0,0,0,0.927179753780365
video07,TriClass-Cloud-FT,717,1,1,0,0,0,0,0.9338670372962952
video07,TriClass-Cloud-FT,718,1,1,0,0,0,0,0.9296631217002869
video07,TriClass-Cloud-FT,719,1,1,0,0,0,0,0.925324022769928
video07,TriClass-Cloud-FT,720,1,1,0,0,0,0,0.9341738224029541
video07,TriClass-Cloud-FT,721,1,1,0,0,0,0,0.9308906197547913
video07,TriClass-Cloud-FT,722,1,1,0,0,0,0,0.9303667545318604
video07,TriClass-Cloud-FT,723,1,1,0,0,0,0,0.9312410354614258
video07,TriClass-Cloud-FT,724,1,1,0,0,0,0,0.9371969103813171
video07,TriClass-Cloud-FT,725,1,1,0,0,0,0,0.930533230304718
video07,TriClass-Cloud-FT,726,1,1,0,0,0,0,0.9236364960670471
video07,TriClass-Cloud-FT,727,1,1,0,0,0,0,0.9263005256652832
video07,TriClass-Cloud-FT,728,1,1,0,0,0,0,0.9264542460441589
video07,TriClass-Cloud-FT,729,1,1,0,0,0,0,0.9332468509674072
video07,TriClass-Cloud-FT,730,1,1,0,0,0,0,0.9284140467643738
video07,TriClass-Cloud-FT,731,1,1,0,0,0,0,0.92851722240448
video07,TriClass-Cloud-FT,732,1,1,0,0,0,0,0.9337913393974304
video07,TriClass-Cloud-FT,733,1,1,0,0,0,0,0.9318903088569641
video07,TriClass-Cloud-FT,734,1,1,0,0,0,0,0.9289388060569763
video07,TriClass-Cloud-FT,735,1,1,0,0,0,0,0.8521866798400879
video07,TriClass-Cloud-FT,736,1,1,0,0,0,0,0.9354285597801208
video07,TriClass-Cloud-FT,737,1,1,0,0,0,0,0.9350030422210693
video07,TriClass-Cloud-FT,738,1,1,0,0,0,0,0.9331153631210327
video07,TriClass-Cloud-FT,739,1,1,0,0,0,0,0.9238151907920837
video07,TriClass-Cloud-FT,740,1,1,0,0,0,0,0.9271047711372375
video07,TriClass-Cloud-FT,741,1,1,0,0,0,0,0.9290023446083069
video07,TriClass-Cloud-FT,742,1,1,0,0,0,0,0.9307911396026611
video07,TriClass-Cloud-FT,743,1,1,0,0,0,0,0.9247536063194275
video07,TriClass-Cloud-FT,744,1,1,0,0,0,0,0.9314857125282288
video07,TriClass-Cloud-FT,745,1,1,0,0,0,0,0.9311524629592896
video07,TriClass-Cloud-FT,746,1,1,0,0,0,0,0.9323686957359314
video07,TriClass-Cloud-FT,747,1,1,0,0,0,0,0.9200323820114136
video07,TriClass-Cloud-FT,748,1,1,0,0,0,0,0.9215231537818909
video07,TriClass-Cloud-FT,749,1,1,0,0,0,0,0.8909876942634583
video07,TriClass-Cloud-FT,750,1,1,0,0,0,0,0.9342765212059021
video07,TriClass-Cloud-FT,751,1,1,0,0,0,0,0.9240992665290833
video07,TriClass-Cloud-FT,752,1,1,0,0,0,0,0.9288893342018127
video07,TriClass-Cloud-FT,753,1,1,0,0,0,0,0.9242225289344788
video07,TriClass-Cloud-FT,754,1,1,0,0,0,0,0.9316304326057434
video07,TriClass-Cloud-FT,755,1,1,0,0,0,0,0.9339007139205933
video07,TriClass-Cloud-FT,756,1,1,0,0,0,0,0.931876540184021
video07,TriClass-Cloud-FT,757,1,1,0,0,0,0,0.9289324283599854
video07,TriClass-Cloud-FT,758,1,1,0,0,0,0,0.9273341298103333
video07,TriClass-Cloud-FT,759,1,1,0,0,0,0,0.9280614256858826
video07,TriClass-Cloud-FT,760,1,1,0,0,0,0,0.9342408180236816
video07,TriClass-Cloud-FT,761,1,1,0,0,0,0,0.9320513010025024
video07,TriClass-Cloud-FT,762,1,1,0,0,0,0,0.92640221118927
video07,TriClass-Cloud-FT,763,1,1,0,0,0,0,0.9339695572853088
video07,TriClass-Cloud-FT,764,1,1,0,0,0,0,0.9322753548622131
video07,TriClass-Cloud-FT,765,1,1,0,0,0,0,0.9310393929481506
video07,TriClass-Cloud-FT,766,1,1,0,0,0,0,0.9362727999687195
video07,TriClass-Cloud-FT,767,1,1,0,0,0,0,0.9380751848220825
video07,TriClass-Cloud-FT,768,1,1,0,0,0,0,0.9273176193237305
video07,TriClass-Cloud-FT,769,1,1,0,0,0,0,0.9134097695350647
video07,TriClass-Cloud-FT,770,1,1,0,0,0,0,0.9351770281791687
video07,TriClass-Cloud-FT,771,1,1,0,0,0,0,0.9374666213989258
video07,TriClass-Cloud-FT,772,1,1,0,0,0,0,0.9335808157920837
video07,TriClass-Cloud-FT,773,1,1,0,0,0,0,0.9327894449234009
video07,TriClass-Cloud-FT,774,1,1,0,0,0,0,0.9317145347595215
video07,TriClass-Cloud-FT,775,1,1,0,0,0,0,0.9311107993125916
video07,TriClass-Cloud-FT,776,1,1,0,0,0,0,0.9319854378700256
video07,TriClass-Cloud-FT,777,1,1,0,0,0,0,0.934769332408905
video07,TriClass-Cloud-FT,778,1,1,0,0,0,0,0.9342021942138672
video07,TriClass-Cloud-FT,779,1,1,0,0,0,0,0.9332928657531738
video07,TriClass-Cloud-FT,780,1,1,0,0,0,0,0.9321709275245667
video07,TriClass-Cloud-FT,781,1,1,0,0,0,0,0.9312981963157654
video07,TriClass-Cloud-FT,782,1,1,0,0,0,0,0.9308616518974304
video07,TriClass-Cloud-FT,783,1,1,0,0,0,0,0.9361200332641602
video07,TriClass-Cloud-FT,784,1,1,0,0,0,0,0.9385207295417786
video07,TriClass-Cloud-FT,785,1,1,0,0,0,0,0.9363277554512024
video07,TriClass-Cloud-FT,786,1,1,0,0,0,0,0.9363162517547607
video07,TriClass-Cloud-FT,787,1,1,0,0,0,0,0.9306937456130981
video07,TriClass-Cloud-FT,788,1,1,0,0,0,0,0.9308466911315918
video07,TriClass-Cloud-FT,789,1,1,0,0,0,0,0.930640697479248
video07,TriClass-Cloud-FT,790,1,1,0,0,0,0,0.937475323677063
video07,TriClass-Cloud-FT,791,1,1,0,0,0,0,0.9398825764656067
video07,TriClass-Cloud-FT,792,1,1,0,0,0,0,0.9358556866645813
video07,TriClass-Cloud-FT,793,1,1,0,0,0,0,0.9339085221290588
video07,TriClass-Cloud-FT,794,1,1,0,0,0,0,0.9338576793670654
video07,TriClass-Cloud-FT,795,1,1,0,0,0,0,0.9338905215263367
video07,TriClass-Cloud-FT,796,1,1,0,0,0,0,0.9307388663291931
video07,TriClass-Cloud-FT,797,1,1,0,0,0,0,0.9368194341659546
video07,TriClass-Cloud-FT,798,1,1,0,0,0,0,0.9397868514060974
video07,TriClass-Cloud-FT,799,1,1,0,0,0,0,0.9433518052101135
video07,TriClass-Cloud-FT,800,1,1,0,0,0,0,0.9372483491897583
video07,TriClass-Cloud-FT,801,1,1,0,0,0,0,0.9293708205223083
video07,TriClass-Cloud-FT,802,1,1,0,0,0,0,0.9344990253448486
video07,TriClass-Cloud-FT,803,1,1,0,0,0,0,0.9387088418006897
video07,TriClass-Cloud-FT,804,1,1,0,0,0,0,0.9379847645759583
video07,TriClass-Cloud-FT,805,1,1,0,0,0,0,0.9366263151168823
video07,TriClass-Cloud-FT,806,1,1,0,0,0,0,0.9325451254844666
video07,TriClass-Cloud-FT,807,1,1,0,0,0,0,0.9353379011154175
video07,TriClass-Cloud-FT,808,1,1,0,0,0,0,0.9427362680435181
video07,TriClass-Cloud-FT,809,1,1,0,0,0,0,0.9359998106956482
video07,TriClass-Cloud-FT,810,1,1,0,0,0,0,0.9329915046691895
video07,TriClass-Cloud-FT,811,1,1,0,0,0,0,0.934442400932312
video07,TriClass-Cloud-FT,812,1,1,0,0,0,0,0.9357384443283081
video07,TriClass-Cloud-FT,813,1,1,0,0,0,0,0.9310241937637329
video07,TriClass-Cloud-FT,814,1,1,0,0,0,0,0.9315298795700073
video07,TriClass-Cloud-FT,815,1,1,0,0,0,0,0.9404640197753906
video07,TriClass-Cloud-FT,816,1,1,0,0,0,0,0.9368208646774292
video07,TriClass-Cloud-FT,817,1,1,0,0,0,0,0.9334675669670105
video07,TriClass-Cloud-FT,818,1,1,0,0,0,0,0.9303203225135803
video07,TriClass-Cloud-FT,819,1,1,0,0,0,0,0.9392063617706299
video07,TriClass-Cloud-FT,820,1,1,0,0,0,0,0.940017819404602
video07,TriClass-Cloud-FT,821,1,1,0,0,0,0,0.9338973760604858
video07,TriClass-Cloud-FT,822,1,1,0,0,0,0,0.9296181201934814
video07,TriClass-Cloud-FT,823,1,1,0,0,0,0,0.9344358444213867
video07,TriClass-Cloud-FT,824,1,1,0,0,0,0,0.9332466721534729
video07,TriClass-Cloud-FT,825,1,1,0,0,0,0,0.937811017036438
video07,TriClass-Cloud-FT,826,1,1,0,0,0,0,0.9395103454589844
video07,TriClass-Cloud-FT,827,1,1,0,0,0,0,0.9352741837501526
video07,TriClass-Cloud-FT,828,1,1,0,0,0,0,0.9319014549255371
video07,TriClass-Cloud-FT,829,1,1,0,0,0,0,0.9292123913764954
video07,TriClass-Cloud-FT,830,1,1,0,0,0,0,0.9343051314353943
video07,TriClass-Cloud-FT,831,1,1,0,0,0,0,0.9425535798072815
video07,TriClass-Cloud-FT,832,1,1,0,0,0,0,0.5385407209396362
video07,TriClass-Cloud-FT,833,1,1,0,0,0,0,0.93663090467453
video07,TriClass-Cloud-FT,834,1,1,0,0,0,0,0.9347857236862183
video07,TriClass-Cloud-FT,835,1,1,0,0,0,0,0.9322274923324585
video07,TriClass-Cloud-FT,836,1,1,0,0,0,0,0.9350516200065613
video07,TriClass-Cloud-FT,837,1,1,0,0,0,0,0.9402896761894226
video07,TriClass-Cloud-FT,838,1,1,0,0,0,0,0.9376298785209656
video07,TriClass-Cloud-FT,839,1,1,0,0,0,0,0.932596743106842
video07,TriClass-Cloud-FT,840,1,1,0,0,0,0,0.9377683401107788
video07,TriClass-Cloud-FT,841,1,1,0,0,0,0,0.9335026741027832
video07,TriClass-Cloud-FT,842,1,1,0,0,0,0,0.9350221157073975
video07,TriClass-Cloud-FT,843,1,1,0,0,0,0,0.9370104670524597
video07,TriClass-Cloud-FT,844,1,1,0,0,0,0,0.9349184632301331
video07,TriClass-Cloud-FT,845,1,1,0,0,0,0,0.93691086769104
video07,TriClass-Cloud-FT,846,1,1,0,0,0,0,0.9456779360771179
video07,TriClass-Cloud-FT,847,1,1,0,0,0,0,0.9420039057731628
video07,TriClass-Cloud-FT,848,1,1,0,0,0,0,0.9333727359771729
video07,TriClass-Cloud-FT,849,1,1,0,0,0,0,0.9325441718101501
video07,TriClass-Cloud-FT,850,1,1,0,0,0,0,0.9379213452339172
video07,TriClass-Cloud-FT,851,1,1,0,0,0,0,0.9343581795692444
video07,TriClass-Cloud-FT,852,1,1,0,0,0,0,0.9362906217575073
video07,TriClass-Cloud-FT,853,1,1,0,0,0,0,0.9431761503219604
video07,TriClass-Cloud-FT,854,1,1,0,0,0,0,0.9420777559280396
video07,TriClass-Cloud-FT,855,1,1,0,0,0,0,0.9392527341842651
video07,TriClass-Cloud-FT,856,1,1,0,0,0,0,0.9351232051849365
video07,TriClass-Cloud-FT,857,1,1,0,0,0,0,0.9369025826454163
video07,TriClass-Cloud-FT,858,1,1,0,0,0,0,0.9325039386749268
video07,TriClass-Cloud-FT,859,1,1,0,0,0,0,0.9361348748207092
video07,TriClass-Cloud-FT,860,1,1,0,0,0,0,0.9379894137382507
video07,TriClass-Cloud-FT,861,1,1,0,0,0,0,0.9411476254463196
video07,TriClass-Cloud-FT,862,1,1,0,0,0,0,0.9380372166633606
video07,TriClass-Cloud-FT,863,1,1,0,0,0,0,0.9371741414070129
video07,TriClass-Cloud-FT,864,1,1,0,0,0,0,0.9397177696228027
video07,TriClass-Cloud-FT,865,1,1,0,0,0,0,0.9354309439659119
video07,TriClass-Cloud-FT,866,1,1,0,0,0,0,0.9364900588989258
video07,TriClass-Cloud-FT,867,1,1,0,0,0,0,0.9374566674232483
video07,TriClass-Cloud-FT,868,1,1,0,0,0,0,0.9246783256530762
video07,TriClass-Cloud-FT,869,1,1,0,0,0,0,0.9381128549575806
video07,TriClass-Cloud-FT,870,1,1,0,0,0,0,0.9443773031234741
video07,TriClass-Cloud-FT,871,1,1,0,0,0,0,0.9402630925178528
video07,TriClass-Cloud-FT,872,1,1,0,0,0,0,0.9355485439300537
video07,TriClass-Cloud-FT,873,1,1,0,0,0,0,0.9394512176513672
video07,TriClass-Cloud-FT,874,1,1,0,0,0,0,0.9401445388793945
video07,TriClass-Cloud-FT,875,1,1,0,0,0,0,0.9393346905708313
video07,TriClass-Cloud-FT,876,1,1,0,0,0,0,0.9380478262901306
video07,TriClass-Cloud-FT,877,1,1,0,0,0,0,0.9330034852027893
video07,TriClass-Cloud-FT,878,1,1,0,0,0,0,0.9355556964874268
video07,TriClass-Cloud-FT,879,1,1,0,0,0,0,0.9380925893783569
video07,TriClass-Cloud-FT,880,1,1,0,0,0,0,0.9362046718597412
video07,TriClass-Cloud-FT,881,1,1,0,0,0,0,0.9429380893707275
video07,TriClass-Cloud-FT,882,1,1,0,0,0,0,0.942973256111145
video07,TriClass-Cloud-FT,883,1,1,0,0,0,0,0.9373812675476074
video07,TriClass-Cloud-FT,884,1,1,0,0,0,0,0.9258020520210266
video07,TriClass-Cloud-FT,885,1,1,0,0,0,0,0.9391631484031677
video07,TriClass-Cloud-FT,886,1,1,0,0,0,0,0.9384108185768127
video07,TriClass-Cloud-FT,887,1,1,0,0,0,0,0.9329865574836731
video07,TriClass-Cloud-FT,888,1,1,0,0,0,0,0.9320828914642334
video07,TriClass-Cloud-FT,889,1,1,0,0,0,0,0.9370501637458801
video07,TriClass-Cloud-FT,890,1,1,0,0,0,0,0.9415798187255859
video07,TriClass-Cloud-FT,891,1,1,0,0,0,0,0.94170081615448
video07,TriClass-Cloud-FT,892,1,1,0,0,0,0,0.9413641691207886
video07,TriClass-Cloud-FT,893,1,1,0,0,0,0,0.9429796934127808
video07,TriClass-Cloud-FT,894,1,1,0,0,0,0,0.9367699027061462
video07,TriClass-Cloud-FT,895,1,1,0,0,0,0,0.9427323937416077
video07,TriClass-Cloud-FT,896,1,1,0,0,0,0,0.9427501559257507
video07,TriClass-Cloud-FT,897,1,1,0,0,0,0,0.935269296169281
video07,TriClass-Cloud-FT,898,1,1,0,0,0,0,0.9402384161949158
video07,TriClass-Cloud-FT,899,1,1,0,0,0,0,0.9415460824966431
video07,TriClass-Cloud-FT,900,1,1,0,0,0,0,0.936691403388977
video07,TriClass-Cloud-FT,901,1,1,0,0,0,0,0.9422885775566101
video07,TriClass-Cloud-FT,902,1,1,0,0,0,0,0.9400053024291992
video07,TriClass-Cloud-FT,903,1,1,0,0,0,0,0.9401147365570068
video07,TriClass-Cloud-FT,904,1,1,0,0,0,0,0.9434486627578735
video07,TriClass-Cloud-FT,905,1,1,0,0,0,0,0.9409070611000061
video07,TriClass-Cloud-FT,906,1,1,0,0,0,0,0.9417042136192322
video07,TriClass-Cloud-FT,907,1,1,0,0,0,0,0.9424682259559631
video07,TriClass-Cloud-FT,908,1,1,0,0,0,0,0.9410014152526855
video07,TriClass-Cloud-FT,909,1,1,0,0,0,0,0.939915120601654
video07,TriClass-Cloud-FT,910,1,1,0,0,0,0,0.9382628202438354
video07,TriClass-Cloud-FT,911,1,1,0,0,0,0,0.9415250420570374
video07,TriClass-Cloud-FT,912,1,1,0,0,0,0,0.9417905807495117
video07,TriClass-Cloud-FT,913,1,1,0,0,0,0,0.9418094158172607
video07,TriClass-Cloud-FT,914,1,1,0,0,0,0,0.9452786445617676
video07,TriClass-Cloud-FT,915,1,1,0,0,0,0,0.94265216588974
video07,TriClass-Cloud-FT,916,1,1,0,0,0,0,0.9380292296409607
video07,TriClass-Cloud-FT,917,1,1,0,0,0,0,0.9452788829803467
video07,TriClass-Cloud-FT,918,1,1,0,0,0,0,0.9427648782730103
video07,TriClass-Cloud-FT,919,1,1,0,0,0,0,0.9417984485626221
video07,TriClass-Cloud-FT,920,1,1,0,0,0,0,0.9418423175811768
video07,TriClass-Cloud-FT,921,1,1,0,0,0,0,0.9418229460716248
video07,TriClass-Cloud-FT,922,1,1,0,0,0,0,0.9333951473236084
video07,TriClass-Cloud-FT,923,1,1,0,0,0,0,0.8869946002960205
video07,TriClass-Cloud-FT,924,1,1,0,0,0,0,0.9321209192276001
video07,TriClass-Cloud-FT,925,1,1,0,0,0,0,0.9323307871818542
video07,TriClass-Cloud-FT,926,1,1,0,0,0,0,0.9375245571136475
video07,TriClass-Cloud-FT,927,1,1,0,0,0,0,0.9284870028495789
video07,TriClass-Cloud-FT,928,1,1,0,0,0,0,0.9416348934173584
video07,TriClass-Cloud-FT,929,1,1,0,0,0,0,0.9437634348869324
video07,TriClass-Cloud-FT,930,1,1,0,0,0,0,0.9415957927703857
video07,TriClass-Cloud-FT,931,1,1,0,0,0,0,0.9411856532096863
video07,TriClass-Cloud-FT,932,1,1,0,0,0,0,0.9340581297874451
video07,TriClass-Cloud-FT,933,1,1,0,0,0,0,0.9245004057884216
video07,TriClass-Cloud-FT,934,1,1,0,0,0,0,0.9372760057449341
video07,TriClass-Cloud-FT,935,1,1,0,0,0,0,0.9349678158760071
video07,TriClass-Cloud-FT,936,1,1,0,0,0,0,0.9393219351768494
video07,TriClass-Cloud-FT,937,1,1,0,0,0,0,0.9360529780387878
video07,TriClass-Cloud-FT,938,1,1,0,0,0,0,0.9257940649986267
video07,TriClass-Cloud-FT,939,1,1,0,0,0,0,0.9401378035545349
video07,TriClass-Cloud-FT,940,1,1,0,0,0,0,0.9385378360748291
video07,TriClass-Cloud-FT,941,1,1,0,0,0,0,0.9355345368385315
video07,TriClass-Cloud-FT,942,1,1,0,0,0,0,0.9397653937339783
video07,TriClass-Cloud-FT,943,1,1,0,0,0,0,0.9340135455131531
video07,TriClass-Cloud-FT,944,1,1,0,0,0,0,0.9361911416053772
video07,TriClass-Cloud-FT,945,1,1,0,0,0,0,0.8992486000061035
video07,TriClass-Cloud-FT,946,1,1,0,0,0,0,0.9337470531463623
video07,TriClass-Cloud-FT,947,1,1,0,0,0,0,0.9373963475227356
video07,TriClass-Cloud-FT,948,1,1,0,0,0,0,0.9377548098564148
video07,TriClass-Cloud-FT,949,1,1,0,0,0,0,0.9344156384468079
video07,TriClass-Cloud-FT,950,1,1,0,0,0,0,0.9272730350494385
video07,TriClass-Cloud-FT,951,1,1,0,0,0,0,0.9341922402381897
video07,TriClass-Cloud-FT,952,1,1,0,0,0,0,0.926006555557251
video07,TriClass-Cloud-FT,953,1,1,0,0,0,0,0.9329980611801147
video07,TriClass-Cloud-FT,954,2,2,0,0,0,0,0.9169504046440125
video07,TriClass-Cloud-FT,955,2,2,0,0,0,0,0.9239095449447632
video07,TriClass-Cloud-FT,956,1,1,0,0,0,0,0.9326503872871399
video07,TriClass-Cloud-FT,957,1,1,0,0,0,0,0.9309092164039612
video07,TriClass-Cloud-FT,958,1,1,0,0,0,0,0.9065415859222412
video07,TriClass-Cloud-FT,959,1,1,0,0,0,0,0.9209018349647522
video07,TriClass-Cloud-FT,960,1,1,0,0,0,0,0.9318177103996277
video07,TriClass-Cloud-FT,961,1,1,0,0,0,0,0.9318807721138
video07,TriClass-Cloud-FT,962,1,1,0,0,0,0,0.9310792684555054
video07,TriClass-Cloud-FT,963,1,1,0,0,0,0,0.9345316886901855
video07,TriClass-Cloud-FT,964,1,1,0,0,0,0,0.9380645155906677
video07,TriClass-Cloud-FT,965,1,1,0,0,0,0,0.9284186363220215
video07,TriClass-Cloud-FT,966,1,1,0,0,0,0,0.9347771406173706
video07,TriClass-Cloud-FT,967,1,1,0,0,0,0,0.8794183135032654
video07,TriClass-Cloud-FT,968,1,1,0,0,0,0,0.8929794430732727
video07,TriClass-Cloud-FT,969,1,1,0,0,0,0,0.9316458106040955
video07,TriClass-Cloud-FT,970,1,1,0,0,0,0,0.9336419105529785
video07,TriClass-Cloud-FT,971,1,1,0,0,0,0,0.9327818751335144
video07,TriClass-Cloud-FT,972,1,1,0,0,0,0,0.9335728883743286
video07,TriClass-Cloud-FT,973,1,1,0,0,0,0,0.9329124689102173
video07,TriClass-Cloud-FT,974,1,1,0,0,0,0,0.931858479976654
video07,TriClass-Cloud-FT,975,1,1,0,0,0,0,0.9376611113548279
video07,TriClass-Cloud-FT,976,1,1,0,0,0,0,0.93748939037323
video07,TriClass-Cloud-FT,977,1,1,0,0,0,0,0.9323762655258179
video07,TriClass-Cloud-FT,978,1,1,0,0,0,0,0.9319576621055603
video07,TriClass-Cloud-FT,979,1,1,0,0,0,0,0.9365134835243225
video07,TriClass-Cloud-FT,980,2,2,0,0,0,0,0.8226881623268127
video07,TriClass-Cloud-FT,981,1,1,0,0,0,0,0.9334859251976013
video07,TriClass-Cloud-FT,982,1,1,0,0,0,0,0.9296567440032959
video07,TriClass-Cloud-FT,983,1,1,0,0,0,0,0.9324846863746643
video07,TriClass-Cloud-FT,984,1,1,0,0,0,0,0.9296385049819946
video07,TriClass-Cloud-FT,985,1,1,0,0,0,0,0.9310318231582642
video07,TriClass-Cloud-FT,986,1,1,0,0,0,0,0.93370121717453
video07,TriClass-Cloud-FT,987,1,1,0,0,0,0,0.9369536638259888
video07,TriClass-Cloud-FT,988,1,1,0,0,0,0,0.9345120191574097
video07,TriClass-Cloud-FT,989,1,1,0,0,0,0,0.9379158020019531
video07,TriClass-Cloud-FT,990,1,1,0,0,0,0,0.9357003569602966
video07,TriClass-Cloud-FT,991,1,1,0,0,0,0,0.9323265552520752
video07,TriClass-Cloud-FT,992,1,1,0,0,0,0,0.9339529871940613
video07,TriClass-Cloud-FT,993,1,1,0,0,0,0,0.9400317072868347
video07,TriClass-Cloud-FT,994,1,1,0,0,0,0,0.9371094107627869
video07,TriClass-Cloud-FT,995,1,1,0,0,0,0,0.9334656596183777
video07,TriClass-Cloud-FT,996,1,1,0,0,0,0,0.9309764504432678
video07,TriClass-Cloud-FT,997,1,1,0,0,0,0,0.9320128560066223
video07,TriClass-Cloud-FT,998,1,1,0,0,0,0,0.9391301274299622
video07,TriClass-Cloud-FT,999,1,1,0,0,0,0,0.9427273869514465
video07,TriClass-Cloud-FT,1000,1,1,0,0,0,0,0.9382117986679077
video07,TriClass-Cloud-FT,1001,1,1,0,0,0,0,0.9382827281951904
video07,TriClass-Cloud-FT,1002,1,1,0,0,0,0,0.9406706094741821
video07,TriClass-Cloud-FT,1003,1,1,0,0,0,0,0.9253499507904053
video07,TriClass-Cloud-FT,1004,1,1,0,0,0,0,0.9372559785842896
video07,TriClass-Cloud-FT,1005,1,1,0,0,0,0,0.8988831639289856
video07,TriClass-Cloud-FT,1006,1,1,0,0,0,0,0.9220641851425171
video07,TriClass-Cloud-FT,1007,1,1,0,0,0,0,0.9261907935142517
video07,TriClass-Cloud-FT,1008,1,1,0,0,0,0,0.9388708472251892
video07,TriClass-Cloud-FT,1009,1,1,0,0,0,0,0.9447984099388123
video07,TriClass-Cloud-FT,1010,1,1,0,0,0,0,0.9428663849830627
video07,TriClass-Cloud-FT,1011,1,1,0,0,0,0,0.9394179582595825
video07,TriClass-Cloud-FT,1012,1,1,0,0,0,0,0.9453016519546509
video07,TriClass-Cloud-FT,1013,1,1,0,0,0,0,0.9432581663131714
video07,TriClass-Cloud-FT,1014,1,1,0,0,0,0,0.9436722993850708
video07,TriClass-Cloud-FT,1015,1,1,0,0,0,0,0.9447734951972961
video07,TriClass-Cloud-FT,1016,1,1,0,0,0,0,0.9399527311325073
video07,TriClass-Cloud-FT,1017,1,1,0,0,0,0,0.9408811926841736
video07,TriClass-Cloud-FT,1018,1,1,0,0,0,0,0.9368492364883423
video07,TriClass-Cloud-FT,1019,1,1,0,0,0,0,0.9334540367126465
video07,TriClass-Cloud-FT,1020,1,1,0,0,0,0,0.9378006458282471
video07,TriClass-Cloud-FT,1021,1,1,0,0,0,0,0.8997906446456909
video07,TriClass-Cloud-FT,1022,1,1,0,0,0,0,0.9061442017555237
video07,TriClass-Cloud-FT,1023,1,1,0,0,0,0,0.9296321272850037
video07,TriClass-Cloud-FT,1024,1,1,0,0,0,0,0.9268814325332642
video07,TriClass-Cloud-FT,1025,1,1,0,0,0,0,0.9080182909965515
video07,TriClass-Cloud-FT,1026,1,1,0,0,0,0,0.9241917729377747
video07,TriClass-Cloud-FT,1027,1,1,0,0,0,0,0.8221991658210754
video07,TriClass-Cloud-FT,1028,1,1,0,0,0,0,0.8802337050437927
video07,TriClass-Cloud-FT,1029,1,1,0,0,0,0,0.9215370416641235
video07,TriClass-Cloud-FT,1030,1,1,0,0,0,0,0.9181047081947327
video07,TriClass-Cloud-FT,1031,2,2,0,0,0,0,0.6205933094024658
video07,TriClass-Cloud-FT,1032,1,1,0,0,0,0,0.8632453083992004
video07,TriClass-Cloud-FT,1033,1,1,0,0,0,0,0.6700870990753174
video07,TriClass-Cloud-FT,1034,2,2,0,0,0,0,0.8305044174194336
video07,TriClass-Cloud-FT,1035,1,1,0,0,0,0,0.8425461053848267
video07,TriClass-Cloud-FT,1036,1,1,0,0,0,0,0.9180711507797241
video07,TriClass-Cloud-FT,1037,1,1,0,0,0,0,0.9046607613563538
video07,TriClass-Cloud-FT,1038,1,1,0,0,0,0,0.9231892228126526
video07,TriClass-Cloud-FT,1039,1,1,0,0,0,0,0.8928755521774292
video07,TriClass-Cloud-FT,1040,1,1,0,0,0,0,0.9206189513206482
video07,TriClass-Cloud-FT,1041,1,1,0,0,0,0,0.6339508891105652
video07,TriClass-Cloud-FT,1042,2,2,0,0,1,0,0.7286762595176697
video07,TriClass-Cloud-FT,1043,1,1,0,0,0,0,0.8645706176757812
video07,TriClass-Cloud-FT,1044,1,1,0,0,0,0,0.7920134663581848
video07,TriClass-Cloud-FT,1045,1,1,0,0,0,0,0.5719343423843384
video07,TriClass-Cloud-FT,1046,1,1,0,0,0,0,0.9004626274108887
video07,TriClass-Cloud-FT,1047,1,1,0,0,0,0,0.9198119640350342
video07,TriClass-Cloud-FT,1048,1,1,0,0,0,0,0.9167958498001099
video07,TriClass-Cloud-FT,1049,1,1,0,0,0,0,0.9015395045280457
video07,TriClass-Cloud-FT,1050,2,2,0,0,0,0,0.8772315382957458
video07,TriClass-Cloud-FT,1051,1,1,0,0,0,0,0.9229487180709839
video07,TriClass-Cloud-FT,1052,1,1,0,0,0,0,0.9209664463996887
video07,TriClass-Cloud-FT,1053,1,1,0,0,0,0,0.9227632284164429
video07,TriClass-Cloud-FT,1054,1,1,0,0,0,0,0.9176899790763855
video07,TriClass-Cloud-FT,1055,1,1,0,0,0,0,0.9147827625274658
video07,TriClass-Cloud-FT,1056,1,1,0,0,0,0,0.9106513857841492
video07,TriClass-Cloud-FT,1057,1,1,0,0,0,0,0.649543821811676
video07,TriClass-Cloud-FT,1058,1,1,0,0,0,0,0.8732489347457886
video07,TriClass-Cloud-FT,1059,1,1,0,0,0,0,0.8799211978912354
video07,TriClass-Cloud-FT,1060,1,1,0,0,0,0,0.9120829105377197
video07,TriClass-Cloud-FT,1061,1,1,0,0,0,0,0.9255926012992859
video07,TriClass-Cloud-FT,1062,1,1,0,0,0,0,0.9256383776664734
video07,TriClass-Cloud-FT,1063,1,1,0,0,0,0,0.9257407188415527
video07,TriClass-Cloud-FT,1064,1,1,0,0,0,0,0.9317011833190918
video07,TriClass-Cloud-FT,1065,1,1,0,0,0,0,0.927457869052887
video07,TriClass-Cloud-FT,1066,1,1,0,0,0,0,0.9353868365287781
video07,TriClass-Cloud-FT,1067,1,1,0,0,0,0,0.9196587204933167
video07,TriClass-Cloud-FT,1068,1,1,0,0,0,0,0.922093391418457
video07,TriClass-Cloud-FT,1069,2,2,0,0,0,0,0.6951240301132202
video07,TriClass-Cloud-FT,1070,1,1,0,0,0,0,0.8678389191627502
video07,TriClass-Cloud-FT,1071,1,1,0,0,0,0,0.9317058324813843
video07,TriClass-Cloud-FT,1072,1,1,0,0,0,0,0.9302741885185242
video07,TriClass-Cloud-FT,1073,1,1,0,0,0,0,0.9257870316505432
video07,TriClass-Cloud-FT,1074,1,1,0,0,0,0,0.9218717813491821
video07,TriClass-Cloud-FT,1075,2,2,0,0,0,0,0.8651105761528015
video07,TriClass-Cloud-FT,1076,1,1,0,0,0,0,0.8645236492156982
video07,TriClass-Cloud-FT,1077,1,1,0,0,0,0,0.7164695262908936
video07,TriClass-Cloud-FT,1078,1,1,0,0,0,0,0.7528604865074158
video07,TriClass-Cloud-FT,1079,1,1,0,0,0,0,0.7807270288467407
video07,TriClass-Cloud-FT,1080,2,2,0,0,0,0,0.8930097818374634
video07,TriClass-Cloud-FT,1081,2,2,0,0,0,0,0.803116500377655
video07,TriClass-Cloud-FT,1082,1,1,0,0,0,0,0.8633040189743042
video07,TriClass-Cloud-FT,1083,2,2,0,0,0,0,0.8083013296127319
video07,TriClass-Cloud-FT,1084,1,1,0,0,0,0,0.8707578778266907
video07,TriClass-Cloud-FT,1085,1,1,0,0,0,0,0.8894875049591064
video07,TriClass-Cloud-FT,1086,1,1,0,0,0,0,0.8039478659629822
video07,TriClass-Cloud-FT,1087,1,1,0,0,0,0,0.7887939214706421
video07,TriClass-Cloud-FT,1088,0,0,0,0,0,0,0.0
video07,TriClass-Cloud-FT,1089,0,0,0,0,0,0,0.0
video07,TriClass-Cloud-FT,1090,0,0,0,0,0,0,0.0
video07,TriClass-Cloud-FT,1091,0,0,0,0,0,0,0.0
video07,TriClass-Cloud-FT,1092,0,0,0,0,0,0,0.0
video07,TriClass-Cloud-FT,1093,0,0,0,0,0,0,0.0
video07,TriClass-Cloud-FT,1094,0,0,0,0,0,0,0.0
video07,TriClass-Cloud-FT,1095,0,0,0,0,0,0,0.0
video07,TriClass-Cloud-FT,1096,0,0,0,0,0,0,0.0
video07,TriClass-Cloud-FT,1097,0,0,0,0,0,0,0.0
video07,TriClass-Cloud-FT,1098,0,0,0,0,0,0,0.0
video07,TriClass-Cloud-FT,1099,0,0,0,0,0,0,0.0
video07,TriClass-Cloud-FT,1100,0,0,0,0,0,0,0.0
video07,TriClass-Cloud-FT,1101,0,0,0,0,0,0,0.0
video07,TriClass-Cloud-FT,1102,0,0,0,0,0,0,0.0
video07,TriClass-Cloud-FT,1103,0,0,0,0,0,0,0.0
video07,TriClass-Cloud-FT,1104,0,0,0,0,0,0,0.0
video07,TriClass-Cloud-FT,1105,0,0,0,0,0,0,0.0
video07,TriClass-Cloud-FT,1106,0,0,0,0,0,0,0.0
video07,TriClass-Cloud-FT,1107,0,0,0,0,0,0,0.0
video07,TriClass-Cloud-FT,1108,0,0,0,0,0,0,0.0
video07,TriClass-Cloud-FT,1109,0,0,0,0,0,0,0.0
video07,TriClass-Cloud-FT,1110,0,0,0,0,0,0,0.0
video07,TriClass-Cloud-FT,1111,0,0,0,0,0,0,0.0
video07,TriClass-Cloud-FT,1112,0,0,0,0,0,0,0.0
video07,TriClass-Cloud-FT,1113,0,0,0,0,0,0,0.0
video07,TriClass-Cloud-FT,1114,0,0,0,0,0,0,0.0
video07,TriClass-Cloud-FT,1115,0,0,0,0,0,0,0.0
video07,TriClass-Cloud-FT,1116,0,0,0,0,0,0,0.0
video07,TriClass-Cloud-FT,1117,0,0,0,0,0,0,0.0
video07,TriClass-Cloud-FT,1118,0,0,0,0,0,0,0.0
video07,TriClass-Cloud-FT,1119,0,0,0,0,0,0,0.0
video07,TriClass-Cloud-FT,1120,0,0,0,0,0,0,0.0
video07,TriClass-Cloud-FT,1121,0,0,0,0,0,0,0.0
video07,TriClass-Cloud-FT,1122,0,0,0,0,0,0,0.0
video07,TriClass-Cloud-FT,1123,0,0,0,0,0,0,0.0
video07,TriClass-Cloud-FT,1124,0,0,0,0,0,0,0.0
video07,TriClass-Cloud-FT,1125,0,0,0,0,0,0,0.0
video07,TriClass-Cloud-FT,1126,0,0,0,0,0,0,0.0
video07,TriClass-Cloud-FT,1127,0,0,0,0,0,0,0.0
video07,TriClass-Cloud-FT,1128,0,0,0,0,0,0,0.0
video07,TriClass-Cloud-FT,1129,0,0,0,0,0,0,0.0
video07,TriClass-Cloud-FT,1130,0,0,0,0,0,0,0.0
video07,TriClass-Cloud-FT,1131,0,0,0,0,0,0,0.0
video07,TriClass-Cloud-FT,1132,0,0,0,0,0,0,0.0
video07,TriClass-Cloud-FT,1133,0,0,0,0,0,0,0.0
video07,TriClass-Cloud-FT,1134,0,0,0,0,0,0,0.0
video07,TriClass-Cloud-FT,1135,0,0,0,0,0,0,0.0
video07,TriClass-Cloud-FT,1136,0,0,0,0,0,0,0.0
video07,TriClass-Cloud-FT,1137,0,0,0,0,0,0,0.0
video07,TriClass-Cloud-FT,1138,0,0,0,0,0,0,0.0
video07,TriClass-Cloud-FT,1139,0,0,0,0,0,0,0.0
video07,TriClass-Cloud-FT,1140,0,0,0,0,0,0,0.0
video07,TriClass-Cloud-FT,1141,0,0,0,0,0,0,0.0
video07,TriClass-Cloud-FT,1142,0,0,0,0,0,0,0.0
video07,TriClass-Cloud-FT,1143,0,0,0,0,0,0,0.0
video07,TriClass-Cloud-FT,1144,0,0,0,0,0,0,0.0
video07,TriClass-Cloud-FT,1145,0,0,0,0,0,0,0.0
video07,TriClass-Cloud-FT,1146,0,0,0,0,0,0,0.0
video07,TriClass-Cloud-FT,1147,0,0,0,0,0,0,0.0
video07,TriClass-Cloud-FT,1148,0,0,0,0,0,0,0.0
video07,TriClass-Cloud-FT,1149,0,0,0,0,0,0,0.0
video07,TriClass-Cloud-FT,1150,0,0,0,0,0,0,0.0
video07,TriClass-Cloud-FT,1151,0,0,0,0,0,0,0.0
video07,TriClass-Cloud-FT,1152,0,0,0,0,0,0,0.0
video07,TriClass-Cloud-FT,1153,0,0,0,0,0,0,0.0
video07,TriClass-Cloud-FT,1154,0,0,0,0,0,0,0.0
video07,TriClass-Cloud-FT,1155,0,0,0,0,0,0,0.0
video07,TriClass-Cloud-FT,1156,0,0,0,0,0,0,0.0
video07,TriClass-Cloud-FT,1157,0,0,0,0,0,0,0.0
video07,TriClass-Cloud-FT,1158,0,0,0,0,0,0,0.0
video07,TriClass-Cloud-FT,1159,0,0,0,0,0,0,0.0
video07,TriClass-Cloud-FT,1160,0,0,0,0,0,0,0.0
video07,TriClass-Cloud-FT,1161,0,0,0,0,0,0,0.0
video07,TriClass-Cloud-FT,1162,0,0,0,0,0,0,0.0
video07,TriClass-Cloud-FT,1163,0,0,0,0,0,0,0.0
video07,TriClass-Cloud-FT,1164,0,0,0,0,0,0,0.0
video07,TriClass-Cloud-FT,1165,0,0,0,0,0,0,0.0
video07,TriClass-Cloud-FT,1166,0,0,0,0,0,0,0.0
video07,TriClass-Cloud-FT,1167,0,0,0,0,0,0,0.0
video07,TriClass-Cloud-FT,1168,0,0,0,0,0,0,0.0
video07,TriClass-Cloud-FT,1169,0,0,0,0,0,0,0.0
video07,TriClass-Cloud-FT,1170,0,0,0,0,0,0,0.0
video07,TriClass-Cloud-FT,1171,0,0,0,0,0,0,0.0
video07,TriClass-Cloud-FT,1172,0,0,0,0,0,0,0.0
video07,TriClass-Cloud-FT,1173,0,0,0,0,0,0,0.0
video07,TriClass-Cloud-FT,1174,0,0,0,0,0,0,0.0
video07,TriClass-Cloud-FT,1175,0,0,0,0,0,0,0.0
video07,TriClass-Cloud-FT,1176,0,0,0,0,0,0,0.0
video07,TriClass-Cloud-FT,1177,0,0,0,0,0,0,0.0
video07,TriClass-Cloud-FT,1178,0,0,0,0,0,0,0.0
video07,TriClass-Cloud-FT,1179,0,0,0,0,0,0,0.0
video07,TriClass-Cloud-FT,1180,0,0,0,0,0,0,0.0
video07,TriClass-Cloud-FT,1181,0,0,0,0,0,0,0.0
video07,TriClass-Cloud-FT,1182,0,0,0,0,0,0,0.0
video07,TriClass-Cloud-FT,1183,0,0,0,0,0,0,0.0
video07,TriClass-Cloud-FT,1184,0,0,0,0,0,0,0.0
video07,TriClass-Cloud-FT,1185,0,0,0,0,0,0,0.0
video07,TriClass-Cloud-FT,1186,0,0,0,0,0,0,0.0
video07,TriClass-Cloud-FT,1187,0,0,0,0,0,0,0.0
video07,TriClass-Cloud-FT,1188,0,0,0,0,0,0,0.0
video07,TriClass-Cloud-FT,1189,0,0,0,0,0,0,0.0
video07,TriClass-Cloud-FT,1190,0,0,0,0,0,0,0.0
video07,TriClass-Cloud-FT,1191,0,0,0,0,0,0,0.0
video07,TriClass-Cloud-FT,1192,0,0,0,0,0,0,0.0
video07,TriClass-Cloud-FT,1193,0,0,0,0,0,0,0.0
video07,TriClass-Cloud-FT,1194,0,0,0,0,0,0,0.0
video07,TriClass-Cloud-FT,1195,0,0,0,0,0,0,0.0
video07,TriClass-Cloud-FT,1196,0,0,0,0,0,0,0.0
video07,TriClass-Cloud-FT,1197,0,0,0,0,0,0,0.0
video07,TriClass-Cloud-FT,1198,0,0,0,0,0,0,0.0
video07,TriClass-Cloud-FT,1199,0,0,0,0,0,0,0.0
video07,TriClass-Cloud-FT,1200,0,0,0,0,0,0,0.0
video07,TriClass-Cloud-FT,1201,0,0,0,0,0,0,0.0
video07,TriClass-Cloud-FT,1202,0,0,0,0,0,0,0.0
video07,TriClass-Cloud-FT,1203,1,1,0,0,0,0,0.41982099413871765
video07,TriClass-Cloud-FT,1204,1,1,0,0,0,0,0.7209776043891907
video07,TriClass-Cloud-FT,1205,0,0,0,0,0,0,0.0
video07,TriClass-Cloud-FT,1206,0,0,0,0,0,0,0.0
video07,TriClass-Cloud-FT,1207,1,1,0,0,0,0,0.7447136640548706
video07,TriClass-Cloud-FT,1208,1,1,0,0,0,0,0.7852475047111511
video07,TriClass-Cloud-FT,1209,1,1,0,0,0,0,0.7871857285499573
video07,TriClass-Cloud-FT,1210,1,1,0,0,0,0,0.7280011773109436
video07,TriClass-Cloud-FT,1211,1,1,0,0,0,0,0.7482606768608093
video07,TriClass-Cloud-FT,1212,1,1,0,0,0,0,0.533386766910553
video07,TriClass-Cloud-FT,1213,0,0,0,0,0,0,0.0
video07,TriClass-Cloud-FT,1214,1,1,0,0,0,0,0.7187837362289429
video07,TriClass-Cloud-FT,1215,1,1,0,0,0,0,0.7735339403152466
video07,TriClass-Cloud-FT,1216,1,1,0,0,0,0,0.7079571485519409
video07,TriClass-Cloud-FT,1217,1,1,0,0,0,0,0.8274494409561157
video07,TriClass-Cloud-FT,1218,1,1,0,0,0,0,0.8242721557617188
video07,TriClass-Cloud-FT,1219,1,1,0,0,0,0,0.790669858455658
video07,TriClass-Cloud-FT,1220,1,1,0,0,0,0,0.6758107542991638
video07,TriClass-Cloud-FT,1221,1,1,0,0,0,0,0.5868410468101501
video07,TriClass-Cloud-FT,1222,0,0,0,0,0,0,0.0
video07,TriClass-Cloud-FT,1223,0,0,0,0,0,0,0.0
video07,TriClass-Cloud-FT,1224,1,1,0,0,0,0,0.7886542677879333
video07,TriClass-Cloud-FT,1225,1,1,0,0,0,0,0.4702274799346924
video07,TriClass-Cloud-FT,1226,1,1,0,0,0,0,0.6974809169769287
video07,TriClass-Cloud-FT,1227,0,0,0,0,0,0,0.0
video07,TriClass-Cloud-FT,1228,0,0,0,0,0,0,0.0
video07,TriClass-Cloud-FT,1229,0,0,0,0,0,0,0.0
video07,TriClass-Cloud-FT,1230,0,0,0,0,0,0,0.0
video07,TriClass-Cloud-FT,1231,0,0,0,0,0,0,0.0
video07,TriClass-Cloud-FT,1232,0,0,0,0,0,0,0.0
video07,TriClass-Cloud-FT,1233,0,0,0,0,0,0,0.0
video07,TriClass-Cloud-FT,1234,0,0,0,0,0,0,0.0
video07,TriClass-Cloud-FT,1235,0,0,0,0,0,0,0.0
video07,TriClass-Cloud-FT,1236,0,0,0,0,0,0,0.0
video07,TriClass-Cloud-FT,1237,0,0,0,0,0,0,0.0
video07,TriClass-Cloud-FT,1238,0,0,0,0,0,0,0.0
video07,TriClass-Cloud-FT,1239,0,0,0,0,0,0,0.0
video07,TriClass-Cloud-FT,1240,0,0,0,0,0,0,0.0
video07,TriClass-Cloud-FT,1241,0,0,0,0,0,0,0.0
video07,TriClass-Cloud-FT,1242,0,0,0,0,0,0,0.0
video07,TriClass-Cloud-FT,1243,0,0,0,0,0,0,0.0
video07,TriClass-Cloud-FT,1244,0,0,0,0,0,0,0.0
video07,TriClass-Cloud-FT,1245,0,0,0,0,0,0,0.0
video07,TriClass-Cloud-FT,1246,0,0,0,0,0,0,0.0
video07,TriClass-Cloud-FT,1247,0,0,0,0,0,0,0.0
video07,TriClass-Cloud-FT,1248,0,0,0,0,0,0,0.0
video07,TriClass-Cloud-FT,1249,1,1,0,0,0,0,0.5460623502731323
video07,TriClass-Cloud-FT,1250,0,0,0,0,0,0,0.0
video07,TriClass-Cloud-FT,1251,1,1,0,0,0,0,0.55186527967453
video07,TriClass-Cloud-FT,1252,2,2,0,0,0,0,0.674574613571167
video07,TriClass-Cloud-FT,1253,0,0,0,0,0,0,0.0
video07,TriClass-Cloud-FT,1254,1,1,0,0,0,0,0.6017941832542419
video07,TriClass-Cloud-FT,1255,1,1,0,0,0,0,0.6916182041168213
video07,TriClass-Cloud-FT,1256,1,1,0,0,0,0,0.7752537131309509
video07,TriClass-Cloud-FT,1257,0,0,0,0,0,0,0.0
video07,TriClass-Cloud-FT,1258,0,0,0,0,0,0,0.0
video07,TriClass-Cloud-FT,1259,0,0,0,0,0,0,0.0
video07,TriClass-Cloud-FT,1260,0,0,0,0,0,0,0.0
video07,TriClass-Cloud-FT,1261,0,0,0,0,0,0,0.0
video07,TriClass-Cloud-FT,1262,0,0,0,0,0,0,0.0
video07,TriClass-Cloud-FT,1263,0,0,0,0,0,0,0.0
video07,TriClass-Cloud-FT,1264,0,0,0,0,0,0,0.0
video07,TriClass-Cloud-FT,1265,0,0,0,0,0,0,0.0
video07,TriClass-Cloud-FT,1266,0,0,0,0,0,0,0.0
video07,TriClass-Cloud-FT,1267,0,0,0,0,0,0,0.0
video07,TriClass-Cloud-FT,1268,0,0,0,0,0,0,0.0
video07,TriClass-Cloud-FT,1269,0,0,0,0,0,0,0.0
video07,TriClass-Cloud-FT,1270,0,0,0,0,0,0,0.0
video07,TriClass-Cloud-FT,1271,0,0,0,0,0,0,0.0
video07,TriClass-Cloud-FT,1272,0,0,0,0,0,0,0.0
video07,TriClass-Cloud-FT,1273,0,0,0,0,0,0,0.0
video07,TriClass-Cloud-FT,1274,0,0,0,0,0,0,0.0
video07,TriClass-Cloud-FT,1275,0,0,0,0,0,0,0.0
video07,TriClass-Cloud-FT,1276,0,0,0,0,0,0,0.0
video07,TriClass-Cloud-FT,1277,1,1,0,0,0,0,0.6811040043830872
video07,TriClass-Cloud-FT,1278,1,1,0,0,0,0,0.7479749321937561
video07,TriClass-Cloud-FT,1279,0,0,0,0,0,0,0.0
video07,TriClass-Cloud-FT,1280,0,0,0,0,0,0,0.0
video07,TriClass-Cloud-FT,1281,0,0,0,0,0,0,0.0
video07,TriClass-Cloud-FT,1282,0,0,0,0,0,0,0.0
video07,TriClass-Cloud-FT,1283,0,0,0,0,0,0,0.0
video07,TriClass-Cloud-FT,1284,0,0,0,0,0,0,0.0
video07,TriClass-Cloud-FT,1285,0,0,0,0,0,0,0.0
video07,TriClass-Cloud-FT,1286,0,0,0,0,0,0,0.0
video07,TriClass-Cloud-FT,1287,0,0,0,0,0,0,0.0
video07,TriClass-Cloud-FT,1288,0,0,0,0,0,0,0.0
video07,TriClass-Cloud-FT,1289,0,0,0,0,0,0,0.0
video07,TriClass-Cloud-FT,1290,0,0,0,0,0,0,0.0
video07,TriClass-Cloud-FT,1291,0,0,0,0,0,0,0.0
video07,TriClass-Cloud-FT,1292,0,0,0,0,0,0,0.0
video07,TriClass-Cloud-FT,1293,0,0,0,0,0,0,0.0
video07,TriClass-Cloud-FT,1294,0,0,0,0,0,0,0.0
video07,TriClass-Cloud-FT,1295,0,0,0,0,0,0,0.0
video07,TriClass-Cloud-FT,1296,0,0,0,0,0,0,0.0
video07,TriClass-Cloud-FT,1297,0,0,0,0,0,0,0.0
video07,TriClass-Cloud-FT,1298,0,0,0,0,0,0,0.0
video07,TriClass-Cloud-FT,1299,0,0,0,0,0,0,0.0
video07,TriClass-Cloud-FT,1300,0,0,0,0,0,0,0.0
video07,TriClass-Cloud-FT,1301,0,0,0,0,0,0,0.0
video07,TriClass-Cloud-FT,1302,0,0,0,0,0,0,0.0
video07,TriClass-Cloud-FT,1303,0,0,0,0,0,0,0.0
video07,TriClass-Cloud-FT,1304,0,0,0,0,0,0,0.0
video07,TriClass-Cloud-FT,1305,0,0,0,0,0,0,0.0
video07,TriClass-Cloud-FT,1306,0,0,0,0,0,0,0.0
video07,TriClass-Cloud-FT,1307,0,0,0,0,0,0,0.0
video07,TriClass-Cloud-FT,1308,0,0,0,0,0,0,0.0
video07,TriClass-Cloud-FT,1309,0,0,0,0,0,0,0.0
video07,TriClass-Cloud-FT,1310,0,0,0,0,0,0,0.0
video07,TriClass-Cloud-FT,1311,0,0,0,0,0,0,0.0
video07,TriClass-Cloud-FT,1312,0,0,0,0,0,0,0.0
video07,TriClass-Cloud-FT,1313,0,0,0,0,0,0,0.0
video07,TriClass-Cloud-FT,1314,0,0,0,0,0,0,0.0
video07,TriClass-Cloud-FT,1315,0,0,0,0,0,0,0.0
video07,TriClass-Cloud-FT,1316,0,0,0,0,0,0,0.0
video07,TriClass-Cloud-FT,1317,0,0,0,0,0,0,0.0
video07,TriClass-Cloud-FT,1318,0,0,0,0,0,0,0.0
video07,TriClass-Cloud-FT,1319,0,0,0,0,0,0,0.0
video07,TriClass-Cloud-FT,1320,0,0,0,0,0,0,0.0
video07,TriClass-Cloud-FT,1321,0,0,0,0,0,0,0.0
video07,TriClass-Cloud-FT,1322,0,0,0,0,0,0,0.0
video07,TriClass-Cloud-FT,1323,0,0,0,0,0,0,0.0
video07,TriClass-Cloud-FT,1324,0,0,0,0,0,0,0.0
video07,TriClass-Cloud-FT,1325,0,0,0,0,0,0,0.0
video07,TriClass-Cloud-FT,1326,0,0,0,0,0,0,0.0
video07,TriClass-Cloud-FT,1327,0,0,0,0,0,0,0.0
video07,TriClass-Cloud-FT,1328,0,0,0,0,0,0,0.0
video07,TriClass-Cloud-FT,1329,0,0,0,0,0,0,0.0
video07,TriClass-Cloud-FT,1330,0,0,0,0,0,0,0.0
video07,TriClass-Cloud-FT,1331,1,1,0,0,0,0,0.4426553249359131
video07,TriClass-Cloud-FT,1332,1,1,0,0,0,0,0.6138565540313721
video07,TriClass-Cloud-FT,1333,1,1,0,0,0,0,0.37297388911247253
video07,TriClass-Cloud-FT,1334,1,1,0,0,0,0,0.8669620752334595
video07,TriClass-Cloud-FT,1335,1,1,0,0,0,0,0.8995695114135742
video07,TriClass-Cloud-FT,1336,2,2,0,0,0,0,0.7577463984489441
video07,TriClass-Cloud-FT,1337,1,1,0,0,0,0,0.7813873291015625
video07,TriClass-Cloud-FT,1338,1,1,0,0,0,0,0.8401093482971191
video07,TriClass-Cloud-FT,1339,1,1,0,0,0,0,0.863161027431488
video07,TriClass-Cloud-FT,1340,1,1,0,0,0,0,0.8389217257499695
video07,TriClass-Cloud-FT,1341,1,1,0,0,0,0,0.8756686449050903
video07,TriClass-Cloud-FT,1342,1,1,0,0,0,0,0.8637410402297974
video07,TriClass-Cloud-FT,1343,1,1,0,0,0,0,0.7991085052490234
video07,TriClass-Cloud-FT,1344,1,1,0,0,0,0,0.7880496978759766
video07,TriClass-Cloud-FT,1345,1,1,0,0,0,0,0.788258969783783
video07,TriClass-Cloud-FT,1346,1,1,0,0,0,0,0.7509890794754028
video07,TriClass-Cloud-FT,1347,1,1,0,0,0,0,0.5446363091468811
video07,TriClass-Cloud-FT,1348,1,1,0,0,1,0,0.33937138319015503
video07,TriClass-Cloud-FT,1349,0,0,0,0,0,0,0.0
video07,TriClass-Cloud-FT,1350,0,0,0,0,0,0,0.0
video07,TriClass-Cloud-FT,1351,0,0,0,0,0,0,0.0
video07,TriClass-Cloud-FT,1352,0,0,0,0,0,0,0.0
video07,TriClass-Cloud-FT,1353,0,0,0,0,0,0,0.0
video07,TriClass-Cloud-FT,1354,0,0,0,0,0,0,0.0
video07,TriClass-Cloud-FT,1355,0,0,0,0,0,0,0.0
video07,TriClass-Cloud-FT,1356,0,0,0,0,0,0,0.0
video07,TriClass-Cloud-FT,1357,0,0,0,0,0,0,0.0
video07,TriClass-Cloud-FT,1358,0,0,0,0,0,0,0.0
video07,TriClass-Cloud-FT,1359,0,0,0,0,0,0,0.0
video07,TriClass-Cloud-FT,1360,0,0,0,0,0,0,0.0
video07,TriClass-Cloud-FT,1361,0,0,0,0,0,0,0.0
video07,TriClass-Cloud-FT,1362,0,0,0,0,0,0,0.0
video07,TriClass-Cloud-FT,1363,0,0,0,0,0,0,0.0
video07,TriClass-Cloud-FT,1364,0,0,0,0,0,0,0.0
video07,TriClass-Cloud-FT,1365,0,0,0,0,0,0,0.0
video07,TriClass-Cloud-FT,1366,0,0,0,0,0,0,0.0
video07,TriClass-Cloud-FT,1367,0,0,0,0,0,0,0.0
video07,TriClass-Cloud-FT,1368,0,0,0,0,0,0,0.0
video07,TriClass-Cloud-FT,1369,1,1,0,0,0,0,0.6346877217292786
video07,TriClass-Cloud-FT,1370,1,1,0,0,0,0,0.716408908367157
video07,TriClass-Cloud-FT,1371,1,1,0,0,0,0,0.5302497744560242
video07,TriClass-Cloud-FT,1372,1,1,0,0,0,0,0.7876960039138794
video07,TriClass-Cloud-FT,1373,1,1,0,0,0,0,0.8809609413146973
video07,TriClass-Cloud-FT,1374,1,1,0,0,0,0,0.8906867504119873
video07,TriClass-Cloud-FT,1375,1,1,0,0,0,0,0.9020623564720154
video07,TriClass-Cloud-FT,1376,1,1,0,0,0,0,0.9293703436851501
video07,TriClass-Cloud-FT,1377,1,1,0,0,0,0,0.9309578537940979
video07,TriClass-Cloud-FT,1378,1,1,0,0,0,0,0.9293647408485413
video07,TriClass-Cloud-FT,1379,1,1,0,0,0,0,0.9257907867431641
video07,TriClass-Cloud-FT,1380,1,1,0,0,0,0,0.9268011450767517
video07,TriClass-Cloud-FT,1381,1,1,0,0,0,0,0.9203941226005554
video07,TriClass-Cloud-FT,1382,1,1,0,0,0,0,0.919852614402771
video07,TriClass-Cloud-FT,1383,1,1,0,0,0,0,0.9168828725814819
video07,TriClass-Cloud-FT,1384,1,1,0,0,0,0,0.9302956461906433
video07,TriClass-Cloud-FT,1385,1,1,0,0,0,0,0.9328358769416809
video07,TriClass-Cloud-FT,1386,1,1,0,0,0,0,0.925949215888977
video07,TriClass-Cloud-FT,1387,1,1,0,0,0,0,0.9346933364868164
video07,TriClass-Cloud-FT,1388,1,1,0,0,0,0,0.9247468709945679
video07,TriClass-Cloud-FT,1389,1,1,0,0,0,0,0.9232122302055359
video07,TriClass-Cloud-FT,1390,1,1,0,0,0,0,0.9278268814086914
video07,TriClass-Cloud-FT,1391,2,2,0,0,0,0,0.9199234247207642
video07,TriClass-Cloud-FT,1392,1,1,0,0,0,0,0.9333286881446838
video07,TriClass-Cloud-FT,1393,1,1,0,0,0,0,0.9308589100837708
video07,TriClass-Cloud-FT,1394,1,1,0,0,0,0,0.9310774803161621
video07,TriClass-Cloud-FT,1395,1,1,0,0,0,0,0.9304493069648743
video07,TriClass-Cloud-FT,1396,1,1,0,0,0,0,0.9304234981536865
video07,TriClass-Cloud-FT,1397,1,1,0,0,0,0,0.9342446327209473
video07,TriClass-Cloud-FT,1398,1,1,0,0,0,0,0.9308896660804749
video07,TriClass-Cloud-FT,1399,1,1,0,0,0,0,0.9341592192649841
video07,TriClass-Cloud-FT,1400,1,1,0,0,0,0,0.9288970232009888
video07,TriClass-Cloud-FT,1401,1,1,0,0,0,0,0.9294511675834656
video07,TriClass-Cloud-FT,1402,1,1,0,0,0,0,0.9356104135513306
video07,TriClass-Cloud-FT,1403,1,1,0,0,0,0,0.9300876259803772
video07,TriClass-Cloud-FT,1404,1,1,0,0,0,0,0.9344997406005859
video07,TriClass-Cloud-FT,1405,1,1,0,0,0,0,0.9318841695785522
video07,TriClass-Cloud-FT,1406,1,1,0,0,0,0,0.9343957304954529
video07,TriClass-Cloud-FT,1407,1,1,0,0,0,0,0.9361755847930908
video07,TriClass-Cloud-FT,1408,1,1,0,0,0,0,0.9328985810279846
video07,TriClass-Cloud-FT,1409,1,1,0,0,0,0,0.9311121106147766
video07,TriClass-Cloud-FT,1410,1,1,0,0,0,0,0.9290758371353149
video07,TriClass-Cloud-FT,1411,1,1,0,0,0,0,0.9300338625907898
video07,TriClass-Cloud-FT,1412,1,1,0,0,0,0,0.9304086565971375
video07,TriClass-Cloud-FT,1413,1,1,0,0,0,0,0.9281476736068726
video07,TriClass-Cloud-FT,1414,1,1,0,0,0,0,0.9342107176780701
video07,TriClass-Cloud-FT,1415,1,1,0,0,0,0,0.9262888431549072
video07,TriClass-Cloud-FT,1416,1,1,0,0,0,0,0.9330530762672424
video07,TriClass-Cloud-FT,1417,1,1,0,0,0,0,0.9290115237236023
video07,TriClass-Cloud-FT,1418,1,1,0,0,0,0,0.9314923882484436
video07,TriClass-Cloud-FT,1419,1,1,0,0,0,0,0.9257007837295532
video07,TriClass-Cloud-FT,1420,1,1,0,0,0,0,0.9293649792671204
video07,TriClass-Cloud-FT,1421,1,1,0,0,0,0,0.9287929534912109
video07,TriClass-Cloud-FT,1422,1,1,0,0,0,0,0.9253263473510742
video07,TriClass-Cloud-FT,1423,1,1,0,0,0,0,0.9305258989334106
video07,TriClass-Cloud-FT,1424,1,1,0,0,0,0,0.927723228931427
video07,TriClass-Cloud-FT,1425,1,1,0,0,0,0,0.9322808384895325
video07,TriClass-Cloud-FT,1426,1,1,0,0,0,0,0.9300041794776917
video07,TriClass-Cloud-FT,1427,1,1,0,0,0,0,0.9306104183197021
video07,TriClass-Cloud-FT,1428,1,1,0,0,0,0,0.9308716058731079
video07,TriClass-Cloud-FT,1429,1,1,0,0,0,0,0.9333300590515137
video07,TriClass-Cloud-FT,1430,1,1,0,0,0,0,0.931770920753479
video07,TriClass-Cloud-FT,1431,1,1,0,0,0,0,0.9336433410644531
video07,TriClass-Cloud-FT,1432,1,1,0,0,0,0,0.9273959398269653
video07,TriClass-Cloud-FT,1433,1,1,0,0,0,0,0.930167019367218
video07,TriClass-Cloud-FT,1434,1,1,0,0,0,0,0.9292385578155518
video07,TriClass-Cloud-FT,1435,1,1,0,0,0,0,0.9352787733078003
video07,TriClass-Cloud-FT,1436,1,1,0,0,0,0,0.9308382272720337
video07,TriClass-Cloud-FT,1437,1,1,0,0,0,0,0.9368658661842346
video07,TriClass-Cloud-FT,1438,1,1,0,0,0,0,0.9329536557197571
video07,TriClass-Cloud-FT,1439,1,1,0,0,0,0,0.9364233613014221
video07,TriClass-Cloud-FT,1440,1,1,0,0,0,0,0.9352595806121826
video07,TriClass-Cloud-FT,1441,1,1,0,0,0,0,0.9328722953796387
video07,TriClass-Cloud-FT,1442,1,1,0,0,0,0,0.9341932535171509
video07,TriClass-Cloud-FT,1443,1,1,0,0,0,0,0.9391543865203857
video07,TriClass-Cloud-FT,1444,1,1,0,0,0,0,0.9310417771339417
video07,TriClass-Cloud-FT,1445,1,1,0,0,0,0,0.9366161823272705
video07,TriClass-Cloud-FT,1446,1,1,0,0,0,0,0.9338395595550537
video07,TriClass-Cloud-FT,1447,1,1,0,0,0,0,0.9318418502807617
video07,TriClass-Cloud-FT,1448,1,1,0,0,0,0,0.9288185238838196
video07,TriClass-Cloud-FT,1449,1,1,0,0,0,0,0.6784986853599548
video07,TriClass-Cloud-FT,1450,1,1,0,0,0,0,0.9274566769599915
video07,TriClass-Cloud-FT,1451,1,1,0,0,0,0,0.9301565885543823
video07,TriClass-Cloud-FT,1452,1,1,0,0,0,0,0.9262638688087463
video07,TriClass-Cloud-FT,1453,1,1,0,0,0,0,0.9286321401596069
video07,TriClass-Cloud-FT,1454,1,1,0,0,0,0,0.9341177344322205
video07,TriClass-Cloud-FT,1455,1,1,0,0,0,0,0.9280615448951721
video07,TriClass-Cloud-FT,1456,1,1,0,0,0,0,0.9355787634849548
video07,TriClass-Cloud-FT,1457,1,1,0,0,0,0,0.9320254921913147
video07,TriClass-Cloud-FT,1458,1,1,0,0,0,0,0.9338374733924866
video07,TriClass-Cloud-FT,1459,1,1,0,0,0,0,0.9321025609970093
video07,TriClass-Cloud-FT,1460,1,1,0,0,0,0,0.9353690147399902
video07,TriClass-Cloud-FT,1461,1,1,0,0,0,0,0.9298221468925476
video07,TriClass-Cloud-FT,1462,1,1,0,0,0,0,0.9318767189979553
video07,TriClass-Cloud-FT,1463,1,1,0,0,0,0,0.9313561916351318
video07,TriClass-Cloud-FT,1464,1,1,0,0,0,0,0.9278138279914856
video07,TriClass-Cloud-FT,1465,1,1,0,0,0,0,0.9337847828865051
video07,TriClass-Cloud-FT,1466,1,1,0,0,0,0,0.9302667379379272
video07,TriClass-Cloud-FT,1467,1,1,0,0,0,0,0.936757504940033
video07,TriClass-Cloud-FT,1468,1,1,0,0,0,0,0.9252198934555054
video07,TriClass-Cloud-FT,1469,1,1,0,0,0,0,0.9346851706504822
video07,TriClass-Cloud-FT,1470,1,1,0,0,0,0,0.9306632876396179
video07,TriClass-Cloud-FT,1471,1,1,0,0,0,0,0.9337302446365356
video07,TriClass-Cloud-FT,1472,1,1,0,0,0,0,0.9313007593154907
video07,TriClass-Cloud-FT,1473,1,1,0,0,0,0,0.9342803359031677
video07,TriClass-Cloud-FT,1474,1,1,0,0,0,0,0.931165874004364
video07,TriClass-Cloud-FT,1475,1,1,0,0,0,0,0.937065839767456
video07,TriClass-Cloud-FT,1476,1,1,0,0,0,0,0.9282395839691162
video07,TriClass-Cloud-FT,1477,1,1,0,0,0,0,0.9341330528259277
video07,TriClass-Cloud-FT,1478,1,1,0,0,0,0,0.9292528629302979
video07,TriClass-Cloud-FT,1479,1,1,0,0,0,0,0.9333615303039551
video07,TriClass-Cloud-FT,1480,1,1,0,0,0,0,0.9304894208908081
video07,TriClass-Cloud-FT,1481,1,1,0,0,0,0,0.9303824305534363
video07,TriClass-Cloud-FT,1482,1,1,0,0,0,0,0.9308601021766663
video07,TriClass-Cloud-FT,1483,1,1,0,0,0,0,0.9322682023048401
video07,TriClass-Cloud-FT,1484,1,1,0,0,0,0,0.9259934425354004
video07,TriClass-Cloud-FT,1485,1,1,0,0,0,0,0.9369304180145264
video07,TriClass-Cloud-FT,1486,1,1,0,0,0,0,0.9273890852928162
video07,TriClass-Cloud-FT,1487,1,1,0,0,0,0,0.9333106279373169
video07,TriClass-Cloud-FT,1488,1,1,0,0,0,0,0.9310699701309204
video07,TriClass-Cloud-FT,1489,1,1,0,0,0,0,0.9292872548103333
video07,TriClass-Cloud-FT,1490,1,1,0,0,0,0,0.9287324547767639
video07,TriClass-Cloud-FT,1491,1,1,0,0,0,0,0.9303134083747864
video07,TriClass-Cloud-FT,1492,1,1,0,0,0,0,0.9365867972373962
video07,TriClass-Cloud-FT,1493,1,1,0,0,0,0,0.935181736946106
video07,TriClass-Cloud-FT,1494,1,1,0,0,0,0,0.9357911944389343
video07,TriClass-Cloud-FT,1495,1,1,0,0,0,0,0.930899977684021
video07,TriClass-Cloud-FT,1496,1,1,0,0,0,0,0.934171736240387
video07,TriClass-Cloud-FT,1497,1,1,0,0,0,0,0.9302883148193359
video07,TriClass-Cloud-FT,1498,1,1,0,0,0,0,0.9331701397895813
video07,TriClass-Cloud-FT,1499,1,1,0,0,0,0,0.9320301413536072
video07,TriClass-Cloud-FT,1500,1,1,0,0,0,0,0.9317156672477722
video07,TriClass-Cloud-FT,1501,1,1,0,0,0,0,0.9295765161514282
video07,TriClass-Cloud-FT,1502,1,1,0,0,0,0,0.9289608001708984
video07,TriClass-Cloud-FT,1503,1,1,0,0,0,0,0.9291504621505737
video07,TriClass-Cloud-FT,1504,1,1,0,0,0,0,0.932290256023407
video07,TriClass-Cloud-FT,1505,1,1,0,0,0,0,0.9319737553596497
video07,TriClass-Cloud-FT,1506,1,1,0,0,0,0,0.9285832047462463
video07,TriClass-Cloud-FT,1507,1,1,0,0,0,0,0.9275836944580078
video07,TriClass-Cloud-FT,1508,1,1,0,0,0,0,0.9250288009643555
video07,TriClass-Cloud-FT,1509,1,1,0,0,0,0,0.931742787361145
video07,TriClass-Cloud-FT,1510,1,1,0,0,0,0,0.929581880569458
video07,TriClass-Cloud-FT,1511,1,1,0,0,0,0,0.9350779056549072
video07,TriClass-Cloud-FT,1512,1,1,0,0,0,0,0.9309247732162476
video07,TriClass-Cloud-FT,1513,1,1,0,0,0,0,0.9302926659584045
video07,TriClass-Cloud-FT,1514,1,1,0,0,0,0,0.9213076829910278
video07,TriClass-Cloud-FT,1515,1,1,0,0,0,0,0.9304390549659729
video07,TriClass-Cloud-FT,1516,1,1,0,0,0,0,0.9340247511863708
video07,TriClass-Cloud-FT,1517,1,1,0,0,0,0,0.9373214244842529
video07,TriClass-Cloud-FT,1518,1,1,0,0,0,0,0.9312354326248169
video07,TriClass-Cloud-FT,1519,1,1,0,0,0,0,0.9284469485282898
video07,TriClass-Cloud-FT,1520,1,1,0,0,0,0,0.9322113990783691
video07,TriClass-Cloud-FT,1521,1,1,0,0,0,0,0.9376819729804993
video07,TriClass-Cloud-FT,1522,1,1,0,0,0,0,0.9314565062522888
video07,TriClass-Cloud-FT,1523,1,1,0,0,0,0,0.9331517815589905
video07,TriClass-Cloud-FT,1524,1,1,0,0,0,0,0.9327728152275085
video07,TriClass-Cloud-FT,1525,1,1,0,0,0,0,0.9387614727020264
video07,TriClass-Cloud-FT,1526,1,1,0,0,0,0,0.9365447759628296
video07,TriClass-Cloud-FT,1527,1,1,0,0,0,0,0.9330592751502991
video07,TriClass-Cloud-FT,1528,1,1,0,0,0,0,0.9364955425262451
video07,TriClass-Cloud-FT,1529,1,1,0,0,0,0,0.9353805780410767
video07,TriClass-Cloud-FT,1530,1,1,0,0,0,0,0.9309174418449402
video07,TriClass-Cloud-FT,1531,1,1,0,0,0,0,0.9352229833602905
video07,TriClass-Cloud-FT,1532,1,1,0,0,0,0,0.9390093088150024
video07,TriClass-Cloud-FT,1533,1,1,0,0,0,0,0.9354113340377808
video07,TriClass-Cloud-FT,1534,1,1,0,0,0,0,0.9375430941581726
video07,TriClass-Cloud-FT,1535,1,1,0,0,0,0,0.9403839111328125
video07,TriClass-Cloud-FT,1536,1,1,0,0,0,0,0.9328272938728333
video07,TriClass-Cloud-FT,1537,1,1,0,0,0,0,0.9371524453163147
video07,TriClass-Cloud-FT,1538,1,1,0,0,0,0,0.9402182102203369
video07,TriClass-Cloud-FT,1539,1,1,0,0,0,0,0.9409703016281128
video07,TriClass-Cloud-FT,1540,1,1,0,0,0,0,0.9338018298149109
video07,TriClass-Cloud-FT,1541,1,1,0,0,0,0,0.9391700029373169
video07,TriClass-Cloud-FT,1542,1,1,0,0,0,0,0.9372316002845764
video07,TriClass-Cloud-FT,1543,1,1,0,0,0,0,0.9329802989959717
video07,TriClass-Cloud-FT,1544,1,1,0,0,0,0,0.9341738820075989
video07,TriClass-Cloud-FT,1545,1,1,0,0,0,0,0.9298170804977417
video07,TriClass-Cloud-FT,1546,1,1,0,0,0,0,0.9306405782699585
video07,TriClass-Cloud-FT,1547,1,1,0,0,0,0,0.9344746470451355
video07,TriClass-Cloud-FT,1548,1,1,0,0,0,0,0.9334945678710938
video07,TriClass-Cloud-FT,1549,2,2,0,0,1,0,0.9248033165931702
video07,TriClass-Cloud-FT,1550,1,1,0,0,0,0,0.9380158185958862
video07,TriClass-Cloud-FT,1551,1,1,0,0,0,0,0.9406693577766418
video07,TriClass-Cloud-FT,1552,1,1,0,0,0,0,0.9298942685127258
video07,TriClass-Cloud-FT,1553,1,1,0,0,0,0,0.935238242149353
video07,TriClass-Cloud-FT,1554,1,1,0,0,0,0,0.9375755786895752
video07,TriClass-Cloud-FT,1555,1,1,0,0,0,0,0.9342789053916931
video07,TriClass-Cloud-FT,1556,1,1,0,0,0,0,0.9274821877479553
video07,TriClass-Cloud-FT,1557,1,1,0,0,0,0,0.9305101037025452
video07,TriClass-Cloud-FT,1558,1,1,0,0,0,0,0.9314699769020081
video07,TriClass-Cloud-FT,1559,1,1,0,0,0,0,0.9348021745681763
video07,TriClass-Cloud-FT,1560,1,1,0,0,0,0,0.934160053730011
video07,TriClass-Cloud-FT,1561,1,1,0,0,0,0,0.9319384098052979
video07,TriClass-Cloud-FT,1562,1,1,0,0,0,0,0.9293690919876099
video07,TriClass-Cloud-FT,1563,1,1,0,0,0,0,0.9308045506477356
video07,TriClass-Cloud-FT,1564,1,1,0,0,0,0,0.9343648552894592
video07,TriClass-Cloud-FT,1565,1,1,0,0,0,0,0.9365788698196411
video07,TriClass-Cloud-FT,1566,1,1,0,0,0,0,0.9359009861946106
video07,TriClass-Cloud-FT,1567,1,1,0,0,0,0,0.9390150308609009
video07,TriClass-Cloud-FT,1568,1,1,0,0,0,0,0.9420889616012573
video07,TriClass-Cloud-FT,1569,1,1,0,0,0,0,0.9347859025001526
video07,TriClass-Cloud-FT,1570,1,1,0,0,0,0,0.936901867389679
video07,TriClass-Cloud-FT,1571,1,1,0,0,0,0,0.9335207343101501
video07,TriClass-Cloud-FT,1572,1,1,0,0,0,0,0.9360154867172241
video07,TriClass-Cloud-FT,1573,1,1,0,0,0,0,0.9358042478561401
video07,TriClass-Cloud-FT,1574,1,1,0,0,0,0,0.9345860481262207
video07,TriClass-Cloud-FT,1575,1,1,0,0,0,0,0.9341413378715515
video07,TriClass-Cloud-FT,1576,1,1,0,0,0,0,0.9110801219940186
video07,TriClass-Cloud-FT,1577,1,1,0,0,0,0,0.923188328742981
video07,TriClass-Cloud-FT,1578,1,1,0,0,0,0,0.9302566647529602
video07,TriClass-Cloud-FT,1579,1,1,0,0,0,0,0.9376134276390076
video07,TriClass-Cloud-FT,1580,1,1,0,0,0,0,0.9341564178466797
video07,TriClass-Cloud-FT,1581,1,1,0,0,0,0,0.9389521479606628
video07,TriClass-Cloud-FT,1582,1,1,0,0,0,0,0.9089678525924683
video07,TriClass-Cloud-FT,1583,1,1,0,0,0,0,0.941461443901062
video07,TriClass-Cloud-FT,1584,1,1,0,0,0,0,0.92739337682724
video07,TriClass-Cloud-FT,1585,1,1,0,0,0,0,0.6848819851875305
video07,TriClass-Cloud-FT,1586,1,1,0,0,0,0,0.9299781918525696
video07,TriClass-Cloud-FT,1587,1,1,0,0,0,0,0.9395245909690857
video07,TriClass-Cloud-FT,1588,1,1,0,0,0,0,0.9351954460144043
video07,TriClass-Cloud-FT,1589,1,1,0,0,0,0,0.9324823021888733
video07,TriClass-Cloud-FT,1590,1,1,0,0,0,0,0.9325655698776245
video07,TriClass-Cloud-FT,1591,1,1,0,0,0,0,0.9379917979240417
video07,TriClass-Cloud-FT,1592,1,1,0,0,0,0,0.9351227879524231
video07,TriClass-Cloud-FT,1593,1,1,0,0,0,0,0.9128857254981995
video07,TriClass-Cloud-FT,1594,1,1,0,0,0,0,0.9379580616950989
video07,TriClass-Cloud-FT,1595,1,1,0,0,0,0,0.9406095147132874
video07,TriClass-Cloud-FT,1596,1,1,0,0,0,0,0.9370225071907043
video07,TriClass-Cloud-FT,1597,1,1,0,0,0,0,0.9356505870819092
video07,TriClass-Cloud-FT,1598,1,1,0,0,0,0,0.9386803507804871
video07,TriClass-Cloud-FT,1599,1,1,0,0,0,0,0.9307273030281067
video07,TriClass-Cloud-FT,1600,1,1,0,0,0,0,0.9258514046669006
video07,TriClass-Cloud-FT,1601,1,1,0,0,0,0,0.9338863492012024
video07,TriClass-Cloud-FT,1602,1,1,0,0,0,0,0.9282175898551941
video07,TriClass-Cloud-FT,1603,1,1,0,0,0,0,0.9313983917236328
video07,TriClass-Cloud-FT,1604,1,1,0,0,0,0,0.9356807470321655
video07,TriClass-Cloud-FT,1605,1,1,0,0,0,0,0.9394909739494324
video07,TriClass-Cloud-FT,1606,1,1,0,0,0,0,0.934960126876831
video07,TriClass-Cloud-FT,1607,1,1,0,0,0,0,0.9349686503410339
video07,TriClass-Cloud-FT,1608,1,1,0,0,0,0,0.9310709238052368
video07,TriClass-Cloud-FT,1609,1,1,0,0,0,0,0.9348746538162231
video07,TriClass-Cloud-FT,1610,1,1,0,0,0,0,0.9311081767082214
video07,TriClass-Cloud-FT,1611,1,1,0,0,0,0,0.9305918216705322
video07,TriClass-Cloud-FT,1612,1,1,0,0,0,0,0.9342069029808044
video07,TriClass-Cloud-FT,1613,1,1,0,0,0,0,0.9382140040397644
video07,TriClass-Cloud-FT,1614,1,1,0,0,0,0,0.9399876594543457
video07,TriClass-Cloud-FT,1615,1,1,0,0,0,0,0.9313850402832031
video07,TriClass-Cloud-FT,1616,1,1,0,0,0,0,0.9320955276489258
video07,TriClass-Cloud-FT,1617,1,1,0,0,0,0,0.9328773021697998
video07,TriClass-Cloud-FT,1618,1,1,0,0,0,0,0.932154655456543
video07,TriClass-Cloud-FT,1619,1,1,0,0,0,0,0.9325994253158569
video07,TriClass-Cloud-FT,1620,1,1,0,0,0,0,0.9318141937255859
video07,TriClass-Cloud-FT,1621,1,1,0,0,0,0,0.9318577647209167
video07,TriClass-Cloud-FT,1622,1,1,0,0,0,0,0.9249196648597717
video07,TriClass-Cloud-FT,1623,1,1,0,0,0,0,0.9364821314811707
video07,TriClass-Cloud-FT,1624,1,1,0,0,0,0,0.9367299675941467
video07,TriClass-Cloud-FT,1625,1,1,0,0,0,0,0.9400720596313477
video07,TriClass-Cloud-FT,1626,1,1,0,0,0,0,0.9355192184448242
video07,TriClass-Cloud-FT,1627,1,1,0,0,0,0,0.9393249750137329
video07,TriClass-Cloud-FT,1628,1,1,0,0,0,0,0.9374427199363708
video07,TriClass-Cloud-FT,1629,2,2,0,0,0,0,0.935721218585968
video07,TriClass-Cloud-FT,1630,1,1,0,0,0,0,0.9396814703941345
video07,TriClass-Cloud-FT,1631,1,1,0,0,0,0,0.9324257969856262
video07,TriClass-Cloud-FT,1632,1,1,0,0,0,0,0.9314747452735901
video07,TriClass-Cloud-FT,1633,1,1,0,0,0,0,0.9368968605995178
video07,TriClass-Cloud-FT,1634,1,1,0,0,0,0,0.9388909935951233
video07,TriClass-Cloud-FT,1635,1,1,0,0,0,0,0.9333280920982361
video07,TriClass-Cloud-FT,1636,1,1,0,0,0,0,0.9359656572341919
video07,TriClass-Cloud-FT,1637,1,1,0,0,0,0,0.9386090636253357
video07,TriClass-Cloud-FT,1638,1,1,0,0,0,0,0.9372912645339966
video07,TriClass-Cloud-FT,1639,1,1,0,0,0,0,0.9379493594169617
video07,TriClass-Cloud-FT,1640,1,1,0,0,0,0,0.9321167469024658
video07,TriClass-Cloud-FT,1641,1,1,0,0,0,0,0.9394762516021729
video07,TriClass-Cloud-FT,1642,1,1,0,0,0,0,0.9348868727684021
video07,TriClass-Cloud-FT,1643,1,1,0,0,0,0,0.9410659074783325
video07,TriClass-Cloud-FT,1644,1,1,0,0,0,0,0.9358997344970703
video07,TriClass-Cloud-FT,1645,1,1,0,0,0,0,0.9322842359542847
video07,TriClass-Cloud-FT,1646,1,1,0,0,0,0,0.9340634346008301
video07,TriClass-Cloud-FT,1647,1,1,0,0,0,0,0.9326034784317017
video07,TriClass-Cloud-FT,1648,1,1,0,0,0,0,0.9361391663551331
video07,TriClass-Cloud-FT,1649,1,1,0,0,0,0,0.9324480891227722
video07,TriClass-Cloud-FT,1650,1,1,0,0,0,0,0.9353918433189392
video07,TriClass-Cloud-FT,1651,1,1,0,0,0,0,0.9314799904823303
video07,TriClass-Cloud-FT,1652,1,1,0,0,0,0,0.9377248287200928
video07,TriClass-Cloud-FT,1653,1,1,0,0,0,0,0.9304555654525757
video07,TriClass-Cloud-FT,1654,1,1,0,0,0,0,0.9303434491157532
video07,TriClass-Cloud-FT,1655,1,1,0,0,0,0,0.9321752786636353
video07,TriClass-Cloud-FT,1656,1,1,0,0,0,0,0.9320400357246399
video07,TriClass-Cloud-FT,1657,1,1,0,0,0,0,0.9333107471466064
video07,TriClass-Cloud-FT,1658,1,1,0,0,0,0,0.9287769794464111
video07,TriClass-Cloud-FT,1659,1,1,0,0,0,0,0.9337266683578491
video07,TriClass-Cloud-FT,1660,1,1,0,0,0,0,0.9318511486053467
video07,TriClass-Cloud-FT,1661,1,1,0,0,0,0,0.9348804950714111
video07,TriClass-Cloud-FT,1662,1,1,0,0,0,0,0.9328519701957703
video07,TriClass-Cloud-FT,1663,1,1,0,0,0,0,0.9371532797813416
video07,TriClass-Cloud-FT,1664,1,1,0,0,0,0,0.9357234239578247
video07,TriClass-Cloud-FT,1665,1,1,0,0,0,0,0.9363892078399658
video07,TriClass-Cloud-FT,1666,1,1,0,0,0,0,0.9361535310745239
video07,TriClass-Cloud-FT,1667,1,1,0,0,0,0,0.933447003364563
video07,TriClass-Cloud-FT,1668,1,1,0,0,0,0,0.9286449551582336
video07,TriClass-Cloud-FT,1669,1,1,0,0,0,0,0.9326101541519165
video07,TriClass-Cloud-FT,1670,1,1,0,0,0,0,0.934112548828125
video07,TriClass-Cloud-FT,1671,1,1,0,0,0,0,0.9346462488174438
video07,TriClass-Cloud-FT,1672,1,1,0,0,0,0,0.9329128861427307
video07,TriClass-Cloud-FT,1673,1,1,0,0,0,0,0.9262075424194336
video07,TriClass-Cloud-FT,1674,1,1,0,0,0,0,0.9339170455932617
video07,TriClass-Cloud-FT,1675,1,1,0,0,0,0,0.9301935434341431
video07,TriClass-Cloud-FT,1676,1,1,0,0,0,0,0.9323943257331848
video07,TriClass-Cloud-FT,1677,1,1,0,0,0,0,0.9277158379554749
video07,TriClass-Cloud-FT,1678,1,1,0,0,0,0,0.9348433017730713
video07,TriClass-Cloud-FT,1679,1,1,0,0,0,0,0.9321814775466919
video07,TriClass-Cloud-FT,1680,1,1,0,0,0,0,0.9160659313201904
video07,TriClass-Cloud-FT,1681,1,1,0,0,0,0,0.8483284115791321
video07,TriClass-Cloud-FT,1682,1,1,0,0,0,0,0.5186076164245605
video07,TriClass-Cloud-FT,1683,1,1,0,0,1,0,0.2861059308052063
video07,TriClass-Cloud-FT,1684,0,0,0,0,0,0,0.0
video07,TriClass-Cloud-FT,1685,0,0,0,0,0,0,0.0
video07,TriClass-Cloud-FT,1686,0,0,0,0,0,0,0.0
video07,TriClass-Cloud-FT,1687,0,0,0,0,0,0,0.0
video07,TriClass-Cloud-FT,1688,0,0,0,0,0,0,0.0
video07,TriClass-Cloud-FT,1689,0,0,0,0,0,0,0.0
video07,TriClass-Cloud-FT,1690,0,0,0,0,0,0,0.0
video07,TriClass-Cloud-FT,1691,0,0,0,0,0,0,0.0
video07,TriClass-Cloud-FT,1692,0,0,0,0,0,0,0.0
video07,TriClass-Cloud-FT,1693,0,0,0,0,0,0,0.0
video07,TriClass-Cloud-FT,1694,0,0,0,0,0,0,0.0
video07,TriClass-Cloud-FT,1695,0,0,0,0,0,0,0.0
video07,TriClass-Cloud-FT,1696,1,1,0,0,0,0,0.4838882386684418
video07,TriClass-Cloud-FT,1697,2,2,0,0,1,0,0.6209200024604797
video07,TriClass-Cloud-FT,1698,1,1,0,0,0,0,0.44853195548057556
video07,TriClass-Cloud-FT,1699,0,0,0,0,0,0,0.0
video07,TriClass-Cloud-FT,1700,0,0,0,0,0,0,0.0
video07,TriClass-Cloud-FT,1701,0,0,0,0,0,0,0.0
video07,TriClass-Cloud-FT,1702,0,0,0,0,0,0,0.0
video07,TriClass-Cloud-FT,1703,0,0,0,0,0,0,0.0
video07,TriClass-Cloud-FT,1704,0,0,0,0,0,0,0.0
video07,TriClass-Cloud-FT,1705,0,0,0,0,0,0,0.0
video07,TriClass-Cloud-FT,1706,0,0,0,0,0,0,0.0
video07,TriClass-Cloud-FT,1707,0,0,0,0,0,0,0.0
video07,TriClass-Cloud-FT,1708,0,0,0,0,0,0,0.0
video07,TriClass-Cloud-FT,1709,0,0,0,0,0,0,0.0
video07,TriClass-Cloud-FT,1710,0,0,0,0,0,0,0.0
video07,TriClass-Cloud-FT,1711,0,0,0,0,0,0,0.0
video07,TriClass-Cloud-FT,1712,0,0,0,0,0,0,0.0
video07,TriClass-Cloud-FT,1713,0,0,0,0,0,0,0.0
video07,TriClass-Cloud-FT,1714,0,0,0,0,0,0,0.0
video07,TriClass-Cloud-FT,1715,0,0,0,0,0,0,0.0
video07,TriClass-Cloud-FT,1716,0,0,0,0,0,0,0.0
video07,TriClass-Cloud-FT,1717,0,0,0,0,0,0,0.0
video07,TriClass-Cloud-FT,1718,0,0,0,0,0,0,0.0
video07,TriClass-Cloud-FT,1719,0,0,0,0,0,0,0.0
video07,TriClass-Cloud-FT,1720,0,0,0,0,0,0,0.0
video07,TriClass-Cloud-FT,1721,0,0,0,0,0,0,0.0
video07,TriClass-Cloud-FT,1722,0,0,0,0,0,0,0.0
video07,TriClass-Cloud-FT,1723,0,0,0,0,0,0,0.0
video07,TriClass-Cloud-FT,1724,0,0,0,0,0,0,0.0
video07,TriClass-Cloud-FT,1725,0,0,0,0,0,0,0.0
video07,TriClass-Cloud-FT,1726,0,0,0,0,0,0,0.0
video07,TriClass-Cloud-FT,1727,0,0,0,0,0,0,0.0
video07,TriClass-Cloud-FT,1728,0,0,0,0,0,0,0.0
video07,TriClass-Cloud-FT,1729,0,0,0,0,0,0,0.0
video07,TriClass-Cloud-FT,1730,0,0,0,0,0,0,0.0
video07,TriClass-Cloud-FT,1731,0,0,0,0,0,0,0.0
video07,TriClass-Cloud-FT,1732,0,0,0,0,0,0,0.0
video07,TriClass-Cloud-FT,1733,0,0,0,0,0,0,0.0
video07,TriClass-Cloud-FT,1734,0,0,0,0,0,0,0.0
video07,TriClass-Cloud-FT,1735,0,0,0,0,0,0,0.0
video07,TriClass-Cloud-FT,1736,0,0,0,0,0,0,0.0
video07,TriClass-Cloud-FT,1737,0,0,0,0,0,0,0.0
video07,TriClass-Cloud-FT,1738,0,0,0,0,0,0,0.0
video07,TriClass-Cloud-FT,1739,0,0,0,0,0,0,0.0
video07,TriClass-Cloud-FT,1740,0,0,0,0,0,0,0.0
video07,TriClass-Cloud-FT,1741,0,0,0,0,0,0,0.0
video07,TriClass-Cloud-FT,1742,0,0,0,0,0,0,0.0
video07,TriClass-Cloud-FT,1743,0,0,0,0,0,0,0.0
video07,TriClass-Cloud-FT,1744,0,0,0,0,0,0,0.0
video07,TriClass-Cloud-FT,1745,0,0,0,0,0,0,0.0
video07,TriClass-Cloud-FT,1746,0,0,0,0,0,0,0.0
video07,TriClass-Cloud-FT,1747,0,0,0,0,0,0,0.0
video07,TriClass-Cloud-FT,1748,0,0,0,0,0,0,0.0
video07,TriClass-Cloud-FT,1749,0,0,0,0,0,0,0.0
video07,TriClass-Cloud-FT,1750,0,0,0,0,0,0,0.0
video07,TriClass-Cloud-FT,1751,0,0,0,0,0,0,0.0
video07,TriClass-Cloud-FT,1752,0,0,0,0,0,0,0.0
video07,TriClass-Cloud-FT,1753,0,0,0,0,0,0,0.0
video07,TriClass-Cloud-FT,1754,0,0,0,0,0,0,0.0
video07,TriClass-Cloud-FT,1755,0,0,0,0,0,0,0.0
video07,TriClass-Cloud-FT,1756,0,0,0,0,0,0,0.0
video07,TriClass-Cloud-FT,1757,0,0,0,0,0,0,0.0
video07,TriClass-Cloud-FT,1758,0,0,0,0,0,0,0.0
video07,TriClass-Cloud-FT,1759,0,0,0,0,0,0,0.0
video07,TriClass-Cloud-FT,1760,0,0,0,0,0,0,0.0
video07,TriClass-Cloud-FT,1761,1,1,0,0,1,0,0.2769675552845001
video07,TriClass-Cloud-FT,1762,0,0,0,0,0,0,0.0
video07,TriClass-Cloud-FT,1763,0,0,0,0,0,0,0.0
video07,TriClass-Cloud-FT,1764,0,0,0,0,0,0,0.0
video07,TriClass-Cloud-FT,1765,0,0,0,0,0,0,0.0
video07,TriClass-Cloud-FT,1766,0,0,0,0,0,0,0.0
video07,TriClass-Cloud-FT,1767,1,1,0,0,1,0,0.2933076322078705
video07,TriClass-Cloud-FT,1768,1,1,0,0,0,0,0.619279682636261
video07,TriClass-Cloud-FT,1769,1,1,0,0,0,0,0.5475326180458069
video07,TriClass-Cloud-FT,1770,1,1,0,0,0,0,0.6165655255317688
video07,TriClass-Cloud-FT,1771,1,1,0,0,0,0,0.5663108825683594
video07,TriClass-Cloud-FT,1772,1,1,0,0,0,0,0.6431253552436829
video07,TriClass-Cloud-FT,1773,1,1,0,0,0,0,0.7033618688583374
video07,TriClass-Cloud-FT,1774,1,1,0,0,0,0,0.7035878896713257
video07,TriClass-Cloud-FT,1775,1,1,0,0,0,0,0.6594162583351135
video07,TriClass-Cloud-FT,1776,1,1,0,0,0,0,0.6619403958320618
video07,TriClass-Cloud-FT,1777,1,1,0,0,0,0,0.6259058117866516
video07,TriClass-Cloud-FT,1778,1,1,0,0,0,0,0.6461600065231323
video07,TriClass-Cloud-FT,1779,1,1,0,0,0,0,0.7142711877822876
video07,TriClass-Cloud-FT,1780,1,1,0,0,0,0,0.6883862018585205
video07,TriClass-Cloud-FT,1781,1,1,0,0,0,0,0.7053404450416565
video07,TriClass-Cloud-FT,1782,1,1,0,0,0,0,0.7191872000694275
video07,TriClass-Cloud-FT,1783,1,1,0,0,0,0,0.736948549747467
video07,TriClass-Cloud-FT,1784,1,1,0,0,0,0,0.7500278353691101
video07,TriClass-Cloud-FT,1785,2,2,0,0,0,0,0.6748043298721313
video07,TriClass-Cloud-FT,1786,1,1,0,0,0,0,0.8929350972175598
video07,TriClass-Cloud-FT,1787,1,1,0,0,0,0,0.9143008589744568
video07,TriClass-Cloud-FT,1788,1,1,0,0,0,0,0.9275633096694946
video07,TriClass-Cloud-FT,1789,1,1,0,0,0,0,0.9320352673530579
video07,TriClass-Cloud-FT,1790,1,1,0,0,0,0,0.9353551268577576
video07,TriClass-Cloud-FT,1791,1,1,0,0,0,0,0.9413250684738159
video07,TriClass-Cloud-FT,1792,1,1,0,0,0,0,0.9399304986000061
video07,TriClass-Cloud-FT,1793,1,1,0,0,0,0,0.9317444562911987
video07,TriClass-Cloud-FT,1794,1,1,0,0,0,0,0.9383650422096252
video07,TriClass-Cloud-FT,1795,1,1,0,0,0,0,0.9393944144248962
video07,TriClass-Cloud-FT,1796,1,1,0,0,0,0,0.9401397109031677
video07,TriClass-Cloud-FT,1797,1,1,0,0,0,0,0.9351100921630859
video07,TriClass-Cloud-FT,1798,1,1,0,0,0,0,0.9304497241973877
video07,TriClass-Cloud-FT,1799,2,2,0,0,1,0,0.6379740834236145
video07,TriClass-Cloud-FT,1800,1,1,0,0,0,0,0.9091160297393799
video07,TriClass-Cloud-FT,1801,1,1,0,0,0,0,0.9331904053688049
video07,TriClass-Cloud-FT,1802,1,1,0,0,0,0,0.9362159371376038
video07,TriClass-Cloud-FT,1803,1,1,0,0,0,0,0.9349772334098816
video07,TriClass-Cloud-FT,1804,1,1,0,0,0,0,0.9329818487167358
video07,TriClass-Cloud-FT,1805,1,1,0,0,0,0,0.9304330945014954
video07,TriClass-Cloud-FT,1806,1,1,0,0,0,0,0.922857940196991
video07,TriClass-Cloud-FT,1807,1,1,0,0,0,0,0.9304556846618652
video07,TriClass-Cloud-FT,1808,1,1,0,0,0,0,0.9291356205940247
video07,TriClass-Cloud-FT,1809,1,1,0,0,0,0,0.9310272932052612
video07,TriClass-Cloud-FT,1810,1,1,0,0,0,0,0.9248202443122864
video07,TriClass-Cloud-FT,1811,1,1,0,0,0,0,0.9311820268630981
video07,TriClass-Cloud-FT,1812,1,1,0,0,0,0,0.9262802600860596
video07,TriClass-Cloud-FT,1813,1,1,0,0,0,0,0.9381797909736633
video07,TriClass-Cloud-FT,1814,1,1,0,0,0,0,0.940480649471283
video07,TriClass-Cloud-FT,1815,1,1,0,0,0,0,0.9295073747634888
video07,TriClass-Cloud-FT,1816,1,1,0,0,0,0,0.936690628528595
video07,TriClass-Cloud-FT,1817,1,1,0,0,0,0,0.932026743888855
video07,TriClass-Cloud-FT,1818,1,1,0,0,0,0,0.9345613718032837
video07,TriClass-Cloud-FT,1819,1,1,0,0,0,0,0.9339146018028259
video07,TriClass-Cloud-FT,1820,1,1,0,0,0,0,0.9249028563499451
video07,TriClass-Cloud-FT,1821,1,1,0,0,0,0,0.9378064274787903
video07,TriClass-Cloud-FT,1822,1,1,0,0,0,0,0.9375176429748535
video07,TriClass-Cloud-FT,1823,1,1,0,0,0,0,0.9390384554862976
video07,TriClass-Cloud-FT,1824,1,1,0,0,0,0,0.926077663898468
video07,TriClass-Cloud-FT,1825,1,1,0,0,0,0,0.9390073418617249
video07,TriClass-Cloud-FT,1826,1,1,0,0,0,0,0.9373161196708679
video07,TriClass-Cloud-FT,1827,1,1,0,0,0,0,0.9389041066169739
video07,TriClass-Cloud-FT,1828,1,1,0,0,0,0,0.9420660138130188
video07,TriClass-Cloud-FT,1829,1,1,0,0,0,0,0.9380039572715759
video07,TriClass-Cloud-FT,1830,1,1,0,0,0,0,0.9411706924438477
video07,TriClass-Cloud-FT,1831,1,1,0,0,0,0,0.9384097456932068
video07,TriClass-Cloud-FT,1832,1,1,0,0,0,0,0.9370216727256775
video07,TriClass-Cloud-FT,1833,1,1,0,0,0,0,0.9353674054145813
video07,TriClass-Cloud-FT,1834,1,1,0,0,0,0,0.9368237257003784
video07,TriClass-Cloud-FT,1835,1,1,0,0,0,0,0.935806393623352
video07,TriClass-Cloud-FT,1836,2,2,0,0,0,0,0.8560395240783691
video07,TriClass-Cloud-FT,1837,1,1,0,0,0,0,0.9312469363212585
video07,TriClass-Cloud-FT,1838,1,1,0,0,0,0,0.9346693754196167
video07,TriClass-Cloud-FT,1839,1,1,0,0,0,0,0.9367392063140869
video07,TriClass-Cloud-FT,1840,1,1,0,0,0,0,0.9364405274391174
video07,TriClass-Cloud-FT,1841,1,1,0,0,0,0,0.93658447265625
video07,TriClass-Cloud-FT,1842,1,1,0,0,0,0,0.936771810054779
video07,TriClass-Cloud-FT,1843,1,1,0,0,0,0,0.9407947063446045
video07,TriClass-Cloud-FT,1844,1,1,0,0,0,0,0.9332069158554077
video07,TriClass-Cloud-FT,1845,1,1,0,0,0,0,0.9362000226974487
video07,TriClass-Cloud-FT,1846,1,1,0,0,0,0,0.9360338449478149
video07,TriClass-Cloud-FT,1847,1,1,0,0,0,0,0.9357163310050964
video07,TriClass-Cloud-FT,1848,1,1,0,0,0,0,0.7410288453102112
video07,TriClass-Cloud-FT,1849,1,1,0,0,0,0,0.9265645742416382
video07,TriClass-Cloud-FT,1850,1,1,0,0,0,0,0.8824533820152283
video07,TriClass-Cloud-FT,1851,1,1,0,0,0,0,0.8718842267990112
video07,TriClass-Cloud-FT,1852,1,1,0,0,0,0,0.9139072299003601
video07,TriClass-Cloud-FT,1853,1,1,0,0,0,0,0.9318675994873047
video07,TriClass-Cloud-FT,1854,1,1,0,0,0,0,0.9126835465431213
video07,TriClass-Cloud-FT,1855,1,1,0,0,0,0,0.9303104281425476
video07,TriClass-Cloud-FT,1856,1,1,0,0,0,0,0.9367888569831848
video07,TriClass-Cloud-FT,1857,1,1,0,0,0,0,0.9312490820884705
video07,TriClass-Cloud-FT,1858,1,1,0,0,0,0,0.933531641960144
video07,TriClass-Cloud-FT,1859,1,1,0,0,0,0,0.9332339763641357
video07,TriClass-Cloud-FT,1860,1,1,0,0,0,0,0.9332737326622009
video07,TriClass-Cloud-FT,1861,1,1,0,0,0,0,0.937090277671814
video07,TriClass-Cloud-FT,1862,1,1,0,0,0,0,0.9341526031494141
video07,TriClass-Cloud-FT,1863,1,1,0,0,0,0,0.9364495277404785
video07,TriClass-Cloud-FT,1864,1,1,0,0,0,0,0.9367426037788391
video07,TriClass-Cloud-FT,1865,1,1,0,0,0,0,0.9351206421852112
video07,TriClass-Cloud-FT,1866,1,1,0,0,0,0,0.9357661008834839
video07,TriClass-Cloud-FT,1867,1,1,0,0,0,0,0.9356516003608704
video07,TriClass-Cloud-FT,1868,1,1,0,0,0,0,0.9317417740821838
video07,TriClass-Cloud-FT,1869,1,1,0,0,0,0,0.9315929412841797
video07,TriClass-Cloud-FT,1870,1,1,0,0,0,0,0.9346586465835571
video07,TriClass-Cloud-FT,1871,1,1,0,0,0,0,0.9348938465118408
video07,TriClass-Cloud-FT,1872,1,1,0,0,0,0,0.9359604120254517
video07,TriClass-Cloud-FT,1873,1,1,0,0,0,0,0.941784679889679
video07,TriClass-Cloud-FT,1874,1,1,0,0,0,0,0.9410953521728516
video07,TriClass-Cloud-FT,1875,1,1,0,0,0,0,0.9394635558128357
video07,TriClass-Cloud-FT,1876,1,1,0,0,0,0,0.9436674118041992
video07,TriClass-Cloud-FT,1877,1,1,0,0,0,0,0.9407196640968323
video07,TriClass-Cloud-FT,1878,1,1,0,0,0,0,0.944117546081543
video07,TriClass-Cloud-FT,1879,2,2,0,0,0,0,0.7676112651824951
video07,TriClass-Cloud-FT,1880,1,1,0,0,0,0,0.9405097961425781
video07,TriClass-Cloud-FT,1881,1,1,0,0,0,0,0.9357954263687134
video07,TriClass-Cloud-FT,1882,1,1,0,0,0,0,0.9100850820541382
video07,TriClass-Cloud-FT,1883,1,1,0,0,0,0,0.8573617935180664
video07,TriClass-Cloud-FT,1884,1,1,0,0,0,0,0.928138256072998
video07,TriClass-Cloud-FT,1885,1,1,0,0,0,0,0.9326499700546265
video07,TriClass-Cloud-FT,1886,1,1,0,0,0,0,0.9411219954490662
video07,TriClass-Cloud-FT,1887,1,1,0,0,0,0,0.93308025598526
video07,TriClass-Cloud-FT,1888,1,1,0,0,0,0,0.930681586265564
video07,TriClass-Cloud-FT,1889,1,1,0,0,0,0,0.9278963804244995
video07,TriClass-Cloud-FT,1890,1,1,0,0,0,0,0.9316021800041199
video07,TriClass-Cloud-FT,1891,2,2,0,0,0,0,0.8973892331123352
video07,TriClass-Cloud-FT,1892,1,1,0,0,0,0,0.9398968815803528
video07,TriClass-Cloud-FT,1893,1,1,0,0,0,0,0.9309825301170349
video07,TriClass-Cloud-FT,1894,1,1,0,0,0,0,0.9428732991218567
video07,TriClass-Cloud-FT,1895,1,1,0,0,0,0,0.9110918045043945
video07,TriClass-Cloud-FT,1896,1,1,0,0,0,0,0.9396282434463501
video07,TriClass-Cloud-FT,1897,1,1,0,0,0,0,0.9122254252433777
video07,TriClass-Cloud-FT,1898,1,1,0,0,0,0,0.9359121918678284
video07,TriClass-Cloud-FT,1899,1,1,0,0,0,0,0.9375371336936951
video07,TriClass-Cloud-FT,1900,1,1,0,0,0,0,0.9348345398902893
video07,TriClass-Cloud-FT,1901,2,2,0,0,0,0,0.7740437388420105
video07,TriClass-Cloud-FT,1902,1,1,0,0,0,0,0.9337238669395447
video07,TriClass-Cloud-FT,1903,1,1,0,0,0,0,0.8784851431846619
video07,TriClass-Cloud-FT,1904,1,1,0,0,0,0,0.911106526851654
video07,TriClass-Cloud-FT,1905,0,0,0,0,0,0,0.0
video07,TriClass-Cloud-FT,1906,1,1,0,0,0,0,0.8789919018745422
video07,TriClass-Cloud-FT,1907,1,1,0,0,0,0,0.36322635412216187
video07,TriClass-Cloud-FT,1908,1,1,0,0,0,0,0.9229819178581238
video07,TriClass-Cloud-FT,1909,1,1,0,0,0,0,0.9226546287536621
video07,TriClass-Cloud-FT,1910,2,2,0,0,1,0,0.37142762541770935
video07,TriClass-Cloud-FT,1911,1,1,0,0,0,0,0.9219547510147095
video07,TriClass-Cloud-FT,1912,1,1,0,0,0,0,0.39021825790405273
video07,TriClass-Cloud-FT,1913,1,1,0,0,0,0,0.8871541023254395
video07,TriClass-Cloud-FT,1914,1,1,0,0,0,0,0.9196302890777588
video07,TriClass-Cloud-FT,1915,1,1,0,0,0,0,0.8983081579208374
video07,TriClass-Cloud-FT,1916,1,1,0,0,0,0,0.8531597852706909
video07,TriClass-Cloud-FT,1917,1,1,0,0,0,0,0.6311041712760925
video07,TriClass-Cloud-FT,1918,1,1,0,0,0,0,0.8566123843193054
video07,TriClass-Cloud-FT,1919,1,1,0,0,0,0,0.38721024990081787
video07,TriClass-Cloud-FT,1920,2,2,0,0,0,0,0.7395709156990051
video07,TriClass-Cloud-FT,1921,1,1,0,0,0,0,0.8994616866111755
video07,TriClass-Cloud-FT,1922,2,2,0,0,1,0,0.900664210319519
video07,TriClass-Cloud-FT,1923,2,2,0,0,0,0,0.9003242254257202
video07,TriClass-Cloud-FT,1924,1,1,0,0,0,0,0.9166097640991211
video07,TriClass-Cloud-FT,1925,1,1,0,0,0,0,0.39197880029678345
video07,TriClass-Cloud-FT,1926,1,1,0,0,0,0,0.9309576749801636
video07,TriClass-Cloud-FT,1927,1,1,0,0,0,0,0.6776265501976013
video07,TriClass-Cloud-FT,1928,1,1,0,0,0,0,0.6051042079925537
video07,TriClass-Cloud-FT,1929,1,1,0,0,0,0,0.8910945057868958
video07,TriClass-Cloud-FT,1930,1,1,0,0,0,0,0.7025328278541565
video07,TriClass-Cloud-FT,1931,1,1,0,0,0,0,0.526790201663971
video07,TriClass-Cloud-FT,1932,1,1,0,0,0,0,0.8610468506813049
video07,TriClass-Cloud-FT,1933,1,1,0,0,0,0,0.6056159138679504
video07,TriClass-Cloud-FT,1934,2,2,0,0,1,0,0.6644888520240784
video07,TriClass-Cloud-FT,1935,1,1,0,0,0,0,0.8809356093406677
video07,TriClass-Cloud-FT,1936,1,1,0,0,0,0,0.6959625482559204
video07,TriClass-Cloud-FT,1937,1,1,0,0,0,0,0.8300841450691223
video07,TriClass-Cloud-FT,1938,2,2,0,0,1,0,0.5244941115379333
video07,TriClass-Cloud-FT,1939,1,1,0,0,0,0,0.8428251147270203
video07,TriClass-Cloud-FT,1940,1,1,0,0,0,0,0.853667676448822
video07,TriClass-Cloud-FT,1941,1,1,0,0,0,0,0.7866106629371643
video07,TriClass-Cloud-FT,1942,1,1,0,0,0,0,0.8865565657615662
video07,TriClass-Cloud-FT,1943,1,1,0,0,0,0,0.904729425907135
video07,TriClass-Cloud-FT,1944,2,2,0,0,1,0,0.6812301278114319
video07,TriClass-Cloud-FT,1945,0,0,0,0,0,0,0.0
video07,TriClass-Cloud-FT,1946,1,1,0,0,0,0,0.8252550959587097
video07,TriClass-Cloud-FT,1947,1,1,0,0,0,0,0.7532610893249512
video07,TriClass-Cloud-FT,1948,1,1,0,0,0,0,0.8802521228790283
video07,TriClass-Cloud-FT,1949,1,1,0,0,0,0,0.8759203553199768
video07,TriClass-Cloud-FT,1950,1,1,0,0,0,0,0.7995787262916565
video07,TriClass-Cloud-FT,1951,1,1,0,0,0,0,0.8786357641220093
video07,TriClass-Cloud-FT,1952,1,1,0,0,0,0,0.7980456948280334
video07,TriClass-Cloud-FT,1953,1,1,0,0,0,0,0.8574020266532898
video07,TriClass-Cloud-FT,1954,1,1,0,0,0,0,0.8640312552452087
video07,TriClass-Cloud-FT,1955,1,1,0,0,0,0,0.8654239773750305
video07,TriClass-Cloud-FT,1956,1,1,0,0,0,0,0.8668368458747864
video07,TriClass-Cloud-FT,1957,0,0,0,0,0,0,0.0
video07,TriClass-Cloud-FT,1958,0,0,0,0,0,0,0.0
video07,TriClass-Cloud-FT,1959,1,1,0,0,0,0,0.7360150218009949
video07,TriClass-Cloud-FT,1960,1,1,0,0,0,0,0.6378411650657654
video07,TriClass-Cloud-FT,1961,1,1,0,0,0,0,0.6363085508346558
video07,TriClass-Cloud-FT,1962,1,1,0,0,0,0,0.8050033450126648
video07,TriClass-Cloud-FT,1963,0,0,0,0,0,0,0.0
video07,TriClass-Cloud-FT,1964,0,0,0,0,0,0,0.0
video07,TriClass-Cloud-FT,1965,1,1,0,0,0,0,0.8395482897758484
video07,TriClass-Cloud-FT,1966,1,1,0,0,0,0,0.42203304171562195
video07,TriClass-Cloud-FT,1967,1,1,0,0,0,0,0.40382054448127747
video07,TriClass-Cloud-FT,1968,1,1,0,0,1,0,0.3062116801738739
video07,TriClass-Cloud-FT,1969,0,0,0,0,0,0,0.0
video07,TriClass-Cloud-FT,1970,1,1,0,0,0,0,0.8200367093086243
video07,TriClass-Cloud-FT,1971,1,1,0,0,0,0,0.8203173875808716
video07,TriClass-Cloud-FT,1972,1,1,0,0,0,0,0.816082775592804
video07,TriClass-Cloud-FT,1973,0,0,0,0,0,0,0.0
video07,TriClass-Cloud-FT,1974,0,0,0,0,0,0,0.0
video07,TriClass-Cloud-FT,1975,0,0,0,0,0,0,0.0
video07,TriClass-Cloud-FT,1976,0,0,0,0,0,0,0.0
video07,TriClass-Cloud-FT,1977,0,0,0,0,0,0,0.0
video07,TriClass-Cloud-FT,1978,0,0,0,0,0,0,0.0
video07,TriClass-Cloud-FT,1979,0,0,0,0,0,0,0.0
video07,TriClass-Cloud-FT,1980,0,0,0,0,0,0,0.0
video07,TriClass-Cloud-FT,1981,0,0,0,0,0,0,0.0
video07,TriClass-Cloud-FT,1982,0,0,0,0,0,0,0.0
video07,TriClass-Cloud-FT,1983,0,0,0,0,0,0,0.0
video07,TriClass-Cloud-FT,1984,0,0,0,0,0,0,0.0
video07,TriClass-Cloud-FT,1985,0,0,0,0,0,0,0.0
video07,TriClass-Cloud-FT,1986,0,0,0,0,0,0,0.0
video07,TriClass-Cloud-FT,1987,0,0,0,0,0,0,0.0
video07,TriClass-Cloud-FT,1988,0,0,0,0,0,0,0.0
video07,TriClass-Cloud-FT,1989,0,0,0,0,0,0,0.0
video07,TriClass-Cloud-FT,1990,0,0,0,0,0,0,0.0
video07,TriClass-Cloud-FT,1991,0,0,0,0,0,0,0.0
video07,TriClass-Cloud-FT,1992,0,0,0,0,0,0,0.0
video07,TriClass-Cloud-FT,1993,0,0,0,0,0,0,0.0
video07,TriClass-Cloud-FT,1994,0,0,0,0,0,0,0.0
video07,TriClass-Cloud-FT,1995,0,0,0,0,0,0,0.0
video07,TriClass-Cloud-FT,1996,0,0,0,0,0,0,0.0
video07,TriClass-Cloud-FT,1997,0,0,0,0,0,0,0.0
video07,TriClass-Cloud-FT,1998,0,0,0,0,0,0,0.0
video07,TriClass-Cloud-FT,1999,0,0,0,0,0,0,0.0
video07,TriClass-Cloud-FT,2000,0,0,0,0,0,0,0.0
video07,TriClass-Cloud-FT,2001,0,0,0,0,0,0,0.0
video07,TriClass-Cloud-FT,2002,0,0,0,0,0,0,0.0
video07,TriClass-Cloud-FT,2003,0,0,0,0,0,0,0.0
video07,TriClass-Cloud-FT,2004,0,0,0,0,0,0,0.0
video07,TriClass-Cloud-FT,2005,0,0,0,0,0,0,0.0
video07,TriClass-Cloud-FT,2006,0,0,0,0,0,0,0.0
video07,TriClass-Cloud-FT,2007,0,0,0,0,0,0,0.0
video07,TriClass-Cloud-FT,2008,0,0,0,0,0,0,0.0
video07,TriClass-Cloud-FT,2009,0,0,0,0,0,0,0.0
video07,TriClass-Cloud-FT,2010,1,1,0,0,0,0,0.7563102841377258
video07,TriClass-Cloud-FT,2011,1,1,0,0,0,0,0.803446888923645
video07,TriClass-Cloud-FT,2012,1,1,0,0,0,0,0.6779866218566895
video07,TriClass-Cloud-FT,2013,1,1,0,0,0,0,0.8373351693153381
video07,TriClass-Cloud-FT,2014,1,1,0,0,0,0,0.831970751285553
video07,TriClass-Cloud-FT,2015,1,1,0,0,0,0,0.8141131401062012
video07,TriClass-Cloud-FT,2016,1,1,0,0,0,0,0.581368088722229
video07,TriClass-Cloud-FT,2017,1,1,0,0,0,0,0.8140109181404114
video07,TriClass-Cloud-FT,2018,1,1,0,0,0,0,0.8426238894462585
video07,TriClass-Cloud-FT,2019,1,1,0,0,0,0,0.7326251268386841
video07,TriClass-Cloud-FT,2020,1,1,0,0,0,0,0.7520993947982788
video07,TriClass-Cloud-FT,2021,1,1,0,0,0,0,0.6866036057472229
video07,TriClass-Cloud-FT,2022,1,1,0,0,0,0,0.39437606930732727
video07,TriClass-Cloud-FT,2023,1,1,0,0,0,0,0.7745140790939331
video07,TriClass-Cloud-FT,2024,1,1,0,0,0,0,0.8137069940567017
video07,TriClass-Cloud-FT,2025,1,1,0,0,0,0,0.7672020792961121
video07,TriClass-Cloud-FT,2026,1,1,0,0,0,0,0.8123907446861267
video07,TriClass-Cloud-FT,2027,1,1,0,0,0,0,0.8406538367271423
video07,TriClass-Cloud-FT,2028,1,1,0,0,0,0,0.8543457388877869
video07,TriClass-Cloud-FT,2029,1,1,0,0,0,0,0.8349143266677856
video07,TriClass-Cloud-FT,2030,1,1,0,0,0,0,0.8307373523712158
video07,TriClass-Cloud-FT,2031,1,1,0,0,0,0,0.8685343861579895
video07,TriClass-Cloud-FT,2032,1,1,0,0,0,0,0.8256346583366394
video07,TriClass-Cloud-FT,2033,1,1,0,0,0,0,0.838151216506958
video07,TriClass-Cloud-FT,2034,1,1,0,0,0,0,0.825684666633606
video07,TriClass-Cloud-FT,2035,1,1,0,0,0,0,0.8287407159805298
video07,TriClass-Cloud-FT,2036,1,1,0,0,0,0,0.8426346182823181
video07,TriClass-Cloud-FT,2037,2,2,0,0,1,0,0.43362775444984436
video07,TriClass-Cloud-FT,2038,1,1,0,0,0,0,0.7598088979721069
video07,TriClass-Cloud-FT,2039,1,1,0,0,0,0,0.8608633279800415
video07,TriClass-Cloud-FT,2040,1,1,0,0,0,0,0.8380551934242249
video07,TriClass-Cloud-FT,2041,1,1,0,0,0,0,0.853994607925415
video07,TriClass-Cloud-FT,2042,1,1,0,0,0,0,0.8528946042060852
video07,TriClass-Cloud-FT,2043,1,1,0,0,0,0,0.8766981363296509
video07,TriClass-Cloud-FT,2044,1,1,0,0,0,0,0.861709713935852
video07,TriClass-Cloud-FT,2045,1,1,0,0,0,0,0.8622292876243591
video07,TriClass-Cloud-FT,2046,1,1,0,0,0,0,0.8683719038963318
video07,TriClass-Cloud-FT,2047,1,1,0,0,0,0,0.8765215277671814
video07,TriClass-Cloud-FT,2048,1,1,0,0,0,0,0.8761831521987915
video07,TriClass-Cloud-FT,2049,1,1,0,0,0,0,0.8933762907981873
video07,TriClass-Cloud-FT,2050,1,1,0,0,0,0,0.880177915096283
video07,TriClass-Cloud-FT,2051,1,1,0,0,0,0,0.8706563115119934
video07,TriClass-Cloud-FT,2052,1,1,0,0,0,0,0.8626123070716858
video07,TriClass-Cloud-FT,2053,1,1,0,0,0,0,0.8648203015327454
video07,TriClass-Cloud-FT,2054,1,1,0,0,0,0,0.8462888598442078
video07,TriClass-Cloud-FT,2055,1,1,0,0,0,0,0.8809852004051208
video07,TriClass-Cloud-FT,2056,1,1,0,0,0,0,0.8670923709869385
video07,TriClass-Cloud-FT,2057,1,1,0,0,0,0,0.8790210485458374
video07,TriClass-Cloud-FT,2058,1,1,0,0,0,0,0.8771236538887024
video07,TriClass-Cloud-FT,2059,1,1,0,0,0,0,0.890717089176178
video07,TriClass-Cloud-FT,2060,1,1,0,0,0,0,0.8688982725143433
video07,TriClass-Cloud-FT,2061,1,1,0,0,0,0,0.8759735822677612
video07,TriClass-Cloud-FT,2062,1,1,0,0,0,0,0.8774482607841492
video07,TriClass-Cloud-FT,2063,1,1,0,0,0,0,0.8733229041099548
video07,TriClass-Cloud-FT,2064,1,1,0,0,0,0,0.8720216751098633
video07,TriClass-Cloud-FT,2065,1,1,0,0,0,0,0.8666394352912903
video07,TriClass-Cloud-FT,2066,1,1,0,0,0,0,0.8653272390365601
video07,TriClass-Cloud-FT,2067,1,1,0,0,0,0,0.8772198557853699
video07,TriClass-Cloud-FT,2068,1,1,0,0,0,0,0.887367308139801
video07,TriClass-Cloud-FT,2069,1,1,0,0,0,0,0.8879405856132507
video07,TriClass-Cloud-FT,2070,1,1,0,0,0,0,0.8673478960990906
video07,TriClass-Cloud-FT,2071,1,1,0,0,0,0,0.8936498761177063
video07,TriClass-Cloud-FT,2072,1,1,0,0,0,0,0.8874971270561218
video07,TriClass-Cloud-FT,2073,1,1,0,0,0,0,0.8780001401901245
video07,TriClass-Cloud-FT,2074,1,1,0,0,0,0,0.8717299103736877
video07,TriClass-Cloud-FT,2075,1,1,0,0,0,0,0.8894860744476318
video07,TriClass-Cloud-FT,2076,1,1,0,0,0,0,0.8822583556175232
video07,TriClass-Cloud-FT,2077,1,1,0,0,0,0,0.8926437497138977
video07,TriClass-Cloud-FT,2078,1,1,0,0,0,0,0.8890787959098816
video07,TriClass-Cloud-FT,2079,1,1,0,0,0,0,0.8840547204017639
video07,TriClass-Cloud-FT,2080,1,1,0,0,0,0,0.8834739327430725
video07,TriClass-Cloud-FT,2081,1,1,0,0,0,0,0.8936679363250732
video07,TriClass-Cloud-FT,2082,1,1,0,0,0,0,0.8794268369674683
video07,TriClass-Cloud-FT,2083,1,1,0,0,0,0,0.8962244391441345
video07,TriClass-Cloud-FT,2084,1,1,0,0,0,0,0.9005240201950073
video07,TriClass-Cloud-FT,2085,1,1,0,0,0,0,0.9073560237884521
video07,TriClass-Cloud-FT,2086,1,1,0,0,0,0,0.8962380290031433
video07,TriClass-Cloud-FT,2087,1,1,0,0,0,0,0.889190137386322
video07,TriClass-Cloud-FT,2088,1,1,0,0,0,0,0.8755935430526733
video07,TriClass-Cloud-FT,2089,1,1,0,0,0,0,0.8859792351722717
video07,TriClass-Cloud-FT,2090,1,1,0,0,0,0,0.8585036993026733
video07,TriClass-Cloud-FT,2091,1,1,0,0,0,0,0.9057891964912415
video07,TriClass-Cloud-FT,2092,1,1,0,0,0,0,0.8989968299865723
video07,TriClass-Cloud-FT,2093,1,1,0,0,0,0,0.8832187056541443
video07,TriClass-Cloud-FT,2094,1,1,0,0,0,0,0.8844038844108582
video07,TriClass-Cloud-FT,2095,1,1,0,0,0,0,0.8806189298629761
video07,TriClass-Cloud-FT,2096,1,1,0,0,0,0,0.8817474246025085
video07,TriClass-Cloud-FT,2097,1,1,0,0,0,0,0.8721762895584106
video07,TriClass-Cloud-FT,2098,1,1,0,0,0,0,0.8690455555915833
video07,TriClass-Cloud-FT,2099,1,1,0,0,0,0,0.889004111289978
video07,TriClass-Cloud-FT,2100,1,1,0,0,0,0,0.8860344290733337
video07,TriClass-Cloud-FT,2101,1,1,0,0,0,0,0.8907724618911743
video07,TriClass-Cloud-FT,2102,1,1,0,0,0,0,0.9084348082542419
video07,TriClass-Cloud-FT,2103,1,1,0,0,0,0,0.9054404497146606
video07,TriClass-Cloud-FT,2104,1,1,0,0,0,0,0.8896916508674622
video07,TriClass-Cloud-FT,2105,1,1,0,0,0,0,0.893252432346344
video07,TriClass-Cloud-FT,2106,1,1,0,0,0,0,0.8926077485084534
video07,TriClass-Cloud-FT,2107,1,1,0,0,0,0,0.8950687050819397
video07,TriClass-Cloud-FT,2108,1,1,0,0,0,0,0.8959406614303589
video07,TriClass-Cloud-FT,2109,1,1,0,0,0,0,0.8669314980506897
video07,TriClass-Cloud-FT,2110,1,1,0,0,0,0,0.8546109199523926
video07,TriClass-Cloud-FT,2111,1,1,0,0,0,0,0.7324918508529663
video07,TriClass-Cloud-FT,2112,1,1,0,0,0,0,0.9032518267631531
video07,TriClass-Cloud-FT,2113,1,1,0,0,0,0,0.8933141231536865
video07,TriClass-Cloud-FT,2114,1,1,0,0,0,0,0.8876078724861145
video07,TriClass-Cloud-FT,2115,1,1,0,0,0,0,0.8913129568099976
video07,TriClass-Cloud-FT,2116,1,1,0,0,0,0,0.906875491142273
video07,TriClass-Cloud-FT,2117,1,1,0,0,0,0,0.8906053304672241
video07,TriClass-Cloud-FT,2118,1,1,0,0,0,0,0.9071536064147949
video07,TriClass-Cloud-FT,2119,1,1,0,0,0,0,0.9176895022392273
video07,TriClass-Cloud-FT,2120,1,1,0,0,0,0,0.887738823890686
video07,TriClass-Cloud-FT,2121,1,1,0,0,0,0,0.8912101984024048
video07,TriClass-Cloud-FT,2122,1,1,0,0,0,0,0.884057343006134
video07,TriClass-Cloud-FT,2123,1,1,0,0,0,0,0.9041720628738403
video07,TriClass-Cloud-FT,2124,1,1,0,0,0,0,0.9046039581298828
video07,TriClass-Cloud-FT,2125,1,1,0,0,0,0,0.9043195247650146
video07,TriClass-Cloud-FT,2126,1,1,0,0,0,0,0.9140664339065552
video07,TriClass-Cloud-FT,2127,1,1,0,0,0,0,0.910906970500946
video07,TriClass-Cloud-FT,2128,1,1,0,0,0,0,0.9128813147544861
video07,TriClass-Cloud-FT,2129,1,1,0,0,0,0,0.8951786160469055
video07,TriClass-Cloud-FT,2130,1,1,0,0,0,0,0.8959903120994568
video07,TriClass-Cloud-FT,2131,1,1,0,0,0,0,0.9094592332839966
video07,TriClass-Cloud-FT,2132,1,1,0,0,0,0,0.8788988590240479
video07,TriClass-Cloud-FT,2133,1,1,0,0,0,0,0.8987411260604858
video07,TriClass-Cloud-FT,2134,1,1,0,0,0,0,0.8978230953216553
video07,TriClass-Cloud-FT,2135,1,1,0,0,0,0,0.8975536227226257
video07,TriClass-Cloud-FT,2136,1,1,0,0,0,0,0.9110829830169678
video07,TriClass-Cloud-FT,2137,1,1,0,0,0,0,0.9083420634269714
video07,TriClass-Cloud-FT,2138,1,1,0,0,0,0,0.9149156212806702
video07,TriClass-Cloud-FT,2139,1,1,0,0,0,0,0.8887934684753418
video07,TriClass-Cloud-FT,2140,1,1,0,0,0,0,0.9073987007141113
video07,TriClass-Cloud-FT,2141,1,1,0,0,0,0,0.9261887073516846
video07,TriClass-Cloud-FT,2142,1,1,0,0,0,0,0.810632050037384
video07,TriClass-Cloud-FT,2143,1,1,0,0,0,0,0.9244137406349182
video07,TriClass-Cloud-FT,2144,1,1,0,0,0,0,0.9048690795898438
video07,TriClass-Cloud-FT,2145,1,1,0,0,0,0,0.8995181918144226
video07,TriClass-Cloud-FT,2146,1,1,0,0,0,0,0.899357259273529
video07,TriClass-Cloud-FT,2147,1,1,0,0,0,0,0.9038400053977966
video07,TriClass-Cloud-FT,2148,1,1,0,0,0,0,0.8963497877120972
video07,TriClass-Cloud-FT,2149,1,1,0,0,0,0,0.9040021300315857
video07,TriClass-Cloud-FT,2150,1,1,0,0,0,0,0.9052868485450745
video07,TriClass-Cloud-FT,2151,1,1,0,0,0,0,0.8872671723365784
video07,TriClass-Cloud-FT,2152,1,1,0,0,0,0,0.9101507067680359
video07,TriClass-Cloud-FT,2153,1,1,0,0,0,0,0.8906950950622559
video07,TriClass-Cloud-FT,2154,1,1,0,0,0,0,0.9091023206710815
video07,TriClass-Cloud-FT,2155,1,1,0,0,0,0,0.9062332510948181
video07,TriClass-Cloud-FT,2156,1,1,0,0,0,0,0.9162057042121887
video07,TriClass-Cloud-FT,2157,1,1,0,0,0,0,0.9197912216186523
video07,TriClass-Cloud-FT,2158,1,1,0,0,0,0,0.9136620163917542
video07,TriClass-Cloud-FT,2159,1,1,0,0,0,0,0.9250045418739319
video07,TriClass-Cloud-FT,2160,1,1,0,0,0,0,0.8291724920272827
video07,TriClass-Cloud-FT,2161,1,1,0,0,0,0,0.9114643335342407
video07,TriClass-Cloud-FT,2162,1,1,0,0,0,0,0.9166327118873596
video07,TriClass-Cloud-FT,2163,1,1,0,0,0,0,0.9159666895866394
video07,TriClass-Cloud-FT,2164,1,1,0,0,0,0,0.9146806001663208
video07,TriClass-Cloud-FT,2165,1,1,0,0,0,0,0.9009847044944763
video07,TriClass-Cloud-FT,2166,1,1,0,0,0,0,0.9139966368675232
video07,TriClass-Cloud-FT,2167,1,1,0,0,0,0,0.8959668874740601
video07,TriClass-Cloud-FT,2168,1,1,0,0,0,0,0.9268028736114502
video07,TriClass-Cloud-FT,2169,1,1,0,0,0,0,0.907463014125824
video07,TriClass-Cloud-FT,2170,1,1,0,0,0,0,0.9065259695053101
video07,TriClass-Cloud-FT,2171,1,1,0,0,0,0,0.8824934959411621
video07,TriClass-Cloud-FT,2172,1,1,0,0,0,0,0.9108004570007324
video07,TriClass-Cloud-FT,2173,1,1,0,0,0,0,0.892253041267395
video07,TriClass-Cloud-FT,2174,1,1,0,0,0,0,0.8924628496170044
video07,TriClass-Cloud-FT,2175,1,1,0,0,0,0,0.7955006957054138
video07,TriClass-Cloud-FT,2176,1,1,0,0,0,0,0.7809187173843384
video07,TriClass-Cloud-FT,2177,1,1,0,0,0,0,0.9356794953346252
video07,TriClass-Cloud-FT,2178,1,1,0,0,0,0,0.9243860840797424
video07,TriClass-Cloud-FT,2179,1,1,0,0,0,0,0.9240482449531555
video07,TriClass-Cloud-FT,2180,1,1,0,0,0,0,0.9318903088569641
video07,TriClass-Cloud-FT,2181,1,1,0,0,0,0,0.9341927170753479
video07,TriClass-Cloud-FT,2182,1,1,0,0,0,0,0.9340783953666687
video07,TriClass-Cloud-FT,2183,1,1,0,0,0,0,0.9388234615325928
video07,TriClass-Cloud-FT,2184,1,1,0,0,0,0,0.931833028793335
video07,TriClass-Cloud-FT,2185,2,2,0,0,1,0,0.7049282193183899
video07,TriClass-Cloud-FT,2186,1,1,0,0,0,0,0.9364936351776123
video07,TriClass-Cloud-FT,2187,1,1,0,0,0,0,0.9392189979553223
video07,TriClass-Cloud-FT,2188,1,1,0,0,0,0,0.8945263624191284
video07,TriClass-Cloud-FT,2189,1,1,0,0,0,0,0.9366337656974792
video07,TriClass-Cloud-FT,2190,1,1,0,0,0,0,0.939662754535675
video07,TriClass-Cloud-FT,2191,1,1,0,0,0,0,0.9311231970787048
video07,TriClass-Cloud-FT,2192,1,1,0,0,0,0,0.9290748238563538
video07,TriClass-Cloud-FT,2193,1,1,0,0,0,0,0.9358611106872559
video07,TriClass-Cloud-FT,2194,1,1,0,0,0,0,0.9344846606254578
video07,TriClass-Cloud-FT,2195,1,1,0,0,0,0,0.9346113801002502
video07,TriClass-Cloud-FT,2196,1,1,0,0,0,0,0.9371033310890198
video07,TriClass-Cloud-FT,2197,1,1,0,0,0,0,0.9342375993728638
video07,TriClass-Cloud-FT,2198,1,1,0,0,0,0,0.9375651478767395
video07,TriClass-Cloud-FT,2199,1,1,0,0,0,0,0.9309181571006775
video07,TriClass-Cloud-FT,2200,1,1,0,0,0,0,0.9327220916748047
video07,TriClass-Cloud-FT,2201,1,1,0,0,0,0,0.9357439875602722
video07,TriClass-Cloud-FT,2202,1,1,0,0,0,0,0.9234192967414856
video07,TriClass-Cloud-FT,2203,1,1,0,0,0,0,0.9392859935760498
video07,TriClass-Cloud-FT,2204,1,1,0,0,0,0,0.9406985640525818
video07,TriClass-Cloud-FT,2205,1,1,0,0,0,0,0.9384104609489441
video07,TriClass-Cloud-FT,2206,1,1,0,0,0,0,0.9387847781181335
video07,TriClass-Cloud-FT,2207,1,1,0,0,0,0,0.9385248422622681
video07,TriClass-Cloud-FT,2208,1,1,0,0,0,0,0.9271994233131409
video07,TriClass-Cloud-FT,2209,1,1,0,0,0,0,0.9322933554649353
video07,TriClass-Cloud-FT,2210,1,1,0,0,0,0,0.9342272877693176
video07,TriClass-Cloud-FT,2211,1,1,0,0,0,0,0.935194194316864
video07,TriClass-Cloud-FT,2212,1,1,0,0,0,0,0.9368007779121399
video07,TriClass-Cloud-FT,2213,1,1,0,0,0,0,0.9369309544563293
video07,TriClass-Cloud-FT,2214,1,1,0,0,0,0,0.9405350089073181
video07,TriClass-Cloud-FT,2215,1,1,0,0,0,0,0.9363353848457336
video07,TriClass-Cloud-FT,2216,1,1,0,0,0,0,0.9406937956809998
video07,TriClass-Cloud-FT,2217,1,1,0,0,0,0,0.9365748763084412
video07,TriClass-Cloud-FT,2218,1,1,0,0,0,0,0.9396395087242126
video07,TriClass-Cloud-FT,2219,1,1,0,0,0,0,0.9375135898590088
video07,TriClass-Cloud-FT,2220,1,1,0,0,0,0,0.9369882941246033
video07,TriClass-Cloud-FT,2221,1,1,0,0,0,0,0.9333339929580688
video07,TriClass-Cloud-FT,2222,1,1,0,0,0,0,0.9373493194580078
video07,TriClass-Cloud-FT,2223,1,1,0,0,0,0,0.93431156873703
video07,TriClass-Cloud-FT,2224,1,1,0,0,0,0,0.9323046803474426
video07,TriClass-Cloud-FT,2225,1,1,0,0,0,0,0.9253542423248291
video07,TriClass-Cloud-FT,2226,1,1,0,0,0,0,0.9374649524688721
video07,TriClass-Cloud-FT,2227,1,1,0,0,0,0,0.9371336102485657
video07,TriClass-Cloud-FT,2228,2,2,0,0,0,0,0.9130743145942688
video07,TriClass-Cloud-FT,2229,1,1,0,0,0,0,0.9290299415588379
video07,TriClass-Cloud-FT,2230,1,1,0,0,0,0,0.9387380480766296
video07,TriClass-Cloud-FT,2231,1,1,0,0,0,0,0.9375439286231995
video07,TriClass-Cloud-FT,2232,1,1,0,0,0,0,0.9375141859054565
video07,TriClass-Cloud-FT,2233,1,1,0,0,0,0,0.9297236204147339
video07,TriClass-Cloud-FT,2234,1,1,0,0,0,0,0.9371770620346069
video07,TriClass-Cloud-FT,2235,1,1,0,0,0,0,0.9341225028038025
video07,TriClass-Cloud-FT,2236,1,1,0,0,0,0,0.9329758882522583
video07,TriClass-Cloud-FT,2237,1,1,0,0,0,0,0.9272962212562561
video07,TriClass-Cloud-FT,2238,1,1,0,0,0,0,0.9346636533737183
video07,TriClass-Cloud-FT,2239,1,1,0,0,0,0,0.9285736680030823
video07,TriClass-Cloud-FT,2240,2,2,0,0,1,0,0.9281970858573914
video07,TriClass-Cloud-FT,2241,2,2,0,0,0,0,0.8792349100112915
video07,TriClass-Cloud-FT,2242,1,1,0,0,0,0,0.9254469871520996
video07,TriClass-Cloud-FT,2243,1,1,0,0,0,0,0.9345099329948425
video07,TriClass-Cloud-FT,2244,1,1,0,0,0,0,0.939632773399353
video07,TriClass-Cloud-FT,2245,1,1,0,0,0,0,0.9350277781486511
video07,TriClass-Cloud-FT,2246,2,2,0,0,0,0,0.9252495765686035
video07,TriClass-Cloud-FT,2247,1,1,0,0,0,0,0.935584545135498
video07,TriClass-Cloud-FT,2248,1,1,0,0,0,0,0.9371790289878845
video07,TriClass-Cloud-FT,2249,1,1,0,0,0,0,0.9356974363327026
video07,TriClass-Cloud-FT,2250,1,1,0,0,0,0,0.936528742313385
video07,TriClass-Cloud-FT,2251,1,1,0,0,0,0,0.9348807334899902
video07,TriClass-Cloud-FT,2252,1,1,0,0,0,0,0.9347555041313171
video07,TriClass-Cloud-FT,2253,1,1,0,0,0,0,0.868623673915863
video07,TriClass-Cloud-FT,2254,1,1,0,0,0,0,0.9408199787139893
video07,TriClass-Cloud-FT,2255,1,1,0,0,0,0,0.9364510774612427
video07,TriClass-Cloud-FT,2256,1,1,0,0,0,0,0.9357878565788269
video07,TriClass-Cloud-FT,2257,1,1,0,0,0,0,0.9370095729827881
video07,TriClass-Cloud-FT,2258,1,1,0,0,0,0,0.93648362159729
video07,TriClass-Cloud-FT,2259,1,1,0,0,0,0,0.932709276676178
video07,TriClass-Cloud-FT,2260,1,1,0,0,0,0,0.9331166744232178
video07,TriClass-Cloud-FT,2261,1,1,0,0,0,0,0.9365525841712952
video07,TriClass-Cloud-FT,2262,1,1,0,0,0,0,0.9361656904220581
video07,TriClass-Cloud-FT,2263,1,1,0,0,0,0,0.931804358959198
video07,TriClass-Cloud-FT,2264,2,2,0,0,1,0,0.9266592860221863
video07,TriClass-Cloud-FT,2265,1,1,0,0,0,0,0.9127471446990967
video07,TriClass-Cloud-FT,2266,1,1,0,0,0,0,0.9343593120574951
video07,TriClass-Cloud-FT,2267,1,1,0,0,0,0,0.9313595294952393
video07,TriClass-Cloud-FT,2268,1,1,0,0,0,0,0.9254180192947388
video07,TriClass-Cloud-FT,2269,1,1,0,0,0,0,0.8981072306632996
video07,TriClass-Cloud-FT,2270,1,1,0,0,0,0,0.9347725510597229
video07,TriClass-Cloud-FT,2271,1,1,0,0,0,0,0.9280175566673279
video07,TriClass-Cloud-FT,2272,1,1,0,0,0,0,0.9264348149299622
video07,TriClass-Cloud-FT,2273,1,1,0,0,0,0,0.935369074344635
video07,TriClass-Cloud-FT,2274,1,1,0,0,0,0,0.9338694214820862
video07,TriClass-Cloud-FT,2275,1,1,0,0,0,0,0.9312630295753479
video07,TriClass-Cloud-FT,2276,1,1,0,0,0,0,0.9351603388786316
video07,TriClass-Cloud-FT,2277,1,1,0,0,0,0,0.9305621981620789
video07,TriClass-Cloud-FT,2278,1,1,0,0,0,0,0.9321216940879822
video07,TriClass-Cloud-FT,2279,1,1,0,0,0,0,0.9339123368263245
video07,TriClass-Cloud-FT,2280,1,1,0,0,0,0,0.9298122525215149
video07,TriClass-Cloud-FT,2281,1,1,0,0,0,0,0.9360753297805786
video07,TriClass-Cloud-FT,2282,1,1,0,0,0,0,0.9301475286483765
video07,TriClass-Cloud-FT,2283,1,1,0,0,0,0,0.9335300922393799
video07,TriClass-Cloud-FT,2284,1,1,0,0,0,0,0.9326449632644653
video07,TriClass-Cloud-FT,2285,1,1,0,0,0,0,0.9326239228248596
video07,TriClass-Cloud-FT,2286,1,1,0,0,0,0,0.932910680770874
video07,TriClass-Cloud-FT,2287,1,1,0,0,0,0,0.9342020750045776
video07,TriClass-Cloud-FT,2288,1,1,0,0,0,0,0.9311902523040771
video07,TriClass-Cloud-FT,2289,1,1,0,0,0,0,0.9311425089836121
video07,TriClass-Cloud-FT,2290,1,1,0,0,0,0,0.930635929107666
video07,TriClass-Cloud-FT,2291,1,1,0,0,0,0,0.9322670698165894
video07,TriClass-Cloud-FT,2292,1,1,0,0,0,0,0.9313518404960632
video07,TriClass-Cloud-FT,2293,1,1,0,0,0,0,0.9359937310218811
video07,TriClass-Cloud-FT,2294,1,1,0,0,0,0,0.9322923421859741
video07,TriClass-Cloud-FT,2295,1,1,0,0,0,0,0.934592068195343
video07,TriClass-Cloud-FT,2296,1,1,0,0,0,0,0.9338422417640686
video07,TriClass-Cloud-FT,2297,1,1,0,0,0,0,0.9410653114318848
video07,TriClass-Cloud-FT,2298,1,1,0,0,0,0,0.9412086009979248
video07,TriClass-Cloud-FT,2299,1,1,0,0,0,0,0.935982346534729
video07,TriClass-Cloud-FT,2300,1,1,0,0,0,0,0.9406425356864929
video07,TriClass-Cloud-FT,2301,1,1,0,0,0,0,0.9412468075752258
video07,TriClass-Cloud-FT,2302,1,1,0,0,0,0,0.937067449092865
video07,TriClass-Cloud-FT,2303,1,1,0,0,0,0,0.940216600894928
video07,TriClass-Cloud-FT,2304,1,1,0,0,0,0,0.9381071925163269
video07,TriClass-Cloud-FT,2305,1,1,0,0,0,0,0.942356288433075
video07,TriClass-Cloud-FT,2306,1,1,0,0,0,0,0.9388890266418457
video07,TriClass-Cloud-FT,2307,1,1,0,0,0,0,0.9404876232147217
video07,TriClass-Cloud-FT,2308,1,1,0,0,0,0,0.9390270113945007
video07,TriClass-Cloud-FT,2309,1,1,0,0,0,0,0.9353111386299133
video07,TriClass-Cloud-FT,2310,1,1,0,0,0,0,0.9361534714698792
video07,TriClass-Cloud-FT,2311,1,1,0,0,0,0,0.9334046840667725
video07,TriClass-Cloud-FT,2312,1,1,0,0,0,0,0.9380289316177368
video07,TriClass-Cloud-FT,2313,1,1,0,0,0,0,0.9352296590805054
video07,TriClass-Cloud-FT,2314,1,1,0,0,0,0,0.9348698854446411
video07,TriClass-Cloud-FT,2315,1,1,0,0,0,0,0.9406708478927612
video07,TriClass-Cloud-FT,2316,1,1,0,0,0,0,0.9370282888412476
video07,TriClass-Cloud-FT,2317,1,1,0,0,0,0,0.9376446604728699
video07,TriClass-Cloud-FT,2318,1,1,0,0,0,0,0.9381918907165527
video07,TriClass-Cloud-FT,2319,1,1,0,0,0,0,0.9094412922859192
video07,TriClass-Cloud-FT,2320,1,1,0,0,0,0,0.9394810795783997
video07,TriClass-Cloud-FT,2321,1,1,0,0,0,0,0.9370079040527344
video07,TriClass-Cloud-FT,2322,1,1,0,0,0,0,0.9375404715538025
video07,TriClass-Cloud-FT,2323,1,1,0,0,0,0,0.9361159205436707
video07,TriClass-Cloud-FT,2324,1,1,0,0,0,0,0.9303861260414124
video07,TriClass-Cloud-FT,2325,1,1,0,0,0,0,0.9324964880943298
video07,TriClass-Cloud-FT,2326,1,1,0,0,0,0,0.9315241575241089
video07,TriClass-Cloud-FT,2327,1,1,0,0,0,0,0.9336792826652527
video07,TriClass-Cloud-FT,2328,1,1,0,0,0,0,0.9315300583839417
video07,TriClass-Cloud-FT,2329,1,1,0,0,0,0,0.9347825050354004
video07,TriClass-Cloud-FT,2330,1,1,0,0,0,0,0.9240956902503967
video07,TriClass-Cloud-FT,2331,1,1,0,0,0,0,0.9357107877731323
video07,TriClass-Cloud-FT,2332,1,1,0,0,0,0,0.9359501600265503
video07,TriClass-Cloud-FT,2333,1,1,0,0,0,0,0.9384945631027222
video07,TriClass-Cloud-FT,2334,1,1,0,0,0,0,0.9333009719848633
video07,TriClass-Cloud-FT,2335,1,1,0,0,0,0,0.9392536878585815
video07,TriClass-Cloud-FT,2336,1,1,0,0,0,0,0.937201976776123
video07,TriClass-Cloud-FT,2337,1,1,0,0,0,0,0.9358505606651306
video07,TriClass-Cloud-FT,2338,1,1,0,0,0,0,0.9254552721977234
video07,TriClass-Cloud-FT,2339,1,1,0,0,0,0,0.9105851054191589
video07,TriClass-Cloud-FT,2340,1,1,0,0,0,0,0.9309386610984802
video07,TriClass-Cloud-FT,2341,1,1,0,0,0,0,0.9301806092262268
video07,TriClass-Cloud-FT,2342,1,1,0,0,0,0,0.9346575736999512
video07,TriClass-Cloud-FT,2343,1,1,0,0,0,0,0.9186542630195618
video07,TriClass-Cloud-FT,2344,1,1,0,0,0,0,0.9281957149505615
video07,TriClass-Cloud-FT,2345,1,1,0,0,0,0,0.9291509389877319
video07,TriClass-Cloud-FT,2346,1,1,0,0,0,0,0.9352447986602783
video07,TriClass-Cloud-FT,2347,1,1,0,0,0,0,0.9323365688323975
video07,TriClass-Cloud-FT,2348,1,1,0,0,0,0,0.9147992730140686
video07,TriClass-Cloud-FT,2349,1,1,0,0,0,0,0.9340134263038635
video07,TriClass-Cloud-FT,2350,1,1,0,0,0,0,0.927528440952301
video07,TriClass-Cloud-FT,2351,1,1,0,0,0,0,0.8585516810417175
video07,TriClass-Cloud-FT,2352,1,1,0,0,0,0,0.928722620010376
video07,TriClass-Cloud-FT,2353,1,1,0,0,0,0,0.9346060752868652
video07,TriClass-Cloud-FT,2354,1,1,0,0,0,0,0.9240846037864685
video07,TriClass-Cloud-FT,2355,1,1,0,0,0,0,0.935479462146759
video07,TriClass-Cloud-FT,2356,1,1,0,0,0,0,0.9311394095420837
video07,TriClass-Cloud-FT,2357,1,1,0,0,0,0,0.9328562617301941
video07,TriClass-Cloud-FT,2358,1,1,0,0,0,0,0.9363120794296265
video07,TriClass-Cloud-FT,2359,1,1,0,0,0,0,0.9160351157188416
video07,TriClass-Cloud-FT,2360,1,1,0,0,0,0,0.9341910481452942
video07,TriClass-Cloud-FT,2361,1,1,0,0,0,0,0.9294845461845398
video07,TriClass-Cloud-FT,2362,1,1,0,0,0,0,0.9384921789169312
video07,TriClass-Cloud-FT,2363,1,1,0,0,0,0,0.9272838234901428
video07,TriClass-Cloud-FT,2364,1,1,0,0,0,0,0.9319576025009155
video07,TriClass-Cloud-FT,2365,1,1,0,0,0,0,0.9399248957633972
video07,TriClass-Cloud-FT,2366,1,1,0,0,0,0,0.9296960830688477
video07,TriClass-Cloud-FT,2367,1,1,0,0,0,0,0.9307735562324524
video07,TriClass-Cloud-FT,2368,1,1,0,0,0,0,0.9350303411483765
video07,TriClass-Cloud-FT,2369,1,1,0,0,0,0,0.9284507036209106
video07,TriClass-Cloud-FT,2370,1,1,0,0,0,0,0.9343764185905457
video07,TriClass-Cloud-FT,2371,1,1,0,0,0,0,0.9221438765525818
video07,TriClass-Cloud-FT,2372,1,1,0,0,0,0,0.9294546246528625
video07,TriClass-Cloud-FT,2373,1,1,0,0,0,0,0.9394142031669617
video07,TriClass-Cloud-FT,2374,1,1,0,0,0,0,0.9271329641342163
video07,TriClass-Cloud-FT,2375,1,1,0,0,0,0,0.9352894425392151
video07,TriClass-Cloud-FT,2376,1,1,0,0,0,0,0.9284891486167908
video07,TriClass-Cloud-FT,2377,1,1,0,0,0,0,0.9351876378059387
video07,TriClass-Cloud-FT,2378,1,1,0,0,0,0,0.9352129101753235
video07,TriClass-Cloud-FT,2379,1,1,0,0,0,0,0.9359316825866699
video07,TriClass-Cloud-FT,2380,1,1,0,0,0,0,0.9347811341285706
video07,TriClass-Cloud-FT,2381,1,1,0,0,0,0,0.9363378882408142
video07,TriClass-Cloud-FT,2382,1,1,0,0,0,0,0.9319608807563782
video07,TriClass-Cloud-FT,2383,1,1,0,0,0,0,0.9376887083053589
video07,TriClass-Cloud-FT,2384,1,1,0,0,0,0,0.9290428757667542
video07,TriClass-Cloud-FT,2385,1,1,0,0,0,0,0.9345768094062805
video07,TriClass-Cloud-FT,2386,1,1,0,0,0,0,0.7670595645904541
video07,TriClass-Cloud-FT,2387,1,1,0,0,0,0,0.9311898350715637
video07,TriClass-Cloud-FT,2388,1,1,0,0,0,0,0.9282109141349792
video07,TriClass-Cloud-FT,2389,1,1,0,0,0,0,0.9319711327552795
video07,TriClass-Cloud-FT,2390,1,1,0,0,0,0,0.9271425604820251
video07,TriClass-Cloud-FT,2391,1,1,0,0,0,0,0.9358999729156494
video07,TriClass-Cloud-FT,2392,1,1,0,0,0,0,0.9287107586860657
video07,TriClass-Cloud-FT,2393,1,1,0,0,0,0,0.9339519739151001
video07,TriClass-Cloud-FT,2394,1,1,0,0,0,0,0.9324342012405396
video07,TriClass-Cloud-FT,2395,1,1,0,0,0,0,0.9350372552871704
video07,TriClass-Cloud-FT,2396,1,1,0,0,0,0,0.9318363666534424
video07,TriClass-Cloud-FT,2397,1,1,0,0,0,0,0.9361514449119568
video07,TriClass-Cloud-FT,2398,1,1,0,0,0,0,0.9264855980873108
video07,TriClass-Cloud-FT,2399,1,1,0,0,0,0,0.9376574754714966
video07,TriClass-Cloud-FT,2400,1,1,0,0,0,0,0.9299458265304565
video07,TriClass-Cloud-FT,2401,1,1,0,0,0,0,0.9372738003730774
video07,TriClass-Cloud-FT,2402,1,1,0,0,0,0,0.9275533556938171
video07,TriClass-Cloud-FT,2403,1,1,0,0,0,0,0.9294302463531494
video07,TriClass-Cloud-FT,2404,1,1,0,0,0,0,0.9277476668357849
video07,TriClass-Cloud-FT,2405,1,1,0,0,0,0,0.9319182634353638
video07,TriClass-Cloud-FT,2406,1,1,0,0,0,0,0.9264252185821533
video07,TriClass-Cloud-FT,2407,1,1,0,0,0,0,0.9330459833145142
video07,TriClass-Cloud-FT,2408,1,1,0,0,0,0,0.9287055134773254
video07,TriClass-Cloud-FT,2409,1,1,0,0,0,0,0.9337579607963562
video07,TriClass-Cloud-FT,2410,1,1,0,0,0,0,0.9294871091842651
video07,TriClass-Cloud-FT,2411,1,1,0,0,0,0,0.9345169067382812
video07,TriClass-Cloud-FT,2412,1,1,0,0,0,0,0.9315373301506042
video07,TriClass-Cloud-FT,2413,1,1,0,0,0,0,0.9325403571128845
video07,TriClass-Cloud-FT,2414,1,1,0,0,0,0,0.9306879639625549
video07,TriClass-Cloud-FT,2415,1,1,0,0,0,0,0.9303277134895325
video07,TriClass-Cloud-FT,2416,1,1,0,0,0,0,0.9297011494636536
video07,TriClass-Cloud-FT,2417,1,1,0,0,0,0,0.9331879019737244
video07,TriClass-Cloud-FT,2418,1,1,0,0,0,0,0.8277490139007568
video07,TriClass-Cloud-FT,2419,1,1,0,0,0,0,0.9292505979537964
video07,TriClass-Cloud-FT,2420,1,1,0,0,0,0,0.9034197330474854
video07,TriClass-Cloud-FT,2421,1,1,0,0,0,0,0.9310226440429688
video07,TriClass-Cloud-FT,2422,1,1,0,0,0,0,0.9283784031867981
video07,TriClass-Cloud-FT,2423,1,1,0,0,0,0,0.9328146576881409
video07,TriClass-Cloud-FT,2424,1,1,0,0,0,0,0.9299225211143494
video07,TriClass-Cloud-FT,2425,1,1,0,0,0,0,0.9335908889770508
video07,TriClass-Cloud-FT,2426,1,1,0,0,0,0,0.933521568775177
video07,TriClass-Cloud-FT,2427,1,1,0,0,0,0,0.9342143535614014
video07,TriClass-Cloud-FT,2428,1,1,0,0,0,0,0.9291101694107056
video07,TriClass-Cloud-FT,2429,1,1,0,0,0,0,0.9322033524513245
video07,TriClass-Cloud-FT,2430,1,1,0,0,0,0,0.92884361743927
video07,TriClass-Cloud-FT,2431,1,1,0,0,0,0,0.9361262917518616
video07,TriClass-Cloud-FT,2432,1,1,0,0,0,0,0.9313993453979492
video07,TriClass-Cloud-FT,2433,1,1,0,0,0,0,0.9076774716377258
video07,TriClass-Cloud-FT,2434,1,1,0,0,0,0,0.8731379508972168
video07,TriClass-Cloud-FT,2435,1,1,0,0,0,0,0.9292284250259399
video07,TriClass-Cloud-FT,2436,1,1,0,0,0,0,0.9304669499397278
video07,TriClass-Cloud-FT,2437,1,1,0,0,0,0,0.9293398261070251
video07,TriClass-Cloud-FT,2438,1,1,0,0,0,0,0.9282960891723633
video07,TriClass-Cloud-FT,2439,1,1,0,0,0,0,0.930365800857544
video07,TriClass-Cloud-FT,2440,1,1,0,0,0,0,0.9281395673751831
video07,TriClass-Cloud-FT,2441,1,1,0,0,0,0,0.9242441654205322
video07,TriClass-Cloud-FT,2442,1,1,0,0,0,0,0.9309526085853577
video07,TriClass-Cloud-FT,2443,1,1,0,0,0,0,0.9265999794006348
video07,TriClass-Cloud-FT,2444,1,1,0,0,0,0,0.932946503162384
video07,TriClass-Cloud-FT,2445,1,1,0,0,0,0,0.9294862747192383
video07,TriClass-Cloud-FT,2446,1,1,0,0,0,0,0.9296655058860779
video07,TriClass-Cloud-FT,2447,1,1,0,0,0,0,0.9297544360160828
video07,TriClass-Cloud-FT,2448,1,1,0,0,0,0,0.9276608824729919
video07,TriClass-Cloud-FT,2449,1,1,0,0,0,0,0.9258453845977783
video07,TriClass-Cloud-FT,2450,1,1,0,0,0,0,0.9262872934341431
video07,TriClass-Cloud-FT,2451,1,1,0,0,0,0,0.928311288356781
video07,TriClass-Cloud-FT,2452,1,1,0,0,0,0,0.9247645139694214
video07,TriClass-Cloud-FT,2453,1,1,0,0,0,0,0.9271903038024902
video07,TriClass-Cloud-FT,2454,1,1,0,0,0,0,0.9300736784934998
video07,TriClass-Cloud-FT,2455,1,1,0,0,0,0,0.9333220720291138
video07,TriClass-Cloud-FT,2456,1,1,0,0,0,0,0.9269890785217285
video07,TriClass-Cloud-FT,2457,1,1,0,0,0,0,0.9307529926300049
video07,TriClass-Cloud-FT,2458,1,1,0,0,0,0,0.9299028515815735
video07,TriClass-Cloud-FT,2459,1,1,0,0,0,0,0.9280511736869812
video07,TriClass-Cloud-FT,2460,1,1,0,0,0,0,0.9308668375015259
video07,TriClass-Cloud-FT,2461,1,1,0,0,0,0,0.9325724840164185
video07,TriClass-Cloud-FT,2462,1,1,0,0,0,0,0.9321560263633728
video07,TriClass-Cloud-FT,2463,1,1,0,0,0,0,0.9313809275627136
video07,TriClass-Cloud-FT,2464,1,1,0,0,0,0,0.9305101037025452
video07,TriClass-Cloud-FT,2465,1,1,0,0,0,0,0.9325851202011108
video07,TriClass-Cloud-FT,2466,1,1,0,0,0,0,0.9317271709442139
video07,TriClass-Cloud-FT,2467,1,1,0,0,0,0,0.9334335923194885
video07,TriClass-Cloud-FT,2468,1,1,0,0,0,0,0.9314850568771362
video07,TriClass-Cloud-FT,2469,1,1,0,0,0,0,0.9301650524139404
video07,TriClass-Cloud-FT,2470,1,1,0,0,0,0,0.9295060634613037
video07,TriClass-Cloud-FT,2471,1,1,0,0,0,0,0.8838086724281311
video07,TriClass-Cloud-FT,2472,1,1,0,0,0,0,0.9309682846069336
video07,TriClass-Cloud-FT,2473,1,1,0,0,0,0,0.930562436580658
video07,TriClass-Cloud-FT,2474,1,1,0,0,0,0,0.9293767213821411
video07,TriClass-Cloud-FT,2475,1,1,0,0,0,0,0.929835319519043
video07,TriClass-Cloud-FT,2476,1,1,0,0,0,0,0.9313869476318359
video07,TriClass-Cloud-FT,2477,1,1,0,0,0,0,0.9350894689559937
video07,TriClass-Cloud-FT,2478,1,1,0,0,0,0,0.9346768856048584
video07,TriClass-Cloud-FT,2479,1,1,0,0,0,0,0.9347684383392334
