video,model,frame,detections,drone_det,bird_det,false_class,low_conf_fp,tp_iou,max_conf
video08,TriClass-Cloud,0,1,1,0,0,0,1,0.7893465161323547
video08,TriClass-Cloud,1,2,2,0,0,1,0,0.5990708470344543
video08,TriClass-Cloud,2,1,1,0,0,0,0,0.7045542001724243
video08,TriClass-Cloud,3,1,1,0,0,0,0,0.6338587999343872
video08,TriClass-Cloud,4,1,1,0,0,0,0,0.6538379192352295
video08,TriClass-Cloud,5,1,1,0,0,0,0,0.7568544745445251
video08,TriClass-Cloud,6,2,2,0,0,0,0,0.4425075650215149
video08,TriClass-Cloud,7,1,1,0,0,0,0,0.5212982296943665
video08,TriClass-Cloud,8,1,1,0,0,0,0,0.7236546277999878
video08,TriClass-Cloud,9,1,1,0,0,0,0,0.8293030858039856
video08,TriClass-Cloud,10,2,2,0,0,1,0,0.5741578936576843
video08,TriClass-Cloud,11,1,1,0,0,0,0,0.8031124472618103
video08,TriClass-Cloud,12,1,1,0,0,0,0,0.6763259768486023
video08,TriClass-Cloud,13,2,2,0,0,0,0,0.5092538595199585
video08,TriClass-Cloud,14,1,1,0,0,0,0,0.7283767461776733
video08,TriClass-Cloud,15,1,1,0,0,0,0,0.7575458884239197
video08,TriClass-Cloud,16,2,2,0,0,1,0,0.5985516905784607
video08,TriClass-Cloud,17,1,1,0,0,0,0,0.8436921834945679
video08,TriClass-Cloud,18,2,2,0,0,0,0,0.4450760781764984
video08,TriClass-Cloud,19,2,2,0,0,1,0,0.5781332850456238
video08,TriClass-Cloud,20,1,1,0,0,0,0,0.8422984480857849
video08,TriClass-Cloud,21,1,1,0,0,0,0,0.853206992149353
video08,TriClass-Cloud,22,1,1,0,0,0,0,0.8182465434074402
video08,TriClass-Cloud,23,1,1,0,0,0,0,0.6991996765136719
video08,TriClass-Cloud,24,1,1,0,0,0,0,0.8065932989120483
video08,TriClass-Cloud,25,1,1,0,0,0,0,0.7299213409423828
video08,TriClass-Cloud,26,1,1,0,0,0,0,0.672827422618866
video08,TriClass-Cloud,27,2,2,0,0,0,0,0.5737716555595398
video08,TriClass-Cloud,28,1,1,0,0,0,0,0.8391650915145874
video08,TriClass-Cloud,29,1,1,0,0,0,0,0.8123611211776733
video08,TriClass-Cloud,30,1,1,0,0,0,0,0.7231292724609375
video08,TriClass-Cloud,31,1,1,0,0,0,0,0.8120531439781189
video08,TriClass-Cloud,32,1,1,0,0,0,0,0.8317127227783203
video08,TriClass-Cloud,33,1,1,0,0,0,0,0.842400074005127
video08,TriClass-Cloud,34,1,1,0,0,0,0,0.821276068687439
video08,TriClass-Cloud,35,1,1,0,0,0,0,0.8486828804016113
video08,TriClass-Cloud,36,1,1,0,0,0,0,0.8344268798828125
video08,TriClass-Cloud,37,1,1,0,0,0,0,0.7777465581893921
video08,TriClass-Cloud,38,1,1,0,0,0,0,0.8570809960365295
video08,TriClass-Cloud,39,1,1,0,0,0,0,0.8431424498558044
video08,TriClass-Cloud,40,1,1,0,0,0,0,0.5104734897613525
video08,TriClass-Cloud,41,1,1,0,0,0,0,0.7094846367835999
video08,TriClass-Cloud,42,2,2,0,0,0,0,0.8078585863113403
video08,TriClass-Cloud,43,1,1,0,0,0,0,0.8205798268318176
video08,TriClass-Cloud,44,2,2,0,0,0,0,0.7045378684997559
video08,TriClass-Cloud,45,1,1,0,0,0,0,0.8312800526618958
video08,TriClass-Cloud,46,1,1,0,0,0,0,0.8528763651847839
video08,TriClass-Cloud,47,1,1,0,0,0,0,0.7368087768554688
video08,TriClass-Cloud,48,1,1,0,0,0,0,0.8545808792114258
video08,TriClass-Cloud,49,1,1,0,0,0,0,0.8197312951087952
video08,TriClass-Cloud,50,1,1,0,0,0,0,0.7569440603256226
video08,TriClass-Cloud,51,1,1,0,0,0,0,0.7983478307723999
video08,TriClass-Cloud,52,1,1,0,0,0,0,0.8127984404563904
video08,TriClass-Cloud,53,1,1,0,0,0,0,0.8306445479393005
video08,TriClass-Cloud,54,1,1,0,0,0,0,0.8476730585098267
video08,TriClass-Cloud,55,1,1,0,0,0,0,0.8245359063148499
video08,TriClass-Cloud,56,1,1,0,0,0,0,0.842176616191864
video08,TriClass-Cloud,57,1,1,0,0,0,0,0.8222616314888
video08,TriClass-Cloud,58,1,1,0,0,0,0,0.8508231043815613
video08,TriClass-Cloud,59,1,1,0,0,0,0,0.8492917418479919
video08,TriClass-Cloud,60,1,1,0,0,0,0,0.8272652626037598
video08,TriClass-Cloud,61,1,1,0,0,0,0,0.8572275638580322
video08,TriClass-Cloud,62,1,1,0,0,0,0,0.8241254091262817
video08,TriClass-Cloud,63,1,1,0,0,0,0,0.8333105444908142
video08,TriClass-Cloud,64,1,1,0,0,0,0,0.8338175415992737
video08,TriClass-Cloud,65,1,1,0,0,0,0,0.8267552256584167
video08,TriClass-Cloud,66,1,1,0,0,0,0,0.6912500262260437
video08,TriClass-Cloud,67,1,1,0,0,0,0,0.8447027802467346
video08,TriClass-Cloud,68,1,1,0,0,0,0,0.7520651817321777
video08,TriClass-Cloud,69,1,1,0,0,0,0,0.8520788550376892
video08,TriClass-Cloud,70,1,1,0,0,0,0,0.7987653613090515
video08,TriClass-Cloud,71,1,1,0,0,0,0,0.8345507383346558
video08,TriClass-Cloud,72,1,1,0,0,0,0,0.8190383315086365
video08,TriClass-Cloud,73,1,1,0,0,0,0,0.8629463315010071
video08,TriClass-Cloud,74,1,1,0,0,0,0,0.8314362168312073
video08,TriClass-Cloud,75,1,1,0,0,0,0,0.6251913905143738
video08,TriClass-Cloud,76,1,1,0,0,0,0,0.795238196849823
video08,TriClass-Cloud,77,1,1,0,0,0,0,0.8325515389442444
video08,TriClass-Cloud,78,1,1,0,0,0,0,0.8334972262382507
video08,TriClass-Cloud,79,1,1,0,0,0,0,0.40176963806152344
video08,TriClass-Cloud,80,1,1,0,0,1,0,0.32343849539756775
video08,TriClass-Cloud,81,0,0,0,0,0,0,0.0
video08,TriClass-Cloud,82,0,0,0,0,0,0,0.0
video08,TriClass-Cloud,83,0,0,0,0,0,0,0.0
video08,TriClass-Cloud,84,1,1,0,0,0,0,0.38156425952911377
video08,TriClass-Cloud,85,1,1,0,0,0,0,0.6854870319366455
video08,TriClass-Cloud,86,1,1,0,0,0,0,0.7753354907035828
video08,TriClass-Cloud,87,1,1,0,0,0,0,0.7337011694908142
video08,TriClass-Cloud,88,1,1,0,0,0,0,0.7446614503860474
video08,TriClass-Cloud,89,1,1,0,0,0,0,0.844906210899353
video08,TriClass-Cloud,90,1,1,0,0,0,0,0.8321129679679871
video08,TriClass-Cloud,91,1,1,0,0,0,0,0.8145078420639038
video08,TriClass-Cloud,92,2,2,0,0,1,0,0.4215262234210968
video08,TriClass-Cloud,93,1,1,0,0,0,0,0.8202863335609436
video08,TriClass-Cloud,94,1,1,0,0,0,0,0.792905867099762
video08,TriClass-Cloud,95,1,1,0,0,0,0,0.7444847226142883
video08,TriClass-Cloud,96,1,1,0,0,0,0,0.8571789860725403
video08,TriClass-Cloud,97,1,1,0,0,0,0,0.8475443124771118
video08,TriClass-Cloud,98,1,1,0,0,0,0,0.8659570217132568
video08,TriClass-Cloud,99,1,1,0,0,0,0,0.8235614895820618
video08,TriClass-Cloud,100,1,1,0,0,0,0,0.6783250570297241
video08,TriClass-Cloud,101,1,1,0,0,0,0,0.7355591058731079
video08,TriClass-Cloud,102,1,1,0,0,0,0,0.7860588431358337
video08,TriClass-Cloud,103,1,1,0,0,0,0,0.7875743508338928
video08,TriClass-Cloud,104,1,1,0,0,0,0,0.8394444584846497
video08,TriClass-Cloud,105,1,1,0,0,0,0,0.8167327046394348
video08,TriClass-Cloud,106,1,1,0,0,0,0,0.7856724858283997
video08,TriClass-Cloud,107,1,1,0,0,0,0,0.7320456504821777
video08,TriClass-Cloud,108,1,1,0,0,0,0,0.8050307035446167
video08,TriClass-Cloud,109,1,1,0,0,0,0,0.8662841320037842
video08,TriClass-Cloud,110,1,1,0,0,0,0,0.853343665599823
video08,TriClass-Cloud,111,1,1,0,0,0,0,0.7143422365188599
video08,TriClass-Cloud,112,1,1,0,0,0,0,0.8320149779319763
video08,TriClass-Cloud,113,1,1,0,0,0,0,0.7356582880020142
video08,TriClass-Cloud,114,1,1,0,0,0,0,0.8291712999343872
video08,TriClass-Cloud,115,1,1,0,0,0,0,0.7551810145378113
video08,TriClass-Cloud,116,1,1,0,0,0,0,0.8554158210754395
video08,TriClass-Cloud,117,1,1,0,0,0,0,0.7916505336761475
video08,TriClass-Cloud,118,1,1,0,0,0,0,0.7670249938964844
video08,TriClass-Cloud,119,1,1,0,0,0,0,0.8192553520202637
video08,TriClass-Cloud,120,1,1,0,0,0,0,0.7311198711395264
video08,TriClass-Cloud,121,1,1,0,0,0,0,0.7672330737113953
video08,TriClass-Cloud,122,1,1,0,0,0,0,0.7386515736579895
video08,TriClass-Cloud,123,1,1,0,0,0,0,0.8650535941123962
video08,TriClass-Cloud,124,1,1,0,0,0,0,0.8446671962738037
video08,TriClass-Cloud,125,1,1,0,0,0,0,0.8362442851066589
video08,TriClass-Cloud,126,2,2,0,0,0,0,0.6500200629234314
video08,TriClass-Cloud,127,1,1,0,0,0,0,0.8145313262939453
video08,TriClass-Cloud,128,1,1,0,0,0,0,0.824248194694519
video08,TriClass-Cloud,129,1,1,0,0,0,0,0.7888107299804688
video08,TriClass-Cloud,130,1,1,0,0,0,0,0.629401445388794
video08,TriClass-Cloud,131,1,1,0,0,0,0,0.8029771447181702
video08,TriClass-Cloud,132,1,1,0,0,0,0,0.7863619327545166
video08,TriClass-Cloud,133,1,1,0,0,0,0,0.7489628195762634
video08,TriClass-Cloud,134,1,1,0,0,0,0,0.41997501254081726
video08,TriClass-Cloud,135,1,1,0,0,0,0,0.7274399399757385
video08,TriClass-Cloud,136,1,1,0,0,0,0,0.6860759854316711
video08,TriClass-Cloud,137,1,1,0,0,0,0,0.6448290348052979
video08,TriClass-Cloud,138,1,1,0,0,0,0,0.6481242775917053
video08,TriClass-Cloud,139,1,1,0,0,0,0,0.5675534605979919
video08,TriClass-Cloud,140,1,1,0,0,0,0,0.6295291185379028
video08,TriClass-Cloud,141,1,1,0,0,0,0,0.474450945854187
video08,TriClass-Cloud,142,1,1,0,0,1,0,0.3462889790534973
video08,TriClass-Cloud,143,1,1,0,0,0,0,0.5483381152153015
video08,TriClass-Cloud,144,1,1,0,0,0,0,0.44742822647094727
video08,TriClass-Cloud,145,1,1,0,0,0,0,0.6880071759223938
video08,TriClass-Cloud,146,2,2,0,0,0,0,0.7678837180137634
video08,TriClass-Cloud,147,1,1,0,0,0,0,0.6853896379470825
video08,TriClass-Cloud,148,1,1,0,0,0,0,0.7409341931343079
video08,TriClass-Cloud,149,2,2,0,0,0,0,0.43821603059768677
video08,TriClass-Cloud,150,1,1,0,0,0,0,0.814274251461029
video08,TriClass-Cloud,151,1,1,0,0,0,0,0.7363836169242859
video08,TriClass-Cloud,152,1,1,0,0,0,0,0.7687429189682007
video08,TriClass-Cloud,153,1,1,0,0,0,0,0.7981081008911133
video08,TriClass-Cloud,154,1,1,0,0,0,0,0.7338610887527466
video08,TriClass-Cloud,155,1,1,0,0,0,0,0.7603814005851746
video08,TriClass-Cloud,156,1,1,0,0,0,0,0.8482779860496521
video08,TriClass-Cloud,157,1,1,0,0,0,0,0.8311685919761658
video08,TriClass-Cloud,158,2,2,0,0,1,0,0.5429275035858154
video08,TriClass-Cloud,159,1,1,0,0,0,0,0.823142409324646
video08,TriClass-Cloud,160,1,1,0,0,0,0,0.8439815044403076
video08,TriClass-Cloud,161,1,1,0,0,0,0,0.7301235198974609
video08,TriClass-Cloud,162,1,1,0,0,0,0,0.807768702507019
video08,TriClass-Cloud,163,1,1,0,0,0,0,0.8696717023849487
video08,TriClass-Cloud,164,1,1,0,0,0,0,0.7270909547805786
video08,TriClass-Cloud,165,1,1,0,0,0,0,0.7709847092628479
video08,TriClass-Cloud,166,1,1,0,0,0,0,0.7861105799674988
video08,TriClass-Cloud,167,1,1,0,0,0,0,0.7780062556266785
video08,TriClass-Cloud,168,1,1,0,0,0,0,0.7614539861679077
video08,TriClass-Cloud,169,1,1,0,0,0,0,0.599847674369812
video08,TriClass-Cloud,170,1,1,0,0,0,0,0.7908966541290283
video08,TriClass-Cloud,171,1,1,0,0,0,0,0.663009762763977
video08,TriClass-Cloud,172,1,1,0,0,0,0,0.38418319821357727
video08,TriClass-Cloud,173,1,1,0,0,1,0,0.26740872859954834
video08,TriClass-Cloud,174,1,1,0,0,0,0,0.5040940642356873
video08,TriClass-Cloud,175,1,1,0,0,0,0,0.5946979522705078
video08,TriClass-Cloud,176,1,1,0,0,0,0,0.5696382522583008
video08,TriClass-Cloud,177,1,1,0,0,0,0,0.5001873970031738
video08,TriClass-Cloud,178,1,1,0,0,1,0,0.33739644289016724
video08,TriClass-Cloud,179,1,1,0,0,0,0,0.41836732625961304
video08,TriClass-Cloud,180,1,1,0,0,0,0,0.6499989628791809
video08,TriClass-Cloud,181,1,1,0,0,0,0,0.5341187119483948
video08,TriClass-Cloud,182,1,1,0,0,0,0,0.5983884930610657
video08,TriClass-Cloud,183,1,1,0,0,0,0,0.5153076648712158
video08,TriClass-Cloud,184,1,1,0,0,0,0,0.5045934915542603
video08,TriClass-Cloud,185,1,1,0,0,0,0,0.47387975454330444
video08,TriClass-Cloud,186,1,1,0,0,0,0,0.49794769287109375
video08,TriClass-Cloud,187,1,1,0,0,0,0,0.5277939438819885
video08,TriClass-Cloud,188,1,1,0,0,0,0,0.5615748167037964
video08,TriClass-Cloud,189,1,1,0,0,0,0,0.5534024238586426
video08,TriClass-Cloud,190,2,2,0,0,2,0,0.32551687955856323
video08,TriClass-Cloud,191,0,0,0,0,0,0,0.0
video08,TriClass-Cloud,192,0,0,0,0,0,0,0.0
video08,TriClass-Cloud,193,0,0,0,0,0,0,0.0
video08,TriClass-Cloud,194,0,0,0,0,0,0,0.0
video08,TriClass-Cloud,195,0,0,0,0,0,0,0.0
video08,TriClass-Cloud,196,0,0,0,0,0,0,0.0
video08,TriClass-Cloud,197,0,0,0,0,0,0,0.0
video08,TriClass-Cloud,198,0,0,0,0,0,0,0.0
video08,TriClass-Cloud,199,0,0,0,0,0,0,0.0
video08,TriClass-Cloud,200,0,0,0,0,0,0,0.0
video08,TriClass-Cloud,201,0,0,0,0,0,0,0.0
video08,TriClass-Cloud,202,0,0,0,0,0,0,0.0
video08,TriClass-Cloud,203,0,0,0,0,0,0,0.0
video08,TriClass-Cloud,204,0,0,0,0,0,0,0.0
video08,TriClass-Cloud,205,0,0,0,0,0,0,0.0
video08,TriClass-Cloud,206,0,0,0,0,0,0,0.0
video08,TriClass-Cloud,207,0,0,0,0,0,0,0.0
video08,TriClass-Cloud,208,1,1,0,0,1,0,0.3423009514808655
video08,TriClass-Cloud,209,0,0,0,0,0,0,0.0
video08,TriClass-Cloud,210,0,0,0,0,0,0,0.0
video08,TriClass-Cloud,211,0,0,0,0,0,0,0.0
video08,TriClass-Cloud,212,0,0,0,0,0,0,0.0
video08,TriClass-Cloud,213,0,0,0,0,0,0,0.0
video08,TriClass-Cloud,214,0,0,0,0,0,0,0.0
video08,TriClass-Cloud,215,0,0,0,0,0,0,0.0
video08,TriClass-Cloud,216,0,0,0,0,0,0,0.0
video08,TriClass-Cloud,217,0,0,0,0,0,0,0.0
video08,TriClass-Cloud,218,0,0,0,0,0,0,0.0
video08,TriClass-Cloud,219,0,0,0,0,0,0,0.0
video08,TriClass-Cloud,220,1,1,0,0,0,0,0.518316388130188
video08,TriClass-Cloud,221,0,0,0,0,0,0,0.0
video08,TriClass-Cloud,222,1,1,0,0,1,0,0.3411014676094055
video08,TriClass-Cloud,223,1,1,0,0,1,0,0.28966692090034485
video08,TriClass-Cloud,224,1,1,0,0,1,0,0.27556920051574707
video08,TriClass-Cloud,225,1,1,0,0,0,0,0.5178766250610352
video08,TriClass-Cloud,226,0,0,0,0,0,0,0.0
video08,TriClass-Cloud,227,1,1,0,0,0,0,0.5453804135322571
video08,TriClass-Cloud,228,1,1,0,0,0,0,0.45828598737716675
video08,TriClass-Cloud,229,1,1,0,0,0,0,0.4296310544013977
video08,TriClass-Cloud,230,1,1,0,0,0,0,0.7028013467788696
video08,TriClass-Cloud,231,1,1,0,0,0,0,0.4645993113517761
video08,TriClass-Cloud,232,1,1,0,0,0,0,0.6194973587989807
video08,TriClass-Cloud,233,2,2,0,0,0,0,0.5246511697769165
video08,TriClass-Cloud,234,1,1,0,0,0,0,0.7319536805152893
video08,TriClass-Cloud,235,2,2,0,0,0,0,0.532771646976471
video08,TriClass-Cloud,236,1,1,0,0,0,0,0.7107768058776855
video08,TriClass-Cloud,237,1,1,0,0,0,0,0.687402069568634
video08,TriClass-Cloud,238,2,2,0,0,0,0,0.5165099501609802
video08,TriClass-Cloud,239,1,1,0,0,0,0,0.6998403072357178
video08,TriClass-Cloud,240,1,1,0,0,0,0,0.6513095498085022
video08,TriClass-Cloud,241,1,1,0,0,0,0,0.5543525218963623
video08,TriClass-Cloud,242,1,1,0,0,0,0,0.6976104974746704
video08,TriClass-Cloud,243,1,1,0,0,0,0,0.6346578598022461
video08,TriClass-Cloud,244,1,1,0,0,0,0,0.8047229051589966
video08,TriClass-Cloud,245,2,2,0,0,1,0,0.46313178539276123
video08,TriClass-Cloud,246,1,1,0,0,0,0,0.5615221858024597
video08,TriClass-Cloud,247,1,1,0,0,0,0,0.649856448173523
video08,TriClass-Cloud,248,1,1,0,0,0,0,0.8080264925956726
video08,TriClass-Cloud,249,1,1,0,0,0,0,0.7539367079734802
video08,TriClass-Cloud,250,1,1,0,0,0,0,0.705715000629425
video08,TriClass-Cloud,251,1,1,0,0,0,0,0.6835522651672363
video08,TriClass-Cloud,252,1,1,0,0,0,0,0.6923636198043823
video08,TriClass-Cloud,253,1,1,0,0,0,0,0.6284295320510864
video08,TriClass-Cloud,254,2,2,0,0,1,0,0.5620970129966736
video08,TriClass-Cloud,255,1,1,0,0,0,0,0.7252640128135681
video08,TriClass-Cloud,256,1,1,0,0,0,0,0.7646971344947815
video08,TriClass-Cloud,257,1,1,0,0,0,0,0.5399766564369202
video08,TriClass-Cloud,258,1,1,0,0,0,0,0.6793567538261414
video08,TriClass-Cloud,259,1,1,0,0,0,0,0.5933366417884827
video08,TriClass-Cloud,260,2,2,0,0,1,0,0.6025301218032837
video08,TriClass-Cloud,261,1,1,0,0,0,0,0.7104650139808655
video08,TriClass-Cloud,262,2,2,0,0,0,0,0.5472015738487244
video08,TriClass-Cloud,263,1,1,0,0,0,0,0.7685858607292175
video08,TriClass-Cloud,264,1,1,0,0,0,0,0.7810714244842529
video08,TriClass-Cloud,265,1,1,0,0,0,0,0.759164035320282
video08,TriClass-Cloud,266,1,1,0,0,0,0,0.7568891644477844
video08,TriClass-Cloud,267,1,1,0,0,0,0,0.8310572504997253
video08,TriClass-Cloud,268,1,1,0,0,0,0,0.8282667994499207
video08,TriClass-Cloud,269,1,1,0,0,0,0,0.7105811834335327
video08,TriClass-Cloud,270,1,1,0,0,0,0,0.8503186702728271
video08,TriClass-Cloud,271,1,1,0,0,0,0,0.8259667754173279
video08,TriClass-Cloud,272,1,1,0,0,0,0,0.8199120759963989
video08,TriClass-Cloud,273,1,1,0,0,0,0,0.7927858829498291
video08,TriClass-Cloud,274,1,1,0,0,0,0,0.8405160903930664
video08,TriClass-Cloud,275,1,1,0,0,0,0,0.8445874452590942
video08,TriClass-Cloud,276,1,1,0,0,0,0,0.806850254535675
video08,TriClass-Cloud,277,1,1,0,0,0,0,0.7519257664680481
video08,TriClass-Cloud,278,1,1,0,0,0,0,0.8066861033439636
video08,TriClass-Cloud,279,1,1,0,0,0,0,0.6964128613471985
video08,TriClass-Cloud,280,1,1,0,0,0,0,0.5758235454559326
video08,TriClass-Cloud,281,2,2,0,0,1,0,0.44072777032852173
video08,TriClass-Cloud,282,1,1,0,0,0,0,0.661418080329895
video08,TriClass-Cloud,283,1,1,0,0,0,0,0.6681033372879028
video08,TriClass-Cloud,284,1,1,0,0,0,0,0.6082177758216858
video08,TriClass-Cloud,285,1,1,0,0,0,0,0.7603973746299744
video08,TriClass-Cloud,286,1,1,0,0,0,0,0.8003020882606506
video08,TriClass-Cloud,287,1,1,0,0,0,0,0.7921333909034729
video08,TriClass-Cloud,288,1,1,0,0,0,0,0.719032347202301
video08,TriClass-Cloud,289,2,2,0,0,0,0,0.7068153023719788
video08,TriClass-Cloud,290,2,2,0,0,0,0,0.5087377429008484
video08,TriClass-Cloud,291,2,2,0,0,0,0,0.5080096125602722
video08,TriClass-Cloud,292,1,1,0,0,0,0,0.6645148396492004
video08,TriClass-Cloud,293,1,1,0,0,0,0,0.7439793944358826
video08,TriClass-Cloud,294,1,1,0,0,0,0,0.8425309658050537
video08,TriClass-Cloud,295,1,1,0,0,0,0,0.8060082197189331
video08,TriClass-Cloud,296,1,1,0,0,0,0,0.8184810280799866
video08,TriClass-Cloud,297,1,1,0,0,0,0,0.761398434638977
video08,TriClass-Cloud,298,2,2,0,0,0,0,0.4380703270435333
video08,TriClass-Cloud,299,1,1,0,0,0,0,0.811464250087738
video08,TriClass-Cloud,300,2,2,0,0,0,0,0.4311944544315338
video08,TriClass-Cloud,301,2,2,0,0,1,0,0.5928090810775757
video08,TriClass-Cloud,302,1,1,0,0,0,0,0.617110013961792
video08,TriClass-Cloud,303,2,2,0,0,1,0,0.5047481656074524
video08,TriClass-Cloud,304,1,1,0,0,0,0,0.6621444225311279
video08,TriClass-Cloud,305,1,1,0,0,0,0,0.7428014278411865
video08,TriClass-Cloud,306,1,1,0,0,0,0,0.7922844290733337
video08,TriClass-Cloud,307,1,1,0,0,0,0,0.6952714323997498
video08,TriClass-Cloud,308,1,1,0,0,0,0,0.7180985808372498
video08,TriClass-Cloud,309,1,1,0,0,0,0,0.8130440711975098
video08,TriClass-Cloud,310,1,1,0,0,0,0,0.8504557609558105
video08,TriClass-Cloud,311,1,1,0,0,0,0,0.7119166254997253
video08,TriClass-Cloud,312,1,1,0,0,0,0,0.7985162734985352
video08,TriClass-Cloud,313,1,1,0,0,0,0,0.8355975151062012
video08,TriClass-Cloud,314,1,1,0,0,0,0,0.7998729944229126
video08,TriClass-Cloud,315,1,1,0,0,0,0,0.7716639041900635
video08,TriClass-Cloud,316,1,1,0,0,0,0,0.8297119140625
video08,TriClass-Cloud,317,1,1,0,0,0,0,0.7150734066963196
video08,TriClass-Cloud,318,1,1,0,0,0,0,0.5382694005966187
video08,TriClass-Cloud,319,1,1,0,0,1,0,0.28875061869621277
video08,TriClass-Cloud,320,0,0,0,0,0,0,0.0
video08,TriClass-Cloud,321,0,0,0,0,0,0,0.0
video08,TriClass-Cloud,322,0,0,0,0,0,0,0.0
video08,TriClass-Cloud,323,0,0,0,0,0,0,0.0
video08,TriClass-Cloud,324,0,0,0,0,0,0,0.0
video08,TriClass-Cloud,325,0,0,0,0,0,0,0.0
video08,TriClass-Cloud,326,0,0,0,0,0,0,0.0
video08,TriClass-Cloud,327,0,0,0,0,0,0,0.0
video08,TriClass-Cloud,328,0,0,0,0,0,0,0.0
video08,TriClass-Cloud,329,0,0,0,0,0,0,0.0
video08,TriClass-Cloud,330,1,1,0,0,1,0,0.26113465428352356
video08,TriClass-Cloud,331,1,1,0,0,0,0,0.7668229937553406
video08,TriClass-Cloud,332,1,1,0,0,0,0,0.7754310965538025
video08,TriClass-Cloud,333,1,1,0,0,0,0,0.6785406470298767
video08,TriClass-Cloud,334,0,0,0,0,0,0,0.0
video08,TriClass-Cloud,335,1,1,0,0,0,0,0.5660967826843262
video08,TriClass-Cloud,336,1,1,0,0,0,0,0.4425409436225891
video08,TriClass-Cloud,337,0,0,0,0,0,0,0.0
video08,TriClass-Cloud,338,0,0,0,0,0,0,0.0
video08,TriClass-Cloud,339,0,0,0,0,0,0,0.0
video08,TriClass-Cloud,340,0,0,0,0,0,0,0.0
video08,TriClass-Cloud,341,1,1,0,0,0,0,0.5931625366210938
video08,TriClass-Cloud,342,1,1,0,0,0,0,0.552142858505249
video08,TriClass-Cloud,343,1,1,0,0,0,0,0.5525273084640503
video08,TriClass-Cloud,344,1,1,0,0,0,0,0.5921100378036499
video08,TriClass-Cloud,345,1,1,0,0,0,0,0.5954011678695679
video08,TriClass-Cloud,346,1,1,0,0,0,0,0.7386649250984192
video08,TriClass-Cloud,347,2,2,0,0,1,0,0.5758074522018433
video08,TriClass-Cloud,348,2,2,0,0,1,0,0.5844662189483643
video08,TriClass-Cloud,349,1,1,0,0,0,0,0.6378665566444397
video08,TriClass-Cloud,350,1,1,0,0,0,0,0.8078418374061584
video08,TriClass-Cloud,351,1,1,0,0,0,0,0.8086131811141968
video08,TriClass-Cloud,352,1,1,0,0,0,0,0.8220942616462708
video08,TriClass-Cloud,353,1,1,0,0,0,0,0.7684076428413391
video08,TriClass-Cloud,354,1,1,0,0,0,0,0.7860575318336487
video08,TriClass-Cloud,355,1,1,0,0,0,0,0.76495760679245
video08,TriClass-Cloud,356,1,1,0,0,0,0,0.7741304636001587
video08,TriClass-Cloud,357,1,1,0,0,0,0,0.769149124622345
video08,TriClass-Cloud,358,1,1,0,0,0,0,0.8184394240379333
video08,TriClass-Cloud,359,1,1,0,0,0,0,0.7735788822174072
video08,TriClass-Cloud,360,1,1,0,0,0,0,0.8003512024879456
video08,TriClass-Cloud,361,1,1,0,0,0,0,0.8081599473953247
video08,TriClass-Cloud,362,1,1,0,0,0,0,0.7502943277359009
video08,TriClass-Cloud,363,1,1,0,0,0,0,0.7505407929420471
video08,TriClass-Cloud,364,1,1,0,0,0,0,0.7544704079627991
video08,TriClass-Cloud,365,1,1,0,0,0,0,0.7887359261512756
video08,TriClass-Cloud,366,1,1,0,0,0,0,0.782376766204834
video08,TriClass-Cloud,367,1,1,0,0,0,0,0.7916348576545715
video08,TriClass-Cloud,368,1,1,0,0,0,0,0.722375750541687
video08,TriClass-Cloud,369,1,1,0,0,0,0,0.7569219470024109
video08,TriClass-Cloud,370,1,1,0,0,0,0,0.7802897691726685
video08,TriClass-Cloud,371,1,1,0,0,0,0,0.7786445617675781
video08,TriClass-Cloud,372,1,1,0,0,0,0,0.7774556279182434
video08,TriClass-Cloud,373,1,1,0,0,0,0,0.7192369103431702
video08,TriClass-Cloud,374,1,1,0,0,0,0,0.7930167317390442
video08,TriClass-Cloud,375,1,1,0,0,0,0,0.7817782163619995
video08,TriClass-Cloud,376,1,1,0,0,0,0,0.7633001208305359
video08,TriClass-Cloud,377,1,1,0,0,0,0,0.7715446352958679
video08,TriClass-Cloud,378,1,1,0,0,0,0,0.7472800016403198
video08,TriClass-Cloud,379,1,1,0,0,0,0,0.7978436350822449
video08,TriClass-Cloud,380,1,1,0,0,0,0,0.7108941674232483
video08,TriClass-Cloud,381,1,1,0,0,0,0,0.7624140977859497
video08,TriClass-Cloud,382,1,1,0,0,0,0,0.7874000072479248
video08,TriClass-Cloud,383,1,1,0,0,0,0,0.7650719881057739
video08,TriClass-Cloud,384,1,1,0,0,0,0,0.7428274750709534
video08,TriClass-Cloud,385,1,1,0,0,0,0,0.6899780035018921
video08,TriClass-Cloud,386,1,1,0,0,0,0,0.7550367116928101
video08,TriClass-Cloud,387,1,1,0,0,0,0,0.770882248878479
video08,TriClass-Cloud,388,1,1,0,0,0,0,0.7772800326347351
video08,TriClass-Cloud,389,1,1,0,0,0,0,0.7727136015892029
video08,TriClass-Cloud,390,1,1,0,0,0,0,0.783038318157196
video08,TriClass-Cloud,391,1,1,0,0,0,0,0.7836881875991821
video08,TriClass-Cloud,392,1,1,0,0,0,0,0.7628311514854431
video08,TriClass-Cloud,393,1,1,0,0,0,0,0.7418251037597656
video08,TriClass-Cloud,394,1,1,0,0,0,0,0.7676030993461609
video08,TriClass-Cloud,395,1,1,0,0,0,0,0.7872380018234253
video08,TriClass-Cloud,396,1,1,0,0,0,0,0.7789655327796936
video08,TriClass-Cloud,397,1,1,0,0,0,0,0.8082649111747742
video08,TriClass-Cloud,398,1,1,0,0,0,0,0.7617597579956055
video08,TriClass-Cloud,399,1,1,0,0,0,0,0.7281484007835388
video08,TriClass-Cloud,400,1,1,0,0,0,0,0.7706895470619202
video08,TriClass-Cloud,401,1,1,0,0,0,0,0.7847260236740112
video08,TriClass-Cloud,402,1,1,0,0,0,0,0.7641528844833374
video08,TriClass-Cloud,403,1,1,0,0,0,0,0.7934537529945374
video08,TriClass-Cloud,404,1,1,0,0,0,0,0.7809001803398132
video08,TriClass-Cloud,405,1,1,0,0,0,0,0.7654861807823181
video08,TriClass-Cloud,406,1,1,0,0,0,0,0.6772447228431702
video08,TriClass-Cloud,407,1,1,0,0,0,0,0.7394126653671265
video08,TriClass-Cloud,408,1,1,0,0,0,0,0.7816859483718872
video08,TriClass-Cloud,409,1,1,0,0,0,0,0.7919345498085022
video08,TriClass-Cloud,410,1,1,0,0,0,0,0.801899790763855
video08,TriClass-Cloud,411,1,1,0,0,0,0,0.7504456043243408
video08,TriClass-Cloud,412,1,1,0,0,0,0,0.7823498845100403
video08,TriClass-Cloud,413,1,1,0,0,0,0,0.7655937075614929
video08,TriClass-Cloud,414,1,1,0,0,0,0,0.7405211925506592
video08,TriClass-Cloud,415,1,1,0,0,0,0,0.760002076625824
video08,TriClass-Cloud,416,1,1,0,0,0,0,0.7810410857200623
video08,TriClass-Cloud,417,1,1,0,0,0,0,0.7727940082550049
video08,TriClass-Cloud,418,1,1,0,0,0,0,0.7318423390388489
video08,TriClass-Cloud,419,1,1,0,0,0,0,0.6122591495513916
video08,TriClass-Cloud,420,1,1,0,0,0,0,0.778761088848114
video08,TriClass-Cloud,421,1,1,0,0,0,0,0.7243115305900574
video08,TriClass-Cloud,422,1,1,0,0,0,0,0.6736966967582703
video08,TriClass-Cloud,423,1,1,0,0,0,0,0.6496840715408325
video08,TriClass-Cloud,424,1,1,0,0,0,0,0.7113698124885559
video08,TriClass-Cloud,425,1,1,0,0,0,0,0.3699333965778351
video08,TriClass-Cloud,426,1,1,0,0,1,0,0.32602953910827637
video08,TriClass-Cloud,427,0,0,0,0,0,0,0.0
video08,TriClass-Cloud,428,1,1,0,0,0,0,0.5183035731315613
video08,TriClass-Cloud,429,1,1,0,0,0,0,0.6708424687385559
video08,TriClass-Cloud,430,1,1,0,0,0,0,0.5130265951156616
video08,TriClass-Cloud,431,1,1,0,0,0,0,0.7127877473831177
video08,TriClass-Cloud,432,1,1,0,0,0,0,0.6819489598274231
video08,TriClass-Cloud,433,1,1,0,0,0,0,0.7070847749710083
video08,TriClass-Cloud,434,1,1,0,0,0,0,0.6957356929779053
video08,TriClass-Cloud,435,1,1,0,0,0,0,0.681431233882904
video08,TriClass-Cloud,436,1,1,0,0,0,0,0.5858251452445984
video08,TriClass-Cloud,437,1,1,0,0,1,0,0.3083588480949402
video08,TriClass-Cloud,438,1,1,0,0,0,0,0.46497228741645813
video08,TriClass-Cloud,439,1,1,0,0,0,0,0.5548436045646667
video08,TriClass-Cloud,440,1,1,0,0,1,0,0.34971436858177185
video08,TriClass-Cloud,441,1,1,0,0,0,0,0.42252838611602783
video08,TriClass-Cloud,442,1,1,0,0,0,0,0.38148459792137146
video08,TriClass-Cloud,443,1,1,0,0,1,0,0.3070383369922638
video08,TriClass-Cloud,444,1,1,0,0,0,0,0.39900386333465576
video08,TriClass-Cloud,445,1,1,0,0,0,0,0.4789491295814514
video08,TriClass-Cloud,446,1,1,0,0,0,0,0.5242096185684204
video08,TriClass-Cloud,447,1,1,0,0,1,0,0.2896220088005066
video08,TriClass-Cloud,448,1,1,0,0,0,0,0.7430700659751892
video08,TriClass-Cloud,449,1,1,0,0,0,0,0.6510649919509888
video08,TriClass-Cloud,450,1,1,0,0,0,0,0.7118720412254333
video08,TriClass-Cloud,451,1,1,0,0,0,0,0.7465484142303467
video08,TriClass-Cloud,452,1,1,0,0,0,0,0.6909473538398743
video08,TriClass-Cloud,453,0,0,0,0,0,0,0.0
video08,TriClass-Cloud,454,1,1,0,0,0,0,0.5700716376304626
video08,TriClass-Cloud,455,1,1,0,0,0,0,0.5437265038490295
video08,TriClass-Cloud,456,1,1,0,0,1,0,0.3152883052825928
video08,TriClass-Cloud,457,0,0,0,0,0,0,0.0
video08,TriClass-Cloud,458,1,1,0,0,0,0,0.586927056312561
video08,TriClass-Cloud,459,1,1,0,0,1,0,0.32267749309539795
video08,TriClass-Cloud,460,1,1,0,0,0,0,0.5593177676200867
video08,TriClass-Cloud,461,1,1,0,0,0,0,0.43997254967689514
video08,TriClass-Cloud,462,1,1,0,0,0,0,0.6756737232208252
video08,TriClass-Cloud,463,1,1,0,0,0,0,0.4444652497768402
video08,TriClass-Cloud,464,1,1,0,0,0,0,0.35204994678497314
video08,TriClass-Cloud,465,1,1,0,0,1,0,0.32147714495658875
video08,TriClass-Cloud,466,0,0,0,0,0,0,0.0
video08,TriClass-Cloud,467,1,1,0,0,1,0,0.3412665128707886
video08,TriClass-Cloud,468,1,1,0,0,0,0,0.4021525979042053
video08,TriClass-Cloud,469,1,1,0,0,1,0,0.33959531784057617
video08,TriClass-Cloud,470,1,1,0,0,0,0,0.4809170961380005
video08,TriClass-Cloud,471,1,1,0,0,0,0,0.7231865525245667
video08,TriClass-Cloud,472,0,0,0,0,0,0,0.0
video08,TriClass-Cloud,473,1,1,0,0,0,0,0.5284236073493958
video08,TriClass-Cloud,474,0,0,0,0,0,0,0.0
video08,TriClass-Cloud,475,1,1,0,0,0,0,0.3883112967014313
video08,TriClass-Cloud,476,1,1,0,0,0,0,0.4380025863647461
video08,TriClass-Cloud,477,1,1,0,0,1,0,0.30805423855781555
video08,TriClass-Cloud,478,1,1,0,0,0,0,0.5034967064857483
video08,TriClass-Cloud,479,1,1,0,0,0,0,0.47385361790657043
video08,TriClass-Cloud,480,1,1,0,0,0,0,0.5789492130279541
video08,TriClass-Cloud,481,1,1,0,0,0,0,0.6564741730690002
video08,TriClass-Cloud,482,1,1,0,0,0,0,0.38559097051620483
video08,TriClass-Cloud,483,1,1,0,0,0,0,0.36708569526672363
video08,TriClass-Cloud,484,1,1,0,0,0,0,0.7080643177032471
video08,TriClass-Cloud,485,1,1,0,0,0,0,0.3827534317970276
video08,TriClass-Cloud,486,1,1,0,0,0,0,0.7575210928916931
video08,TriClass-Cloud,487,1,1,0,0,0,0,0.766298234462738
video08,TriClass-Cloud,488,1,1,0,0,1,0,0.30886274576187134
video08,TriClass-Cloud,489,1,1,0,0,0,0,0.43007510900497437
video08,TriClass-Cloud,490,1,1,0,0,0,0,0.7371134161949158
video08,TriClass-Cloud,491,1,1,0,0,0,0,0.4640945792198181
video08,TriClass-Cloud,492,1,1,0,0,0,0,0.4887637794017792
video08,TriClass-Cloud,493,1,1,0,0,0,0,0.503858745098114
video08,TriClass-Cloud,494,1,1,0,0,0,0,0.7160103917121887
video08,TriClass-Cloud,495,1,1,0,0,0,0,0.7242833375930786
video08,TriClass-Cloud,496,1,1,0,0,0,0,0.6261125802993774
video08,TriClass-Cloud,497,1,1,0,0,0,0,0.6503247618675232
video08,TriClass-Cloud,498,1,1,0,0,0,0,0.7209173440933228
video08,TriClass-Cloud,499,1,1,0,0,0,0,0.6957605481147766
video08,TriClass-Cloud,500,1,1,0,0,0,0,0.7462188601493835
video08,TriClass-Cloud,501,1,1,0,0,0,0,0.8045631051063538
video08,TriClass-Cloud,502,2,2,0,0,1,0,0.39306965470314026
video08,TriClass-Cloud,503,1,1,0,0,0,0,0.646512508392334
video08,TriClass-Cloud,504,1,1,0,0,0,0,0.5987842679023743
video08,TriClass-Cloud,505,2,2,0,0,2,0,0.3271236717700958
video08,TriClass-Cloud,506,1,1,0,0,0,0,0.5570166707038879
video08,TriClass-Cloud,507,1,1,0,0,0,0,0.7205939292907715
video08,TriClass-Cloud,508,1,1,0,0,0,0,0.7170026302337646
video08,TriClass-Cloud,509,1,1,0,0,0,0,0.7515281438827515
video08,TriClass-Cloud,510,1,1,0,0,0,0,0.7500002980232239
video08,TriClass-Cloud,511,1,1,0,0,0,0,0.7700188755989075
video08,TriClass-Cloud,512,1,1,0,0,0,0,0.7874777913093567
video08,TriClass-Cloud,513,1,1,0,0,0,0,0.41224172711372375
video08,TriClass-Cloud,514,1,1,0,0,0,0,0.6484054327011108
video08,TriClass-Cloud,515,1,1,0,0,0,0,0.7688614726066589
video08,TriClass-Cloud,516,1,1,0,0,0,0,0.7577910423278809
video08,TriClass-Cloud,517,1,1,0,0,0,0,0.7564435005187988
video08,TriClass-Cloud,518,1,1,0,0,0,0,0.5543013215065002
video08,TriClass-Cloud,519,1,1,0,0,0,0,0.6953288912773132
video08,TriClass-Cloud,520,1,1,0,0,0,0,0.6662220358848572
video08,TriClass-Cloud,521,1,1,0,0,0,0,0.69072026014328
video08,TriClass-Cloud,522,1,1,0,0,0,0,0.6129342913627625
video08,TriClass-Cloud,523,1,1,0,0,0,0,0.49726441502571106
video08,TriClass-Cloud,524,1,1,0,0,0,0,0.7488898038864136
video08,TriClass-Cloud,525,1,1,0,0,0,0,0.7380658984184265
video08,TriClass-Cloud,526,1,1,0,0,0,0,0.6908997297286987
video08,TriClass-Cloud,527,1,1,0,0,0,0,0.7113498449325562
video08,TriClass-Cloud,528,1,1,0,0,0,0,0.4840540289878845
video08,TriClass-Cloud,529,1,1,0,0,0,0,0.43658918142318726
video08,TriClass-Cloud,530,1,1,0,0,0,0,0.535789430141449
video08,TriClass-Cloud,531,1,1,0,0,0,0,0.6706327199935913
video08,TriClass-Cloud,532,1,1,0,0,0,0,0.7118684649467468
video08,TriClass-Cloud,533,1,1,0,0,0,0,0.5995776653289795
video08,TriClass-Cloud,534,1,1,0,0,0,0,0.5206193923950195
video08,TriClass-Cloud,535,1,1,0,0,0,0,0.4693368673324585
video08,TriClass-Cloud,536,1,1,0,0,0,0,0.5350403189659119
video08,TriClass-Cloud,537,1,1,0,0,0,0,0.499117374420166
video08,TriClass-Cloud,538,1,1,0,0,0,0,0.6697482466697693
video08,TriClass-Cloud,539,1,1,0,0,0,0,0.7150242328643799
video08,TriClass-Cloud,540,1,1,0,0,0,0,0.6332751512527466
video08,TriClass-Cloud,541,1,1,0,0,0,0,0.7027106285095215
video08,TriClass-Cloud,542,1,1,0,0,0,0,0.7236387729644775
video08,TriClass-Cloud,543,1,1,0,0,0,0,0.8091901540756226
video08,TriClass-Cloud,544,1,1,0,0,0,0,0.7116691470146179
video08,TriClass-Cloud,545,1,1,0,0,0,0,0.5286189913749695
video08,TriClass-Cloud,546,1,1,0,0,0,0,0.6779637336730957
video08,TriClass-Cloud,547,1,1,0,0,0,0,0.6360087394714355
video08,TriClass-Cloud,548,1,1,0,0,0,0,0.7102891206741333
video08,TriClass-Cloud,549,1,1,0,0,0,0,0.4816707372665405
video08,TriClass-Cloud,550,1,1,0,0,0,0,0.6677367687225342
video08,TriClass-Cloud,551,1,1,0,0,0,0,0.8129427433013916
video08,TriClass-Cloud,552,1,1,0,0,0,0,0.44245603680610657
video08,TriClass-Cloud,553,2,2,0,0,1,0,0.4068550765514374
video08,TriClass-Cloud,554,1,1,0,0,0,0,0.5915718078613281
video08,TriClass-Cloud,555,2,2,0,0,1,0,0.35718971490859985
video08,TriClass-Cloud,556,1,1,0,0,0,0,0.47271913290023804
video08,TriClass-Cloud,557,1,1,0,0,0,0,0.5602331757545471
video08,TriClass-Cloud,558,1,1,0,0,0,0,0.7532437443733215
video08,TriClass-Cloud,559,1,1,0,0,0,0,0.7575846314430237
video08,TriClass-Cloud,560,1,1,0,0,0,0,0.7624112963676453
video08,TriClass-Cloud,561,1,1,0,0,0,0,0.7574139833450317
video08,TriClass-Cloud,562,1,1,0,0,0,0,0.7715178728103638
video08,TriClass-Cloud,563,1,1,0,0,0,0,0.4645492732524872
video08,TriClass-Cloud,564,1,1,0,0,0,0,0.693096935749054
video08,TriClass-Cloud,565,1,1,0,0,1,0,0.28848934173583984
video08,TriClass-Cloud,566,1,1,0,0,0,0,0.35988232493400574
video08,TriClass-Cloud,567,1,1,0,0,0,0,0.422394335269928
video08,TriClass-Cloud,568,1,1,0,0,0,0,0.7415035367012024
video08,TriClass-Cloud,569,1,1,0,0,0,0,0.7240148782730103
video08,TriClass-Cloud,570,1,1,0,0,0,0,0.5600863099098206
video08,TriClass-Cloud,571,1,1,0,0,0,0,0.6172954440116882
video08,TriClass-Cloud,572,1,1,0,0,0,0,0.635077714920044
video08,TriClass-Cloud,573,1,1,0,0,0,0,0.7013599872589111
video08,TriClass-Cloud,574,1,1,0,0,0,0,0.5541208386421204
video08,TriClass-Cloud,575,1,1,0,0,0,0,0.41661325097084045
video08,TriClass-Cloud,576,2,2,0,0,2,0,0.3442382514476776
video08,TriClass-Cloud,577,1,1,0,0,0,0,0.3949255049228668
video08,TriClass-Cloud,578,1,1,0,0,0,0,0.497048556804657
video08,TriClass-Cloud,579,1,1,0,0,0,0,0.6864765882492065
video08,TriClass-Cloud,580,1,1,0,0,0,0,0.7081584334373474
video08,TriClass-Cloud,581,1,1,0,0,0,0,0.6944419145584106
video08,TriClass-Cloud,582,1,1,0,0,0,0,0.6078413128852844
video08,TriClass-Cloud,583,1,1,0,0,0,0,0.5997767448425293
video08,TriClass-Cloud,584,1,1,0,0,0,0,0.6978411674499512
video08,TriClass-Cloud,585,1,1,0,0,0,0,0.7290409803390503
video08,TriClass-Cloud,586,1,1,0,0,0,0,0.7133041024208069
video08,TriClass-Cloud,587,1,1,0,0,0,0,0.5502014756202698
video08,TriClass-Cloud,588,1,1,0,0,0,0,0.6481642127037048
video08,TriClass-Cloud,589,1,1,0,0,0,0,0.7608089447021484
video08,TriClass-Cloud,590,1,1,0,0,0,0,0.7155156135559082
video08,TriClass-Cloud,591,1,1,0,0,0,0,0.5021722316741943
video08,TriClass-Cloud,592,1,1,0,0,0,0,0.8202991485595703
video08,TriClass-Cloud,593,1,1,0,0,0,0,0.8525151014328003
video08,TriClass-Cloud,594,1,1,0,0,0,0,0.8146229386329651
video08,TriClass-Cloud,595,1,1,0,0,0,0,0.8053237199783325
video08,TriClass-Cloud,596,1,1,0,0,0,0,0.8163980841636658
video08,TriClass-Cloud,597,1,1,0,0,0,0,0.8067167401313782
video08,TriClass-Cloud,598,1,1,0,0,0,0,0.8199823498725891
video08,TriClass-Cloud,599,1,1,0,0,0,0,0.8384786248207092
video08,TriClass-Cloud,600,1,1,0,0,0,0,0.5729169249534607
video08,TriClass-Cloud,601,1,1,0,0,0,0,0.7735934257507324
video08,TriClass-Cloud,602,1,1,0,0,0,0,0.7379619479179382
video08,TriClass-Cloud,603,1,1,0,0,0,0,0.7720080018043518
video08,TriClass-Cloud,604,1,1,0,0,0,0,0.8297564387321472
video08,TriClass-Cloud,605,1,1,0,0,0,0,0.4377512037754059
video08,TriClass-Cloud,606,2,2,0,0,1,0,0.4057956635951996
video08,TriClass-Cloud,607,2,2,0,0,1,0,0.4012202322483063
video08,TriClass-Cloud,608,1,1,0,0,0,0,0.7292959690093994
video08,TriClass-Cloud,609,1,1,0,0,0,0,0.3938533663749695
video08,TriClass-Cloud,610,1,1,0,0,0,0,0.6007829904556274
video08,TriClass-Cloud,611,1,1,0,0,0,0,0.5735799670219421
video08,TriClass-Cloud,612,1,1,0,0,0,0,0.5362510085105896
video08,TriClass-Cloud,613,1,1,0,0,0,0,0.6994575262069702
video08,TriClass-Cloud,614,1,1,0,0,0,0,0.7506154179573059
video08,TriClass-Cloud,615,1,1,0,0,0,0,0.7505846619606018
video08,TriClass-Cloud,616,1,1,0,0,0,0,0.6228651404380798
video08,TriClass-Cloud,617,1,1,0,0,0,0,0.4401648938655853
video08,TriClass-Cloud,618,1,1,0,0,0,0,0.801731288433075
video08,TriClass-Cloud,619,1,1,0,0,0,0,0.7960841655731201
video08,TriClass-Cloud,620,1,1,0,0,0,0,0.8253379464149475
video08,TriClass-Cloud,621,1,1,0,0,0,0,0.7369069457054138
video08,TriClass-Cloud,622,1,1,0,0,0,0,0.8092365264892578
video08,TriClass-Cloud,623,1,1,0,0,0,0,0.8474077582359314
video08,TriClass-Cloud,624,1,1,0,0,0,0,0.7884101271629333
video08,TriClass-Cloud,625,1,1,0,0,0,0,0.8268153667449951
video08,TriClass-Cloud,626,1,1,0,0,0,0,0.779157280921936
video08,TriClass-Cloud,627,1,1,0,0,0,0,0.6282568573951721
video08,TriClass-Cloud,628,1,1,0,0,0,0,0.6079480051994324
video08,TriClass-Cloud,629,1,1,0,0,0,0,0.491262286901474
video08,TriClass-Cloud,630,2,2,0,0,1,0,0.3889492154121399
video08,TriClass-Cloud,631,1,1,0,0,0,0,0.614362895488739
video08,TriClass-Cloud,632,1,1,0,0,0,0,0.6348084807395935
video08,TriClass-Cloud,633,1,1,0,0,0,0,0.7377889156341553
video08,TriClass-Cloud,634,1,1,0,0,0,0,0.7551610469818115
video08,TriClass-Cloud,635,1,1,0,0,0,0,0.7637110352516174
video08,TriClass-Cloud,636,1,1,0,0,0,0,0.7971937656402588
video08,TriClass-Cloud,637,1,1,0,0,0,0,0.6801026463508606
video08,TriClass-Cloud,638,1,1,0,0,0,0,0.7768197655677795
video08,TriClass-Cloud,639,1,1,0,0,0,0,0.6946292519569397
video08,TriClass-Cloud,640,1,1,0,0,0,0,0.8333028554916382
video08,TriClass-Cloud,641,1,1,0,0,0,0,0.851672351360321
video08,TriClass-Cloud,642,1,1,0,0,0,0,0.8402277827262878
video08,TriClass-Cloud,643,1,1,0,0,0,0,0.7458180785179138
video08,TriClass-Cloud,644,1,1,0,0,0,0,0.6989938020706177
video08,TriClass-Cloud,645,1,1,0,0,0,0,0.6656472682952881
video08,TriClass-Cloud,646,1,1,0,0,0,0,0.7765974402427673
video08,TriClass-Cloud,647,1,1,0,0,0,0,0.7906391024589539
video08,TriClass-Cloud,648,1,1,0,0,0,0,0.5853055715560913
video08,TriClass-Cloud,649,1,1,0,0,0,0,0.6938104033470154
video08,TriClass-Cloud,650,1,1,0,0,0,0,0.7835071086883545
video08,TriClass-Cloud,651,1,1,0,0,0,0,0.7959974408149719
video08,TriClass-Cloud,652,1,1,0,0,0,0,0.7618687748908997
video08,TriClass-Cloud,653,1,1,0,0,0,0,0.8318397402763367
video08,TriClass-Cloud,654,1,1,0,0,0,0,0.7479249238967896
video08,TriClass-Cloud,655,1,1,0,0,0,0,0.8268104791641235
video08,TriClass-Cloud,656,1,1,0,0,0,0,0.794660210609436
video08,TriClass-Cloud,657,1,1,0,0,0,0,0.7826405763626099
video08,TriClass-Cloud,658,1,1,0,0,0,0,0.7927610874176025
video08,TriClass-Cloud,659,1,1,0,0,0,0,0.7920233011245728
video08,TriClass-Cloud,660,1,1,0,0,0,0,0.8140325546264648
video08,TriClass-Cloud,661,1,1,0,0,0,0,0.817275881767273
video08,TriClass-Cloud,662,1,1,0,0,0,0,0.7644240856170654
video08,TriClass-Cloud,663,1,1,0,0,0,0,0.838021457195282
video08,TriClass-Cloud,664,1,1,0,0,0,0,0.7257249355316162
video08,TriClass-Cloud,665,1,1,0,0,0,0,0.7459391355514526
video08,TriClass-Cloud,666,1,1,0,0,0,0,0.825039267539978
video08,TriClass-Cloud,667,1,1,0,0,0,0,0.770144522190094
video08,TriClass-Cloud,668,1,1,0,0,0,0,0.8096756935119629
video08,TriClass-Cloud,669,1,1,0,0,0,0,0.8158262968063354
video08,TriClass-Cloud,670,1,1,0,0,0,0,0.6781373620033264
video08,TriClass-Cloud,671,1,1,0,0,0,0,0.7183845639228821
video08,TriClass-Cloud,672,1,1,0,0,0,0,0.8144845962524414
video08,TriClass-Cloud,673,1,1,0,0,0,0,0.8165237903594971
video08,TriClass-Cloud,674,1,1,0,0,0,0,0.8279999494552612
video08,TriClass-Cloud,675,1,1,0,0,0,0,0.8370465636253357
video08,TriClass-Cloud,676,1,1,0,0,0,0,0.802299976348877
video08,TriClass-Cloud,677,1,1,0,0,0,0,0.8345069885253906
video08,TriClass-Cloud,678,1,1,0,0,0,0,0.8274354934692383
video08,TriClass-Cloud,679,1,1,0,0,0,0,0.8089306950569153
video08,TriClass-Cloud,680,1,1,0,0,0,0,0.7652938365936279
video08,TriClass-Cloud,681,1,1,0,0,0,0,0.8247477412223816
video08,TriClass-Cloud,682,1,1,0,0,0,0,0.7907920479774475
video08,TriClass-Cloud,683,1,1,0,0,0,0,0.6789200305938721
video08,TriClass-Cloud,684,2,2,0,0,2,0,0.33864709734916687
video08,TriClass-Cloud,685,1,1,0,0,0,0,0.7784202694892883
video08,TriClass-Cloud,686,1,1,0,0,0,0,0.6544379591941833
video08,TriClass-Cloud,687,1,1,0,0,0,0,0.6946759819984436
video08,TriClass-Cloud,688,1,1,0,0,0,0,0.6109917163848877
video08,TriClass-Cloud,689,1,1,0,0,0,0,0.5777943730354309
video08,TriClass-Cloud,690,1,1,0,0,0,0,0.6517757177352905
video08,TriClass-Cloud,691,1,1,0,0,0,0,0.8139061331748962
video08,TriClass-Cloud,692,1,1,0,0,0,0,0.6159417629241943
video08,TriClass-Cloud,693,1,1,0,0,0,0,0.6117132306098938
video08,TriClass-Cloud,694,1,1,0,0,0,0,0.6378942131996155
video08,TriClass-Cloud,695,1,1,0,0,0,0,0.6688954830169678
video08,TriClass-Cloud,696,1,1,0,0,0,0,0.6487515568733215
video08,TriClass-Cloud,697,2,2,0,0,1,0,0.4455163776874542
video08,TriClass-Cloud,698,1,1,0,0,0,0,0.48467591404914856
video08,TriClass-Cloud,699,1,1,0,0,0,0,0.4228176474571228
video08,TriClass-Cloud,700,1,1,0,0,0,0,0.4886072278022766
video08,TriClass-Cloud,701,1,1,0,0,0,0,0.539662778377533
video08,TriClass-Cloud,702,2,2,0,0,1,0,0.36422041058540344
video08,TriClass-Cloud,703,1,1,0,0,0,0,0.527134895324707
video08,TriClass-Cloud,704,1,1,0,0,0,0,0.6889198422431946
video08,TriClass-Cloud,705,1,1,0,0,1,0,0.3312070667743683
video08,TriClass-Cloud,706,1,1,0,0,0,0,0.5563457012176514
video08,TriClass-Cloud,707,1,1,0,0,0,0,0.5792416930198669
video08,TriClass-Cloud,708,1,1,0,0,0,0,0.5129265189170837
video08,TriClass-Cloud,709,1,1,0,0,0,0,0.7433798313140869
video08,TriClass-Cloud,710,2,2,0,0,1,0,0.526429295539856
video08,TriClass-Cloud,711,1,1,0,0,0,0,0.6946073770523071
video08,TriClass-Cloud,712,1,1,0,0,0,0,0.5933989882469177
video08,TriClass-Cloud,713,1,1,0,0,0,0,0.6914131045341492
video08,TriClass-Cloud,714,1,1,0,0,0,0,0.7010216116905212
video08,TriClass-Cloud,715,2,2,0,0,0,0,0.3832986652851105
video08,TriClass-Cloud,716,1,1,0,0,0,0,0.6350327730178833
video08,TriClass-Cloud,717,1,1,0,0,0,0,0.643921434879303
video08,TriClass-Cloud,718,1,1,0,0,0,0,0.5414782166481018
video08,TriClass-Cloud,719,1,1,0,0,0,0,0.5893005132675171
video08,TriClass-Cloud,720,1,1,0,0,0,0,0.4833855926990509
video08,TriClass-Cloud,721,1,1,0,0,0,0,0.6419826149940491
video08,TriClass-Cloud,722,1,1,0,0,0,0,0.5875585675239563
video08,TriClass-Cloud,723,1,1,0,0,0,0,0.4442652761936188
video08,TriClass-Cloud,724,1,1,0,0,0,0,0.626148521900177
video08,TriClass-Cloud,725,2,2,0,0,1,0,0.3737297058105469
video08,TriClass-Cloud,726,1,1,0,0,0,0,0.6058567762374878
video08,TriClass-Cloud,727,1,1,0,0,0,0,0.6781471371650696
video08,TriClass-Cloud,728,1,1,0,0,0,0,0.8461848497390747
video08,TriClass-Cloud,729,1,1,0,0,0,0,0.8428247570991516
video08,TriClass-Cloud,730,1,1,0,0,0,0,0.8238849639892578
video08,TriClass-Cloud,731,1,1,0,0,0,0,0.6599175333976746
video08,TriClass-Cloud,732,1,1,0,0,0,0,0.799433171749115
video08,TriClass-Cloud,733,1,1,0,0,0,0,0.8330323100090027
video08,TriClass-Cloud,734,1,1,0,0,0,0,0.823218822479248
video08,TriClass-Cloud,735,1,1,0,0,0,0,0.4565313756465912
video08,TriClass-Cloud,736,1,1,0,0,0,0,0.507209300994873
video08,TriClass-Cloud,737,1,1,0,0,0,0,0.7982721924781799
video08,TriClass-Cloud,738,2,2,0,0,0,0,0.5306236743927002
video08,TriClass-Cloud,739,1,1,0,0,0,0,0.7722956538200378
video08,TriClass-Cloud,740,1,1,0,0,0,0,0.8558897376060486
video08,TriClass-Cloud,741,1,1,0,0,0,0,0.7365561127662659
video08,TriClass-Cloud,742,1,1,0,0,0,0,0.8584735989570618
video08,TriClass-Cloud,743,1,1,0,0,0,0,0.7516559958457947
video08,TriClass-Cloud,744,1,1,0,0,0,0,0.6707093715667725
video08,TriClass-Cloud,745,1,1,0,0,0,0,0.6752762794494629
video08,TriClass-Cloud,746,1,1,0,0,0,0,0.3517708480358124
video08,TriClass-Cloud,747,2,2,0,0,2,0,0.3259362280368805
video08,TriClass-Cloud,748,1,1,0,0,0,0,0.3742978572845459
video08,TriClass-Cloud,749,1,1,0,0,0,0,0.4190158545970917
video08,TriClass-Cloud,750,1,1,0,0,0,0,0.7021394968032837
video08,TriClass-Cloud,751,1,1,0,0,0,0,0.6539095044136047
video08,TriClass-Cloud,752,1,1,0,0,0,0,0.6075351238250732
video08,TriClass-Cloud,753,1,1,0,0,0,0,0.595289409160614
video08,TriClass-Cloud,754,1,1,0,0,0,0,0.6826415061950684
video08,TriClass-Cloud,755,1,1,0,0,0,0,0.4848392903804779
video08,TriClass-Cloud,756,1,1,0,0,0,0,0.7199365496635437
video08,TriClass-Cloud,757,2,2,0,0,1,0,0.43578171730041504
video08,TriClass-Cloud,758,2,2,0,0,1,0,0.4849693477153778
video08,TriClass-Cloud,759,1,1,0,0,0,0,0.48283132910728455
video08,TriClass-Cloud,760,1,1,0,0,0,0,0.6540100574493408
video08,TriClass-Cloud,761,1,1,0,0,0,0,0.5362047553062439
video08,TriClass-Cloud,762,1,1,0,0,0,0,0.6513529419898987
video08,TriClass-Cloud,763,1,1,0,0,0,0,0.692973256111145
video08,TriClass-Cloud,764,1,1,0,0,0,0,0.3973830044269562
video08,TriClass-Cloud,765,1,1,0,0,0,0,0.39477184414863586
video08,TriClass-Cloud,766,2,2,0,0,1,0,0.3517422676086426
video08,TriClass-Cloud,767,1,1,0,0,0,0,0.5040360689163208
video08,TriClass-Cloud,768,2,2,0,0,1,0,0.38053715229034424
video08,TriClass-Cloud,769,1,1,0,0,0,0,0.4300571084022522
video08,TriClass-Cloud,770,1,1,0,0,0,0,0.4969496726989746
video08,TriClass-Cloud,771,1,1,0,0,0,0,0.7598141431808472
video08,TriClass-Cloud,772,1,1,0,0,0,0,0.759069561958313
video08,TriClass-Cloud,773,1,1,0,0,0,0,0.761807918548584
video08,TriClass-Cloud,774,1,1,0,0,0,0,0.7811317443847656
video08,TriClass-Cloud,775,1,1,0,0,0,0,0.7191663980484009
video08,TriClass-Cloud,776,1,1,0,0,0,0,0.7710614204406738
video08,TriClass-Cloud,777,1,1,0,0,0,0,0.794010579586029
video08,TriClass-Cloud,778,1,1,0,0,0,0,0.7848976850509644
video08,TriClass-Cloud,779,1,1,0,0,0,0,0.7864919900894165
video08,TriClass-Cloud,780,1,1,0,0,0,0,0.7989630103111267
video08,TriClass-Cloud,781,1,1,0,0,0,0,0.7332198023796082
video08,TriClass-Cloud,782,1,1,0,0,0,0,0.7970700860023499
video08,TriClass-Cloud,783,1,1,0,0,0,0,0.8261936902999878
video08,TriClass-Cloud,784,1,1,0,0,0,0,0.8123587369918823
video08,TriClass-Cloud,785,1,1,0,0,0,0,0.8177052736282349
video08,TriClass-Cloud,786,1,1,0,0,0,0,0.808944582939148
video08,TriClass-Cloud,787,1,1,0,0,0,0,0.7132593989372253
video08,TriClass-Cloud,788,1,1,0,0,0,0,0.8078500032424927
video08,TriClass-Cloud,789,1,1,0,0,0,0,0.8021911382675171
video08,TriClass-Cloud,790,1,1,0,0,0,0,0.8032575845718384
video08,TriClass-Cloud,791,1,1,0,0,0,0,0.8003612756729126
video08,TriClass-Cloud,792,1,1,0,0,0,0,0.8196334838867188
video08,TriClass-Cloud,793,1,1,0,0,0,0,0.7744882702827454
video08,TriClass-Cloud,794,1,1,0,0,0,0,0.7959007620811462
video08,TriClass-Cloud,795,1,1,0,0,0,0,0.7969793677330017
video08,TriClass-Cloud,796,1,1,0,0,0,0,0.5754880309104919
video08,TriClass-Cloud,797,1,1,0,0,0,0,0.6740610003471375
video08,TriClass-Cloud,798,1,1,0,0,0,0,0.6712538003921509
video08,TriClass-Cloud,799,1,1,0,0,0,0,0.8167269229888916
video08,TriClass-Cloud,800,1,1,0,0,0,0,0.6232989430427551
video08,TriClass-Cloud,801,1,1,0,0,0,0,0.8197277188301086
video08,TriClass-Cloud,802,1,1,0,0,0,0,0.7978144288063049
video08,TriClass-Cloud,803,1,1,0,0,0,0,0.8013997077941895
video08,TriClass-Cloud,804,1,1,0,0,0,0,0.814299464225769
video08,TriClass-Cloud,805,1,1,0,0,0,0,0.8352392315864563
video08,TriClass-Cloud,806,1,1,0,0,0,0,0.8220047950744629
video08,TriClass-Cloud,807,1,1,0,0,0,0,0.7543195486068726
video08,TriClass-Cloud,808,1,1,0,0,0,0,0.8125630617141724
video08,TriClass-Cloud,809,1,1,0,0,0,0,0.8191640973091125
video08,TriClass-Cloud,810,1,1,0,0,0,0,0.7985944747924805
video08,TriClass-Cloud,811,1,1,0,0,0,0,0.8083431124687195
video08,TriClass-Cloud,812,1,1,0,0,0,0,0.8104501962661743
video08,TriClass-Cloud,813,1,1,0,0,0,0,0.8275768160820007
video08,TriClass-Cloud,814,1,1,0,0,0,0,0.8124098181724548
video08,TriClass-Cloud,815,1,1,0,0,0,0,0.8119120597839355
video08,TriClass-Cloud,816,1,1,0,0,0,0,0.820381760597229
video08,TriClass-Cloud,817,1,1,0,0,0,0,0.8190956711769104
video08,TriClass-Cloud,818,1,1,0,0,0,0,0.8196068406105042
video08,TriClass-Cloud,819,1,1,0,0,0,0,0.8180856704711914
video08,TriClass-Cloud,820,1,1,0,0,0,0,0.8194732666015625
video08,TriClass-Cloud,821,1,1,0,0,0,0,0.8138235807418823
video08,TriClass-Cloud,822,1,1,0,0,0,0,0.8116652369499207
video08,TriClass-Cloud,823,1,1,0,0,0,0,0.8106414675712585
video08,TriClass-Cloud,824,1,1,0,0,0,0,0.8029390573501587
video08,TriClass-Cloud,825,1,1,0,0,0,0,0.7976057529449463
video08,TriClass-Cloud,826,1,1,0,0,0,0,0.7637172341346741
video08,TriClass-Cloud,827,1,1,0,0,0,0,0.8054977059364319
video08,TriClass-Cloud,828,1,1,0,0,0,0,0.8012562990188599
video08,TriClass-Cloud,829,1,1,0,0,0,0,0.8136675953865051
video08,TriClass-Cloud,830,1,1,0,0,0,0,0.8072078227996826
video08,TriClass-Cloud,831,1,1,0,0,0,0,0.8074120283126831
video08,TriClass-Cloud,832,1,1,0,0,0,0,0.808241069316864
video08,TriClass-Cloud,833,1,1,0,0,0,0,0.8125118017196655
video08,TriClass-Cloud,834,1,1,0,0,0,0,0.8155369162559509
video08,TriClass-Cloud,835,1,1,0,0,0,0,0.8039079904556274
video08,TriClass-Cloud,836,1,1,0,0,0,0,0.799305260181427
video08,TriClass-Cloud,837,1,1,0,0,0,0,0.7587128281593323
video08,TriClass-Cloud,838,1,1,0,0,0,0,0.793237030506134
video08,TriClass-Cloud,839,1,1,0,0,0,0,0.7906708121299744
video08,TriClass-Cloud,840,1,1,0,0,0,0,0.7862048745155334
video08,TriClass-Cloud,841,1,1,0,0,0,0,0.7773259878158569
video08,TriClass-Cloud,842,1,1,0,0,0,0,0.810546875
video08,TriClass-Cloud,843,1,1,0,0,0,0,0.8098937273025513
video08,TriClass-Cloud,844,1,1,0,0,0,0,0.8368030786514282
video08,TriClass-Cloud,845,1,1,0,0,0,0,0.8189029097557068
video08,TriClass-Cloud,846,1,1,0,0,0,0,0.807424783706665
video08,TriClass-Cloud,847,1,1,0,0,0,0,0.7982667684555054
video08,TriClass-Cloud,848,1,1,0,0,0,0,0.7866712808609009
video08,TriClass-Cloud,849,1,1,0,0,0,0,0.7989238500595093
video08,TriClass-Cloud,850,1,1,0,0,0,0,0.7598949074745178
video08,TriClass-Cloud,851,1,1,0,0,0,0,0.7815839052200317
video08,TriClass-Cloud,852,1,1,0,0,0,0,0.7746922373771667
video08,TriClass-Cloud,853,1,1,0,0,0,0,0.8025976419448853
video08,TriClass-Cloud,854,1,1,0,0,0,0,0.8042761087417603
video08,TriClass-Cloud,855,1,1,0,0,0,0,0.8043091297149658
video08,TriClass-Cloud,856,1,1,0,0,0,0,0.773195743560791
video08,TriClass-Cloud,857,1,1,0,0,0,0,0.78406822681427
video08,TriClass-Cloud,858,1,1,0,0,0,0,0.8020315170288086
video08,TriClass-Cloud,859,1,1,0,0,0,0,0.8191994428634644
video08,TriClass-Cloud,860,1,1,0,0,0,0,0.8162336349487305
video08,TriClass-Cloud,861,1,1,0,0,0,0,0.8065398335456848
video08,TriClass-Cloud,862,1,1,0,0,0,0,0.7574297785758972
video08,TriClass-Cloud,863,1,1,0,0,0,0,0.7983366847038269
video08,TriClass-Cloud,864,1,1,0,0,0,0,0.7927986979484558
video08,TriClass-Cloud,865,1,1,0,0,0,0,0.8036843538284302
video08,TriClass-Cloud,866,1,1,0,0,0,0,0.7904433012008667
video08,TriClass-Cloud,867,1,1,0,0,0,0,0.788206934928894
video08,TriClass-Cloud,868,1,1,0,0,0,0,0.7814714312553406
video08,TriClass-Cloud,869,1,1,0,0,0,0,0.8123067617416382
video08,TriClass-Cloud,870,1,1,0,0,0,0,0.8109331727027893
video08,TriClass-Cloud,871,1,1,0,0,0,0,0.8519203066825867
video08,TriClass-Cloud,872,1,1,0,0,0,0,0.8276064991950989
video08,TriClass-Cloud,873,1,1,0,0,0,0,0.8294510245323181
video08,TriClass-Cloud,874,1,1,0,0,0,0,0.8202088475227356
video08,TriClass-Cloud,875,1,1,0,0,0,0,0.8101597428321838
video08,TriClass-Cloud,876,1,1,0,0,0,0,0.8096688389778137
video08,TriClass-Cloud,877,1,1,0,0,0,0,0.8082008957862854
video08,TriClass-Cloud,878,1,1,0,0,0,0,0.8209109306335449
video08,TriClass-Cloud,879,1,1,0,0,0,0,0.8237146735191345
video08,TriClass-Cloud,880,1,1,0,0,0,0,0.818354070186615
video08,TriClass-Cloud,881,1,1,0,0,0,0,0.7953150868415833
video08,TriClass-Cloud,882,1,1,0,0,0,0,0.7408313155174255
video08,TriClass-Cloud,883,1,1,0,0,0,0,0.8313984870910645
video08,TriClass-Cloud,884,1,1,0,0,0,0,0.8196170330047607
video08,TriClass-Cloud,885,1,1,0,0,0,0,0.811353325843811
video08,TriClass-Cloud,886,1,1,0,0,0,0,0.8132909536361694
video08,TriClass-Cloud,887,1,1,0,0,0,0,0.8145092725753784
video08,TriClass-Cloud,888,1,1,0,0,0,0,0.8187528848648071
video08,TriClass-Cloud,889,1,1,0,0,0,0,0.7677420973777771
video08,TriClass-Cloud,890,1,1,0,0,0,0,0.7905274629592896
video08,TriClass-Cloud,891,1,1,0,0,0,0,0.7978233695030212
video08,TriClass-Cloud,892,1,1,0,0,0,0,0.8102341890335083
video08,TriClass-Cloud,893,1,1,0,0,0,0,0.8157808780670166
video08,TriClass-Cloud,894,1,1,0,0,0,0,0.7499222755432129
video08,TriClass-Cloud,895,1,1,0,0,0,0,0.7665330171585083
video08,TriClass-Cloud,896,1,1,0,0,0,0,0.7953006029129028
video08,TriClass-Cloud,897,1,1,0,0,0,0,0.7529191970825195
video08,TriClass-Cloud,898,1,1,0,0,0,0,0.7700256705284119
video08,TriClass-Cloud,899,1,1,0,0,0,0,0.7386258244514465
video08,TriClass-Cloud,900,1,1,0,0,0,0,0.7330164313316345
video08,TriClass-Cloud,901,1,1,0,0,0,0,0.769234299659729
video08,TriClass-Cloud,902,1,1,0,0,0,0,0.7324328422546387
video08,TriClass-Cloud,903,1,1,0,0,0,0,0.7570668458938599
video08,TriClass-Cloud,904,1,1,0,0,0,0,0.746212363243103
video08,TriClass-Cloud,905,1,1,0,0,0,0,0.747660219669342
video08,TriClass-Cloud,906,1,1,0,0,0,0,0.7921453714370728
video08,TriClass-Cloud,907,1,1,0,0,0,0,0.7787051796913147
video08,TriClass-Cloud,908,1,1,0,0,0,0,0.7677469849586487
video08,TriClass-Cloud,909,1,1,0,0,0,0,0.7876365184783936
video08,TriClass-Cloud,910,1,1,0,0,0,0,0.7607763409614563
video08,TriClass-Cloud,911,1,1,0,0,0,0,0.7662461996078491
video08,TriClass-Cloud,912,1,1,0,0,0,0,0.7750377058982849
video08,TriClass-Cloud,913,1,1,0,0,0,0,0.7747104167938232
video08,TriClass-Cloud,914,1,1,0,0,0,0,0.7692678570747375
video08,TriClass-Cloud,915,1,1,0,0,0,0,0.7535358667373657
video08,TriClass-Cloud,916,1,1,0,0,0,0,0.7644883394241333
video08,TriClass-Cloud,917,1,1,0,0,0,0,0.7768776416778564
video08,TriClass-Cloud,918,1,1,0,0,0,0,0.7695602178573608
video08,TriClass-Cloud,919,1,1,0,0,0,0,0.7743445038795471
video08,TriClass-Cloud,920,1,1,0,0,0,0,0.782798707485199
video08,TriClass-Cloud,921,1,1,0,0,0,0,0.7570616006851196
video08,TriClass-Cloud,922,1,1,0,0,0,0,0.7955374121665955
video08,TriClass-Cloud,923,1,1,0,0,0,0,0.7390176057815552
video08,TriClass-Cloud,924,1,1,0,0,0,0,0.7408154606819153
video08,TriClass-Cloud,925,1,1,0,0,0,0,0.7875960469245911
video08,TriClass-Cloud,926,1,1,0,0,0,0,0.7862241268157959
video08,TriClass-Cloud,927,1,1,0,0,0,0,0.7942020297050476
video08,TriClass-Cloud,928,1,1,0,0,0,0,0.7301228642463684
video08,TriClass-Cloud,929,1,1,0,0,0,0,0.6374337673187256
video08,TriClass-Cloud,930,1,1,0,0,0,0,0.6844090223312378
video08,TriClass-Cloud,931,1,1,0,0,0,0,0.7118350267410278
video08,TriClass-Cloud,932,1,1,0,0,0,0,0.7136635780334473
video08,TriClass-Cloud,933,1,1,0,0,0,0,0.7169990539550781
video08,TriClass-Cloud,934,1,1,0,0,0,0,0.7896125912666321
video08,TriClass-Cloud,935,1,1,0,0,0,0,0.8037950992584229
video08,TriClass-Cloud,936,1,1,0,0,0,0,0.7450718879699707
video08,TriClass-Cloud,937,1,1,0,0,0,0,0.7756097912788391
video08,TriClass-Cloud,938,1,1,0,0,0,0,0.7601053714752197
video08,TriClass-Cloud,939,1,1,0,0,0,0,0.73903489112854
video08,TriClass-Cloud,940,1,1,0,0,0,0,0.7215968370437622
video08,TriClass-Cloud,941,1,1,0,0,0,0,0.72420734167099
video08,TriClass-Cloud,942,1,1,0,0,0,0,0.7349894046783447
video08,TriClass-Cloud,943,1,1,0,0,0,0,0.7240669131278992
video08,TriClass-Cloud,944,1,1,0,0,0,0,0.7581256031990051
video08,TriClass-Cloud,945,1,1,0,0,0,0,0.6854950189590454
video08,TriClass-Cloud,946,1,1,0,0,0,0,0.7116717100143433
video08,TriClass-Cloud,947,1,1,0,0,0,0,0.7437245845794678
video08,TriClass-Cloud,948,1,1,0,0,0,0,0.7624561786651611
video08,TriClass-Cloud,949,1,1,0,0,0,0,0.7490735650062561
video08,TriClass-Cloud,950,1,1,0,0,0,0,0.7806752324104309
video08,TriClass-Cloud,951,1,1,0,0,0,0,0.7325591444969177
video08,TriClass-Cloud,952,1,1,0,0,0,0,0.734822154045105
video08,TriClass-Cloud,953,1,1,0,0,0,0,0.6523815989494324
video08,TriClass-Cloud,954,1,1,0,0,0,0,0.7659843564033508
video08,TriClass-Cloud,955,1,1,0,0,0,0,0.7446516156196594
video08,TriClass-Cloud,956,1,1,0,0,0,0,0.7532699704170227
video08,TriClass-Cloud,957,1,1,0,0,0,0,0.5401747226715088
video08,TriClass-Cloud,958,1,1,0,0,0,0,0.45918577909469604
video08,TriClass-Cloud,959,1,1,0,0,0,0,0.6949301958084106
video08,TriClass-Cloud,960,2,2,0,0,1,0,0.612829327583313
video08,TriClass-Cloud,961,1,1,0,0,0,0,0.6500022411346436
video08,TriClass-Cloud,962,1,1,0,0,0,0,0.7598159313201904
video08,TriClass-Cloud,963,1,1,0,0,0,0,0.7558227181434631
video08,TriClass-Cloud,964,1,1,0,0,0,0,0.7729376554489136
video08,TriClass-Cloud,965,1,1,0,0,0,0,0.7838947772979736
video08,TriClass-Cloud,966,1,1,0,0,0,0,0.779354989528656
video08,TriClass-Cloud,967,1,1,0,0,0,0,0.766861081123352
video08,TriClass-Cloud,968,1,1,0,0,0,0,0.7739803194999695
video08,TriClass-Cloud,969,1,1,0,0,0,0,0.7762200236320496
video08,TriClass-Cloud,970,1,1,0,0,0,0,0.8002176284790039
video08,TriClass-Cloud,971,1,1,0,0,0,0,0.8222924470901489
video08,TriClass-Cloud,972,1,1,0,0,0,0,0.7721822261810303
video08,TriClass-Cloud,973,1,1,0,0,0,0,0.7393231987953186
video08,TriClass-Cloud,974,1,1,0,0,0,0,0.721455454826355
video08,TriClass-Cloud,975,1,1,0,0,0,0,0.7611104846000671
video08,TriClass-Cloud,976,1,1,0,0,0,0,0.727811872959137
video08,TriClass-Cloud,977,1,1,0,0,0,0,0.7536097764968872
video08,TriClass-Cloud,978,1,1,0,0,0,0,0.5672723650932312
video08,TriClass-Cloud,979,1,1,0,0,0,0,0.4941008388996124
video08,TriClass-Cloud,980,1,1,0,0,0,0,0.5468303561210632
video08,TriClass-Cloud,981,1,1,0,0,1,0,0.30881422758102417
video08,TriClass-Cloud,982,1,1,0,0,0,0,0.497804194688797
video08,TriClass-Cloud,983,1,1,0,0,0,0,0.437200129032135
video08,TriClass-Cloud,984,1,1,0,0,0,0,0.6625334024429321
video08,TriClass-Cloud,985,1,1,0,0,0,0,0.46409860253334045
video08,TriClass-Cloud,986,1,1,0,0,0,0,0.5750525593757629
video08,TriClass-Cloud,987,1,1,0,0,0,0,0.7319785952568054
video08,TriClass-Cloud,988,1,1,0,0,0,0,0.7308669090270996
video08,TriClass-Cloud,989,1,1,0,0,0,0,0.7312812805175781
video08,TriClass-Cloud,990,1,1,0,0,0,0,0.7276375889778137
video08,TriClass-Cloud,991,1,1,0,0,0,0,0.7240928411483765
video08,TriClass-Cloud,992,1,1,0,0,0,0,0.750144362449646
video08,TriClass-Cloud,993,1,1,0,0,0,0,0.7933840155601501
video08,TriClass-Cloud,994,1,1,0,0,0,0,0.765922486782074
video08,TriClass-Cloud,995,1,1,0,0,0,0,0.7875649333000183
video08,TriClass-Cloud,996,1,1,0,0,0,0,0.761751115322113
video08,TriClass-Cloud,997,1,1,0,0,0,0,0.787297248840332
video08,TriClass-Cloud,998,1,1,0,0,0,0,0.7630609273910522
video08,TriClass-Cloud,999,1,1,0,0,0,0,0.767656147480011
video08,TriClass-Cloud,1000,1,1,0,0,0,0,0.6892588138580322
video08,TriClass-Cloud,1001,1,1,0,0,0,0,0.6740425229072571
video08,TriClass-Cloud,1002,1,1,0,0,0,0,0.7294930219650269
video08,TriClass-Cloud,1003,1,1,0,0,0,0,0.7242429852485657
video08,TriClass-Cloud,1004,1,1,0,0,0,0,0.7245030403137207
video08,TriClass-Cloud,1005,1,1,0,0,0,0,0.7250375747680664
video08,TriClass-Cloud,1006,1,1,0,0,0,0,0.7123576402664185
video08,TriClass-Cloud,1007,1,1,0,0,0,0,0.6256588101387024
video08,TriClass-Cloud,1008,1,1,0,0,0,0,0.7202080488204956
video08,TriClass-Cloud,1009,1,1,0,0,0,0,0.6703895330429077
video08,TriClass-Cloud,1010,1,1,0,0,1,0,0.33558663725852966
video08,TriClass-Cloud,1011,2,2,0,0,1,0,0.40336695313453674
video08,TriClass-Cloud,1012,1,1,0,0,0,0,0.5469579100608826
video08,TriClass-Cloud,1013,1,1,0,0,0,0,0.5371119976043701
video08,TriClass-Cloud,1014,1,1,0,0,0,0,0.6800459027290344
video08,TriClass-Cloud,1015,1,1,0,0,0,0,0.6923654079437256
video08,TriClass-Cloud,1016,1,1,0,0,0,0,0.5830174088478088
video08,TriClass-Cloud,1017,2,2,0,0,1,0,0.3633589446544647
video08,TriClass-Cloud,1018,1,1,0,0,0,0,0.35179686546325684
video08,TriClass-Cloud,1019,1,1,0,0,0,0,0.6336153149604797
video08,TriClass-Cloud,1020,1,1,0,0,0,0,0.6283147931098938
video08,TriClass-Cloud,1021,1,1,0,0,0,0,0.7294094562530518
video08,TriClass-Cloud,1022,1,1,0,0,0,0,0.7140492796897888
video08,TriClass-Cloud,1023,1,1,0,0,0,0,0.7375238537788391
video08,TriClass-Cloud,1024,1,1,0,0,0,0,0.6324557662010193
video08,TriClass-Cloud,1025,1,1,0,0,0,0,0.6683866381645203
video08,TriClass-Cloud,1026,1,1,0,0,0,0,0.6916645765304565
video08,TriClass-Cloud,1027,1,1,0,0,0,0,0.6870782971382141
video08,TriClass-Cloud,1028,1,1,0,0,0,0,0.6211257576942444
video08,TriClass-Cloud,1029,0,0,0,0,0,0,0.0
video08,TriClass-Cloud,1030,0,0,0,0,0,0,0.0
video08,TriClass-Cloud,1031,1,1,0,0,0,0,0.43242147564888
video08,TriClass-Cloud,1032,1,1,0,0,0,0,0.39505693316459656
video08,TriClass-Cloud,1033,2,2,0,0,2,0,0.3120245337486267
video08,TriClass-Cloud,1034,1,1,0,0,1,0,0.335944801568985
video08,TriClass-Cloud,1035,2,2,0,0,1,0,0.4567183554172516
video08,TriClass-Cloud,1036,1,1,0,0,1,0,0.27216026186943054
video08,TriClass-Cloud,1037,1,1,0,0,0,0,0.5538041591644287
video08,TriClass-Cloud,1038,1,1,0,0,0,0,0.506306529045105
video08,TriClass-Cloud,1039,1,1,0,0,1,0,0.2861713767051697
video08,TriClass-Cloud,1040,1,1,0,0,1,0,0.29429101943969727
video08,TriClass-Cloud,1041,1,1,0,0,1,0,0.29280439019203186
video08,TriClass-Cloud,1042,1,1,0,0,0,0,0.4854767322540283
video08,TriClass-Cloud,1043,1,1,0,0,0,0,0.5707483291625977
video08,TriClass-Cloud,1044,0,0,0,0,0,0,0.0
video08,TriClass-Cloud,1045,1,1,0,0,0,0,0.6349499225616455
video08,TriClass-Cloud,1046,1,1,0,0,0,0,0.6725419759750366
video08,TriClass-Cloud,1047,1,1,0,0,0,0,0.6885876655578613
video08,TriClass-Cloud,1048,2,2,0,0,0,0,0.5145248770713806
video08,TriClass-Cloud,1049,1,1,0,0,0,0,0.6507349014282227
video08,TriClass-Cloud,1050,1,1,0,0,0,0,0.6059939861297607
video08,TriClass-Cloud,1051,1,1,0,0,0,0,0.4581635594367981
video08,TriClass-Cloud,1052,1,1,0,0,0,0,0.8440147638320923
video08,TriClass-Cloud,1053,1,1,0,0,0,0,0.5333622694015503
video08,TriClass-Cloud,1054,1,1,0,0,1,0,0.33905333280563354
video08,TriClass-Cloud,1055,1,1,0,0,1,0,0.34793394804000854
video08,TriClass-Cloud,1056,0,0,0,0,0,0,0.0
video08,TriClass-Cloud,1057,1,1,0,0,0,0,0.38744428753852844
video08,TriClass-Cloud,1058,2,2,0,0,0,0,0.532039999961853
video08,TriClass-Cloud,1059,1,1,0,0,1,0,0.3367428779602051
video08,TriClass-Cloud,1060,1,1,0,0,1,0,0.32186388969421387
video08,TriClass-Cloud,1061,1,1,0,0,0,0,0.7461693286895752
video08,TriClass-Cloud,1062,2,2,0,0,2,0,0.26361384987831116
video08,TriClass-Cloud,1063,1,1,0,0,1,0,0.2850859463214874
video08,TriClass-Cloud,1064,1,1,0,0,0,0,0.3695596754550934
video08,TriClass-Cloud,1065,1,1,0,0,0,0,0.6504402160644531
video08,TriClass-Cloud,1066,1,1,0,0,0,0,0.4320378601551056
video08,TriClass-Cloud,1067,1,1,0,0,0,0,0.6160935759544373
video08,TriClass-Cloud,1068,2,2,0,0,1,0,0.3954305350780487
video08,TriClass-Cloud,1069,0,0,0,0,0,0,0.0
video08,TriClass-Cloud,1070,2,2,0,0,0,0,0.509253740310669
video08,TriClass-Cloud,1071,0,0,0,0,0,0,0.0
video08,TriClass-Cloud,1072,0,0,0,0,0,0,0.0
video08,TriClass-Cloud,1073,1,1,0,0,0,0,0.40358173847198486
video08,TriClass-Cloud,1074,1,1,0,0,1,0,0.2699889540672302
video08,TriClass-Cloud,1075,0,0,0,0,0,0,0.0
video08,TriClass-Cloud,1076,1,1,0,0,0,0,0.5995927453041077
video08,TriClass-Cloud,1077,1,1,0,0,0,0,0.45225927233695984
video08,TriClass-Cloud,1078,1,1,0,0,1,0,0.33107835054397583
video08,TriClass-Cloud,1079,1,1,0,0,1,0,0.262126624584198
video08,TriClass-Cloud,1080,0,0,0,0,0,0,0.0
video08,TriClass-Cloud,1081,0,0,0,0,0,0,0.0
video08,TriClass-Cloud,1082,0,0,0,0,0,0,0.0
video08,TriClass-Cloud,1083,1,1,0,0,1,0,0.30245375633239746
video08,TriClass-Cloud,1084,0,0,0,0,0,0,0.0
video08,TriClass-Cloud,1085,1,1,0,0,1,0,0.2964591979980469
video08,TriClass-Cloud,1086,0,0,0,0,0,0,0.0
video08,TriClass-Cloud,1087,1,1,0,0,0,0,0.7291046380996704
video08,TriClass-Cloud,1088,0,0,0,0,0,0,0.0
video08,TriClass-Cloud,1089,1,1,0,0,1,0,0.3180084228515625
video08,TriClass-Cloud,1090,1,1,0,0,0,0,0.35039758682250977
video08,TriClass-Cloud,1091,0,0,0,0,0,0,0.0
video08,TriClass-Cloud,1092,0,0,0,0,0,0,0.0
video08,TriClass-Cloud,1093,1,1,0,0,1,0,0.2632339596748352
video08,TriClass-Cloud,1094,1,1,0,0,1,0,0.258230060338974
video08,TriClass-Cloud,1095,1,1,0,0,1,0,0.3269384205341339
video08,TriClass-Cloud,1096,0,0,0,0,0,0,0.0
video08,TriClass-Cloud,1097,0,0,0,0,0,0,0.0
video08,TriClass-Cloud,1098,0,0,0,0,0,0,0.0
video08,TriClass-Cloud,1099,0,0,0,0,0,0,0.0
video08,TriClass-Cloud,1100,2,2,0,0,0,0,0.5028018951416016
video08,TriClass-Cloud,1101,1,1,0,0,0,0,0.7040731310844421
video08,TriClass-Cloud,1102,3,3,0,0,2,0,0.3927747309207916
video08,TriClass-Cloud,1103,2,2,0,0,0,0,0.6710020899772644
video08,TriClass-Cloud,1104,0,0,0,0,0,0,0.0
video08,TriClass-Cloud,1105,1,1,0,0,0,0,0.6868849992752075
video08,TriClass-Cloud,1106,1,1,0,0,1,0,0.337336003780365
video08,TriClass-Cloud,1107,2,2,0,0,1,0,0.5085946321487427
video08,TriClass-Cloud,1108,2,2,0,0,0,0,0.6559858322143555
video08,TriClass-Cloud,1109,1,1,0,0,0,0,0.4945254325866699
video08,TriClass-Cloud,1110,2,2,0,0,1,0,0.37668827176094055
video08,TriClass-Cloud,1111,0,0,0,0,0,0,0.0
video08,TriClass-Cloud,1112,2,2,0,0,2,0,0.31328701972961426
video08,TriClass-Cloud,1113,0,0,0,0,0,0,0.0
video08,TriClass-Cloud,1114,0,0,0,0,0,0,0.0
video08,TriClass-Cloud,1115,0,0,0,0,0,0,0.0
video08,TriClass-Cloud,1116,2,2,0,0,1,0,0.41398051381111145
video08,TriClass-Cloud,1117,1,1,0,0,1,0,0.31100961565971375
video08,TriClass-Cloud,1118,1,1,0,0,0,0,0.500877857208252
video08,TriClass-Cloud,1119,1,1,0,0,0,0,0.5245423913002014
video08,TriClass-Cloud,1120,1,1,0,0,0,0,0.6385921239852905
video08,TriClass-Cloud,1121,2,2,0,0,0,0,0.4780902564525604
video08,TriClass-Cloud,1122,2,2,0,0,0,0,0.6250600218772888
video08,TriClass-Cloud,1123,2,2,0,0,0,0,0.44572487473487854
video08,TriClass-Cloud,1124,2,2,0,0,0,0,0.5048854947090149
video08,TriClass-Cloud,1125,2,2,0,0,1,0,0.4813707172870636
video08,TriClass-Cloud,1126,2,2,0,0,0,0,0.49396806955337524
video08,TriClass-Cloud,1127,2,2,0,0,0,0,0.5460650324821472
video08,TriClass-Cloud,1128,3,3,0,0,2,0,0.3800238370895386
video08,TriClass-Cloud,1129,1,1,0,0,0,0,0.42806437611579895
video08,TriClass-Cloud,1130,2,2,0,0,1,0,0.3977181613445282
video08,TriClass-Cloud,1131,2,2,0,0,1,0,0.5035640597343445
video08,TriClass-Cloud,1132,1,1,0,0,0,0,0.6371240615844727
video08,TriClass-Cloud,1133,1,1,0,0,0,0,0.6466808319091797
video08,TriClass-Cloud,1134,1,1,0,0,0,0,0.5204683542251587
video08,TriClass-Cloud,1135,1,1,0,0,1,0,0.3425947427749634
video08,TriClass-Cloud,1136,1,1,0,0,1,0,0.2790924310684204
video08,TriClass-Cloud,1137,1,1,0,0,0,0,0.386340469121933
video08,TriClass-Cloud,1138,0,0,0,0,0,0,0.0
video08,TriClass-Cloud,1139,1,1,0,0,0,0,0.6017350554466248
video08,TriClass-Cloud,1140,1,1,0,0,1,0,0.28552600741386414
video08,TriClass-Cloud,1141,1,1,0,0,0,0,0.57074373960495
video08,TriClass-Cloud,1142,1,1,0,0,0,0,0.5258552432060242
video08,TriClass-Cloud,1143,1,1,0,0,1,0,0.285523384809494
video08,TriClass-Cloud,1144,1,1,0,0,0,0,0.3828933537006378
video08,TriClass-Cloud,1145,1,1,0,0,0,0,0.3568156957626343
video08,TriClass-Cloud,1146,1,1,0,0,0,0,0.39408084750175476
video08,TriClass-Cloud,1147,1,1,0,0,1,0,0.280868262052536
video08,TriClass-Cloud,1148,1,1,0,0,0,0,0.5554134249687195
video08,TriClass-Cloud,1149,0,0,0,0,0,0,0.0
video08,TriClass-Cloud,1150,1,1,0,0,0,0,0.3567757308483124
video08,TriClass-Cloud,1151,1,1,0,0,1,0,0.26170387864112854
video08,TriClass-Cloud,1152,2,2,0,0,2,0,0.3097228407859802
video08,TriClass-Cloud,1153,2,2,0,0,0,0,0.5544537305831909
video08,TriClass-Cloud,1154,1,1,0,0,0,0,0.5133273005485535
video08,TriClass-Cloud,1155,1,1,0,0,0,0,0.5987602472305298
video08,TriClass-Cloud,1156,2,2,0,0,1,0,0.5154848694801331
video08,TriClass-Cloud,1157,1,1,0,0,0,0,0.5402306318283081
video08,TriClass-Cloud,1158,2,2,0,0,0,0,0.6364620327949524
video08,TriClass-Cloud,1159,1,1,0,0,1,0,0.29900601506233215
video08,TriClass-Cloud,1160,1,1,0,0,1,0,0.3179546296596527
video08,TriClass-Cloud,1161,1,1,0,0,0,0,0.6460874080657959
video08,TriClass-Cloud,1162,1,1,0,0,0,0,0.6541596055030823
video08,TriClass-Cloud,1163,1,1,0,0,0,0,0.5385212302207947
video08,TriClass-Cloud,1164,1,1,0,0,0,0,0.7408643364906311
video08,TriClass-Cloud,1165,1,1,0,0,0,0,0.7289149165153503
video08,TriClass-Cloud,1166,1,1,0,0,0,0,0.789383053779602
video08,TriClass-Cloud,1167,1,1,0,0,0,0,0.7406084537506104
video08,TriClass-Cloud,1168,1,1,0,0,0,0,0.7256655097007751
video08,TriClass-Cloud,1169,2,2,0,0,0,0,0.48038583993911743
video08,TriClass-Cloud,1170,1,1,0,0,0,0,0.6983891129493713
video08,TriClass-Cloud,1171,1,1,0,0,0,0,0.8136456608772278
video08,TriClass-Cloud,1172,1,1,0,0,0,0,0.8080384731292725
video08,TriClass-Cloud,1173,1,1,0,0,0,0,0.7687423229217529
video08,TriClass-Cloud,1174,1,1,0,0,0,0,0.7050377130508423
video08,TriClass-Cloud,1175,1,1,0,0,0,0,0.796134352684021
video08,TriClass-Cloud,1176,1,1,0,0,0,0,0.7380854487419128
video08,TriClass-Cloud,1177,1,1,0,0,0,0,0.831447184085846
video08,TriClass-Cloud,1178,1,1,0,0,0,0,0.7739014625549316
video08,TriClass-Cloud,1179,1,1,0,0,0,0,0.8336573839187622
video08,TriClass-Cloud,1180,1,1,0,0,0,0,0.7174609303474426
video08,TriClass-Cloud,1181,1,1,0,0,0,0,0.8070677518844604
video08,TriClass-Cloud,1182,1,1,0,0,0,0,0.820881187915802
video08,TriClass-Cloud,1183,1,1,0,0,0,0,0.5020686388015747
video08,TriClass-Cloud,1184,1,1,0,0,0,0,0.8007763028144836
video08,TriClass-Cloud,1185,1,1,0,0,0,0,0.6774529814720154
video08,TriClass-Cloud,1186,2,2,0,0,1,0,0.43255481123924255
video08,TriClass-Cloud,1187,1,1,0,0,0,0,0.7007174491882324
video08,TriClass-Cloud,1188,1,1,0,0,0,0,0.6765579581260681
video08,TriClass-Cloud,1189,1,1,0,0,0,0,0.6867901682853699
video08,TriClass-Cloud,1190,1,1,0,0,0,0,0.735863208770752
video08,TriClass-Cloud,1191,1,1,0,0,0,0,0.712577223777771
video08,TriClass-Cloud,1192,1,1,0,0,0,0,0.7878224849700928
video08,TriClass-Cloud,1193,1,1,0,0,0,0,0.7237259149551392
video08,TriClass-Cloud,1194,1,1,0,0,0,0,0.7339938282966614
video08,TriClass-Cloud,1195,1,1,0,0,0,0,0.5347185730934143
video08,TriClass-Cloud,1196,1,1,0,0,0,0,0.47748470306396484
video08,TriClass-Cloud,1197,1,1,0,0,0,0,0.7548730373382568
video08,TriClass-Cloud,1198,1,1,0,0,0,0,0.7759173512458801
video08,TriClass-Cloud,1199,1,1,0,0,0,0,0.6634066700935364
video08,TriClass-Cloud,1200,1,1,0,0,0,0,0.8074076771736145
video08,TriClass-Cloud,1201,1,1,0,0,0,0,0.7121774554252625
video08,TriClass-Cloud,1202,1,1,0,0,0,0,0.7833527326583862
video08,TriClass-Cloud,1203,1,1,0,0,0,0,0.8287713527679443
video08,TriClass-Cloud,1204,1,1,0,0,0,0,0.6854945421218872
video08,TriClass-Cloud,1205,1,1,0,0,0,0,0.7302539944648743
video08,TriClass-Cloud,1206,1,1,0,0,0,0,0.653802216053009
video08,TriClass-Cloud,1207,1,1,0,0,0,0,0.5825657248497009
video08,TriClass-Cloud,1208,1,1,0,0,0,0,0.6469482779502869
video08,TriClass-Cloud,1209,1,1,0,0,0,0,0.7874524593353271
video08,TriClass-Cloud,1210,1,1,0,0,0,0,0.6806630492210388
video08,TriClass-Cloud,1211,1,1,0,0,0,0,0.5393483638763428
video08,TriClass-Cloud,1212,1,1,0,0,0,0,0.6686483025550842
video08,TriClass-Cloud,1213,1,1,0,0,0,0,0.7375940084457397
video08,TriClass-Cloud,1214,1,1,0,0,0,0,0.463939905166626
video08,TriClass-Cloud,1215,1,1,0,0,0,0,0.757161021232605
video08,TriClass-Cloud,1216,1,1,0,0,0,0,0.6007369756698608
video08,TriClass-Cloud,1217,1,1,0,0,0,0,0.6176672577857971
video08,TriClass-Cloud,1218,1,1,0,0,0,0,0.6042535305023193
video08,TriClass-Cloud,1219,1,1,0,0,0,0,0.3909195363521576
video08,TriClass-Cloud,1220,1,1,0,0,0,0,0.691912829875946
video08,TriClass-Cloud,1221,1,1,0,0,0,0,0.7562433481216431
video08,TriClass-Cloud,1222,1,1,0,0,0,0,0.6221529245376587
video08,TriClass-Cloud,1223,1,1,0,0,0,0,0.6184428334236145
video08,TriClass-Cloud,1224,1,1,0,0,0,0,0.5718062520027161
video08,TriClass-Cloud,1225,1,1,0,0,0,0,0.7628273367881775
video08,TriClass-Cloud,1226,1,1,0,0,0,0,0.7990174889564514
video08,TriClass-Cloud,1227,1,1,0,0,0,0,0.7274972200393677
video08,TriClass-Cloud,1228,1,1,0,0,0,0,0.46170905232429504
video08,TriClass-Cloud,1229,1,1,0,0,0,0,0.5452110171318054
video08,TriClass-Cloud,1230,1,1,0,0,0,0,0.7003803253173828
video08,TriClass-Cloud,1231,1,1,0,0,0,0,0.6371755599975586
video08,TriClass-Cloud,1232,1,1,0,0,0,0,0.7227124571800232
video08,TriClass-Cloud,1233,1,1,0,0,0,0,0.7894427180290222
video08,TriClass-Cloud,1234,1,1,0,0,0,0,0.7586978673934937
video08,TriClass-Cloud,1235,2,2,0,0,0,0,0.6611207127571106
video08,TriClass-Cloud,1236,1,1,0,0,0,0,0.7098809480667114
video08,TriClass-Cloud,1237,1,1,0,0,0,0,0.8096924424171448
video08,TriClass-Cloud,1238,1,1,0,0,0,0,0.7111149430274963
video08,TriClass-Cloud,1239,1,1,0,0,0,0,0.7394850850105286
video08,TriClass-Cloud,1240,1,1,0,0,0,0,0.4615834057331085
video08,TriClass-Cloud,1241,1,1,0,0,0,0,0.7889915108680725
video08,TriClass-Cloud,1242,1,1,0,0,0,0,0.7350298762321472
video08,TriClass-Cloud,1243,1,1,0,0,0,0,0.6584205031394958
video08,TriClass-Cloud,1244,1,1,0,0,0,0,0.5043288469314575
video08,TriClass-Cloud,1245,1,1,0,0,0,0,0.5893826484680176
video08,TriClass-Cloud,1246,1,1,0,0,0,0,0.6280156373977661
video08,TriClass-Cloud,1247,1,1,0,0,0,0,0.4726051986217499
video08,TriClass-Cloud,1248,1,1,0,0,0,0,0.4644133746623993
video08,TriClass-Cloud,1249,1,1,0,0,0,0,0.4501299262046814
video08,TriClass-Cloud,1250,1,1,0,0,0,0,0.44803616404533386
video08,TriClass-Cloud,1251,1,1,0,0,0,0,0.5296300053596497
video08,TriClass-Cloud,1252,1,1,0,0,0,0,0.6967318654060364
video08,TriClass-Cloud,1253,1,1,0,0,0,0,0.4831897020339966
video08,TriClass-Cloud,1254,1,1,0,0,0,0,0.6314285397529602
video08,TriClass-Cloud,1255,1,1,0,0,0,0,0.48703843355178833
video08,TriClass-Cloud,1256,2,2,0,0,1,0,0.5488970279693604
video08,TriClass-Cloud,1257,1,1,0,0,0,0,0.6772266030311584
video08,TriClass-Cloud,1258,1,1,0,0,0,0,0.6845211386680603
video08,TriClass-Cloud,1259,1,1,0,0,0,0,0.7185099124908447
video08,TriClass-Cloud,1260,1,1,0,0,0,0,0.7511447668075562
video08,TriClass-Cloud,1261,1,1,0,0,0,0,0.7781373858451843
video08,TriClass-Cloud,1262,1,1,0,0,0,0,0.6859508752822876
video08,TriClass-Cloud,1263,1,1,0,0,0,0,0.587691605091095
video08,TriClass-Cloud,1264,1,1,0,0,0,0,0.8135722279548645
video08,TriClass-Cloud,1265,1,1,0,0,0,0,0.7781469225883484
video08,TriClass-Cloud,1266,1,1,0,0,0,0,0.7907581329345703
video08,TriClass-Cloud,1267,1,1,0,0,0,0,0.7612615823745728
video08,TriClass-Cloud,1268,1,1,0,0,0,0,0.8224466443061829
video08,TriClass-Cloud,1269,1,1,0,0,0,0,0.7689629793167114
video08,TriClass-Cloud,1270,1,1,0,0,0,0,0.7738856077194214
video08,TriClass-Cloud,1271,1,1,0,0,0,0,0.7795370817184448
video08,TriClass-Cloud,1272,1,1,0,0,0,0,0.822267472743988
video08,TriClass-Cloud,1273,1,1,0,0,0,0,0.7505356669425964
video08,TriClass-Cloud,1274,1,1,0,0,0,0,0.8598968982696533
video08,TriClass-Cloud,1275,1,1,0,0,0,0,0.8308894038200378
video08,TriClass-Cloud,1276,1,1,0,0,0,0,0.8530688285827637
video08,TriClass-Cloud,1277,1,1,0,0,0,0,0.8504440784454346
video08,TriClass-Cloud,1278,1,1,0,0,0,0,0.8501567244529724
video08,TriClass-Cloud,1279,1,1,0,0,0,0,0.7733848690986633
video08,TriClass-Cloud,1280,1,1,0,0,0,0,0.7676033973693848
video08,TriClass-Cloud,1281,1,1,0,0,0,0,0.7616074085235596
video08,TriClass-Cloud,1282,2,2,0,0,1,0,0.4980405271053314
video08,TriClass-Cloud,1283,0,0,0,0,0,0,0.0
video08,TriClass-Cloud,1284,0,0,0,0,0,0,0.0
video08,TriClass-Cloud,1285,0,0,0,0,0,0,0.0
video08,TriClass-Cloud,1286,0,0,0,0,0,0,0.0
video08,TriClass-Cloud,1287,0,0,0,0,0,0,0.0
video08,TriClass-Cloud,1288,0,0,0,0,0,0,0.0
video08,TriClass-Cloud,1289,0,0,0,0,0,0,0.0
video08,TriClass-Cloud,1290,0,0,0,0,0,0,0.0
video08,TriClass-Cloud,1291,0,0,0,0,0,0,0.0
video08,TriClass-Cloud,1292,0,0,0,0,0,0,0.0
video08,TriClass-Cloud,1293,0,0,0,0,0,0,0.0
video08,TriClass-Cloud,1294,0,0,0,0,0,0,0.0
video08,TriClass-Cloud,1295,0,0,0,0,0,0,0.0
video08,TriClass-Cloud,1296,0,0,0,0,0,0,0.0
video08,TriClass-Cloud,1297,0,0,0,0,0,0,0.0
video08,TriClass-Cloud,1298,0,0,0,0,0,0,0.0
video08,TriClass-Cloud,1299,0,0,0,0,0,0,0.0
video08,TriClass-Cloud,1300,0,0,0,0,0,0,0.0
video08,TriClass-Cloud,1301,0,0,0,0,0,0,0.0
video08,TriClass-Cloud,1302,0,0,0,0,0,0,0.0
video08,TriClass-Cloud,1303,0,0,0,0,0,0,0.0
video08,TriClass-Cloud,1304,0,0,0,0,0,0,0.0
video08,TriClass-Cloud,1305,0,0,0,0,0,0,0.0
video08,TriClass-Cloud,1306,0,0,0,0,0,0,0.0
video08,TriClass-Cloud,1307,0,0,0,0,0,0,0.0
video08,TriClass-Cloud,1308,0,0,0,0,0,0,0.0
video08,TriClass-Cloud,1309,0,0,0,0,0,0,0.0
video08,TriClass-Cloud,1310,0,0,0,0,0,0,0.0
video08,TriClass-Cloud,1311,0,0,0,0,0,0,0.0
video08,TriClass-Cloud,1312,0,0,0,0,0,0,0.0
video08,TriClass-Cloud,1313,0,0,0,0,0,0,0.0
video08,TriClass-Cloud,1314,0,0,0,0,0,0,0.0
video08,TriClass-Cloud,1315,0,0,0,0,0,0,0.0
video08,TriClass-Cloud,1316,0,0,0,0,0,0,0.0
video08,TriClass-Cloud,1317,0,0,0,0,0,0,0.0
video08,TriClass-Cloud,1318,0,0,0,0,0,0,0.0
video08,TriClass-Cloud,1319,0,0,0,0,0,0,0.0
video08,TriClass-Cloud,1320,0,0,0,0,0,0,0.0
video08,TriClass-Cloud,1321,0,0,0,0,0,0,0.0
video08,TriClass-Cloud,1322,0,0,0,0,0,0,0.0
video08,TriClass-Cloud,1323,0,0,0,0,0,0,0.0
video08,TriClass-Cloud,1324,0,0,0,0,0,0,0.0
video08,TriClass-Cloud,1325,0,0,0,0,0,0,0.0
video08,TriClass-Cloud,1326,0,0,0,0,0,0,0.0
video08,TriClass-Cloud,1327,0,0,0,0,0,0,0.0
video08,TriClass-Cloud,1328,0,0,0,0,0,0,0.0
video08,TriClass-Cloud,1329,0,0,0,0,0,0,0.0
video08,TriClass-Cloud,1330,0,0,0,0,0,0,0.0
video08,TriClass-Cloud,1331,0,0,0,0,0,0,0.0
video08,TriClass-Cloud,1332,0,0,0,0,0,0,0.0
video08,TriClass-Cloud,1333,0,0,0,0,0,0,0.0
video08,TriClass-Cloud,1334,0,0,0,0,0,0,0.0
video08,TriClass-Cloud,1335,0,0,0,0,0,0,0.0
video08,TriClass-Cloud,1336,0,0,0,0,0,0,0.0
video08,TriClass-Cloud,1337,0,0,0,0,0,0,0.0
video08,TriClass-Cloud,1338,0,0,0,0,0,0,0.0
video08,TriClass-Cloud,1339,0,0,0,0,0,0,0.0
video08,TriClass-Cloud,1340,0,0,0,0,0,0,0.0
video08,TriClass-Cloud,1341,0,0,0,0,0,0,0.0
video08,TriClass-Cloud,1342,0,0,0,0,0,0,0.0
video08,TriClass-Cloud,1343,0,0,0,0,0,0,0.0
video08,TriClass-Cloud,1344,0,0,0,0,0,0,0.0
video08,TriClass-Cloud,1345,0,0,0,0,0,0,0.0
video08,TriClass-Cloud,1346,0,0,0,0,0,0,0.0
video08,TriClass-Cloud,1347,0,0,0,0,0,0,0.0
video08,TriClass-Cloud,1348,0,0,0,0,0,0,0.0
video08,TriClass-Cloud,1349,0,0,0,0,0,0,0.0
video08,TriClass-Cloud,1350,0,0,0,0,0,0,0.0
video08,TriClass-Cloud,1351,0,0,0,0,0,0,0.0
video08,TriClass-Cloud,1352,0,0,0,0,0,0,0.0
video08,TriClass-Cloud,1353,0,0,0,0,0,0,0.0
video08,TriClass-Cloud,1354,0,0,0,0,0,0,0.0
video08,TriClass-Cloud,1355,0,0,0,0,0,0,0.0
video08,TriClass-Cloud,1356,0,0,0,0,0,0,0.0
video08,TriClass-Cloud,1357,0,0,0,0,0,0,0.0
video08,TriClass-Cloud,1358,0,0,0,0,0,0,0.0
video08,TriClass-Cloud,1359,0,0,0,0,0,0,0.0
video08,TriClass-Cloud,1360,0,0,0,0,0,0,0.0
video08,TriClass-Cloud,1361,0,0,0,0,0,0,0.0
video08,TriClass-Cloud,1362,0,0,0,0,0,0,0.0
video08,TriClass-Cloud,1363,0,0,0,0,0,0,0.0
video08,TriClass-Cloud,1364,0,0,0,0,0,0,0.0
video08,TriClass-Cloud,1365,0,0,0,0,0,0,0.0
video08,TriClass-Cloud,1366,0,0,0,0,0,0,0.0
video08,TriClass-Cloud,1367,0,0,0,0,0,0,0.0
video08,TriClass-Cloud,1368,0,0,0,0,0,0,0.0
video08,TriClass-Cloud,1369,0,0,0,0,0,0,0.0
video08,TriClass-Cloud,1370,0,0,0,0,0,0,0.0
video08,TriClass-Cloud,1371,0,0,0,0,0,0,0.0
video08,TriClass-Cloud,1372,0,0,0,0,0,0,0.0
video08,TriClass-Cloud,1373,0,0,0,0,0,0,0.0
video08,TriClass-Cloud,1374,0,0,0,0,0,0,0.0
video08,TriClass-Cloud,1375,0,0,0,0,0,0,0.0
video08,TriClass-Cloud,1376,1,1,0,0,1,0,0.2875667214393616
video08,TriClass-Cloud,1377,1,1,0,0,0,0,0.5881896018981934
video08,TriClass-Cloud,1378,1,1,0,0,0,0,0.475356787443161
video08,TriClass-Cloud,1379,1,1,0,0,0,0,0.47829464077949524
video08,TriClass-Cloud,1380,1,1,0,0,1,0,0.3479437828063965
video08,TriClass-Cloud,1381,1,1,0,0,0,0,0.6347441077232361
video08,TriClass-Cloud,1382,1,1,0,0,0,0,0.6164240837097168
video08,TriClass-Cloud,1383,1,1,0,0,0,0,0.5825559496879578
video08,TriClass-Cloud,1384,1,1,0,0,0,0,0.438315749168396
video08,TriClass-Cloud,1385,1,1,0,0,0,0,0.5934656858444214
video08,TriClass-Cloud,1386,1,1,0,0,1,0,0.27048999071121216
video08,TriClass-Cloud,1387,1,1,0,0,0,0,0.3556295335292816
video08,TriClass-Cloud,1388,1,1,0,0,0,0,0.39550578594207764
video08,TriClass-Cloud,1389,0,0,0,0,0,0,0.0
video08,TriClass-Cloud,1390,1,1,0,0,0,0,0.6653069853782654
video08,TriClass-Cloud,1391,1,1,0,0,0,0,0.6238303780555725
video08,TriClass-Cloud,1392,1,1,0,0,0,0,0.4460410177707672
video08,TriClass-Cloud,1393,1,1,0,0,0,0,0.5324552655220032
video08,TriClass-Cloud,1394,1,1,0,0,0,0,0.5008430480957031
video08,TriClass-Cloud,1395,1,1,0,0,0,0,0.5017051696777344
video08,TriClass-Cloud,1396,2,2,0,0,1,0,0.42837560176849365
video08,TriClass-Cloud,1397,1,1,0,0,0,0,0.6724474430084229
video08,TriClass-Cloud,1398,1,1,0,0,0,0,0.44328877329826355
video08,TriClass-Cloud,1399,1,1,0,0,0,0,0.44969138503074646
video08,TriClass-Cloud,1400,0,0,0,0,0,0,0.0
video08,TriClass-Cloud,1401,1,1,0,0,1,0,0.31539979577064514
video08,TriClass-Cloud,1402,0,0,0,0,0,0,0.0
video08,TriClass-Cloud,1403,1,1,0,0,1,0,0.3270682394504547
video08,TriClass-Cloud,1404,1,1,0,0,0,0,0.7170832753181458
video08,TriClass-Cloud,1405,0,0,0,0,0,0,0.0
video08,TriClass-Cloud,1406,0,0,0,0,0,0,0.0
video08,TriClass-Cloud,1407,0,0,0,0,0,0,0.0
video08,TriClass-Cloud,1408,0,0,0,0,0,0,0.0
video08,TriClass-Cloud,1409,0,0,0,0,0,0,0.0
video08,TriClass-Cloud,1410,0,0,0,0,0,0,0.0
video08,TriClass-Cloud,1411,0,0,0,0,0,0,0.0
video08,TriClass-Cloud,1412,0,0,0,0,0,0,0.0
video08,TriClass-Cloud,1413,0,0,0,0,0,0,0.0
video08,TriClass-Cloud,1414,0,0,0,0,0,0,0.0
video08,TriClass-Cloud,1415,0,0,0,0,0,0,0.0
video08,TriClass-Cloud,1416,0,0,0,0,0,0,0.0
video08,TriClass-Cloud,1417,0,0,0,0,0,0,0.0
video08,TriClass-Cloud,1418,0,0,0,0,0,0,0.0
video08,TriClass-Cloud,1419,0,0,0,0,0,0,0.0
video08,TriClass-Cloud,1420,0,0,0,0,0,0,0.0
video08,TriClass-Cloud,1421,0,0,0,0,0,0,0.0
video08,TriClass-Cloud,1422,0,0,0,0,0,0,0.0
video08,TriClass-Cloud,1423,0,0,0,0,0,0,0.0
video08,TriClass-Cloud,1424,0,0,0,0,0,0,0.0
video08,TriClass-Cloud,1425,0,0,0,0,0,0,0.0
video08,TriClass-Cloud,1426,0,0,0,0,0,0,0.0
video08,TriClass-Cloud,1427,0,0,0,0,0,0,0.0
video08,TriClass-Cloud,1428,0,0,0,0,0,0,0.0
video08,TriClass-Cloud,1429,0,0,0,0,0,0,0.0
video08,TriClass-Cloud,1430,0,0,0,0,0,0,0.0
video08,TriClass-Cloud,1431,0,0,0,0,0,0,0.0
video08,TriClass-Cloud,1432,0,0,0,0,0,0,0.0
video08,TriClass-Cloud,1433,0,0,0,0,0,0,0.0
video08,TriClass-Cloud,1434,0,0,0,0,0,0,0.0
video08,TriClass-Cloud,1435,0,0,0,0,0,0,0.0
video08,TriClass-Cloud,1436,0,0,0,0,0,0,0.0
video08,TriClass-Cloud,1437,0,0,0,0,0,0,0.0
video08,TriClass-Cloud,1438,0,0,0,0,0,0,0.0
video08,TriClass-Cloud,1439,0,0,0,0,0,0,0.0
video08,TriClass-Cloud,1440,0,0,0,0,0,0,0.0
video08,TriClass-Cloud,1441,0,0,0,0,0,0,0.0
video08,TriClass-Cloud,1442,0,0,0,0,0,0,0.0
video08,TriClass-Cloud,1443,0,0,0,0,0,0,0.0
video08,TriClass-Cloud,1444,0,0,0,0,0,0,0.0
video08,TriClass-Cloud,1445,0,0,0,0,0,0,0.0
video08,TriClass-Cloud,1446,0,0,0,0,0,0,0.0
video08,TriClass-Cloud,1447,0,0,0,0,0,0,0.0
video08,TriClass-Cloud,1448,0,0,0,0,0,0,0.0
video08,TriClass-Cloud,1449,0,0,0,0,0,0,0.0
video08,TriClass-Cloud,1450,0,0,0,0,0,0,0.0
video08,TriClass-Cloud,1451,0,0,0,0,0,0,0.0
video08,TriClass-Cloud,1452,0,0,0,0,0,0,0.0
video08,TriClass-Cloud,1453,0,0,0,0,0,0,0.0
video08,TriClass-Cloud,1454,0,0,0,0,0,0,0.0
video08,TriClass-Cloud,1455,0,0,0,0,0,0,0.0
video08,TriClass-Cloud,1456,0,0,0,0,0,0,0.0
video08,TriClass-Cloud,1457,0,0,0,0,0,0,0.0
video08,TriClass-Cloud,1458,0,0,0,0,0,0,0.0
video08,TriClass-Cloud,1459,0,0,0,0,0,0,0.0
video08,TriClass-Cloud,1460,0,0,0,0,0,0,0.0
video08,TriClass-Cloud,1461,0,0,0,0,0,0,0.0
video08,TriClass-Cloud,1462,0,0,0,0,0,0,0.0
video08,TriClass-Cloud,1463,0,0,0,0,0,0,0.0
video08,TriClass-Cloud,1464,0,0,0,0,0,0,0.0
video08,TriClass-Cloud,1465,0,0,0,0,0,0,0.0
video08,TriClass-Cloud,1466,0,0,0,0,0,0,0.0
video08,TriClass-Cloud,1467,0,0,0,0,0,0,0.0
video08,TriClass-Cloud,1468,0,0,0,0,0,0,0.0
video08,TriClass-Cloud,1469,0,0,0,0,0,0,0.0
video08,TriClass-Cloud,1470,0,0,0,0,0,0,0.0
video08,TriClass-Cloud,1471,0,0,0,0,0,0,0.0
video08,TriClass-Cloud,1472,0,0,0,0,0,0,0.0
video08,TriClass-Cloud,1473,0,0,0,0,0,0,0.0
video08,TriClass-Cloud,1474,0,0,0,0,0,0,0.0
video08,TriClass-Cloud,1475,0,0,0,0,0,0,0.0
video08,TriClass-Cloud,1476,0,0,0,0,0,0,0.0
video08,TriClass-Cloud,1477,0,0,0,0,0,0,0.0
video08,TriClass-Cloud,1478,0,0,0,0,0,0,0.0
video08,TriClass-Cloud,1479,0,0,0,0,0,0,0.0
video08,TriClass-Cloud,1480,0,0,0,0,0,0,0.0
video08,TriClass-Cloud,1481,0,0,0,0,0,0,0.0
video08,TriClass-Cloud,1482,1,1,0,0,0,0,0.5330113768577576
video08,TriClass-Cloud,1483,1,1,0,0,0,0,0.6637994050979614
video08,TriClass-Cloud,1484,1,1,0,0,0,0,0.6101665496826172
video08,TriClass-Cloud,1485,0,0,0,0,0,0,0.0
video08,TriClass-Cloud,1486,2,2,0,0,1,0,0.5451092720031738
video08,TriClass-Cloud,1487,1,1,0,0,0,0,0.7167230844497681
video08,TriClass-Cloud,1488,1,1,0,0,0,0,0.6462237238883972
video08,TriClass-Cloud,1489,1,1,0,0,0,0,0.7733220458030701
video08,TriClass-Cloud,1490,2,2,0,0,0,0,0.4970163404941559
video08,TriClass-Cloud,1491,2,2,0,0,1,0,0.49272972345352173
video08,TriClass-Cloud,1492,1,1,0,0,0,0,0.6758114099502563
video08,TriClass-Cloud,1493,2,2,0,0,1,0,0.5747593641281128
video08,TriClass-Cloud,1494,1,1,0,0,0,0,0.7486550807952881
video08,TriClass-Cloud,1495,1,1,0,0,0,0,0.6883931159973145
video08,TriClass-Cloud,1496,1,1,0,0,0,0,0.7567952871322632
video08,TriClass-Cloud,1497,1,1,0,0,0,0,0.7789843082427979
video08,TriClass-Cloud,1498,1,1,0,0,0,0,0.7909445762634277
video08,TriClass-Cloud,1499,1,1,0,0,0,0,0.7453801035881042
video08,TriClass-Cloud,1500,1,1,0,0,0,0,0.752953052520752
video08,TriClass-Cloud,1501,1,1,0,0,0,0,0.6542540788650513
video08,TriClass-Cloud,1502,1,1,0,0,0,0,0.6198871731758118
video08,TriClass-Cloud,1503,1,1,0,0,0,0,0.6843456029891968
video08,TriClass-Cloud,1504,1,1,0,0,0,0,0.7403954863548279
video08,TriClass-Cloud,1505,1,1,0,0,0,0,0.7574495077133179
video08,TriClass-Cloud,1506,1,1,0,0,0,0,0.6713839173316956
video08,TriClass-Cloud,1507,1,1,0,0,0,0,0.6438133120536804
video08,TriClass-Cloud,1508,2,2,0,0,0,0,0.44662219285964966
video08,TriClass-Cloud,1509,2,2,0,0,0,0,0.6649371981620789
video08,TriClass-Cloud,1510,1,1,0,0,0,0,0.7445585131645203
video08,TriClass-Cloud,1511,1,1,0,0,0,0,0.7031417489051819
video08,TriClass-Cloud,1512,1,1,0,0,0,0,0.7908592820167542
video08,TriClass-Cloud,1513,1,1,0,0,0,0,0.6804134845733643
video08,TriClass-Cloud,1514,1,1,0,0,0,0,0.5778539180755615
video08,TriClass-Cloud,1515,1,1,0,0,0,0,0.6980416178703308
video08,TriClass-Cloud,1516,1,1,0,0,0,0,0.7440975308418274
video08,TriClass-Cloud,1517,1,1,0,0,0,0,0.7072874307632446
video08,TriClass-Cloud,1518,1,1,0,0,0,0,0.7976670265197754
video08,TriClass-Cloud,1519,1,1,0,0,0,0,0.7577371597290039
video08,TriClass-Cloud,1520,1,1,0,0,0,0,0.723693311214447
video08,TriClass-Cloud,1521,1,1,0,0,0,0,0.7400060296058655
video08,TriClass-Cloud,1522,1,1,0,0,0,0,0.7709144353866577
video08,TriClass-Cloud,1523,1,1,0,0,0,0,0.8050135374069214
video08,TriClass-Cloud,1524,1,1,0,0,0,0,0.7574551105499268
video08,TriClass-Cloud,1525,1,1,0,0,0,0,0.6975572109222412
video08,TriClass-Cloud,1526,1,1,0,0,0,0,0.45391467213630676
video08,TriClass-Cloud,1527,1,1,0,0,0,0,0.4844813048839569
video08,TriClass-Cloud,1528,1,1,0,0,0,0,0.504650354385376
video08,TriClass-Cloud,1529,2,2,0,0,1,0,0.39656442403793335
video08,TriClass-Cloud,1530,2,2,0,0,0,0,0.5197629332542419
video08,TriClass-Cloud,1531,1,1,0,0,0,0,0.7260264754295349
video08,TriClass-Cloud,1532,2,2,0,0,1,0,0.5929735898971558
video08,TriClass-Cloud,1533,1,1,0,0,0,0,0.6900245547294617
video08,TriClass-Cloud,1534,1,1,0,0,0,0,0.6984819173812866
video08,TriClass-Cloud,1535,1,1,0,0,0,0,0.6535682082176208
video08,TriClass-Cloud,1536,1,1,0,0,0,0,0.7653142809867859
video08,TriClass-Cloud,1537,1,1,0,0,0,0,0.6750071048736572
video08,TriClass-Cloud,1538,1,1,0,0,0,0,0.697684109210968
video08,TriClass-Cloud,1539,1,1,0,0,0,0,0.7106298804283142
video08,TriClass-Cloud,1540,1,1,0,0,0,0,0.701170802116394
video08,TriClass-Cloud,1541,1,1,0,0,0,0,0.6610060930252075
video08,TriClass-Cloud,1542,1,1,0,0,0,0,0.7157609462738037
video08,TriClass-Cloud,1543,2,2,0,0,1,0,0.5216601490974426
video08,TriClass-Cloud,1544,2,2,0,0,0,0,0.6850394606590271
video08,TriClass-Cloud,1545,1,1,0,0,0,0,0.46612587571144104
video08,TriClass-Cloud,1546,2,2,0,0,0,0,0.44298917055130005
video08,TriClass-Cloud,1547,1,1,0,0,0,0,0.7629067301750183
video08,TriClass-Cloud,1548,1,1,0,0,0,0,0.7617348432540894
video08,TriClass-Cloud,1549,1,1,0,0,0,0,0.804216742515564
video08,TriClass-Cloud,1550,1,1,0,0,0,0,0.608485758304596
video08,TriClass-Cloud,1551,1,1,0,0,0,0,0.7664729356765747
video08,TriClass-Cloud,1552,1,1,0,0,0,0,0.7521921396255493
video08,TriClass-Cloud,1553,1,1,0,0,0,0,0.6524830460548401
video08,TriClass-Cloud,1554,1,1,0,0,0,0,0.7669562101364136
video08,TriClass-Cloud,1555,1,1,0,0,0,0,0.6712695956230164
video08,TriClass-Cloud,1556,1,1,0,0,0,0,0.723582923412323
video08,TriClass-Cloud,1557,2,2,0,0,0,0,0.46003684401512146
video08,TriClass-Cloud,1558,2,2,0,0,1,0,0.49632740020751953
video08,TriClass-Cloud,1559,1,1,0,0,0,0,0.6994607448577881
video08,TriClass-Cloud,1560,2,2,0,0,1,0,0.38466399908065796
video08,TriClass-Cloud,1561,1,1,0,0,0,0,0.6125291585922241
video08,TriClass-Cloud,1562,2,2,0,0,0,0,0.44971925020217896
video08,TriClass-Cloud,1563,2,2,0,0,1,0,0.5402463674545288
video08,TriClass-Cloud,1564,2,2,0,0,0,0,0.425773561000824
video08,TriClass-Cloud,1565,2,2,0,0,1,0,0.4613179862499237
video08,TriClass-Cloud,1566,2,2,0,0,0,0,0.38233286142349243
video08,TriClass-Cloud,1567,1,1,0,0,0,0,0.6227929592132568
video08,TriClass-Cloud,1568,2,2,0,0,0,0,0.5792005062103271
video08,TriClass-Cloud,1569,2,2,0,0,1,0,0.6441193222999573
video08,TriClass-Cloud,1570,2,2,0,0,0,0,0.5738129615783691
video08,TriClass-Cloud,1571,1,1,0,0,0,0,0.5608810782432556
video08,TriClass-Cloud,1572,1,1,0,0,0,0,0.681424617767334
video08,TriClass-Cloud,1573,1,1,0,0,0,0,0.7145599722862244
video08,TriClass-Cloud,1574,1,1,0,0,0,0,0.666957437992096
video08,TriClass-Cloud,1575,1,1,0,0,0,0,0.6337640285491943
video08,TriClass-Cloud,1576,1,1,0,0,0,0,0.6917731761932373
video08,TriClass-Cloud,1577,1,1,0,0,0,0,0.7616233825683594
video08,TriClass-Cloud,1578,2,2,0,0,0,0,0.5452001094818115
video08,TriClass-Cloud,1579,1,1,0,0,0,0,0.7348853945732117
video08,TriClass-Cloud,1580,1,1,0,0,0,0,0.7941004037857056
video08,TriClass-Cloud,1581,1,1,0,0,0,0,0.7707800269126892
video08,TriClass-Cloud,1582,1,1,0,0,0,0,0.6924794316291809
video08,TriClass-Cloud,1583,2,2,0,0,0,0,0.6473273038864136
video08,TriClass-Cloud,1584,1,1,0,0,0,0,0.7589477896690369
video08,TriClass-Cloud,1585,1,1,0,0,0,0,0.6294719576835632
video08,TriClass-Cloud,1586,1,1,0,0,0,0,0.769075870513916
video08,TriClass-Cloud,1587,1,1,0,0,0,0,0.7279804348945618
video08,TriClass-Cloud,1588,1,1,0,0,0,0,0.772884726524353
video08,TriClass-Cloud,1589,2,2,0,0,0,0,0.7461153268814087
video08,TriClass-Cloud,1590,2,2,0,0,0,0,0.6189354658126831
video08,TriClass-Cloud,1591,1,1,0,0,0,0,0.7435640692710876
video08,TriClass-Cloud,1592,2,2,0,0,0,0,0.7514740228652954
video08,TriClass-Cloud,1593,2,2,0,0,0,0,0.7152636051177979
video08,TriClass-Cloud,1594,2,2,0,0,0,0,0.6317243576049805
video08,TriClass-Cloud,1595,2,2,0,0,0,0,0.6564348340034485
video08,TriClass-Cloud,1596,1,1,0,0,0,0,0.7773398160934448
video08,TriClass-Cloud,1597,1,1,0,0,0,0,0.7360697984695435
video08,TriClass-Cloud,1598,1,1,0,0,0,0,0.6746117472648621
video08,TriClass-Cloud,1599,1,1,0,0,0,0,0.7076229453086853
video08,TriClass-Cloud,1600,1,1,0,0,0,0,0.7901794910430908
video08,TriClass-Cloud,1601,1,1,0,0,0,0,0.7924085259437561
video08,TriClass-Cloud,1602,1,1,0,0,0,0,0.7008606195449829
video08,TriClass-Cloud,1603,1,1,0,0,0,0,0.675234854221344
video08,TriClass-Cloud,1604,2,2,0,0,1,0,0.5621828436851501
video08,TriClass-Cloud,1605,1,1,0,0,0,0,0.6951539516448975
video08,TriClass-Cloud,1606,2,2,0,0,0,0,0.5829946994781494
video08,TriClass-Cloud,1607,2,2,0,0,1,0,0.6967248320579529
video08,TriClass-Cloud,1608,1,1,0,0,0,0,0.532788097858429
video08,TriClass-Cloud,1609,1,1,0,0,0,0,0.6392663717269897
video08,TriClass-Cloud,1610,1,1,0,0,0,0,0.6580873727798462
video08,TriClass-Cloud,1611,1,1,0,0,0,0,0.6506194472312927
video08,TriClass-Cloud,1612,1,1,0,0,0,0,0.6202428340911865
video08,TriClass-Cloud,1613,2,2,0,0,0,0,0.6212601065635681
video08,TriClass-Cloud,1614,1,1,0,0,0,0,0.6288561820983887
video08,TriClass-Cloud,1615,1,1,0,0,0,0,0.7081394791603088
video08,TriClass-Cloud,1616,1,1,0,0,0,0,0.7427990436553955
video08,TriClass-Cloud,1617,1,1,0,0,0,0,0.7941683530807495
video08,TriClass-Cloud,1618,1,1,0,0,0,0,0.7387186288833618
video08,TriClass-Cloud,1619,1,1,0,0,0,0,0.7257525324821472
video08,TriClass-Cloud,1620,2,2,0,0,1,0,0.6744660139083862
video08,TriClass-Cloud,1621,1,1,0,0,0,0,0.6812406778335571
video08,TriClass-Cloud,1622,1,1,0,0,0,0,0.6544151902198792
video08,TriClass-Cloud,1623,1,1,0,0,0,0,0.7129746675491333
video08,TriClass-Cloud,1624,1,1,0,0,0,0,0.6946689486503601
video08,TriClass-Cloud,1625,1,1,0,0,0,0,0.7365564107894897
video08,TriClass-Cloud,1626,1,1,0,0,0,0,0.725426435470581
video08,TriClass-Cloud,1627,1,1,0,0,0,0,0.7473728060722351
video08,TriClass-Cloud,1628,1,1,0,0,0,0,0.6323153972625732
video08,TriClass-Cloud,1629,2,2,0,0,1,0,0.5633572936058044
video08,TriClass-Cloud,1630,1,1,0,0,0,0,0.7993921637535095
video08,TriClass-Cloud,1631,1,1,0,0,0,0,0.7870118021965027
video08,TriClass-Cloud,1632,1,1,0,0,0,0,0.7583698034286499
video08,TriClass-Cloud,1633,1,1,0,0,0,0,0.7890049815177917
video08,TriClass-Cloud,1634,1,1,0,0,0,0,0.7275397181510925
video08,TriClass-Cloud,1635,1,1,0,0,0,0,0.7381060719490051
video08,TriClass-Cloud,1636,1,1,0,0,0,0,0.7431431412696838
video08,TriClass-Cloud,1637,1,1,0,0,0,0,0.7571959495544434
video08,TriClass-Cloud,1638,1,1,0,0,0,0,0.7228976488113403
video08,TriClass-Cloud,1639,1,1,0,0,0,0,0.6263463497161865
video08,TriClass-Cloud,1640,1,1,0,0,0,0,0.7880217432975769
video08,TriClass-Cloud,1641,1,1,0,0,0,0,0.7137126922607422
video08,TriClass-Cloud,1642,1,1,0,0,0,0,0.719664990901947
video08,TriClass-Cloud,1643,1,1,0,0,0,0,0.7042346596717834
video08,TriClass-Cloud,1644,2,2,0,0,1,0,0.3717760145664215
video08,TriClass-Cloud,1645,1,1,0,0,1,0,0.3324773609638214
video08,TriClass-Cloud,1646,1,1,0,0,0,0,0.4915466904640198
video08,TriClass-Cloud,1647,1,1,0,0,0,0,0.6170953512191772
video08,TriClass-Cloud,1648,1,1,0,0,0,0,0.6670668721199036
video08,TriClass-Cloud,1649,1,1,0,0,0,0,0.6324537396430969
video08,TriClass-Cloud,1650,1,1,0,0,0,0,0.7597062587738037
video08,TriClass-Cloud,1651,1,1,0,0,0,0,0.7661659121513367
video08,TriClass-Cloud,1652,1,1,0,0,0,0,0.6902074217796326
video08,TriClass-Cloud,1653,1,1,0,0,0,0,0.5464168787002563
video08,TriClass-Cloud,1654,2,2,0,0,0,0,0.4233204126358032
video08,TriClass-Cloud,1655,1,1,0,0,0,0,0.5475599765777588
video08,TriClass-Cloud,1656,1,1,0,0,0,0,0.7112460732460022
video08,TriClass-Cloud,1657,1,1,0,0,0,0,0.5274560451507568
video08,TriClass-Cloud,1658,2,2,0,0,1,0,0.41190198063850403
video08,TriClass-Cloud,1659,1,1,0,0,1,0,0.2636706829071045
video08,TriClass-Cloud,1660,1,1,0,0,0,0,0.5310081243515015
video08,TriClass-Cloud,1661,1,1,0,0,0,0,0.6423962712287903
video08,TriClass-Cloud,1662,1,1,0,0,0,0,0.5446008443832397
video08,TriClass-Cloud,1663,2,2,0,0,1,0,0.4919622540473938
video08,TriClass-Cloud,1664,1,1,0,0,0,0,0.6865206956863403
video08,TriClass-Cloud,1665,2,2,0,0,0,0,0.5186997056007385
video08,TriClass-Cloud,1666,2,2,0,0,0,0,0.4590233266353607
video08,TriClass-Cloud,1667,1,1,0,0,0,0,0.658074140548706
video08,TriClass-Cloud,1668,2,2,0,0,0,0,0.3931749761104584
video08,TriClass-Cloud,1669,2,2,0,0,0,0,0.3969929814338684
video08,TriClass-Cloud,1670,1,1,0,0,0,0,0.6375648975372314
video08,TriClass-Cloud,1671,1,1,0,0,0,0,0.6595388054847717
video08,TriClass-Cloud,1672,1,1,0,0,0,0,0.6268600225448608
video08,TriClass-Cloud,1673,1,1,0,0,0,0,0.660041332244873
video08,TriClass-Cloud,1674,1,1,0,0,0,0,0.6497289538383484
video08,TriClass-Cloud,1675,1,1,0,0,0,0,0.7423046231269836
video08,TriClass-Cloud,1676,1,1,0,0,0,0,0.6376166343688965
video08,TriClass-Cloud,1677,1,1,0,0,0,0,0.6492273211479187
video08,TriClass-Cloud,1678,1,1,0,0,0,0,0.5010018348693848
video08,TriClass-Cloud,1679,1,1,0,0,0,0,0.7854047417640686
video08,TriClass-Cloud,1680,1,1,0,0,0,0,0.5919876098632812
video08,TriClass-Cloud,1681,2,2,0,0,1,0,0.43532639741897583
video08,TriClass-Cloud,1682,1,1,0,0,0,0,0.6423404812812805
video08,TriClass-Cloud,1683,1,1,0,0,0,0,0.5413346290588379
video08,TriClass-Cloud,1684,1,1,0,0,0,0,0.4801725149154663
video08,TriClass-Cloud,1685,1,1,0,0,0,0,0.6351526975631714
video08,TriClass-Cloud,1686,1,1,0,0,0,0,0.44771870970726013
video08,TriClass-Cloud,1687,1,1,0,0,0,0,0.5947717428207397
video08,TriClass-Cloud,1688,1,1,0,0,0,0,0.48027488589286804
video08,TriClass-Cloud,1689,0,0,0,0,0,0,0.0
video08,TriClass-Cloud,1690,0,0,0,0,0,0,0.0
video08,TriClass-Cloud,1691,2,2,0,0,0,0,0.3975850045681
video08,TriClass-Cloud,1692,1,1,0,0,0,0,0.4265177547931671
video08,TriClass-Cloud,1693,1,1,0,0,0,0,0.4600507616996765
video08,TriClass-Cloud,1694,2,2,0,0,1,0,0.4191800355911255
video08,TriClass-Cloud,1695,0,0,0,0,0,0,0.0
video08,TriClass-Cloud,1696,2,2,0,0,1,0,0.35859957337379456
video08,TriClass-Cloud,1697,1,1,0,0,0,0,0.3818708062171936
video08,TriClass-Cloud,1698,0,0,0,0,0,0,0.0
video08,TriClass-Cloud,1699,1,1,0,0,0,0,0.4181045889854431
video08,TriClass-Cloud,1700,1,1,0,0,0,0,0.36405283212661743
video08,TriClass-Cloud,1701,1,1,0,0,0,0,0.45081478357315063
video08,TriClass-Cloud,1702,1,1,0,0,0,0,0.429941862821579
video08,TriClass-Cloud,1703,1,1,0,0,0,0,0.36918237805366516
video08,TriClass-Cloud,1704,2,2,0,0,1,0,0.3550170063972473
video08,TriClass-Cloud,1705,2,2,0,0,1,0,0.6580422520637512
video08,TriClass-Cloud,1706,1,1,0,0,0,0,0.48035871982574463
video08,TriClass-Cloud,1707,1,1,0,0,1,0,0.2926957905292511
video08,TriClass-Cloud,1708,1,1,0,0,0,0,0.4201545715332031
video08,TriClass-Cloud,1709,1,1,0,0,1,0,0.3309098482131958
video08,TriClass-Cloud,1710,2,2,0,0,1,0,0.3806743919849396
video08,TriClass-Cloud,1711,1,1,0,0,0,0,0.5443492531776428
video08,TriClass-Cloud,1712,1,1,0,0,0,0,0.3941756784915924
video08,TriClass-Cloud,1713,1,1,0,0,0,0,0.621433675289154
video08,TriClass-Cloud,1714,2,2,0,0,0,0,0.42700839042663574
video08,TriClass-Cloud,1715,2,2,0,0,1,0,0.35334452986717224
video08,TriClass-Cloud,1716,4,4,0,0,4,0,0.34302592277526855
video08,TriClass-Cloud,1717,1,1,0,0,0,0,0.6855869293212891
video08,TriClass-Cloud,1718,1,1,0,0,0,0,0.515444815158844
video08,TriClass-Cloud,1719,1,1,0,0,0,0,0.694129467010498
video08,TriClass-Cloud,1720,1,1,0,0,0,0,0.5296449661254883
video08,TriClass-Cloud,1721,2,2,0,0,1,0,0.5435971021652222
video08,TriClass-Cloud,1722,1,1,0,0,0,0,0.5411829352378845
video08,TriClass-Cloud,1723,1,1,0,0,0,0,0.5529388785362244
video08,TriClass-Cloud,1724,1,1,0,0,0,0,0.6622914671897888
video08,TriClass-Cloud,1725,1,1,0,0,0,0,0.6672354340553284
video08,TriClass-Cloud,1726,1,1,0,0,0,0,0.7579461336135864
video08,TriClass-Cloud,1727,1,1,0,0,0,0,0.728294312953949
video08,TriClass-Cloud,1728,1,1,0,0,0,0,0.7035456299781799
video08,TriClass-Cloud,1729,1,1,0,0,0,0,0.7592766880989075
video08,TriClass-Cloud,1730,1,1,0,0,0,0,0.6239334344863892
video08,TriClass-Cloud,1731,1,1,0,0,0,0,0.7439038157463074
video08,TriClass-Cloud,1732,1,1,0,0,1,0,0.3445890247821808
video08,TriClass-Cloud,1733,1,1,0,0,0,0,0.7254699468612671
video08,TriClass-Cloud,1734,2,2,0,0,1,0,0.48586389422416687
video08,TriClass-Cloud,1735,2,2,0,0,2,0,0.3345055878162384
video08,TriClass-Cloud,1736,1,1,0,0,0,0,0.4280921518802643
video08,TriClass-Cloud,1737,2,2,0,0,1,0,0.3866356611251831
video08,TriClass-Cloud,1738,1,1,0,0,1,0,0.2896987199783325
video08,TriClass-Cloud,1739,0,0,0,0,0,0,0.0
video08,TriClass-Cloud,1740,1,1,0,0,0,0,0.41615915298461914
video08,TriClass-Cloud,1741,1,1,0,0,1,0,0.26739922165870667
video08,TriClass-Cloud,1742,0,0,0,0,0,0,0.0
video08,TriClass-Cloud,1743,1,1,0,0,0,0,0.3706141412258148
video08,TriClass-Cloud,1744,1,1,0,0,0,0,0.5882330536842346
video08,TriClass-Cloud,1745,1,1,0,0,0,0,0.5950018763542175
video08,TriClass-Cloud,1746,1,1,0,0,0,0,0.37666770815849304
video08,TriClass-Cloud,1747,0,0,0,0,0,0,0.0
video08,TriClass-Cloud,1748,2,2,0,0,2,0,0.3244243264198303
video08,TriClass-Cloud,1749,2,2,0,0,1,0,0.4260612726211548
video08,TriClass-Cloud,1750,1,1,0,0,0,0,0.5698131322860718
video08,TriClass-Cloud,1751,1,1,0,0,0,0,0.39189502596855164
video08,TriClass-Cloud,1752,1,1,0,0,1,0,0.2798710763454437
video08,TriClass-Cloud,1753,1,1,0,0,1,0,0.3078743517398834
video08,TriClass-Cloud,1754,1,1,0,0,0,0,0.45627927780151367
video08,TriClass-Cloud,1755,1,1,0,0,0,0,0.4340297281742096
video08,TriClass-Cloud,1756,1,1,0,0,0,0,0.3768351674079895
video08,TriClass-Cloud,1757,1,1,0,0,1,0,0.3049834966659546
video08,TriClass-Cloud,1758,1,1,0,0,0,0,0.5143797993659973
video08,TriClass-Cloud,1759,1,1,0,0,0,0,0.3805561363697052
video08,TriClass-Cloud,1760,1,1,0,0,0,0,0.6287707686424255
video08,TriClass-Cloud,1761,1,1,0,0,0,0,0.4841102361679077
video08,TriClass-Cloud,1762,1,1,0,0,1,0,0.30097416043281555
video08,TriClass-Cloud,1763,1,1,0,0,0,0,0.562875509262085
video08,TriClass-Cloud,1764,1,1,0,0,0,0,0.40557631850242615
video08,TriClass-Cloud,1765,1,1,0,0,0,0,0.5907079577445984
video08,TriClass-Cloud,1766,1,1,0,0,0,0,0.5619741082191467
video08,TriClass-Cloud,1767,1,1,0,0,0,0,0.43183404207229614
video08,TriClass-Cloud,1768,2,2,0,0,1,0,0.381343275308609
video08,TriClass-Cloud,1769,1,1,0,0,0,0,0.6220487952232361
video08,TriClass-Cloud,1770,2,2,0,0,1,0,0.5115849375724792
video08,TriClass-Cloud,1771,1,1,0,0,0,0,0.501673698425293
video08,TriClass-Cloud,1772,1,1,0,0,0,0,0.6021410822868347
video08,TriClass-Cloud,1773,1,1,0,0,0,0,0.5659865736961365
video08,TriClass-Cloud,1774,2,2,0,0,1,0,0.39150723814964294
video08,TriClass-Cloud,1775,1,1,0,0,0,0,0.5574632883071899
video08,TriClass-Cloud,1776,2,2,0,0,1,0,0.4215546250343323
video08,TriClass-Cloud,1777,1,1,0,0,1,0,0.31989187002182007
video08,TriClass-Cloud,1778,1,1,0,0,0,0,0.37970787286758423
video08,TriClass-Cloud,1779,1,1,0,0,0,0,0.4429875910282135
video08,TriClass-Cloud,1780,1,1,0,0,0,0,0.6690073609352112
video08,TriClass-Cloud,1781,1,1,0,0,0,0,0.6485554575920105
video08,TriClass-Cloud,1782,1,1,0,0,0,0,0.5928482413291931
video08,TriClass-Cloud,1783,1,1,0,0,0,0,0.47237706184387207
video08,TriClass-Cloud,1784,1,1,0,0,0,0,0.5243128538131714
video08,TriClass-Cloud,1785,1,1,0,0,0,0,0.5048301815986633
video08,TriClass-Cloud,1786,1,1,0,0,0,0,0.6572914123535156
video08,TriClass-Cloud,1787,1,1,0,0,0,0,0.6034520268440247
video08,TriClass-Cloud,1788,1,1,0,0,0,0,0.6505873799324036
video08,TriClass-Cloud,1789,1,1,0,0,0,0,0.4721318185329437
video08,TriClass-Cloud,1790,1,1,0,0,0,0,0.5259756445884705
video08,TriClass-Cloud,1791,1,1,0,0,0,0,0.4457481801509857
video08,TriClass-Cloud,1792,1,1,0,0,0,0,0.5340563058853149
video08,TriClass-Cloud,1793,1,1,0,0,0,0,0.6289514899253845
video08,TriClass-Cloud,1794,2,2,0,0,2,0,0.3376167416572571
video08,TriClass-Cloud,1795,1,1,0,0,0,0,0.5843725800514221
video08,TriClass-Cloud,1796,1,1,0,0,0,0,0.6150602698326111
video08,TriClass-Cloud,1797,1,1,0,0,0,0,0.4800061285495758
video08,TriClass-Cloud,1798,1,1,0,0,0,0,0.5797006487846375
video08,TriClass-Cloud,1799,1,1,0,0,0,0,0.7213427424430847
video08,TriClass-Cloud,1800,1,1,0,0,0,0,0.7570440769195557
video08,TriClass-Cloud,1801,1,1,0,0,0,0,0.48202383518218994
video08,TriClass-Cloud,1802,1,1,0,0,0,0,0.6095472574234009
video08,TriClass-Cloud,1803,1,1,0,0,0,0,0.5019874572753906
video08,TriClass-Cloud,1804,1,1,0,0,0,0,0.553134024143219
video08,TriClass-Cloud,1805,2,2,0,0,1,0,0.4358196556568146
video08,TriClass-Cloud,1806,1,1,0,0,0,0,0.5129556059837341
video08,TriClass-Cloud,1807,2,2,0,0,1,0,0.39231136441230774
video08,TriClass-Cloud,1808,1,1,0,0,0,0,0.54437255859375
video08,TriClass-Cloud,1809,1,1,0,0,0,0,0.4737071394920349
video08,TriClass-Cloud,1810,1,1,0,0,0,0,0.4836401045322418
video08,TriClass-Cloud,1811,2,2,0,0,2,0,0.34126225113868713
video08,TriClass-Cloud,1812,1,1,0,0,0,0,0.44339001178741455
video08,TriClass-Cloud,1813,1,1,0,0,0,0,0.6639509797096252
video08,TriClass-Cloud,1814,1,1,0,0,0,0,0.5941608548164368
video08,TriClass-Cloud,1815,1,1,0,0,0,0,0.5510590076446533
video08,TriClass-Cloud,1816,1,1,0,0,0,0,0.6952835321426392
video08,TriClass-Cloud,1817,1,1,0,0,0,0,0.5073623061180115
video08,TriClass-Cloud,1818,2,2,0,0,1,0,0.40419667959213257
video08,TriClass-Cloud,1819,1,1,0,0,0,0,0.5372173190116882
video08,TriClass-Cloud,1820,1,1,0,0,0,0,0.6038615703582764
video08,TriClass-Cloud,1821,1,1,0,0,0,0,0.4452876150608063
video08,TriClass-Cloud,1822,1,1,0,0,0,0,0.5972505211830139
video08,TriClass-Cloud,1823,2,2,0,0,1,0,0.3582732379436493
video08,TriClass-Cloud,1824,1,1,0,0,0,0,0.6219484210014343
video08,TriClass-Cloud,1825,2,2,0,0,1,0,0.4129180312156677
video08,TriClass-Cloud,1826,1,1,0,0,0,0,0.5041471719741821
video08,TriClass-Cloud,1827,1,1,0,0,0,0,0.7667511105537415
video08,TriClass-Cloud,1828,1,1,0,0,0,0,0.7101609706878662
video08,TriClass-Cloud,1829,1,1,0,0,0,0,0.7087852954864502
video08,TriClass-Cloud,1830,1,1,0,0,0,0,0.563711404800415
video08,TriClass-Cloud,1831,1,1,0,0,0,0,0.5650498270988464
video08,TriClass-Cloud,1832,1,1,0,0,0,0,0.5448997616767883
video08,TriClass-Cloud,1833,1,1,0,0,0,0,0.7396321892738342
video08,TriClass-Cloud,1834,1,1,0,0,0,0,0.5871992111206055
video08,TriClass-Cloud,1835,1,1,0,0,0,0,0.606087327003479
video08,TriClass-Cloud,1836,1,1,0,0,0,0,0.5841367840766907
video08,TriClass-Cloud,1837,2,2,0,0,1,0,0.3861764967441559
video08,TriClass-Cloud,1838,1,1,0,0,0,0,0.44171231985092163
video08,TriClass-Cloud,1839,1,1,0,0,0,0,0.6478186845779419
video08,TriClass-Cloud,1840,1,1,0,0,0,0,0.6667837500572205
video08,TriClass-Cloud,1841,1,1,0,0,0,0,0.6219103336334229
video08,TriClass-Cloud,1842,2,2,0,0,2,0,0.33963191509246826
video08,TriClass-Cloud,1843,1,1,0,0,0,0,0.4603256285190582
video08,TriClass-Cloud,1844,1,1,0,0,0,0,0.4442652761936188
video08,TriClass-Cloud,1845,1,1,0,0,0,0,0.4738070070743561
video08,TriClass-Cloud,1846,1,1,0,0,0,0,0.63956218957901
video08,TriClass-Cloud,1847,1,1,0,0,0,0,0.7307370901107788
video08,TriClass-Cloud,1848,1,1,0,0,0,0,0.6335362792015076
video08,TriClass-Cloud,1849,1,1,0,0,0,0,0.6412464380264282
video08,TriClass-Cloud,1850,1,1,0,0,0,0,0.5610529780387878
video08,TriClass-Cloud,1851,1,1,0,0,0,0,0.472685843706131
video08,TriClass-Cloud,1852,1,1,0,0,0,0,0.6858941912651062
video08,TriClass-Cloud,1853,1,1,0,0,0,0,0.7087574005126953
video08,TriClass-Cloud,1854,2,2,0,0,1,0,0.4026787281036377
video08,TriClass-Cloud,1855,1,1,0,0,1,0,0.3275355398654938
video08,TriClass-Cloud,1856,1,1,0,0,0,0,0.6068316102027893
video08,TriClass-Cloud,1857,1,1,0,0,0,0,0.6228660345077515
video08,TriClass-Cloud,1858,1,1,0,0,0,0,0.7589072585105896
video08,TriClass-Cloud,1859,1,1,0,0,0,0,0.6928739547729492
video08,TriClass-Cloud,1860,2,2,0,0,1,0,0.45866215229034424
video08,TriClass-Cloud,1861,1,1,0,0,0,0,0.6379815340042114
video08,TriClass-Cloud,1862,1,1,0,0,0,0,0.5493719577789307
video08,TriClass-Cloud,1863,1,1,0,0,0,0,0.5875551104545593
video08,TriClass-Cloud,1864,1,1,0,0,0,0,0.49114418029785156
video08,TriClass-Cloud,1865,1,1,0,0,0,0,0.5908806324005127
video08,TriClass-Cloud,1866,1,1,0,0,0,0,0.5014448165893555
video08,TriClass-Cloud,1867,1,1,0,0,0,0,0.4132988750934601
video08,TriClass-Cloud,1868,1,1,0,0,0,0,0.4674554765224457
video08,TriClass-Cloud,1869,1,1,0,0,0,0,0.5413898825645447
video08,TriClass-Cloud,1870,1,1,0,0,0,0,0.35912036895751953
video08,TriClass-Cloud,1871,1,1,0,0,0,0,0.6498442888259888
video08,TriClass-Cloud,1872,1,1,0,0,0,0,0.7191554307937622
video08,TriClass-Cloud,1873,1,1,0,0,0,0,0.7708806395530701
video08,TriClass-Cloud,1874,1,1,0,0,0,0,0.48923447728157043
video08,TriClass-Cloud,1875,1,1,0,0,0,0,0.7300830483436584
video08,TriClass-Cloud,1876,1,1,0,0,0,0,0.6552447080612183
video08,TriClass-Cloud,1877,1,1,0,0,0,0,0.7422593832015991
video08,TriClass-Cloud,1878,1,1,0,0,0,0,0.5190394520759583
video08,TriClass-Cloud,1879,1,1,0,0,0,0,0.6261906623840332
video08,TriClass-Cloud,1880,1,1,0,0,0,0,0.3837784230709076
video08,TriClass-Cloud,1881,1,1,0,0,1,0,0.280415803194046
video08,TriClass-Cloud,1882,1,1,0,0,0,0,0.532655656337738
video08,TriClass-Cloud,1883,1,1,0,0,0,0,0.5577258467674255
video08,TriClass-Cloud,1884,1,1,0,0,0,0,0.5403540134429932
video08,TriClass-Cloud,1885,2,2,0,0,1,0,0.3573254942893982
video08,TriClass-Cloud,1886,1,1,0,0,0,0,0.5849652886390686
video08,TriClass-Cloud,1887,1,1,0,0,0,0,0.4343900680541992
video08,TriClass-Cloud,1888,2,2,0,0,1,0,0.47389212250709534
video08,TriClass-Cloud,1889,1,1,0,0,1,0,0.32302308082580566
video08,TriClass-Cloud,1890,1,1,0,0,0,0,0.4197956919670105
video08,TriClass-Cloud,1891,1,1,0,0,0,0,0.5775416493415833
video08,TriClass-Cloud,1892,1,1,0,0,0,0,0.5106604695320129
video08,TriClass-Cloud,1893,1,1,0,0,0,0,0.5424860119819641
video08,TriClass-Cloud,1894,1,1,0,0,1,0,0.26247429847717285
video08,TriClass-Cloud,1895,1,1,0,0,0,0,0.3515393137931824
video08,TriClass-Cloud,1896,1,1,0,0,1,0,0.3116903305053711
video08,TriClass-Cloud,1897,1,1,0,0,0,0,0.434756338596344
video08,TriClass-Cloud,1898,1,1,0,0,1,0,0.3172234892845154
video08,TriClass-Cloud,1899,0,0,0,0,0,0,0.0
video08,TriClass-Cloud,1900,1,1,0,0,0,0,0.4241899847984314
video08,TriClass-Cloud,1901,1,1,0,0,0,0,0.5096216201782227
video08,TriClass-Cloud,1902,1,1,0,0,0,0,0.5608422756195068
video08,TriClass-Cloud,1903,1,1,0,0,0,0,0.5852078199386597
video08,TriClass-Cloud,1904,1,1,0,0,0,0,0.5350908041000366
video08,TriClass-Cloud,1905,1,1,0,0,0,0,0.6030603647232056
video08,TriClass-Cloud,1906,1,1,0,0,0,0,0.4854331910610199
video08,TriClass-Cloud,1907,0,0,0,0,0,0,0.0
video08,TriClass-Cloud,1908,1,1,0,0,0,0,0.49964335560798645
video08,TriClass-Cloud,1909,0,0,0,0,0,0,0.0
video08,TriClass-Cloud,1910,1,1,0,0,0,0,0.47037258744239807
video08,TriClass-Cloud,1911,1,1,0,0,0,0,0.4850631356239319
video08,TriClass-Cloud,1912,2,2,0,0,2,0,0.28665846586227417
video08,TriClass-Cloud,1913,1,1,0,0,0,0,0.43449854850769043
video08,TriClass-Cloud,1914,1,1,0,0,0,0,0.4133444130420685
video08,TriClass-Cloud,1915,1,1,0,0,1,0,0.3285786509513855
video08,TriClass-Cloud,1916,1,1,0,0,1,0,0.31474289298057556
video08,TriClass-Cloud,1917,0,0,0,0,0,0,0.0
video08,TriClass-Cloud,1918,1,1,0,0,0,0,0.5138955116271973
video08,TriClass-Cloud,1919,1,1,0,0,0,0,0.5940848588943481
video08,TriClass-Cloud,1920,1,1,0,0,1,0,0.2760965824127197
video08,TriClass-Cloud,1921,0,0,0,0,0,0,0.0
video08,TriClass-Cloud,1922,1,1,0,0,0,0,0.41291558742523193
video08,TriClass-Cloud,1923,0,0,0,0,0,0,0.0
video08,TriClass-Cloud,1924,1,1,0,0,0,0,0.49331915378570557
video08,TriClass-Cloud,1925,1,1,0,0,0,0,0.37770360708236694
video08,TriClass-Cloud,1926,1,1,0,0,0,0,0.3517411947250366
video08,TriClass-Cloud,1927,1,1,0,0,0,0,0.4251222312450409
video08,TriClass-Cloud,1928,1,1,0,0,0,0,0.3877291679382324
video08,TriClass-Cloud,1929,0,0,0,0,0,0,0.0
video08,TriClass-Cloud,1930,0,0,0,0,0,0,0.0
video08,TriClass-Cloud,1931,1,1,0,0,0,0,0.5357481837272644
video08,TriClass-Cloud,1932,1,1,0,0,0,0,0.5865353345870972
video08,TriClass-Cloud,1933,1,1,0,0,0,0,0.668052077293396
video08,TriClass-Cloud,1934,1,1,0,0,0,0,0.6413519978523254
video08,TriClass-Cloud,1935,1,1,0,0,0,0,0.5316616892814636
video08,TriClass-Cloud,1936,1,1,0,0,0,0,0.634053647518158
video08,TriClass-Cloud,1937,1,1,0,0,0,0,0.6506382822990417
video08,TriClass-Cloud,1938,1,1,0,0,0,0,0.7537264227867126
video08,TriClass-Cloud,1939,1,1,0,0,0,0,0.6677617430686951
video08,TriClass-Cloud,1940,1,1,0,0,0,0,0.6918479800224304
video08,TriClass-Cloud,1941,1,1,0,0,0,0,0.6471002697944641
video08,TriClass-Cloud,1942,1,1,0,0,0,0,0.585464596748352
video08,TriClass-Cloud,1943,1,1,0,0,0,0,0.5748191475868225
video08,TriClass-Cloud,1944,0,0,0,0,0,0,0.0
video08,TriClass-Cloud,1945,2,2,0,0,2,0,0.31316208839416504
video08,TriClass-Cloud,1946,1,1,0,0,0,0,0.6061105728149414
video08,TriClass-Cloud,1947,1,1,0,0,0,0,0.5957284569740295
video08,TriClass-Cloud,1948,1,1,0,0,0,0,0.47741350531578064
video08,TriClass-Cloud,1949,1,1,0,0,0,0,0.7268927097320557
video08,TriClass-Cloud,1950,2,2,0,0,0,0,0.56803959608078
video08,TriClass-Cloud,1951,0,0,0,0,0,0,0.0
video08,TriClass-Cloud,1952,0,0,0,0,0,0,0.0
video08,TriClass-Cloud,1953,0,0,0,0,0,0,0.0
video08,TriClass-Cloud,1954,0,0,0,0,0,0,0.0
video08,TriClass-Cloud,1955,1,1,0,0,1,0,0.3356674015522003
video08,TriClass-Cloud,1956,2,2,0,0,2,0,0.29458263516426086
video08,TriClass-Cloud,1957,1,1,0,0,0,0,0.5005056858062744
video08,TriClass-Cloud,1958,1,1,0,0,0,0,0.4226277470588684
video08,TriClass-Cloud,1959,0,0,0,0,0,0,0.0
video08,TriClass-Cloud,1960,1,1,0,0,0,0,0.45499786734580994
video08,TriClass-Cloud,1961,1,1,0,0,0,0,0.453400582075119
video08,TriClass-Cloud,1962,1,1,0,0,0,0,0.6372838616371155
video08,TriClass-Cloud,1963,1,1,0,0,0,0,0.5519368648529053
video08,TriClass-Cloud,1964,1,1,0,0,0,0,0.4877306818962097
video08,TriClass-Cloud,1965,1,1,0,0,0,0,0.5080808401107788
video08,TriClass-Cloud,1966,0,0,0,0,0,0,0.0
video08,TriClass-Cloud,1967,1,1,0,0,0,0,0.3796933591365814
video08,TriClass-Cloud,1968,0,0,0,0,0,0,0.0
video08,TriClass-Cloud,1969,1,1,0,0,0,0,0.519960880279541
video08,TriClass-Cloud,1970,1,1,0,0,1,0,0.2603893578052521
video08,TriClass-Cloud,1971,1,1,0,0,0,0,0.5053553581237793
video08,TriClass-Cloud,1972,0,0,0,0,0,0,0.0
video08,TriClass-Cloud,1973,1,1,0,0,0,0,0.6040545105934143
video08,TriClass-Cloud,1974,0,0,0,0,0,0,0.0
video08,TriClass-Cloud,1975,1,1,0,0,0,0,0.5916053652763367
video08,TriClass-Cloud,1976,1,1,0,0,0,0,0.6158506274223328
video08,TriClass-Cloud,1977,1,1,0,0,0,0,0.6053623557090759
video08,TriClass-Cloud,1978,1,1,0,0,0,0,0.6187055110931396
video08,TriClass-Cloud,1979,1,1,0,0,0,0,0.6072452068328857
video08,TriClass-Cloud,1980,2,2,0,0,0,0,0.397569477558136
video08,TriClass-Cloud,1981,1,1,0,0,0,0,0.6476552486419678
video08,TriClass-Cloud,1982,1,1,0,0,0,0,0.6954782009124756
video08,TriClass-Cloud,1983,1,1,0,0,0,0,0.8085843324661255
video08,TriClass-Cloud,1984,1,1,0,0,0,0,0.5553497672080994
video08,TriClass-Cloud,1985,1,1,0,0,0,0,0.7768749594688416
video08,TriClass-Cloud,1986,1,1,0,0,0,0,0.7024844288825989
video08,TriClass-Cloud,1987,1,1,0,0,0,0,0.7431145906448364
video08,TriClass-Cloud,1988,1,1,0,0,0,0,0.7292250394821167
video08,TriClass-Cloud,1989,1,1,0,0,0,0,0.7071932554244995
video08,TriClass-Cloud,1990,1,1,0,0,0,0,0.462403804063797
video08,TriClass-Cloud,1991,1,1,0,0,0,0,0.37854188680648804
video08,TriClass-Cloud,1992,1,1,0,0,0,0,0.39730730652809143
video08,TriClass-Cloud,1993,0,0,0,0,0,0,0.0
video08,TriClass-Cloud,1994,1,1,0,0,0,0,0.3609997034072876
video08,TriClass-Cloud,1995,0,0,0,0,0,0,0.0
video08,TriClass-Cloud,1996,1,1,0,0,1,0,0.2920456528663635
video08,TriClass-Cloud,1997,0,0,0,0,0,0,0.0
video08,TriClass-Cloud,1998,2,2,0,0,1,0,0.38550660014152527
video08,TriClass-Cloud,1999,1,1,0,0,0,0,0.41467544436454773
video08,TriClass-Cloud,2000,2,2,0,0,1,0,0.37080633640289307
video08,TriClass-Cloud,2001,1,1,0,0,0,0,0.35048139095306396
video08,TriClass-Cloud,2002,1,1,0,0,0,0,0.39254340529441833
video08,TriClass-Cloud,2003,1,1,0,0,0,0,0.5377277731895447
video08,TriClass-Cloud,2004,0,0,0,0,0,0,0.0
video08,TriClass-Cloud,2005,1,1,0,0,1,0,0.3290567696094513
video08,TriClass-Cloud,2006,0,0,0,0,0,0,0.0
video08,TriClass-Cloud,2007,1,1,0,0,0,0,0.4319877624511719
video08,TriClass-Cloud,2008,1,1,0,0,0,0,0.45847514271736145
video08,TriClass-Cloud,2009,2,2,0,0,0,0,0.36407700181007385
video08,TriClass-Cloud,2010,2,2,0,0,2,0,0.33500975370407104
video08,TriClass-Cloud,2011,2,2,0,0,1,0,0.45203983783721924
video08,TriClass-Cloud,2012,1,1,0,0,0,0,0.5097758173942566
video08,TriClass-Cloud,2013,1,1,0,0,0,0,0.47925493121147156
video08,TriClass-Cloud,2014,0,0,0,0,0,0,0.0
video08,TriClass-Cloud,2015,1,1,0,0,0,0,0.4411507248878479
video08,TriClass-Cloud,2016,0,0,0,0,0,0,0.0
video08,TriClass-Cloud,2017,0,0,0,0,0,0,0.0
video08,TriClass-Cloud,2018,1,1,0,0,0,0,0.4646444022655487
video08,TriClass-Cloud,2019,0,0,0,0,0,0,0.0
video08,TriClass-Cloud,2020,1,1,0,0,0,0,0.35266047716140747
video08,TriClass-Cloud,2021,1,1,0,0,0,0,0.41742825508117676
video08,TriClass-Cloud,2022,1,1,0,0,1,0,0.2940613329410553
video08,TriClass-Cloud,2023,1,1,0,0,0,0,0.37059858441352844
video08,TriClass-Cloud,2024,1,1,0,0,0,0,0.37020036578178406
video08,TriClass-Cloud,2025,1,1,0,0,1,0,0.2782462537288666
video08,TriClass-Cloud,2026,0,0,0,0,0,0,0.0
video08,TriClass-Cloud,2027,1,1,0,0,1,0,0.2766552269458771
video08,TriClass-Cloud,2028,1,1,0,0,1,0,0.28849872946739197
video08,TriClass-Cloud,2029,1,1,0,0,0,0,0.6245697140693665
video08,TriClass-Cloud,2030,1,1,0,0,0,0,0.42553433775901794
video08,TriClass-Cloud,2031,1,1,0,0,0,0,0.6567928194999695
video08,TriClass-Cloud,2032,1,1,0,0,0,0,0.4140110909938812
video08,TriClass-Cloud,2033,2,2,0,0,2,0,0.3420145809650421
video08,TriClass-Cloud,2034,1,1,0,0,0,0,0.38787713646888733
video08,TriClass-Cloud,2035,1,1,0,0,0,0,0.38357362151145935
video08,TriClass-Cloud,2036,1,1,0,0,1,0,0.34650978446006775
video08,TriClass-Cloud,2037,1,1,0,0,1,0,0.32158854603767395
video08,TriClass-Cloud,2038,1,1,0,0,0,0,0.4837122857570648
video08,TriClass-Cloud,2039,2,2,0,0,1,0,0.3611777126789093
video08,TriClass-Cloud,2040,1,1,0,0,1,0,0.32313913106918335
video08,TriClass-Cloud,2041,1,1,0,0,0,0,0.3582121431827545
video08,TriClass-Cloud,2042,0,0,0,0,0,0,0.0
video08,TriClass-Cloud,2043,1,1,0,0,0,0,0.4361850619316101
video08,TriClass-Cloud,2044,0,0,0,0,0,0,0.0
video08,TriClass-Cloud,2045,1,1,0,0,0,0,0.38120877742767334
video08,TriClass-Cloud,2046,1,1,0,0,0,0,0.3725614845752716
video08,TriClass-Cloud,2047,1,1,0,0,0,0,0.4637857675552368
video08,TriClass-Cloud,2048,1,1,0,0,1,0,0.32962697744369507
video08,TriClass-Cloud,2049,1,1,0,0,0,0,0.44526124000549316
video08,TriClass-Cloud,2050,0,0,0,0,0,0,0.0
video08,TriClass-Cloud,2051,1,1,0,0,1,0,0.31174200773239136
video08,TriClass-Cloud,2052,1,1,0,0,0,0,0.4862823486328125
video08,TriClass-Cloud,2053,1,1,0,0,0,0,0.4890056252479553
video08,TriClass-Cloud,2054,1,1,0,0,0,0,0.5009586811065674
video08,TriClass-Cloud,2055,1,1,0,0,1,0,0.2833845913410187
video08,TriClass-Cloud,2056,1,1,0,0,0,0,0.47821497917175293
video08,TriClass-Cloud,2057,1,1,0,0,0,0,0.5230454206466675
video08,TriClass-Cloud,2058,0,0,0,0,0,0,0.0
video08,TriClass-Cloud,2059,0,0,0,0,0,0,0.0
video08,TriClass-Cloud,2060,2,2,0,0,2,0,0.27922990918159485
video08,TriClass-Cloud,2061,1,1,0,0,0,0,0.48224741220474243
video08,TriClass-Cloud,2062,1,1,0,0,1,0,0.3371259570121765
video08,TriClass-Cloud,2063,1,1,0,0,0,0,0.4774074852466583
video08,TriClass-Cloud,2064,0,0,0,0,0,0,0.0
video08,TriClass-Cloud,2065,1,1,0,0,1,0,0.2929556667804718
video08,TriClass-Cloud,2066,1,1,0,0,1,0,0.3315691649913788
video08,TriClass-Cloud,2067,2,2,0,0,1,0,0.3548921048641205
video08,TriClass-Cloud,2068,1,1,0,0,0,0,0.6372054219245911
video08,TriClass-Cloud,2069,2,2,0,0,0,0,0.39462289214134216
video08,TriClass-Cloud,2070,1,1,0,0,0,0,0.44583356380462646
video08,TriClass-Cloud,2071,1,1,0,0,0,0,0.47630584239959717
video08,TriClass-Cloud,2072,1,1,0,0,1,0,0.2651674151420593
video08,TriClass-Cloud,2073,1,1,0,0,0,0,0.38543009757995605
video08,TriClass-Cloud,2074,0,0,0,0,0,0,0.0
video08,TriClass-Cloud,2075,1,1,0,0,0,0,0.5136606097221375
video08,TriClass-Cloud,2076,1,1,0,0,1,0,0.33175283670425415
video08,TriClass-Cloud,2077,1,1,0,0,0,0,0.491192102432251
video08,TriClass-Cloud,2078,0,0,0,0,0,0,0.0
video08,TriClass-Cloud,2079,1,1,0,0,1,0,0.32231640815734863
video08,TriClass-Cloud,2080,1,1,0,0,1,0,0.3112160563468933
video08,TriClass-Cloud,2081,2,2,0,0,2,0,0.33074578642845154
video08,TriClass-Cloud,2082,1,1,0,0,0,0,0.49600717425346375
video08,TriClass-Cloud,2083,1,1,0,0,1,0,0.26050758361816406
video08,TriClass-Cloud,2084,0,0,0,0,0,0,0.0
video08,TriClass-Cloud,2085,1,1,0,0,1,0,0.31083980202674866
video08,TriClass-Cloud,2086,1,1,0,0,0,0,0.5482403635978699
video08,TriClass-Cloud,2087,1,1,0,0,0,0,0.42536160349845886
video08,TriClass-Cloud,2088,0,0,0,0,0,0,0.0
video08,TriClass-Cloud,2089,2,2,0,0,2,0,0.308679461479187
video08,TriClass-Cloud,2090,1,1,0,0,0,0,0.44061025977134705
video08,TriClass-Cloud,2091,1,1,0,0,0,0,0.37285858392715454
video08,TriClass-Cloud,2092,0,0,0,0,0,0,0.0
video08,TriClass-Cloud,2093,1,1,0,0,1,0,0.3025410771369934
video08,TriClass-Cloud,2094,1,1,0,0,1,0,0.3031027019023895
video08,TriClass-Cloud,2095,1,1,0,0,1,0,0.25406724214553833
video08,TriClass-Cloud,2096,1,1,0,0,0,0,0.4490566551685333
video08,TriClass-Cloud,2097,0,0,0,0,0,0,0.0
video08,TriClass-Cloud,2098,1,1,0,0,0,0,0.420571506023407
video08,TriClass-Cloud,2099,0,0,0,0,0,0,0.0
video08,TriClass-Cloud,2100,0,0,0,0,0,0,0.0
video08,TriClass-Cloud,2101,0,0,0,0,0,0,0.0
video08,TriClass-Cloud,2102,1,1,0,0,1,0,0.3376670777797699
video08,TriClass-Cloud,2103,1,1,0,0,0,0,0.3638307452201843
video08,TriClass-Cloud,2104,1,1,0,0,0,0,0.37206774950027466
video08,TriClass-Cloud,2105,2,2,0,0,2,0,0.29969972372055054
video08,TriClass-Cloud,2106,1,1,0,0,0,0,0.35210496187210083
video08,TriClass-Cloud,2107,1,1,0,0,1,0,0.25314778089523315
video08,TriClass-Cloud,2108,1,1,0,0,1,0,0.2923527657985687
video08,TriClass-Cloud,2109,1,1,0,0,1,0,0.34019914269447327
video08,TriClass-Cloud,2110,0,0,0,0,0,0,0.0
video08,TriClass-Cloud,2111,1,1,0,0,1,0,0.297675758600235
video08,TriClass-Cloud,2112,1,1,0,0,0,0,0.37101778388023376
video08,TriClass-Cloud,2113,1,1,0,0,0,0,0.40887200832366943
video08,TriClass-Cloud,2114,2,2,0,0,1,0,0.35992223024368286
video08,TriClass-Cloud,2115,1,1,0,0,0,0,0.5903032422065735
video08,TriClass-Cloud,2116,2,2,0,0,1,0,0.47987574338912964
video08,TriClass-Cloud,2117,2,2,0,0,2,0,0.30128294229507446
video08,TriClass-Cloud,2118,2,2,0,0,0,0,0.42237770557403564
video08,TriClass-Cloud,2119,2,2,0,0,1,0,0.3729977607727051
video08,TriClass-Cloud,2120,2,2,0,0,1,0,0.40320712327957153
video08,TriClass-Cloud,2121,1,1,0,0,0,0,0.4437505900859833
video08,TriClass-Cloud,2122,1,1,0,0,1,0,0.27163776755332947
video08,TriClass-Cloud,2123,1,1,0,0,1,0,0.2749614417552948
video08,TriClass-Cloud,2124,1,1,0,0,0,0,0.6403622031211853
video08,TriClass-Cloud,2125,1,1,0,0,0,0,0.4720897376537323
video08,TriClass-Cloud,2126,1,1,0,0,0,0,0.6957237720489502
video08,TriClass-Cloud,2127,1,1,0,0,0,0,0.6052502989768982
video08,TriClass-Cloud,2128,1,1,0,0,0,0,0.4713454246520996
video08,TriClass-Cloud,2129,1,1,0,0,0,0,0.3994489908218384
video08,TriClass-Cloud,2130,1,1,0,0,0,0,0.44901129603385925
video08,TriClass-Cloud,2131,1,1,0,0,1,0,0.3331476151943207
video08,TriClass-Cloud,2132,1,1,0,0,0,0,0.5182954668998718
video08,TriClass-Cloud,2133,1,1,0,0,0,0,0.5680004358291626
video08,TriClass-Cloud,2134,1,1,0,0,1,0,0.3189980089664459
video08,TriClass-Cloud,2135,1,1,0,0,0,0,0.5764232277870178
video08,TriClass-Cloud,2136,1,1,0,0,0,0,0.6467620134353638
video08,TriClass-Cloud,2137,0,0,0,0,0,0,0.0
video08,TriClass-Cloud,2138,1,1,0,0,1,0,0.2881377637386322
video08,TriClass-Cloud,2139,2,2,0,0,1,0,0.37854376435279846
video08,TriClass-Cloud,2140,2,2,0,0,0,0,0.48770245909690857
video08,TriClass-Cloud,2141,1,1,0,0,0,0,0.6265335083007812
video08,TriClass-Cloud,2142,1,1,0,0,0,0,0.6380943059921265
video08,TriClass-Cloud,2143,1,1,0,0,0,0,0.6571590900421143
video08,TriClass-Cloud,2144,1,1,0,0,0,0,0.44923219084739685
video08,TriClass-Cloud,2145,1,1,0,0,0,0,0.6556519865989685
video08,TriClass-Cloud,2146,1,1,0,0,0,0,0.4123840630054474
video08,TriClass-Cloud,2147,1,1,0,0,0,0,0.6340553164482117
video08,TriClass-Cloud,2148,0,0,0,0,0,0,0.0
video08,TriClass-Cloud,2149,1,1,0,0,0,0,0.35239744186401367
video08,TriClass-Cloud,2150,0,0,0,0,0,0,0.0
video08,TriClass-Cloud,2151,1,1,0,0,1,0,0.2562406659126282
video08,TriClass-Cloud,2152,1,1,0,0,0,0,0.6075549125671387
video08,TriClass-Cloud,2153,1,1,0,0,0,0,0.5341203808784485
video08,TriClass-Cloud,2154,1,1,0,0,0,0,0.45424944162368774
video08,TriClass-Cloud,2155,1,1,0,0,1,0,0.2562643885612488
video08,TriClass-Cloud,2156,1,1,0,0,0,0,0.5473158955574036
video08,TriClass-Cloud,2157,1,1,0,0,0,0,0.5740301012992859
video08,TriClass-Cloud,2158,1,1,0,0,0,0,0.6433782577514648
video08,TriClass-Cloud,2159,1,1,0,0,0,0,0.40725478529930115
video08,TriClass-Cloud,2160,1,1,0,0,0,0,0.4018833339214325
video08,TriClass-Cloud,2161,1,1,0,0,0,0,0.6630539298057556
video08,TriClass-Cloud,2162,1,1,0,0,0,0,0.48603183031082153
video08,TriClass-Cloud,2163,1,1,0,0,0,0,0.5870199799537659
video08,TriClass-Cloud,2164,1,1,0,0,0,0,0.47327038645744324
video08,TriClass-Cloud,2165,1,1,0,0,0,0,0.4619310200214386
video08,TriClass-Cloud,2166,0,0,0,0,0,0,0.0
video08,TriClass-Cloud,2167,1,1,0,0,1,0,0.29414230585098267
video08,TriClass-Cloud,2168,1,1,0,0,0,0,0.48308661580085754
video08,TriClass-Cloud,2169,1,1,0,0,0,0,0.5381247997283936
video08,TriClass-Cloud,2170,1,1,0,0,0,0,0.43150556087493896
video08,TriClass-Cloud,2171,1,1,0,0,1,0,0.25368526577949524
video08,TriClass-Cloud,2172,1,1,0,0,0,0,0.4678811728954315
video08,TriClass-Cloud,2173,1,1,0,0,0,0,0.4547417461872101
video08,TriClass-Cloud,2174,2,2,0,0,2,0,0.3480885326862335
video08,TriClass-Cloud,2175,2,2,0,0,2,0,0.3235447406768799
video08,TriClass-Cloud,2176,1,1,0,0,0,0,0.41470831632614136
video08,TriClass-Cloud,2177,1,1,0,0,0,0,0.402226060628891
video08,TriClass-Cloud,2178,1,1,0,0,0,0,0.6895612478256226
video08,TriClass-Cloud,2179,1,1,0,0,0,0,0.4081060290336609
video08,TriClass-Cloud,2180,1,1,0,0,0,0,0.45820650458335876
video08,TriClass-Cloud,2181,1,1,0,0,0,0,0.41489699482917786
video08,TriClass-Cloud,2182,1,1,0,0,0,0,0.49094894528388977
video08,TriClass-Cloud,2183,1,1,0,0,0,0,0.4422633945941925
video08,TriClass-Cloud,2184,1,1,0,0,0,0,0.3654560148715973
video08,TriClass-Cloud,2185,1,1,0,0,0,0,0.5795412659645081
video08,TriClass-Cloud,2186,1,1,0,0,0,0,0.5613651275634766
video08,TriClass-Cloud,2187,1,1,0,0,0,0,0.4176223874092102
video08,TriClass-Cloud,2188,2,2,0,0,1,0,0.37382861971855164
video08,TriClass-Cloud,2189,1,1,0,0,0,0,0.5498834848403931
video08,TriClass-Cloud,2190,1,1,0,0,0,0,0.5815458297729492
video08,TriClass-Cloud,2191,1,1,0,0,0,0,0.373419851064682
video08,TriClass-Cloud,2192,1,1,0,0,0,0,0.6648671627044678
video08,TriClass-Cloud,2193,1,1,0,0,0,0,0.47232407331466675
video08,TriClass-Cloud,2194,1,1,0,0,0,0,0.5029861330986023
video08,TriClass-Cloud,2195,1,1,0,0,0,0,0.5502651929855347
video08,TriClass-Cloud,2196,1,1,0,0,0,0,0.48145726323127747
video08,TriClass-Cloud,2197,1,1,0,0,0,0,0.3810670077800751
video08,TriClass-Cloud,2198,1,1,0,0,0,0,0.411152184009552
video08,TriClass-Cloud,2199,1,1,0,0,0,0,0.589716374874115
video08,TriClass-Cloud,2200,1,1,0,0,0,0,0.6244089007377625
video08,TriClass-Cloud,2201,1,1,0,0,0,0,0.5874896049499512
video08,TriClass-Cloud,2202,2,2,0,0,1,0,0.4071677327156067
video08,TriClass-Cloud,2203,1,1,0,0,0,0,0.659521222114563
video08,TriClass-Cloud,2204,1,1,0,0,0,0,0.5649047493934631
video08,TriClass-Cloud,2205,1,1,0,0,0,0,0.7000724077224731
video08,TriClass-Cloud,2206,1,1,0,0,0,0,0.6312645077705383
video08,TriClass-Cloud,2207,1,1,0,0,1,0,0.31447556614875793
video08,TriClass-Cloud,2208,1,1,0,0,0,0,0.6206526160240173
video08,TriClass-Cloud,2209,1,1,0,0,0,0,0.37252986431121826
video08,TriClass-Cloud,2210,1,1,0,0,0,0,0.4408380091190338
video08,TriClass-Cloud,2211,1,1,0,0,0,0,0.5846801996231079
video08,TriClass-Cloud,2212,1,1,0,0,0,0,0.5606719851493835
video08,TriClass-Cloud,2213,1,1,0,0,0,0,0.7195770740509033
video08,TriClass-Cloud,2214,1,1,0,0,0,0,0.6751261353492737
video08,TriClass-Cloud,2215,1,1,0,0,0,0,0.7514269948005676
video08,TriClass-Cloud,2216,1,1,0,0,0,0,0.710732638835907
video08,TriClass-Cloud,2217,1,1,0,0,0,0,0.7082502245903015
video08,TriClass-Cloud,2218,1,1,0,0,0,0,0.699276864528656
video08,TriClass-Cloud,2219,1,1,0,0,0,0,0.49667122960090637
video08,TriClass-Cloud,2220,1,1,0,0,0,0,0.6628605723381042
video08,TriClass-Cloud,2221,1,1,0,0,0,0,0.7008140087127686
video08,TriClass-Cloud,2222,1,1,0,0,0,0,0.7227579355239868
video08,TriClass-Cloud,2223,1,1,0,0,0,0,0.747819721698761
video08,TriClass-Cloud,2224,1,1,0,0,0,0,0.7124614119529724
video08,TriClass-Cloud,2225,1,1,0,0,0,0,0.668353259563446
video08,TriClass-Cloud,2226,1,1,0,0,1,0,0.34096118807792664
video08,TriClass-Cloud,2227,1,1,0,0,0,0,0.792864203453064
video08,TriClass-Cloud,2228,1,1,0,0,0,0,0.5170992612838745
video08,TriClass-Cloud,2229,1,1,0,0,0,0,0.7098944783210754
video08,TriClass-Cloud,2230,1,1,0,0,0,0,0.6427528858184814
video08,TriClass-Cloud,2231,2,2,0,0,1,0,0.41418376564979553
video08,TriClass-Cloud,2232,1,1,0,0,0,0,0.3982231318950653
video08,TriClass-Cloud,2233,1,1,0,0,0,0,0.7124803066253662
video08,TriClass-Cloud,2234,2,2,0,0,1,0,0.3862798511981964
video08,TriClass-Cloud,2235,1,1,0,0,1,0,0.29779472947120667
video08,TriClass-Cloud,2236,1,1,0,0,0,0,0.43227776885032654
video08,TriClass-Cloud,2237,1,1,0,0,0,0,0.7094913125038147
video08,TriClass-Cloud,2238,1,1,0,0,0,0,0.5161477327346802
video08,TriClass-Cloud,2239,1,1,0,0,0,0,0.5146026611328125
video08,TriClass-Cloud,2240,1,1,0,0,0,0,0.548278272151947
video08,TriClass-Cloud,2241,1,1,0,0,0,0,0.5311582088470459
video08,TriClass-Cloud,2242,1,1,0,0,0,0,0.429778516292572
video08,TriClass-Cloud,2243,1,1,0,0,0,0,0.4988654553890228
video08,TriClass-Cloud,2244,1,1,0,0,0,0,0.5144617557525635
video08,TriClass-Cloud,2245,1,1,0,0,0,0,0.722449004650116
video08,TriClass-Cloud,2246,1,1,0,0,0,0,0.4640180766582489
video08,TriClass-Cloud,2247,1,1,0,0,0,0,0.6222174167633057
video08,TriClass-Cloud,2248,1,1,0,0,1,0,0.29239457845687866
video08,TriClass-Cloud,2249,1,1,0,0,0,0,0.3691709637641907
video08,TriClass-Cloud,2250,2,2,0,0,2,0,0.2925575077533722
video08,TriClass-Cloud,2251,1,1,0,0,0,0,0.6932148337364197
video08,TriClass-Cloud,2252,1,1,0,0,0,0,0.4414413869380951
video08,TriClass-Cloud,2253,0,0,0,0,0,0,0.0
video08,TriClass-Cloud,2254,1,1,0,0,0,0,0.36014020442962646
video08,TriClass-Cloud,2255,2,2,0,0,0,0,0.6875081062316895
video08,TriClass-Cloud,2256,2,2,0,0,0,0,0.5740863084793091
video08,TriClass-Cloud,2257,1,1,0,0,0,0,0.5266097784042358
video08,TriClass-Cloud,2258,1,1,0,0,0,0,0.44482311606407166
video08,TriClass-Cloud,2259,1,1,0,0,0,0,0.49183085560798645
video08,TriClass-Cloud,2260,1,1,0,0,0,0,0.4839608669281006
video08,TriClass-Cloud,2261,1,1,0,0,1,0,0.3466944396495819
video08,TriClass-Cloud,2262,1,1,0,0,0,0,0.44211775064468384
video08,TriClass-Cloud,2263,2,2,0,0,2,0,0.33322229981422424
video08,TriClass-Cloud,2264,1,1,0,0,0,0,0.41392454504966736
video08,TriClass-Cloud,2265,1,1,0,0,0,0,0.43596017360687256
video08,TriClass-Cloud,2266,1,1,0,0,0,0,0.37975141406059265
video08,TriClass-Cloud,2267,1,1,0,0,0,0,0.5966202020645142
video08,TriClass-Cloud,2268,1,1,0,0,0,0,0.5360862016677856
video08,TriClass-Cloud,2269,1,1,0,0,0,0,0.5982296466827393
video08,TriClass-Cloud,2270,1,1,0,0,0,0,0.6597239971160889
video08,TriClass-Cloud,2271,1,1,0,0,0,0,0.6404960751533508
video08,TriClass-Cloud,2272,1,1,0,0,0,0,0.5001449584960938
video08,TriClass-Cloud,2273,1,1,0,0,0,0,0.55855792760849
video08,TriClass-Cloud,2274,2,2,0,0,1,0,0.4102141857147217
video08,TriClass-Cloud,2275,1,1,0,0,0,0,0.6234947443008423
video08,TriClass-Cloud,2276,1,1,0,0,0,0,0.613860011100769
video08,TriClass-Cloud,2277,1,1,0,0,0,0,0.7455098628997803
video08,TriClass-Cloud,2278,1,1,0,0,0,0,0.7125588655471802
video08,TriClass-Cloud,2279,1,1,0,0,0,0,0.654137372970581
video08,TriClass-Cloud,2280,1,1,0,0,0,0,0.7033767700195312
video08,TriClass-Cloud,2281,1,1,0,0,1,0,0.32017040252685547
video08,TriClass-Cloud,2282,1,1,0,0,0,0,0.5823943018913269
video08,TriClass-Cloud,2283,1,1,0,0,0,0,0.4555015563964844
video08,TriClass-Cloud,2284,1,1,0,0,0,0,0.6322845816612244
video08,TriClass-Cloud,2285,1,1,0,0,0,0,0.6621193289756775
video08,TriClass-Cloud,2286,1,1,0,0,0,0,0.6493850350379944
video08,TriClass-Cloud,2287,1,1,0,0,0,0,0.46240073442459106
video08,TriClass-Cloud,2288,1,1,0,0,0,0,0.37258902192115784
video08,TriClass-Cloud,2289,1,1,0,0,0,0,0.6547371745109558
video08,TriClass-Cloud,2290,1,1,0,0,0,0,0.5922226309776306
video08,TriClass-Cloud,2291,1,1,0,0,0,0,0.6577008366584778
video08,TriClass-Cloud,2292,1,1,0,0,0,0,0.7169832587242126
video08,TriClass-Cloud,2293,1,1,0,0,0,0,0.643610954284668
video08,TriClass-Cloud,2294,1,1,0,0,0,0,0.7320416569709778
video08,TriClass-Cloud,2295,1,1,0,0,0,0,0.7528221011161804
video08,TriClass-Cloud,2296,1,1,0,0,0,0,0.6988730430603027
video08,TriClass-Cloud,2297,1,1,0,0,0,0,0.6047390699386597
video08,TriClass-Cloud,2298,2,2,0,0,1,0,0.360126256942749
video08,TriClass-Cloud,2299,1,1,0,0,0,0,0.6951919198036194
video08,TriClass-Cloud,2300,1,1,0,0,0,0,0.7830740809440613
video08,TriClass-Cloud,2301,1,1,0,0,0,0,0.7103776335716248
video08,TriClass-Cloud,2302,1,1,0,0,0,0,0.7376447319984436
video08,TriClass-Cloud,2303,1,1,0,0,0,0,0.7843371629714966
video08,TriClass-Cloud,2304,1,1,0,0,0,0,0.7750316858291626
