video,model,frame,detections,drone_det,bird_det,false_class,low_conf_fp,tp_iou,max_conf
video09,TriClass-Cloud-FT,0,1,1,0,0,0,1,0.9244827628135681
video09,TriClass-Cloud-FT,1,1,1,0,0,0,0,0.9150485396385193
video09,TriClass-Cloud-FT,2,1,1,0,0,0,0,0.9136444330215454
video09,TriClass-Cloud-FT,3,1,1,0,0,0,0,0.9028536081314087
video09,TriClass-Cloud-FT,4,1,1,0,0,0,0,0.9022434949874878
video09,TriClass-Cloud-FT,5,1,1,0,0,0,0,0.8928965926170349
video09,TriClass-Cloud-FT,6,1,1,0,0,0,0,0.9102028608322144
video09,TriClass-Cloud-FT,7,1,1,0,0,0,0,0.9074010848999023
video09,TriClass-Cloud-FT,8,1,1,0,0,0,0,0.9097176194190979
video09,TriClass-Cloud-FT,9,1,1,0,0,0,0,0.9120533466339111
video09,TriClass-Cloud-FT,10,1,1,0,0,0,0,0.9187449216842651
video09,TriClass-Cloud-FT,11,1,1,0,0,0,0,0.9244984984397888
video09,TriClass-Cloud-FT,12,1,1,0,0,0,0,0.9275253415107727
video09,TriClass-Cloud-FT,13,1,1,0,0,0,0,0.9331372380256653
video09,TriClass-Cloud-FT,14,1,1,0,0,0,0,0.9332244396209717
video09,TriClass-Cloud-FT,15,1,1,0,0,0,0,0.932399570941925
video09,TriClass-Cloud-FT,16,1,1,0,0,0,0,0.9216215014457703
video09,TriClass-Cloud-FT,17,1,1,0,0,0,0,0.9118062853813171
video09,TriClass-Cloud-FT,18,1,1,0,0,0,0,0.9038187861442566
video09,TriClass-Cloud-FT,19,1,1,0,0,0,0,0.8741529583930969
video09,TriClass-Cloud-FT,20,1,1,0,0,0,0,0.9100484251976013
video09,TriClass-Cloud-FT,21,1,1,0,0,0,0,0.9056368470191956
video09,TriClass-Cloud-FT,22,1,1,0,0,0,0,0.9151542782783508
video09,TriClass-Cloud-FT,23,1,1,0,0,0,0,0.922429621219635
video09,TriClass-Cloud-FT,24,1,1,0,0,0,0,0.9246818423271179
video09,TriClass-Cloud-FT,25,1,1,0,0,0,0,0.9325939416885376
video09,TriClass-Cloud-FT,26,1,1,0,0,0,0,0.9319170117378235
video09,TriClass-Cloud-FT,27,1,1,0,0,0,0,0.9386770725250244
video09,TriClass-Cloud-FT,28,1,1,0,0,0,0,0.9288780689239502
video09,TriClass-Cloud-FT,29,1,1,0,0,0,0,0.9207809567451477
video09,TriClass-Cloud-FT,30,1,1,0,0,0,0,0.9187719821929932
video09,TriClass-Cloud-FT,31,1,1,0,0,0,0,0.9019812941551208
video09,TriClass-Cloud-FT,32,1,1,0,0,0,0,0.9049925208091736
video09,TriClass-Cloud-FT,33,1,1,0,0,0,0,0.9134975671768188
video09,TriClass-Cloud-FT,34,1,1,0,0,0,0,0.9097513556480408
video09,TriClass-Cloud-FT,35,1,1,0,0,0,0,0.9061298966407776
video09,TriClass-Cloud-FT,36,1,1,0,0,0,0,0.9102834463119507
video09,TriClass-Cloud-FT,37,1,1,0,0,0,0,0.9146255254745483
video09,TriClass-Cloud-FT,38,1,1,0,0,0,0,0.9198394417762756
video09,TriClass-Cloud-FT,39,1,1,0,0,0,0,0.9260340332984924
video09,TriClass-Cloud-FT,40,1,1,0,0,0,0,0.9278769493103027
video09,TriClass-Cloud-FT,41,1,1,0,0,0,0,0.9321139454841614
video09,TriClass-Cloud-FT,42,1,1,0,0,0,0,0.9335845112800598
video09,TriClass-Cloud-FT,43,1,1,0,0,0,0,0.9371894001960754
video09,TriClass-Cloud-FT,44,1,1,0,0,0,0,0.930689811706543
video09,TriClass-Cloud-FT,45,1,1,0,0,0,0,0.9298517107963562
video09,TriClass-Cloud-FT,46,1,1,0,0,0,0,0.9230068325996399
video09,TriClass-Cloud-FT,47,1,1,0,0,0,0,0.9168964624404907
video09,TriClass-Cloud-FT,48,1,1,0,0,0,0,0.9135106205940247
video09,TriClass-Cloud-FT,49,1,1,0,0,0,0,0.8997108340263367
video09,TriClass-Cloud-FT,50,1,1,0,0,0,0,0.9009490013122559
video09,TriClass-Cloud-FT,51,1,1,0,0,0,0,0.9008023142814636
video09,TriClass-Cloud-FT,52,1,1,0,0,0,0,0.9211384654045105
video09,TriClass-Cloud-FT,53,1,1,0,0,0,0,0.9087218642234802
video09,TriClass-Cloud-FT,54,1,1,0,0,0,0,0.9124506711959839
video09,TriClass-Cloud-FT,55,1,1,0,0,0,0,0.9087739586830139
video09,TriClass-Cloud-FT,56,1,1,0,0,0,0,0.9100968241691589
video09,TriClass-Cloud-FT,57,1,1,0,0,0,0,0.9068663716316223
video09,TriClass-Cloud-FT,58,1,1,0,0,0,0,0.9097133874893188
video09,TriClass-Cloud-FT,59,1,1,0,0,0,0,0.9152088165283203
video09,TriClass-Cloud-FT,60,1,1,0,0,0,0,0.9191212058067322
video09,TriClass-Cloud-FT,61,1,1,0,0,0,0,0.9281891584396362
video09,TriClass-Cloud-FT,62,1,1,0,0,0,0,0.9287083148956299
video09,TriClass-Cloud-FT,63,1,1,0,0,0,0,0.9300994873046875
video09,TriClass-Cloud-FT,64,1,1,0,0,0,0,0.9287533760070801
video09,TriClass-Cloud-FT,65,1,1,0,0,0,0,0.9300677180290222
video09,TriClass-Cloud-FT,66,1,1,0,0,0,0,0.9269261956214905
video09,TriClass-Cloud-FT,67,1,1,0,0,0,0,0.9151943325996399
video09,TriClass-Cloud-FT,68,1,1,0,0,0,0,0.9150366187095642
video09,TriClass-Cloud-FT,69,1,1,0,0,0,0,0.9019016623497009
video09,TriClass-Cloud-FT,70,1,1,0,0,0,0,0.9028330445289612
video09,TriClass-Cloud-FT,71,1,1,0,0,0,0,0.9068355560302734
video09,TriClass-Cloud-FT,72,1,1,0,0,0,0,0.8515149354934692
video09,TriClass-Cloud-FT,73,1,1,0,0,0,0,0.91412353515625
video09,TriClass-Cloud-FT,74,1,1,0,0,0,0,0.9134196043014526
video09,TriClass-Cloud-FT,75,1,1,0,0,0,0,0.9109894037246704
video09,TriClass-Cloud-FT,76,1,1,0,0,0,0,0.912054717540741
video09,TriClass-Cloud-FT,77,1,1,0,0,0,0,0.9045006036758423
video09,TriClass-Cloud-FT,78,1,1,0,0,0,0,0.9077673554420471
video09,TriClass-Cloud-FT,79,1,1,0,0,0,0,0.909187376499176
video09,TriClass-Cloud-FT,80,1,1,0,0,0,0,0.9163674116134644
video09,TriClass-Cloud-FT,81,1,1,0,0,0,0,0.9111140370368958
video09,TriClass-Cloud-FT,82,1,1,0,0,0,0,0.9169705510139465
video09,TriClass-Cloud-FT,83,1,1,0,0,0,0,0.922991156578064
video09,TriClass-Cloud-FT,84,1,1,0,0,0,0,0.9266735911369324
video09,TriClass-Cloud-FT,85,1,1,0,0,0,0,0.9232898354530334
video09,TriClass-Cloud-FT,86,1,1,0,0,0,0,0.9236527681350708
video09,TriClass-Cloud-FT,87,1,1,0,0,0,0,0.9208279252052307
video09,TriClass-Cloud-FT,88,1,1,0,0,0,0,0.9123472571372986
video09,TriClass-Cloud-FT,89,1,1,0,0,0,0,0.9052326083183289
video09,TriClass-Cloud-FT,90,1,1,0,0,0,0,0.9028167724609375
video09,TriClass-Cloud-FT,91,1,1,0,0,0,0,0.9250386953353882
video09,TriClass-Cloud-FT,92,1,1,0,0,0,0,0.9237532615661621
video09,TriClass-Cloud-FT,93,1,1,0,0,0,0,0.9175862073898315
video09,TriClass-Cloud-FT,94,1,1,0,0,0,0,0.9159007668495178
video09,TriClass-Cloud-FT,95,1,1,0,0,0,0,0.9085740447044373
video09,TriClass-Cloud-FT,96,1,1,0,0,0,0,0.9075267910957336
video09,TriClass-Cloud-FT,97,1,1,0,0,0,0,0.9077965021133423
video09,TriClass-Cloud-FT,98,1,1,0,0,0,0,0.9142858982086182
video09,TriClass-Cloud-FT,99,1,1,0,0,0,0,0.9161650538444519
video09,TriClass-Cloud-FT,100,1,1,0,0,0,0,0.9206769466400146
video09,TriClass-Cloud-FT,101,1,1,0,0,0,0,0.9242726564407349
video09,TriClass-Cloud-FT,102,1,1,0,0,0,0,0.9303678870201111
video09,TriClass-Cloud-FT,103,1,1,0,0,0,0,0.9288884997367859
video09,TriClass-Cloud-FT,104,1,1,0,0,0,0,0.9256196618080139
video09,TriClass-Cloud-FT,105,1,1,0,0,0,0,0.9223127365112305
video09,TriClass-Cloud-FT,106,1,1,0,0,0,0,0.9151797294616699
video09,TriClass-Cloud-FT,107,1,1,0,0,0,0,0.9131795763969421
video09,TriClass-Cloud-FT,108,1,1,0,0,0,0,0.9051215648651123
video09,TriClass-Cloud-FT,109,1,1,0,0,0,0,0.9041788578033447
video09,TriClass-Cloud-FT,110,1,1,0,0,0,0,0.9247849583625793
video09,TriClass-Cloud-FT,111,1,1,0,0,0,0,0.9273498058319092
video09,TriClass-Cloud-FT,112,1,1,0,0,0,0,0.9226568937301636
video09,TriClass-Cloud-FT,113,1,1,0,0,0,0,0.9173604249954224
video09,TriClass-Cloud-FT,114,1,1,0,0,0,0,0.9118650555610657
video09,TriClass-Cloud-FT,115,1,1,0,0,0,0,0.9126502275466919
video09,TriClass-Cloud-FT,116,1,1,0,0,0,0,0.9149040579795837
video09,TriClass-Cloud-FT,117,1,1,0,0,0,0,0.9197462201118469
video09,TriClass-Cloud-FT,118,1,1,0,0,0,0,0.9179043173789978
video09,TriClass-Cloud-FT,119,1,1,0,0,0,0,0.9211045503616333
video09,TriClass-Cloud-FT,120,1,1,0,0,0,0,0.9257117509841919
video09,TriClass-Cloud-FT,121,1,1,0,0,0,0,0.9282433986663818
video09,TriClass-Cloud-FT,122,1,1,0,0,0,0,0.932137131690979
video09,TriClass-Cloud-FT,123,1,1,0,0,0,0,0.9309853315353394
video09,TriClass-Cloud-FT,124,1,1,0,0,0,0,0.9323379397392273
video09,TriClass-Cloud-FT,125,1,1,0,0,0,0,0.9326002597808838
video09,TriClass-Cloud-FT,126,1,1,0,0,0,0,0.9317041039466858
video09,TriClass-Cloud-FT,127,1,1,0,0,0,0,0.931159496307373
video09,TriClass-Cloud-FT,128,1,1,0,0,0,0,0.9331695437431335
video09,TriClass-Cloud-FT,129,1,1,0,0,0,0,0.928049623966217
video09,TriClass-Cloud-FT,130,1,1,0,0,0,0,0.9274437427520752
video09,TriClass-Cloud-FT,131,1,1,0,0,0,0,0.9192026257514954
video09,TriClass-Cloud-FT,132,1,1,0,0,0,0,0.9134731292724609
video09,TriClass-Cloud-FT,133,1,1,0,0,0,0,0.9088829755783081
video09,TriClass-Cloud-FT,134,2,2,0,0,0,0,0.7295114994049072
video09,TriClass-Cloud-FT,135,1,1,0,0,0,0,0.9277031421661377
video09,TriClass-Cloud-FT,136,1,1,0,0,0,0,0.9158908128738403
video09,TriClass-Cloud-FT,137,1,1,0,0,0,0,0.9163455367088318
video09,TriClass-Cloud-FT,138,1,1,0,0,0,0,0.9131186008453369
video09,TriClass-Cloud-FT,139,1,1,0,0,0,0,0.9120016098022461
video09,TriClass-Cloud-FT,140,1,1,0,0,0,0,0.919363260269165
video09,TriClass-Cloud-FT,141,1,1,0,0,0,0,0.9228361248970032
video09,TriClass-Cloud-FT,142,1,1,0,0,0,0,0.9268116354942322
video09,TriClass-Cloud-FT,143,1,1,0,0,0,0,0.9206168055534363
video09,TriClass-Cloud-FT,144,1,1,0,0,0,0,0.9230220317840576
video09,TriClass-Cloud-FT,145,1,1,0,0,0,0,0.9224384427070618
video09,TriClass-Cloud-FT,146,1,1,0,0,0,0,0.9168302416801453
video09,TriClass-Cloud-FT,147,1,1,0,0,0,0,0.9184375405311584
video09,TriClass-Cloud-FT,148,1,1,0,0,0,0,0.9106112122535706
video09,TriClass-Cloud-FT,149,1,1,0,0,0,0,0.9106075763702393
video09,TriClass-Cloud-FT,150,1,1,0,0,0,0,0.8910601735115051
video09,TriClass-Cloud-FT,151,1,1,0,0,0,0,0.8887125849723816
video09,TriClass-Cloud-FT,152,1,1,0,0,0,0,0.8720002770423889
video09,TriClass-Cloud-FT,153,1,1,0,0,0,0,0.8754813075065613
video09,TriClass-Cloud-FT,154,1,1,0,0,0,0,0.8629753589630127
video09,TriClass-Cloud-FT,155,1,1,0,0,0,0,0.8562697172164917
video09,TriClass-Cloud-FT,156,1,1,0,0,0,0,0.8549846410751343
video09,TriClass-Cloud-FT,157,1,1,0,0,0,0,0.8104605078697205
video09,TriClass-Cloud-FT,158,1,1,0,0,0,0,0.812353253364563
video09,TriClass-Cloud-FT,159,1,1,0,0,0,0,0.7804344296455383
video09,TriClass-Cloud-FT,160,1,1,0,0,0,0,0.7614803314208984
video09,TriClass-Cloud-FT,161,1,1,0,0,0,0,0.7204931378364563
video09,TriClass-Cloud-FT,162,1,1,0,0,1,0,0.3026733994483948
video09,TriClass-Cloud-FT,163,0,0,0,0,0,0,0.0
video09,TriClass-Cloud-FT,164,1,1,0,0,1,0,0.33841225504875183
video09,TriClass-Cloud-FT,165,1,1,0,0,0,0,0.3602706491947174
video09,TriClass-Cloud-FT,166,1,1,0,0,1,0,0.3403265178203583
video09,TriClass-Cloud-FT,167,1,1,0,0,1,0,0.33281993865966797
video09,TriClass-Cloud-FT,168,1,1,0,0,1,0,0.27759671211242676
video09,TriClass-Cloud-FT,169,1,1,0,0,1,0,0.3070521354675293
video09,TriClass-Cloud-FT,170,1,1,0,0,1,0,0.33341893553733826
video09,TriClass-Cloud-FT,171,1,1,0,0,0,0,0.35087868571281433
video09,TriClass-Cloud-FT,172,1,1,0,0,0,0,0.3509753346443176
video09,TriClass-Cloud-FT,173,1,1,0,0,0,0,0.3767906129360199
video09,TriClass-Cloud-FT,174,1,1,0,0,0,0,0.36668848991394043
video09,TriClass-Cloud-FT,175,1,1,0,0,0,0,0.3849751353263855
video09,TriClass-Cloud-FT,176,1,1,0,0,1,0,0.33688420057296753
video09,TriClass-Cloud-FT,177,1,1,0,0,0,0,0.37057390809059143
video09,TriClass-Cloud-FT,178,1,1,0,0,0,0,0.382257878780365
video09,TriClass-Cloud-FT,179,1,1,0,0,0,0,0.383903831243515
video09,TriClass-Cloud-FT,180,1,1,0,0,1,0,0.3343610167503357
video09,TriClass-Cloud-FT,181,1,1,0,0,0,0,0.3525111675262451
video09,TriClass-Cloud-FT,182,1,1,0,0,1,0,0.33868497610092163
video09,TriClass-Cloud-FT,183,1,1,0,0,0,0,0.37689831852912903
video09,TriClass-Cloud-FT,184,1,1,0,0,0,0,0.4248388409614563
video09,TriClass-Cloud-FT,185,1,1,0,0,0,0,0.38181793689727783
video09,TriClass-Cloud-FT,186,1,1,0,0,0,0,0.4290487766265869
video09,TriClass-Cloud-FT,187,1,1,0,0,1,0,0.2684064507484436
video09,TriClass-Cloud-FT,188,1,1,0,0,1,0,0.27056923508644104
video09,TriClass-Cloud-FT,189,1,1,0,0,1,0,0.26600390672683716
video09,TriClass-Cloud-FT,190,1,1,0,0,1,0,0.26487216353416443
video09,TriClass-Cloud-FT,191,0,0,0,0,0,0,0.0
video09,TriClass-Cloud-FT,192,0,0,0,0,0,0,0.0
video09,TriClass-Cloud-FT,193,0,0,0,0,0,0,0.0
video09,TriClass-Cloud-FT,194,0,0,0,0,0,0,0.0
video09,TriClass-Cloud-FT,195,0,0,0,0,0,0,0.0
video09,TriClass-Cloud-FT,196,0,0,0,0,0,0,0.0
video09,TriClass-Cloud-FT,197,0,0,0,0,0,0,0.0
video09,TriClass-Cloud-FT,198,0,0,0,0,0,0,0.0
video09,TriClass-Cloud-FT,199,0,0,0,0,0,0,0.0
video09,TriClass-Cloud-FT,200,0,0,0,0,0,0,0.0
video09,TriClass-Cloud-FT,201,0,0,0,0,0,0,0.0
video09,TriClass-Cloud-FT,202,0,0,0,0,0,0,0.0
video09,TriClass-Cloud-FT,203,0,0,0,0,0,0,0.0
video09,TriClass-Cloud-FT,204,0,0,0,0,0,0,0.0
video09,TriClass-Cloud-FT,205,0,0,0,0,0,0,0.0
video09,TriClass-Cloud-FT,206,0,0,0,0,0,0,0.0
video09,TriClass-Cloud-FT,207,0,0,0,0,0,0,0.0
video09,TriClass-Cloud-FT,208,0,0,0,0,0,0,0.0
video09,TriClass-Cloud-FT,209,0,0,0,0,0,0,0.0
video09,TriClass-Cloud-FT,210,0,0,0,0,0,0,0.0
video09,TriClass-Cloud-FT,211,0,0,0,0,0,0,0.0
video09,TriClass-Cloud-FT,212,0,0,0,0,0,0,0.0
video09,TriClass-Cloud-FT,213,0,0,0,0,0,0,0.0
video09,TriClass-Cloud-FT,214,0,0,0,0,0,0,0.0
video09,TriClass-Cloud-FT,215,0,0,0,0,0,0,0.0
video09,TriClass-Cloud-FT,216,0,0,0,0,0,0,0.0
video09,TriClass-Cloud-FT,217,0,0,0,0,0,0,0.0
video09,TriClass-Cloud-FT,218,0,0,0,0,0,0,0.0
video09,TriClass-Cloud-FT,219,0,0,0,0,0,0,0.0
video09,TriClass-Cloud-FT,220,0,0,0,0,0,0,0.0
video09,TriClass-Cloud-FT,221,0,0,0,0,0,0,0.0
video09,TriClass-Cloud-FT,222,0,0,0,0,0,0,0.0
video09,TriClass-Cloud-FT,223,0,0,0,0,0,0,0.0
video09,TriClass-Cloud-FT,224,0,0,0,0,0,0,0.0
video09,TriClass-Cloud-FT,225,0,0,0,0,0,0,0.0
video09,TriClass-Cloud-FT,226,0,0,0,0,0,0,0.0
video09,TriClass-Cloud-FT,227,0,0,0,0,0,0,0.0
video09,TriClass-Cloud-FT,228,0,0,0,0,0,0,0.0
video09,TriClass-Cloud-FT,229,0,0,0,0,0,0,0.0
video09,TriClass-Cloud-FT,230,0,0,0,0,0,0,0.0
video09,TriClass-Cloud-FT,231,0,0,0,0,0,0,0.0
video09,TriClass-Cloud-FT,232,0,0,0,0,0,0,0.0
video09,TriClass-Cloud-FT,233,0,0,0,0,0,0,0.0
video09,TriClass-Cloud-FT,234,0,0,0,0,0,0,0.0
video09,TriClass-Cloud-FT,235,0,0,0,0,0,0,0.0
video09,TriClass-Cloud-FT,236,0,0,0,0,0,0,0.0
video09,TriClass-Cloud-FT,237,0,0,0,0,0,0,0.0
video09,TriClass-Cloud-FT,238,0,0,0,0,0,0,0.0
video09,TriClass-Cloud-FT,239,0,0,0,0,0,0,0.0
video09,TriClass-Cloud-FT,240,0,0,0,0,0,0,0.0
video09,TriClass-Cloud-FT,241,0,0,0,0,0,0,0.0
video09,TriClass-Cloud-FT,242,0,0,0,0,0,0,0.0
video09,TriClass-Cloud-FT,243,0,0,0,0,0,0,0.0
video09,TriClass-Cloud-FT,244,0,0,0,0,0,0,0.0
video09,TriClass-Cloud-FT,245,1,1,0,0,1,0,0.26427918672561646
video09,TriClass-Cloud-FT,246,1,1,0,0,1,0,0.30213573575019836
video09,TriClass-Cloud-FT,247,0,0,0,0,0,0,0.0
video09,TriClass-Cloud-FT,248,1,1,0,0,0,0,0.3519415855407715
video09,TriClass-Cloud-FT,249,0,0,0,0,0,0,0.0
video09,TriClass-Cloud-FT,250,1,1,0,0,1,0,0.3365481197834015
video09,TriClass-Cloud-FT,251,1,1,0,0,1,0,0.29221251606941223
video09,TriClass-Cloud-FT,252,0,0,0,0,0,0,0.0
video09,TriClass-Cloud-FT,253,0,0,0,0,0,0,0.0
video09,TriClass-Cloud-FT,254,0,0,0,0,0,0,0.0
video09,TriClass-Cloud-FT,255,0,0,0,0,0,0,0.0
video09,TriClass-Cloud-FT,256,0,0,0,0,0,0,0.0
video09,TriClass-Cloud-FT,257,1,1,0,0,1,0,0.3416709005832672
video09,TriClass-Cloud-FT,258,0,0,0,0,0,0,0.0
video09,TriClass-Cloud-FT,259,1,1,0,0,1,0,0.3069843649864197
video09,TriClass-Cloud-FT,260,1,1,0,0,0,0,0.3657083511352539
video09,TriClass-Cloud-FT,261,1,1,0,0,0,0,0.38861730694770813
video09,TriClass-Cloud-FT,262,1,1,0,0,0,0,0.4408411383628845
video09,TriClass-Cloud-FT,263,1,1,0,0,1,0,0.343274861574173
video09,TriClass-Cloud-FT,264,1,1,0,0,0,0,0.4701782464981079
video09,TriClass-Cloud-FT,265,1,1,0,0,0,0,0.40689677000045776
video09,TriClass-Cloud-FT,266,1,1,0,0,1,0,0.28162628412246704
video09,TriClass-Cloud-FT,267,1,1,0,0,0,0,0.5036987662315369
video09,TriClass-Cloud-FT,268,1,1,0,0,0,0,0.4906374514102936
video09,TriClass-Cloud-FT,269,1,1,0,0,0,0,0.5633371472358704
video09,TriClass-Cloud-FT,270,1,1,0,0,0,0,0.7441853284835815
video09,TriClass-Cloud-FT,271,1,1,0,0,0,0,0.7735349535942078
video09,TriClass-Cloud-FT,272,1,1,0,0,0,0,0.7879924178123474
video09,TriClass-Cloud-FT,273,1,1,0,0,0,0,0.7803961634635925
video09,TriClass-Cloud-FT,274,1,1,0,0,0,0,0.7433960437774658
video09,TriClass-Cloud-FT,275,1,1,0,0,0,0,0.822064995765686
video09,TriClass-Cloud-FT,276,1,1,0,0,0,0,0.723841667175293
video09,TriClass-Cloud-FT,277,1,1,0,0,0,0,0.7875133752822876
video09,TriClass-Cloud-FT,278,1,1,0,0,0,0,0.7032832503318787
video09,TriClass-Cloud-FT,279,1,1,0,0,0,0,0.7695875763893127
video09,TriClass-Cloud-FT,280,1,1,0,0,0,0,0.7597187757492065
video09,TriClass-Cloud-FT,281,1,1,0,0,0,0,0.7760081887245178
video09,TriClass-Cloud-FT,282,1,1,0,0,0,0,0.7936747074127197
video09,TriClass-Cloud-FT,283,1,1,0,0,0,0,0.7868460416793823
video09,TriClass-Cloud-FT,284,1,1,0,0,0,0,0.808904767036438
video09,TriClass-Cloud-FT,285,1,1,0,0,0,0,0.7796326279640198
video09,TriClass-Cloud-FT,286,1,1,0,0,0,0,0.7123439311981201
video09,TriClass-Cloud-FT,287,1,1,0,0,0,0,0.7782493233680725
video09,TriClass-Cloud-FT,288,1,1,0,0,0,0,0.7990198135375977
video09,TriClass-Cloud-FT,289,1,1,0,0,0,0,0.8394226431846619
video09,TriClass-Cloud-FT,290,1,1,0,0,0,0,0.8056933879852295
video09,TriClass-Cloud-FT,291,1,1,0,0,0,0,0.8369224667549133
video09,TriClass-Cloud-FT,292,1,1,0,0,0,0,0.855439305305481
video09,TriClass-Cloud-FT,293,1,1,0,0,0,0,0.8692652583122253
video09,TriClass-Cloud-FT,294,1,1,0,0,0,0,0.8701360821723938
video09,TriClass-Cloud-FT,295,1,1,0,0,0,0,0.8756943345069885
video09,TriClass-Cloud-FT,296,1,1,0,0,0,0,0.8644281029701233
video09,TriClass-Cloud-FT,297,1,1,0,0,0,0,0.8731903433799744
video09,TriClass-Cloud-FT,298,1,1,0,0,0,0,0.9034229516983032
video09,TriClass-Cloud-FT,299,1,1,0,0,0,0,0.8807695508003235
video09,TriClass-Cloud-FT,300,1,1,0,0,0,0,0.8868198394775391
video09,TriClass-Cloud-FT,301,1,1,0,0,0,0,0.8995428681373596
video09,TriClass-Cloud-FT,302,1,1,0,0,0,0,0.9160827994346619
video09,TriClass-Cloud-FT,303,1,1,0,0,0,0,0.9128124713897705
video09,TriClass-Cloud-FT,304,1,1,0,0,0,0,0.9160745143890381
video09,TriClass-Cloud-FT,305,1,1,0,0,0,0,0.920515775680542
video09,TriClass-Cloud-FT,306,1,1,0,0,0,0,0.9218413829803467
video09,TriClass-Cloud-FT,307,1,1,0,0,0,0,0.9091018438339233
video09,TriClass-Cloud-FT,308,1,1,0,0,0,0,0.9221404790878296
video09,TriClass-Cloud-FT,309,1,1,0,0,0,0,0.910821259021759
video09,TriClass-Cloud-FT,310,1,1,0,0,0,0,0.9203149080276489
video09,TriClass-Cloud-FT,311,1,1,0,0,0,0,0.9177237153053284
video09,TriClass-Cloud-FT,312,1,1,0,0,0,0,0.920110821723938
video09,TriClass-Cloud-FT,313,1,1,0,0,0,0,0.9158945679664612
video09,TriClass-Cloud-FT,314,1,1,0,0,0,0,0.9177008271217346
video09,TriClass-Cloud-FT,315,1,1,0,0,0,0,0.9088181853294373
video09,TriClass-Cloud-FT,316,1,1,0,0,0,0,0.8949072957038879
video09,TriClass-Cloud-FT,317,1,1,0,0,0,0,0.8775327801704407
video09,TriClass-Cloud-FT,318,1,1,0,0,0,0,0.8186702728271484
video09,TriClass-Cloud-FT,319,1,1,0,0,0,0,0.8918651342391968
video09,TriClass-Cloud-FT,320,1,1,0,0,0,0,0.9023573398590088
video09,TriClass-Cloud-FT,321,1,1,0,0,0,0,0.8973709940910339
video09,TriClass-Cloud-FT,322,1,1,0,0,0,0,0.911168098449707
video09,TriClass-Cloud-FT,323,1,1,0,0,0,0,0.9221189022064209
video09,TriClass-Cloud-FT,324,1,1,0,0,0,0,0.9302300214767456
video09,TriClass-Cloud-FT,325,1,1,0,0,0,0,0.9325792193412781
video09,TriClass-Cloud-FT,326,1,1,0,0,0,0,0.9150127172470093
video09,TriClass-Cloud-FT,327,1,1,0,0,0,0,0.9108383655548096
video09,TriClass-Cloud-FT,328,1,1,0,0,0,0,0.9100247621536255
video09,TriClass-Cloud-FT,329,1,1,0,0,0,0,0.8873880505561829
video09,TriClass-Cloud-FT,330,1,1,0,0,0,0,0.8751344084739685
video09,TriClass-Cloud-FT,331,1,1,0,0,0,0,0.8622031211853027
video09,TriClass-Cloud-FT,332,1,1,0,0,0,0,0.84925377368927
video09,TriClass-Cloud-FT,333,1,1,0,0,0,0,0.8484092950820923
video09,TriClass-Cloud-FT,334,1,1,0,0,0,0,0.8475462794303894
video09,TriClass-Cloud-FT,335,1,1,0,0,0,0,0.8374865651130676
video09,TriClass-Cloud-FT,336,1,1,0,0,0,0,0.8106698393821716
video09,TriClass-Cloud-FT,337,1,1,0,0,0,0,0.8277608752250671
video09,TriClass-Cloud-FT,338,1,1,0,0,0,0,0.8258653879165649
video09,TriClass-Cloud-FT,339,1,1,0,0,0,0,0.799051821231842
video09,TriClass-Cloud-FT,340,1,1,0,0,0,0,0.7970191836357117
video09,TriClass-Cloud-FT,341,1,1,0,0,0,0,0.739532470703125
video09,TriClass-Cloud-FT,342,1,1,0,0,0,0,0.6662073731422424
video09,TriClass-Cloud-FT,343,1,1,0,0,0,0,0.7503995299339294
video09,TriClass-Cloud-FT,344,1,1,0,0,0,0,0.6582900881767273
video09,TriClass-Cloud-FT,345,1,1,0,0,0,0,0.4999375343322754
video09,TriClass-Cloud-FT,346,1,1,0,0,0,0,0.45032280683517456
video09,TriClass-Cloud-FT,347,1,1,0,0,1,0,0.28556132316589355
video09,TriClass-Cloud-FT,348,0,0,0,0,0,0,0.0
video09,TriClass-Cloud-FT,349,0,0,0,0,0,0,0.0
video09,TriClass-Cloud-FT,350,0,0,0,0,0,0,0.0
video09,TriClass-Cloud-FT,351,0,0,0,0,0,0,0.0
video09,TriClass-Cloud-FT,352,0,0,0,0,0,0,0.0
video09,TriClass-Cloud-FT,353,0,0,0,0,0,0,0.0
video09,TriClass-Cloud-FT,354,0,0,0,0,0,0,0.0
video09,TriClass-Cloud-FT,355,0,0,0,0,0,0,0.0
video09,TriClass-Cloud-FT,356,0,0,0,0,0,0,0.0
video09,TriClass-Cloud-FT,357,0,0,0,0,0,0,0.0
video09,TriClass-Cloud-FT,358,0,0,0,0,0,0,0.0
video09,TriClass-Cloud-FT,359,0,0,0,0,0,0,0.0
video09,TriClass-Cloud-FT,360,0,0,0,0,0,0,0.0
video09,TriClass-Cloud-FT,361,0,0,0,0,0,0,0.0
video09,TriClass-Cloud-FT,362,0,0,0,0,0,0,0.0
video09,TriClass-Cloud-FT,363,0,0,0,0,0,0,0.0
video09,TriClass-Cloud-FT,364,0,0,0,0,0,0,0.0
video09,TriClass-Cloud-FT,365,0,0,0,0,0,0,0.0
video09,TriClass-Cloud-FT,366,0,0,0,0,0,0,0.0
video09,TriClass-Cloud-FT,367,0,0,0,0,0,0,0.0
video09,TriClass-Cloud-FT,368,0,0,0,0,0,0,0.0
video09,TriClass-Cloud-FT,369,0,0,0,0,0,0,0.0
video09,TriClass-Cloud-FT,370,0,0,0,0,0,0,0.0
video09,TriClass-Cloud-FT,371,0,0,0,0,0,0,0.0
video09,TriClass-Cloud-FT,372,0,0,0,0,0,0,0.0
video09,TriClass-Cloud-FT,373,0,0,0,0,0,0,0.0
video09,TriClass-Cloud-FT,374,0,0,0,0,0,0,0.0
video09,TriClass-Cloud-FT,375,0,0,0,0,0,0,0.0
video09,TriClass-Cloud-FT,376,0,0,0,0,0,0,0.0
video09,TriClass-Cloud-FT,377,0,0,0,0,0,0,0.0
video09,TriClass-Cloud-FT,378,0,0,0,0,0,0,0.0
video09,TriClass-Cloud-FT,379,0,0,0,0,0,0,0.0
video09,TriClass-Cloud-FT,380,0,0,0,0,0,0,0.0
video09,TriClass-Cloud-FT,381,0,0,0,0,0,0,0.0
video09,TriClass-Cloud-FT,382,0,0,0,0,0,0,0.0
video09,TriClass-Cloud-FT,383,0,0,0,0,0,0,0.0
video09,TriClass-Cloud-FT,384,0,0,0,0,0,0,0.0
video09,TriClass-Cloud-FT,385,0,0,0,0,0,0,0.0
video09,TriClass-Cloud-FT,386,0,0,0,0,0,0,0.0
video09,TriClass-Cloud-FT,387,0,0,0,0,0,0,0.0
video09,TriClass-Cloud-FT,388,0,0,0,0,0,0,0.0
video09,TriClass-Cloud-FT,389,0,0,0,0,0,0,0.0
video09,TriClass-Cloud-FT,390,0,0,0,0,0,0,0.0
video09,TriClass-Cloud-FT,391,0,0,0,0,0,0,0.0
video09,TriClass-Cloud-FT,392,0,0,0,0,0,0,0.0
video09,TriClass-Cloud-FT,393,0,0,0,0,0,0,0.0
video09,TriClass-Cloud-FT,394,0,0,0,0,0,0,0.0
video09,TriClass-Cloud-FT,395,0,0,0,0,0,0,0.0
video09,TriClass-Cloud-FT,396,0,0,0,0,0,0,0.0
video09,TriClass-Cloud-FT,397,0,0,0,0,0,0,0.0
video09,TriClass-Cloud-FT,398,0,0,0,0,0,0,0.0
video09,TriClass-Cloud-FT,399,0,0,0,0,0,0,0.0
video09,TriClass-Cloud-FT,400,0,0,0,0,0,0,0.0
video09,TriClass-Cloud-FT,401,0,0,0,0,0,0,0.0
video09,TriClass-Cloud-FT,402,0,0,0,0,0,0,0.0
video09,TriClass-Cloud-FT,403,0,0,0,0,0,0,0.0
video09,TriClass-Cloud-FT,404,0,0,0,0,0,0,0.0
video09,TriClass-Cloud-FT,405,0,0,0,0,0,0,0.0
video09,TriClass-Cloud-FT,406,0,0,0,0,0,0,0.0
video09,TriClass-Cloud-FT,407,0,0,0,0,0,0,0.0
video09,TriClass-Cloud-FT,408,0,0,0,0,0,0,0.0
video09,TriClass-Cloud-FT,409,0,0,0,0,0,0,0.0
video09,TriClass-Cloud-FT,410,0,0,0,0,0,0,0.0
video09,TriClass-Cloud-FT,411,0,0,0,0,0,0,0.0
video09,TriClass-Cloud-FT,412,0,0,0,0,0,0,0.0
video09,TriClass-Cloud-FT,413,0,0,0,0,0,0,0.0
video09,TriClass-Cloud-FT,414,0,0,0,0,0,0,0.0
video09,TriClass-Cloud-FT,415,0,0,0,0,0,0,0.0
video09,TriClass-Cloud-FT,416,0,0,0,0,0,0,0.0
video09,TriClass-Cloud-FT,417,0,0,0,0,0,0,0.0
video09,TriClass-Cloud-FT,418,0,0,0,0,0,0,0.0
video09,TriClass-Cloud-FT,419,0,0,0,0,0,0,0.0
video09,TriClass-Cloud-FT,420,0,0,0,0,0,0,0.0
video09,TriClass-Cloud-FT,421,0,0,0,0,0,0,0.0
video09,TriClass-Cloud-FT,422,0,0,0,0,0,0,0.0
video09,TriClass-Cloud-FT,423,0,0,0,0,0,0,0.0
video09,TriClass-Cloud-FT,424,0,0,0,0,0,0,0.0
video09,TriClass-Cloud-FT,425,0,0,0,0,0,0,0.0
video09,TriClass-Cloud-FT,426,0,0,0,0,0,0,0.0
video09,TriClass-Cloud-FT,427,0,0,0,0,0,0,0.0
video09,TriClass-Cloud-FT,428,0,0,0,0,0,0,0.0
video09,TriClass-Cloud-FT,429,0,0,0,0,0,0,0.0
video09,TriClass-Cloud-FT,430,0,0,0,0,0,0,0.0
video09,TriClass-Cloud-FT,431,0,0,0,0,0,0,0.0
video09,TriClass-Cloud-FT,432,0,0,0,0,0,0,0.0
video09,TriClass-Cloud-FT,433,0,0,0,0,0,0,0.0
video09,TriClass-Cloud-FT,434,0,0,0,0,0,0,0.0
video09,TriClass-Cloud-FT,435,0,0,0,0,0,0,0.0
video09,TriClass-Cloud-FT,436,0,0,0,0,0,0,0.0
video09,TriClass-Cloud-FT,437,0,0,0,0,0,0,0.0
video09,TriClass-Cloud-FT,438,0,0,0,0,0,0,0.0
video09,TriClass-Cloud-FT,439,0,0,0,0,0,0,0.0
video09,TriClass-Cloud-FT,440,0,0,0,0,0,0,0.0
video09,TriClass-Cloud-FT,441,0,0,0,0,0,0,0.0
video09,TriClass-Cloud-FT,442,0,0,0,0,0,0,0.0
video09,TriClass-Cloud-FT,443,0,0,0,0,0,0,0.0
video09,TriClass-Cloud-FT,444,0,0,0,0,0,0,0.0
video09,TriClass-Cloud-FT,445,0,0,0,0,0,0,0.0
video09,TriClass-Cloud-FT,446,0,0,0,0,0,0,0.0
video09,TriClass-Cloud-FT,447,0,0,0,0,0,0,0.0
video09,TriClass-Cloud-FT,448,0,0,0,0,0,0,0.0
video09,TriClass-Cloud-FT,449,0,0,0,0,0,0,0.0
video09,TriClass-Cloud-FT,450,0,0,0,0,0,0,0.0
video09,TriClass-Cloud-FT,451,0,0,0,0,0,0,0.0
video09,TriClass-Cloud-FT,452,0,0,0,0,0,0,0.0
video09,TriClass-Cloud-FT,453,0,0,0,0,0,0,0.0
video09,TriClass-Cloud-FT,454,0,0,0,0,0,0,0.0
video09,TriClass-Cloud-FT,455,0,0,0,0,0,0,0.0
video09,TriClass-Cloud-FT,456,0,0,0,0,0,0,0.0
video09,TriClass-Cloud-FT,457,0,0,0,0,0,0,0.0
video09,TriClass-Cloud-FT,458,0,0,0,0,0,0,0.0
video09,TriClass-Cloud-FT,459,0,0,0,0,0,0,0.0
video09,TriClass-Cloud-FT,460,0,0,0,0,0,0,0.0
video09,TriClass-Cloud-FT,461,0,0,0,0,0,0,0.0
video09,TriClass-Cloud-FT,462,0,0,0,0,0,0,0.0
video09,TriClass-Cloud-FT,463,0,0,0,0,0,0,0.0
video09,TriClass-Cloud-FT,464,0,0,0,0,0,0,0.0
video09,TriClass-Cloud-FT,465,0,0,0,0,0,0,0.0
video09,TriClass-Cloud-FT,466,0,0,0,0,0,0,0.0
video09,TriClass-Cloud-FT,467,0,0,0,0,0,0,0.0
video09,TriClass-Cloud-FT,468,0,0,0,0,0,0,0.0
video09,TriClass-Cloud-FT,469,0,0,0,0,0,0,0.0
video09,TriClass-Cloud-FT,470,0,0,0,0,0,0,0.0
video09,TriClass-Cloud-FT,471,0,0,0,0,0,0,0.0
video09,TriClass-Cloud-FT,472,0,0,0,0,0,0,0.0
video09,TriClass-Cloud-FT,473,0,0,0,0,0,0,0.0
video09,TriClass-Cloud-FT,474,0,0,0,0,0,0,0.0
video09,TriClass-Cloud-FT,475,0,0,0,0,0,0,0.0
video09,TriClass-Cloud-FT,476,0,0,0,0,0,0,0.0
video09,TriClass-Cloud-FT,477,0,0,0,0,0,0,0.0
video09,TriClass-Cloud-FT,478,0,0,0,0,0,0,0.0
video09,TriClass-Cloud-FT,479,0,0,0,0,0,0,0.0
video09,TriClass-Cloud-FT,480,0,0,0,0,0,0,0.0
video09,TriClass-Cloud-FT,481,0,0,0,0,0,0,0.0
video09,TriClass-Cloud-FT,482,0,0,0,0,0,0,0.0
video09,TriClass-Cloud-FT,483,0,0,0,0,0,0,0.0
video09,TriClass-Cloud-FT,484,0,0,0,0,0,0,0.0
video09,TriClass-Cloud-FT,485,0,0,0,0,0,0,0.0
video09,TriClass-Cloud-FT,486,0,0,0,0,0,0,0.0
video09,TriClass-Cloud-FT,487,0,0,0,0,0,0,0.0
video09,TriClass-Cloud-FT,488,0,0,0,0,0,0,0.0
video09,TriClass-Cloud-FT,489,0,0,0,0,0,0,0.0
video09,TriClass-Cloud-FT,490,0,0,0,0,0,0,0.0
video09,TriClass-Cloud-FT,491,0,0,0,0,0,0,0.0
video09,TriClass-Cloud-FT,492,0,0,0,0,0,0,0.0
video09,TriClass-Cloud-FT,493,0,0,0,0,0,0,0.0
video09,TriClass-Cloud-FT,494,0,0,0,0,0,0,0.0
video09,TriClass-Cloud-FT,495,0,0,0,0,0,0,0.0
video09,TriClass-Cloud-FT,496,0,0,0,0,0,0,0.0
video09,TriClass-Cloud-FT,497,0,0,0,0,0,0,0.0
video09,TriClass-Cloud-FT,498,0,0,0,0,0,0,0.0
video09,TriClass-Cloud-FT,499,0,0,0,0,0,0,0.0
video09,TriClass-Cloud-FT,500,0,0,0,0,0,0,0.0
video09,TriClass-Cloud-FT,501,0,0,0,0,0,0,0.0
video09,TriClass-Cloud-FT,502,0,0,0,0,0,0,0.0
video09,TriClass-Cloud-FT,503,0,0,0,0,0,0,0.0
video09,TriClass-Cloud-FT,504,0,0,0,0,0,0,0.0
video09,TriClass-Cloud-FT,505,0,0,0,0,0,0,0.0
video09,TriClass-Cloud-FT,506,0,0,0,0,0,0,0.0
video09,TriClass-Cloud-FT,507,0,0,0,0,0,0,0.0
video09,TriClass-Cloud-FT,508,0,0,0,0,0,0,0.0
video09,TriClass-Cloud-FT,509,0,0,0,0,0,0,0.0
video09,TriClass-Cloud-FT,510,0,0,0,0,0,0,0.0
video09,TriClass-Cloud-FT,511,0,0,0,0,0,0,0.0
video09,TriClass-Cloud-FT,512,0,0,0,0,0,0,0.0
video09,TriClass-Cloud-FT,513,0,0,0,0,0,0,0.0
video09,TriClass-Cloud-FT,514,0,0,0,0,0,0,0.0
video09,TriClass-Cloud-FT,515,0,0,0,0,0,0,0.0
video09,TriClass-Cloud-FT,516,0,0,0,0,0,0,0.0
video09,TriClass-Cloud-FT,517,0,0,0,0,0,0,0.0
video09,TriClass-Cloud-FT,518,0,0,0,0,0,0,0.0
video09,TriClass-Cloud-FT,519,0,0,0,0,0,0,0.0
video09,TriClass-Cloud-FT,520,0,0,0,0,0,0,0.0
video09,TriClass-Cloud-FT,521,0,0,0,0,0,0,0.0
video09,TriClass-Cloud-FT,522,0,0,0,0,0,0,0.0
video09,TriClass-Cloud-FT,523,0,0,0,0,0,0,0.0
video09,TriClass-Cloud-FT,524,0,0,0,0,0,0,0.0
video09,TriClass-Cloud-FT,525,0,0,0,0,0,0,0.0
video09,TriClass-Cloud-FT,526,0,0,0,0,0,0,0.0
video09,TriClass-Cloud-FT,527,0,0,0,0,0,0,0.0
video09,TriClass-Cloud-FT,528,0,0,0,0,0,0,0.0
video09,TriClass-Cloud-FT,529,0,0,0,0,0,0,0.0
video09,TriClass-Cloud-FT,530,0,0,0,0,0,0,0.0
video09,TriClass-Cloud-FT,531,0,0,0,0,0,0,0.0
video09,TriClass-Cloud-FT,532,0,0,0,0,0,0,0.0
video09,TriClass-Cloud-FT,533,0,0,0,0,0,0,0.0
video09,TriClass-Cloud-FT,534,0,0,0,0,0,0,0.0
video09,TriClass-Cloud-FT,535,0,0,0,0,0,0,0.0
video09,TriClass-Cloud-FT,536,0,0,0,0,0,0,0.0
video09,TriClass-Cloud-FT,537,0,0,0,0,0,0,0.0
video09,TriClass-Cloud-FT,538,0,0,0,0,0,0,0.0
video09,TriClass-Cloud-FT,539,0,0,0,0,0,0,0.0
video09,TriClass-Cloud-FT,540,0,0,0,0,0,0,0.0
video09,TriClass-Cloud-FT,541,0,0,0,0,0,0,0.0
video09,TriClass-Cloud-FT,542,0,0,0,0,0,0,0.0
video09,TriClass-Cloud-FT,543,0,0,0,0,0,0,0.0
video09,TriClass-Cloud-FT,544,0,0,0,0,0,0,0.0
video09,TriClass-Cloud-FT,545,0,0,0,0,0,0,0.0
video09,TriClass-Cloud-FT,546,0,0,0,0,0,0,0.0
video09,TriClass-Cloud-FT,547,0,0,0,0,0,0,0.0
video09,TriClass-Cloud-FT,548,0,0,0,0,0,0,0.0
video09,TriClass-Cloud-FT,549,0,0,0,0,0,0,0.0
video09,TriClass-Cloud-FT,550,0,0,0,0,0,0,0.0
video09,TriClass-Cloud-FT,551,0,0,0,0,0,0,0.0
video09,TriClass-Cloud-FT,552,0,0,0,0,0,0,0.0
video09,TriClass-Cloud-FT,553,0,0,0,0,0,0,0.0
video09,TriClass-Cloud-FT,554,0,0,0,0,0,0,0.0
video09,TriClass-Cloud-FT,555,0,0,0,0,0,0,0.0
video09,TriClass-Cloud-FT,556,0,0,0,0,0,0,0.0
video09,TriClass-Cloud-FT,557,0,0,0,0,0,0,0.0
video09,TriClass-Cloud-FT,558,0,0,0,0,0,0,0.0
video09,TriClass-Cloud-FT,559,0,0,0,0,0,0,0.0
video09,TriClass-Cloud-FT,560,0,0,0,0,0,0,0.0
video09,TriClass-Cloud-FT,561,0,0,0,0,0,0,0.0
video09,TriClass-Cloud-FT,562,0,0,0,0,0,0,0.0
video09,TriClass-Cloud-FT,563,0,0,0,0,0,0,0.0
video09,TriClass-Cloud-FT,564,0,0,0,0,0,0,0.0
video09,TriClass-Cloud-FT,565,0,0,0,0,0,0,0.0
video09,TriClass-Cloud-FT,566,0,0,0,0,0,0,0.0
video09,TriClass-Cloud-FT,567,0,0,0,0,0,0,0.0
video09,TriClass-Cloud-FT,568,0,0,0,0,0,0,0.0
video09,TriClass-Cloud-FT,569,0,0,0,0,0,0,0.0
video09,TriClass-Cloud-FT,570,0,0,0,0,0,0,0.0
video09,TriClass-Cloud-FT,571,0,0,0,0,0,0,0.0
video09,TriClass-Cloud-FT,572,0,0,0,0,0,0,0.0
video09,TriClass-Cloud-FT,573,0,0,0,0,0,0,0.0
video09,TriClass-Cloud-FT,574,0,0,0,0,0,0,0.0
video09,TriClass-Cloud-FT,575,0,0,0,0,0,0,0.0
video09,TriClass-Cloud-FT,576,0,0,0,0,0,0,0.0
video09,TriClass-Cloud-FT,577,0,0,0,0,0,0,0.0
video09,TriClass-Cloud-FT,578,0,0,0,0,0,0,0.0
video09,TriClass-Cloud-FT,579,0,0,0,0,0,0,0.0
video09,TriClass-Cloud-FT,580,0,0,0,0,0,0,0.0
video09,TriClass-Cloud-FT,581,0,0,0,0,0,0,0.0
video09,TriClass-Cloud-FT,582,0,0,0,0,0,0,0.0
video09,TriClass-Cloud-FT,583,0,0,0,0,0,0,0.0
video09,TriClass-Cloud-FT,584,0,0,0,0,0,0,0.0
video09,TriClass-Cloud-FT,585,0,0,0,0,0,0,0.0
video09,TriClass-Cloud-FT,586,0,0,0,0,0,0,0.0
video09,TriClass-Cloud-FT,587,0,0,0,0,0,0,0.0
video09,TriClass-Cloud-FT,588,0,0,0,0,0,0,0.0
video09,TriClass-Cloud-FT,589,0,0,0,0,0,0,0.0
video09,TriClass-Cloud-FT,590,0,0,0,0,0,0,0.0
video09,TriClass-Cloud-FT,591,0,0,0,0,0,0,0.0
video09,TriClass-Cloud-FT,592,0,0,0,0,0,0,0.0
video09,TriClass-Cloud-FT,593,0,0,0,0,0,0,0.0
video09,TriClass-Cloud-FT,594,0,0,0,0,0,0,0.0
video09,TriClass-Cloud-FT,595,0,0,0,0,0,0,0.0
video09,TriClass-Cloud-FT,596,0,0,0,0,0,0,0.0
video09,TriClass-Cloud-FT,597,0,0,0,0,0,0,0.0
video09,TriClass-Cloud-FT,598,0,0,0,0,0,0,0.0
video09,TriClass-Cloud-FT,599,0,0,0,0,0,0,0.0
video09,TriClass-Cloud-FT,600,0,0,0,0,0,0,0.0
video09,TriClass-Cloud-FT,601,0,0,0,0,0,0,0.0
video09,TriClass-Cloud-FT,602,0,0,0,0,0,0,0.0
video09,TriClass-Cloud-FT,603,0,0,0,0,0,0,0.0
video09,TriClass-Cloud-FT,604,0,0,0,0,0,0,0.0
video09,TriClass-Cloud-FT,605,0,0,0,0,0,0,0.0
video09,TriClass-Cloud-FT,606,0,0,0,0,0,0,0.0
video09,TriClass-Cloud-FT,607,0,0,0,0,0,0,0.0
video09,TriClass-Cloud-FT,608,0,0,0,0,0,0,0.0
video09,TriClass-Cloud-FT,609,0,0,0,0,0,0,0.0
video09,TriClass-Cloud-FT,610,0,0,0,0,0,0,0.0
video09,TriClass-Cloud-FT,611,0,0,0,0,0,0,0.0
video09,TriClass-Cloud-FT,612,0,0,0,0,0,0,0.0
video09,TriClass-Cloud-FT,613,0,0,0,0,0,0,0.0
video09,TriClass-Cloud-FT,614,0,0,0,0,0,0,0.0
video09,TriClass-Cloud-FT,615,0,0,0,0,0,0,0.0
video09,TriClass-Cloud-FT,616,0,0,0,0,0,0,0.0
video09,TriClass-Cloud-FT,617,0,0,0,0,0,0,0.0
video09,TriClass-Cloud-FT,618,0,0,0,0,0,0,0.0
video09,TriClass-Cloud-FT,619,0,0,0,0,0,0,0.0
video09,TriClass-Cloud-FT,620,0,0,0,0,0,0,0.0
video09,TriClass-Cloud-FT,621,0,0,0,0,0,0,0.0
video09,TriClass-Cloud-FT,622,0,0,0,0,0,0,0.0
video09,TriClass-Cloud-FT,623,0,0,0,0,0,0,0.0
video09,TriClass-Cloud-FT,624,0,0,0,0,0,0,0.0
video09,TriClass-Cloud-FT,625,0,0,0,0,0,0,0.0
video09,TriClass-Cloud-FT,626,0,0,0,0,0,0,0.0
video09,TriClass-Cloud-FT,627,0,0,0,0,0,0,0.0
video09,TriClass-Cloud-FT,628,0,0,0,0,0,0,0.0
video09,TriClass-Cloud-FT,629,0,0,0,0,0,0,0.0
video09,TriClass-Cloud-FT,630,0,0,0,0,0,0,0.0
video09,TriClass-Cloud-FT,631,0,0,0,0,0,0,0.0
video09,TriClass-Cloud-FT,632,0,0,0,0,0,0,0.0
video09,TriClass-Cloud-FT,633,0,0,0,0,0,0,0.0
video09,TriClass-Cloud-FT,634,0,0,0,0,0,0,0.0
video09,TriClass-Cloud-FT,635,0,0,0,0,0,0,0.0
video09,TriClass-Cloud-FT,636,0,0,0,0,0,0,0.0
video09,TriClass-Cloud-FT,637,0,0,0,0,0,0,0.0
video09,TriClass-Cloud-FT,638,0,0,0,0,0,0,0.0
video09,TriClass-Cloud-FT,639,0,0,0,0,0,0,0.0
video09,TriClass-Cloud-FT,640,0,0,0,0,0,0,0.0
video09,TriClass-Cloud-FT,641,0,0,0,0,0,0,0.0
video09,TriClass-Cloud-FT,642,0,0,0,0,0,0,0.0
video09,TriClass-Cloud-FT,643,0,0,0,0,0,0,0.0
video09,TriClass-Cloud-FT,644,0,0,0,0,0,0,0.0
video09,TriClass-Cloud-FT,645,0,0,0,0,0,0,0.0
video09,TriClass-Cloud-FT,646,0,0,0,0,0,0,0.0
video09,TriClass-Cloud-FT,647,0,0,0,0,0,0,0.0
video09,TriClass-Cloud-FT,648,0,0,0,0,0,0,0.0
video09,TriClass-Cloud-FT,649,0,0,0,0,0,0,0.0
video09,TriClass-Cloud-FT,650,0,0,0,0,0,0,0.0
video09,TriClass-Cloud-FT,651,0,0,0,0,0,0,0.0
video09,TriClass-Cloud-FT,652,0,0,0,0,0,0,0.0
video09,TriClass-Cloud-FT,653,0,0,0,0,0,0,0.0
video09,TriClass-Cloud-FT,654,0,0,0,0,0,0,0.0
video09,TriClass-Cloud-FT,655,0,0,0,0,0,0,0.0
video09,TriClass-Cloud-FT,656,0,0,0,0,0,0,0.0
video09,TriClass-Cloud-FT,657,0,0,0,0,0,0,0.0
video09,TriClass-Cloud-FT,658,0,0,0,0,0,0,0.0
video09,TriClass-Cloud-FT,659,0,0,0,0,0,0,0.0
video09,TriClass-Cloud-FT,660,0,0,0,0,0,0,0.0
video09,TriClass-Cloud-FT,661,0,0,0,0,0,0,0.0
video09,TriClass-Cloud-FT,662,0,0,0,0,0,0,0.0
video09,TriClass-Cloud-FT,663,0,0,0,0,0,0,0.0
video09,TriClass-Cloud-FT,664,0,0,0,0,0,0,0.0
video09,TriClass-Cloud-FT,665,0,0,0,0,0,0,0.0
video09,TriClass-Cloud-FT,666,0,0,0,0,0,0,0.0
video09,TriClass-Cloud-FT,667,0,0,0,0,0,0,0.0
video09,TriClass-Cloud-FT,668,0,0,0,0,0,0,0.0
video09,TriClass-Cloud-FT,669,0,0,0,0,0,0,0.0
video09,TriClass-Cloud-FT,670,0,0,0,0,0,0,0.0
video09,TriClass-Cloud-FT,671,0,0,0,0,0,0,0.0
video09,TriClass-Cloud-FT,672,0,0,0,0,0,0,0.0
video09,TriClass-Cloud-FT,673,0,0,0,0,0,0,0.0
video09,TriClass-Cloud-FT,674,0,0,0,0,0,0,0.0
video09,TriClass-Cloud-FT,675,0,0,0,0,0,0,0.0
video09,TriClass-Cloud-FT,676,0,0,0,0,0,0,0.0
video09,TriClass-Cloud-FT,677,0,0,0,0,0,0,0.0
video09,TriClass-Cloud-FT,678,0,0,0,0,0,0,0.0
video09,TriClass-Cloud-FT,679,0,0,0,0,0,0,0.0
video09,TriClass-Cloud-FT,680,0,0,0,0,0,0,0.0
video09,TriClass-Cloud-FT,681,0,0,0,0,0,0,0.0
video09,TriClass-Cloud-FT,682,0,0,0,0,0,0,0.0
video09,TriClass-Cloud-FT,683,0,0,0,0,0,0,0.0
video09,TriClass-Cloud-FT,684,0,0,0,0,0,0,0.0
video09,TriClass-Cloud-FT,685,0,0,0,0,0,0,0.0
video09,TriClass-Cloud-FT,686,0,0,0,0,0,0,0.0
video09,TriClass-Cloud-FT,687,0,0,0,0,0,0,0.0
video09,TriClass-Cloud-FT,688,0,0,0,0,0,0,0.0
video09,TriClass-Cloud-FT,689,0,0,0,0,0,0,0.0
video09,TriClass-Cloud-FT,690,0,0,0,0,0,0,0.0
video09,TriClass-Cloud-FT,691,0,0,0,0,0,0,0.0
video09,TriClass-Cloud-FT,692,0,0,0,0,0,0,0.0
video09,TriClass-Cloud-FT,693,0,0,0,0,0,0,0.0
video09,TriClass-Cloud-FT,694,0,0,0,0,0,0,0.0
video09,TriClass-Cloud-FT,695,0,0,0,0,0,0,0.0
video09,TriClass-Cloud-FT,696,0,0,0,0,0,0,0.0
video09,TriClass-Cloud-FT,697,0,0,0,0,0,0,0.0
video09,TriClass-Cloud-FT,698,0,0,0,0,0,0,0.0
video09,TriClass-Cloud-FT,699,0,0,0,0,0,0,0.0
video09,TriClass-Cloud-FT,700,0,0,0,0,0,0,0.0
video09,TriClass-Cloud-FT,701,0,0,0,0,0,0,0.0
video09,TriClass-Cloud-FT,702,0,0,0,0,0,0,0.0
video09,TriClass-Cloud-FT,703,0,0,0,0,0,0,0.0
video09,TriClass-Cloud-FT,704,0,0,0,0,0,0,0.0
video09,TriClass-Cloud-FT,705,0,0,0,0,0,0,0.0
video09,TriClass-Cloud-FT,706,0,0,0,0,0,0,0.0
video09,TriClass-Cloud-FT,707,0,0,0,0,0,0,0.0
video09,TriClass-Cloud-FT,708,0,0,0,0,0,0,0.0
video09,TriClass-Cloud-FT,709,0,0,0,0,0,0,0.0
video09,TriClass-Cloud-FT,710,0,0,0,0,0,0,0.0
video09,TriClass-Cloud-FT,711,0,0,0,0,0,0,0.0
video09,TriClass-Cloud-FT,712,0,0,0,0,0,0,0.0
video09,TriClass-Cloud-FT,713,0,0,0,0,0,0,0.0
video09,TriClass-Cloud-FT,714,0,0,0,0,0,0,0.0
video09,TriClass-Cloud-FT,715,0,0,0,0,0,0,0.0
video09,TriClass-Cloud-FT,716,0,0,0,0,0,0,0.0
video09,TriClass-Cloud-FT,717,0,0,0,0,0,0,0.0
video09,TriClass-Cloud-FT,718,0,0,0,0,0,0,0.0
video09,TriClass-Cloud-FT,719,0,0,0,0,0,0,0.0
video09,TriClass-Cloud-FT,720,0,0,0,0,0,0,0.0
video09,TriClass-Cloud-FT,721,0,0,0,0,0,0,0.0
video09,TriClass-Cloud-FT,722,0,0,0,0,0,0,0.0
video09,TriClass-Cloud-FT,723,0,0,0,0,0,0,0.0
video09,TriClass-Cloud-FT,724,0,0,0,0,0,0,0.0
video09,TriClass-Cloud-FT,725,0,0,0,0,0,0,0.0
video09,TriClass-Cloud-FT,726,0,0,0,0,0,0,0.0
video09,TriClass-Cloud-FT,727,0,0,0,0,0,0,0.0
video09,TriClass-Cloud-FT,728,0,0,0,0,0,0,0.0
video09,TriClass-Cloud-FT,729,0,0,0,0,0,0,0.0
video09,TriClass-Cloud-FT,730,0,0,0,0,0,0,0.0
video09,TriClass-Cloud-FT,731,0,0,0,0,0,0,0.0
video09,TriClass-Cloud-FT,732,0,0,0,0,0,0,0.0
video09,TriClass-Cloud-FT,733,0,0,0,0,0,0,0.0
video09,TriClass-Cloud-FT,734,0,0,0,0,0,0,0.0
video09,TriClass-Cloud-FT,735,0,0,0,0,0,0,0.0
video09,TriClass-Cloud-FT,736,0,0,0,0,0,0,0.0
video09,TriClass-Cloud-FT,737,0,0,0,0,0,0,0.0
video09,TriClass-Cloud-FT,738,0,0,0,0,0,0,0.0
video09,TriClass-Cloud-FT,739,0,0,0,0,0,0,0.0
video09,TriClass-Cloud-FT,740,0,0,0,0,0,0,0.0
video09,TriClass-Cloud-FT,741,0,0,0,0,0,0,0.0
video09,TriClass-Cloud-FT,742,0,0,0,0,0,0,0.0
video09,TriClass-Cloud-FT,743,0,0,0,0,0,0,0.0
video09,TriClass-Cloud-FT,744,0,0,0,0,0,0,0.0
video09,TriClass-Cloud-FT,745,0,0,0,0,0,0,0.0
video09,TriClass-Cloud-FT,746,0,0,0,0,0,0,0.0
video09,TriClass-Cloud-FT,747,0,0,0,0,0,0,0.0
video09,TriClass-Cloud-FT,748,0,0,0,0,0,0,0.0
video09,TriClass-Cloud-FT,749,0,0,0,0,0,0,0.0
video09,TriClass-Cloud-FT,750,0,0,0,0,0,0,0.0
video09,TriClass-Cloud-FT,751,0,0,0,0,0,0,0.0
video09,TriClass-Cloud-FT,752,0,0,0,0,0,0,0.0
video09,TriClass-Cloud-FT,753,0,0,0,0,0,0,0.0
video09,TriClass-Cloud-FT,754,0,0,0,0,0,0,0.0
video09,TriClass-Cloud-FT,755,0,0,0,0,0,0,0.0
video09,TriClass-Cloud-FT,756,0,0,0,0,0,0,0.0
video09,TriClass-Cloud-FT,757,0,0,0,0,0,0,0.0
video09,TriClass-Cloud-FT,758,0,0,0,0,0,0,0.0
video09,TriClass-Cloud-FT,759,0,0,0,0,0,0,0.0
video09,TriClass-Cloud-FT,760,0,0,0,0,0,0,0.0
video09,TriClass-Cloud-FT,761,0,0,0,0,0,0,0.0
video09,TriClass-Cloud-FT,762,0,0,0,0,0,0,0.0
video09,TriClass-Cloud-FT,763,0,0,0,0,0,0,0.0
video09,TriClass-Cloud-FT,764,0,0,0,0,0,0,0.0
video09,TriClass-Cloud-FT,765,0,0,0,0,0,0,0.0
video09,TriClass-Cloud-FT,766,0,0,0,0,0,0,0.0
video09,TriClass-Cloud-FT,767,0,0,0,0,0,0,0.0
video09,TriClass-Cloud-FT,768,0,0,0,0,0,0,0.0
video09,TriClass-Cloud-FT,769,0,0,0,0,0,0,0.0
video09,TriClass-Cloud-FT,770,0,0,0,0,0,0,0.0
video09,TriClass-Cloud-FT,771,0,0,0,0,0,0,0.0
video09,TriClass-Cloud-FT,772,0,0,0,0,0,0,0.0
video09,TriClass-Cloud-FT,773,0,0,0,0,0,0,0.0
video09,TriClass-Cloud-FT,774,0,0,0,0,0,0,0.0
video09,TriClass-Cloud-FT,775,0,0,0,0,0,0,0.0
video09,TriClass-Cloud-FT,776,0,0,0,0,0,0,0.0
video09,TriClass-Cloud-FT,777,0,0,0,0,0,0,0.0
video09,TriClass-Cloud-FT,778,0,0,0,0,0,0,0.0
video09,TriClass-Cloud-FT,779,0,0,0,0,0,0,0.0
video09,TriClass-Cloud-FT,780,0,0,0,0,0,0,0.0
video09,TriClass-Cloud-FT,781,0,0,0,0,0,0,0.0
video09,TriClass-Cloud-FT,782,0,0,0,0,0,0,0.0
video09,TriClass-Cloud-FT,783,0,0,0,0,0,0,0.0
video09,TriClass-Cloud-FT,784,0,0,0,0,0,0,0.0
video09,TriClass-Cloud-FT,785,0,0,0,0,0,0,0.0
video09,TriClass-Cloud-FT,786,0,0,0,0,0,0,0.0
video09,TriClass-Cloud-FT,787,0,0,0,0,0,0,0.0
video09,TriClass-Cloud-FT,788,0,0,0,0,0,0,0.0
video09,TriClass-Cloud-FT,789,0,0,0,0,0,0,0.0
video09,TriClass-Cloud-FT,790,0,0,0,0,0,0,0.0
video09,TriClass-Cloud-FT,791,0,0,0,0,0,0,0.0
video09,TriClass-Cloud-FT,792,0,0,0,0,0,0,0.0
video09,TriClass-Cloud-FT,793,0,0,0,0,0,0,0.0
video09,TriClass-Cloud-FT,794,0,0,0,0,0,0,0.0
video09,TriClass-Cloud-FT,795,0,0,0,0,0,0,0.0
video09,TriClass-Cloud-FT,796,0,0,0,0,0,0,0.0
video09,TriClass-Cloud-FT,797,0,0,0,0,0,0,0.0
video09,TriClass-Cloud-FT,798,0,0,0,0,0,0,0.0
video09,TriClass-Cloud-FT,799,0,0,0,0,0,0,0.0
video09,TriClass-Cloud-FT,800,0,0,0,0,0,0,0.0
video09,TriClass-Cloud-FT,801,0,0,0,0,0,0,0.0
video09,TriClass-Cloud-FT,802,0,0,0,0,0,0,0.0
video09,TriClass-Cloud-FT,803,0,0,0,0,0,0,0.0
video09,TriClass-Cloud-FT,804,0,0,0,0,0,0,0.0
video09,TriClass-Cloud-FT,805,0,0,0,0,0,0,0.0
video09,TriClass-Cloud-FT,806,0,0,0,0,0,0,0.0
video09,TriClass-Cloud-FT,807,0,0,0,0,0,0,0.0
video09,TriClass-Cloud-FT,808,0,0,0,0,0,0,0.0
video09,TriClass-Cloud-FT,809,0,0,0,0,0,0,0.0
video09,TriClass-Cloud-FT,810,0,0,0,0,0,0,0.0
video09,TriClass-Cloud-FT,811,0,0,0,0,0,0,0.0
video09,TriClass-Cloud-FT,812,0,0,0,0,0,0,0.0
video09,TriClass-Cloud-FT,813,0,0,0,0,0,0,0.0
video09,TriClass-Cloud-FT,814,0,0,0,0,0,0,0.0
video09,TriClass-Cloud-FT,815,0,0,0,0,0,0,0.0
video09,TriClass-Cloud-FT,816,0,0,0,0,0,0,0.0
video09,TriClass-Cloud-FT,817,0,0,0,0,0,0,0.0
video09,TriClass-Cloud-FT,818,0,0,0,0,0,0,0.0
video09,TriClass-Cloud-FT,819,0,0,0,0,0,0,0.0
video09,TriClass-Cloud-FT,820,0,0,0,0,0,0,0.0
video09,TriClass-Cloud-FT,821,0,0,0,0,0,0,0.0
video09,TriClass-Cloud-FT,822,0,0,0,0,0,0,0.0
video09,TriClass-Cloud-FT,823,0,0,0,0,0,0,0.0
video09,TriClass-Cloud-FT,824,0,0,0,0,0,0,0.0
video09,TriClass-Cloud-FT,825,0,0,0,0,0,0,0.0
video09,TriClass-Cloud-FT,826,0,0,0,0,0,0,0.0
video09,TriClass-Cloud-FT,827,0,0,0,0,0,0,0.0
video09,TriClass-Cloud-FT,828,0,0,0,0,0,0,0.0
video09,TriClass-Cloud-FT,829,0,0,0,0,0,0,0.0
video09,TriClass-Cloud-FT,830,0,0,0,0,0,0,0.0
video09,TriClass-Cloud-FT,831,0,0,0,0,0,0,0.0
video09,TriClass-Cloud-FT,832,0,0,0,0,0,0,0.0
video09,TriClass-Cloud-FT,833,0,0,0,0,0,0,0.0
video09,TriClass-Cloud-FT,834,0,0,0,0,0,0,0.0
video09,TriClass-Cloud-FT,835,0,0,0,0,0,0,0.0
video09,TriClass-Cloud-FT,836,0,0,0,0,0,0,0.0
video09,TriClass-Cloud-FT,837,0,0,0,0,0,0,0.0
video09,TriClass-Cloud-FT,838,0,0,0,0,0,0,0.0
video09,TriClass-Cloud-FT,839,0,0,0,0,0,0,0.0
video09,TriClass-Cloud-FT,840,0,0,0,0,0,0,0.0
video09,TriClass-Cloud-FT,841,0,0,0,0,0,0,0.0
video09,TriClass-Cloud-FT,842,0,0,0,0,0,0,0.0
video09,TriClass-Cloud-FT,843,0,0,0,0,0,0,0.0
video09,TriClass-Cloud-FT,844,0,0,0,0,0,0,0.0
video09,TriClass-Cloud-FT,845,0,0,0,0,0,0,0.0
video09,TriClass-Cloud-FT,846,0,0,0,0,0,0,0.0
video09,TriClass-Cloud-FT,847,0,0,0,0,0,0,0.0
video09,TriClass-Cloud-FT,848,0,0,0,0,0,0,0.0
video09,TriClass-Cloud-FT,849,0,0,0,0,0,0,0.0
video09,TriClass-Cloud-FT,850,0,0,0,0,0,0,0.0
video09,TriClass-Cloud-FT,851,0,0,0,0,0,0,0.0
video09,TriClass-Cloud-FT,852,0,0,0,0,0,0,0.0
video09,TriClass-Cloud-FT,853,0,0,0,0,0,0,0.0
video09,TriClass-Cloud-FT,854,0,0,0,0,0,0,0.0
video09,TriClass-Cloud-FT,855,0,0,0,0,0,0,0.0
video09,TriClass-Cloud-FT,856,0,0,0,0,0,0,0.0
video09,TriClass-Cloud-FT,857,0,0,0,0,0,0,0.0
video09,TriClass-Cloud-FT,858,0,0,0,0,0,0,0.0
video09,TriClass-Cloud-FT,859,0,0,0,0,0,0,0.0
video09,TriClass-Cloud-FT,860,0,0,0,0,0,0,0.0
video09,TriClass-Cloud-FT,861,0,0,0,0,0,0,0.0
video09,TriClass-Cloud-FT,862,0,0,0,0,0,0,0.0
video09,TriClass-Cloud-FT,863,0,0,0,0,0,0,0.0
video09,TriClass-Cloud-FT,864,0,0,0,0,0,0,0.0
video09,TriClass-Cloud-FT,865,0,0,0,0,0,0,0.0
video09,TriClass-Cloud-FT,866,0,0,0,0,0,0,0.0
video09,TriClass-Cloud-FT,867,0,0,0,0,0,0,0.0
video09,TriClass-Cloud-FT,868,0,0,0,0,0,0,0.0
video09,TriClass-Cloud-FT,869,0,0,0,0,0,0,0.0
video09,TriClass-Cloud-FT,870,0,0,0,0,0,0,0.0
video09,TriClass-Cloud-FT,871,0,0,0,0,0,0,0.0
video09,TriClass-Cloud-FT,872,0,0,0,0,0,0,0.0
video09,TriClass-Cloud-FT,873,0,0,0,0,0,0,0.0
video09,TriClass-Cloud-FT,874,0,0,0,0,0,0,0.0
video09,TriClass-Cloud-FT,875,0,0,0,0,0,0,0.0
video09,TriClass-Cloud-FT,876,0,0,0,0,0,0,0.0
video09,TriClass-Cloud-FT,877,0,0,0,0,0,0,0.0
video09,TriClass-Cloud-FT,878,0,0,0,0,0,0,0.0
video09,TriClass-Cloud-FT,879,0,0,0,0,0,0,0.0
video09,TriClass-Cloud-FT,880,0,0,0,0,0,0,0.0
video09,TriClass-Cloud-FT,881,0,0,0,0,0,0,0.0
video09,TriClass-Cloud-FT,882,0,0,0,0,0,0,0.0
video09,TriClass-Cloud-FT,883,0,0,0,0,0,0,0.0
video09,TriClass-Cloud-FT,884,0,0,0,0,0,0,0.0
video09,TriClass-Cloud-FT,885,0,0,0,0,0,0,0.0
video09,TriClass-Cloud-FT,886,0,0,0,0,0,0,0.0
video09,TriClass-Cloud-FT,887,0,0,0,0,0,0,0.0
video09,TriClass-Cloud-FT,888,0,0,0,0,0,0,0.0
video09,TriClass-Cloud-FT,889,0,0,0,0,0,0,0.0
video09,TriClass-Cloud-FT,890,0,0,0,0,0,0,0.0
video09,TriClass-Cloud-FT,891,0,0,0,0,0,0,0.0
video09,TriClass-Cloud-FT,892,0,0,0,0,0,0,0.0
video09,TriClass-Cloud-FT,893,0,0,0,0,0,0,0.0
video09,TriClass-Cloud-FT,894,0,0,0,0,0,0,0.0
video09,TriClass-Cloud-FT,895,0,0,0,0,0,0,0.0
video09,TriClass-Cloud-FT,896,0,0,0,0,0,0,0.0
video09,TriClass-Cloud-FT,897,0,0,0,0,0,0,0.0
video09,TriClass-Cloud-FT,898,0,0,0,0,0,0,0.0
video09,TriClass-Cloud-FT,899,0,0,0,0,0,0,0.0
video09,TriClass-Cloud-FT,900,0,0,0,0,0,0,0.0
video09,TriClass-Cloud-FT,901,0,0,0,0,0,0,0.0
video09,TriClass-Cloud-FT,902,0,0,0,0,0,0,0.0
video09,TriClass-Cloud-FT,903,0,0,0,0,0,0,0.0
video09,TriClass-Cloud-FT,904,0,0,0,0,0,0,0.0
video09,TriClass-Cloud-FT,905,0,0,0,0,0,0,0.0
video09,TriClass-Cloud-FT,906,0,0,0,0,0,0,0.0
video09,TriClass-Cloud-FT,907,0,0,0,0,0,0,0.0
video09,TriClass-Cloud-FT,908,0,0,0,0,0,0,0.0
video09,TriClass-Cloud-FT,909,0,0,0,0,0,0,0.0
video09,TriClass-Cloud-FT,910,0,0,0,0,0,0,0.0
video09,TriClass-Cloud-FT,911,0,0,0,0,0,0,0.0
video09,TriClass-Cloud-FT,912,0,0,0,0,0,0,0.0
video09,TriClass-Cloud-FT,913,0,0,0,0,0,0,0.0
video09,TriClass-Cloud-FT,914,0,0,0,0,0,0,0.0
video09,TriClass-Cloud-FT,915,0,0,0,0,0,0,0.0
video09,TriClass-Cloud-FT,916,0,0,0,0,0,0,0.0
video09,TriClass-Cloud-FT,917,0,0,0,0,0,0,0.0
video09,TriClass-Cloud-FT,918,0,0,0,0,0,0,0.0
video09,TriClass-Cloud-FT,919,0,0,0,0,0,0,0.0
video09,TriClass-Cloud-FT,920,0,0,0,0,0,0,0.0
video09,TriClass-Cloud-FT,921,0,0,0,0,0,0,0.0
video09,TriClass-Cloud-FT,922,0,0,0,0,0,0,0.0
video09,TriClass-Cloud-FT,923,0,0,0,0,0,0,0.0
video09,TriClass-Cloud-FT,924,0,0,0,0,0,0,0.0
video09,TriClass-Cloud-FT,925,0,0,0,0,0,0,0.0
video09,TriClass-Cloud-FT,926,0,0,0,0,0,0,0.0
video09,TriClass-Cloud-FT,927,0,0,0,0,0,0,0.0
video09,TriClass-Cloud-FT,928,0,0,0,0,0,0,0.0
video09,TriClass-Cloud-FT,929,0,0,0,0,0,0,0.0
video09,TriClass-Cloud-FT,930,0,0,0,0,0,0,0.0
video09,TriClass-Cloud-FT,931,0,0,0,0,0,0,0.0
video09,TriClass-Cloud-FT,932,0,0,0,0,0,0,0.0
video09,TriClass-Cloud-FT,933,0,0,0,0,0,0,0.0
video09,TriClass-Cloud-FT,934,0,0,0,0,0,0,0.0
video09,TriClass-Cloud-FT,935,0,0,0,0,0,0,0.0
video09,TriClass-Cloud-FT,936,0,0,0,0,0,0,0.0
video09,TriClass-Cloud-FT,937,0,0,0,0,0,0,0.0
video09,TriClass-Cloud-FT,938,0,0,0,0,0,0,0.0
video09,TriClass-Cloud-FT,939,0,0,0,0,0,0,0.0
video09,TriClass-Cloud-FT,940,0,0,0,0,0,0,0.0
video09,TriClass-Cloud-FT,941,0,0,0,0,0,0,0.0
video09,TriClass-Cloud-FT,942,0,0,0,0,0,0,0.0
video09,TriClass-Cloud-FT,943,0,0,0,0,0,0,0.0
video09,TriClass-Cloud-FT,944,0,0,0,0,0,0,0.0
video09,TriClass-Cloud-FT,945,0,0,0,0,0,0,0.0
video09,TriClass-Cloud-FT,946,0,0,0,0,0,0,0.0
video09,TriClass-Cloud-FT,947,0,0,0,0,0,0,0.0
video09,TriClass-Cloud-FT,948,0,0,0,0,0,0,0.0
video09,TriClass-Cloud-FT,949,0,0,0,0,0,0,0.0
video09,TriClass-Cloud-FT,950,0,0,0,0,0,0,0.0
video09,TriClass-Cloud-FT,951,0,0,0,0,0,0,0.0
video09,TriClass-Cloud-FT,952,0,0,0,0,0,0,0.0
video09,TriClass-Cloud-FT,953,0,0,0,0,0,0,0.0
video09,TriClass-Cloud-FT,954,0,0,0,0,0,0,0.0
video09,TriClass-Cloud-FT,955,0,0,0,0,0,0,0.0
video09,TriClass-Cloud-FT,956,0,0,0,0,0,0,0.0
video09,TriClass-Cloud-FT,957,0,0,0,0,0,0,0.0
video09,TriClass-Cloud-FT,958,0,0,0,0,0,0,0.0
video09,TriClass-Cloud-FT,959,0,0,0,0,0,0,0.0
video09,TriClass-Cloud-FT,960,0,0,0,0,0,0,0.0
video09,TriClass-Cloud-FT,961,0,0,0,0,0,0,0.0
video09,TriClass-Cloud-FT,962,0,0,0,0,0,0,0.0
video09,TriClass-Cloud-FT,963,0,0,0,0,0,0,0.0
video09,TriClass-Cloud-FT,964,0,0,0,0,0,0,0.0
video09,TriClass-Cloud-FT,965,0,0,0,0,0,0,0.0
video09,TriClass-Cloud-FT,966,0,0,0,0,0,0,0.0
video09,TriClass-Cloud-FT,967,0,0,0,0,0,0,0.0
video09,TriClass-Cloud-FT,968,0,0,0,0,0,0,0.0
video09,TriClass-Cloud-FT,969,0,0,0,0,0,0,0.0
video09,TriClass-Cloud-FT,970,0,0,0,0,0,0,0.0
video09,TriClass-Cloud-FT,971,0,0,0,0,0,0,0.0
video09,TriClass-Cloud-FT,972,0,0,0,0,0,0,0.0
video09,TriClass-Cloud-FT,973,0,0,0,0,0,0,0.0
video09,TriClass-Cloud-FT,974,0,0,0,0,0,0,0.0
video09,TriClass-Cloud-FT,975,0,0,0,0,0,0,0.0
video09,TriClass-Cloud-FT,976,0,0,0,0,0,0,0.0
video09,TriClass-Cloud-FT,977,0,0,0,0,0,0,0.0
video09,TriClass-Cloud-FT,978,0,0,0,0,0,0,0.0
video09,TriClass-Cloud-FT,979,0,0,0,0,0,0,0.0
video09,TriClass-Cloud-FT,980,0,0,0,0,0,0,0.0
video09,TriClass-Cloud-FT,981,0,0,0,0,0,0,0.0
video09,TriClass-Cloud-FT,982,0,0,0,0,0,0,0.0
video09,TriClass-Cloud-FT,983,0,0,0,0,0,0,0.0
video09,TriClass-Cloud-FT,984,0,0,0,0,0,0,0.0
video09,TriClass-Cloud-FT,985,0,0,0,0,0,0,0.0
video09,TriClass-Cloud-FT,986,0,0,0,0,0,0,0.0
video09,TriClass-Cloud-FT,987,0,0,0,0,0,0,0.0
video09,TriClass-Cloud-FT,988,0,0,0,0,0,0,0.0
video09,TriClass-Cloud-FT,989,0,0,0,0,0,0,0.0
video09,TriClass-Cloud-FT,990,0,0,0,0,0,0,0.0
video09,TriClass-Cloud-FT,991,0,0,0,0,0,0,0.0
video09,TriClass-Cloud-FT,992,0,0,0,0,0,0,0.0
video09,TriClass-Cloud-FT,993,0,0,0,0,0,0,0.0
video09,TriClass-Cloud-FT,994,0,0,0,0,0,0,0.0
video09,TriClass-Cloud-FT,995,0,0,0,0,0,0,0.0
video09,TriClass-Cloud-FT,996,0,0,0,0,0,0,0.0
video09,TriClass-Cloud-FT,997,0,0,0,0,0,0,0.0
video09,TriClass-Cloud-FT,998,0,0,0,0,0,0,0.0
video09,TriClass-Cloud-FT,999,0,0,0,0,0,0,0.0
video09,TriClass-Cloud-FT,1000,0,0,0,0,0,0,0.0
video09,TriClass-Cloud-FT,1001,0,0,0,0,0,0,0.0
video09,TriClass-Cloud-FT,1002,0,0,0,0,0,0,0.0
video09,TriClass-Cloud-FT,1003,0,0,0,0,0,0,0.0
video09,TriClass-Cloud-FT,1004,0,0,0,0,0,0,0.0
video09,TriClass-Cloud-FT,1005,0,0,0,0,0,0,0.0
video09,TriClass-Cloud-FT,1006,0,0,0,0,0,0,0.0
video09,TriClass-Cloud-FT,1007,0,0,0,0,0,0,0.0
video09,TriClass-Cloud-FT,1008,0,0,0,0,0,0,0.0
video09,TriClass-Cloud-FT,1009,0,0,0,0,0,0,0.0
video09,TriClass-Cloud-FT,1010,0,0,0,0,0,0,0.0
video09,TriClass-Cloud-FT,1011,0,0,0,0,0,0,0.0
video09,TriClass-Cloud-FT,1012,0,0,0,0,0,0,0.0
video09,TriClass-Cloud-FT,1013,0,0,0,0,0,0,0.0
video09,TriClass-Cloud-FT,1014,0,0,0,0,0,0,0.0
video09,TriClass-Cloud-FT,1015,0,0,0,0,0,0,0.0
video09,TriClass-Cloud-FT,1016,0,0,0,0,0,0,0.0
video09,TriClass-Cloud-FT,1017,0,0,0,0,0,0,0.0
video09,TriClass-Cloud-FT,1018,0,0,0,0,0,0,0.0
video09,TriClass-Cloud-FT,1019,0,0,0,0,0,0,0.0
video09,TriClass-Cloud-FT,1020,0,0,0,0,0,0,0.0
video09,TriClass-Cloud-FT,1021,0,0,0,0,0,0,0.0
video09,TriClass-Cloud-FT,1022,0,0,0,0,0,0,0.0
video09,TriClass-Cloud-FT,1023,0,0,0,0,0,0,0.0
video09,TriClass-Cloud-FT,1024,0,0,0,0,0,0,0.0
video09,TriClass-Cloud-FT,1025,0,0,0,0,0,0,0.0
video09,TriClass-Cloud-FT,1026,0,0,0,0,0,0,0.0
video09,TriClass-Cloud-FT,1027,0,0,0,0,0,0,0.0
video09,TriClass-Cloud-FT,1028,0,0,0,0,0,0,0.0
video09,TriClass-Cloud-FT,1029,0,0,0,0,0,0,0.0
video09,TriClass-Cloud-FT,1030,0,0,0,0,0,0,0.0
video09,TriClass-Cloud-FT,1031,0,0,0,0,0,0,0.0
video09,TriClass-Cloud-FT,1032,0,0,0,0,0,0,0.0
video09,TriClass-Cloud-FT,1033,0,0,0,0,0,0,0.0
video09,TriClass-Cloud-FT,1034,0,0,0,0,0,0,0.0
video09,TriClass-Cloud-FT,1035,0,0,0,0,0,0,0.0
video09,TriClass-Cloud-FT,1036,0,0,0,0,0,0,0.0
video09,TriClass-Cloud-FT,1037,0,0,0,0,0,0,0.0
video09,TriClass-Cloud-FT,1038,0,0,0,0,0,0,0.0
video09,TriClass-Cloud-FT,1039,0,0,0,0,0,0,0.0
video09,TriClass-Cloud-FT,1040,0,0,0,0,0,0,0.0
video09,TriClass-Cloud-FT,1041,0,0,0,0,0,0,0.0
video09,TriClass-Cloud-FT,1042,0,0,0,0,0,0,0.0
video09,TriClass-Cloud-FT,1043,0,0,0,0,0,0,0.0
video09,TriClass-Cloud-FT,1044,0,0,0,0,0,0,0.0
video09,TriClass-Cloud-FT,1045,0,0,0,0,0,0,0.0
video09,TriClass-Cloud-FT,1046,0,0,0,0,0,0,0.0
video09,TriClass-Cloud-FT,1047,0,0,0,0,0,0,0.0
video09,TriClass-Cloud-FT,1048,0,0,0,0,0,0,0.0
video09,TriClass-Cloud-FT,1049,0,0,0,0,0,0,0.0
video09,TriClass-Cloud-FT,1050,0,0,0,0,0,0,0.0
video09,TriClass-Cloud-FT,1051,0,0,0,0,0,0,0.0
video09,TriClass-Cloud-FT,1052,0,0,0,0,0,0,0.0
video09,TriClass-Cloud-FT,1053,0,0,0,0,0,0,0.0
video09,TriClass-Cloud-FT,1054,0,0,0,0,0,0,0.0
video09,TriClass-Cloud-FT,1055,0,0,0,0,0,0,0.0
video09,TriClass-Cloud-FT,1056,0,0,0,0,0,0,0.0
video09,TriClass-Cloud-FT,1057,0,0,0,0,0,0,0.0
video09,TriClass-Cloud-FT,1058,0,0,0,0,0,0,0.0
video09,TriClass-Cloud-FT,1059,0,0,0,0,0,0,0.0
video09,TriClass-Cloud-FT,1060,0,0,0,0,0,0,0.0
video09,TriClass-Cloud-FT,1061,0,0,0,0,0,0,0.0
video09,TriClass-Cloud-FT,1062,0,0,0,0,0,0,0.0
video09,TriClass-Cloud-FT,1063,0,0,0,0,0,0,0.0
video09,TriClass-Cloud-FT,1064,0,0,0,0,0,0,0.0
video09,TriClass-Cloud-FT,1065,0,0,0,0,0,0,0.0
video09,TriClass-Cloud-FT,1066,0,0,0,0,0,0,0.0
video09,TriClass-Cloud-FT,1067,0,0,0,0,0,0,0.0
video09,TriClass-Cloud-FT,1068,0,0,0,0,0,0,0.0
video09,TriClass-Cloud-FT,1069,0,0,0,0,0,0,0.0
video09,TriClass-Cloud-FT,1070,0,0,0,0,0,0,0.0
video09,TriClass-Cloud-FT,1071,0,0,0,0,0,0,0.0
video09,TriClass-Cloud-FT,1072,0,0,0,0,0,0,0.0
video09,TriClass-Cloud-FT,1073,0,0,0,0,0,0,0.0
video09,TriClass-Cloud-FT,1074,0,0,0,0,0,0,0.0
video09,TriClass-Cloud-FT,1075,0,0,0,0,0,0,0.0
video09,TriClass-Cloud-FT,1076,0,0,0,0,0,0,0.0
video09,TriClass-Cloud-FT,1077,0,0,0,0,0,0,0.0
video09,TriClass-Cloud-FT,1078,0,0,0,0,0,0,0.0
video09,TriClass-Cloud-FT,1079,0,0,0,0,0,0,0.0
video09,TriClass-Cloud-FT,1080,0,0,0,0,0,0,0.0
video09,TriClass-Cloud-FT,1081,0,0,0,0,0,0,0.0
video09,TriClass-Cloud-FT,1082,0,0,0,0,0,0,0.0
video09,TriClass-Cloud-FT,1083,0,0,0,0,0,0,0.0
video09,TriClass-Cloud-FT,1084,0,0,0,0,0,0,0.0
video09,TriClass-Cloud-FT,1085,0,0,0,0,0,0,0.0
video09,TriClass-Cloud-FT,1086,0,0,0,0,0,0,0.0
video09,TriClass-Cloud-FT,1087,0,0,0,0,0,0,0.0
video09,TriClass-Cloud-FT,1088,0,0,0,0,0,0,0.0
video09,TriClass-Cloud-FT,1089,0,0,0,0,0,0,0.0
video09,TriClass-Cloud-FT,1090,0,0,0,0,0,0,0.0
video09,TriClass-Cloud-FT,1091,0,0,0,0,0,0,0.0
video09,TriClass-Cloud-FT,1092,0,0,0,0,0,0,0.0
video09,TriClass-Cloud-FT,1093,0,0,0,0,0,0,0.0
video09,TriClass-Cloud-FT,1094,0,0,0,0,0,0,0.0
video09,TriClass-Cloud-FT,1095,0,0,0,0,0,0,0.0
video09,TriClass-Cloud-FT,1096,0,0,0,0,0,0,0.0
video09,TriClass-Cloud-FT,1097,0,0,0,0,0,0,0.0
video09,TriClass-Cloud-FT,1098,0,0,0,0,0,0,0.0
video09,TriClass-Cloud-FT,1099,0,0,0,0,0,0,0.0
video09,TriClass-Cloud-FT,1100,0,0,0,0,0,0,0.0
video09,TriClass-Cloud-FT,1101,0,0,0,0,0,0,0.0
video09,TriClass-Cloud-FT,1102,0,0,0,0,0,0,0.0
video09,TriClass-Cloud-FT,1103,0,0,0,0,0,0,0.0
video09,TriClass-Cloud-FT,1104,0,0,0,0,0,0,0.0
video09,TriClass-Cloud-FT,1105,0,0,0,0,0,0,0.0
video09,TriClass-Cloud-FT,1106,0,0,0,0,0,0,0.0
video09,TriClass-Cloud-FT,1107,0,0,0,0,0,0,0.0
video09,TriClass-Cloud-FT,1108,0,0,0,0,0,0,0.0
video09,TriClass-Cloud-FT,1109,0,0,0,0,0,0,0.0
video09,TriClass-Cloud-FT,1110,0,0,0,0,0,0,0.0
video09,TriClass-Cloud-FT,1111,0,0,0,0,0,0,0.0
video09,TriClass-Cloud-FT,1112,0,0,0,0,0,0,0.0
video09,TriClass-Cloud-FT,1113,0,0,0,0,0,0,0.0
video09,TriClass-Cloud-FT,1114,0,0,0,0,0,0,0.0
video09,TriClass-Cloud-FT,1115,0,0,0,0,0,0,0.0
video09,TriClass-Cloud-FT,1116,0,0,0,0,0,0,0.0
video09,TriClass-Cloud-FT,1117,0,0,0,0,0,0,0.0
video09,TriClass-Cloud-FT,1118,0,0,0,0,0,0,0.0
video09,TriClass-Cloud-FT,1119,0,0,0,0,0,0,0.0
video09,TriClass-Cloud-FT,1120,0,0,0,0,0,0,0.0
video09,TriClass-Cloud-FT,1121,0,0,0,0,0,0,0.0
video09,TriClass-Cloud-FT,1122,1,1,0,0,0,0,0.45893993973731995
video09,TriClass-Cloud-FT,1123,1,1,0,0,0,0,0.6111295223236084
video09,TriClass-Cloud-FT,1124,1,1,0,0,0,0,0.6453216075897217
video09,TriClass-Cloud-FT,1125,1,1,0,0,0,0,0.6621136665344238
video09,TriClass-Cloud-FT,1126,1,1,0,0,0,0,0.6549705862998962
video09,TriClass-Cloud-FT,1127,1,1,0,0,0,0,0.6544406414031982
video09,TriClass-Cloud-FT,1128,1,1,0,0,0,0,0.6879371404647827
video09,TriClass-Cloud-FT,1129,1,1,0,0,0,0,0.6493701934814453
video09,TriClass-Cloud-FT,1130,1,1,0,0,0,0,0.6646121144294739
video09,TriClass-Cloud-FT,1131,1,1,0,0,0,0,0.6189640164375305
video09,TriClass-Cloud-FT,1132,1,1,0,0,0,0,0.7205142378807068
video09,TriClass-Cloud-FT,1133,1,1,0,0,0,0,0.7172616124153137
video09,TriClass-Cloud-FT,1134,1,1,0,0,0,0,0.7270084023475647
video09,TriClass-Cloud-FT,1135,1,1,0,0,0,0,0.7226776480674744
video09,TriClass-Cloud-FT,1136,1,1,0,0,0,0,0.7547769546508789
video09,TriClass-Cloud-FT,1137,1,1,0,0,0,0,0.7271130681037903
video09,TriClass-Cloud-FT,1138,1,1,0,0,0,0,0.7420021891593933
video09,TriClass-Cloud-FT,1139,1,1,0,0,0,0,0.7502520084381104
video09,TriClass-Cloud-FT,1140,1,1,0,0,0,0,0.7588134407997131
video09,TriClass-Cloud-FT,1141,1,1,0,0,0,0,0.7666609883308411
video09,TriClass-Cloud-FT,1142,1,1,0,0,0,0,0.7748310565948486
video09,TriClass-Cloud-FT,1143,1,1,0,0,0,0,0.7812234163284302
video09,TriClass-Cloud-FT,1144,1,1,0,0,0,0,0.7944126725196838
video09,TriClass-Cloud-FT,1145,1,1,0,0,0,0,0.7800724506378174
video09,TriClass-Cloud-FT,1146,1,1,0,0,0,0,0.790384829044342
video09,TriClass-Cloud-FT,1147,1,1,0,0,0,0,0.8105231523513794
video09,TriClass-Cloud-FT,1148,1,1,0,0,0,0,0.813683271408081
video09,TriClass-Cloud-FT,1149,1,1,0,0,0,0,0.8165315985679626
video09,TriClass-Cloud-FT,1150,1,1,0,0,0,0,0.7803574800491333
video09,TriClass-Cloud-FT,1151,1,1,0,0,0,0,0.877178966999054
video09,TriClass-Cloud-FT,1152,1,1,0,0,0,0,0.8948033452033997
video09,TriClass-Cloud-FT,1153,1,1,0,0,0,0,0.9058495759963989
video09,TriClass-Cloud-FT,1154,1,1,0,0,0,0,0.9156871438026428
video09,TriClass-Cloud-FT,1155,1,1,0,0,0,0,0.9123945236206055
video09,TriClass-Cloud-FT,1156,1,1,0,0,0,0,0.9100970029830933
video09,TriClass-Cloud-FT,1157,1,1,0,0,0,0,0.8999892473220825
video09,TriClass-Cloud-FT,1158,1,1,0,0,0,0,0.9010384678840637
video09,TriClass-Cloud-FT,1159,1,1,0,0,0,0,0.9037792682647705
video09,TriClass-Cloud-FT,1160,1,1,0,0,0,0,0.9069483876228333
video09,TriClass-Cloud-FT,1161,1,1,0,0,0,0,0.9166449904441833
video09,TriClass-Cloud-FT,1162,1,1,0,0,0,0,0.9208489656448364
video09,TriClass-Cloud-FT,1163,1,1,0,0,0,0,0.912178635597229
video09,TriClass-Cloud-FT,1164,1,1,0,0,0,0,0.9125082492828369
video09,TriClass-Cloud-FT,1165,1,1,0,0,0,0,0.9144070744514465
video09,TriClass-Cloud-FT,1166,1,1,0,0,0,0,0.9155985713005066
video09,TriClass-Cloud-FT,1167,1,1,0,0,0,0,0.9235256910324097
video09,TriClass-Cloud-FT,1168,1,1,0,0,0,0,0.9215128421783447
video09,TriClass-Cloud-FT,1169,1,1,0,0,0,0,0.9231309294700623
video09,TriClass-Cloud-FT,1170,1,1,0,0,0,0,0.9230957627296448
video09,TriClass-Cloud-FT,1171,1,1,0,0,0,0,0.9200592637062073
video09,TriClass-Cloud-FT,1172,1,1,0,0,0,0,0.9158042073249817
video09,TriClass-Cloud-FT,1173,1,1,0,0,0,0,0.9115905165672302
video09,TriClass-Cloud-FT,1174,1,1,0,0,0,0,0.9248404502868652
video09,TriClass-Cloud-FT,1175,1,1,0,0,0,0,0.926383376121521
video09,TriClass-Cloud-FT,1176,1,1,0,0,0,0,0.9330207705497742
video09,TriClass-Cloud-FT,1177,1,1,0,0,0,0,0.9321413040161133
video09,TriClass-Cloud-FT,1178,1,1,0,0,0,0,0.930691659450531
video09,TriClass-Cloud-FT,1179,1,1,0,0,0,0,0.928817093372345
video09,TriClass-Cloud-FT,1180,1,1,0,0,0,0,0.9257543087005615
video09,TriClass-Cloud-FT,1181,1,1,0,0,0,0,0.9230055809020996
video09,TriClass-Cloud-FT,1182,1,1,0,0,0,0,0.9161115288734436
video09,TriClass-Cloud-FT,1183,1,1,0,0,0,0,0.9104479551315308
video09,TriClass-Cloud-FT,1184,1,1,0,0,0,0,0.9107608199119568
video09,TriClass-Cloud-FT,1185,1,1,0,0,0,0,0.9208878874778748
video09,TriClass-Cloud-FT,1186,1,1,0,0,0,0,0.9174736142158508
video09,TriClass-Cloud-FT,1187,1,1,0,0,0,0,0.9098489284515381
video09,TriClass-Cloud-FT,1188,1,1,0,0,0,0,0.9288638234138489
video09,TriClass-Cloud-FT,1189,1,1,0,0,0,0,0.9340976476669312
video09,TriClass-Cloud-FT,1190,1,1,0,0,0,0,0.9425241351127625
video09,TriClass-Cloud-FT,1191,1,1,0,0,0,0,0.9441497325897217
video09,TriClass-Cloud-FT,1192,1,1,0,0,0,0,0.9413168430328369
video09,TriClass-Cloud-FT,1193,1,1,0,0,0,0,0.9387592673301697
video09,TriClass-Cloud-FT,1194,1,1,0,0,0,0,0.9291787147521973
video09,TriClass-Cloud-FT,1195,1,1,0,0,0,0,0.9191325306892395
video09,TriClass-Cloud-FT,1196,1,1,0,0,0,0,0.9087932705879211
video09,TriClass-Cloud-FT,1197,1,1,0,0,0,0,0.9135745763778687
video09,TriClass-Cloud-FT,1198,1,1,0,0,0,0,0.9189561009407043
video09,TriClass-Cloud-FT,1199,1,1,0,0,0,0,0.9299405813217163
video09,TriClass-Cloud-FT,1200,1,1,0,0,0,0,0.9380671381950378
video09,TriClass-Cloud-FT,1201,1,1,0,0,0,0,0.9360843896865845
video09,TriClass-Cloud-FT,1202,1,1,0,0,0,0,0.9371913075447083
video09,TriClass-Cloud-FT,1203,1,1,0,0,0,0,0.937305212020874
video09,TriClass-Cloud-FT,1204,1,1,0,0,0,0,0.9312250018119812
video09,TriClass-Cloud-FT,1205,1,1,0,0,0,0,0.9173362851142883
video09,TriClass-Cloud-FT,1206,1,1,0,0,0,0,0.9071147441864014
video09,TriClass-Cloud-FT,1207,1,1,0,0,0,0,0.9195404648780823
video09,TriClass-Cloud-FT,1208,1,1,0,0,0,0,0.9121444821357727
video09,TriClass-Cloud-FT,1209,1,1,0,0,0,0,0.9253266453742981
video09,TriClass-Cloud-FT,1210,1,1,0,0,0,0,0.9386296272277832
video09,TriClass-Cloud-FT,1211,1,1,0,0,0,0,0.9371031522750854
video09,TriClass-Cloud-FT,1212,1,1,0,0,0,0,0.9337703585624695
video09,TriClass-Cloud-FT,1213,1,1,0,0,0,0,0.9250226616859436
video09,TriClass-Cloud-FT,1214,1,1,0,0,0,0,0.9094048738479614
video09,TriClass-Cloud-FT,1215,1,1,0,0,0,0,0.919959545135498
video09,TriClass-Cloud-FT,1216,1,1,0,0,0,0,0.9083625078201294
video09,TriClass-Cloud-FT,1217,1,1,0,0,0,0,0.9316771030426025
video09,TriClass-Cloud-FT,1218,1,1,0,0,0,0,0.940176248550415
video09,TriClass-Cloud-FT,1219,1,1,0,0,0,0,0.9367585182189941
video09,TriClass-Cloud-FT,1220,1,1,0,0,0,0,0.9318126440048218
video09,TriClass-Cloud-FT,1221,1,1,0,0,0,0,0.9222382307052612
video09,TriClass-Cloud-FT,1222,1,1,0,0,0,0,0.9127910137176514
video09,TriClass-Cloud-FT,1223,1,1,0,0,0,0,0.8910478949546814
video09,TriClass-Cloud-FT,1224,1,1,0,0,0,0,0.9208469390869141
video09,TriClass-Cloud-FT,1225,1,1,0,0,0,0,0.9357492923736572
video09,TriClass-Cloud-FT,1226,1,1,0,0,0,0,0.9415512681007385
video09,TriClass-Cloud-FT,1227,1,1,0,0,0,0,0.9359009861946106
video09,TriClass-Cloud-FT,1228,1,1,0,0,0,0,0.9295591711997986
video09,TriClass-Cloud-FT,1229,1,1,0,0,0,0,0.9137852787971497
video09,TriClass-Cloud-FT,1230,1,1,0,0,0,0,0.9154518842697144
video09,TriClass-Cloud-FT,1231,1,1,0,0,0,0,0.9132559895515442
video09,TriClass-Cloud-FT,1232,1,1,0,0,0,0,0.9341519474983215
video09,TriClass-Cloud-FT,1233,1,1,0,0,0,0,0.9426814913749695
video09,TriClass-Cloud-FT,1234,1,1,0,0,0,0,0.9383981823921204
video09,TriClass-Cloud-FT,1235,1,1,0,0,0,0,0.9291595220565796
video09,TriClass-Cloud-FT,1236,1,1,0,0,0,0,0.9170823097229004
video09,TriClass-Cloud-FT,1237,1,1,0,0,0,0,0.8911821246147156
video09,TriClass-Cloud-FT,1238,1,1,0,0,0,0,0.9183087348937988
video09,TriClass-Cloud-FT,1239,1,1,0,0,0,0,0.9398362636566162
video09,TriClass-Cloud-FT,1240,1,1,0,0,0,0,0.9403582811355591
video09,TriClass-Cloud-FT,1241,1,1,0,0,0,0,0.9305806756019592
video09,TriClass-Cloud-FT,1242,1,1,0,0,0,0,0.9181328415870667
video09,TriClass-Cloud-FT,1243,1,1,0,0,0,0,0.9153448343276978
video09,TriClass-Cloud-FT,1244,1,1,0,0,0,0,0.913818895816803
video09,TriClass-Cloud-FT,1245,1,1,0,0,0,0,0.9322803020477295
video09,TriClass-Cloud-FT,1246,1,1,0,0,0,0,0.9410527348518372
video09,TriClass-Cloud-FT,1247,1,1,0,0,0,0,0.9434510469436646
video09,TriClass-Cloud-FT,1248,1,1,0,0,0,0,0.9324197769165039
video09,TriClass-Cloud-FT,1249,1,1,0,0,0,0,0.9233980774879456
video09,TriClass-Cloud-FT,1250,1,1,0,0,0,0,0.922173261642456
video09,TriClass-Cloud-FT,1251,1,1,0,0,0,0,0.9205541014671326
video09,TriClass-Cloud-FT,1252,1,1,0,0,0,0,0.937186062335968
video09,TriClass-Cloud-FT,1253,1,1,0,0,0,0,0.944678783416748
video09,TriClass-Cloud-FT,1254,1,1,0,0,0,0,0.9366125464439392
video09,TriClass-Cloud-FT,1255,1,1,0,0,0,0,0.9255477786064148
video09,TriClass-Cloud-FT,1256,1,1,0,0,0,0,0.9152482151985168
video09,TriClass-Cloud-FT,1257,1,1,0,0,0,0,0.9256831407546997
video09,TriClass-Cloud-FT,1258,1,1,0,0,0,0,0.912157416343689
video09,TriClass-Cloud-FT,1259,1,1,0,0,0,0,0.9360314607620239
video09,TriClass-Cloud-FT,1260,1,1,0,0,0,0,0.9434822201728821
video09,TriClass-Cloud-FT,1261,1,1,0,0,0,0,0.9324162006378174
video09,TriClass-Cloud-FT,1262,1,1,0,0,0,0,0.9247678518295288
video09,TriClass-Cloud-FT,1263,1,1,0,0,0,0,0.8218004107475281
video09,TriClass-Cloud-FT,1264,1,1,0,0,0,0,0.9182557463645935
video09,TriClass-Cloud-FT,1265,1,1,0,0,0,0,0.9318950772285461
video09,TriClass-Cloud-FT,1266,1,1,0,0,0,0,0.9418536424636841
video09,TriClass-Cloud-FT,1267,1,1,0,0,0,0,0.9412958025932312
video09,TriClass-Cloud-FT,1268,1,1,0,0,0,0,0.9335471987724304
video09,TriClass-Cloud-FT,1269,1,1,0,0,0,0,0.9268872737884521
video09,TriClass-Cloud-FT,1270,1,1,0,0,0,0,0.9170850515365601
video09,TriClass-Cloud-FT,1271,1,1,0,0,0,0,0.8971728086471558
video09,TriClass-Cloud-FT,1272,1,1,0,0,0,0,0.8349824547767639
video09,TriClass-Cloud-FT,1273,1,1,0,0,0,0,0.9197346568107605
video09,TriClass-Cloud-FT,1274,1,1,0,0,0,0,0.9231430292129517
video09,TriClass-Cloud-FT,1275,1,1,0,0,0,0,0.9073936343193054
video09,TriClass-Cloud-FT,1276,1,1,0,0,0,0,0.9087374210357666
video09,TriClass-Cloud-FT,1277,1,1,0,0,0,0,0.9081498980522156
video09,TriClass-Cloud-FT,1278,1,1,0,0,0,0,0.9026077389717102
video09,TriClass-Cloud-FT,1279,1,1,0,0,0,0,0.8996694684028625
video09,TriClass-Cloud-FT,1280,1,1,0,0,0,0,0.8971896767616272
video09,TriClass-Cloud-FT,1281,1,1,0,0,0,0,0.8971265554428101
video09,TriClass-Cloud-FT,1282,1,1,0,0,0,0,0.9035132527351379
video09,TriClass-Cloud-FT,1283,1,1,0,0,0,0,0.9072526097297668
video09,TriClass-Cloud-FT,1284,1,1,0,0,0,0,0.9134810566902161
video09,TriClass-Cloud-FT,1285,1,1,0,0,0,0,0.9137879610061646
video09,TriClass-Cloud-FT,1286,1,1,0,0,0,0,0.908237099647522
video09,TriClass-Cloud-FT,1287,1,1,0,0,0,0,0.9113564491271973
video09,TriClass-Cloud-FT,1288,1,1,0,0,0,0,0.9150970578193665
video09,TriClass-Cloud-FT,1289,1,1,0,0,0,0,0.919559121131897
video09,TriClass-Cloud-FT,1290,1,1,0,0,0,0,0.9239175915718079
video09,TriClass-Cloud-FT,1291,1,1,0,0,0,0,0.9263920783996582
video09,TriClass-Cloud-FT,1292,1,1,0,0,0,0,0.9255092740058899
video09,TriClass-Cloud-FT,1293,1,1,0,0,0,0,0.9297738075256348
video09,TriClass-Cloud-FT,1294,1,1,0,0,0,0,0.9330851435661316
video09,TriClass-Cloud-FT,1295,1,1,0,0,0,0,0.934886634349823
video09,TriClass-Cloud-FT,1296,1,1,0,0,0,0,0.9331732392311096
video09,TriClass-Cloud-FT,1297,1,1,0,0,0,0,0.9308866858482361
video09,TriClass-Cloud-FT,1298,1,1,0,0,0,0,0.9337217807769775
video09,TriClass-Cloud-FT,1299,1,1,0,0,0,0,0.9348923563957214
video09,TriClass-Cloud-FT,1300,1,1,0,0,0,0,0.9323709607124329
video09,TriClass-Cloud-FT,1301,1,1,0,0,0,0,0.9280576109886169
video09,TriClass-Cloud-FT,1302,1,1,0,0,0,0,0.9265507459640503
video09,TriClass-Cloud-FT,1303,1,1,0,0,0,0,0.9267206788063049
video09,TriClass-Cloud-FT,1304,1,1,0,0,0,0,0.9235703945159912
video09,TriClass-Cloud-FT,1305,1,1,0,0,0,0,0.9232242703437805
video09,TriClass-Cloud-FT,1306,1,1,0,0,0,0,0.9215838313102722
video09,TriClass-Cloud-FT,1307,1,1,0,0,0,0,0.9197425842285156
video09,TriClass-Cloud-FT,1308,1,1,0,0,0,0,0.918577253818512
video09,TriClass-Cloud-FT,1309,1,1,0,0,0,0,0.9141830801963806
video09,TriClass-Cloud-FT,1310,1,1,0,0,0,0,0.9117994904518127
video09,TriClass-Cloud-FT,1311,1,1,0,0,0,0,0.9123673439025879
video09,TriClass-Cloud-FT,1312,1,1,0,0,0,0,0.9269689917564392
video09,TriClass-Cloud-FT,1313,1,1,0,0,0,0,0.9203612804412842
video09,TriClass-Cloud-FT,1314,1,1,0,0,0,0,0.9181230068206787
video09,TriClass-Cloud-FT,1315,1,1,0,0,0,0,0.9158594012260437
video09,TriClass-Cloud-FT,1316,1,1,0,0,0,0,0.9128833413124084
video09,TriClass-Cloud-FT,1317,1,1,0,0,0,0,0.9105350971221924
video09,TriClass-Cloud-FT,1318,1,1,0,0,0,0,0.9121409058570862
video09,TriClass-Cloud-FT,1319,1,1,0,0,0,0,0.9148060083389282
video09,TriClass-Cloud-FT,1320,1,1,0,0,0,0,0.9400147795677185
video09,TriClass-Cloud-FT,1321,1,1,0,0,0,0,0.9316028952598572
video09,TriClass-Cloud-FT,1322,1,1,0,0,0,0,0.9297760725021362
video09,TriClass-Cloud-FT,1323,1,1,0,0,0,0,0.9261212348937988
video09,TriClass-Cloud-FT,1324,1,1,0,0,0,0,0.9270247220993042
video09,TriClass-Cloud-FT,1325,1,1,0,0,0,0,0.9155659079551697
video09,TriClass-Cloud-FT,1326,1,1,0,0,0,0,0.9133688807487488
video09,TriClass-Cloud-FT,1327,1,1,0,0,0,0,0.9068910479545593
video09,TriClass-Cloud-FT,1328,1,1,0,0,0,0,0.904901385307312
video09,TriClass-Cloud-FT,1329,1,1,0,0,0,0,0.9138888716697693
video09,TriClass-Cloud-FT,1330,1,1,0,0,0,0,0.917770504951477
video09,TriClass-Cloud-FT,1331,1,1,0,0,0,0,0.907001256942749
video09,TriClass-Cloud-FT,1332,1,1,0,0,0,0,0.9078783392906189
video09,TriClass-Cloud-FT,1333,1,1,0,0,0,0,0.907291829586029
video09,TriClass-Cloud-FT,1334,1,1,0,0,0,0,0.921601414680481
video09,TriClass-Cloud-FT,1335,1,1,0,0,0,0,0.9152820110321045
video09,TriClass-Cloud-FT,1336,1,1,0,0,0,0,0.914806604385376
video09,TriClass-Cloud-FT,1337,1,1,0,0,0,0,0.9086658954620361
video09,TriClass-Cloud-FT,1338,1,1,0,0,0,0,0.9296124577522278
video09,TriClass-Cloud-FT,1339,1,1,0,0,0,0,0.9257113337516785
video09,TriClass-Cloud-FT,1340,1,1,0,0,0,0,0.9254949688911438
video09,TriClass-Cloud-FT,1341,1,1,0,0,0,0,0.9159665107727051
video09,TriClass-Cloud-FT,1342,1,1,0,0,0,0,0.9412167072296143
video09,TriClass-Cloud-FT,1343,1,1,0,0,0,0,0.9401000738143921
video09,TriClass-Cloud-FT,1344,1,1,0,0,0,0,0.9352726340293884
video09,TriClass-Cloud-FT,1345,1,1,0,0,0,0,0.9281919598579407
video09,TriClass-Cloud-FT,1346,1,1,0,0,0,0,0.9416275024414062
video09,TriClass-Cloud-FT,1347,1,1,0,0,0,0,0.9410077333450317
video09,TriClass-Cloud-FT,1348,1,1,0,0,0,0,0.9372014403343201
video09,TriClass-Cloud-FT,1349,1,1,0,0,0,0,0.9318870902061462
video09,TriClass-Cloud-FT,1350,1,1,0,0,0,0,0.9467787146568298
video09,TriClass-Cloud-FT,1351,1,1,0,0,0,0,0.9473348259925842
video09,TriClass-Cloud-FT,1352,1,1,0,0,0,0,0.9394403100013733
video09,TriClass-Cloud-FT,1353,1,1,0,0,0,0,0.9364033937454224
video09,TriClass-Cloud-FT,1354,1,1,0,0,0,0,0.9461277723312378
video09,TriClass-Cloud-FT,1355,1,1,0,0,0,0,0.9454331398010254
video09,TriClass-Cloud-FT,1356,1,1,0,0,0,0,0.9390020966529846
video09,TriClass-Cloud-FT,1357,1,1,0,0,0,0,0.9319241642951965
video09,TriClass-Cloud-FT,1358,1,1,0,0,0,0,0.9440719485282898
video09,TriClass-Cloud-FT,1359,1,1,0,0,0,0,0.9401682615280151
video09,TriClass-Cloud-FT,1360,1,1,0,0,0,0,0.9313673973083496
video09,TriClass-Cloud-FT,1361,1,1,0,0,0,0,0.9338438510894775
video09,TriClass-Cloud-FT,1362,1,1,0,0,0,0,0.9397974014282227
video09,TriClass-Cloud-FT,1363,1,1,0,0,0,0,0.9381222128868103
video09,TriClass-Cloud-FT,1364,1,1,0,0,0,0,0.9280111193656921
video09,TriClass-Cloud-FT,1365,1,1,0,0,0,0,0.9257444143295288
video09,TriClass-Cloud-FT,1366,1,1,0,0,0,0,0.9370402097702026
video09,TriClass-Cloud-FT,1367,1,1,0,0,0,0,0.9306642413139343
video09,TriClass-Cloud-FT,1368,1,1,0,0,0,0,0.9222074151039124
video09,TriClass-Cloud-FT,1369,1,1,0,0,0,0,0.9276572465896606
video09,TriClass-Cloud-FT,1370,1,1,0,0,0,0,0.9292502999305725
video09,TriClass-Cloud-FT,1371,1,1,0,0,0,0,0.919156551361084
video09,TriClass-Cloud-FT,1372,1,1,0,0,0,0,0.915429413318634
video09,TriClass-Cloud-FT,1373,1,1,0,0,0,0,0.9245088696479797
video09,TriClass-Cloud-FT,1374,1,1,0,0,0,0,0.9235177040100098
video09,TriClass-Cloud-FT,1375,1,1,0,0,0,0,0.9172427654266357
video09,TriClass-Cloud-FT,1376,1,1,0,0,0,0,0.9157105088233948
video09,TriClass-Cloud-FT,1377,1,1,0,0,0,0,0.9157472848892212
video09,TriClass-Cloud-FT,1378,1,1,0,0,0,0,0.9181358814239502
video09,TriClass-Cloud-FT,1379,1,1,0,0,0,0,0.9101463556289673
video09,TriClass-Cloud-FT,1380,1,1,0,0,0,0,0.9207440614700317
video09,TriClass-Cloud-FT,1381,1,1,0,0,0,0,0.9158881902694702
video09,TriClass-Cloud-FT,1382,1,1,0,0,0,0,0.916752278804779
video09,TriClass-Cloud-FT,1383,1,1,0,0,0,0,0.9132108688354492
video09,TriClass-Cloud-FT,1384,1,1,0,0,0,0,0.9185469746589661
video09,TriClass-Cloud-FT,1385,1,1,0,0,0,0,0.9177483320236206
video09,TriClass-Cloud-FT,1386,1,1,0,0,0,0,0.9211208820343018
video09,TriClass-Cloud-FT,1387,1,1,0,0,0,0,0.9256628155708313
video09,TriClass-Cloud-FT,1388,1,1,0,0,0,0,0.9078169465065002
video09,TriClass-Cloud-FT,1389,1,1,0,0,0,0,0.930305540561676
video09,TriClass-Cloud-FT,1390,1,1,0,0,0,0,0.9245473146438599
video09,TriClass-Cloud-FT,1391,2,2,0,0,1,0,0.7232476472854614
video09,TriClass-Cloud-FT,1392,2,2,0,0,1,0,0.6512279510498047
video09,TriClass-Cloud-FT,1393,1,1,0,0,0,0,0.8341457843780518
video09,TriClass-Cloud-FT,1394,1,1,0,0,0,0,0.9052412509918213
video09,TriClass-Cloud-FT,1395,1,1,0,0,0,0,0.9204427003860474
video09,TriClass-Cloud-FT,1396,1,1,0,0,0,0,0.9216457605361938
video09,TriClass-Cloud-FT,1397,1,1,0,0,0,0,0.9085566401481628
video09,TriClass-Cloud-FT,1398,1,1,0,0,0,0,0.9017783403396606
video09,TriClass-Cloud-FT,1399,1,1,0,0,0,0,0.9354323148727417
video09,TriClass-Cloud-FT,1400,1,1,0,0,0,0,0.9119486212730408
video09,TriClass-Cloud-FT,1401,1,1,0,0,0,0,0.9065108299255371
video09,TriClass-Cloud-FT,1402,1,1,0,0,0,0,0.9057746529579163
video09,TriClass-Cloud-FT,1403,1,1,0,0,0,0,0.9190161824226379
video09,TriClass-Cloud-FT,1404,1,1,0,0,0,0,0.9119961261749268
video09,TriClass-Cloud-FT,1405,1,1,0,0,0,0,0.9037691354751587
video09,TriClass-Cloud-FT,1406,1,1,0,0,0,0,0.912970244884491
video09,TriClass-Cloud-FT,1407,1,1,0,0,0,0,0.9151243567466736
video09,TriClass-Cloud-FT,1408,1,1,0,0,0,0,0.9047116637229919
video09,TriClass-Cloud-FT,1409,1,1,0,0,0,0,0.9061360359191895
video09,TriClass-Cloud-FT,1410,1,1,0,0,0,0,0.9203184843063354
video09,TriClass-Cloud-FT,1411,1,1,0,0,0,0,0.9133197665214539
video09,TriClass-Cloud-FT,1412,1,1,0,0,0,0,0.907278299331665
video09,TriClass-Cloud-FT,1413,1,1,0,0,0,0,0.9146174788475037
video09,TriClass-Cloud-FT,1414,1,1,0,0,0,0,0.9165476560592651
video09,TriClass-Cloud-FT,1415,1,1,0,0,0,0,0.9091715812683105
video09,TriClass-Cloud-FT,1416,1,1,0,0,0,0,0.9038845300674438
video09,TriClass-Cloud-FT,1417,1,1,0,0,0,0,0.9228300452232361
video09,TriClass-Cloud-FT,1418,1,1,0,0,0,0,0.9169694781303406
video09,TriClass-Cloud-FT,1419,1,1,0,0,0,0,0.9068849682807922
video09,TriClass-Cloud-FT,1420,1,1,0,0,0,0,0.9083970785140991
video09,TriClass-Cloud-FT,1421,1,1,0,0,0,0,0.9162381887435913
video09,TriClass-Cloud-FT,1422,1,1,0,0,0,0,0.9146170616149902
video09,TriClass-Cloud-FT,1423,1,1,0,0,0,0,0.9025549292564392
video09,TriClass-Cloud-FT,1424,1,1,0,0,0,0,0.9087754487991333
video09,TriClass-Cloud-FT,1425,1,1,0,0,0,0,0.9182054996490479
video09,TriClass-Cloud-FT,1426,1,1,0,0,0,0,0.910662055015564
video09,TriClass-Cloud-FT,1427,1,1,0,0,0,0,0.9074761867523193
video09,TriClass-Cloud-FT,1428,1,1,0,0,0,0,0.9134026765823364
video09,TriClass-Cloud-FT,1429,1,1,0,0,0,0,0.9195317625999451
video09,TriClass-Cloud-FT,1430,1,1,0,0,0,0,0.9070765972137451
video09,TriClass-Cloud-FT,1431,1,1,0,0,0,0,0.9051696062088013
video09,TriClass-Cloud-FT,1432,1,1,0,0,0,0,0.908621072769165
video09,TriClass-Cloud-FT,1433,1,1,0,0,0,0,0.9289782643318176
video09,TriClass-Cloud-FT,1434,1,1,0,0,0,0,0.9218625426292419
video09,TriClass-Cloud-FT,1435,1,1,0,0,0,0,0.9095456004142761
video09,TriClass-Cloud-FT,1436,1,1,0,0,0,0,0.9091100096702576
video09,TriClass-Cloud-FT,1437,1,1,0,0,0,0,0.9086807370185852
video09,TriClass-Cloud-FT,1438,1,1,0,0,0,0,0.9099552631378174
video09,TriClass-Cloud-FT,1439,1,1,0,0,0,0,0.9362846612930298
video09,TriClass-Cloud-FT,1440,1,1,0,0,0,0,0.9296130537986755
video09,TriClass-Cloud-FT,1441,1,1,0,0,0,0,0.9207866787910461
video09,TriClass-Cloud-FT,1442,1,1,0,0,0,0,0.9167569875717163
video09,TriClass-Cloud-FT,1443,1,1,0,0,0,0,0.9069693684577942
video09,TriClass-Cloud-FT,1444,1,1,0,0,0,0,0.904106855392456
video09,TriClass-Cloud-FT,1445,1,1,0,0,0,0,0.9004318714141846
video09,TriClass-Cloud-FT,1446,1,1,0,0,0,0,0.8944249749183655
video09,TriClass-Cloud-FT,1447,1,1,0,0,0,0,0.8969659209251404
video09,TriClass-Cloud-FT,1448,1,1,0,0,0,0,0.8949927687644958
video09,TriClass-Cloud-FT,1449,1,1,0,0,0,0,0.8996685743331909
video09,TriClass-Cloud-FT,1450,1,1,0,0,0,0,0.9009227752685547
video09,TriClass-Cloud-FT,1451,1,1,0,0,0,0,0.9029898643493652
video09,TriClass-Cloud-FT,1452,1,1,0,0,0,0,0.9084981083869934
video09,TriClass-Cloud-FT,1453,1,1,0,0,0,0,0.9060547351837158
video09,TriClass-Cloud-FT,1454,1,1,0,0,0,0,0.909769594669342
video09,TriClass-Cloud-FT,1455,1,1,0,0,0,0,0.9075930118560791
video09,TriClass-Cloud-FT,1456,1,1,0,0,0,0,0.9022232890129089
video09,TriClass-Cloud-FT,1457,1,1,0,0,0,0,0.8393594026565552
video09,TriClass-Cloud-FT,1458,1,1,0,0,0,0,0.920490026473999
video09,TriClass-Cloud-FT,1459,1,1,0,0,0,0,0.9184195399284363
video09,TriClass-Cloud-FT,1460,1,1,0,0,0,0,0.9023400545120239
video09,TriClass-Cloud-FT,1461,1,1,0,0,0,0,0.9028832316398621
video09,TriClass-Cloud-FT,1462,1,1,0,0,0,0,0.9191358089447021
video09,TriClass-Cloud-FT,1463,1,1,0,0,0,0,0.8891581892967224
video09,TriClass-Cloud-FT,1464,1,1,0,0,0,0,0.9237098097801208
video09,TriClass-Cloud-FT,1465,2,2,0,0,0,0,0.4914294183254242
video09,TriClass-Cloud-FT,1466,1,1,0,0,0,0,0.9155203104019165
video09,TriClass-Cloud-FT,1467,1,1,0,0,0,0,0.9086151123046875
video09,TriClass-Cloud-FT,1468,1,1,0,0,0,0,0.9163735508918762
video09,TriClass-Cloud-FT,1469,1,1,0,0,0,0,0.9145894646644592
video09,TriClass-Cloud-FT,1470,1,1,0,0,0,0,0.9144338369369507
video09,TriClass-Cloud-FT,1471,1,1,0,0,0,0,0.9153260588645935
video09,TriClass-Cloud-FT,1472,1,1,0,0,0,0,0.9143631458282471
video09,TriClass-Cloud-FT,1473,1,1,0,0,0,0,0.9139916300773621
video09,TriClass-Cloud-FT,1474,1,1,0,0,0,0,0.9186068177223206
video09,TriClass-Cloud-FT,1475,1,1,0,0,0,0,0.9219942688941956
video09,TriClass-Cloud-FT,1476,1,1,0,0,0,0,0.9216097593307495
video09,TriClass-Cloud-FT,1477,1,1,0,0,0,0,0.9218394160270691
video09,TriClass-Cloud-FT,1478,1,1,0,0,0,0,0.9243350028991699
video09,TriClass-Cloud-FT,1479,1,1,0,0,0,0,0.9228817820549011
video09,TriClass-Cloud-FT,1480,1,1,0,0,0,0,0.9223688244819641
video09,TriClass-Cloud-FT,1481,1,1,0,0,0,0,0.9226179718971252
video09,TriClass-Cloud-FT,1482,1,1,0,0,0,0,0.923797607421875
video09,TriClass-Cloud-FT,1483,1,1,0,0,0,0,0.9222675561904907
video09,TriClass-Cloud-FT,1484,1,1,0,0,0,0,0.9233160614967346
video09,TriClass-Cloud-FT,1485,1,1,0,0,0,0,0.9245541095733643
video09,TriClass-Cloud-FT,1486,1,1,0,0,0,0,0.92577064037323
video09,TriClass-Cloud-FT,1487,1,1,0,0,0,0,0.9195559620857239
video09,TriClass-Cloud-FT,1488,1,1,0,0,0,0,0.9195747971534729
video09,TriClass-Cloud-FT,1489,1,1,0,0,0,0,0.9221371412277222
video09,TriClass-Cloud-FT,1490,1,1,0,0,0,0,0.9188986420631409
video09,TriClass-Cloud-FT,1491,1,1,0,0,0,0,0.922471821308136
video09,TriClass-Cloud-FT,1492,1,1,0,0,0,0,0.9202189445495605
video09,TriClass-Cloud-FT,1493,1,1,0,0,0,0,0.928621768951416
video09,TriClass-Cloud-FT,1494,1,1,0,0,0,0,0.928891658782959
video09,TriClass-Cloud-FT,1495,1,1,0,0,0,0,0.929815948009491
video09,TriClass-Cloud-FT,1496,1,1,0,0,0,0,0.9321340322494507
video09,TriClass-Cloud-FT,1497,1,1,0,0,0,0,0.9377545118331909
video09,TriClass-Cloud-FT,1498,1,1,0,0,0,0,0.9362184405326843
video09,TriClass-Cloud-FT,1499,1,1,0,0,0,0,0.93597412109375
video09,TriClass-Cloud-FT,1500,1,1,0,0,0,0,0.9297780394554138
video09,TriClass-Cloud-FT,1501,1,1,0,0,0,0,0.9293609261512756
video09,TriClass-Cloud-FT,1502,1,1,0,0,0,0,0.926675021648407
video09,TriClass-Cloud-FT,1503,1,1,0,0,0,0,0.9255849719047546
video09,TriClass-Cloud-FT,1504,1,1,0,0,0,0,0.9255849719047546
video09,TriClass-Cloud-FT,1505,1,1,0,0,0,0,0.9236587882041931
video09,TriClass-Cloud-FT,1506,1,1,0,0,0,0,0.9225539565086365
video09,TriClass-Cloud-FT,1507,1,1,0,0,0,0,0.9224890470504761
video09,TriClass-Cloud-FT,1508,1,1,0,0,0,0,0.929015040397644
video09,TriClass-Cloud-FT,1509,1,1,0,0,0,0,0.9290111064910889
video09,TriClass-Cloud-FT,1510,2,2,0,0,1,0,0.401736855506897
video09,TriClass-Cloud-FT,1511,1,1,0,0,0,0,0.9366891980171204
video09,TriClass-Cloud-FT,1512,1,1,0,0,0,0,0.9370997548103333
video09,TriClass-Cloud-FT,1513,1,1,0,0,0,0,0.9372649788856506
video09,TriClass-Cloud-FT,1514,1,1,0,0,0,0,0.9360475540161133
video09,TriClass-Cloud-FT,1515,1,1,0,0,0,0,0.9343668222427368
video09,TriClass-Cloud-FT,1516,1,1,0,0,0,0,0.9343340396881104
video09,TriClass-Cloud-FT,1517,1,1,0,0,0,0,0.9325660467147827
video09,TriClass-Cloud-FT,1518,1,1,0,0,0,0,0.9320092797279358
video09,TriClass-Cloud-FT,1519,1,1,0,0,0,0,0.9294056296348572
video09,TriClass-Cloud-FT,1520,1,1,0,0,0,0,0.9233529567718506
video09,TriClass-Cloud-FT,1521,1,1,0,0,0,0,0.9176591038703918
video09,TriClass-Cloud-FT,1522,1,1,0,0,0,0,0.9140253067016602
video09,TriClass-Cloud-FT,1523,1,1,0,0,0,0,0.9140900373458862
video09,TriClass-Cloud-FT,1524,1,1,0,0,0,0,0.9176296591758728
video09,TriClass-Cloud-FT,1525,1,1,0,0,0,0,0.9140172600746155
video09,TriClass-Cloud-FT,1526,1,1,0,0,0,0,0.8061191439628601
video09,TriClass-Cloud-FT,1527,1,1,0,0,0,0,0.9172900915145874
video09,TriClass-Cloud-FT,1528,1,1,0,0,0,0,0.9186163544654846
video09,TriClass-Cloud-FT,1529,1,1,0,0,0,0,0.9223689436912537
video09,TriClass-Cloud-FT,1530,1,1,0,0,0,0,0.9292879700660706
video09,TriClass-Cloud-FT,1531,1,1,0,0,0,0,0.9345609545707703
video09,TriClass-Cloud-FT,1532,1,1,0,0,0,0,0.9387088418006897
video09,TriClass-Cloud-FT,1533,1,1,0,0,0,0,0.9409414529800415
video09,TriClass-Cloud-FT,1534,1,1,0,0,0,0,0.9458483457565308
video09,TriClass-Cloud-FT,1535,1,1,0,0,0,0,0.9404932260513306
video09,TriClass-Cloud-FT,1536,1,1,0,0,0,0,0.9380326271057129
video09,TriClass-Cloud-FT,1537,1,1,0,0,0,0,0.9352802634239197
video09,TriClass-Cloud-FT,1538,1,1,0,0,0,0,0.9305340647697449
video09,TriClass-Cloud-FT,1539,1,1,0,0,0,0,0.9252580404281616
video09,TriClass-Cloud-FT,1540,1,1,0,0,0,0,0.9213579893112183
video09,TriClass-Cloud-FT,1541,1,1,0,0,0,0,0.9116349816322327
video09,TriClass-Cloud-FT,1542,1,1,0,0,0,0,0.9086030125617981
video09,TriClass-Cloud-FT,1543,1,1,0,0,0,0,0.927099347114563
video09,TriClass-Cloud-FT,1544,1,1,0,0,0,0,0.9315794110298157
video09,TriClass-Cloud-FT,1545,1,1,0,0,0,0,0.9279330968856812
video09,TriClass-Cloud-FT,1546,1,1,0,0,0,0,0.9385657906532288
video09,TriClass-Cloud-FT,1547,1,1,0,0,0,0,0.9409277439117432
video09,TriClass-Cloud-FT,1548,1,1,0,0,0,0,0.9464688301086426
video09,TriClass-Cloud-FT,1549,1,1,0,0,0,0,0.9434849619865417
video09,TriClass-Cloud-FT,1550,1,1,0,0,0,0,0.934343695640564
video09,TriClass-Cloud-FT,1551,1,1,0,0,0,0,0.8462491631507874
video09,TriClass-Cloud-FT,1552,1,1,0,0,0,0,0.9239813685417175
video09,TriClass-Cloud-FT,1553,1,1,0,0,0,0,0.9187200665473938
video09,TriClass-Cloud-FT,1554,1,1,0,0,0,0,0.9188178181648254
video09,TriClass-Cloud-FT,1555,1,1,0,0,0,0,0.9230871200561523
video09,TriClass-Cloud-FT,1556,1,1,0,0,0,0,0.9239265322685242
video09,TriClass-Cloud-FT,1557,1,1,0,0,0,0,0.9262127876281738
video09,TriClass-Cloud-FT,1558,1,1,0,0,0,0,0.9254422187805176
video09,TriClass-Cloud-FT,1559,1,1,0,0,0,0,0.9280019998550415
video09,TriClass-Cloud-FT,1560,1,1,0,0,0,0,0.8962312340736389
video09,TriClass-Cloud-FT,1561,1,1,0,0,0,0,0.9057223796844482
video09,TriClass-Cloud-FT,1562,1,1,0,0,0,0,0.907122015953064
video09,TriClass-Cloud-FT,1563,1,1,0,0,0,0,0.9098037481307983
video09,TriClass-Cloud-FT,1564,1,1,0,0,0,0,0.9091755151748657
video09,TriClass-Cloud-FT,1565,1,1,0,0,0,0,0.9087072014808655
video09,TriClass-Cloud-FT,1566,1,1,0,0,0,0,0.9100252389907837
video09,TriClass-Cloud-FT,1567,1,1,0,0,0,0,0.909720778465271
video09,TriClass-Cloud-FT,1568,1,1,0,0,0,0,0.9083312749862671
video09,TriClass-Cloud-FT,1569,1,1,0,0,0,0,0.9143931269645691
video09,TriClass-Cloud-FT,1570,1,1,0,0,0,0,0.9144629240036011
video09,TriClass-Cloud-FT,1571,1,1,0,0,0,0,0.9191893339157104
video09,TriClass-Cloud-FT,1572,1,1,0,0,0,0,0.9248054623603821
video09,TriClass-Cloud-FT,1573,1,1,0,0,0,0,0.9305713176727295
video09,TriClass-Cloud-FT,1574,1,1,0,0,0,0,0.9273742437362671
video09,TriClass-Cloud-FT,1575,1,1,0,0,0,0,0.9321240782737732
video09,TriClass-Cloud-FT,1576,1,1,0,0,0,0,0.9307401180267334
video09,TriClass-Cloud-FT,1577,1,1,0,0,0,0,0.9316924214363098
video09,TriClass-Cloud-FT,1578,1,1,0,0,0,0,0.9253677129745483
video09,TriClass-Cloud-FT,1579,1,1,0,0,0,0,0.9213447570800781
video09,TriClass-Cloud-FT,1580,1,1,0,0,0,0,0.9204476475715637
video09,TriClass-Cloud-FT,1581,1,1,0,0,0,0,0.9167287349700928
video09,TriClass-Cloud-FT,1582,1,1,0,0,0,0,0.9209209084510803
video09,TriClass-Cloud-FT,1583,1,1,0,0,0,0,0.9228352904319763
video09,TriClass-Cloud-FT,1584,1,1,0,0,0,0,0.9204889535903931
video09,TriClass-Cloud-FT,1585,1,1,0,0,0,0,0.9186347723007202
video09,TriClass-Cloud-FT,1586,1,1,0,0,0,0,0.9242630004882812
video09,TriClass-Cloud-FT,1587,1,1,0,0,0,0,0.92463219165802
video09,TriClass-Cloud-FT,1588,1,1,0,0,0,0,0.9240210652351379
video09,TriClass-Cloud-FT,1589,1,1,0,0,0,0,0.9275692701339722
video09,TriClass-Cloud-FT,1590,1,1,0,0,0,0,0.9264516234397888
video09,TriClass-Cloud-FT,1591,1,1,0,0,0,0,0.876191258430481
video09,TriClass-Cloud-FT,1592,1,1,0,0,0,0,0.9001981616020203
video09,TriClass-Cloud-FT,1593,1,1,0,0,0,0,0.9209170937538147
video09,TriClass-Cloud-FT,1594,1,1,0,0,0,0,0.9201537370681763
video09,TriClass-Cloud-FT,1595,1,1,0,0,0,0,0.9245394468307495
video09,TriClass-Cloud-FT,1596,1,1,0,0,0,0,0.9209262728691101
video09,TriClass-Cloud-FT,1597,1,1,0,0,0,0,0.9175756573677063
video09,TriClass-Cloud-FT,1598,1,1,0,0,0,0,0.9128923416137695
video09,TriClass-Cloud-FT,1599,1,1,0,0,0,0,0.9154328107833862
video09,TriClass-Cloud-FT,1600,1,1,0,0,0,0,0.9197974801063538
video09,TriClass-Cloud-FT,1601,1,1,0,0,0,0,0.9188305735588074
video09,TriClass-Cloud-FT,1602,1,1,0,0,0,0,0.9173465967178345
video09,TriClass-Cloud-FT,1603,1,1,0,0,0,0,0.9129645824432373
video09,TriClass-Cloud-FT,1604,1,1,0,0,0,0,0.9161711931228638
video09,TriClass-Cloud-FT,1605,1,1,0,0,0,0,0.9162014722824097
video09,TriClass-Cloud-FT,1606,1,1,0,0,0,0,0.9241638779640198
video09,TriClass-Cloud-FT,1607,1,1,0,0,0,0,0.9226545095443726
video09,TriClass-Cloud-FT,1608,1,1,0,0,0,0,0.9207860827445984
video09,TriClass-Cloud-FT,1609,1,1,0,0,0,0,0.9174543619155884
video09,TriClass-Cloud-FT,1610,1,1,0,0,0,0,0.9227389693260193
video09,TriClass-Cloud-FT,1611,1,1,0,0,0,0,0.9239606261253357
video09,TriClass-Cloud-FT,1612,1,1,0,0,0,0,0.9271795749664307
video09,TriClass-Cloud-FT,1613,1,1,0,0,0,0,0.9269106388092041
video09,TriClass-Cloud-FT,1614,2,2,0,0,1,0,0.8084859251976013
video09,TriClass-Cloud-FT,1615,2,2,0,0,0,0,0.5475543141365051
video09,TriClass-Cloud-FT,1616,1,1,0,0,0,0,0.9218482375144958
video09,TriClass-Cloud-FT,1617,1,1,0,0,0,0,0.8935763835906982
video09,TriClass-Cloud-FT,1618,1,1,0,0,0,0,0.9094609022140503
video09,TriClass-Cloud-FT,1619,1,1,0,0,0,0,0.9105774164199829
video09,TriClass-Cloud-FT,1620,1,1,0,0,0,0,0.9210326671600342
video09,TriClass-Cloud-FT,1621,1,1,0,0,0,0,0.9229130744934082
video09,TriClass-Cloud-FT,1622,1,1,0,0,0,0,0.9053248763084412
video09,TriClass-Cloud-FT,1623,1,1,0,0,0,0,0.8899016380310059
video09,TriClass-Cloud-FT,1624,1,1,0,0,0,0,0.9277536273002625
video09,TriClass-Cloud-FT,1625,1,1,0,0,0,0,0.8739093542098999
video09,TriClass-Cloud-FT,1626,1,1,0,0,0,0,0.808009922504425
video09,TriClass-Cloud-FT,1627,1,1,0,0,0,0,0.8387115001678467
video09,TriClass-Cloud-FT,1628,1,1,0,0,0,0,0.9137414693832397
video09,TriClass-Cloud-FT,1629,1,1,0,0,0,0,0.850553035736084
video09,TriClass-Cloud-FT,1630,1,1,0,0,0,0,0.8431163430213928
video09,TriClass-Cloud-FT,1631,1,1,0,0,0,0,0.908551812171936
video09,TriClass-Cloud-FT,1632,1,1,0,0,0,0,0.915202796459198
video09,TriClass-Cloud-FT,1633,1,1,0,0,0,0,0.9199044704437256
video09,TriClass-Cloud-FT,1634,2,2,0,0,1,0,0.9042064547538757
video09,TriClass-Cloud-FT,1635,1,1,0,0,0,0,0.928551971912384
video09,TriClass-Cloud-FT,1636,1,1,0,0,0,0,0.8874277472496033
video09,TriClass-Cloud-FT,1637,1,1,0,0,0,0,0.9139988422393799
video09,TriClass-Cloud-FT,1638,1,1,0,0,0,0,0.9079837799072266
video09,TriClass-Cloud-FT,1639,2,2,0,0,0,0,0.6088221073150635
video09,TriClass-Cloud-FT,1640,1,1,0,0,0,0,0.825377345085144
video09,TriClass-Cloud-FT,1641,1,1,0,0,0,0,0.8141265511512756
video09,TriClass-Cloud-FT,1642,1,1,0,0,0,0,0.8987430334091187
video09,TriClass-Cloud-FT,1643,1,1,0,0,0,0,0.9079706072807312
video09,TriClass-Cloud-FT,1644,1,1,0,0,0,0,0.9095050692558289
video09,TriClass-Cloud-FT,1645,1,1,0,0,0,0,0.8726343512535095
video09,TriClass-Cloud-FT,1646,1,1,0,0,0,0,0.9204760193824768
video09,TriClass-Cloud-FT,1647,1,1,0,0,0,0,0.9274675250053406
video09,TriClass-Cloud-FT,1648,1,1,0,0,0,0,0.9184919595718384
video09,TriClass-Cloud-FT,1649,1,1,0,0,0,0,0.9214928150177002
video09,TriClass-Cloud-FT,1650,1,1,0,0,0,0,0.9269163608551025
video09,TriClass-Cloud-FT,1651,1,1,0,0,0,0,0.9306138157844543
video09,TriClass-Cloud-FT,1652,1,1,0,0,0,0,0.9255643486976624
video09,TriClass-Cloud-FT,1653,1,1,0,0,0,0,0.9202867746353149
video09,TriClass-Cloud-FT,1654,1,1,0,0,0,0,0.9167957901954651
video09,TriClass-Cloud-FT,1655,1,1,0,0,0,0,0.9173845052719116
video09,TriClass-Cloud-FT,1656,1,1,0,0,0,0,0.9151156544685364
video09,TriClass-Cloud-FT,1657,1,1,0,0,0,0,0.9231278896331787
video09,TriClass-Cloud-FT,1658,1,1,0,0,0,0,0.91033935546875
video09,TriClass-Cloud-FT,1659,1,1,0,0,0,0,0.9194537997245789
video09,TriClass-Cloud-FT,1660,1,1,0,0,0,0,0.9233313798904419
video09,TriClass-Cloud-FT,1661,1,1,0,0,0,0,0.9183425307273865
video09,TriClass-Cloud-FT,1662,1,1,0,0,0,0,0.9143635630607605
video09,TriClass-Cloud-FT,1663,1,1,0,0,0,0,0.9126138687133789
video09,TriClass-Cloud-FT,1664,1,1,0,0,0,0,0.9123584032058716
video09,TriClass-Cloud-FT,1665,1,1,0,0,0,0,0.914317786693573
video09,TriClass-Cloud-FT,1666,1,1,0,0,0,0,0.9126083254814148
video09,TriClass-Cloud-FT,1667,1,1,0,0,0,0,0.9240636229515076
video09,TriClass-Cloud-FT,1668,1,1,0,0,0,0,0.9202365875244141
video09,TriClass-Cloud-FT,1669,1,1,0,0,0,0,0.9219813942909241
video09,TriClass-Cloud-FT,1670,1,1,0,0,0,0,0.9174094200134277
video09,TriClass-Cloud-FT,1671,1,1,0,0,0,0,0.9170629978179932
video09,TriClass-Cloud-FT,1672,1,1,0,0,0,0,0.9163045883178711
video09,TriClass-Cloud-FT,1673,1,1,0,0,0,0,0.917213499546051
video09,TriClass-Cloud-FT,1674,1,1,0,0,0,0,0.918465793132782
video09,TriClass-Cloud-FT,1675,1,1,0,0,0,0,0.9227784872055054
video09,TriClass-Cloud-FT,1676,1,1,0,0,0,0,0.8797122836112976
video09,TriClass-Cloud-FT,1677,1,1,0,0,0,0,0.9142661690711975
video09,TriClass-Cloud-FT,1678,1,1,0,0,0,0,0.9146108031272888
video09,TriClass-Cloud-FT,1679,1,1,0,0,0,0,0.9092655181884766
video09,TriClass-Cloud-FT,1680,1,1,0,0,0,0,0.9096497297286987
video09,TriClass-Cloud-FT,1681,1,1,0,0,0,0,0.9166470170021057
video09,TriClass-Cloud-FT,1682,1,1,0,0,0,0,0.9258726239204407
video09,TriClass-Cloud-FT,1683,1,1,0,0,0,0,0.929680347442627
video09,TriClass-Cloud-FT,1684,1,1,0,0,0,0,0.9154413342475891
video09,TriClass-Cloud-FT,1685,1,1,0,0,0,0,0.9210741519927979
video09,TriClass-Cloud-FT,1686,1,1,0,0,0,0,0.920467734336853
video09,TriClass-Cloud-FT,1687,1,1,0,0,0,0,0.9169996380805969
video09,TriClass-Cloud-FT,1688,1,1,0,0,0,0,0.9109376668930054
video09,TriClass-Cloud-FT,1689,1,1,0,0,0,0,0.9309834837913513
video09,TriClass-Cloud-FT,1690,1,1,0,0,0,0,0.9266852736473083
video09,TriClass-Cloud-FT,1691,1,1,0,0,0,0,0.9073959589004517
video09,TriClass-Cloud-FT,1692,1,1,0,0,0,0,0.9194787740707397
video09,TriClass-Cloud-FT,1693,1,1,0,0,0,0,0.9234715700149536
video09,TriClass-Cloud-FT,1694,1,1,0,0,0,0,0.9191882014274597
video09,TriClass-Cloud-FT,1695,1,1,0,0,0,0,0.9256297945976257
video09,TriClass-Cloud-FT,1696,1,1,0,0,0,0,0.9320515990257263
video09,TriClass-Cloud-FT,1697,1,1,0,0,0,0,0.9322497844696045
video09,TriClass-Cloud-FT,1698,1,1,0,0,0,0,0.9035798907279968
video09,TriClass-Cloud-FT,1699,1,1,0,0,0,0,0.913945734500885
video09,TriClass-Cloud-FT,1700,1,1,0,0,0,0,0.9224860072135925
video09,TriClass-Cloud-FT,1701,1,1,0,0,0,0,0.9120936989784241
video09,TriClass-Cloud-FT,1702,1,1,0,0,0,0,0.8325814604759216
video09,TriClass-Cloud-FT,1703,1,1,0,0,0,0,0.892450213432312
video09,TriClass-Cloud-FT,1704,1,1,0,0,0,0,0.9147724509239197
video09,TriClass-Cloud-FT,1705,2,2,0,0,1,0,0.4530127942562103
video09,TriClass-Cloud-FT,1706,1,1,0,0,0,0,0.9064285159111023
video09,TriClass-Cloud-FT,1707,1,1,0,0,0,0,0.7686120867729187
video09,TriClass-Cloud-FT,1708,1,1,0,0,0,0,0.9187585115432739
video09,TriClass-Cloud-FT,1709,1,1,0,0,0,0,0.919476330280304
video09,TriClass-Cloud-FT,1710,1,1,0,0,0,0,0.9315506219863892
video09,TriClass-Cloud-FT,1711,1,1,0,0,0,0,0.8957681655883789
video09,TriClass-Cloud-FT,1712,2,2,0,0,0,0,0.5988947153091431
video09,TriClass-Cloud-FT,1713,1,1,0,0,0,0,0.924972414970398
video09,TriClass-Cloud-FT,1714,1,1,0,0,0,0,0.9261739253997803
video09,TriClass-Cloud-FT,1715,1,1,0,0,0,0,0.9283588528633118
video09,TriClass-Cloud-FT,1716,1,1,0,0,0,0,0.9293147921562195
video09,TriClass-Cloud-FT,1717,1,1,0,0,0,0,0.9176334738731384
video09,TriClass-Cloud-FT,1718,1,1,0,0,0,0,0.9257913827896118
video09,TriClass-Cloud-FT,1719,1,1,0,0,0,0,0.9310749173164368
video09,TriClass-Cloud-FT,1720,2,2,0,0,0,0,0.38193973898887634
video09,TriClass-Cloud-FT,1721,1,1,0,0,0,0,0.9110808968544006
video09,TriClass-Cloud-FT,1722,1,1,0,0,0,0,0.9114254713058472
video09,TriClass-Cloud-FT,1723,1,1,0,0,0,0,0.9179486632347107
video09,TriClass-Cloud-FT,1724,1,1,0,0,0,0,0.9195066094398499
video09,TriClass-Cloud-FT,1725,1,1,0,0,0,0,0.9219194650650024
video09,TriClass-Cloud-FT,1726,1,1,0,0,0,0,0.9286255240440369
video09,TriClass-Cloud-FT,1727,1,1,0,0,0,0,0.9292920827865601
video09,TriClass-Cloud-FT,1728,1,1,0,0,0,0,0.9150452613830566
video09,TriClass-Cloud-FT,1729,1,1,0,0,0,0,0.9138646125793457
video09,TriClass-Cloud-FT,1730,1,1,0,0,0,0,0.912255585193634
video09,TriClass-Cloud-FT,1731,1,1,0,0,0,0,0.91552734375
video09,TriClass-Cloud-FT,1732,1,1,0,0,0,0,0.9141559600830078
video09,TriClass-Cloud-FT,1733,1,1,0,0,0,0,0.9187615513801575
video09,TriClass-Cloud-FT,1734,1,1,0,0,0,0,0.9149068593978882
video09,TriClass-Cloud-FT,1735,1,1,0,0,0,0,0.9167979955673218
video09,TriClass-Cloud-FT,1736,1,1,0,0,0,0,0.9134673476219177
video09,TriClass-Cloud-FT,1737,1,1,0,0,0,0,0.918937087059021
video09,TriClass-Cloud-FT,1738,1,1,0,0,0,0,0.9085385203361511
video09,TriClass-Cloud-FT,1739,1,1,0,0,0,0,0.9139261245727539
video09,TriClass-Cloud-FT,1740,1,1,0,0,0,0,0.9131837487220764
video09,TriClass-Cloud-FT,1741,1,1,0,0,0,0,0.9125363230705261
video09,TriClass-Cloud-FT,1742,1,1,0,0,0,0,0.9163890480995178
video09,TriClass-Cloud-FT,1743,1,1,0,0,0,0,0.9152328372001648
video09,TriClass-Cloud-FT,1744,1,1,0,0,0,0,0.9152038097381592
video09,TriClass-Cloud-FT,1745,1,1,0,0,0,0,0.9185549020767212
video09,TriClass-Cloud-FT,1746,1,1,0,0,0,0,0.8620560765266418
video09,TriClass-Cloud-FT,1747,1,1,0,0,0,0,0.931378960609436
video09,TriClass-Cloud-FT,1748,1,1,0,0,0,0,0.9321438670158386
video09,TriClass-Cloud-FT,1749,1,1,0,0,0,0,0.934241771697998
video09,TriClass-Cloud-FT,1750,1,1,0,0,0,0,0.9340581297874451
video09,TriClass-Cloud-FT,1751,1,1,0,0,0,0,0.9345525503158569
video09,TriClass-Cloud-FT,1752,1,1,0,0,0,0,0.9375476241111755
video09,TriClass-Cloud-FT,1753,1,1,0,0,0,0,0.9363371729850769
video09,TriClass-Cloud-FT,1754,1,1,0,0,0,0,0.9378399848937988
video09,TriClass-Cloud-FT,1755,1,1,0,0,0,0,0.9375965595245361
video09,TriClass-Cloud-FT,1756,1,1,0,0,0,0,0.9416824579238892
video09,TriClass-Cloud-FT,1757,1,1,0,0,0,0,0.9404552578926086
video09,TriClass-Cloud-FT,1758,1,1,0,0,0,0,0.9403758645057678
video09,TriClass-Cloud-FT,1759,1,1,0,0,0,0,0.9407133460044861
video09,TriClass-Cloud-FT,1760,1,1,0,0,0,0,0.9397459030151367
video09,TriClass-Cloud-FT,1761,1,1,0,0,0,0,0.9393138289451599
video09,TriClass-Cloud-FT,1762,1,1,0,0,0,0,0.9392074942588806
video09,TriClass-Cloud-FT,1763,1,1,0,0,0,0,0.9406613111495972
video09,TriClass-Cloud-FT,1764,1,1,0,0,0,0,0.9402190446853638
video09,TriClass-Cloud-FT,1765,1,1,0,0,0,0,0.9417397379875183
video09,TriClass-Cloud-FT,1766,1,1,0,0,0,0,0.9388307929039001
video09,TriClass-Cloud-FT,1767,1,1,0,0,0,0,0.9422995448112488
video09,TriClass-Cloud-FT,1768,1,1,0,0,0,0,0.9416037797927856
video09,TriClass-Cloud-FT,1769,1,1,0,0,0,0,0.9414089322090149
video09,TriClass-Cloud-FT,1770,1,1,0,0,0,0,0.9406546950340271
video09,TriClass-Cloud-FT,1771,1,1,0,0,0,0,0.9422562718391418
video09,TriClass-Cloud-FT,1772,1,1,0,0,0,0,0.9403576254844666
video09,TriClass-Cloud-FT,1773,1,1,0,0,0,0,0.9421830177307129
video09,TriClass-Cloud-FT,1774,1,1,0,0,0,0,0.9423831105232239
video09,TriClass-Cloud-FT,1775,1,1,0,0,0,0,0.9436944723129272
video09,TriClass-Cloud-FT,1776,1,1,0,0,0,0,0.9429951906204224
video09,TriClass-Cloud-FT,1777,1,1,0,0,0,0,0.9429957270622253
video09,TriClass-Cloud-FT,1778,1,1,0,0,0,0,0.9410965442657471
video09,TriClass-Cloud-FT,1779,1,1,0,0,0,0,0.9409328103065491
video09,TriClass-Cloud-FT,1780,1,1,0,0,0,0,0.9418725371360779
video09,TriClass-Cloud-FT,1781,1,1,0,0,0,0,0.945397138595581
video09,TriClass-Cloud-FT,1782,1,1,0,0,0,0,0.9423808455467224
video09,TriClass-Cloud-FT,1783,1,1,0,0,0,0,0.9382111430168152
video09,TriClass-Cloud-FT,1784,1,1,0,0,0,0,0.9370838403701782
video09,TriClass-Cloud-FT,1785,1,1,0,0,0,0,0.9376916289329529
video09,TriClass-Cloud-FT,1786,1,1,0,0,0,0,0.932936429977417
video09,TriClass-Cloud-FT,1787,1,1,0,0,0,0,0.93363356590271
video09,TriClass-Cloud-FT,1788,1,1,0,0,0,0,0.9354200959205627
video09,TriClass-Cloud-FT,1789,1,1,0,0,0,0,0.9329476356506348
video09,TriClass-Cloud-FT,1790,1,1,0,0,0,0,0.9328306317329407
video09,TriClass-Cloud-FT,1791,1,1,0,0,0,0,0.932667076587677
video09,TriClass-Cloud-FT,1792,1,1,0,0,0,0,0.9365000128746033
video09,TriClass-Cloud-FT,1793,1,1,0,0,0,0,0.9308391809463501
video09,TriClass-Cloud-FT,1794,1,1,0,0,0,0,0.9296437501907349
video09,TriClass-Cloud-FT,1795,1,1,0,0,0,0,0.9357584118843079
video09,TriClass-Cloud-FT,1796,1,1,0,0,0,0,0.9376323223114014
video09,TriClass-Cloud-FT,1797,1,1,0,0,0,0,0.9357814788818359
video09,TriClass-Cloud-FT,1798,1,1,0,0,0,0,0.9356179237365723
video09,TriClass-Cloud-FT,1799,1,1,0,0,0,0,0.931556224822998
video09,TriClass-Cloud-FT,1800,1,1,0,0,0,0,0.9270197153091431
video09,TriClass-Cloud-FT,1801,1,1,0,0,0,0,0.9268232583999634
video09,TriClass-Cloud-FT,1802,1,1,0,0,0,0,0.9302424192428589
video09,TriClass-Cloud-FT,1803,1,1,0,0,0,0,0.9313527941703796
video09,TriClass-Cloud-FT,1804,1,1,0,0,0,0,0.9267673492431641
video09,TriClass-Cloud-FT,1805,1,1,0,0,0,0,0.9225631952285767
video09,TriClass-Cloud-FT,1806,1,1,0,0,0,0,0.9165414571762085
video09,TriClass-Cloud-FT,1807,1,1,0,0,0,0,0.9124376773834229
video09,TriClass-Cloud-FT,1808,1,1,0,0,0,0,0.9181321263313293
video09,TriClass-Cloud-FT,1809,1,1,0,0,0,0,0.9234520792961121
video09,TriClass-Cloud-FT,1810,1,1,0,0,0,0,0.9189303517341614
video09,TriClass-Cloud-FT,1811,1,1,0,0,0,0,0.9136565923690796
video09,TriClass-Cloud-FT,1812,1,1,0,0,0,0,0.9105105996131897
video09,TriClass-Cloud-FT,1813,1,1,0,0,0,0,0.924605667591095
video09,TriClass-Cloud-FT,1814,1,1,0,0,0,0,0.9098389744758606
video09,TriClass-Cloud-FT,1815,1,1,0,0,0,0,0.9147703647613525
video09,TriClass-Cloud-FT,1816,1,1,0,0,0,0,0.9123296141624451
video09,TriClass-Cloud-FT,1817,1,1,0,0,0,0,0.9121350646018982
video09,TriClass-Cloud-FT,1818,1,1,0,0,0,0,0.9121723771095276
video09,TriClass-Cloud-FT,1819,1,1,0,0,0,0,0.910252571105957
video09,TriClass-Cloud-FT,1820,1,1,0,0,0,0,0.9134398698806763
video09,TriClass-Cloud-FT,1821,1,1,0,0,0,0,0.9198324680328369
video09,TriClass-Cloud-FT,1822,1,1,0,0,0,0,0.9261937141418457
video09,TriClass-Cloud-FT,1823,1,1,0,0,0,0,0.9160318970680237
video09,TriClass-Cloud-FT,1824,1,1,0,0,0,0,0.9207835793495178
video09,TriClass-Cloud-FT,1825,1,1,0,0,0,0,0.9209869503974915
video09,TriClass-Cloud-FT,1826,1,1,0,0,0,0,0.9293656945228577
video09,TriClass-Cloud-FT,1827,1,1,0,0,0,0,0.9231398701667786
video09,TriClass-Cloud-FT,1828,1,1,0,0,0,0,0.9181295037269592
video09,TriClass-Cloud-FT,1829,1,1,0,0,0,0,0.9188610911369324
video09,TriClass-Cloud-FT,1830,1,1,0,0,0,0,0.9232189059257507
video09,TriClass-Cloud-FT,1831,1,1,0,0,0,0,0.9192413091659546
video09,TriClass-Cloud-FT,1832,1,1,0,0,0,0,0.9161140322685242
video09,TriClass-Cloud-FT,1833,1,1,0,0,0,0,0.9155668020248413
video09,TriClass-Cloud-FT,1834,1,1,0,0,0,0,0.9133721590042114
video09,TriClass-Cloud-FT,1835,1,1,0,0,0,0,0.919203519821167
video09,TriClass-Cloud-FT,1836,1,1,0,0,0,0,0.921707034111023
video09,TriClass-Cloud-FT,1837,1,1,0,0,0,0,0.92303067445755
video09,TriClass-Cloud-FT,1838,1,1,0,0,0,0,0.858636200428009
video09,TriClass-Cloud-FT,1839,1,1,0,0,0,0,0.9269535541534424
video09,TriClass-Cloud-FT,1840,1,1,0,0,0,0,0.9255735278129578
video09,TriClass-Cloud-FT,1841,1,1,0,0,0,0,0.9334569573402405
video09,TriClass-Cloud-FT,1842,1,1,0,0,0,0,0.9341316819190979
video09,TriClass-Cloud-FT,1843,1,1,0,0,0,0,0.9375660419464111
video09,TriClass-Cloud-FT,1844,1,1,0,0,0,0,0.938763439655304
video09,TriClass-Cloud-FT,1845,1,1,0,0,0,0,0.9393203854560852
video09,TriClass-Cloud-FT,1846,1,1,0,0,0,0,0.9346038699150085
video09,TriClass-Cloud-FT,1847,1,1,0,0,0,0,0.9332576394081116
video09,TriClass-Cloud-FT,1848,1,1,0,0,0,0,0.9350510835647583
video09,TriClass-Cloud-FT,1849,1,1,0,0,0,0,0.9320492148399353
video09,TriClass-Cloud-FT,1850,1,1,0,0,0,0,0.9274746179580688
video09,TriClass-Cloud-FT,1851,1,1,0,0,0,0,0.9298736453056335
video09,TriClass-Cloud-FT,1852,1,1,0,0,0,0,0.9284992218017578
video09,TriClass-Cloud-FT,1853,1,1,0,0,0,0,0.9295769333839417
video09,TriClass-Cloud-FT,1854,1,1,0,0,0,0,0.9273994565010071
video09,TriClass-Cloud-FT,1855,1,1,0,0,0,0,0.9280361533164978
video09,TriClass-Cloud-FT,1856,1,1,0,0,0,0,0.9233686923980713
video09,TriClass-Cloud-FT,1857,1,1,0,0,0,0,0.9156831502914429
video09,TriClass-Cloud-FT,1858,1,1,0,0,0,0,0.9154571890830994
video09,TriClass-Cloud-FT,1859,1,1,0,0,0,0,0.9196728467941284
video09,TriClass-Cloud-FT,1860,1,1,0,0,0,0,0.9152123928070068
video09,TriClass-Cloud-FT,1861,1,1,0,0,0,0,0.9100148677825928
video09,TriClass-Cloud-FT,1862,1,1,0,0,0,0,0.9051257967948914
video09,TriClass-Cloud-FT,1863,1,1,0,0,0,0,0.9023391604423523
video09,TriClass-Cloud-FT,1864,1,1,0,0,0,0,0.9055612683296204
video09,TriClass-Cloud-FT,1865,1,1,0,0,0,0,0.9016427397727966
video09,TriClass-Cloud-FT,1866,1,1,0,0,0,0,0.8985584378242493
video09,TriClass-Cloud-FT,1867,1,1,0,0,0,0,0.9025822877883911
video09,TriClass-Cloud-FT,1868,1,1,0,0,0,0,0.8884793519973755
video09,TriClass-Cloud-FT,1869,1,1,0,0,0,0,0.9200500845909119
video09,TriClass-Cloud-FT,1870,1,1,0,0,0,0,0.922469973564148
video09,TriClass-Cloud-FT,1871,1,1,0,0,0,0,0.9176033735275269
video09,TriClass-Cloud-FT,1872,1,1,0,0,0,0,0.9133278727531433
video09,TriClass-Cloud-FT,1873,1,1,0,0,0,0,0.908068835735321
video09,TriClass-Cloud-FT,1874,1,1,0,0,0,0,0.9079998135566711
video09,TriClass-Cloud-FT,1875,1,1,0,0,0,0,0.9117527008056641
video09,TriClass-Cloud-FT,1876,1,1,0,0,0,0,0.9067794680595398
video09,TriClass-Cloud-FT,1877,1,1,0,0,0,0,0.9146941304206848
video09,TriClass-Cloud-FT,1878,1,1,0,0,0,0,0.9159004092216492
video09,TriClass-Cloud-FT,1879,1,1,0,0,0,0,0.9164466261863708
video09,TriClass-Cloud-FT,1880,1,1,0,0,0,0,0.9174968600273132
video09,TriClass-Cloud-FT,1881,1,1,0,0,0,0,0.9211295247077942
video09,TriClass-Cloud-FT,1882,1,1,0,0,0,0,0.9284875392913818
video09,TriClass-Cloud-FT,1883,1,1,0,0,0,0,0.9281327724456787
video09,TriClass-Cloud-FT,1884,1,1,0,0,0,0,0.9290207028388977
video09,TriClass-Cloud-FT,1885,1,1,0,0,0,0,0.9314954280853271
video09,TriClass-Cloud-FT,1886,1,1,0,0,0,0,0.9242842793464661
video09,TriClass-Cloud-FT,1887,1,1,0,0,0,0,0.9237529635429382
video09,TriClass-Cloud-FT,1888,1,1,0,0,0,0,0.9161021113395691
video09,TriClass-Cloud-FT,1889,1,1,0,0,0,0,0.9149954915046692
video09,TriClass-Cloud-FT,1890,1,1,0,0,0,0,0.9129136204719543
video09,TriClass-Cloud-FT,1891,1,1,0,0,0,0,0.9027621150016785
video09,TriClass-Cloud-FT,1892,1,1,0,0,0,0,0.9022323489189148
video09,TriClass-Cloud-FT,1893,1,1,0,0,0,0,0.877971351146698
video09,TriClass-Cloud-FT,1894,1,1,0,0,0,0,0.9310332536697388
video09,TriClass-Cloud-FT,1895,1,1,0,0,0,0,0.9254366159439087
video09,TriClass-Cloud-FT,1896,1,1,0,0,0,0,0.9170016050338745
video09,TriClass-Cloud-FT,1897,1,1,0,0,0,0,0.9121279120445251
video09,TriClass-Cloud-FT,1898,1,1,0,0,0,0,0.9072152972221375
video09,TriClass-Cloud-FT,1899,1,1,0,0,0,0,0.9137243628501892
video09,TriClass-Cloud-FT,1900,1,1,0,0,0,0,0.9204440116882324
video09,TriClass-Cloud-FT,1901,1,1,0,0,0,0,0.9239410758018494
video09,TriClass-Cloud-FT,1902,1,1,0,0,0,0,0.9285890460014343
video09,TriClass-Cloud-FT,1903,1,1,0,0,0,0,0.9285932779312134
video09,TriClass-Cloud-FT,1904,1,1,0,0,0,0,0.9265461564064026
video09,TriClass-Cloud-FT,1905,1,1,0,0,0,0,0.9247676730155945
video09,TriClass-Cloud-FT,1906,1,1,0,0,0,0,0.9254662990570068
video09,TriClass-Cloud-FT,1907,1,1,0,0,0,0,0.9179747104644775
video09,TriClass-Cloud-FT,1908,1,1,0,0,0,0,0.9123921990394592
video09,TriClass-Cloud-FT,1909,1,1,0,0,0,0,0.9052908420562744
video09,TriClass-Cloud-FT,1910,1,1,0,0,0,0,0.9039837718009949
video09,TriClass-Cloud-FT,1911,1,1,0,0,0,0,0.9113464951515198
video09,TriClass-Cloud-FT,1912,1,1,0,0,0,0,0.9029557704925537
video09,TriClass-Cloud-FT,1913,1,1,0,0,0,0,0.9075289964675903
video09,TriClass-Cloud-FT,1914,1,1,0,0,0,0,0.9127596616744995
video09,TriClass-Cloud-FT,1915,1,1,0,0,0,0,0.923281729221344
video09,TriClass-Cloud-FT,1916,1,1,0,0,0,0,0.9262538552284241
video09,TriClass-Cloud-FT,1917,1,1,0,0,0,0,0.9297733902931213
video09,TriClass-Cloud-FT,1918,1,1,0,0,0,0,0.9306795001029968
video09,TriClass-Cloud-FT,1919,1,1,0,0,0,0,0.9371364116668701
video09,TriClass-Cloud-FT,1920,1,1,0,0,0,0,0.9359705448150635
video09,TriClass-Cloud-FT,1921,1,1,0,0,0,0,0.9370142817497253
video09,TriClass-Cloud-FT,1922,1,1,0,0,0,0,0.9354537725448608
video09,TriClass-Cloud-FT,1923,1,1,0,0,0,0,0.9363190531730652
video09,TriClass-Cloud-FT,1924,1,1,0,0,0,0,0.9322274923324585
video09,TriClass-Cloud-FT,1925,1,1,0,0,0,0,0.9260756373405457
video09,TriClass-Cloud-FT,1926,1,1,0,0,0,0,0.9178905487060547
video09,TriClass-Cloud-FT,1927,1,1,0,0,0,0,0.9171428084373474
video09,TriClass-Cloud-FT,1928,1,1,0,0,0,0,0.9129531383514404
video09,TriClass-Cloud-FT,1929,1,1,0,0,0,0,0.9167110323905945
video09,TriClass-Cloud-FT,1930,1,1,0,0,0,0,0.9010021090507507
video09,TriClass-Cloud-FT,1931,1,1,0,0,0,0,0.9023916125297546
video09,TriClass-Cloud-FT,1932,1,1,0,0,0,0,0.9010621309280396
video09,TriClass-Cloud-FT,1933,1,1,0,0,0,0,0.9091997742652893
video09,TriClass-Cloud-FT,1934,1,1,0,0,0,0,0.9146967530250549
video09,TriClass-Cloud-FT,1935,1,1,0,0,0,0,0.9188007116317749
video09,TriClass-Cloud-FT,1936,1,1,0,0,0,0,0.9227989912033081
video09,TriClass-Cloud-FT,1937,1,1,0,0,0,0,0.928372859954834
video09,TriClass-Cloud-FT,1938,1,1,0,0,0,0,0.9298823475837708
video09,TriClass-Cloud-FT,1939,1,1,0,0,0,0,0.9286621809005737
video09,TriClass-Cloud-FT,1940,1,1,0,0,0,0,0.9288652539253235
video09,TriClass-Cloud-FT,1941,1,1,0,0,0,0,0.9336510300636292
video09,TriClass-Cloud-FT,1942,1,1,0,0,0,0,0.9325180649757385
video09,TriClass-Cloud-FT,1943,1,1,0,0,0,0,0.9357592463493347
video09,TriClass-Cloud-FT,1944,1,1,0,0,0,0,0.9354680776596069
video09,TriClass-Cloud-FT,1945,1,1,0,0,0,0,0.9412382245063782
video09,TriClass-Cloud-FT,1946,1,1,0,0,0,0,0.9183045029640198
video09,TriClass-Cloud-FT,1947,1,1,0,0,0,0,0.9178689122200012
video09,TriClass-Cloud-FT,1948,1,1,0,0,0,0,0.917087733745575
video09,TriClass-Cloud-FT,1949,1,1,0,0,0,0,0.9151307940483093
video09,TriClass-Cloud-FT,1950,1,1,0,0,0,0,0.9140942096710205
video09,TriClass-Cloud-FT,1951,1,1,0,0,0,0,0.9120073318481445
video09,TriClass-Cloud-FT,1952,1,1,0,0,0,0,0.9136927723884583
video09,TriClass-Cloud-FT,1953,1,1,0,0,0,0,0.9150741100311279
video09,TriClass-Cloud-FT,1954,1,1,0,0,0,0,0.9156046509742737
video09,TriClass-Cloud-FT,1955,1,1,0,0,0,0,0.9156291484832764
video09,TriClass-Cloud-FT,1956,1,1,0,0,0,0,0.9154497981071472
video09,TriClass-Cloud-FT,1957,1,1,0,0,0,0,0.9167254567146301
video09,TriClass-Cloud-FT,1958,1,1,0,0,0,0,0.9157649278640747
video09,TriClass-Cloud-FT,1959,1,1,0,0,0,0,0.9185623526573181
video09,TriClass-Cloud-FT,1960,1,1,0,0,0,0,0.9174914956092834
video09,TriClass-Cloud-FT,1961,1,1,0,0,0,0,0.9167288541793823
video09,TriClass-Cloud-FT,1962,1,1,0,0,0,0,0.918969988822937
video09,TriClass-Cloud-FT,1963,1,1,0,0,0,0,0.9214528203010559
video09,TriClass-Cloud-FT,1964,1,1,0,0,0,0,0.9261372089385986
video09,TriClass-Cloud-FT,1965,1,1,0,0,0,0,0.9249528050422668
video09,TriClass-Cloud-FT,1966,1,1,0,0,0,0,0.9238817691802979
video09,TriClass-Cloud-FT,1967,1,1,0,0,0,0,0.9247612357139587
video09,TriClass-Cloud-FT,1968,1,1,0,0,0,0,0.9263396859169006
video09,TriClass-Cloud-FT,1969,1,1,0,0,0,0,0.9222034811973572
video09,TriClass-Cloud-FT,1970,1,1,0,0,0,0,0.9242532849311829
video09,TriClass-Cloud-FT,1971,1,1,0,0,0,0,0.9175451397895813
video09,TriClass-Cloud-FT,1972,1,1,0,0,0,0,0.9134442806243896
video09,TriClass-Cloud-FT,1973,1,1,0,0,0,0,0.9294776320457458
video09,TriClass-Cloud-FT,1974,2,2,0,0,0,0,0.5159371495246887
video09,TriClass-Cloud-FT,1975,1,1,0,0,0,0,0.8544008135795593
video09,TriClass-Cloud-FT,1976,1,1,0,0,0,0,0.9269888997077942
video09,TriClass-Cloud-FT,1977,1,1,0,0,0,0,0.9288567900657654
video09,TriClass-Cloud-FT,1978,1,1,0,0,0,0,0.9243816137313843
video09,TriClass-Cloud-FT,1979,1,1,0,0,0,0,0.9183907508850098
video09,TriClass-Cloud-FT,1980,1,1,0,0,0,0,0.9128544926643372
video09,TriClass-Cloud-FT,1981,1,1,0,0,0,0,0.920711100101471
video09,TriClass-Cloud-FT,1982,1,1,0,0,0,0,0.9183525443077087
video09,TriClass-Cloud-FT,1983,1,1,0,0,0,0,0.9154712557792664
video09,TriClass-Cloud-FT,1984,1,1,0,0,0,0,0.9130345582962036
video09,TriClass-Cloud-FT,1985,1,1,0,0,0,0,0.9090296030044556
video09,TriClass-Cloud-FT,1986,1,1,0,0,0,0,0.9106574654579163
video09,TriClass-Cloud-FT,1987,1,1,0,0,0,0,0.9090267419815063
video09,TriClass-Cloud-FT,1988,1,1,0,0,0,0,0.9101389646530151
video09,TriClass-Cloud-FT,1989,1,1,0,0,0,0,0.9078530669212341
video09,TriClass-Cloud-FT,1990,1,1,0,0,0,0,0.8988837599754333
video09,TriClass-Cloud-FT,1991,1,1,0,0,0,0,0.8947300910949707
video09,TriClass-Cloud-FT,1992,1,1,0,0,0,0,0.900687038898468
video09,TriClass-Cloud-FT,1993,1,1,0,0,0,0,0.9057468771934509
video09,TriClass-Cloud-FT,1994,1,1,0,0,0,0,0.9038169384002686
video09,TriClass-Cloud-FT,1995,1,1,0,0,0,0,0.9402859807014465
video09,TriClass-Cloud-FT,1996,1,1,0,0,0,0,0.9387474656105042
video09,TriClass-Cloud-FT,1997,1,1,0,0,0,0,0.9343900084495544
video09,TriClass-Cloud-FT,1998,1,1,0,0,0,0,0.93129962682724
video09,TriClass-Cloud-FT,1999,1,1,0,0,0,0,0.9367145895957947
video09,TriClass-Cloud-FT,2000,1,1,0,0,0,0,0.9395337104797363
video09,TriClass-Cloud-FT,2001,1,1,0,0,0,0,0.9409182667732239
video09,TriClass-Cloud-FT,2002,1,1,0,0,0,0,0.9390929937362671
video09,TriClass-Cloud-FT,2003,1,1,0,0,0,0,0.9352936148643494
video09,TriClass-Cloud-FT,2004,1,1,0,0,0,0,0.9322801232337952
video09,TriClass-Cloud-FT,2005,1,1,0,0,0,0,0.9273666143417358
video09,TriClass-Cloud-FT,2006,1,1,0,0,0,0,0.9224784970283508
video09,TriClass-Cloud-FT,2007,1,1,0,0,0,0,0.9193499088287354
video09,TriClass-Cloud-FT,2008,1,1,0,0,0,0,0.9097464084625244
video09,TriClass-Cloud-FT,2009,1,1,0,0,0,0,0.9017820954322815
video09,TriClass-Cloud-FT,2010,1,1,0,0,0,0,0.902388334274292
video09,TriClass-Cloud-FT,2011,1,1,0,0,0,0,0.9202527403831482
video09,TriClass-Cloud-FT,2012,1,1,0,0,0,0,0.9292846322059631
video09,TriClass-Cloud-FT,2013,1,1,0,0,0,0,0.9308674335479736
video09,TriClass-Cloud-FT,2014,1,1,0,0,0,0,0.9370140433311462
video09,TriClass-Cloud-FT,2015,1,1,0,0,0,0,0.9400505423545837
video09,TriClass-Cloud-FT,2016,1,1,0,0,0,0,0.9403652548789978
video09,TriClass-Cloud-FT,2017,1,1,0,0,0,0,0.9390469789505005
video09,TriClass-Cloud-FT,2018,1,1,0,0,0,0,0.9259864091873169
video09,TriClass-Cloud-FT,2019,1,1,0,0,0,0,0.9207554459571838
video09,TriClass-Cloud-FT,2020,1,1,0,0,0,0,0.917293906211853
video09,TriClass-Cloud-FT,2021,1,1,0,0,0,0,0.9060317277908325
video09,TriClass-Cloud-FT,2022,1,1,0,0,0,0,0.8991388082504272
video09,TriClass-Cloud-FT,2023,1,1,0,0,0,0,0.9070442914962769
video09,TriClass-Cloud-FT,2024,1,1,0,0,0,0,0.9432199597358704
video09,TriClass-Cloud-FT,2025,1,1,0,0,0,0,0.9299768805503845
video09,TriClass-Cloud-FT,2026,1,1,0,0,0,0,0.9326035976409912
video09,TriClass-Cloud-FT,2027,1,1,0,0,0,0,0.9383567571640015
video09,TriClass-Cloud-FT,2028,1,1,0,0,0,0,0.9366817474365234
video09,TriClass-Cloud-FT,2029,1,1,0,0,0,0,0.932354748249054
video09,TriClass-Cloud-FT,2030,1,1,0,0,0,0,0.9302639961242676
video09,TriClass-Cloud-FT,2031,1,1,0,0,0,0,0.9162724614143372
video09,TriClass-Cloud-FT,2032,1,1,0,0,0,0,0.9185820817947388
video09,TriClass-Cloud-FT,2033,2,2,0,0,1,0,0.6974302530288696
video09,TriClass-Cloud-FT,2034,1,1,0,0,0,0,0.9235291481018066
video09,TriClass-Cloud-FT,2035,1,1,0,0,0,0,0.9065207839012146
video09,TriClass-Cloud-FT,2036,2,2,0,0,0,0,0.5596689581871033
video09,TriClass-Cloud-FT,2037,1,1,0,0,0,0,0.9058638215065002
video09,TriClass-Cloud-FT,2038,1,1,0,0,0,0,0.9137898087501526
video09,TriClass-Cloud-FT,2039,1,1,0,0,0,0,0.9137951135635376
video09,TriClass-Cloud-FT,2040,1,1,0,0,0,0,0.9225181341171265
video09,TriClass-Cloud-FT,2041,1,1,0,0,0,0,0.9211853742599487
video09,TriClass-Cloud-FT,2042,1,1,0,0,0,0,0.9231246113777161
video09,TriClass-Cloud-FT,2043,1,1,0,0,0,0,0.9213950634002686
video09,TriClass-Cloud-FT,2044,1,1,0,0,0,0,0.9247461557388306
video09,TriClass-Cloud-FT,2045,1,1,0,0,0,0,0.9229410290718079
video09,TriClass-Cloud-FT,2046,1,1,0,0,0,0,0.9242094159126282
video09,TriClass-Cloud-FT,2047,1,1,0,0,0,0,0.9244812726974487
video09,TriClass-Cloud-FT,2048,1,1,0,0,0,0,0.9216235876083374
video09,TriClass-Cloud-FT,2049,1,1,0,0,0,0,0.918040931224823
video09,TriClass-Cloud-FT,2050,1,1,0,0,0,0,0.915897786617279
video09,TriClass-Cloud-FT,2051,1,1,0,0,0,0,0.9182349443435669
video09,TriClass-Cloud-FT,2052,1,1,0,0,0,0,0.9180748462677002
video09,TriClass-Cloud-FT,2053,1,1,0,0,0,0,0.9169924855232239
video09,TriClass-Cloud-FT,2054,1,1,0,0,0,0,0.9168219566345215
video09,TriClass-Cloud-FT,2055,1,1,0,0,0,0,0.9142016172409058
video09,TriClass-Cloud-FT,2056,1,1,0,0,0,0,0.9114854335784912
video09,TriClass-Cloud-FT,2057,1,1,0,0,0,0,0.9102101922035217
video09,TriClass-Cloud-FT,2058,1,1,0,0,0,0,0.9129986763000488
video09,TriClass-Cloud-FT,2059,1,1,0,0,0,0,0.9094958901405334
video09,TriClass-Cloud-FT,2060,1,1,0,0,0,0,0.9062567353248596
video09,TriClass-Cloud-FT,2061,1,1,0,0,0,0,0.9039288759231567
video09,TriClass-Cloud-FT,2062,1,1,0,0,0,0,0.9063279628753662
video09,TriClass-Cloud-FT,2063,1,1,0,0,0,0,0.9065443277359009
video09,TriClass-Cloud-FT,2064,1,1,0,0,0,0,0.9070748090744019
video09,TriClass-Cloud-FT,2065,1,1,0,0,0,0,0.907117486000061
video09,TriClass-Cloud-FT,2066,1,1,0,0,0,0,0.9072299003601074
video09,TriClass-Cloud-FT,2067,1,1,0,0,0,0,0.9078336358070374
video09,TriClass-Cloud-FT,2068,1,1,0,0,0,0,0.9065314531326294
video09,TriClass-Cloud-FT,2069,1,1,0,0,0,0,0.907056987285614
video09,TriClass-Cloud-FT,2070,1,1,0,0,0,0,0.9064092040061951
video09,TriClass-Cloud-FT,2071,1,1,0,0,0,0,0.9037196040153503
video09,TriClass-Cloud-FT,2072,1,1,0,0,0,0,0.9034119248390198
video09,TriClass-Cloud-FT,2073,1,1,0,0,0,0,0.903261661529541
video09,TriClass-Cloud-FT,2074,1,1,0,0,0,0,0.9036246538162231
video09,TriClass-Cloud-FT,2075,1,1,0,0,0,0,0.9042301177978516
video09,TriClass-Cloud-FT,2076,1,1,0,0,0,0,0.9040692448616028
video09,TriClass-Cloud-FT,2077,1,1,0,0,0,0,0.9082597494125366
video09,TriClass-Cloud-FT,2078,1,1,0,0,0,0,0.9058642983436584
video09,TriClass-Cloud-FT,2079,1,1,0,0,0,0,0.905894935131073
video09,TriClass-Cloud-FT,2080,1,1,0,0,0,0,0.9068526029586792
video09,TriClass-Cloud-FT,2081,1,1,0,0,0,0,0.9086941480636597
video09,TriClass-Cloud-FT,2082,1,1,0,0,0,0,0.9117206931114197
video09,TriClass-Cloud-FT,2083,1,1,0,0,0,0,0.9104328155517578
video09,TriClass-Cloud-FT,2084,1,1,0,0,0,0,0.9103478789329529
video09,TriClass-Cloud-FT,2085,1,1,0,0,0,0,0.9110926985740662
video09,TriClass-Cloud-FT,2086,1,1,0,0,0,0,0.9156099557876587
video09,TriClass-Cloud-FT,2087,1,1,0,0,0,0,0.9138986468315125
video09,TriClass-Cloud-FT,2088,1,1,0,0,0,0,0.9142817258834839
video09,TriClass-Cloud-FT,2089,1,1,0,0,0,0,0.9152535200119019
video09,TriClass-Cloud-FT,2090,1,1,0,0,0,0,0.9179266095161438
video09,TriClass-Cloud-FT,2091,1,1,0,0,0,0,0.9211243987083435
video09,TriClass-Cloud-FT,2092,1,1,0,0,0,0,0.9207035899162292
video09,TriClass-Cloud-FT,2093,1,1,0,0,0,0,0.9170334339141846
video09,TriClass-Cloud-FT,2094,1,1,0,0,0,0,0.9213827848434448
video09,TriClass-Cloud-FT,2095,1,1,0,0,0,0,0.9219042658805847
video09,TriClass-Cloud-FT,2096,1,1,0,0,0,0,0.9222743511199951
video09,TriClass-Cloud-FT,2097,1,1,0,0,0,0,0.9201105237007141
video09,TriClass-Cloud-FT,2098,1,1,0,0,0,0,0.9226647615432739
video09,TriClass-Cloud-FT,2099,1,1,0,0,0,0,0.9245697259902954
video09,TriClass-Cloud-FT,2100,1,1,0,0,0,0,0.9236670136451721
video09,TriClass-Cloud-FT,2101,1,1,0,0,0,0,0.9248145222663879
video09,TriClass-Cloud-FT,2102,1,1,0,0,0,0,0.9253467917442322
video09,TriClass-Cloud-FT,2103,1,1,0,0,0,0,0.9268972277641296
video09,TriClass-Cloud-FT,2104,1,1,0,0,0,0,0.927375853061676
video09,TriClass-Cloud-FT,2105,1,1,0,0,0,0,0.9279351234436035
video09,TriClass-Cloud-FT,2106,1,1,0,0,0,0,0.9273885488510132
video09,TriClass-Cloud-FT,2107,1,1,0,0,0,0,0.9275057911872864
video09,TriClass-Cloud-FT,2108,1,1,0,0,0,0,0.9268218278884888
video09,TriClass-Cloud-FT,2109,1,1,0,0,0,0,0.9277828335762024
video09,TriClass-Cloud-FT,2110,1,1,0,0,0,0,0.928681492805481
video09,TriClass-Cloud-FT,2111,1,1,0,0,0,0,0.926615834236145
video09,TriClass-Cloud-FT,2112,1,1,0,0,0,0,0.9265621304512024
video09,TriClass-Cloud-FT,2113,1,1,0,0,0,0,0.9271169304847717
video09,TriClass-Cloud-FT,2114,1,1,0,0,0,0,0.926388680934906
video09,TriClass-Cloud-FT,2115,1,1,0,0,0,0,0.9247470498085022
video09,TriClass-Cloud-FT,2116,1,1,0,0,0,0,0.9248273968696594
video09,TriClass-Cloud-FT,2117,1,1,0,0,0,0,0.9244498610496521
video09,TriClass-Cloud-FT,2118,1,1,0,0,0,0,0.9245815277099609
video09,TriClass-Cloud-FT,2119,1,1,0,0,0,0,0.9252685904502869
video09,TriClass-Cloud-FT,2120,1,1,0,0,0,0,0.9252400994300842
video09,TriClass-Cloud-FT,2121,1,1,0,0,0,0,0.9262481331825256
video09,TriClass-Cloud-FT,2122,1,1,0,0,0,0,0.9236586689949036
video09,TriClass-Cloud-FT,2123,1,1,0,0,0,0,0.9225826859474182
video09,TriClass-Cloud-FT,2124,1,1,0,0,0,0,0.9247956871986389
video09,TriClass-Cloud-FT,2125,1,1,0,0,0,0,0.9256303310394287
video09,TriClass-Cloud-FT,2126,1,1,0,0,0,0,0.9240252375602722
video09,TriClass-Cloud-FT,2127,1,1,0,0,0,0,0.9259302020072937
video09,TriClass-Cloud-FT,2128,1,1,0,0,0,0,0.9245150089263916
video09,TriClass-Cloud-FT,2129,1,1,0,0,0,0,0.9238511323928833
video09,TriClass-Cloud-FT,2130,1,1,0,0,0,0,0.9235965609550476
video09,TriClass-Cloud-FT,2131,1,1,0,0,0,0,0.9202598333358765
video09,TriClass-Cloud-FT,2132,1,1,0,0,0,0,0.9204017519950867
video09,TriClass-Cloud-FT,2133,1,1,0,0,0,0,0.9202924370765686
video09,TriClass-Cloud-FT,2134,1,1,0,0,0,0,0.92157381772995
video09,TriClass-Cloud-FT,2135,1,1,0,0,0,0,0.9219426512718201
video09,TriClass-Cloud-FT,2136,1,1,0,0,0,0,0.9233161807060242
video09,TriClass-Cloud-FT,2137,1,1,0,0,0,0,0.9228689074516296
video09,TriClass-Cloud-FT,2138,1,1,0,0,0,0,0.9200727939605713
video09,TriClass-Cloud-FT,2139,1,1,0,0,0,0,0.9202911257743835
video09,TriClass-Cloud-FT,2140,1,1,0,0,0,0,0.9224256277084351
video09,TriClass-Cloud-FT,2141,1,1,0,0,0,0,0.922458827495575
video09,TriClass-Cloud-FT,2142,1,1,0,0,0,0,0.9203318953514099
video09,TriClass-Cloud-FT,2143,1,1,0,0,0,0,0.9215606451034546
video09,TriClass-Cloud-FT,2144,1,1,0,0,0,0,0.9239676594734192
video09,TriClass-Cloud-FT,2145,1,1,0,0,0,0,0.923502504825592
video09,TriClass-Cloud-FT,2146,1,1,0,0,0,0,0.9235251545906067
video09,TriClass-Cloud-FT,2147,1,1,0,0,0,0,0.922559380531311
video09,TriClass-Cloud-FT,2148,1,1,0,0,0,0,0.9243518114089966
video09,TriClass-Cloud-FT,2149,1,1,0,0,0,0,0.9201217293739319
video09,TriClass-Cloud-FT,2150,1,1,0,0,0,0,0.9260254502296448
video09,TriClass-Cloud-FT,2151,1,1,0,0,0,0,0.9286162853240967
video09,TriClass-Cloud-FT,2152,1,1,0,0,0,0,0.9316359162330627
video09,TriClass-Cloud-FT,2153,1,1,0,0,0,0,0.9286881685256958
video09,TriClass-Cloud-FT,2154,1,1,0,0,0,0,0.9292163252830505
video09,TriClass-Cloud-FT,2155,1,1,0,0,0,0,0.9282255172729492
video09,TriClass-Cloud-FT,2156,1,1,0,0,0,0,0.9307901859283447
video09,TriClass-Cloud-FT,2157,1,1,0,0,0,0,0.9313112497329712
video09,TriClass-Cloud-FT,2158,1,1,0,0,0,0,0.9306249022483826
video09,TriClass-Cloud-FT,2159,1,1,0,0,0,0,0.9273764491081238
video09,TriClass-Cloud-FT,2160,1,1,0,0,0,0,0.9191651344299316
video09,TriClass-Cloud-FT,2161,1,1,0,0,0,0,0.9149853587150574
video09,TriClass-Cloud-FT,2162,1,1,0,0,0,0,0.9199196100234985
video09,TriClass-Cloud-FT,2163,1,1,0,0,0,0,0.9156649708747864
video09,TriClass-Cloud-FT,2164,1,1,0,0,0,0,0.9030922651290894
video09,TriClass-Cloud-FT,2165,1,1,0,0,0,0,0.9179282188415527
video09,TriClass-Cloud-FT,2166,1,1,0,0,0,0,0.9188326597213745
video09,TriClass-Cloud-FT,2167,1,1,0,0,0,0,0.918014407157898
video09,TriClass-Cloud-FT,2168,1,1,0,0,0,0,0.917590856552124
video09,TriClass-Cloud-FT,2169,1,1,0,0,0,0,0.9171920418739319
video09,TriClass-Cloud-FT,2170,1,1,0,0,0,0,0.9196358919143677
video09,TriClass-Cloud-FT,2171,1,1,0,0,0,0,0.9210665225982666
video09,TriClass-Cloud-FT,2172,1,1,0,0,0,0,0.925121545791626
video09,TriClass-Cloud-FT,2173,1,1,0,0,0,0,0.9267968535423279
video09,TriClass-Cloud-FT,2174,1,1,0,0,0,0,0.9221504330635071
video09,TriClass-Cloud-FT,2175,1,1,0,0,0,0,0.9184128046035767
video09,TriClass-Cloud-FT,2176,1,1,0,0,0,0,0.9149346947669983
video09,TriClass-Cloud-FT,2177,1,1,0,0,0,0,0.9129510521888733
video09,TriClass-Cloud-FT,2178,1,1,0,0,0,0,0.8952158689498901
video09,TriClass-Cloud-FT,2179,1,1,0,0,0,0,0.9007781147956848
video09,TriClass-Cloud-FT,2180,1,1,0,0,0,0,0.9037262201309204
video09,TriClass-Cloud-FT,2181,1,1,0,0,0,0,0.9143490791320801
video09,TriClass-Cloud-FT,2182,1,1,0,0,0,0,0.9225509166717529
video09,TriClass-Cloud-FT,2183,1,1,0,0,0,0,0.9274804592132568
video09,TriClass-Cloud-FT,2184,1,1,0,0,0,0,0.9314877390861511
video09,TriClass-Cloud-FT,2185,1,1,0,0,0,0,0.93165522813797
video09,TriClass-Cloud-FT,2186,1,1,0,0,0,0,0.9299025535583496
video09,TriClass-Cloud-FT,2187,1,1,0,0,0,0,0.9287322759628296
video09,TriClass-Cloud-FT,2188,1,1,0,0,0,0,0.9266109466552734
video09,TriClass-Cloud-FT,2189,1,1,0,0,0,0,0.9300802946090698
video09,TriClass-Cloud-FT,2190,1,1,0,0,0,0,0.9133248925209045
video09,TriClass-Cloud-FT,2191,1,1,0,0,0,0,0.9111388921737671
video09,TriClass-Cloud-FT,2192,1,1,0,0,0,0,0.921919047832489
video09,TriClass-Cloud-FT,2193,1,1,0,0,0,0,0.9241651296615601
video09,TriClass-Cloud-FT,2194,1,1,0,0,0,0,0.9196172952651978
video09,TriClass-Cloud-FT,2195,1,1,0,0,0,0,0.9130229949951172
video09,TriClass-Cloud-FT,2196,2,2,0,0,1,0,0.5660229921340942
video09,TriClass-Cloud-FT,2197,1,1,0,0,0,0,0.9255338907241821
video09,TriClass-Cloud-FT,2198,1,1,0,0,0,0,0.9255508780479431
video09,TriClass-Cloud-FT,2199,1,1,0,0,0,0,0.9169499278068542
video09,TriClass-Cloud-FT,2200,1,1,0,0,0,0,0.9180349111557007
video09,TriClass-Cloud-FT,2201,1,1,0,0,0,0,0.9257528781890869
video09,TriClass-Cloud-FT,2202,1,1,0,0,0,0,0.914237380027771
video09,TriClass-Cloud-FT,2203,1,1,0,0,0,0,0.9152029156684875
video09,TriClass-Cloud-FT,2204,1,1,0,0,0,0,0.9208096265792847
video09,TriClass-Cloud-FT,2205,1,1,0,0,0,0,0.9304167628288269
video09,TriClass-Cloud-FT,2206,1,1,0,0,0,0,0.9341124296188354
video09,TriClass-Cloud-FT,2207,1,1,0,0,0,0,0.9366581439971924
video09,TriClass-Cloud-FT,2208,1,1,0,0,0,0,0.9317333698272705
video09,TriClass-Cloud-FT,2209,1,1,0,0,0,0,0.9284080862998962
video09,TriClass-Cloud-FT,2210,1,1,0,0,0,0,0.9228044152259827
video09,TriClass-Cloud-FT,2211,1,1,0,0,0,0,0.9032028913497925
video09,TriClass-Cloud-FT,2212,1,1,0,0,0,0,0.915931761264801
video09,TriClass-Cloud-FT,2213,1,1,0,0,0,0,0.9304875135421753
video09,TriClass-Cloud-FT,2214,1,1,0,0,0,0,0.9393408894538879
video09,TriClass-Cloud-FT,2215,1,1,0,0,0,0,0.9445906281471252
video09,TriClass-Cloud-FT,2216,1,1,0,0,0,0,0.9456595182418823
video09,TriClass-Cloud-FT,2217,1,1,0,0,0,0,0.9370701313018799
video09,TriClass-Cloud-FT,2218,1,1,0,0,0,0,0.9322450757026672
video09,TriClass-Cloud-FT,2219,1,1,0,0,0,0,0.9227536916732788
video09,TriClass-Cloud-FT,2220,1,1,0,0,0,0,0.9115893840789795
video09,TriClass-Cloud-FT,2221,1,1,0,0,0,0,0.92308509349823
video09,TriClass-Cloud-FT,2222,1,1,0,0,0,0,0.9332437515258789
video09,TriClass-Cloud-FT,2223,1,1,0,0,0,0,0.9368187785148621
video09,TriClass-Cloud-FT,2224,1,1,0,0,0,0,0.9400221109390259
video09,TriClass-Cloud-FT,2225,1,1,0,0,0,0,0.9418100714683533
video09,TriClass-Cloud-FT,2226,1,1,0,0,0,0,0.9364516139030457
video09,TriClass-Cloud-FT,2227,1,1,0,0,0,0,0.941135823726654
video09,TriClass-Cloud-FT,2228,1,1,0,0,0,0,0.9117752909660339
video09,TriClass-Cloud-FT,2229,1,1,0,0,0,0,0.9086818099021912
video09,TriClass-Cloud-FT,2230,1,1,0,0,0,0,0.9153491854667664
video09,TriClass-Cloud-FT,2231,2,2,0,0,0,0,0.8919629454612732
video09,TriClass-Cloud-FT,2232,1,1,0,0,0,0,0.9084014892578125
video09,TriClass-Cloud-FT,2233,1,1,0,0,0,0,0.8892347812652588
video09,TriClass-Cloud-FT,2234,2,2,0,0,0,0,0.7235963940620422
video09,TriClass-Cloud-FT,2235,1,1,0,0,0,0,0.8989885449409485
video09,TriClass-Cloud-FT,2236,1,1,0,0,0,0,0.94162917137146
video09,TriClass-Cloud-FT,2237,1,1,0,0,0,0,0.9441902041435242
video09,TriClass-Cloud-FT,2238,1,1,0,0,0,0,0.9452996253967285
video09,TriClass-Cloud-FT,2239,1,1,0,0,0,0,0.94609135389328
video09,TriClass-Cloud-FT,2240,1,1,0,0,0,0,0.9451886415481567
video09,TriClass-Cloud-FT,2241,1,1,0,0,0,0,0.9466693997383118
video09,TriClass-Cloud-FT,2242,1,1,0,0,0,0,0.9470449686050415
video09,TriClass-Cloud-FT,2243,1,1,0,0,0,0,0.9438750147819519
video09,TriClass-Cloud-FT,2244,1,1,0,0,0,0,0.9401711821556091
video09,TriClass-Cloud-FT,2245,1,1,0,0,0,0,0.939422607421875
video09,TriClass-Cloud-FT,2246,1,1,0,0,0,0,0.9400268793106079
video09,TriClass-Cloud-FT,2247,1,1,0,0,0,0,0.9400022029876709
video09,TriClass-Cloud-FT,2248,1,1,0,0,0,0,0.939556896686554
video09,TriClass-Cloud-FT,2249,1,1,0,0,0,0,0.9392748475074768
video09,TriClass-Cloud-FT,2250,1,1,0,0,0,0,0.93816739320755
video09,TriClass-Cloud-FT,2251,1,1,0,0,0,0,0.9387601017951965
video09,TriClass-Cloud-FT,2252,1,1,0,0,0,0,0.9364162683486938
video09,TriClass-Cloud-FT,2253,1,1,0,0,0,0,0.9360339641571045
video09,TriClass-Cloud-FT,2254,1,1,0,0,0,0,0.9370393753051758
video09,TriClass-Cloud-FT,2255,1,1,0,0,0,0,0.9378161430358887
video09,TriClass-Cloud-FT,2256,1,1,0,0,0,0,0.936841607093811
video09,TriClass-Cloud-FT,2257,1,1,0,0,0,0,0.9352484345436096
video09,TriClass-Cloud-FT,2258,1,1,0,0,0,0,0.9349424242973328
video09,TriClass-Cloud-FT,2259,1,1,0,0,0,0,0.9327017664909363
video09,TriClass-Cloud-FT,2260,1,1,0,0,0,0,0.9349319934844971
video09,TriClass-Cloud-FT,2261,1,1,0,0,0,0,0.9334543347358704
video09,TriClass-Cloud-FT,2262,1,1,0,0,0,0,0.9353815317153931
video09,TriClass-Cloud-FT,2263,1,1,0,0,0,0,0.9319244623184204
video09,TriClass-Cloud-FT,2264,1,1,0,0,0,0,0.9321410655975342
video09,TriClass-Cloud-FT,2265,1,1,0,0,0,0,0.9258537292480469
video09,TriClass-Cloud-FT,2266,1,1,0,0,0,0,0.9356754422187805
video09,TriClass-Cloud-FT,2267,1,1,0,0,0,0,0.93310546875
video09,TriClass-Cloud-FT,2268,1,1,0,0,0,0,0.9292567372322083
video09,TriClass-Cloud-FT,2269,1,1,0,0,0,0,0.9365206956863403
video09,TriClass-Cloud-FT,2270,1,1,0,0,0,0,0.937711238861084
video09,TriClass-Cloud-FT,2271,1,1,0,0,0,0,0.9385393261909485
video09,TriClass-Cloud-FT,2272,1,1,0,0,0,0,0.9415265321731567
video09,TriClass-Cloud-FT,2273,1,1,0,0,0,0,0.9410578012466431
video09,TriClass-Cloud-FT,2274,1,1,0,0,0,0,0.9380518198013306
video09,TriClass-Cloud-FT,2275,1,1,0,0,0,0,0.9284179210662842
video09,TriClass-Cloud-FT,2276,1,1,0,0,0,0,0.9428388476371765
video09,TriClass-Cloud-FT,2277,1,1,0,0,0,0,0.9357507824897766
video09,TriClass-Cloud-FT,2278,1,1,0,0,0,0,0.9404206871986389
video09,TriClass-Cloud-FT,2279,1,1,0,0,0,0,0.9400079846382141
video09,TriClass-Cloud-FT,2280,1,1,0,0,0,0,0.9397627711296082
video09,TriClass-Cloud-FT,2281,1,1,0,0,0,0,0.9380775094032288
video09,TriClass-Cloud-FT,2282,1,1,0,0,0,0,0.9427049160003662
video09,TriClass-Cloud-FT,2283,1,1,0,0,0,0,0.9300574660301208
video09,TriClass-Cloud-FT,2284,1,1,0,0,0,0,0.9365332722663879
video09,TriClass-Cloud-FT,2285,1,1,0,0,0,0,0.9309274554252625
video09,TriClass-Cloud-FT,2286,1,1,0,0,0,0,0.937597393989563
video09,TriClass-Cloud-FT,2287,1,1,0,0,0,0,0.9288861155509949
video09,TriClass-Cloud-FT,2288,1,1,0,0,0,0,0.9342954158782959
video09,TriClass-Cloud-FT,2289,1,1,0,0,0,0,0.9382396936416626
video09,TriClass-Cloud-FT,2290,1,1,0,0,0,0,0.9439176917076111
video09,TriClass-Cloud-FT,2291,1,1,0,0,0,0,0.9448748230934143
video09,TriClass-Cloud-FT,2292,1,1,0,0,0,0,0.9442824721336365
video09,TriClass-Cloud-FT,2293,1,1,0,0,0,0,0.9430974721908569
video09,TriClass-Cloud-FT,2294,1,1,0,0,0,0,0.9434329867362976
video09,TriClass-Cloud-FT,2295,1,1,0,0,0,0,0.9280108213424683
video09,TriClass-Cloud-FT,2296,1,1,0,0,0,0,0.9310654997825623
video09,TriClass-Cloud-FT,2297,1,1,0,0,0,0,0.9328676462173462
video09,TriClass-Cloud-FT,2298,1,1,0,0,0,0,0.9302491545677185
video09,TriClass-Cloud-FT,2299,1,1,0,0,0,0,0.9111635684967041
video09,TriClass-Cloud-FT,2300,1,1,0,0,0,0,0.8604778051376343
video09,TriClass-Cloud-FT,2301,1,1,0,0,0,0,0.7965429425239563
video09,TriClass-Cloud-FT,2302,1,1,0,0,0,0,0.8719995021820068
video09,TriClass-Cloud-FT,2303,1,1,0,0,0,0,0.8509702682495117
video09,TriClass-Cloud-FT,2304,1,1,0,0,0,0,0.8991803526878357
video09,TriClass-Cloud-FT,2305,1,1,0,0,0,0,0.9154121279716492
video09,TriClass-Cloud-FT,2306,1,1,0,0,0,0,0.9240108728408813
video09,TriClass-Cloud-FT,2307,1,1,0,0,0,0,0.916221022605896
video09,TriClass-Cloud-FT,2308,1,1,0,0,0,0,0.9459008574485779
video09,TriClass-Cloud-FT,2309,1,1,0,0,0,0,0.9325345754623413
video09,TriClass-Cloud-FT,2310,1,1,0,0,0,0,0.9438593983650208
video09,TriClass-Cloud-FT,2311,1,1,0,0,0,0,0.9350460767745972
video09,TriClass-Cloud-FT,2312,1,1,0,0,0,0,0.9428666234016418
video09,TriClass-Cloud-FT,2313,1,1,0,0,0,0,0.923297643661499
video09,TriClass-Cloud-FT,2314,1,1,0,0,0,0,0.6540249586105347
video09,TriClass-Cloud-FT,2315,1,1,0,0,0,0,0.9288396239280701
video09,TriClass-Cloud-FT,2316,1,1,0,0,1,0,0.3191663324832916
video09,TriClass-Cloud-FT,2317,1,1,0,0,0,0,0.8788373470306396
video09,TriClass-Cloud-FT,2318,1,1,0,0,0,0,0.910427987575531
video09,TriClass-Cloud-FT,2319,1,1,0,0,0,0,0.9342799186706543
video09,TriClass-Cloud-FT,2320,1,1,0,0,0,0,0.9367138743400574
video09,TriClass-Cloud-FT,2321,1,1,0,0,0,0,0.9361892938613892
video09,TriClass-Cloud-FT,2322,1,1,0,0,0,0,0.9470312595367432
video09,TriClass-Cloud-FT,2323,1,1,0,0,0,0,0.9478421807289124
video09,TriClass-Cloud-FT,2324,1,1,0,0,0,0,0.9440867304801941
video09,TriClass-Cloud-FT,2325,1,1,0,0,0,0,0.9481201767921448
video09,TriClass-Cloud-FT,2326,1,1,0,0,0,0,0.9472299814224243
video09,TriClass-Cloud-FT,2327,1,1,0,0,0,0,0.9467145800590515
video09,TriClass-Cloud-FT,2328,1,1,0,0,0,0,0.9443010687828064
video09,TriClass-Cloud-FT,2329,1,1,0,0,0,0,0.9441794753074646
video09,TriClass-Cloud-FT,2330,1,1,0,0,0,0,0.9386256337165833
video09,TriClass-Cloud-FT,2331,1,1,0,0,0,0,0.9359675049781799
video09,TriClass-Cloud-FT,2332,1,1,0,0,0,0,0.9338374137878418
video09,TriClass-Cloud-FT,2333,1,1,0,0,0,0,0.9321727752685547
video09,TriClass-Cloud-FT,2334,1,1,0,0,0,0,0.932084858417511
video09,TriClass-Cloud-FT,2335,1,1,0,0,0,0,0.929811954498291
video09,TriClass-Cloud-FT,2336,1,1,0,0,0,0,0.9267707467079163
video09,TriClass-Cloud-FT,2337,2,2,0,0,0,0,0.798873782157898
video09,TriClass-Cloud-FT,2338,1,1,0,0,0,0,0.8853573799133301
video09,TriClass-Cloud-FT,2339,1,1,0,0,0,0,0.9246923923492432
video09,TriClass-Cloud-FT,2340,1,1,0,0,0,0,0.9330024123191833
video09,TriClass-Cloud-FT,2341,1,1,0,0,0,0,0.9381120204925537
video09,TriClass-Cloud-FT,2342,1,1,0,0,0,0,0.9423041343688965
video09,TriClass-Cloud-FT,2343,1,1,0,0,0,0,0.9415631294250488
video09,TriClass-Cloud-FT,2344,1,1,0,0,0,0,0.9429953098297119
video09,TriClass-Cloud-FT,2345,1,1,0,0,0,0,0.9411950707435608
video09,TriClass-Cloud-FT,2346,1,1,0,0,0,0,0.9416401386260986
video09,TriClass-Cloud-FT,2347,1,1,0,0,0,0,0.942507266998291
video09,TriClass-Cloud-FT,2348,1,1,0,0,0,0,0.942854642868042
video09,TriClass-Cloud-FT,2349,1,1,0,0,0,0,0.9459108710289001
video09,TriClass-Cloud-FT,2350,1,1,0,0,0,0,0.944748044013977
video09,TriClass-Cloud-FT,2351,1,1,0,0,0,0,0.9452922940254211
video09,TriClass-Cloud-FT,2352,1,1,0,0,0,0,0.9463375806808472
video09,TriClass-Cloud-FT,2353,1,1,0,0,0,0,0.9466394782066345
video09,TriClass-Cloud-FT,2354,1,1,0,0,0,0,0.9476411938667297
video09,TriClass-Cloud-FT,2355,1,1,0,0,0,0,0.9482552409172058
video09,TriClass-Cloud-FT,2356,1,1,0,0,0,0,0.946769118309021
video09,TriClass-Cloud-FT,2357,1,1,0,0,0,0,0.9445611834526062
video09,TriClass-Cloud-FT,2358,1,1,0,0,0,0,0.9416942000389099
video09,TriClass-Cloud-FT,2359,1,1,0,0,0,0,0.9393062591552734
video09,TriClass-Cloud-FT,2360,1,1,0,0,0,0,0.9376310706138611
video09,TriClass-Cloud-FT,2361,1,1,0,0,0,0,0.9354908466339111
video09,TriClass-Cloud-FT,2362,1,1,0,0,0,0,0.9355172514915466
video09,TriClass-Cloud-FT,2363,1,1,0,0,0,0,0.9340505599975586
video09,TriClass-Cloud-FT,2364,1,1,0,0,0,0,0.9277913570404053
video09,TriClass-Cloud-FT,2365,1,1,0,0,0,0,0.9191777110099792
video09,TriClass-Cloud-FT,2366,1,1,0,0,0,0,0.9353671073913574
video09,TriClass-Cloud-FT,2367,1,1,0,0,0,0,0.9376562833786011
video09,TriClass-Cloud-FT,2368,1,1,0,0,0,0,0.9375282526016235
video09,TriClass-Cloud-FT,2369,1,1,0,0,0,0,0.9366534352302551
video09,TriClass-Cloud-FT,2370,1,1,0,0,0,0,0.9379829168319702
video09,TriClass-Cloud-FT,2371,1,1,0,0,0,0,0.9371117949485779
video09,TriClass-Cloud-FT,2372,1,1,0,0,0,0,0.9368019700050354
video09,TriClass-Cloud-FT,2373,1,1,0,0,0,0,0.9380362629890442
video09,TriClass-Cloud-FT,2374,1,1,0,0,0,0,0.9389525651931763
video09,TriClass-Cloud-FT,2375,1,1,0,0,0,0,0.9399829506874084
video09,TriClass-Cloud-FT,2376,1,1,0,0,0,0,0.9422855973243713
video09,TriClass-Cloud-FT,2377,1,1,0,0,0,0,0.9441841840744019
video09,TriClass-Cloud-FT,2378,1,1,0,0,0,0,0.9442234635353088
video09,TriClass-Cloud-FT,2379,1,1,0,0,0,0,0.9454306960105896
video09,TriClass-Cloud-FT,2380,1,1,0,0,0,0,0.944787323474884
video09,TriClass-Cloud-FT,2381,1,1,0,0,0,0,0.9433170557022095
video09,TriClass-Cloud-FT,2382,1,1,0,0,0,0,0.9418219923973083
video09,TriClass-Cloud-FT,2383,1,1,0,0,0,0,0.9407975077629089
video09,TriClass-Cloud-FT,2384,1,1,0,0,0,0,0.9392751455307007
video09,TriClass-Cloud-FT,2385,1,1,0,0,0,0,0.9368698596954346
video09,TriClass-Cloud-FT,2386,1,1,0,0,0,0,0.9356896877288818
video09,TriClass-Cloud-FT,2387,1,1,0,0,0,0,0.9263662695884705
video09,TriClass-Cloud-FT,2388,1,1,0,0,0,0,0.9256044626235962
video09,TriClass-Cloud-FT,2389,1,1,0,0,0,0,0.9356201887130737
video09,TriClass-Cloud-FT,2390,1,1,0,0,0,0,0.9385970830917358
video09,TriClass-Cloud-FT,2391,1,1,0,0,0,0,0.9410909414291382
video09,TriClass-Cloud-FT,2392,1,1,0,0,0,0,0.9419364333152771
video09,TriClass-Cloud-FT,2393,1,1,0,0,0,0,0.943532407283783
video09,TriClass-Cloud-FT,2394,1,1,0,0,0,0,0.9440847039222717
video09,TriClass-Cloud-FT,2395,1,1,0,0,0,0,0.9278321266174316
video09,TriClass-Cloud-FT,2396,1,1,0,0,0,0,0.8873299360275269
video09,TriClass-Cloud-FT,2397,1,1,0,0,0,0,0.9497942924499512
video09,TriClass-Cloud-FT,2398,1,1,0,0,0,0,0.9499608278274536
video09,TriClass-Cloud-FT,2399,1,1,0,0,0,0,0.9505830407142639
video09,TriClass-Cloud-FT,2400,1,1,0,0,0,0,0.9476187229156494
video09,TriClass-Cloud-FT,2401,1,1,0,0,0,0,0.9464166760444641
video09,TriClass-Cloud-FT,2402,1,1,0,0,0,0,0.9453309774398804
video09,TriClass-Cloud-FT,2403,1,1,0,0,0,0,0.9454466700553894
video09,TriClass-Cloud-FT,2404,1,1,0,0,0,0,0.9451833367347717
video09,TriClass-Cloud-FT,2405,1,1,0,0,0,0,0.9451693892478943
video09,TriClass-Cloud-FT,2406,1,1,0,0,0,0,0.9423748254776001
video09,TriClass-Cloud-FT,2407,1,1,0,0,0,0,0.9268060922622681
video09,TriClass-Cloud-FT,2408,1,1,0,0,0,0,0.9412984251976013
video09,TriClass-Cloud-FT,2409,1,1,0,0,0,0,0.941794753074646
video09,TriClass-Cloud-FT,2410,1,1,0,0,0,0,0.9411396384239197
video09,TriClass-Cloud-FT,2411,1,1,0,0,0,0,0.9414295554161072
video09,TriClass-Cloud-FT,2412,1,1,0,0,0,0,0.9425467848777771
video09,TriClass-Cloud-FT,2413,1,1,0,0,0,0,0.9429094195365906
video09,TriClass-Cloud-FT,2414,1,1,0,0,0,0,0.9438163042068481
video09,TriClass-Cloud-FT,2415,1,1,0,0,0,0,0.9436203241348267
video09,TriClass-Cloud-FT,2416,1,1,0,0,0,0,0.9436708092689514
video09,TriClass-Cloud-FT,2417,1,1,0,0,0,0,0.9438323974609375
video09,TriClass-Cloud-FT,2418,1,1,0,0,0,0,0.9439380764961243
video09,TriClass-Cloud-FT,2419,1,1,0,0,0,0,0.9420678019523621
video09,TriClass-Cloud-FT,2420,1,1,0,0,0,0,0.941918671131134
video09,TriClass-Cloud-FT,2421,1,1,0,0,0,0,0.9406856894493103
video09,TriClass-Cloud-FT,2422,1,1,0,0,0,0,0.9395110011100769
video09,TriClass-Cloud-FT,2423,1,1,0,0,0,0,0.9404897689819336
video09,TriClass-Cloud-FT,2424,1,1,0,0,0,0,0.9398839473724365
video09,TriClass-Cloud-FT,2425,1,1,0,0,0,0,0.9396329522132874
video09,TriClass-Cloud-FT,2426,1,1,0,0,0,0,0.9388608336448669
video09,TriClass-Cloud-FT,2427,1,1,0,0,0,0,0.9375283718109131
video09,TriClass-Cloud-FT,2428,1,1,0,0,0,0,0.9350228309631348
video09,TriClass-Cloud-FT,2429,1,1,0,0,0,0,0.9356472492218018
video09,TriClass-Cloud-FT,2430,1,1,0,0,0,0,0.9337500929832458
video09,TriClass-Cloud-FT,2431,1,1,0,0,0,0,0.9337432980537415
video09,TriClass-Cloud-FT,2432,1,1,0,0,0,0,0.9352352023124695
video09,TriClass-Cloud-FT,2433,1,1,0,0,0,0,0.9340692758560181
video09,TriClass-Cloud-FT,2434,1,1,0,0,0,0,0.9338807463645935
video09,TriClass-Cloud-FT,2435,1,1,0,0,0,0,0.9337339401245117
video09,TriClass-Cloud-FT,2436,1,1,0,0,0,0,0.9345694780349731
video09,TriClass-Cloud-FT,2437,1,1,0,0,0,0,0.933430552482605
video09,TriClass-Cloud-FT,2438,1,1,0,0,0,0,0.9327865242958069
video09,TriClass-Cloud-FT,2439,1,1,0,0,0,0,0.9306244850158691
video09,TriClass-Cloud-FT,2440,1,1,0,0,0,0,0.9297229051589966
video09,TriClass-Cloud-FT,2441,1,1,0,0,0,0,0.9298959374427795
video09,TriClass-Cloud-FT,2442,1,1,0,0,0,0,0.9293484687805176
video09,TriClass-Cloud-FT,2443,1,1,0,0,0,0,0.9287918210029602
video09,TriClass-Cloud-FT,2444,1,1,0,0,0,0,0.9282076358795166
video09,TriClass-Cloud-FT,2445,1,1,0,0,0,0,0.9279002547264099
video09,TriClass-Cloud-FT,2446,1,1,0,0,0,0,0.9280148148536682
video09,TriClass-Cloud-FT,2447,1,1,0,0,0,0,0.92868572473526
video09,TriClass-Cloud-FT,2448,1,1,0,0,0,0,0.9288396239280701
video09,TriClass-Cloud-FT,2449,1,1,0,0,0,0,0.9299335479736328
video09,TriClass-Cloud-FT,2450,1,1,0,0,0,0,0.9305474758148193
video09,TriClass-Cloud-FT,2451,1,1,0,0,0,0,0.9310235381126404
video09,TriClass-Cloud-FT,2452,1,1,0,0,0,0,0.9320300817489624
video09,TriClass-Cloud-FT,2453,1,1,0,0,0,0,0.9316432476043701
video09,TriClass-Cloud-FT,2454,1,1,0,0,0,0,0.9323049783706665
video09,TriClass-Cloud-FT,2455,1,1,0,0,0,0,0.9326773285865784
video09,TriClass-Cloud-FT,2456,1,1,0,0,0,0,0.9337963461875916
video09,TriClass-Cloud-FT,2457,1,1,0,0,0,0,0.9330853223800659
video09,TriClass-Cloud-FT,2458,1,1,0,0,0,0,0.933371365070343
video09,TriClass-Cloud-FT,2459,1,1,0,0,0,0,0.9355357885360718
video09,TriClass-Cloud-FT,2460,1,1,0,0,0,0,0.9371153712272644
video09,TriClass-Cloud-FT,2461,1,1,0,0,0,0,0.9366926550865173
video09,TriClass-Cloud-FT,2462,1,1,0,0,0,0,0.9362806081771851
video09,TriClass-Cloud-FT,2463,1,1,0,0,0,0,0.9380884170532227
video09,TriClass-Cloud-FT,2464,1,1,0,0,0,0,0.939076840877533
video09,TriClass-Cloud-FT,2465,1,1,0,0,0,0,0.9400588870048523
video09,TriClass-Cloud-FT,2466,1,1,0,0,0,0,0.9411786794662476
video09,TriClass-Cloud-FT,2467,1,1,0,0,0,0,0.9403730630874634
video09,TriClass-Cloud-FT,2468,1,1,0,0,0,0,0.9415779113769531
video09,TriClass-Cloud-FT,2469,1,1,0,0,0,0,0.9417994618415833
video09,TriClass-Cloud-FT,2470,1,1,0,0,0,0,0.9399359822273254
video09,TriClass-Cloud-FT,2471,1,1,0,0,0,0,0.9405977129936218
video09,TriClass-Cloud-FT,2472,1,1,0,0,0,0,0.9420458078384399
video09,TriClass-Cloud-FT,2473,1,1,0,0,0,0,0.9433205127716064
video09,TriClass-Cloud-FT,2474,1,1,0,0,0,0,0.9449936151504517
video09,TriClass-Cloud-FT,2475,1,1,0,0,0,0,0.9450339674949646
video09,TriClass-Cloud-FT,2476,1,1,0,0,0,0,0.9449588060379028
video09,TriClass-Cloud-FT,2477,1,1,0,0,0,0,0.9331815838813782
video09,TriClass-Cloud-FT,2478,1,1,0,0,0,0,0.9305655360221863
video09,TriClass-Cloud-FT,2479,1,1,0,0,0,0,0.9414858818054199
video09,TriClass-Cloud-FT,2480,1,1,0,0,0,0,0.9409191012382507
video09,TriClass-Cloud-FT,2481,1,1,0,0,0,0,0.9399353265762329
video09,TriClass-Cloud-FT,2482,1,1,0,0,0,0,0.9390055537223816
video09,TriClass-Cloud-FT,2483,1,1,0,0,0,0,0.9381135702133179
video09,TriClass-Cloud-FT,2484,1,1,0,0,0,0,0.9379198551177979
video09,TriClass-Cloud-FT,2485,1,1,0,0,0,0,0.9373810291290283
video09,TriClass-Cloud-FT,2486,1,1,0,0,0,0,0.9374722838401794
video09,TriClass-Cloud-FT,2487,1,1,0,0,0,0,0.9366657733917236
video09,TriClass-Cloud-FT,2488,1,1,0,0,0,0,0.9375712871551514
video09,TriClass-Cloud-FT,2489,1,1,0,0,0,0,0.9364035129547119
video09,TriClass-Cloud-FT,2490,1,1,0,0,0,0,0.9066444635391235
video09,TriClass-Cloud-FT,2491,1,1,0,0,0,0,0.9348820447921753
video09,TriClass-Cloud-FT,2492,1,1,0,0,0,0,0.9393433928489685
video09,TriClass-Cloud-FT,2493,1,1,0,0,0,0,0.9398177266120911
video09,TriClass-Cloud-FT,2494,1,1,0,0,0,0,0.940337061882019
video09,TriClass-Cloud-FT,2495,1,1,0,0,0,0,0.9407814741134644
video09,TriClass-Cloud-FT,2496,1,1,0,0,0,0,0.9405728578567505
video09,TriClass-Cloud-FT,2497,1,1,0,0,0,0,0.9409462213516235
video09,TriClass-Cloud-FT,2498,1,1,0,0,0,0,0.9415510892868042
video09,TriClass-Cloud-FT,2499,1,1,0,0,0,0,0.9427705407142639
