video,model,frame,detections,drone_det,bird_det,false_class,low_conf_fp,tp_iou,max_conf
video10,TriClass-Cloud-FT,0,1,1,0,0,0,1,0.9069333076477051
video10,TriClass-Cloud-FT,1,1,1,0,0,0,0,0.9092236161231995
video10,TriClass-Cloud-FT,2,1,1,0,0,0,0,0.9111279845237732
video10,TriClass-Cloud-FT,3,1,1,0,0,0,0,0.9118888974189758
video10,TriClass-Cloud-FT,4,1,1,0,0,0,0,0.9143058657646179
video10,TriClass-Cloud-FT,5,1,1,0,0,0,0,0.9168789386749268
video10,TriClass-Cloud-FT,6,1,1,0,0,0,0,0.9151856303215027
video10,TriClass-Cloud-FT,7,1,1,0,0,0,0,0.9157626032829285
video10,TriClass-Cloud-FT,8,1,1,0,0,0,0,0.9174365997314453
video10,TriClass-Cloud-FT,9,1,1,0,0,0,0,0.9167457818984985
video10,TriClass-Cloud-FT,10,1,1,0,0,0,0,0.9169740676879883
video10,TriClass-Cloud-FT,11,1,1,0,0,0,0,0.9168879389762878
video10,TriClass-Cloud-FT,12,1,1,0,0,0,0,0.9154917597770691
video10,TriClass-Cloud-FT,13,1,1,0,0,0,0,0.9207584857940674
video10,TriClass-Cloud-FT,14,1,1,0,0,0,0,0.9187118411064148
video10,TriClass-Cloud-FT,15,1,1,0,0,0,0,0.9220356941223145
video10,TriClass-Cloud-FT,16,1,1,0,0,0,0,0.9218170642852783
video10,TriClass-Cloud-FT,17,1,1,0,0,0,0,0.9272270202636719
video10,TriClass-Cloud-FT,18,1,1,0,0,0,0,0.9325903058052063
video10,TriClass-Cloud-FT,19,1,1,0,0,0,0,0.9314878582954407
video10,TriClass-Cloud-FT,20,1,1,0,0,0,0,0.9262273907661438
video10,TriClass-Cloud-FT,21,1,1,0,0,0,0,0.9265362620353699
video10,TriClass-Cloud-FT,22,1,1,0,0,0,0,0.9259549379348755
video10,TriClass-Cloud-FT,23,1,1,0,0,0,0,0.9190970659255981
video10,TriClass-Cloud-FT,24,1,1,0,0,0,0,0.8080698847770691
video10,TriClass-Cloud-FT,25,1,1,0,0,0,0,0.9064168930053711
video10,TriClass-Cloud-FT,26,1,1,0,0,0,0,0.8997868299484253
video10,TriClass-Cloud-FT,27,1,1,0,0,0,0,0.9248140454292297
video10,TriClass-Cloud-FT,28,1,1,0,0,0,0,0.9078419208526611
video10,TriClass-Cloud-FT,29,1,1,0,0,0,0,0.9148344993591309
video10,TriClass-Cloud-FT,30,1,1,0,0,0,0,0.9211355447769165
video10,TriClass-Cloud-FT,31,1,1,0,0,0,0,0.929916262626648
video10,TriClass-Cloud-FT,32,1,1,0,0,0,0,0.9257345795631409
video10,TriClass-Cloud-FT,33,1,1,0,0,0,0,0.9010693430900574
video10,TriClass-Cloud-FT,34,1,1,0,0,0,0,0.9258514046669006
video10,TriClass-Cloud-FT,35,1,1,0,0,0,0,0.9114426970481873
video10,TriClass-Cloud-FT,36,1,1,0,0,0,0,0.9153372049331665
video10,TriClass-Cloud-FT,37,1,1,0,0,0,0,0.9181967377662659
video10,TriClass-Cloud-FT,38,1,1,0,0,0,0,0.9262996912002563
video10,TriClass-Cloud-FT,39,1,1,0,0,0,0,0.926459789276123
video10,TriClass-Cloud-FT,40,1,1,0,0,0,0,0.9241060614585876
video10,TriClass-Cloud-FT,41,1,1,0,0,0,0,0.9340671896934509
video10,TriClass-Cloud-FT,42,1,1,0,0,0,0,0.9258626103401184
video10,TriClass-Cloud-FT,43,1,1,0,0,0,0,0.926138699054718
video10,TriClass-Cloud-FT,44,1,1,0,0,0,0,0.9316291809082031
video10,TriClass-Cloud-FT,45,1,1,0,0,0,0,0.9270600080490112
video10,TriClass-Cloud-FT,46,1,1,0,0,0,0,0.9164183139801025
video10,TriClass-Cloud-FT,47,1,1,0,0,0,0,0.9111361503601074
video10,TriClass-Cloud-FT,48,1,1,0,0,0,0,0.9030436277389526
video10,TriClass-Cloud-FT,49,1,1,0,0,0,0,0.896611750125885
video10,TriClass-Cloud-FT,50,1,1,0,0,0,0,0.9102889895439148
video10,TriClass-Cloud-FT,51,1,1,0,0,0,0,0.9143210649490356
video10,TriClass-Cloud-FT,52,1,1,0,0,0,0,0.9116119742393494
video10,TriClass-Cloud-FT,53,1,1,0,0,0,0,0.9237355589866638
video10,TriClass-Cloud-FT,54,1,1,0,0,0,0,0.9289256930351257
video10,TriClass-Cloud-FT,55,1,1,0,0,0,0,0.9244477152824402
video10,TriClass-Cloud-FT,56,1,1,0,0,0,0,0.918644905090332
video10,TriClass-Cloud-FT,57,1,1,0,0,0,0,0.9055560231208801
video10,TriClass-Cloud-FT,58,1,1,0,0,0,0,0.9101422429084778
video10,TriClass-Cloud-FT,59,1,1,0,0,0,0,0.9108007550239563
video10,TriClass-Cloud-FT,60,1,1,0,0,0,0,0.914705753326416
video10,TriClass-Cloud-FT,61,1,1,0,0,0,0,0.9150770902633667
video10,TriClass-Cloud-FT,62,1,1,0,0,0,0,0.8916116952896118
video10,TriClass-Cloud-FT,63,1,1,0,0,0,0,0.9201298952102661
video10,TriClass-Cloud-FT,64,1,1,0,0,0,0,0.9111343622207642
video10,TriClass-Cloud-FT,65,1,1,0,0,0,0,0.9214345812797546
video10,TriClass-Cloud-FT,66,1,1,0,0,0,0,0.918126106262207
video10,TriClass-Cloud-FT,67,1,1,0,0,0,0,0.9188863635063171
video10,TriClass-Cloud-FT,68,1,1,0,0,0,0,0.9102190732955933
video10,TriClass-Cloud-FT,69,1,1,0,0,0,0,0.9000244736671448
video10,TriClass-Cloud-FT,70,1,1,0,0,0,0,0.9243807196617126
video10,TriClass-Cloud-FT,71,1,1,0,0,0,0,0.9316551685333252
video10,TriClass-Cloud-FT,72,1,1,0,0,0,0,0.9163286685943604
video10,TriClass-Cloud-FT,73,1,1,0,0,0,0,0.9122976660728455
video10,TriClass-Cloud-FT,74,1,1,0,0,0,0,0.9180419445037842
video10,TriClass-Cloud-FT,75,1,1,0,0,0,0,0.9163243770599365
video10,TriClass-Cloud-FT,76,1,1,0,0,0,0,0.9130756855010986
video10,TriClass-Cloud-FT,77,1,1,0,0,0,0,0.9159286022186279
video10,TriClass-Cloud-FT,78,1,1,0,0,0,0,0.9132682085037231
video10,TriClass-Cloud-FT,79,1,1,0,0,0,0,0.915267825126648
video10,TriClass-Cloud-FT,80,1,1,0,0,0,0,0.9159411787986755
video10,TriClass-Cloud-FT,81,1,1,0,0,0,0,0.9170625805854797
video10,TriClass-Cloud-FT,82,1,1,0,0,0,0,0.9171131253242493
video10,TriClass-Cloud-FT,83,1,1,0,0,0,0,0.9166886806488037
video10,TriClass-Cloud-FT,84,1,1,0,0,0,0,0.91709303855896
video10,TriClass-Cloud-FT,85,1,1,0,0,0,0,0.9173906445503235
video10,TriClass-Cloud-FT,86,1,1,0,0,0,0,0.9161952137947083
video10,TriClass-Cloud-FT,87,1,1,0,0,0,0,0.9151843190193176
video10,TriClass-Cloud-FT,88,1,1,0,0,0,0,0.9144291281700134
video10,TriClass-Cloud-FT,89,1,1,0,0,0,0,0.9144266247749329
video10,TriClass-Cloud-FT,90,1,1,0,0,0,0,0.9122188091278076
video10,TriClass-Cloud-FT,91,1,1,0,0,0,0,0.9132303595542908
video10,TriClass-Cloud-FT,92,1,1,0,0,0,0,0.9126119017601013
video10,TriClass-Cloud-FT,93,1,1,0,0,0,0,0.9127531051635742
video10,TriClass-Cloud-FT,94,1,1,0,0,0,0,0.9127680659294128
video10,TriClass-Cloud-FT,95,1,1,0,0,0,0,0.9135592579841614
video10,TriClass-Cloud-FT,96,1,1,0,0,0,0,0.9099987745285034
video10,TriClass-Cloud-FT,97,1,1,0,0,0,0,0.9086105823516846
video10,TriClass-Cloud-FT,98,1,1,0,0,0,0,0.9091613292694092
video10,TriClass-Cloud-FT,99,1,1,0,0,0,0,0.9117005467414856
video10,TriClass-Cloud-FT,100,1,1,0,0,0,0,0.9093096852302551
video10,TriClass-Cloud-FT,101,1,1,0,0,0,0,0.9096763730049133
video10,TriClass-Cloud-FT,102,1,1,0,0,0,0,0.9091806411743164
video10,TriClass-Cloud-FT,103,1,1,0,0,0,0,0.9087241291999817
video10,TriClass-Cloud-FT,104,1,1,0,0,0,0,0.9112682342529297
video10,TriClass-Cloud-FT,105,1,1,0,0,0,0,0.9107736945152283
video10,TriClass-Cloud-FT,106,1,1,0,0,0,0,0.9107410311698914
video10,TriClass-Cloud-FT,107,1,1,0,0,0,0,0.912502110004425
video10,TriClass-Cloud-FT,108,1,1,0,0,0,0,0.9141695499420166
video10,TriClass-Cloud-FT,109,1,1,0,0,0,0,0.9127868413925171
video10,TriClass-Cloud-FT,110,1,1,0,0,0,0,0.9103406667709351
video10,TriClass-Cloud-FT,111,1,1,0,0,0,0,0.9082242250442505
video10,TriClass-Cloud-FT,112,1,1,0,0,0,0,0.9113218188285828
video10,TriClass-Cloud-FT,113,1,1,0,0,0,0,0.9148514866828918
video10,TriClass-Cloud-FT,114,1,1,0,0,0,0,0.9168577194213867
video10,TriClass-Cloud-FT,115,1,1,0,0,0,0,0.9177761673927307
video10,TriClass-Cloud-FT,116,1,1,0,0,0,0,0.9222930073738098
video10,TriClass-Cloud-FT,117,1,1,0,0,0,0,0.9229182600975037
video10,TriClass-Cloud-FT,118,1,1,0,0,0,0,0.9261075258255005
video10,TriClass-Cloud-FT,119,1,1,0,0,0,0,0.9264605045318604
video10,TriClass-Cloud-FT,120,1,1,0,0,0,0,0.9291201829910278
video10,TriClass-Cloud-FT,121,1,1,0,0,0,0,0.9274293780326843
video10,TriClass-Cloud-FT,122,1,1,0,0,0,0,0.9253849387168884
video10,TriClass-Cloud-FT,123,1,1,0,0,0,0,0.9254543781280518
video10,TriClass-Cloud-FT,124,1,1,0,0,0,0,0.9268540143966675
video10,TriClass-Cloud-FT,125,1,1,0,0,0,0,0.9253723621368408
video10,TriClass-Cloud-FT,126,1,1,0,0,0,0,0.9283701777458191
video10,TriClass-Cloud-FT,127,1,1,0,0,0,0,0.9279007911682129
video10,TriClass-Cloud-FT,128,1,1,0,0,0,0,0.9265702962875366
video10,TriClass-Cloud-FT,129,1,1,0,0,0,0,0.9294912219047546
video10,TriClass-Cloud-FT,130,1,1,0,0,0,0,0.9276094436645508
video10,TriClass-Cloud-FT,131,1,1,0,0,0,0,0.9258977770805359
video10,TriClass-Cloud-FT,132,1,1,0,0,0,0,0.9248791933059692
video10,TriClass-Cloud-FT,133,1,1,0,0,0,0,0.9276498556137085
video10,TriClass-Cloud-FT,134,1,1,0,0,0,0,0.9283708930015564
video10,TriClass-Cloud-FT,135,1,1,0,0,0,0,0.9271953701972961
video10,TriClass-Cloud-FT,136,1,1,0,0,0,0,0.9300567507743835
video10,TriClass-Cloud-FT,137,1,1,0,0,0,0,0.9326362609863281
video10,TriClass-Cloud-FT,138,1,1,0,0,0,0,0.9207130074501038
video10,TriClass-Cloud-FT,139,2,2,0,0,1,0,0.8113702535629272
video10,TriClass-Cloud-FT,140,1,1,0,0,0,0,0.9294520616531372
video10,TriClass-Cloud-FT,141,1,1,0,0,0,0,0.9278682470321655
video10,TriClass-Cloud-FT,142,1,1,0,0,0,0,0.9246413707733154
video10,TriClass-Cloud-FT,143,1,1,0,0,0,0,0.926181972026825
video10,TriClass-Cloud-FT,144,1,1,0,0,0,0,0.9284750819206238
video10,TriClass-Cloud-FT,145,1,1,0,0,0,0,0.9327492713928223
video10,TriClass-Cloud-FT,146,1,1,0,0,0,0,0.9330441355705261
video10,TriClass-Cloud-FT,147,1,1,0,0,0,0,0.9276852607727051
video10,TriClass-Cloud-FT,148,1,1,0,0,0,0,0.9270010590553284
video10,TriClass-Cloud-FT,149,1,1,0,0,0,0,0.9215509295463562
video10,TriClass-Cloud-FT,150,1,1,0,0,0,0,0.9157788157463074
video10,TriClass-Cloud-FT,151,1,1,0,0,0,0,0.9189746975898743
video10,TriClass-Cloud-FT,152,1,1,0,0,0,0,0.9316654801368713
video10,TriClass-Cloud-FT,153,1,1,0,0,0,0,0.9307259917259216
video10,TriClass-Cloud-FT,154,1,1,0,0,0,0,0.9383144378662109
video10,TriClass-Cloud-FT,155,1,1,0,0,0,0,0.9360131621360779
video10,TriClass-Cloud-FT,156,1,1,0,0,0,0,0.9312614798545837
video10,TriClass-Cloud-FT,157,1,1,0,0,0,0,0.9277883768081665
video10,TriClass-Cloud-FT,158,1,1,0,0,0,0,0.9212465882301331
video10,TriClass-Cloud-FT,159,1,1,0,0,0,0,0.9375922679901123
video10,TriClass-Cloud-FT,160,1,1,0,0,0,0,0.9335125088691711
video10,TriClass-Cloud-FT,161,1,1,0,0,0,0,0.924277126789093
video10,TriClass-Cloud-FT,162,1,1,0,0,0,0,0.9227640628814697
video10,TriClass-Cloud-FT,163,1,1,0,0,0,0,0.9098587036132812
video10,TriClass-Cloud-FT,164,1,1,0,0,0,0,0.9181010127067566
video10,TriClass-Cloud-FT,165,1,1,0,0,0,0,0.924059271812439
video10,TriClass-Cloud-FT,166,1,1,0,0,0,0,0.9217826128005981
video10,TriClass-Cloud-FT,167,1,1,0,0,0,0,0.9182524681091309
video10,TriClass-Cloud-FT,168,1,1,0,0,0,0,0.9114642143249512
video10,TriClass-Cloud-FT,169,1,1,0,0,0,0,0.9164062738418579
video10,TriClass-Cloud-FT,170,1,1,0,0,0,0,0.9222159385681152
video10,TriClass-Cloud-FT,171,1,1,0,0,0,0,0.9073596596717834
video10,TriClass-Cloud-FT,172,1,1,0,0,0,0,0.9042536020278931
video10,TriClass-Cloud-FT,173,1,1,0,0,0,0,0.8986135721206665
video10,TriClass-Cloud-FT,174,1,1,0,0,0,0,0.9208856225013733
video10,TriClass-Cloud-FT,175,1,1,0,0,0,0,0.9079747200012207
video10,TriClass-Cloud-FT,176,1,1,0,0,0,0,0.9029601216316223
video10,TriClass-Cloud-FT,177,1,1,0,0,0,0,0.8963619470596313
video10,TriClass-Cloud-FT,178,1,1,0,0,0,0,0.9206559062004089
video10,TriClass-Cloud-FT,179,1,1,0,0,0,0,0.9084711074829102
video10,TriClass-Cloud-FT,180,1,1,0,0,0,0,0.9019994735717773
video10,TriClass-Cloud-FT,181,1,1,0,0,0,0,0.898583173751831
video10,TriClass-Cloud-FT,182,1,1,0,0,0,0,0.9254538416862488
video10,TriClass-Cloud-FT,183,1,1,0,0,0,0,0.9206100702285767
video10,TriClass-Cloud-FT,184,1,1,0,0,0,0,0.905351996421814
video10,TriClass-Cloud-FT,185,1,1,0,0,0,0,0.8994425535202026
video10,TriClass-Cloud-FT,186,1,1,0,0,0,0,0.9001473188400269
video10,TriClass-Cloud-FT,187,1,1,0,0,0,0,0.927870512008667
video10,TriClass-Cloud-FT,188,1,1,0,0,0,0,0.9079256057739258
video10,TriClass-Cloud-FT,189,1,1,0,0,0,0,0.9010873436927795
video10,TriClass-Cloud-FT,190,1,1,0,0,0,0,0.9004170894622803
video10,TriClass-Cloud-FT,191,1,1,0,0,0,0,0.9002096652984619
video10,TriClass-Cloud-FT,192,1,1,0,0,0,0,0.9091678261756897
video10,TriClass-Cloud-FT,193,1,1,0,0,0,0,0.935566782951355
video10,TriClass-Cloud-FT,194,1,1,0,0,0,0,0.9220766425132751
video10,TriClass-Cloud-FT,195,1,1,0,0,0,0,0.9174339771270752
video10,TriClass-Cloud-FT,196,1,1,0,0,0,0,0.9119542837142944
video10,TriClass-Cloud-FT,197,1,1,0,0,0,0,0.911089301109314
video10,TriClass-Cloud-FT,198,1,1,0,0,0,0,0.9044693112373352
video10,TriClass-Cloud-FT,199,1,1,0,0,0,0,0.9088582396507263
video10,TriClass-Cloud-FT,200,1,1,0,0,0,0,0.909427285194397
video10,TriClass-Cloud-FT,201,1,1,0,0,0,0,0.9106356501579285
video10,TriClass-Cloud-FT,202,1,1,0,0,0,0,0.9097616076469421
video10,TriClass-Cloud-FT,203,1,1,0,0,0,0,0.9182339310646057
video10,TriClass-Cloud-FT,204,1,1,0,0,0,0,0.9193843603134155
video10,TriClass-Cloud-FT,205,1,1,0,0,0,0,0.9351016283035278
video10,TriClass-Cloud-FT,206,2,2,0,0,1,0,0.6610885262489319
video10,TriClass-Cloud-FT,207,1,1,0,0,0,0,0.9273940324783325
video10,TriClass-Cloud-FT,208,1,1,0,0,0,0,0.9258707761764526
video10,TriClass-Cloud-FT,209,1,1,0,0,0,0,0.9255775213241577
video10,TriClass-Cloud-FT,210,1,1,0,0,0,0,0.9265320301055908
video10,TriClass-Cloud-FT,211,1,1,0,0,0,0,0.9266337752342224
video10,TriClass-Cloud-FT,212,1,1,0,0,0,0,0.9280702471733093
video10,TriClass-Cloud-FT,213,1,1,0,0,0,0,0.9281705617904663
video10,TriClass-Cloud-FT,214,1,1,0,0,0,0,0.9290294051170349
video10,TriClass-Cloud-FT,215,1,1,0,0,0,0,0.9297698736190796
video10,TriClass-Cloud-FT,216,1,1,0,0,0,0,0.9285271763801575
video10,TriClass-Cloud-FT,217,1,1,0,0,0,0,0.9267921447753906
video10,TriClass-Cloud-FT,218,1,1,0,0,0,0,0.9283875226974487
video10,TriClass-Cloud-FT,219,1,1,0,0,0,0,0.9265992045402527
video10,TriClass-Cloud-FT,220,1,1,0,0,0,0,0.9271478056907654
video10,TriClass-Cloud-FT,221,1,1,0,0,0,0,0.9257747530937195
video10,TriClass-Cloud-FT,222,1,1,0,0,0,0,0.9272609353065491
video10,TriClass-Cloud-FT,223,1,1,0,0,0,0,0.9251939654350281
video10,TriClass-Cloud-FT,224,1,1,0,0,0,0,0.9254798889160156
video10,TriClass-Cloud-FT,225,1,1,0,0,0,0,0.9261707067489624
video10,TriClass-Cloud-FT,226,1,1,0,0,0,0,0.926996648311615
video10,TriClass-Cloud-FT,227,1,1,0,0,0,0,0.9234724640846252
video10,TriClass-Cloud-FT,228,1,1,0,0,0,0,0.9204826951026917
video10,TriClass-Cloud-FT,229,1,1,0,0,0,0,0.9229758381843567
video10,TriClass-Cloud-FT,230,1,1,0,0,0,0,0.927973210811615
video10,TriClass-Cloud-FT,231,1,1,0,0,0,0,0.9272928237915039
video10,TriClass-Cloud-FT,232,1,1,0,0,0,0,0.9303041100502014
video10,TriClass-Cloud-FT,233,1,1,0,0,0,0,0.9283552765846252
video10,TriClass-Cloud-FT,234,1,1,0,0,0,0,0.9302476048469543
video10,TriClass-Cloud-FT,235,1,1,0,0,0,0,0.9351954460144043
video10,TriClass-Cloud-FT,236,1,1,0,0,0,0,0.9376521110534668
video10,TriClass-Cloud-FT,237,1,1,0,0,0,0,0.9366574883460999
video10,TriClass-Cloud-FT,238,1,1,0,0,0,0,0.9355595707893372
video10,TriClass-Cloud-FT,239,1,1,0,0,0,0,0.9343233108520508
video10,TriClass-Cloud-FT,240,1,1,0,0,0,0,0.9349244832992554
video10,TriClass-Cloud-FT,241,1,1,0,0,0,0,0.8793424963951111
video10,TriClass-Cloud-FT,242,1,1,0,0,0,0,0.9355992078781128
video10,TriClass-Cloud-FT,243,1,1,0,0,0,0,0.9352014064788818
video10,TriClass-Cloud-FT,244,1,1,0,0,0,0,0.9312941431999207
video10,TriClass-Cloud-FT,245,1,1,0,0,0,0,0.9323024749755859
video10,TriClass-Cloud-FT,246,1,1,0,0,0,0,0.9351795315742493
video10,TriClass-Cloud-FT,247,1,1,0,0,0,0,0.9362711906433105
video10,TriClass-Cloud-FT,248,1,1,0,0,0,0,0.937511146068573
video10,TriClass-Cloud-FT,249,1,1,0,0,0,0,0.9366499781608582
video10,TriClass-Cloud-FT,250,1,1,0,0,0,0,0.937282919883728
video10,TriClass-Cloud-FT,251,1,1,0,0,0,0,0.937771737575531
video10,TriClass-Cloud-FT,252,1,1,0,0,0,0,0.9400240182876587
video10,TriClass-Cloud-FT,253,1,1,0,0,0,0,0.9371164441108704
video10,TriClass-Cloud-FT,254,1,1,0,0,0,0,0.9361940026283264
video10,TriClass-Cloud-FT,255,1,1,0,0,0,0,0.9345280528068542
video10,TriClass-Cloud-FT,256,1,1,0,0,0,0,0.9377918243408203
video10,TriClass-Cloud-FT,257,1,1,0,0,0,0,0.9307277202606201
video10,TriClass-Cloud-FT,258,1,1,0,0,0,0,0.9315901398658752
video10,TriClass-Cloud-FT,259,1,1,0,0,0,0,0.9296092391014099
video10,TriClass-Cloud-FT,260,1,1,0,0,0,0,0.9306690692901611
video10,TriClass-Cloud-FT,261,1,1,0,0,0,0,0.7734358310699463
video10,TriClass-Cloud-FT,262,1,1,0,0,0,0,0.9328453540802002
video10,TriClass-Cloud-FT,263,1,1,0,0,0,0,0.9363734126091003
video10,TriClass-Cloud-FT,264,1,1,0,0,0,0,0.9352686405181885
video10,TriClass-Cloud-FT,265,1,1,0,0,0,0,0.9312504529953003
video10,TriClass-Cloud-FT,266,1,1,0,0,0,0,0.9302911162376404
video10,TriClass-Cloud-FT,267,1,1,0,0,0,0,0.930656373500824
video10,TriClass-Cloud-FT,268,1,1,0,0,0,0,0.9330582618713379
video10,TriClass-Cloud-FT,269,1,1,0,0,0,0,0.9363957643508911
video10,TriClass-Cloud-FT,270,1,1,0,0,0,0,0.9375962615013123
video10,TriClass-Cloud-FT,271,1,1,0,0,0,0,0.9382337331771851
video10,TriClass-Cloud-FT,272,1,1,0,0,0,0,0.9372816681861877
video10,TriClass-Cloud-FT,273,1,1,0,0,0,0,0.9378947019577026
video10,TriClass-Cloud-FT,274,1,1,0,0,0,0,0.927685558795929
video10,TriClass-Cloud-FT,275,1,1,0,0,0,0,0.9327430725097656
video10,TriClass-Cloud-FT,276,1,1,0,0,0,0,0.9326217174530029
video10,TriClass-Cloud-FT,277,1,1,0,0,0,0,0.9333877563476562
video10,TriClass-Cloud-FT,278,1,1,0,0,0,0,0.9315469264984131
video10,TriClass-Cloud-FT,279,1,1,0,0,0,0,0.9315851926803589
video10,TriClass-Cloud-FT,280,1,1,0,0,0,0,0.9293726086616516
video10,TriClass-Cloud-FT,281,1,1,0,0,0,0,0.9288917779922485
video10,TriClass-Cloud-FT,282,1,1,0,0,0,0,0.8794740438461304
video10,TriClass-Cloud-FT,283,1,1,0,0,0,0,0.9229560494422913
video10,TriClass-Cloud-FT,284,1,1,0,0,0,0,0.9250035881996155
video10,TriClass-Cloud-FT,285,1,1,0,0,0,0,0.9240701198577881
video10,TriClass-Cloud-FT,286,1,1,0,0,0,0,0.9207590222358704
video10,TriClass-Cloud-FT,287,1,1,0,0,0,0,0.9251320362091064
video10,TriClass-Cloud-FT,288,1,1,0,0,0,0,0.9220826029777527
video10,TriClass-Cloud-FT,289,1,1,0,0,0,0,0.9147303700447083
video10,TriClass-Cloud-FT,290,1,1,0,0,0,0,0.9157595038414001
video10,TriClass-Cloud-FT,291,1,1,0,0,0,0,0.9132506251335144
video10,TriClass-Cloud-FT,292,1,1,0,0,0,0,0.9134865403175354
video10,TriClass-Cloud-FT,293,1,1,0,0,0,0,0.9132736921310425
video10,TriClass-Cloud-FT,294,1,1,0,0,0,0,0.9076292514801025
video10,TriClass-Cloud-FT,295,1,1,0,0,0,0,0.9042662978172302
video10,TriClass-Cloud-FT,296,1,1,0,0,0,0,0.9096016883850098
video10,TriClass-Cloud-FT,297,1,1,0,0,0,0,0.9108045101165771
video10,TriClass-Cloud-FT,298,1,1,0,0,0,0,0.9172849059104919
video10,TriClass-Cloud-FT,299,1,1,0,0,0,0,0.9308595061302185
video10,TriClass-Cloud-FT,300,1,1,0,0,0,0,0.9320279955863953
video10,TriClass-Cloud-FT,301,1,1,0,0,0,0,0.9136524796485901
video10,TriClass-Cloud-FT,302,1,1,0,0,0,0,0.9259809851646423
video10,TriClass-Cloud-FT,303,1,1,0,0,0,0,0.874068021774292
video10,TriClass-Cloud-FT,304,1,1,0,0,0,0,0.9120998382568359
video10,TriClass-Cloud-FT,305,1,1,0,0,0,0,0.913661539554596
video10,TriClass-Cloud-FT,306,1,1,0,0,0,0,0.9179432392120361
video10,TriClass-Cloud-FT,307,1,1,0,0,0,0,0.9181535243988037
video10,TriClass-Cloud-FT,308,1,1,0,0,0,0,0.9115949273109436
video10,TriClass-Cloud-FT,309,1,1,0,0,0,0,0.916849672794342
video10,TriClass-Cloud-FT,310,1,1,0,0,0,0,0.9245603084564209
video10,TriClass-Cloud-FT,311,1,1,0,0,0,0,0.9341793060302734
video10,TriClass-Cloud-FT,312,1,1,0,0,0,0,0.9304940104484558
video10,TriClass-Cloud-FT,313,1,1,0,0,0,0,0.9331445097923279
video10,TriClass-Cloud-FT,314,1,1,0,0,0,0,0.9332135319709778
video10,TriClass-Cloud-FT,315,1,1,0,0,0,0,0.9304181337356567
video10,TriClass-Cloud-FT,316,1,1,0,0,0,0,0.9294244647026062
video10,TriClass-Cloud-FT,317,1,1,0,0,0,0,0.9281614422798157
video10,TriClass-Cloud-FT,318,1,1,0,0,0,0,0.9273639917373657
video10,TriClass-Cloud-FT,319,1,1,0,0,0,0,0.9338628649711609
video10,TriClass-Cloud-FT,320,1,1,0,0,0,0,0.9272337555885315
video10,TriClass-Cloud-FT,321,1,1,0,0,0,0,0.609436571598053
video10,TriClass-Cloud-FT,322,1,1,0,0,0,0,0.9312382340431213
video10,TriClass-Cloud-FT,323,1,1,0,0,0,0,0.9308831691741943
video10,TriClass-Cloud-FT,324,1,1,0,0,0,0,0.9237787127494812
video10,TriClass-Cloud-FT,325,1,1,0,0,0,0,0.9316160082817078
video10,TriClass-Cloud-FT,326,1,1,0,0,0,0,0.931035578250885
video10,TriClass-Cloud-FT,327,1,1,0,0,0,0,0.9281275272369385
video10,TriClass-Cloud-FT,328,2,2,0,0,0,0,0.7274351716041565
video10,TriClass-Cloud-FT,329,1,1,0,0,0,0,0.9283883571624756
video10,TriClass-Cloud-FT,330,1,1,0,0,0,0,0.9330617785453796
video10,TriClass-Cloud-FT,331,1,1,0,0,0,0,0.9294694662094116
video10,TriClass-Cloud-FT,332,1,1,0,0,0,0,0.9251887798309326
video10,TriClass-Cloud-FT,333,1,1,0,0,0,0,0.9261865615844727
video10,TriClass-Cloud-FT,334,1,1,0,0,0,0,0.9341498613357544
video10,TriClass-Cloud-FT,335,1,1,0,0,0,0,0.9353662729263306
video10,TriClass-Cloud-FT,336,1,1,0,0,0,0,0.9330329298973083
video10,TriClass-Cloud-FT,337,1,1,0,0,0,0,0.9309357404708862
video10,TriClass-Cloud-FT,338,1,1,0,0,0,0,0.9222139120101929
video10,TriClass-Cloud-FT,339,1,1,0,0,0,0,0.9231903553009033
video10,TriClass-Cloud-FT,340,1,1,0,0,0,0,0.9231225848197937
video10,TriClass-Cloud-FT,341,1,1,0,0,0,0,0.9251710176467896
video10,TriClass-Cloud-FT,342,1,1,0,0,0,0,0.9259769916534424
video10,TriClass-Cloud-FT,343,1,1,0,0,0,0,0.9275849461555481
video10,TriClass-Cloud-FT,344,1,1,0,0,0,0,0.9264211058616638
video10,TriClass-Cloud-FT,345,1,1,0,0,0,0,0.9272598028182983
video10,TriClass-Cloud-FT,346,1,1,0,0,0,0,0.9258242249488831
video10,TriClass-Cloud-FT,347,1,1,0,0,0,0,0.7904475331306458
video10,TriClass-Cloud-FT,348,1,1,0,0,0,0,0.933578610420227
video10,TriClass-Cloud-FT,349,1,1,0,0,0,0,0.9292385578155518
video10,TriClass-Cloud-FT,350,1,1,0,0,0,0,0.9276373386383057
video10,TriClass-Cloud-FT,351,1,1,0,0,0,0,0.9254211783409119
video10,TriClass-Cloud-FT,352,1,1,0,0,0,0,0.919018030166626
video10,TriClass-Cloud-FT,353,1,1,0,0,0,0,0.9184035658836365
video10,TriClass-Cloud-FT,354,1,1,0,0,0,0,0.9169348478317261
video10,TriClass-Cloud-FT,355,1,1,0,0,0,0,0.9126001000404358
video10,TriClass-Cloud-FT,356,1,1,0,0,0,0,0.9142729640007019
video10,TriClass-Cloud-FT,357,1,1,0,0,0,0,0.9135399460792542
video10,TriClass-Cloud-FT,358,1,1,0,0,0,0,0.905879557132721
video10,TriClass-Cloud-FT,359,1,1,0,0,0,0,0.9036041498184204
video10,TriClass-Cloud-FT,360,1,1,0,0,0,0,0.899807870388031
video10,TriClass-Cloud-FT,361,1,1,0,0,0,0,0.9022570848464966
video10,TriClass-Cloud-FT,362,1,1,0,0,0,0,0.904052197933197
video10,TriClass-Cloud-FT,363,1,1,0,0,0,0,0.9281060695648193
video10,TriClass-Cloud-FT,364,1,1,0,0,0,0,0.9227997660636902
video10,TriClass-Cloud-FT,365,1,1,0,0,0,0,0.9315363764762878
video10,TriClass-Cloud-FT,366,1,1,0,0,0,0,0.9329743981361389
video10,TriClass-Cloud-FT,367,1,1,0,0,0,0,0.9320968389511108
video10,TriClass-Cloud-FT,368,1,1,0,0,0,0,0.9256974458694458
video10,TriClass-Cloud-FT,369,1,1,0,0,0,0,0.9193500876426697
video10,TriClass-Cloud-FT,370,1,1,0,0,0,0,0.9239246845245361
video10,TriClass-Cloud-FT,371,1,1,0,0,0,0,0.924458920955658
video10,TriClass-Cloud-FT,372,1,1,0,0,0,0,0.918783962726593
video10,TriClass-Cloud-FT,373,1,1,0,0,0,0,0.9158033132553101
video10,TriClass-Cloud-FT,374,1,1,0,0,0,0,0.9164696335792542
video10,TriClass-Cloud-FT,375,1,1,0,0,0,0,0.922055184841156
video10,TriClass-Cloud-FT,376,1,1,0,0,0,0,0.924679160118103
video10,TriClass-Cloud-FT,377,1,1,0,0,0,0,0.9202172756195068
video10,TriClass-Cloud-FT,378,1,1,0,0,0,0,0.9149002432823181
video10,TriClass-Cloud-FT,379,1,1,0,0,0,0,0.9247041344642639
video10,TriClass-Cloud-FT,380,1,1,0,0,0,0,0.9264788031578064
video10,TriClass-Cloud-FT,381,1,1,0,0,0,0,0.9272703528404236
video10,TriClass-Cloud-FT,382,1,1,0,0,0,0,0.928380012512207
video10,TriClass-Cloud-FT,383,1,1,0,0,0,0,0.9242567420005798
video10,TriClass-Cloud-FT,384,1,1,0,0,0,0,0.9286247491836548
video10,TriClass-Cloud-FT,385,1,1,0,0,0,0,0.9281115531921387
video10,TriClass-Cloud-FT,386,1,1,0,0,0,0,0.9293269515037537
video10,TriClass-Cloud-FT,387,1,1,0,0,0,0,0.9325347542762756
video10,TriClass-Cloud-FT,388,1,1,0,0,0,0,0.9329564571380615
video10,TriClass-Cloud-FT,389,1,1,0,0,0,0,0.9308711886405945
video10,TriClass-Cloud-FT,390,1,1,0,0,0,0,0.9305452108383179
video10,TriClass-Cloud-FT,391,1,1,0,0,0,0,0.8849815130233765
video10,TriClass-Cloud-FT,392,1,1,0,0,0,0,0.7617254853248596
video10,TriClass-Cloud-FT,393,1,1,0,0,0,0,0.9286266565322876
video10,TriClass-Cloud-FT,394,1,1,0,0,0,0,0.9306862354278564
video10,TriClass-Cloud-FT,395,1,1,0,0,0,0,0.9355271458625793
video10,TriClass-Cloud-FT,396,1,1,0,0,0,0,0.9338492155075073
video10,TriClass-Cloud-FT,397,1,1,0,0,0,0,0.9328674077987671
video10,TriClass-Cloud-FT,398,1,1,0,0,0,0,0.9321379661560059
video10,TriClass-Cloud-FT,399,1,1,0,0,0,0,0.9279177188873291
video10,TriClass-Cloud-FT,400,1,1,0,0,0,0,0.9246474504470825
video10,TriClass-Cloud-FT,401,1,1,0,0,0,0,0.9168545007705688
video10,TriClass-Cloud-FT,402,1,1,0,0,0,0,0.9217258095741272
video10,TriClass-Cloud-FT,403,1,1,0,0,0,0,0.9252534508705139
video10,TriClass-Cloud-FT,404,1,1,0,0,0,0,0.9174063801765442
video10,TriClass-Cloud-FT,405,1,1,0,0,0,0,0.913838803768158
video10,TriClass-Cloud-FT,406,1,1,0,0,0,0,0.906074583530426
video10,TriClass-Cloud-FT,407,1,1,0,0,0,0,0.9050455093383789
video10,TriClass-Cloud-FT,408,1,1,0,0,0,0,0.9036734104156494
video10,TriClass-Cloud-FT,409,1,1,0,0,0,0,0.905021071434021
video10,TriClass-Cloud-FT,410,1,1,0,0,0,0,0.9165979027748108
video10,TriClass-Cloud-FT,411,1,1,0,0,0,0,0.8977899551391602
video10,TriClass-Cloud-FT,412,1,1,0,0,0,0,0.8978256583213806
video10,TriClass-Cloud-FT,413,1,1,0,0,0,0,0.8986874222755432
video10,TriClass-Cloud-FT,414,1,1,0,0,0,0,0.8973872065544128
video10,TriClass-Cloud-FT,415,1,1,0,0,0,0,0.8970761895179749
video10,TriClass-Cloud-FT,416,1,1,0,0,0,0,0.9229466915130615
video10,TriClass-Cloud-FT,417,1,1,0,0,0,0,0.9035911560058594
video10,TriClass-Cloud-FT,418,1,1,0,0,0,0,0.9194291830062866
video10,TriClass-Cloud-FT,419,1,1,0,0,0,0,0.9315415620803833
video10,TriClass-Cloud-FT,420,1,1,0,0,0,0,0.9300277829170227
video10,TriClass-Cloud-FT,421,1,1,0,0,0,0,0.922235906124115
video10,TriClass-Cloud-FT,422,1,1,0,0,0,0,0.9082739353179932
video10,TriClass-Cloud-FT,423,1,1,0,0,0,0,0.9041571021080017
video10,TriClass-Cloud-FT,424,1,1,0,0,0,0,0.9085842967033386
video10,TriClass-Cloud-FT,425,1,1,0,0,0,0,0.8428924679756165
video10,TriClass-Cloud-FT,426,1,1,0,0,0,0,0.9133745431900024
video10,TriClass-Cloud-FT,427,1,1,0,0,0,0,0.8926678895950317
video10,TriClass-Cloud-FT,428,1,1,0,0,0,0,0.8893575668334961
video10,TriClass-Cloud-FT,429,1,1,0,0,0,0,0.9154800772666931
video10,TriClass-Cloud-FT,430,1,1,0,0,0,0,0.9121962785720825
video10,TriClass-Cloud-FT,431,1,1,0,0,0,0,0.9134287238121033
video10,TriClass-Cloud-FT,432,1,1,0,0,0,0,0.9184450507164001
video10,TriClass-Cloud-FT,433,1,1,0,0,0,0,0.9228301048278809
video10,TriClass-Cloud-FT,434,1,1,0,0,0,0,0.9143094420433044
video10,TriClass-Cloud-FT,435,1,1,0,0,0,0,0.9171832203865051
video10,TriClass-Cloud-FT,436,1,1,0,0,0,0,0.9269046187400818
video10,TriClass-Cloud-FT,437,1,1,0,0,0,0,0.9296566247940063
video10,TriClass-Cloud-FT,438,1,1,0,0,0,0,0.9045852422714233
video10,TriClass-Cloud-FT,439,1,1,0,0,0,0,0.9104426503181458
video10,TriClass-Cloud-FT,440,1,1,0,0,0,0,0.9124054312705994
video10,TriClass-Cloud-FT,441,1,1,0,0,0,0,0.9156141877174377
video10,TriClass-Cloud-FT,442,1,1,0,0,0,0,0.9318657517433167
video10,TriClass-Cloud-FT,443,1,1,0,0,0,0,0.9388138651847839
video10,TriClass-Cloud-FT,444,1,1,0,0,0,0,0.9344565272331238
video10,TriClass-Cloud-FT,445,1,1,0,0,0,0,0.9260278940200806
video10,TriClass-Cloud-FT,446,1,1,0,0,0,0,0.9045040011405945
video10,TriClass-Cloud-FT,447,1,1,0,0,0,0,0.9180062413215637
video10,TriClass-Cloud-FT,448,1,1,0,0,0,0,0.9200787544250488
video10,TriClass-Cloud-FT,449,1,1,0,0,0,0,0.9215459823608398
video10,TriClass-Cloud-FT,450,1,1,0,0,0,0,0.8693760633468628
video10,TriClass-Cloud-FT,451,1,1,0,0,0,0,0.913948118686676
video10,TriClass-Cloud-FT,452,1,1,0,0,0,0,0.9007517099380493
video10,TriClass-Cloud-FT,453,1,1,0,0,0,0,0.912929117679596
video10,TriClass-Cloud-FT,454,1,1,0,0,0,0,0.9280406832695007
video10,TriClass-Cloud-FT,455,1,1,0,0,0,0,0.9259507060050964
video10,TriClass-Cloud-FT,456,1,1,0,0,0,0,0.9330997467041016
video10,TriClass-Cloud-FT,457,1,1,0,0,0,0,0.9286800622940063
video10,TriClass-Cloud-FT,458,1,1,0,0,0,0,0.9254074096679688
video10,TriClass-Cloud-FT,459,1,1,0,0,0,0,0.9144176840782166
video10,TriClass-Cloud-FT,460,1,1,0,0,0,0,0.9050999283790588
video10,TriClass-Cloud-FT,461,1,1,0,0,0,0,0.9020161628723145
video10,TriClass-Cloud-FT,462,1,1,0,0,0,0,0.9062144756317139
video10,TriClass-Cloud-FT,463,1,1,0,0,0,0,0.9269485473632812
video10,TriClass-Cloud-FT,464,1,1,0,0,0,0,0.9293490052223206
video10,TriClass-Cloud-FT,465,1,1,0,0,0,0,0.9257399439811707
video10,TriClass-Cloud-FT,466,1,1,0,0,0,0,0.9170415997505188
video10,TriClass-Cloud-FT,467,1,1,0,0,0,0,0.9157330989837646
video10,TriClass-Cloud-FT,468,1,1,0,0,0,0,0.9174590706825256
video10,TriClass-Cloud-FT,469,1,1,0,0,0,0,0.9137668609619141
video10,TriClass-Cloud-FT,470,1,1,0,0,0,0,0.9158872961997986
video10,TriClass-Cloud-FT,471,1,1,0,0,0,0,0.9142180681228638
video10,TriClass-Cloud-FT,472,1,1,0,0,0,0,0.913753867149353
video10,TriClass-Cloud-FT,473,1,1,0,0,0,0,0.9126076102256775
video10,TriClass-Cloud-FT,474,1,1,0,0,0,0,0.9138821363449097
video10,TriClass-Cloud-FT,475,1,1,0,0,0,0,0.9153813719749451
video10,TriClass-Cloud-FT,476,1,1,0,0,0,0,0.9128085970878601
video10,TriClass-Cloud-FT,477,1,1,0,0,0,0,0.9167094230651855
video10,TriClass-Cloud-FT,478,1,1,0,0,0,0,0.9139636754989624
video10,TriClass-Cloud-FT,479,1,1,0,0,0,0,0.9123745560646057
video10,TriClass-Cloud-FT,480,1,1,0,0,0,0,0.9134362936019897
video10,TriClass-Cloud-FT,481,1,1,0,0,0,0,0.916459858417511
video10,TriClass-Cloud-FT,482,1,1,0,0,0,0,0.9157324433326721
video10,TriClass-Cloud-FT,483,1,1,0,0,0,0,0.9158920049667358
video10,TriClass-Cloud-FT,484,1,1,0,0,0,0,0.9128243327140808
video10,TriClass-Cloud-FT,485,1,1,0,0,0,0,0.9160781502723694
video10,TriClass-Cloud-FT,486,1,1,0,0,0,0,0.8994417786598206
video10,TriClass-Cloud-FT,487,1,1,0,0,0,0,0.9178560972213745
video10,TriClass-Cloud-FT,488,1,1,0,0,0,0,0.9292142391204834
video10,TriClass-Cloud-FT,489,1,1,0,0,0,0,0.8986811637878418
video10,TriClass-Cloud-FT,490,1,1,0,0,0,0,0.9046831130981445
video10,TriClass-Cloud-FT,491,1,1,0,0,0,0,0.9039558172225952
video10,TriClass-Cloud-FT,492,1,1,0,0,0,0,0.9042819738388062
video10,TriClass-Cloud-FT,493,1,1,0,0,0,0,0.906122088432312
video10,TriClass-Cloud-FT,494,1,1,0,0,0,0,0.9129647016525269
video10,TriClass-Cloud-FT,495,1,1,0,0,0,0,0.9223878383636475
video10,TriClass-Cloud-FT,496,2,2,0,0,0,0,0.8448193073272705
video10,TriClass-Cloud-FT,497,1,1,0,0,0,0,0.9052374362945557
video10,TriClass-Cloud-FT,498,1,1,0,0,0,0,0.9004662036895752
video10,TriClass-Cloud-FT,499,1,1,0,0,0,0,0.9003979563713074
video10,TriClass-Cloud-FT,500,1,1,0,0,0,0,0.9006735682487488
video10,TriClass-Cloud-FT,501,1,1,0,0,0,0,0.9050461053848267
video10,TriClass-Cloud-FT,502,1,1,0,0,0,0,0.9158744812011719
video10,TriClass-Cloud-FT,503,1,1,0,0,0,0,0.9199808239936829
video10,TriClass-Cloud-FT,504,2,2,0,0,0,0,0.7298822402954102
video10,TriClass-Cloud-FT,505,1,1,0,0,0,0,0.9124644994735718
video10,TriClass-Cloud-FT,506,1,1,0,0,0,0,0.911181628704071
video10,TriClass-Cloud-FT,507,1,1,0,0,0,0,0.9082848429679871
video10,TriClass-Cloud-FT,508,1,1,0,0,0,0,0.9051819443702698
video10,TriClass-Cloud-FT,509,1,1,0,0,0,0,0.9066910147666931
video10,TriClass-Cloud-FT,510,1,1,0,0,0,0,0.9114296436309814
video10,TriClass-Cloud-FT,511,1,1,0,0,0,0,0.9132187962532043
video10,TriClass-Cloud-FT,512,1,1,0,0,0,0,0.9247519373893738
video10,TriClass-Cloud-FT,513,1,1,0,0,0,0,0.9160535931587219
video10,TriClass-Cloud-FT,514,1,1,0,0,0,0,0.9131373167037964
video10,TriClass-Cloud-FT,515,1,1,0,0,0,0,0.9037998914718628
video10,TriClass-Cloud-FT,516,1,1,0,0,0,0,0.9084547758102417
video10,TriClass-Cloud-FT,517,1,1,0,0,0,0,0.9131653308868408
video10,TriClass-Cloud-FT,518,1,1,0,0,0,0,0.9185910820960999
video10,TriClass-Cloud-FT,519,1,1,0,0,0,0,0.9202866554260254
video10,TriClass-Cloud-FT,520,1,1,0,0,0,0,0.9236608147621155
video10,TriClass-Cloud-FT,521,1,1,0,0,0,0,0.928263247013092
video10,TriClass-Cloud-FT,522,1,1,0,0,0,0,0.9281367659568787
video10,TriClass-Cloud-FT,523,1,1,0,0,0,0,0.9319782853126526
video10,TriClass-Cloud-FT,524,1,1,0,0,0,0,0.9325366020202637
video10,TriClass-Cloud-FT,525,1,1,0,0,0,0,0.9246330857276917
video10,TriClass-Cloud-FT,526,1,1,0,0,0,0,0.9272000789642334
video10,TriClass-Cloud-FT,527,1,1,0,0,0,0,0.9147670865058899
video10,TriClass-Cloud-FT,528,1,1,0,0,0,0,0.911323606967926
video10,TriClass-Cloud-FT,529,1,1,0,0,0,0,0.9064802527427673
video10,TriClass-Cloud-FT,530,1,1,0,0,0,0,0.9150187969207764
video10,TriClass-Cloud-FT,531,1,1,0,0,0,0,0.9267393946647644
video10,TriClass-Cloud-FT,532,1,1,0,0,0,0,0.9068901538848877
video10,TriClass-Cloud-FT,533,1,1,0,0,0,0,0.9085366725921631
video10,TriClass-Cloud-FT,534,1,1,0,0,0,0,0.9088724255561829
video10,TriClass-Cloud-FT,535,1,1,0,0,0,0,0.9215758442878723
video10,TriClass-Cloud-FT,536,1,1,0,0,0,0,0.9288325309753418
video10,TriClass-Cloud-FT,537,1,1,0,0,0,0,0.9324608445167542
video10,TriClass-Cloud-FT,538,1,1,0,0,0,0,0.9369319081306458
video10,TriClass-Cloud-FT,539,1,1,0,0,0,0,0.9283252954483032
video10,TriClass-Cloud-FT,540,1,1,0,0,0,0,0.9296220541000366
video10,TriClass-Cloud-FT,541,1,1,0,0,0,0,0.9266600608825684
video10,TriClass-Cloud-FT,542,1,1,0,0,0,0,0.914999783039093
video10,TriClass-Cloud-FT,543,1,1,0,0,0,0,0.9152464270591736
video10,TriClass-Cloud-FT,544,1,1,0,0,0,0,0.9063774943351746
video10,TriClass-Cloud-FT,545,1,1,0,0,0,0,0.9023730754852295
video10,TriClass-Cloud-FT,546,1,1,0,0,0,0,0.9039660692214966
video10,TriClass-Cloud-FT,547,1,1,0,0,0,0,0.9239656925201416
video10,TriClass-Cloud-FT,548,1,1,0,0,0,0,0.8867547512054443
video10,TriClass-Cloud-FT,549,1,1,0,0,0,0,0.8968436121940613
video10,TriClass-Cloud-FT,550,1,1,0,0,0,0,0.9185821413993835
video10,TriClass-Cloud-FT,551,1,1,0,0,0,0,0.9156518578529358
video10,TriClass-Cloud-FT,552,1,1,0,0,0,0,0.9280169606208801
video10,TriClass-Cloud-FT,553,1,1,0,0,0,0,0.9226155877113342
video10,TriClass-Cloud-FT,554,1,1,0,0,0,0,0.9138761162757874
video10,TriClass-Cloud-FT,555,1,1,0,0,0,0,0.8941409587860107
video10,TriClass-Cloud-FT,556,1,1,0,0,0,0,0.8879148960113525
video10,TriClass-Cloud-FT,557,1,1,0,0,0,0,0.8897671103477478
video10,TriClass-Cloud-FT,558,1,1,0,0,0,0,0.8872721195220947
video10,TriClass-Cloud-FT,559,1,1,0,0,0,0,0.9060498476028442
video10,TriClass-Cloud-FT,560,1,1,0,0,0,0,0.8922028541564941
video10,TriClass-Cloud-FT,561,1,1,0,0,0,0,0.8909221291542053
video10,TriClass-Cloud-FT,562,1,1,0,0,0,0,0.909243643283844
video10,TriClass-Cloud-FT,563,1,1,0,0,0,0,0.889238178730011
video10,TriClass-Cloud-FT,564,1,1,0,0,0,0,0.8699854016304016
video10,TriClass-Cloud-FT,565,1,1,0,0,0,0,0.8818311095237732
video10,TriClass-Cloud-FT,566,1,1,0,0,0,0,0.6991069912910461
video10,TriClass-Cloud-FT,567,1,1,0,0,0,0,0.6360101103782654
video10,TriClass-Cloud-FT,568,1,1,0,0,0,0,0.6955279111862183
video10,TriClass-Cloud-FT,569,1,1,0,0,0,0,0.8015313744544983
video10,TriClass-Cloud-FT,570,1,1,0,0,0,0,0.6649936437606812
video10,TriClass-Cloud-FT,571,1,1,0,0,1,0,0.25258204340934753
video10,TriClass-Cloud-FT,572,0,0,0,0,0,0,0.0
video10,TriClass-Cloud-FT,573,0,0,0,0,0,0,0.0
video10,TriClass-Cloud-FT,574,0,0,0,0,0,0,0.0
video10,TriClass-Cloud-FT,575,0,0,0,0,0,0,0.0
video10,TriClass-Cloud-FT,576,1,1,0,0,1,0,0.30806753039360046
video10,TriClass-Cloud-FT,577,1,1,0,0,1,0,0.33504876494407654
video10,TriClass-Cloud-FT,578,1,1,0,0,0,0,0.7679720520973206
video10,TriClass-Cloud-FT,579,1,1,0,0,0,0,0.6295642256736755
video10,TriClass-Cloud-FT,580,1,1,0,0,0,0,0.8163841366767883
video10,TriClass-Cloud-FT,581,1,1,0,0,0,0,0.8740209341049194
video10,TriClass-Cloud-FT,582,2,2,0,0,0,0,0.5643613338470459
video10,TriClass-Cloud-FT,583,1,1,0,0,0,0,0.8267681002616882
video10,TriClass-Cloud-FT,584,1,1,0,0,0,0,0.8534486293792725
video10,TriClass-Cloud-FT,585,1,1,0,0,0,0,0.874755859375
video10,TriClass-Cloud-FT,586,1,1,0,0,0,0,0.8601831197738647
video10,TriClass-Cloud-FT,587,1,1,0,0,0,0,0.8571335077285767
video10,TriClass-Cloud-FT,588,1,1,0,0,0,0,0.8408945202827454
video10,TriClass-Cloud-FT,589,1,1,0,0,0,0,0.8679052591323853
video10,TriClass-Cloud-FT,590,1,1,0,0,0,0,0.8835526704788208
video10,TriClass-Cloud-FT,591,1,1,0,0,0,0,0.8850477337837219
video10,TriClass-Cloud-FT,592,1,1,0,0,0,0,0.8197028636932373
video10,TriClass-Cloud-FT,593,1,1,0,0,0,0,0.8719274997711182
video10,TriClass-Cloud-FT,594,1,1,0,0,0,0,0.7549732327461243
video10,TriClass-Cloud-FT,595,1,1,0,0,0,0,0.8723388910293579
video10,TriClass-Cloud-FT,596,1,1,0,0,0,0,0.873245894908905
video10,TriClass-Cloud-FT,597,1,1,0,0,0,0,0.9055701494216919
video10,TriClass-Cloud-FT,598,1,1,0,0,0,0,0.8867796063423157
video10,TriClass-Cloud-FT,599,1,1,0,0,0,0,0.875703752040863
video10,TriClass-Cloud-FT,600,1,1,0,0,0,0,0.8977135419845581
video10,TriClass-Cloud-FT,601,1,1,0,0,0,0,0.9099053144454956
video10,TriClass-Cloud-FT,602,2,2,0,0,1,0,0.7691396474838257
video10,TriClass-Cloud-FT,603,2,2,0,0,0,0,0.7895476222038269
video10,TriClass-Cloud-FT,604,1,1,0,0,0,0,0.8893546462059021
video10,TriClass-Cloud-FT,605,1,1,0,0,0,0,0.909896194934845
video10,TriClass-Cloud-FT,606,1,1,0,0,0,0,0.9141384363174438
video10,TriClass-Cloud-FT,607,1,1,0,0,0,0,0.9040050506591797
video10,TriClass-Cloud-FT,608,1,1,0,0,0,0,0.909997284412384
video10,TriClass-Cloud-FT,609,1,1,0,0,0,0,0.9089121222496033
video10,TriClass-Cloud-FT,610,1,1,0,0,0,0,0.9050100445747375
video10,TriClass-Cloud-FT,611,1,1,0,0,0,0,0.9045285582542419
video10,TriClass-Cloud-FT,612,1,1,0,0,0,0,0.9054291248321533
video10,TriClass-Cloud-FT,613,1,1,0,0,0,0,0.9042370319366455
video10,TriClass-Cloud-FT,614,1,1,0,0,0,0,0.9077664613723755
video10,TriClass-Cloud-FT,615,1,1,0,0,0,0,0.9025056958198547
video10,TriClass-Cloud-FT,616,1,1,0,0,0,0,0.9006438851356506
video10,TriClass-Cloud-FT,617,1,1,0,0,0,0,0.8441550731658936
video10,TriClass-Cloud-FT,618,1,1,0,0,0,0,0.8879144191741943
video10,TriClass-Cloud-FT,619,1,1,0,0,0,0,0.8757162094116211
video10,TriClass-Cloud-FT,620,1,1,0,0,0,0,0.8791875243186951
video10,TriClass-Cloud-FT,621,1,1,0,0,0,0,0.868881344795227
video10,TriClass-Cloud-FT,622,1,1,0,0,0,0,0.9035838842391968
video10,TriClass-Cloud-FT,623,1,1,0,0,0,0,0.9040594100952148
video10,TriClass-Cloud-FT,624,2,2,0,0,0,0,0.6914259195327759
video10,TriClass-Cloud-FT,625,1,1,0,0,0,0,0.8899258971214294
video10,TriClass-Cloud-FT,626,1,1,0,0,0,0,0.8896589279174805
video10,TriClass-Cloud-FT,627,1,1,0,0,0,0,0.8914693593978882
video10,TriClass-Cloud-FT,628,1,1,0,0,0,0,0.8930698037147522
video10,TriClass-Cloud-FT,629,1,1,0,0,0,0,0.8963419795036316
video10,TriClass-Cloud-FT,630,1,1,0,0,0,0,0.8982580900192261
video10,TriClass-Cloud-FT,631,1,1,0,0,0,0,0.900520920753479
video10,TriClass-Cloud-FT,632,1,1,0,0,0,0,0.8906175494194031
video10,TriClass-Cloud-FT,633,1,1,0,0,0,0,0.8894307017326355
video10,TriClass-Cloud-FT,634,1,1,0,0,0,0,0.8950783610343933
video10,TriClass-Cloud-FT,635,1,1,0,0,0,0,0.8942095041275024
video10,TriClass-Cloud-FT,636,1,1,0,0,0,0,0.888584554195404
video10,TriClass-Cloud-FT,637,1,1,0,0,0,0,0.8773167729377747
video10,TriClass-Cloud-FT,638,1,1,0,0,0,0,0.8724958896636963
video10,TriClass-Cloud-FT,639,1,1,0,0,0,0,0.8769592642784119
video10,TriClass-Cloud-FT,640,1,1,0,0,0,0,0.8739923238754272
video10,TriClass-Cloud-FT,641,1,1,0,0,0,0,0.8759317398071289
video10,TriClass-Cloud-FT,642,1,1,0,0,0,0,0.8812229633331299
video10,TriClass-Cloud-FT,643,1,1,0,0,0,0,0.881411075592041
video10,TriClass-Cloud-FT,644,1,1,0,0,0,0,0.8870795369148254
video10,TriClass-Cloud-FT,645,1,1,0,0,0,0,0.8839117288589478
video10,TriClass-Cloud-FT,646,1,1,0,0,0,0,0.8830159306526184
video10,TriClass-Cloud-FT,647,1,1,0,0,0,0,0.8930320143699646
video10,TriClass-Cloud-FT,648,1,1,0,0,0,0,0.8927651643753052
video10,TriClass-Cloud-FT,649,1,1,0,0,0,0,0.8931354880332947
video10,TriClass-Cloud-FT,650,1,1,0,0,0,0,0.8842862248420715
video10,TriClass-Cloud-FT,651,1,1,0,0,0,0,0.889909029006958
video10,TriClass-Cloud-FT,652,1,1,0,0,0,0,0.8854145407676697
video10,TriClass-Cloud-FT,653,1,1,0,0,0,0,0.8837836384773254
video10,TriClass-Cloud-FT,654,1,1,0,0,0,0,0.8913092017173767
video10,TriClass-Cloud-FT,655,1,1,0,0,0,0,0.9031318426132202
video10,TriClass-Cloud-FT,656,1,1,0,0,0,0,0.9053031802177429
video10,TriClass-Cloud-FT,657,1,1,0,0,0,0,0.9064252972602844
video10,TriClass-Cloud-FT,658,1,1,0,0,0,0,0.9088463187217712
video10,TriClass-Cloud-FT,659,1,1,0,0,0,0,0.9059321880340576
video10,TriClass-Cloud-FT,660,1,1,0,0,0,0,0.9070664048194885
video10,TriClass-Cloud-FT,661,1,1,0,0,0,0,0.9063301086425781
video10,TriClass-Cloud-FT,662,1,1,0,0,0,0,0.9096270799636841
video10,TriClass-Cloud-FT,663,1,1,0,0,0,0,0.9084910750389099
video10,TriClass-Cloud-FT,664,1,1,0,0,0,0,0.9056252241134644
video10,TriClass-Cloud-FT,665,1,1,0,0,0,0,0.9043557047843933
video10,TriClass-Cloud-FT,666,1,1,0,0,0,0,0.9030792117118835
video10,TriClass-Cloud-FT,667,1,1,0,0,0,0,0.903984010219574
video10,TriClass-Cloud-FT,668,1,1,0,0,0,0,0.9038293361663818
video10,TriClass-Cloud-FT,669,1,1,0,0,0,0,0.9034448862075806
video10,TriClass-Cloud-FT,670,1,1,0,0,0,0,0.9006238579750061
video10,TriClass-Cloud-FT,671,1,1,0,0,0,0,0.898348331451416
video10,TriClass-Cloud-FT,672,1,1,0,0,0,0,0.8971914052963257
video10,TriClass-Cloud-FT,673,1,1,0,0,0,0,0.9035660624504089
video10,TriClass-Cloud-FT,674,1,1,0,0,0,0,0.9016696810722351
video10,TriClass-Cloud-FT,675,1,1,0,0,0,0,0.9063834547996521
video10,TriClass-Cloud-FT,676,1,1,0,0,0,0,0.9093249440193176
video10,TriClass-Cloud-FT,677,1,1,0,0,0,0,0.9119143486022949
video10,TriClass-Cloud-FT,678,1,1,0,0,0,0,0.908821702003479
video10,TriClass-Cloud-FT,679,1,1,0,0,0,0,0.9084087610244751
video10,TriClass-Cloud-FT,680,1,1,0,0,0,0,0.9085530638694763
video10,TriClass-Cloud-FT,681,1,1,0,0,0,0,0.9068659543991089
video10,TriClass-Cloud-FT,682,1,1,0,0,0,0,0.9055231213569641
video10,TriClass-Cloud-FT,683,1,1,0,0,0,0,0.9058752059936523
video10,TriClass-Cloud-FT,684,1,1,0,0,0,0,0.9046679735183716
video10,TriClass-Cloud-FT,685,1,1,0,0,0,0,0.9019529223442078
video10,TriClass-Cloud-FT,686,1,1,0,0,0,0,0.9071583151817322
video10,TriClass-Cloud-FT,687,1,1,0,0,0,0,0.9106371998786926
video10,TriClass-Cloud-FT,688,1,1,0,0,0,0,0.9058311581611633
video10,TriClass-Cloud-FT,689,1,1,0,0,0,0,0.9078402519226074
video10,TriClass-Cloud-FT,690,1,1,0,0,0,0,0.9091001749038696
video10,TriClass-Cloud-FT,691,1,1,0,0,0,0,0.9092369079589844
video10,TriClass-Cloud-FT,692,1,1,0,0,0,0,0.9100413918495178
video10,TriClass-Cloud-FT,693,1,1,0,0,0,0,0.9074443578720093
video10,TriClass-Cloud-FT,694,1,1,0,0,0,0,0.906549870967865
video10,TriClass-Cloud-FT,695,1,1,0,0,0,0,0.9044000506401062
video10,TriClass-Cloud-FT,696,1,1,0,0,0,0,0.9070872664451599
video10,TriClass-Cloud-FT,697,1,1,0,0,0,0,0.9085277318954468
video10,TriClass-Cloud-FT,698,1,1,0,0,0,0,0.9105195999145508
video10,TriClass-Cloud-FT,699,1,1,0,0,0,0,0.9096784591674805
video10,TriClass-Cloud-FT,700,1,1,0,0,0,0,0.9096585512161255
video10,TriClass-Cloud-FT,701,1,1,0,0,0,0,0.9150961637496948
video10,TriClass-Cloud-FT,702,1,1,0,0,0,0,0.918043315410614
video10,TriClass-Cloud-FT,703,1,1,0,0,0,0,0.9169682264328003
video10,TriClass-Cloud-FT,704,1,1,0,0,0,0,0.9141223430633545
video10,TriClass-Cloud-FT,705,1,1,0,0,0,0,0.9090964198112488
video10,TriClass-Cloud-FT,706,1,1,0,0,0,0,0.9016923308372498
video10,TriClass-Cloud-FT,707,1,1,0,0,0,0,0.8991666436195374
video10,TriClass-Cloud-FT,708,1,1,0,0,0,0,0.9018403887748718
video10,TriClass-Cloud-FT,709,1,1,0,0,0,0,0.9039021730422974
video10,TriClass-Cloud-FT,710,1,1,0,0,0,0,0.9045040011405945
video10,TriClass-Cloud-FT,711,1,1,0,0,0,0,0.9010671377182007
video10,TriClass-Cloud-FT,712,1,1,0,0,0,0,0.8963044881820679
video10,TriClass-Cloud-FT,713,1,1,0,0,0,0,0.8927276134490967
video10,TriClass-Cloud-FT,714,1,1,0,0,0,0,0.896756112575531
video10,TriClass-Cloud-FT,715,1,1,0,0,0,0,0.8916401863098145
video10,TriClass-Cloud-FT,716,1,1,0,0,0,0,0.893229067325592
video10,TriClass-Cloud-FT,717,1,1,0,0,0,0,0.8836250901222229
video10,TriClass-Cloud-FT,718,1,1,0,0,0,0,0.8882550597190857
video10,TriClass-Cloud-FT,719,1,1,0,0,0,0,0.8893647193908691
video10,TriClass-Cloud-FT,720,1,1,0,0,0,0,0.8837915062904358
video10,TriClass-Cloud-FT,721,1,1,0,0,0,0,0.8899651765823364
video10,TriClass-Cloud-FT,722,1,1,0,0,0,0,0.9148525595664978
video10,TriClass-Cloud-FT,723,1,1,0,0,0,0,0.9075596928596497
video10,TriClass-Cloud-FT,724,1,1,0,0,0,0,0.8996269106864929
video10,TriClass-Cloud-FT,725,1,1,0,0,0,0,0.9071862697601318
video10,TriClass-Cloud-FT,726,1,1,0,0,0,0,0.9126797318458557
video10,TriClass-Cloud-FT,727,1,1,0,0,0,0,0.9030635356903076
video10,TriClass-Cloud-FT,728,1,1,0,0,0,0,0.8947514295578003
video10,TriClass-Cloud-FT,729,1,1,0,0,0,0,0.9035686254501343
video10,TriClass-Cloud-FT,730,1,1,0,0,0,0,0.9095395803451538
video10,TriClass-Cloud-FT,731,1,1,0,0,0,0,0.9191591739654541
video10,TriClass-Cloud-FT,732,1,1,0,0,0,0,0.9130905866622925
video10,TriClass-Cloud-FT,733,1,1,0,0,0,0,0.9183254241943359
video10,TriClass-Cloud-FT,734,1,1,0,0,0,0,0.9234532713890076
video10,TriClass-Cloud-FT,735,1,1,0,0,0,0,0.9169420599937439
video10,TriClass-Cloud-FT,736,1,1,0,0,0,0,0.9096459150314331
video10,TriClass-Cloud-FT,737,1,1,0,0,0,0,0.9059426784515381
video10,TriClass-Cloud-FT,738,1,1,0,0,0,0,0.9058111310005188
video10,TriClass-Cloud-FT,739,1,1,0,0,0,0,0.9127370119094849
video10,TriClass-Cloud-FT,740,1,1,0,0,0,0,0.9059576392173767
video10,TriClass-Cloud-FT,741,1,1,0,0,0,0,0.9007893204689026
video10,TriClass-Cloud-FT,742,1,1,0,0,0,0,0.8982486724853516
video10,TriClass-Cloud-FT,743,1,1,0,0,0,0,0.9009723663330078
video10,TriClass-Cloud-FT,744,1,1,0,0,0,0,0.901116132736206
video10,TriClass-Cloud-FT,745,1,1,0,0,0,0,0.9044529795646667
video10,TriClass-Cloud-FT,746,1,1,0,0,0,0,0.9073954820632935
video10,TriClass-Cloud-FT,747,1,1,0,0,0,0,0.911995530128479
video10,TriClass-Cloud-FT,748,1,1,0,0,0,0,0.9118280410766602
video10,TriClass-Cloud-FT,749,1,1,0,0,0,0,0.9136629104614258
video10,TriClass-Cloud-FT,750,1,1,0,0,0,0,0.9174245595932007
video10,TriClass-Cloud-FT,751,1,1,0,0,0,0,0.9250054359436035
video10,TriClass-Cloud-FT,752,1,1,0,0,0,0,0.90130615234375
video10,TriClass-Cloud-FT,753,1,1,0,0,0,0,0.927426815032959
video10,TriClass-Cloud-FT,754,1,1,0,0,0,0,0.9119155406951904
video10,TriClass-Cloud-FT,755,1,1,0,0,0,0,0.9088883996009827
video10,TriClass-Cloud-FT,756,1,1,0,0,0,0,0.9029189348220825
video10,TriClass-Cloud-FT,757,1,1,0,0,0,0,0.9044552445411682
video10,TriClass-Cloud-FT,758,1,1,0,0,0,0,0.9001261591911316
video10,TriClass-Cloud-FT,759,1,1,0,0,0,0,0.8964409828186035
video10,TriClass-Cloud-FT,760,1,1,0,0,0,0,0.9008176922798157
video10,TriClass-Cloud-FT,761,1,1,0,0,0,0,0.900684118270874
video10,TriClass-Cloud-FT,762,1,1,0,0,0,0,0.9055571556091309
video10,TriClass-Cloud-FT,763,1,1,0,0,0,0,0.904121458530426
video10,TriClass-Cloud-FT,764,1,1,0,0,0,0,0.8982499241828918
video10,TriClass-Cloud-FT,765,1,1,0,0,0,0,0.9002217054367065
video10,TriClass-Cloud-FT,766,1,1,0,0,0,0,0.8967635631561279
video10,TriClass-Cloud-FT,767,1,1,0,0,0,0,0.8988280892372131
video10,TriClass-Cloud-FT,768,1,1,0,0,0,0,0.9029245376586914
video10,TriClass-Cloud-FT,769,1,1,0,0,0,0,0.9042636752128601
video10,TriClass-Cloud-FT,770,1,1,0,0,0,0,0.9095888137817383
video10,TriClass-Cloud-FT,771,1,1,0,0,0,0,0.9106530547142029
video10,TriClass-Cloud-FT,772,1,1,0,0,0,0,0.9159514904022217
video10,TriClass-Cloud-FT,773,1,1,0,0,0,0,0.9143871665000916
video10,TriClass-Cloud-FT,774,1,1,0,0,0,0,0.9167491793632507
video10,TriClass-Cloud-FT,775,1,1,0,0,0,0,0.9162730574607849
video10,TriClass-Cloud-FT,776,1,1,0,0,0,0,0.9154176115989685
video10,TriClass-Cloud-FT,777,1,1,0,0,0,0,0.909416139125824
video10,TriClass-Cloud-FT,778,1,1,0,0,0,0,0.9051299095153809
video10,TriClass-Cloud-FT,779,1,1,0,0,0,0,0.9082531332969666
video10,TriClass-Cloud-FT,780,1,1,0,0,0,0,0.907328724861145
video10,TriClass-Cloud-FT,781,1,1,0,0,0,0,0.9051198959350586
video10,TriClass-Cloud-FT,782,1,1,0,0,0,0,0.9011826515197754
video10,TriClass-Cloud-FT,783,1,1,0,0,0,0,0.9002864360809326
video10,TriClass-Cloud-FT,784,1,1,0,0,0,0,0.902345597743988
video10,TriClass-Cloud-FT,785,1,1,0,0,0,0,0.9029360413551331
video10,TriClass-Cloud-FT,786,1,1,0,0,0,0,0.9000723958015442
video10,TriClass-Cloud-FT,787,1,1,0,0,0,0,0.8994266390800476
video10,TriClass-Cloud-FT,788,1,1,0,0,0,0,0.9096952080726624
video10,TriClass-Cloud-FT,789,1,1,0,0,0,0,0.9103179574012756
video10,TriClass-Cloud-FT,790,1,1,0,0,0,0,0.917694628238678
video10,TriClass-Cloud-FT,791,1,1,0,0,0,0,0.9199532866477966
video10,TriClass-Cloud-FT,792,1,1,0,0,0,0,0.9227522611618042
video10,TriClass-Cloud-FT,793,1,1,0,0,0,0,0.9212477207183838
video10,TriClass-Cloud-FT,794,1,1,0,0,0,0,0.9204910397529602
video10,TriClass-Cloud-FT,795,1,1,0,0,0,0,0.9289900064468384
video10,TriClass-Cloud-FT,796,1,1,0,0,0,0,0.928304135799408
video10,TriClass-Cloud-FT,797,1,1,0,0,0,0,0.9295482635498047
video10,TriClass-Cloud-FT,798,1,1,0,0,0,0,0.9368650317192078
video10,TriClass-Cloud-FT,799,1,1,0,0,0,0,0.9304635524749756
video10,TriClass-Cloud-FT,800,1,1,0,0,0,0,0.930778443813324
video10,TriClass-Cloud-FT,801,1,1,0,0,0,0,0.9325609803199768
video10,TriClass-Cloud-FT,802,1,1,0,0,0,0,0.9327716827392578
video10,TriClass-Cloud-FT,803,1,1,0,0,0,0,0.9325442910194397
video10,TriClass-Cloud-FT,804,1,1,0,0,0,0,0.9309433698654175
video10,TriClass-Cloud-FT,805,1,1,0,0,0,0,0.9264165163040161
video10,TriClass-Cloud-FT,806,1,1,0,0,0,0,0.9257986545562744
video10,TriClass-Cloud-FT,807,1,1,0,0,0,0,0.9217524528503418
video10,TriClass-Cloud-FT,808,1,1,0,0,0,0,0.9207923412322998
video10,TriClass-Cloud-FT,809,1,1,0,0,0,0,0.9228835105895996
video10,TriClass-Cloud-FT,810,1,1,0,0,0,0,0.9254138469696045
video10,TriClass-Cloud-FT,811,1,1,0,0,0,0,0.9315764904022217
video10,TriClass-Cloud-FT,812,1,1,0,0,0,0,0.9315175414085388
video10,TriClass-Cloud-FT,813,1,1,0,0,0,0,0.929751455783844
video10,TriClass-Cloud-FT,814,1,1,0,0,0,0,0.9266748428344727
video10,TriClass-Cloud-FT,815,1,1,0,0,0,0,0.9200865030288696
video10,TriClass-Cloud-FT,816,1,1,0,0,0,0,0.915346086025238
video10,TriClass-Cloud-FT,817,1,1,0,0,0,0,0.9189493656158447
video10,TriClass-Cloud-FT,818,1,1,0,0,0,0,0.916573703289032
video10,TriClass-Cloud-FT,819,1,1,0,0,0,0,0.9147668480873108
video10,TriClass-Cloud-FT,820,1,1,0,0,0,0,0.9170275926589966
video10,TriClass-Cloud-FT,821,1,1,0,0,0,0,0.9139609932899475
video10,TriClass-Cloud-FT,822,1,1,0,0,0,0,0.914023220539093
video10,TriClass-Cloud-FT,823,1,1,0,0,0,0,0.9175096154212952
video10,TriClass-Cloud-FT,824,1,1,0,0,0,0,0.9243653416633606
video10,TriClass-Cloud-FT,825,1,1,0,0,0,0,0.929317831993103
video10,TriClass-Cloud-FT,826,1,1,0,0,0,0,0.9266493320465088
video10,TriClass-Cloud-FT,827,1,1,0,0,0,0,0.9215383529663086
video10,TriClass-Cloud-FT,828,1,1,0,0,0,0,0.9224238395690918
video10,TriClass-Cloud-FT,829,1,1,0,0,0,0,0.9193153977394104
video10,TriClass-Cloud-FT,830,1,1,0,0,0,0,0.920115053653717
video10,TriClass-Cloud-FT,831,1,1,0,0,0,0,0.9221388697624207
video10,TriClass-Cloud-FT,832,1,1,0,0,0,0,0.922094464302063
video10,TriClass-Cloud-FT,833,1,1,0,0,0,0,0.921689510345459
video10,TriClass-Cloud-FT,834,1,1,0,0,0,0,0.9225198030471802
video10,TriClass-Cloud-FT,835,1,1,0,0,0,0,0.9223740100860596
video10,TriClass-Cloud-FT,836,1,1,0,0,0,0,0.9162660241127014
video10,TriClass-Cloud-FT,837,1,1,0,0,0,0,0.9149448871612549
video10,TriClass-Cloud-FT,838,1,1,0,0,0,0,0.912735104560852
video10,TriClass-Cloud-FT,839,1,1,0,0,0,0,0.9104862809181213
video10,TriClass-Cloud-FT,840,1,1,0,0,0,0,0.9104005098342896
video10,TriClass-Cloud-FT,841,1,1,0,0,0,0,0.9145718812942505
video10,TriClass-Cloud-FT,842,1,1,0,0,0,0,0.9186258912086487
video10,TriClass-Cloud-FT,843,1,1,0,0,0,0,0.9134426712989807
video10,TriClass-Cloud-FT,844,1,1,0,0,0,0,0.9221872687339783
video10,TriClass-Cloud-FT,845,1,1,0,0,0,0,0.9163958430290222
video10,TriClass-Cloud-FT,846,1,1,0,0,0,0,0.8941981792449951
video10,TriClass-Cloud-FT,847,1,1,0,0,0,0,0.9098256826400757
video10,TriClass-Cloud-FT,848,1,1,0,0,0,0,0.8728137612342834
video10,TriClass-Cloud-FT,849,1,1,0,0,0,0,0.9042119979858398
video10,TriClass-Cloud-FT,850,1,1,0,0,0,0,0.9037255048751831
video10,TriClass-Cloud-FT,851,1,1,0,0,0,0,0.9058790802955627
video10,TriClass-Cloud-FT,852,1,1,0,0,0,0,0.9027869701385498
video10,TriClass-Cloud-FT,853,1,1,0,0,0,0,0.9014936685562134
video10,TriClass-Cloud-FT,854,1,1,0,0,0,0,0.9014970064163208
video10,TriClass-Cloud-FT,855,1,1,0,0,0,0,0.9039452075958252
video10,TriClass-Cloud-FT,856,1,1,0,0,0,0,0.9077218770980835
video10,TriClass-Cloud-FT,857,1,1,0,0,0,0,0.9079618453979492
video10,TriClass-Cloud-FT,858,1,1,0,0,0,0,0.909436821937561
video10,TriClass-Cloud-FT,859,1,1,0,0,0,0,0.9139903783798218
video10,TriClass-Cloud-FT,860,1,1,0,0,0,0,0.9133110046386719
video10,TriClass-Cloud-FT,861,1,1,0,0,0,0,0.9165523648262024
video10,TriClass-Cloud-FT,862,1,1,0,0,0,0,0.9139561057090759
video10,TriClass-Cloud-FT,863,1,1,0,0,0,0,0.9152777791023254
video10,TriClass-Cloud-FT,864,1,1,0,0,0,0,0.9158673882484436
video10,TriClass-Cloud-FT,865,1,1,0,0,0,0,0.9178621172904968
video10,TriClass-Cloud-FT,866,1,1,0,0,0,0,0.9223508834838867
video10,TriClass-Cloud-FT,867,1,1,0,0,0,0,0.9205442070960999
video10,TriClass-Cloud-FT,868,1,1,0,0,0,0,0.9216285943984985
video10,TriClass-Cloud-FT,869,1,1,0,0,0,0,0.9190794229507446
video10,TriClass-Cloud-FT,870,1,1,0,0,0,0,0.9178666472434998
video10,TriClass-Cloud-FT,871,1,1,0,0,0,0,0.9171538949012756
video10,TriClass-Cloud-FT,872,1,1,0,0,0,0,0.9122575521469116
video10,TriClass-Cloud-FT,873,1,1,0,0,0,0,0.9111319780349731
video10,TriClass-Cloud-FT,874,1,1,0,0,0,0,0.906134307384491
video10,TriClass-Cloud-FT,875,1,1,0,0,0,0,0.8963422179222107
video10,TriClass-Cloud-FT,876,1,1,0,0,0,0,0.9065550565719604
video10,TriClass-Cloud-FT,877,1,1,0,0,0,0,0.9154102206230164
video10,TriClass-Cloud-FT,878,1,1,0,0,0,0,0.9239058494567871
video10,TriClass-Cloud-FT,879,1,1,0,0,0,0,0.9085288047790527
video10,TriClass-Cloud-FT,880,1,1,0,0,0,0,0.8954355120658875
video10,TriClass-Cloud-FT,881,1,1,0,0,0,0,0.8915774822235107
video10,TriClass-Cloud-FT,882,1,1,0,0,0,0,0.8760085701942444
video10,TriClass-Cloud-FT,883,1,1,0,0,0,0,0.8882821798324585
video10,TriClass-Cloud-FT,884,1,1,0,0,0,0,0.8903342485427856
video10,TriClass-Cloud-FT,885,1,1,0,0,0,0,0.8911963105201721
video10,TriClass-Cloud-FT,886,1,1,0,0,0,0,0.8916931748390198
video10,TriClass-Cloud-FT,887,1,1,0,0,0,0,0.8982852697372437
video10,TriClass-Cloud-FT,888,1,1,0,0,0,0,0.8984443545341492
video10,TriClass-Cloud-FT,889,1,1,0,0,0,0,0.8891147971153259
video10,TriClass-Cloud-FT,890,1,1,0,0,0,0,0.8841827511787415
video10,TriClass-Cloud-FT,891,1,1,0,0,0,0,0.8984189033508301
video10,TriClass-Cloud-FT,892,1,1,0,0,0,0,0.8937769532203674
video10,TriClass-Cloud-FT,893,1,1,0,0,0,0,0.877503514289856
video10,TriClass-Cloud-FT,894,1,1,0,0,0,0,0.8954614996910095
video10,TriClass-Cloud-FT,895,1,1,0,0,0,0,0.8919082283973694
video10,TriClass-Cloud-FT,896,1,1,0,0,0,0,0.9034576416015625
video10,TriClass-Cloud-FT,897,1,1,0,0,0,0,0.9031633138656616
video10,TriClass-Cloud-FT,898,1,1,0,0,0,0,0.8998579382896423
video10,TriClass-Cloud-FT,899,1,1,0,0,0,0,0.8994501233100891
video10,TriClass-Cloud-FT,900,1,1,0,0,0,0,0.922548770904541
video10,TriClass-Cloud-FT,901,1,1,0,0,0,0,0.9105615019798279
video10,TriClass-Cloud-FT,902,1,1,0,0,0,0,0.917000949382782
video10,TriClass-Cloud-FT,903,1,1,0,0,0,0,0.9028909206390381
video10,TriClass-Cloud-FT,904,1,1,0,0,0,0,0.9123809337615967
video10,TriClass-Cloud-FT,905,1,1,0,0,0,0,0.9068006873130798
video10,TriClass-Cloud-FT,906,1,1,0,0,0,0,0.912636935710907
video10,TriClass-Cloud-FT,907,1,1,0,0,0,0,0.9261214733123779
video10,TriClass-Cloud-FT,908,1,1,0,0,0,0,0.9081093072891235
video10,TriClass-Cloud-FT,909,1,1,0,0,0,0,0.8902106285095215
video10,TriClass-Cloud-FT,910,1,1,0,0,0,0,0.8796247839927673
video10,TriClass-Cloud-FT,911,1,1,0,0,0,0,0.8826202154159546
video10,TriClass-Cloud-FT,912,1,1,0,0,0,0,0.865756094455719
video10,TriClass-Cloud-FT,913,1,1,0,0,0,0,0.8725487589836121
video10,TriClass-Cloud-FT,914,1,1,0,0,0,0,0.8400590419769287
video10,TriClass-Cloud-FT,915,1,1,0,0,0,0,0.8756427764892578
video10,TriClass-Cloud-FT,916,1,1,0,0,0,0,0.8812455534934998
video10,TriClass-Cloud-FT,917,1,1,0,0,0,0,0.8825384378433228
video10,TriClass-Cloud-FT,918,1,1,0,0,0,0,0.8756555914878845
video10,TriClass-Cloud-FT,919,1,1,0,0,0,0,0.8790453672409058
video10,TriClass-Cloud-FT,920,1,1,0,0,0,0,0.877049446105957
video10,TriClass-Cloud-FT,921,1,1,0,0,0,0,0.877074658870697
video10,TriClass-Cloud-FT,922,1,1,0,0,0,0,0.8914306163787842
video10,TriClass-Cloud-FT,923,1,1,0,0,0,0,0.8929872512817383
video10,TriClass-Cloud-FT,924,1,1,0,0,0,0,0.9136225581169128
video10,TriClass-Cloud-FT,925,1,1,0,0,0,0,0.8810561895370483
video10,TriClass-Cloud-FT,926,1,1,0,0,0,0,0.8626904487609863
video10,TriClass-Cloud-FT,927,1,1,0,0,0,0,0.8867895603179932
video10,TriClass-Cloud-FT,928,1,1,0,0,0,0,0.8893446922302246
video10,TriClass-Cloud-FT,929,1,1,0,0,0,0,0.8856560587882996
video10,TriClass-Cloud-FT,930,1,1,0,0,0,0,0.8838121294975281
video10,TriClass-Cloud-FT,931,1,1,0,0,0,0,0.8825817108154297
video10,TriClass-Cloud-FT,932,1,1,0,0,0,0,0.8791221976280212
video10,TriClass-Cloud-FT,933,1,1,0,0,0,0,0.8670982718467712
video10,TriClass-Cloud-FT,934,1,1,0,0,0,0,0.8800885677337646
video10,TriClass-Cloud-FT,935,1,1,0,0,0,0,0.8837389945983887
video10,TriClass-Cloud-FT,936,1,1,0,0,0,0,0.8846745491027832
video10,TriClass-Cloud-FT,937,1,1,0,0,0,0,0.8888607025146484
video10,TriClass-Cloud-FT,938,1,1,0,0,0,0,0.8924511671066284
video10,TriClass-Cloud-FT,939,1,1,0,0,0,0,0.8970929980278015
video10,TriClass-Cloud-FT,940,1,1,0,0,0,0,0.8913441896438599
video10,TriClass-Cloud-FT,941,1,1,0,0,0,0,0.8859172463417053
video10,TriClass-Cloud-FT,942,1,1,0,0,0,0,0.8842326998710632
video10,TriClass-Cloud-FT,943,1,1,0,0,0,0,0.8823529481887817
video10,TriClass-Cloud-FT,944,1,1,0,0,0,0,0.8866394758224487
video10,TriClass-Cloud-FT,945,1,1,0,0,0,0,0.881131112575531
video10,TriClass-Cloud-FT,946,1,1,0,0,0,0,0.8844122886657715
video10,TriClass-Cloud-FT,947,1,1,0,0,0,0,0.8887493014335632
video10,TriClass-Cloud-FT,948,1,1,0,0,0,0,0.8808663487434387
video10,TriClass-Cloud-FT,949,1,1,0,0,0,0,0.8836943507194519
video10,TriClass-Cloud-FT,950,1,1,0,0,0,0,0.8747325539588928
video10,TriClass-Cloud-FT,951,1,1,0,0,0,0,0.8867620229721069
video10,TriClass-Cloud-FT,952,1,1,0,0,0,0,0.8865888118743896
video10,TriClass-Cloud-FT,953,1,1,0,0,0,0,0.8861532211303711
video10,TriClass-Cloud-FT,954,1,1,0,0,0,0,0.8829468488693237
video10,TriClass-Cloud-FT,955,1,1,0,0,0,0,0.8811716437339783
video10,TriClass-Cloud-FT,956,1,1,0,0,0,0,0.8619531393051147
video10,TriClass-Cloud-FT,957,1,1,0,0,0,0,0.8616660237312317
video10,TriClass-Cloud-FT,958,1,1,0,0,0,0,0.8547089695930481
video10,TriClass-Cloud-FT,959,1,1,0,0,0,0,0.8704224824905396
video10,TriClass-Cloud-FT,960,1,1,0,0,0,0,0.8677740693092346
video10,TriClass-Cloud-FT,961,1,1,0,0,0,0,0.839022159576416
video10,TriClass-Cloud-FT,962,1,1,0,0,0,0,0.8525155186653137
video10,TriClass-Cloud-FT,963,1,1,0,0,0,0,0.8660392761230469
video10,TriClass-Cloud-FT,964,1,1,0,0,0,0,0.8808420896530151
video10,TriClass-Cloud-FT,965,1,1,0,0,0,0,0.8943971395492554
video10,TriClass-Cloud-FT,966,1,1,0,0,0,0,0.8860063552856445
video10,TriClass-Cloud-FT,967,1,1,0,0,0,0,0.8727591037750244
video10,TriClass-Cloud-FT,968,1,1,0,0,0,0,0.8629757761955261
video10,TriClass-Cloud-FT,969,1,1,0,0,0,0,0.8625405430793762
video10,TriClass-Cloud-FT,970,1,1,0,0,0,0,0.870456337928772
video10,TriClass-Cloud-FT,971,1,1,0,0,0,0,0.8796472549438477
video10,TriClass-Cloud-FT,972,1,1,0,0,0,0,0.8801822662353516
video10,TriClass-Cloud-FT,973,1,1,0,0,0,0,0.8766708970069885
video10,TriClass-Cloud-FT,974,1,1,0,0,0,0,0.870734453201294
video10,TriClass-Cloud-FT,975,1,1,0,0,0,0,0.8594277501106262
video10,TriClass-Cloud-FT,976,1,1,0,0,0,0,0.8526374697685242
video10,TriClass-Cloud-FT,977,1,1,0,0,0,0,0.8674044609069824
video10,TriClass-Cloud-FT,978,1,1,0,0,0,0,0.862511396408081
video10,TriClass-Cloud-FT,979,1,1,0,0,0,0,0.8588531613349915
video10,TriClass-Cloud-FT,980,1,1,0,0,0,0,0.8564276695251465
video10,TriClass-Cloud-FT,981,1,1,0,0,0,0,0.8644734025001526
video10,TriClass-Cloud-FT,982,1,1,0,0,0,0,0.8704399466514587
video10,TriClass-Cloud-FT,983,1,1,0,0,0,0,0.8765605092048645
video10,TriClass-Cloud-FT,984,1,1,0,0,0,0,0.8752986192703247
video10,TriClass-Cloud-FT,985,1,1,0,0,0,0,0.8760614395141602
video10,TriClass-Cloud-FT,986,1,1,0,0,0,0,0.8752912878990173
video10,TriClass-Cloud-FT,987,1,1,0,0,0,0,0.8825604319572449
video10,TriClass-Cloud-FT,988,1,1,0,0,0,0,0.8570420742034912
video10,TriClass-Cloud-FT,989,1,1,0,0,0,0,0.8587359189987183
video10,TriClass-Cloud-FT,990,1,1,0,0,0,0,0.8531425595283508
video10,TriClass-Cloud-FT,991,1,1,0,0,0,0,0.8535865545272827
video10,TriClass-Cloud-FT,992,1,1,0,0,0,0,0.8764891028404236
video10,TriClass-Cloud-FT,993,1,1,0,0,0,0,0.8748369216918945
video10,TriClass-Cloud-FT,994,1,1,0,0,0,0,0.8598892092704773
video10,TriClass-Cloud-FT,995,1,1,0,0,0,0,0.8616096377372742
video10,TriClass-Cloud-FT,996,1,1,0,0,0,0,0.8675044178962708
video10,TriClass-Cloud-FT,997,1,1,0,0,0,0,0.8706698417663574
video10,TriClass-Cloud-FT,998,1,1,0,0,0,0,0.861735999584198
video10,TriClass-Cloud-FT,999,1,1,0,0,0,0,0.8492284417152405
video10,TriClass-Cloud-FT,1000,1,1,0,0,0,0,0.8752182126045227
video10,TriClass-Cloud-FT,1001,1,1,0,0,0,0,0.8594775795936584
video10,TriClass-Cloud-FT,1002,1,1,0,0,0,0,0.8523154258728027
video10,TriClass-Cloud-FT,1003,1,1,0,0,0,0,0.8500852584838867
video10,TriClass-Cloud-FT,1004,1,1,0,0,0,0,0.8667121529579163
video10,TriClass-Cloud-FT,1005,1,1,0,0,0,0,0.857691764831543
video10,TriClass-Cloud-FT,1006,1,1,0,0,0,0,0.8266973495483398
video10,TriClass-Cloud-FT,1007,1,1,0,0,0,0,0.7659276127815247
video10,TriClass-Cloud-FT,1008,1,1,0,0,0,0,0.8410251140594482
video10,TriClass-Cloud-FT,1009,1,1,0,0,0,0,0.833440363407135
video10,TriClass-Cloud-FT,1010,1,1,0,0,0,0,0.8167089819908142
video10,TriClass-Cloud-FT,1011,1,1,0,0,0,0,0.8316622376441956
video10,TriClass-Cloud-FT,1012,1,1,0,0,0,0,0.7953909635543823
video10,TriClass-Cloud-FT,1013,1,1,0,0,0,0,0.8660716414451599
video10,TriClass-Cloud-FT,1014,1,1,0,0,0,0,0.8735750913619995
video10,TriClass-Cloud-FT,1015,1,1,0,0,0,0,0.872054934501648
video10,TriClass-Cloud-FT,1016,1,1,0,0,0,0,0.8578553199768066
video10,TriClass-Cloud-FT,1017,1,1,0,0,0,0,0.8708770871162415
video10,TriClass-Cloud-FT,1018,1,1,0,0,0,0,0.8785879015922546
video10,TriClass-Cloud-FT,1019,1,1,0,0,0,0,0.8773118257522583
video10,TriClass-Cloud-FT,1020,1,1,0,0,0,0,0.8763031959533691
video10,TriClass-Cloud-FT,1021,1,1,0,0,0,0,0.8902837634086609
video10,TriClass-Cloud-FT,1022,1,1,0,0,0,0,0.8698359131813049
video10,TriClass-Cloud-FT,1023,1,1,0,0,0,0,0.8598578572273254
video10,TriClass-Cloud-FT,1024,1,1,0,0,0,0,0.8616459965705872
video10,TriClass-Cloud-FT,1025,1,1,0,0,0,0,0.8507570028305054
video10,TriClass-Cloud-FT,1026,1,1,0,0,0,0,0.8499540686607361
video10,TriClass-Cloud-FT,1027,1,1,0,0,0,0,0.8520915508270264
video10,TriClass-Cloud-FT,1028,1,1,0,0,0,0,0.8624978065490723
video10,TriClass-Cloud-FT,1029,1,1,0,0,0,0,0.8826809525489807
video10,TriClass-Cloud-FT,1030,1,1,0,0,0,0,0.8836833238601685
video10,TriClass-Cloud-FT,1031,1,1,0,0,0,0,0.8823546171188354
video10,TriClass-Cloud-FT,1032,1,1,0,0,0,0,0.8904213905334473
video10,TriClass-Cloud-FT,1033,1,1,0,0,0,0,0.8850511908531189
video10,TriClass-Cloud-FT,1034,1,1,0,0,0,0,0.8863424062728882
video10,TriClass-Cloud-FT,1035,1,1,0,0,0,0,0.8848550319671631
video10,TriClass-Cloud-FT,1036,1,1,0,0,0,0,0.8873631954193115
video10,TriClass-Cloud-FT,1037,1,1,0,0,0,0,0.8811054825782776
video10,TriClass-Cloud-FT,1038,1,1,0,0,0,0,0.8936441540718079
video10,TriClass-Cloud-FT,1039,1,1,0,0,0,0,0.9097960591316223
video10,TriClass-Cloud-FT,1040,1,1,0,0,0,0,0.9088307023048401
video10,TriClass-Cloud-FT,1041,1,1,0,0,0,0,0.9024468660354614
video10,TriClass-Cloud-FT,1042,1,1,0,0,0,0,0.8991572260856628
video10,TriClass-Cloud-FT,1043,1,1,0,0,0,0,0.8929914236068726
video10,TriClass-Cloud-FT,1044,1,1,0,0,0,0,0.8901907801628113
video10,TriClass-Cloud-FT,1045,1,1,0,0,0,0,0.8927186131477356
video10,TriClass-Cloud-FT,1046,1,1,0,0,0,0,0.890180766582489
video10,TriClass-Cloud-FT,1047,1,1,0,0,0,0,0.890154242515564
video10,TriClass-Cloud-FT,1048,1,1,0,0,0,0,0.8925051689147949
video10,TriClass-Cloud-FT,1049,1,1,0,0,0,0,0.8941494822502136
video10,TriClass-Cloud-FT,1050,1,1,0,0,0,0,0.8914150595664978
video10,TriClass-Cloud-FT,1051,1,1,0,0,0,0,0.8932228088378906
video10,TriClass-Cloud-FT,1052,1,1,0,0,0,0,0.8938365578651428
video10,TriClass-Cloud-FT,1053,1,1,0,0,0,0,0.8967466950416565
video10,TriClass-Cloud-FT,1054,1,1,0,0,0,0,0.8923999667167664
video10,TriClass-Cloud-FT,1055,1,1,0,0,0,0,0.8931362628936768
video10,TriClass-Cloud-FT,1056,1,1,0,0,0,0,0.8948783278465271
video10,TriClass-Cloud-FT,1057,1,1,0,0,0,0,0.897037923336029
video10,TriClass-Cloud-FT,1058,1,1,0,0,0,0,0.8960909247398376
video10,TriClass-Cloud-FT,1059,1,1,0,0,0,0,0.8972271084785461
video10,TriClass-Cloud-FT,1060,1,1,0,0,0,0,0.9017173647880554
video10,TriClass-Cloud-FT,1061,1,1,0,0,0,0,0.905928909778595
video10,TriClass-Cloud-FT,1062,1,1,0,0,0,0,0.9074642062187195
video10,TriClass-Cloud-FT,1063,1,1,0,0,0,0,0.9035002589225769
video10,TriClass-Cloud-FT,1064,1,1,0,0,0,0,0.9041845202445984
video10,TriClass-Cloud-FT,1065,1,1,0,0,0,0,0.8944070339202881
video10,TriClass-Cloud-FT,1066,1,1,0,0,0,0,0.8965518474578857
video10,TriClass-Cloud-FT,1067,1,1,0,0,0,0,0.8912544250488281
video10,TriClass-Cloud-FT,1068,1,1,0,0,0,0,0.8943686485290527
video10,TriClass-Cloud-FT,1069,1,1,0,0,0,0,0.8974964618682861
video10,TriClass-Cloud-FT,1070,1,1,0,0,0,0,0.8982890844345093
video10,TriClass-Cloud-FT,1071,1,1,0,0,0,0,0.8975936770439148
video10,TriClass-Cloud-FT,1072,1,1,0,0,0,0,0.8995052576065063
video10,TriClass-Cloud-FT,1073,1,1,0,0,0,0,0.9048543572425842
video10,TriClass-Cloud-FT,1074,2,2,0,0,1,0,0.8898791074752808
video10,TriClass-Cloud-FT,1075,1,1,0,0,0,0,0.9040330648422241
video10,TriClass-Cloud-FT,1076,1,1,0,0,0,0,0.913925051689148
video10,TriClass-Cloud-FT,1077,2,2,0,0,0,0,0.8305270671844482
video10,TriClass-Cloud-FT,1078,1,1,0,0,0,0,0.9039400815963745
video10,TriClass-Cloud-FT,1079,1,1,0,0,0,0,0.9072728157043457
video10,TriClass-Cloud-FT,1080,1,1,0,0,0,0,0.8878534436225891
video10,TriClass-Cloud-FT,1081,1,1,0,0,0,0,0.9079021215438843
video10,TriClass-Cloud-FT,1082,1,1,0,0,0,0,0.9022399187088013
video10,TriClass-Cloud-FT,1083,1,1,0,0,0,0,0.9019912481307983
video10,TriClass-Cloud-FT,1084,1,1,0,0,0,0,0.8996872305870056
video10,TriClass-Cloud-FT,1085,1,1,0,0,0,0,0.8983889222145081
video10,TriClass-Cloud-FT,1086,1,1,0,0,0,0,0.8999934196472168
video10,TriClass-Cloud-FT,1087,1,1,0,0,0,0,0.9015613198280334
video10,TriClass-Cloud-FT,1088,1,1,0,0,0,0,0.9021891355514526
video10,TriClass-Cloud-FT,1089,1,1,0,0,0,0,0.9028425216674805
video10,TriClass-Cloud-FT,1090,1,1,0,0,0,0,0.8977469205856323
video10,TriClass-Cloud-FT,1091,1,1,0,0,0,0,0.8950482606887817
video10,TriClass-Cloud-FT,1092,1,1,0,0,0,0,0.8913174867630005
video10,TriClass-Cloud-FT,1093,1,1,0,0,0,0,0.8859677314758301
video10,TriClass-Cloud-FT,1094,1,1,0,0,0,0,0.8827772736549377
video10,TriClass-Cloud-FT,1095,1,1,0,0,0,0,0.8815906047821045
video10,TriClass-Cloud-FT,1096,1,1,0,0,0,0,0.8832995295524597
video10,TriClass-Cloud-FT,1097,1,1,0,0,0,0,0.88910311460495
video10,TriClass-Cloud-FT,1098,1,1,0,0,0,0,0.8893285989761353
video10,TriClass-Cloud-FT,1099,1,1,0,0,0,0,0.8885692954063416
video10,TriClass-Cloud-FT,1100,1,1,0,0,0,0,0.8899892568588257
video10,TriClass-Cloud-FT,1101,1,1,0,0,0,0,0.8887360692024231
video10,TriClass-Cloud-FT,1102,1,1,0,0,0,0,0.8900517821311951
video10,TriClass-Cloud-FT,1103,1,1,0,0,0,0,0.8954680562019348
video10,TriClass-Cloud-FT,1104,1,1,0,0,0,0,0.8237545490264893
video10,TriClass-Cloud-FT,1105,1,1,0,0,0,0,0.8970217108726501
video10,TriClass-Cloud-FT,1106,1,1,0,0,0,0,0.7618377804756165
video10,TriClass-Cloud-FT,1107,1,1,0,0,0,0,0.8837299942970276
video10,TriClass-Cloud-FT,1108,1,1,0,0,0,0,0.9045145511627197
video10,TriClass-Cloud-FT,1109,1,1,0,0,0,0,0.9012997150421143
video10,TriClass-Cloud-FT,1110,1,1,0,0,0,0,0.9056217074394226
video10,TriClass-Cloud-FT,1111,1,1,0,0,0,0,0.9031602144241333
video10,TriClass-Cloud-FT,1112,1,1,0,0,0,0,0.9010547399520874
video10,TriClass-Cloud-FT,1113,1,1,0,0,0,0,0.9028050303459167
video10,TriClass-Cloud-FT,1114,1,1,0,0,0,0,0.9137823581695557
video10,TriClass-Cloud-FT,1115,1,1,0,0,0,0,0.9163966774940491
video10,TriClass-Cloud-FT,1116,1,1,0,0,0,0,0.9092940092086792
video10,TriClass-Cloud-FT,1117,1,1,0,0,0,0,0.90975421667099
video10,TriClass-Cloud-FT,1118,1,1,0,0,0,0,0.9091732501983643
video10,TriClass-Cloud-FT,1119,1,1,0,0,0,0,0.9045694470405579
video10,TriClass-Cloud-FT,1120,1,1,0,0,0,0,0.8999992609024048
video10,TriClass-Cloud-FT,1121,1,1,0,0,0,0,0.9119022488594055
video10,TriClass-Cloud-FT,1122,1,1,0,0,0,0,0.9148280024528503
video10,TriClass-Cloud-FT,1123,1,1,0,0,0,0,0.9150079488754272
video10,TriClass-Cloud-FT,1124,1,1,0,0,0,0,0.9162005186080933
video10,TriClass-Cloud-FT,1125,1,1,0,0,0,0,0.9218255877494812
video10,TriClass-Cloud-FT,1126,1,1,0,0,0,0,0.9104188084602356
video10,TriClass-Cloud-FT,1127,1,1,0,0,0,0,0.9171065092086792
video10,TriClass-Cloud-FT,1128,1,1,0,0,0,0,0.9081147909164429
video10,TriClass-Cloud-FT,1129,1,1,0,0,0,0,0.8965848088264465
video10,TriClass-Cloud-FT,1130,1,1,0,0,0,0,0.889943540096283
video10,TriClass-Cloud-FT,1131,1,1,0,0,0,0,0.8836596012115479
video10,TriClass-Cloud-FT,1132,1,1,0,0,0,0,0.8815100193023682
video10,TriClass-Cloud-FT,1133,1,1,0,0,0,0,0.8812381029129028
video10,TriClass-Cloud-FT,1134,1,1,0,0,0,0,0.8920520544052124
video10,TriClass-Cloud-FT,1135,1,1,0,0,0,0,0.913523256778717
video10,TriClass-Cloud-FT,1136,1,1,0,0,0,0,0.9129273295402527
video10,TriClass-Cloud-FT,1137,1,1,0,0,0,0,0.913413941860199
video10,TriClass-Cloud-FT,1138,1,1,0,0,0,0,0.910053551197052
video10,TriClass-Cloud-FT,1139,1,1,0,0,0,0,0.9125998616218567
video10,TriClass-Cloud-FT,1140,1,1,0,0,0,0,0.9078275561332703
video10,TriClass-Cloud-FT,1141,1,1,0,0,0,0,0.9119399189949036
video10,TriClass-Cloud-FT,1142,1,1,0,0,0,0,0.9102237820625305
video10,TriClass-Cloud-FT,1143,1,1,0,0,0,0,0.9100100994110107
video10,TriClass-Cloud-FT,1144,1,1,0,0,0,0,0.9091762900352478
video10,TriClass-Cloud-FT,1145,1,1,0,0,0,0,0.9067587852478027
video10,TriClass-Cloud-FT,1146,1,1,0,0,0,0,0.9056777358055115
video10,TriClass-Cloud-FT,1147,1,1,0,0,0,0,0.900000274181366
video10,TriClass-Cloud-FT,1148,1,1,0,0,1,0,0.29313841462135315
video10,TriClass-Cloud-FT,1149,1,1,0,0,0,0,0.7871394157409668
video10,TriClass-Cloud-FT,1150,1,1,0,0,0,0,0.8842666745185852
video10,TriClass-Cloud-FT,1151,1,1,0,0,0,0,0.9073947668075562
video10,TriClass-Cloud-FT,1152,1,1,0,0,0,0,0.9064478874206543
video10,TriClass-Cloud-FT,1153,1,1,0,0,0,0,0.9065388441085815
video10,TriClass-Cloud-FT,1154,1,1,0,0,0,0,0.9080711007118225
video10,TriClass-Cloud-FT,1155,1,1,0,0,0,0,0.9145737886428833
video10,TriClass-Cloud-FT,1156,2,2,0,0,0,0,0.8387935161590576
video10,TriClass-Cloud-FT,1157,1,1,0,0,0,0,0.560812771320343
video10,TriClass-Cloud-FT,1158,1,1,0,0,0,0,0.8955158591270447
video10,TriClass-Cloud-FT,1159,1,1,0,0,0,0,0.8923232555389404
video10,TriClass-Cloud-FT,1160,1,1,0,0,0,0,0.8910292387008667
video10,TriClass-Cloud-FT,1161,1,1,0,0,0,0,0.8971506357192993
video10,TriClass-Cloud-FT,1162,1,1,0,0,0,0,0.8895251154899597
video10,TriClass-Cloud-FT,1163,1,1,0,0,0,0,0.8918737769126892
video10,TriClass-Cloud-FT,1164,1,1,0,0,0,0,0.9058021306991577
video10,TriClass-Cloud-FT,1165,1,1,0,0,0,0,0.8951641321182251
video10,TriClass-Cloud-FT,1166,1,1,0,0,0,0,0.887144923210144
video10,TriClass-Cloud-FT,1167,1,1,0,0,0,0,0.8941947221755981
video10,TriClass-Cloud-FT,1168,1,1,0,0,0,0,0.9057333469390869
video10,TriClass-Cloud-FT,1169,1,1,0,0,0,0,0.9055184721946716
video10,TriClass-Cloud-FT,1170,1,1,0,0,0,0,0.907505989074707
video10,TriClass-Cloud-FT,1171,1,1,0,0,0,0,0.9060252904891968
video10,TriClass-Cloud-FT,1172,1,1,0,0,0,0,0.9081526398658752
video10,TriClass-Cloud-FT,1173,1,1,0,0,0,0,0.9079081416130066
video10,TriClass-Cloud-FT,1174,1,1,0,0,0,0,0.9068233370780945
video10,TriClass-Cloud-FT,1175,1,1,0,0,0,0,0.9104211926460266
video10,TriClass-Cloud-FT,1176,1,1,0,0,0,0,0.9092844128608704
video10,TriClass-Cloud-FT,1177,1,1,0,0,0,0,0.9095417261123657
video10,TriClass-Cloud-FT,1178,1,1,0,0,0,0,0.9053928852081299
video10,TriClass-Cloud-FT,1179,1,1,0,0,0,0,0.9015671610832214
video10,TriClass-Cloud-FT,1180,1,1,0,0,0,0,0.8987811207771301
video10,TriClass-Cloud-FT,1181,1,1,0,0,0,0,0.9054712653160095
video10,TriClass-Cloud-FT,1182,1,1,0,0,0,0,0.9012165069580078
video10,TriClass-Cloud-FT,1183,1,1,0,0,0,0,0.9029269218444824
video10,TriClass-Cloud-FT,1184,1,1,0,0,0,0,0.9027516841888428
video10,TriClass-Cloud-FT,1185,1,1,0,0,0,0,0.9057596921920776
video10,TriClass-Cloud-FT,1186,1,1,0,0,0,0,0.9064224362373352
video10,TriClass-Cloud-FT,1187,1,1,0,0,0,0,0.9035657644271851
video10,TriClass-Cloud-FT,1188,1,1,0,0,0,0,0.9009732604026794
video10,TriClass-Cloud-FT,1189,1,1,0,0,0,0,0.8963577747344971
video10,TriClass-Cloud-FT,1190,1,1,0,0,0,0,0.8914400935173035
video10,TriClass-Cloud-FT,1191,1,1,0,0,0,0,0.8952546715736389
video10,TriClass-Cloud-FT,1192,1,1,0,0,0,0,0.890696108341217
video10,TriClass-Cloud-FT,1193,1,1,0,0,0,0,0.8845291137695312
video10,TriClass-Cloud-FT,1194,1,1,0,0,0,0,0.8805656433105469
video10,TriClass-Cloud-FT,1195,1,1,0,0,0,0,0.8822706341743469
video10,TriClass-Cloud-FT,1196,1,1,0,0,0,0,0.8826291561126709
video10,TriClass-Cloud-FT,1197,1,1,0,0,0,0,0.889141321182251
video10,TriClass-Cloud-FT,1198,1,1,0,0,0,0,0.8966902494430542
video10,TriClass-Cloud-FT,1199,1,1,0,0,0,0,0.9022558927536011
video10,TriClass-Cloud-FT,1200,2,2,0,0,1,0,0.37616869807243347
video10,TriClass-Cloud-FT,1201,1,1,0,0,0,0,0.8850515484809875
video10,TriClass-Cloud-FT,1202,1,1,0,0,0,0,0.8735371828079224
video10,TriClass-Cloud-FT,1203,1,1,0,0,0,0,0.882610559463501
video10,TriClass-Cloud-FT,1204,1,1,0,0,0,0,0.8605563044548035
video10,TriClass-Cloud-FT,1205,1,1,0,0,0,0,0.9127489328384399
video10,TriClass-Cloud-FT,1206,1,1,0,0,0,0,0.9023934602737427
video10,TriClass-Cloud-FT,1207,1,1,0,0,0,0,0.897122323513031
video10,TriClass-Cloud-FT,1208,1,1,0,0,0,0,0.9158644676208496
video10,TriClass-Cloud-FT,1209,1,1,0,0,0,0,0.913027286529541
video10,TriClass-Cloud-FT,1210,1,1,0,0,0,0,0.8919042944908142
video10,TriClass-Cloud-FT,1211,1,1,0,0,0,0,0.9080125689506531
video10,TriClass-Cloud-FT,1212,1,1,0,0,0,0,0.9013412594795227
video10,TriClass-Cloud-FT,1213,1,1,0,0,0,0,0.8948215842247009
video10,TriClass-Cloud-FT,1214,1,1,0,0,0,0,0.8899050354957581
video10,TriClass-Cloud-FT,1215,1,1,0,0,0,0,0.9065974354743958
video10,TriClass-Cloud-FT,1216,1,1,0,0,0,0,0.8939061164855957
video10,TriClass-Cloud-FT,1217,1,1,0,0,0,0,0.8939736485481262
video10,TriClass-Cloud-FT,1218,1,1,0,0,0,0,0.8925120234489441
video10,TriClass-Cloud-FT,1219,1,1,0,0,0,0,0.8959155678749084
video10,TriClass-Cloud-FT,1220,1,1,0,0,0,0,0.9065221548080444
video10,TriClass-Cloud-FT,1221,1,1,0,0,0,0,0.8941170573234558
video10,TriClass-Cloud-FT,1222,1,1,0,0,0,0,0.89754718542099
video10,TriClass-Cloud-FT,1223,1,1,0,0,0,0,0.8938511610031128
video10,TriClass-Cloud-FT,1224,1,1,0,0,0,0,0.9056845903396606
video10,TriClass-Cloud-FT,1225,1,1,0,0,0,0,0.8990967869758606
video10,TriClass-Cloud-FT,1226,1,1,0,0,0,0,0.8897011876106262
video10,TriClass-Cloud-FT,1227,1,1,0,0,0,0,0.9104731678962708
video10,TriClass-Cloud-FT,1228,1,1,0,0,0,0,0.9125702977180481
video10,TriClass-Cloud-FT,1229,1,1,0,0,0,0,0.9155530333518982
video10,TriClass-Cloud-FT,1230,1,1,0,0,0,0,0.9082739949226379
video10,TriClass-Cloud-FT,1231,1,1,0,0,0,0,0.9053739309310913
video10,TriClass-Cloud-FT,1232,1,1,0,0,0,0,0.9194452166557312
video10,TriClass-Cloud-FT,1233,1,1,0,0,0,0,0.9085673689842224
video10,TriClass-Cloud-FT,1234,1,1,0,0,0,0,0.9099218845367432
video10,TriClass-Cloud-FT,1235,1,1,0,0,0,0,0.9004335403442383
video10,TriClass-Cloud-FT,1236,1,1,0,0,0,0,0.905244767665863
video10,TriClass-Cloud-FT,1237,1,1,0,0,0,0,0.9079604148864746
video10,TriClass-Cloud-FT,1238,1,1,0,0,0,0,0.9078124165534973
video10,TriClass-Cloud-FT,1239,1,1,0,0,0,0,0.9064434170722961
video10,TriClass-Cloud-FT,1240,1,1,0,0,0,0,0.9054178595542908
video10,TriClass-Cloud-FT,1241,1,1,0,0,0,0,0.9037047624588013
video10,TriClass-Cloud-FT,1242,1,1,0,0,0,0,0.8985534310340881
video10,TriClass-Cloud-FT,1243,1,1,0,0,0,0,0.9083526134490967
video10,TriClass-Cloud-FT,1244,1,1,0,0,0,0,0.9124743938446045
video10,TriClass-Cloud-FT,1245,1,1,0,0,0,0,0.9093175530433655
video10,TriClass-Cloud-FT,1246,1,1,0,0,0,0,0.9087416529655457
video10,TriClass-Cloud-FT,1247,1,1,0,0,0,0,0.9096432328224182
video10,TriClass-Cloud-FT,1248,1,1,0,0,0,0,0.9077851176261902
video10,TriClass-Cloud-FT,1249,1,1,0,0,0,0,0.9111399054527283
video10,TriClass-Cloud-FT,1250,1,1,0,0,0,0,0.9101853966712952
video10,TriClass-Cloud-FT,1251,1,1,0,0,0,0,0.9087823033332825
video10,TriClass-Cloud-FT,1252,1,1,0,0,0,0,0.908833920955658
video10,TriClass-Cloud-FT,1253,1,1,0,0,0,0,0.907770574092865
video10,TriClass-Cloud-FT,1254,1,1,0,0,0,0,0.9071805477142334
video10,TriClass-Cloud-FT,1255,1,1,0,0,0,0,0.9086567163467407
video10,TriClass-Cloud-FT,1256,1,1,0,0,0,0,0.9055085778236389
video10,TriClass-Cloud-FT,1257,1,1,0,0,0,0,0.9063321352005005
video10,TriClass-Cloud-FT,1258,1,1,0,0,0,0,0.9014111757278442
video10,TriClass-Cloud-FT,1259,1,1,0,0,0,0,0.9017730951309204
video10,TriClass-Cloud-FT,1260,1,1,0,0,0,0,0.8965355753898621
video10,TriClass-Cloud-FT,1261,1,1,0,0,0,0,0.9001153707504272
video10,TriClass-Cloud-FT,1262,1,1,0,0,0,0,0.900252640247345
video10,TriClass-Cloud-FT,1263,1,1,0,0,0,0,0.9049304127693176
video10,TriClass-Cloud-FT,1264,1,1,0,0,0,0,0.9020268321037292
video10,TriClass-Cloud-FT,1265,1,1,0,0,0,0,0.9037079811096191
video10,TriClass-Cloud-FT,1266,1,1,0,0,0,0,0.9029675126075745
video10,TriClass-Cloud-FT,1267,1,1,0,0,0,0,0.9042787551879883
video10,TriClass-Cloud-FT,1268,1,1,0,0,0,0,0.8988312482833862
video10,TriClass-Cloud-FT,1269,1,1,0,0,0,0,0.901490330696106
video10,TriClass-Cloud-FT,1270,1,1,0,0,0,0,0.9028387665748596
video10,TriClass-Cloud-FT,1271,1,1,0,0,0,0,0.9055543541908264
video10,TriClass-Cloud-FT,1272,1,1,0,0,0,0,0.9077445268630981
video10,TriClass-Cloud-FT,1273,1,1,0,0,0,0,0.9119458794593811
video10,TriClass-Cloud-FT,1274,1,1,0,0,0,0,0.904292106628418
video10,TriClass-Cloud-FT,1275,1,1,0,0,0,0,0.9023638367652893
video10,TriClass-Cloud-FT,1276,1,1,0,0,0,0,0.9057657122612
video10,TriClass-Cloud-FT,1277,1,1,0,0,0,0,0.9071477055549622
video10,TriClass-Cloud-FT,1278,1,1,0,0,0,0,0.9076476693153381
video10,TriClass-Cloud-FT,1279,1,1,0,0,0,0,0.9103296995162964
video10,TriClass-Cloud-FT,1280,1,1,0,0,0,0,0.909046471118927
video10,TriClass-Cloud-FT,1281,1,1,0,0,0,0,0.9015932083129883
video10,TriClass-Cloud-FT,1282,1,1,0,0,0,0,0.9102554321289062
video10,TriClass-Cloud-FT,1283,1,1,0,0,0,0,0.9158644676208496
video10,TriClass-Cloud-FT,1284,1,1,0,0,0,0,0.9172670245170593
video10,TriClass-Cloud-FT,1285,1,1,0,0,0,0,0.9154624938964844
video10,TriClass-Cloud-FT,1286,1,1,0,0,0,0,0.9141959547996521
video10,TriClass-Cloud-FT,1287,1,1,0,0,0,0,0.9147931337356567
video10,TriClass-Cloud-FT,1288,1,1,0,0,0,0,0.9068413376808167
video10,TriClass-Cloud-FT,1289,1,1,0,0,0,0,0.9101797342300415
video10,TriClass-Cloud-FT,1290,1,1,0,0,0,0,0.9055004715919495
video10,TriClass-Cloud-FT,1291,1,1,0,0,0,0,0.8987736105918884
video10,TriClass-Cloud-FT,1292,1,1,0,0,0,0,0.8944530487060547
video10,TriClass-Cloud-FT,1293,1,1,0,0,0,0,0.8971723318099976
video10,TriClass-Cloud-FT,1294,1,1,0,0,0,0,0.897301435470581
video10,TriClass-Cloud-FT,1295,1,1,0,0,0,0,0.8965351581573486
video10,TriClass-Cloud-FT,1296,1,1,0,0,0,0,0.8987772464752197
video10,TriClass-Cloud-FT,1297,1,1,0,0,0,0,0.898102343082428
video10,TriClass-Cloud-FT,1298,1,1,0,0,0,0,0.8981824517250061
video10,TriClass-Cloud-FT,1299,1,1,0,0,0,0,0.9005122184753418
video10,TriClass-Cloud-FT,1300,1,1,0,0,0,0,0.9021003842353821
video10,TriClass-Cloud-FT,1301,1,1,0,0,0,0,0.9040036797523499
video10,TriClass-Cloud-FT,1302,1,1,0,0,0,0,0.9016394019126892
video10,TriClass-Cloud-FT,1303,1,1,0,0,0,0,0.9025563597679138
video10,TriClass-Cloud-FT,1304,1,1,0,0,0,0,0.9023598432540894
video10,TriClass-Cloud-FT,1305,1,1,0,0,0,0,0.8988465070724487
video10,TriClass-Cloud-FT,1306,1,1,0,0,0,0,0.8978490233421326
video10,TriClass-Cloud-FT,1307,1,1,0,0,0,0,0.9085784554481506
video10,TriClass-Cloud-FT,1308,1,1,0,0,0,0,0.9077628254890442
video10,TriClass-Cloud-FT,1309,1,1,0,0,0,0,0.9024910926818848
video10,TriClass-Cloud-FT,1310,1,1,0,0,0,0,0.9005644917488098
video10,TriClass-Cloud-FT,1311,1,1,0,0,0,0,0.8972450494766235
video10,TriClass-Cloud-FT,1312,1,1,0,0,0,0,0.8980217576026917
video10,TriClass-Cloud-FT,1313,1,1,0,0,0,0,0.8906914591789246
video10,TriClass-Cloud-FT,1314,1,1,0,0,0,0,0.8960571885108948
video10,TriClass-Cloud-FT,1315,1,1,0,0,0,0,0.9024704098701477
video10,TriClass-Cloud-FT,1316,1,1,0,0,0,0,0.9095222353935242
video10,TriClass-Cloud-FT,1317,1,1,0,0,0,0,0.9092362523078918
video10,TriClass-Cloud-FT,1318,1,1,0,0,0,0,0.9088371992111206
video10,TriClass-Cloud-FT,1319,1,1,0,0,0,0,0.9083784818649292
video10,TriClass-Cloud-FT,1320,1,1,0,0,0,0,0.9082642793655396
video10,TriClass-Cloud-FT,1321,1,1,0,0,0,0,0.9123343825340271
video10,TriClass-Cloud-FT,1322,1,1,0,0,0,0,0.9112644195556641
video10,TriClass-Cloud-FT,1323,1,1,0,0,0,0,0.9070255160331726
video10,TriClass-Cloud-FT,1324,1,1,0,0,0,0,0.9066159129142761
video10,TriClass-Cloud-FT,1325,1,1,0,0,0,0,0.9064524173736572
video10,TriClass-Cloud-FT,1326,1,1,0,0,0,0,0.9033163785934448
video10,TriClass-Cloud-FT,1327,1,1,0,0,0,0,0.9011961817741394
video10,TriClass-Cloud-FT,1328,1,1,0,0,0,0,0.8959067463874817
video10,TriClass-Cloud-FT,1329,1,1,0,0,0,0,0.8915815353393555
video10,TriClass-Cloud-FT,1330,1,1,0,0,0,0,0.886102557182312
video10,TriClass-Cloud-FT,1331,1,1,0,0,0,0,0.8767392635345459
video10,TriClass-Cloud-FT,1332,1,1,0,0,0,0,0.8744987845420837
video10,TriClass-Cloud-FT,1333,1,1,0,0,0,0,0.8730706572532654
video10,TriClass-Cloud-FT,1334,1,1,0,0,0,0,0.8783643841743469
video10,TriClass-Cloud-FT,1335,1,1,0,0,0,0,0.8848341107368469
video10,TriClass-Cloud-FT,1336,1,1,0,0,0,0,0.8955124616622925
video10,TriClass-Cloud-FT,1337,1,1,0,0,0,0,0.9088155031204224
video10,TriClass-Cloud-FT,1338,1,1,0,0,0,0,0.9128982424736023
video10,TriClass-Cloud-FT,1339,1,1,0,0,0,0,0.9069559574127197
video10,TriClass-Cloud-FT,1340,1,1,0,0,0,0,0.9076954126358032
video10,TriClass-Cloud-FT,1341,1,1,0,0,0,0,0.889188826084137
video10,TriClass-Cloud-FT,1342,1,1,0,0,0,0,0.8917636275291443
video10,TriClass-Cloud-FT,1343,1,1,0,0,0,0,0.9122536182403564
video10,TriClass-Cloud-FT,1344,1,1,0,0,0,0,0.9055586457252502
video10,TriClass-Cloud-FT,1345,1,1,0,0,0,0,0.9047488570213318
video10,TriClass-Cloud-FT,1346,1,1,0,0,0,0,0.9053953289985657
video10,TriClass-Cloud-FT,1347,1,1,0,0,0,0,0.9009460806846619
video10,TriClass-Cloud-FT,1348,1,1,0,0,0,0,0.8920691609382629
video10,TriClass-Cloud-FT,1349,1,1,0,0,0,0,0.7612172365188599
video10,TriClass-Cloud-FT,1350,1,1,0,0,0,0,0.9141468405723572
video10,TriClass-Cloud-FT,1351,1,1,0,0,0,0,0.8987134099006653
video10,TriClass-Cloud-FT,1352,1,1,0,0,0,0,0.9000815749168396
video10,TriClass-Cloud-FT,1353,1,1,0,0,0,0,0.8910081386566162
video10,TriClass-Cloud-FT,1354,1,1,0,0,0,0,0.8827411532402039
video10,TriClass-Cloud-FT,1355,1,1,0,0,0,0,0.890022337436676
video10,TriClass-Cloud-FT,1356,1,1,0,0,0,0,0.9210850596427917
video10,TriClass-Cloud-FT,1357,1,1,0,0,0,0,0.8957580327987671
video10,TriClass-Cloud-FT,1358,1,1,0,0,0,0,0.8997229933738708
video10,TriClass-Cloud-FT,1359,1,1,0,0,0,0,0.8937946557998657
video10,TriClass-Cloud-FT,1360,1,1,0,0,0,0,0.8890369534492493
video10,TriClass-Cloud-FT,1361,1,1,0,0,0,0,0.9045387506484985
video10,TriClass-Cloud-FT,1362,1,1,0,0,0,0,0.9001966118812561
video10,TriClass-Cloud-FT,1363,1,1,0,0,0,0,0.8815857768058777
video10,TriClass-Cloud-FT,1364,1,1,0,0,0,0,0.8871365785598755
video10,TriClass-Cloud-FT,1365,1,1,0,0,0,0,0.8983789682388306
video10,TriClass-Cloud-FT,1366,1,1,0,0,0,0,0.8995024561882019
video10,TriClass-Cloud-FT,1367,1,1,0,0,0,0,0.884485125541687
video10,TriClass-Cloud-FT,1368,1,1,0,0,0,0,0.911346971988678
video10,TriClass-Cloud-FT,1369,1,1,0,0,0,0,0.9068871140480042
video10,TriClass-Cloud-FT,1370,1,1,0,0,0,0,0.9072349071502686
video10,TriClass-Cloud-FT,1371,1,1,0,0,0,0,0.9042856693267822
video10,TriClass-Cloud-FT,1372,1,1,0,0,0,0,0.7883352041244507
video10,TriClass-Cloud-FT,1373,1,1,0,0,0,0,0.927473247051239
video10,TriClass-Cloud-FT,1374,1,1,0,0,0,0,0.9316497445106506
video10,TriClass-Cloud-FT,1375,1,1,0,0,0,0,0.93119877576828
video10,TriClass-Cloud-FT,1376,1,1,0,0,0,0,0.930553674697876
video10,TriClass-Cloud-FT,1377,1,1,0,0,0,0,0.9240124225616455
video10,TriClass-Cloud-FT,1378,1,1,0,0,0,0,0.9289405345916748
video10,TriClass-Cloud-FT,1379,1,1,0,0,0,0,0.931045651435852
video10,TriClass-Cloud-FT,1380,1,1,0,0,0,0,0.93809574842453
video10,TriClass-Cloud-FT,1381,1,1,0,0,0,0,0.7432011365890503
video10,TriClass-Cloud-FT,1382,1,1,0,0,0,0,0.9318671822547913
video10,TriClass-Cloud-FT,1383,1,1,0,0,0,0,0.9345486760139465
video10,TriClass-Cloud-FT,1384,1,1,0,0,0,0,0.9409053921699524
video10,TriClass-Cloud-FT,1385,1,1,0,0,0,0,0.9185471534729004
video10,TriClass-Cloud-FT,1386,1,1,0,0,0,0,0.9203489422798157
video10,TriClass-Cloud-FT,1387,1,1,0,0,0,0,0.9249265193939209
video10,TriClass-Cloud-FT,1388,1,1,0,0,0,0,0.9289586544036865
video10,TriClass-Cloud-FT,1389,1,1,0,0,0,0,0.9289318919181824
video10,TriClass-Cloud-FT,1390,1,1,0,0,0,0,0.9210925102233887
video10,TriClass-Cloud-FT,1391,1,1,0,0,0,0,0.9260901808738708
video10,TriClass-Cloud-FT,1392,1,1,0,0,0,0,0.9256306290626526
video10,TriClass-Cloud-FT,1393,1,1,0,0,0,0,0.9238848090171814
video10,TriClass-Cloud-FT,1394,1,1,0,0,0,0,0.9217364192008972
video10,TriClass-Cloud-FT,1395,1,1,0,0,0,0,0.9237604737281799
video10,TriClass-Cloud-FT,1396,1,1,0,0,0,0,0.9231759309768677
video10,TriClass-Cloud-FT,1397,1,1,0,0,0,0,0.9212738275527954
video10,TriClass-Cloud-FT,1398,1,1,0,0,0,0,0.9215087294578552
video10,TriClass-Cloud-FT,1399,1,1,0,0,0,0,0.9234479665756226
video10,TriClass-Cloud-FT,1400,1,1,0,0,0,0,0.922761082649231
video10,TriClass-Cloud-FT,1401,1,1,0,0,0,0,0.9180041551589966
video10,TriClass-Cloud-FT,1402,1,1,0,0,0,0,0.9163492321968079
video10,TriClass-Cloud-FT,1403,1,1,0,0,0,0,0.9211488962173462
video10,TriClass-Cloud-FT,1404,1,1,0,0,0,0,0.921904981136322
video10,TriClass-Cloud-FT,1405,1,1,0,0,0,0,0.9208723306655884
video10,TriClass-Cloud-FT,1406,1,1,0,0,0,0,0.9199535846710205
video10,TriClass-Cloud-FT,1407,1,1,0,0,0,0,0.918654203414917
video10,TriClass-Cloud-FT,1408,1,1,0,0,0,0,0.9158310890197754
video10,TriClass-Cloud-FT,1409,1,1,0,0,0,0,0.9162043929100037
video10,TriClass-Cloud-FT,1410,1,1,0,0,0,0,0.9184966683387756
video10,TriClass-Cloud-FT,1411,1,1,0,0,0,0,0.9189017415046692
video10,TriClass-Cloud-FT,1412,1,1,0,0,0,0,0.918545663356781
video10,TriClass-Cloud-FT,1413,1,1,0,0,0,0,0.9175341129302979
video10,TriClass-Cloud-FT,1414,1,1,0,0,0,0,0.9192912578582764
video10,TriClass-Cloud-FT,1415,1,1,0,0,0,0,0.9192883968353271
video10,TriClass-Cloud-FT,1416,1,1,0,0,0,0,0.9204220771789551
video10,TriClass-Cloud-FT,1417,1,1,0,0,0,0,0.9178149104118347
video10,TriClass-Cloud-FT,1418,1,1,0,0,0,0,0.9208961725234985
video10,TriClass-Cloud-FT,1419,1,1,0,0,0,0,0.9189768433570862
video10,TriClass-Cloud-FT,1420,2,2,0,0,0,0,0.670459508895874
video10,TriClass-Cloud-FT,1421,2,2,0,0,1,0,0.8366311192512512
video10,TriClass-Cloud-FT,1422,2,2,0,0,0,0,0.6779505610466003
video10,TriClass-Cloud-FT,1423,1,1,0,0,0,0,0.9304675459861755
video10,TriClass-Cloud-FT,1424,1,1,0,0,0,0,0.9296116232872009
video10,TriClass-Cloud-FT,1425,1,1,0,0,0,0,0.9322782754898071
video10,TriClass-Cloud-FT,1426,1,1,0,0,0,0,0.9312646985054016
video10,TriClass-Cloud-FT,1427,1,1,0,0,0,0,0.9330126047134399
video10,TriClass-Cloud-FT,1428,1,1,0,0,0,0,0.9317120313644409
video10,TriClass-Cloud-FT,1429,1,1,0,0,0,0,0.9306982159614563
video10,TriClass-Cloud-FT,1430,1,1,0,0,0,0,0.9288001656532288
video10,TriClass-Cloud-FT,1431,1,1,0,0,0,0,0.9307306408882141
video10,TriClass-Cloud-FT,1432,1,1,0,0,0,0,0.9292806386947632
video10,TriClass-Cloud-FT,1433,1,1,0,0,0,0,0.9328294992446899
video10,TriClass-Cloud-FT,1434,1,1,0,0,0,0,0.9308878183364868
video10,TriClass-Cloud-FT,1435,1,1,0,0,0,0,0.9350165128707886
video10,TriClass-Cloud-FT,1436,1,1,0,0,0,0,0.932365894317627
video10,TriClass-Cloud-FT,1437,1,1,0,0,0,0,0.9338421821594238
video10,TriClass-Cloud-FT,1438,1,1,0,0,0,0,0.9319653511047363
video10,TriClass-Cloud-FT,1439,1,1,0,0,0,0,0.9298621416091919
video10,TriClass-Cloud-FT,1440,1,1,0,0,0,0,0.932664692401886
video10,TriClass-Cloud-FT,1441,1,1,0,0,0,0,0.930454432964325
video10,TriClass-Cloud-FT,1442,1,1,0,0,0,0,0.9300123453140259
video10,TriClass-Cloud-FT,1443,1,1,0,0,0,0,0.9289854168891907
video10,TriClass-Cloud-FT,1444,1,1,0,0,0,0,0.9267511963844299
video10,TriClass-Cloud-FT,1445,1,1,0,0,0,0,0.9257721900939941
video10,TriClass-Cloud-FT,1446,1,1,0,0,0,0,0.9227275848388672
video10,TriClass-Cloud-FT,1447,1,1,0,0,0,0,0.9228768348693848
video10,TriClass-Cloud-FT,1448,1,1,0,0,0,0,0.9198445677757263
video10,TriClass-Cloud-FT,1449,1,1,0,0,0,0,0.9188557267189026
video10,TriClass-Cloud-FT,1450,1,1,0,0,0,0,0.9149071574211121
video10,TriClass-Cloud-FT,1451,1,1,0,0,0,0,0.91388338804245
video10,TriClass-Cloud-FT,1452,1,1,0,0,0,0,0.9130481481552124
video10,TriClass-Cloud-FT,1453,1,1,0,0,0,0,0.9136760830879211
video10,TriClass-Cloud-FT,1454,1,1,0,0,0,0,0.9111534357070923
video10,TriClass-Cloud-FT,1455,1,1,0,0,0,0,0.9161828756332397
video10,TriClass-Cloud-FT,1456,1,1,0,0,0,0,0.9157091379165649
video10,TriClass-Cloud-FT,1457,1,1,0,0,0,0,0.9127450585365295
video10,TriClass-Cloud-FT,1458,1,1,0,0,0,0,0.9126666784286499
video10,TriClass-Cloud-FT,1459,1,1,0,0,0,0,0.9119956493377686
video10,TriClass-Cloud-FT,1460,1,1,0,0,0,0,0.9109996557235718
video10,TriClass-Cloud-FT,1461,1,1,0,0,0,0,0.9109426736831665
video10,TriClass-Cloud-FT,1462,1,1,0,0,0,0,0.9115279912948608
video10,TriClass-Cloud-FT,1463,1,1,0,0,0,0,0.9110202789306641
video10,TriClass-Cloud-FT,1464,1,1,0,0,0,0,0.9120391607284546
video10,TriClass-Cloud-FT,1465,1,1,0,0,0,0,0.9118015766143799
video10,TriClass-Cloud-FT,1466,1,1,0,0,0,0,0.909173846244812
video10,TriClass-Cloud-FT,1467,1,1,0,0,0,0,0.9078248739242554
video10,TriClass-Cloud-FT,1468,1,1,0,0,0,0,0.9100605845451355
video10,TriClass-Cloud-FT,1469,1,1,0,0,0,0,0.9103375673294067
video10,TriClass-Cloud-FT,1470,1,1,0,0,0,0,0.9086227416992188
video10,TriClass-Cloud-FT,1471,1,1,0,0,0,0,0.907888650894165
video10,TriClass-Cloud-FT,1472,1,1,0,0,0,0,0.9106488823890686
video10,TriClass-Cloud-FT,1473,1,1,0,0,0,0,0.9109315276145935
video10,TriClass-Cloud-FT,1474,1,1,0,0,0,0,0.9103573560714722
video10,TriClass-Cloud-FT,1475,1,1,0,0,0,0,0.9099215865135193
video10,TriClass-Cloud-FT,1476,1,1,0,0,0,0,0.9090476632118225
video10,TriClass-Cloud-FT,1477,1,1,0,0,0,0,0.9090745449066162
video10,TriClass-Cloud-FT,1478,1,1,0,0,0,0,0.911345362663269
video10,TriClass-Cloud-FT,1479,1,1,0,0,0,0,0.9105561971664429
video10,TriClass-Cloud-FT,1480,1,1,0,0,0,0,0.9102497696876526
video10,TriClass-Cloud-FT,1481,1,1,0,0,0,0,0.9123741388320923
video10,TriClass-Cloud-FT,1482,1,1,0,0,0,0,0.9128607511520386
video10,TriClass-Cloud-FT,1483,1,1,0,0,0,0,0.9127647876739502
video10,TriClass-Cloud-FT,1484,1,1,0,0,0,0,0.9120520949363708
video10,TriClass-Cloud-FT,1485,1,1,0,0,0,0,0.9123736619949341
video10,TriClass-Cloud-FT,1486,1,1,0,0,0,0,0.9118965864181519
video10,TriClass-Cloud-FT,1487,1,1,0,0,0,0,0.9116254448890686
video10,TriClass-Cloud-FT,1488,1,1,0,0,0,0,0.911632776260376
video10,TriClass-Cloud-FT,1489,1,1,0,0,0,0,0.9130880832672119
video10,TriClass-Cloud-FT,1490,1,1,0,0,0,0,0.9134505391120911
video10,TriClass-Cloud-FT,1491,1,1,0,0,0,0,0.9128105044364929
video10,TriClass-Cloud-FT,1492,1,1,0,0,0,0,0.9130198359489441
video10,TriClass-Cloud-FT,1493,1,1,0,0,0,0,0.9138199090957642
video10,TriClass-Cloud-FT,1494,1,1,0,0,0,0,0.9138331413269043
video10,TriClass-Cloud-FT,1495,1,1,0,0,0,0,0.9148168563842773
video10,TriClass-Cloud-FT,1496,1,1,0,0,0,0,0.9172624349594116
video10,TriClass-Cloud-FT,1497,1,1,0,0,0,0,0.9172869920730591
video10,TriClass-Cloud-FT,1498,1,1,0,0,0,0,0.9160588979721069
video10,TriClass-Cloud-FT,1499,1,1,0,0,0,0,0.9151968955993652
video10,TriClass-Cloud-FT,1500,1,1,0,0,0,0,0.9164460301399231
video10,TriClass-Cloud-FT,1501,1,1,0,0,0,0,0.9164563417434692
video10,TriClass-Cloud-FT,1502,1,1,0,0,0,0,0.9188498854637146
video10,TriClass-Cloud-FT,1503,1,1,0,0,0,0,0.9195794463157654
video10,TriClass-Cloud-FT,1504,1,1,0,0,0,0,0.9185446500778198
video10,TriClass-Cloud-FT,1505,1,1,0,0,0,0,0.917934238910675
video10,TriClass-Cloud-FT,1506,1,1,0,0,0,0,0.9159289002418518
video10,TriClass-Cloud-FT,1507,1,1,0,0,0,0,0.9141468405723572
video10,TriClass-Cloud-FT,1508,1,1,0,0,0,0,0.9178008437156677
video10,TriClass-Cloud-FT,1509,1,1,0,0,0,0,0.9180144667625427
video10,TriClass-Cloud-FT,1510,1,1,0,0,0,0,0.9146865606307983
video10,TriClass-Cloud-FT,1511,1,1,0,0,0,0,0.91571444272995
video10,TriClass-Cloud-FT,1512,1,1,0,0,0,0,0.9149027466773987
video10,TriClass-Cloud-FT,1513,1,1,0,0,0,0,0.9135665893554688
video10,TriClass-Cloud-FT,1514,1,1,0,0,0,0,0.9143769145011902
video10,TriClass-Cloud-FT,1515,1,1,0,0,0,0,0.9150809049606323
video10,TriClass-Cloud-FT,1516,1,1,0,0,0,0,0.9159533977508545
video10,TriClass-Cloud-FT,1517,1,1,0,0,0,0,0.9145493507385254
video10,TriClass-Cloud-FT,1518,1,1,0,0,0,0,0.9142259359359741
video10,TriClass-Cloud-FT,1519,1,1,0,0,0,0,0.9144650101661682
video10,TriClass-Cloud-FT,1520,1,1,0,0,0,0,0.915476381778717
video10,TriClass-Cloud-FT,1521,1,1,0,0,0,0,0.9144562482833862
video10,TriClass-Cloud-FT,1522,1,1,0,0,0,0,0.9147462248802185
video10,TriClass-Cloud-FT,1523,1,1,0,0,0,0,0.9147629141807556
video10,TriClass-Cloud-FT,1524,1,1,0,0,0,0,0.9134634733200073
video10,TriClass-Cloud-FT,1525,1,1,0,0,0,0,0.914620041847229
video10,TriClass-Cloud-FT,1526,1,1,0,0,0,0,0.9137974977493286
video10,TriClass-Cloud-FT,1527,1,1,0,0,0,0,0.9141038656234741
video10,TriClass-Cloud-FT,1528,1,1,0,0,0,0,0.913790225982666
video10,TriClass-Cloud-FT,1529,1,1,0,0,0,0,0.9120284914970398
video10,TriClass-Cloud-FT,1530,1,1,0,0,0,0,0.9168428778648376
video10,TriClass-Cloud-FT,1531,1,1,0,0,0,0,0.9166461825370789
video10,TriClass-Cloud-FT,1532,1,1,0,0,0,0,0.9172549247741699
video10,TriClass-Cloud-FT,1533,1,1,0,0,0,0,0.9145814776420593
video10,TriClass-Cloud-FT,1534,1,1,0,0,0,0,0.9153357148170471
video10,TriClass-Cloud-FT,1535,1,1,0,0,0,0,0.9151968955993652
video10,TriClass-Cloud-FT,1536,1,1,0,0,0,0,0.9235451817512512
video10,TriClass-Cloud-FT,1537,1,1,0,0,0,0,0.9227235317230225
video10,TriClass-Cloud-FT,1538,1,1,0,0,0,0,0.9210968613624573
video10,TriClass-Cloud-FT,1539,1,1,0,0,0,0,0.9217280149459839
video10,TriClass-Cloud-FT,1540,1,1,0,0,0,0,0.924830436706543
video10,TriClass-Cloud-FT,1541,1,1,0,0,0,0,0.9338395595550537
video10,TriClass-Cloud-FT,1542,1,1,0,0,0,0,0.931135892868042
video10,TriClass-Cloud-FT,1543,1,1,0,0,0,0,0.9348224997520447
video10,TriClass-Cloud-FT,1544,1,1,0,0,0,0,0.9346393942832947
video10,TriClass-Cloud-FT,1545,1,1,0,0,0,0,0.9314388632774353
video10,TriClass-Cloud-FT,1546,1,1,0,0,0,0,0.9365973472595215
video10,TriClass-Cloud-FT,1547,2,2,0,0,1,0,0.6333287954330444
video10,TriClass-Cloud-FT,1548,1,1,0,0,0,0,0.9175441861152649
video10,TriClass-Cloud-FT,1549,1,1,0,0,0,0,0.9352601170539856
video10,TriClass-Cloud-FT,1550,1,1,0,0,0,0,0.934943675994873
video10,TriClass-Cloud-FT,1551,1,1,0,0,0,0,0.9344052076339722
video10,TriClass-Cloud-FT,1552,1,1,0,0,0,0,0.9319807887077332
video10,TriClass-Cloud-FT,1553,1,1,0,0,0,0,0.9379029870033264
video10,TriClass-Cloud-FT,1554,1,1,0,0,0,0,0.9385524392127991
video10,TriClass-Cloud-FT,1555,1,1,0,0,0,0,0.9381687045097351
video10,TriClass-Cloud-FT,1556,1,1,0,0,0,0,0.9394879341125488
video10,TriClass-Cloud-FT,1557,1,1,0,0,0,0,0.9384706616401672
video10,TriClass-Cloud-FT,1558,1,1,0,0,0,0,0.9372482299804688
video10,TriClass-Cloud-FT,1559,1,1,0,0,0,0,0.9382858872413635
video10,TriClass-Cloud-FT,1560,1,1,0,0,0,0,0.8798643350601196
video10,TriClass-Cloud-FT,1561,1,1,0,0,0,0,0.9022025465965271
video10,TriClass-Cloud-FT,1562,1,1,0,0,0,0,0.9155299067497253
video10,TriClass-Cloud-FT,1563,1,1,0,0,0,0,0.9126366376876831
video10,TriClass-Cloud-FT,1564,1,1,0,0,0,0,0.9173555374145508
video10,TriClass-Cloud-FT,1565,1,1,0,0,0,0,0.9166315793991089
video10,TriClass-Cloud-FT,1566,1,1,0,0,0,0,0.9133087992668152
video10,TriClass-Cloud-FT,1567,1,1,0,0,0,0,0.9152070879936218
video10,TriClass-Cloud-FT,1568,1,1,0,0,0,0,0.9123132228851318
video10,TriClass-Cloud-FT,1569,1,1,0,0,0,0,0.9131134748458862
video10,TriClass-Cloud-FT,1570,1,1,0,0,0,0,0.9036207795143127
video10,TriClass-Cloud-FT,1571,1,1,0,0,0,0,0.8093537092208862
video10,TriClass-Cloud-FT,1572,2,2,0,0,1,0,0.6089547276496887
video10,TriClass-Cloud-FT,1573,1,1,0,0,0,0,0.933510959148407
video10,TriClass-Cloud-FT,1574,1,1,0,0,0,0,0.9209470152854919
video10,TriClass-Cloud-FT,1575,1,1,0,0,0,0,0.9389358758926392
video10,TriClass-Cloud-FT,1576,1,1,0,0,0,0,0.9382835626602173
video10,TriClass-Cloud-FT,1577,1,1,0,0,0,0,0.9333776831626892
video10,TriClass-Cloud-FT,1578,1,1,0,0,0,0,0.9335099458694458
video10,TriClass-Cloud-FT,1579,1,1,0,0,0,0,0.939493715763092
video10,TriClass-Cloud-FT,1580,1,1,0,0,0,0,0.9375619888305664
video10,TriClass-Cloud-FT,1581,1,1,0,0,0,0,0.9422544836997986
video10,TriClass-Cloud-FT,1582,1,1,0,0,0,0,0.9396201372146606
video10,TriClass-Cloud-FT,1583,1,1,0,0,0,0,0.9399582743644714
video10,TriClass-Cloud-FT,1584,1,1,0,0,0,0,0.9372650980949402
video10,TriClass-Cloud-FT,1585,1,1,0,0,0,0,0.9291159510612488
video10,TriClass-Cloud-FT,1586,2,2,0,0,1,0,0.5520157217979431
video10,TriClass-Cloud-FT,1587,1,1,0,0,0,0,0.8699184656143188
video10,TriClass-Cloud-FT,1588,1,1,0,0,0,0,0.9340445399284363
video10,TriClass-Cloud-FT,1589,1,1,0,0,0,0,0.9363528490066528
video10,TriClass-Cloud-FT,1590,1,1,0,0,0,0,0.9348995685577393
video10,TriClass-Cloud-FT,1591,1,1,0,0,0,0,0.9277132749557495
video10,TriClass-Cloud-FT,1592,1,1,0,0,0,0,0.924470067024231
video10,TriClass-Cloud-FT,1593,1,1,0,0,0,0,0.9307395815849304
video10,TriClass-Cloud-FT,1594,1,1,0,0,0,0,0.932002604007721
video10,TriClass-Cloud-FT,1595,1,1,0,0,0,0,0.9241094589233398
video10,TriClass-Cloud-FT,1596,1,1,0,0,0,0,0.9255732297897339
video10,TriClass-Cloud-FT,1597,1,1,0,0,0,0,0.9288360476493835
video10,TriClass-Cloud-FT,1598,1,1,0,0,0,0,0.9253053069114685
video10,TriClass-Cloud-FT,1599,1,1,0,0,0,0,0.9149277210235596
video10,TriClass-Cloud-FT,1600,1,1,0,0,0,0,0.9145934581756592
video10,TriClass-Cloud-FT,1601,1,1,0,0,0,0,0.9152808785438538
video10,TriClass-Cloud-FT,1602,1,1,0,0,0,0,0.9247120022773743
video10,TriClass-Cloud-FT,1603,1,1,0,0,0,0,0.9049399495124817
video10,TriClass-Cloud-FT,1604,1,1,0,0,0,0,0.9201995134353638
video10,TriClass-Cloud-FT,1605,1,1,0,0,0,0,0.9110495448112488
video10,TriClass-Cloud-FT,1606,1,1,0,0,0,0,0.9042003750801086
video10,TriClass-Cloud-FT,1607,1,1,0,0,0,0,0.9040224552154541
video10,TriClass-Cloud-FT,1608,1,1,0,0,0,0,0.9083573818206787
video10,TriClass-Cloud-FT,1609,2,2,0,0,0,0,0.5530522465705872
video10,TriClass-Cloud-FT,1610,1,1,0,0,0,0,0.9152174592018127
video10,TriClass-Cloud-FT,1611,1,1,0,0,0,0,0.9139837622642517
video10,TriClass-Cloud-FT,1612,1,1,0,0,0,0,0.9046066999435425
video10,TriClass-Cloud-FT,1613,1,1,0,0,0,0,0.9165480732917786
video10,TriClass-Cloud-FT,1614,1,1,0,0,0,0,0.9295681715011597
video10,TriClass-Cloud-FT,1615,1,1,0,0,0,0,0.9303162097930908
video10,TriClass-Cloud-FT,1616,1,1,0,0,0,0,0.9239693880081177
video10,TriClass-Cloud-FT,1617,1,1,0,0,0,0,0.9308102130889893
video10,TriClass-Cloud-FT,1618,1,1,0,0,0,0,0.92640620470047
video10,TriClass-Cloud-FT,1619,1,1,0,0,0,0,0.9246072173118591
video10,TriClass-Cloud-FT,1620,1,1,0,0,0,0,0.9185453653335571
video10,TriClass-Cloud-FT,1621,1,1,0,0,0,0,0.9213973879814148
video10,TriClass-Cloud-FT,1622,1,1,0,0,0,0,0.9029693603515625
video10,TriClass-Cloud-FT,1623,1,1,0,0,0,0,0.9028714299201965
video10,TriClass-Cloud-FT,1624,1,1,0,0,0,0,0.8997862935066223
video10,TriClass-Cloud-FT,1625,1,1,0,0,0,0,0.8870043754577637
video10,TriClass-Cloud-FT,1626,1,1,0,0,0,0,0.8758921027183533
video10,TriClass-Cloud-FT,1627,1,1,0,0,0,0,0.8604073524475098
video10,TriClass-Cloud-FT,1628,1,1,0,0,0,0,0.8773147463798523
video10,TriClass-Cloud-FT,1629,1,1,0,0,0,0,0.8851386904716492
video10,TriClass-Cloud-FT,1630,1,1,0,0,0,0,0.888663649559021
video10,TriClass-Cloud-FT,1631,1,1,0,0,0,0,0.8802758455276489
video10,TriClass-Cloud-FT,1632,1,1,0,0,0,0,0.8859792947769165
video10,TriClass-Cloud-FT,1633,1,1,0,0,0,0,0.8969947695732117
video10,TriClass-Cloud-FT,1634,1,1,0,0,0,0,0.9068384170532227
video10,TriClass-Cloud-FT,1635,1,1,0,0,0,0,0.9066411256790161
video10,TriClass-Cloud-FT,1636,1,1,0,0,0,0,0.9022595882415771
video10,TriClass-Cloud-FT,1637,1,1,0,0,0,0,0.888948917388916
video10,TriClass-Cloud-FT,1638,1,1,0,0,0,0,0.7908090353012085
video10,TriClass-Cloud-FT,1639,1,1,0,0,0,0,0.8898239731788635
video10,TriClass-Cloud-FT,1640,1,1,0,0,0,0,0.8894397616386414
video10,TriClass-Cloud-FT,1641,1,1,0,0,0,0,0.8853522539138794
video10,TriClass-Cloud-FT,1642,1,1,0,0,0,0,0.867275595664978
video10,TriClass-Cloud-FT,1643,1,1,0,0,0,0,0.8617383241653442
video10,TriClass-Cloud-FT,1644,1,1,0,0,0,0,0.8750170469284058
video10,TriClass-Cloud-FT,1645,1,1,0,0,0,0,0.8817174434661865
video10,TriClass-Cloud-FT,1646,1,1,0,0,0,0,0.8782632946968079
video10,TriClass-Cloud-FT,1647,1,1,0,0,0,0,0.8673832416534424
video10,TriClass-Cloud-FT,1648,1,1,0,0,0,0,0.8700904250144958
video10,TriClass-Cloud-FT,1649,1,1,0,0,0,0,0.8698797821998596
video10,TriClass-Cloud-FT,1650,1,1,0,0,0,0,0.8723331689834595
video10,TriClass-Cloud-FT,1651,1,1,0,0,0,0,0.8717871308326721
video10,TriClass-Cloud-FT,1652,1,1,0,0,0,0,0.8763169646263123
video10,TriClass-Cloud-FT,1653,1,1,0,0,0,0,0.9026250243186951
video10,TriClass-Cloud-FT,1654,1,1,0,0,0,0,0.9017828702926636
video10,TriClass-Cloud-FT,1655,1,1,0,0,0,0,0.9059051275253296
video10,TriClass-Cloud-FT,1656,1,1,0,0,0,0,0.8965529799461365
video10,TriClass-Cloud-FT,1657,1,1,0,0,0,0,0.8931224346160889
video10,TriClass-Cloud-FT,1658,1,1,0,0,0,0,0.8922857642173767
video10,TriClass-Cloud-FT,1659,1,1,0,0,0,0,0.89584881067276
video10,TriClass-Cloud-FT,1660,1,1,0,0,0,0,0.8976733088493347
video10,TriClass-Cloud-FT,1661,1,1,0,0,0,0,0.8970158696174622
video10,TriClass-Cloud-FT,1662,1,1,0,0,0,0,0.893711268901825
video10,TriClass-Cloud-FT,1663,1,1,0,0,0,0,0.8930634260177612
video10,TriClass-Cloud-FT,1664,1,1,0,0,0,0,0.8853010535240173
video10,TriClass-Cloud-FT,1665,1,1,0,0,0,0,0.887389063835144
video10,TriClass-Cloud-FT,1666,1,1,0,0,0,0,0.8849420547485352
video10,TriClass-Cloud-FT,1667,1,1,0,0,0,0,0.8859925866127014
video10,TriClass-Cloud-FT,1668,1,1,0,0,0,0,0.8851877450942993
video10,TriClass-Cloud-FT,1669,1,1,0,0,0,0,0.8854748606681824
video10,TriClass-Cloud-FT,1670,1,1,0,0,0,0,0.8886476159095764
video10,TriClass-Cloud-FT,1671,1,1,0,0,0,0,0.8880877494812012
video10,TriClass-Cloud-FT,1672,1,1,0,0,0,0,0.8906750082969666
video10,TriClass-Cloud-FT,1673,1,1,0,0,0,0,0.8908075094223022
video10,TriClass-Cloud-FT,1674,1,1,0,0,0,0,0.8872066140174866
video10,TriClass-Cloud-FT,1675,1,1,0,0,0,0,0.8972386717796326
video10,TriClass-Cloud-FT,1676,1,1,0,0,0,0,0.8932483792304993
video10,TriClass-Cloud-FT,1677,1,1,0,0,0,0,0.8980100154876709
video10,TriClass-Cloud-FT,1678,1,1,0,0,0,0,0.8932444453239441
video10,TriClass-Cloud-FT,1679,1,1,0,0,0,0,0.8943426609039307
video10,TriClass-Cloud-FT,1680,1,1,0,0,0,0,0.8908715844154358
video10,TriClass-Cloud-FT,1681,1,1,0,0,0,0,0.891607403755188
video10,TriClass-Cloud-FT,1682,1,1,0,0,0,0,0.8907662630081177
video10,TriClass-Cloud-FT,1683,1,1,0,0,0,0,0.8858020901679993
video10,TriClass-Cloud-FT,1684,1,1,0,0,0,0,0.8880598545074463
video10,TriClass-Cloud-FT,1685,1,1,0,0,0,0,0.8980363607406616
video10,TriClass-Cloud-FT,1686,1,1,0,0,0,0,0.9014923572540283
video10,TriClass-Cloud-FT,1687,1,1,0,0,0,0,0.8949045538902283
video10,TriClass-Cloud-FT,1688,1,1,0,0,0,0,0.8845718502998352
video10,TriClass-Cloud-FT,1689,1,1,0,0,0,0,0.9010313153266907
video10,TriClass-Cloud-FT,1690,1,1,0,0,0,0,0.8943758606910706
video10,TriClass-Cloud-FT,1691,1,1,0,0,0,0,0.9067812561988831
video10,TriClass-Cloud-FT,1692,1,1,0,0,0,0,0.9080424904823303
video10,TriClass-Cloud-FT,1693,1,1,0,0,0,0,0.910412073135376
video10,TriClass-Cloud-FT,1694,1,1,0,0,0,0,0.9135157465934753
video10,TriClass-Cloud-FT,1695,1,1,0,0,0,0,0.910919725894928
video10,TriClass-Cloud-FT,1696,1,1,0,0,0,0,0.8959670662879944
video10,TriClass-Cloud-FT,1697,1,1,0,0,0,0,0.8940978050231934
video10,TriClass-Cloud-FT,1698,1,1,0,0,0,0,0.883040189743042
video10,TriClass-Cloud-FT,1699,1,1,0,0,0,0,0.8821436166763306
video10,TriClass-Cloud-FT,1700,1,1,0,0,0,0,0.8685535788536072
video10,TriClass-Cloud-FT,1701,1,1,0,0,0,0,0.9174893498420715
video10,TriClass-Cloud-FT,1702,1,1,0,0,0,0,0.9018664360046387
video10,TriClass-Cloud-FT,1703,1,1,0,0,0,0,0.9022554159164429
video10,TriClass-Cloud-FT,1704,1,1,0,0,0,0,0.9056621789932251
video10,TriClass-Cloud-FT,1705,1,1,0,0,0,0,0.9138804078102112
video10,TriClass-Cloud-FT,1706,1,1,0,0,0,0,0.910476803779602
video10,TriClass-Cloud-FT,1707,1,1,0,0,0,0,0.9178317785263062
video10,TriClass-Cloud-FT,1708,1,1,0,0,0,0,0.9073780179023743
video10,TriClass-Cloud-FT,1709,1,1,0,0,0,0,0.8995761871337891
video10,TriClass-Cloud-FT,1710,1,1,0,0,0,0,0.9053409099578857
video10,TriClass-Cloud-FT,1711,1,1,0,0,0,0,0.9087768197059631
video10,TriClass-Cloud-FT,1712,1,1,0,0,0,0,0.9161980152130127
video10,TriClass-Cloud-FT,1713,1,1,0,0,0,0,0.9160277843475342
video10,TriClass-Cloud-FT,1714,1,1,0,0,0,0,0.911355197429657
video10,TriClass-Cloud-FT,1715,1,1,0,0,0,0,0.9163791537284851
video10,TriClass-Cloud-FT,1716,1,1,0,0,0,0,0.921180009841919
video10,TriClass-Cloud-FT,1717,1,1,0,0,0,0,0.9238185882568359
video10,TriClass-Cloud-FT,1718,1,1,0,0,0,0,0.9213027358055115
video10,TriClass-Cloud-FT,1719,1,1,0,0,0,0,0.9235771894454956
video10,TriClass-Cloud-FT,1720,1,1,0,0,0,0,0.9166778326034546
video10,TriClass-Cloud-FT,1721,1,1,0,0,0,0,0.9154225587844849
video10,TriClass-Cloud-FT,1722,1,1,0,0,0,0,0.9229587912559509
video10,TriClass-Cloud-FT,1723,1,1,0,0,0,0,0.9179433584213257
video10,TriClass-Cloud-FT,1724,1,1,0,0,0,0,0.9141488075256348
video10,TriClass-Cloud-FT,1725,1,1,0,0,0,0,0.9121739268302917
video10,TriClass-Cloud-FT,1726,1,1,0,0,0,0,0.9146570563316345
video10,TriClass-Cloud-FT,1727,1,1,0,0,0,0,0.9196498394012451
video10,TriClass-Cloud-FT,1728,1,1,0,0,0,0,0.9158766865730286
video10,TriClass-Cloud-FT,1729,1,1,0,0,0,0,0.9122083783149719
video10,TriClass-Cloud-FT,1730,1,1,0,0,0,0,0.9154811501502991
video10,TriClass-Cloud-FT,1731,1,1,0,0,0,0,0.9184578657150269
video10,TriClass-Cloud-FT,1732,1,1,0,0,0,0,0.9189306497573853
video10,TriClass-Cloud-FT,1733,1,1,0,0,0,0,0.9190871119499207
video10,TriClass-Cloud-FT,1734,1,1,0,0,0,0,0.9148011207580566
video10,TriClass-Cloud-FT,1735,1,1,0,0,0,0,0.912316620349884
video10,TriClass-Cloud-FT,1736,1,1,0,0,0,0,0.9096245169639587
video10,TriClass-Cloud-FT,1737,1,1,0,0,0,0,0.9154262542724609
video10,TriClass-Cloud-FT,1738,1,1,0,0,0,0,0.9185557961463928
video10,TriClass-Cloud-FT,1739,1,1,0,0,0,0,0.9220225214958191
video10,TriClass-Cloud-FT,1740,1,1,0,0,0,0,0.9146626591682434
video10,TriClass-Cloud-FT,1741,1,1,0,0,0,0,0.9166945815086365
video10,TriClass-Cloud-FT,1742,1,1,0,0,0,0,0.9103453755378723
video10,TriClass-Cloud-FT,1743,1,1,0,0,0,0,0.909438967704773
video10,TriClass-Cloud-FT,1744,1,1,0,0,0,0,0.9128327369689941
video10,TriClass-Cloud-FT,1745,1,1,0,0,0,0,0.9042062759399414
video10,TriClass-Cloud-FT,1746,1,1,0,0,0,0,0.8967278003692627
video10,TriClass-Cloud-FT,1747,1,1,0,0,0,0,0.8904286623001099
video10,TriClass-Cloud-FT,1748,1,1,0,0,0,0,0.8865760564804077
video10,TriClass-Cloud-FT,1749,1,1,0,0,0,0,0.8864303827285767
video10,TriClass-Cloud-FT,1750,1,1,0,0,0,0,0.8844996690750122
video10,TriClass-Cloud-FT,1751,1,1,0,0,0,0,0.887489378452301
video10,TriClass-Cloud-FT,1752,1,1,0,0,0,0,0.9049237370491028
video10,TriClass-Cloud-FT,1753,1,1,0,0,0,0,0.9046489596366882
video10,TriClass-Cloud-FT,1754,1,1,0,0,0,0,0.9154348969459534
video10,TriClass-Cloud-FT,1755,1,1,0,0,0,0,0.9173298478126526
video10,TriClass-Cloud-FT,1756,1,1,0,0,0,0,0.9159777164459229
video10,TriClass-Cloud-FT,1757,1,1,0,0,0,0,0.9103353023529053
video10,TriClass-Cloud-FT,1758,1,1,0,0,0,0,0.9001799821853638
video10,TriClass-Cloud-FT,1759,1,1,0,0,0,0,0.9069145917892456
video10,TriClass-Cloud-FT,1760,1,1,0,0,0,0,0.9042179584503174
video10,TriClass-Cloud-FT,1761,1,1,0,0,0,0,0.8914945721626282
video10,TriClass-Cloud-FT,1762,1,1,0,0,0,0,0.8925988078117371
video10,TriClass-Cloud-FT,1763,1,1,0,0,0,0,0.8685022592544556
video10,TriClass-Cloud-FT,1764,1,1,0,0,0,0,0.8712925910949707
video10,TriClass-Cloud-FT,1765,1,1,0,0,0,0,0.8202252984046936
video10,TriClass-Cloud-FT,1766,1,1,0,0,0,0,0.7561985850334167
video10,TriClass-Cloud-FT,1767,1,1,0,0,0,0,0.8509202003479004
video10,TriClass-Cloud-FT,1768,1,1,0,0,0,0,0.8071848750114441
video10,TriClass-Cloud-FT,1769,1,1,0,0,0,0,0.7705420255661011
video10,TriClass-Cloud-FT,1770,1,1,0,0,0,0,0.831139862537384
video10,TriClass-Cloud-FT,1771,1,1,0,0,0,0,0.8709620833396912
video10,TriClass-Cloud-FT,1772,1,1,0,0,0,0,0.8529605865478516
video10,TriClass-Cloud-FT,1773,1,1,0,0,0,0,0.8465028405189514
video10,TriClass-Cloud-FT,1774,1,1,0,0,0,0,0.6507208943367004
video10,TriClass-Cloud-FT,1775,1,1,0,0,0,0,0.8093269467353821
video10,TriClass-Cloud-FT,1776,1,1,0,0,0,0,0.7662599682807922
video10,TriClass-Cloud-FT,1777,1,1,0,0,0,0,0.8541605472564697
video10,TriClass-Cloud-FT,1778,1,1,0,0,0,0,0.8922088146209717
video10,TriClass-Cloud-FT,1779,1,1,0,0,0,0,0.8640395998954773
video10,TriClass-Cloud-FT,1780,1,1,0,0,0,0,0.875802755355835
video10,TriClass-Cloud-FT,1781,1,1,0,0,0,0,0.8728609085083008
video10,TriClass-Cloud-FT,1782,1,1,0,0,0,0,0.8774818181991577
video10,TriClass-Cloud-FT,1783,1,1,0,0,0,0,0.8854159712791443
video10,TriClass-Cloud-FT,1784,1,1,0,0,0,0,0.9023612141609192
video10,TriClass-Cloud-FT,1785,1,1,0,0,0,0,0.9066682457923889
video10,TriClass-Cloud-FT,1786,1,1,0,0,0,0,0.9036510586738586
video10,TriClass-Cloud-FT,1787,1,1,0,0,0,0,0.9155799746513367
video10,TriClass-Cloud-FT,1788,1,1,0,0,0,0,0.9195106029510498
video10,TriClass-Cloud-FT,1789,1,1,0,0,0,0,0.9035077691078186
video10,TriClass-Cloud-FT,1790,1,1,0,0,0,0,0.8946325778961182
video10,TriClass-Cloud-FT,1791,1,1,0,0,0,0,0.8302598595619202
video10,TriClass-Cloud-FT,1792,1,1,0,0,0,0,0.916016697883606
video10,TriClass-Cloud-FT,1793,1,1,0,0,0,0,0.907270073890686
video10,TriClass-Cloud-FT,1794,1,1,0,0,0,0,0.9078019261360168
video10,TriClass-Cloud-FT,1795,1,1,0,0,0,0,0.8956347107887268
video10,TriClass-Cloud-FT,1796,1,1,0,0,0,0,0.8971449732780457
video10,TriClass-Cloud-FT,1797,1,1,0,0,0,0,0.8976287245750427
video10,TriClass-Cloud-FT,1798,1,1,0,0,0,0,0.9060280323028564
video10,TriClass-Cloud-FT,1799,1,1,0,0,0,0,0.8836705088615417
video10,TriClass-Cloud-FT,1800,1,1,0,0,0,0,0.886695921421051
video10,TriClass-Cloud-FT,1801,1,1,0,0,0,0,0.9027140140533447
video10,TriClass-Cloud-FT,1802,1,1,0,0,0,0,0.9025090932846069
video10,TriClass-Cloud-FT,1803,1,1,0,0,0,0,0.8827700614929199
video10,TriClass-Cloud-FT,1804,1,1,0,0,0,0,0.8538786172866821
video10,TriClass-Cloud-FT,1805,1,1,0,0,0,0,0.8568967580795288
video10,TriClass-Cloud-FT,1806,1,1,0,0,0,0,0.8412019610404968
video10,TriClass-Cloud-FT,1807,1,1,0,0,0,0,0.8440441489219666
video10,TriClass-Cloud-FT,1808,1,1,0,0,0,0,0.7895054817199707
video10,TriClass-Cloud-FT,1809,1,1,0,0,0,0,0.8453521728515625
video10,TriClass-Cloud-FT,1810,1,1,0,0,0,0,0.8351450562477112
video10,TriClass-Cloud-FT,1811,1,1,0,0,0,0,0.8579569458961487
video10,TriClass-Cloud-FT,1812,1,1,0,0,0,0,0.8716359734535217
video10,TriClass-Cloud-FT,1813,1,1,0,0,0,0,0.8724146485328674
video10,TriClass-Cloud-FT,1814,1,1,0,0,0,0,0.8872435092926025
video10,TriClass-Cloud-FT,1815,1,1,0,0,0,0,0.9008681774139404
video10,TriClass-Cloud-FT,1816,1,1,0,0,0,0,0.8804347515106201
video10,TriClass-Cloud-FT,1817,1,1,0,0,0,0,0.8773654699325562
video10,TriClass-Cloud-FT,1818,1,1,0,0,0,0,0.8851175904273987
video10,TriClass-Cloud-FT,1819,1,1,0,0,0,0,0.8889742493629456
video10,TriClass-Cloud-FT,1820,1,1,0,0,0,0,0.8852714896202087
video10,TriClass-Cloud-FT,1821,1,1,0,0,0,0,0.8831783533096313
video10,TriClass-Cloud-FT,1822,1,1,0,0,0,0,0.8790549635887146
video10,TriClass-Cloud-FT,1823,1,1,0,0,0,0,0.8797622919082642
video10,TriClass-Cloud-FT,1824,1,1,0,0,0,0,0.8676873445510864
video10,TriClass-Cloud-FT,1825,1,1,0,0,0,0,0.8580814003944397
video10,TriClass-Cloud-FT,1826,1,1,0,0,0,0,0.8599858283996582
video10,TriClass-Cloud-FT,1827,1,1,0,0,0,0,0.8587350845336914
video10,TriClass-Cloud-FT,1828,1,1,0,0,0,0,0.8695234060287476
video10,TriClass-Cloud-FT,1829,1,1,0,0,0,0,0.8795310854911804
video10,TriClass-Cloud-FT,1830,1,1,0,0,0,0,0.8889532089233398
video10,TriClass-Cloud-FT,1831,1,1,0,0,0,0,0.8922353982925415
video10,TriClass-Cloud-FT,1832,1,1,0,0,0,0,0.8960307836532593
video10,TriClass-Cloud-FT,1833,1,1,0,0,0,0,0.8921574950218201
video10,TriClass-Cloud-FT,1834,1,1,0,0,0,0,0.8874377012252808
video10,TriClass-Cloud-FT,1835,2,2,0,0,0,0,0.5927391648292542
video10,TriClass-Cloud-FT,1836,1,1,0,0,0,0,0.8730961084365845
video10,TriClass-Cloud-FT,1837,1,1,0,0,0,0,0.9010244607925415
video10,TriClass-Cloud-FT,1838,1,1,0,0,0,0,0.8964811563491821
video10,TriClass-Cloud-FT,1839,1,1,0,0,0,0,0.8994309306144714
video10,TriClass-Cloud-FT,1840,1,1,0,0,0,0,0.8944492340087891
video10,TriClass-Cloud-FT,1841,1,1,0,0,0,0,0.8551134467124939
video10,TriClass-Cloud-FT,1842,1,1,0,0,0,0,0.8854592442512512
video10,TriClass-Cloud-FT,1843,1,1,0,0,0,0,0.8955533504486084
video10,TriClass-Cloud-FT,1844,1,1,0,0,0,0,0.8814067244529724
video10,TriClass-Cloud-FT,1845,1,1,0,0,0,0,0.8880760073661804
video10,TriClass-Cloud-FT,1846,1,1,0,0,0,0,0.9064918756484985
video10,TriClass-Cloud-FT,1847,1,1,0,0,0,0,0.9069762825965881
video10,TriClass-Cloud-FT,1848,1,1,0,0,0,0,0.8943303823471069
video10,TriClass-Cloud-FT,1849,1,1,0,0,0,0,0.8843839168548584
video10,TriClass-Cloud-FT,1850,1,1,0,0,0,0,0.8970376253128052
video10,TriClass-Cloud-FT,1851,1,1,0,0,0,0,0.902580738067627
video10,TriClass-Cloud-FT,1852,1,1,0,0,0,0,0.9041143655776978
video10,TriClass-Cloud-FT,1853,1,1,0,0,0,0,0.9001220464706421
video10,TriClass-Cloud-FT,1854,1,1,0,0,0,0,0.9027828574180603
video10,TriClass-Cloud-FT,1855,1,1,0,0,0,0,0.8985617756843567
video10,TriClass-Cloud-FT,1856,1,1,0,0,0,0,0.8883066773414612
video10,TriClass-Cloud-FT,1857,1,1,0,0,0,0,0.8885250687599182
video10,TriClass-Cloud-FT,1858,1,1,0,0,0,0,0.8860666155815125
video10,TriClass-Cloud-FT,1859,1,1,0,0,0,0,0.8824363946914673
video10,TriClass-Cloud-FT,1860,1,1,0,0,0,0,0.8879925608634949
video10,TriClass-Cloud-FT,1861,1,1,0,0,0,0,0.890169084072113
video10,TriClass-Cloud-FT,1862,1,1,0,0,0,0,0.9061756730079651
video10,TriClass-Cloud-FT,1863,1,1,0,0,0,0,0.8994110226631165
video10,TriClass-Cloud-FT,1864,1,1,0,0,0,0,0.890613853931427
video10,TriClass-Cloud-FT,1865,1,1,0,0,0,0,0.8902766704559326
video10,TriClass-Cloud-FT,1866,1,1,0,0,0,0,0.8919408917427063
video10,TriClass-Cloud-FT,1867,1,1,0,0,0,0,0.8985704183578491
video10,TriClass-Cloud-FT,1868,1,1,0,0,0,0,0.9067844152450562
video10,TriClass-Cloud-FT,1869,1,1,0,0,0,0,0.7720246315002441
video10,TriClass-Cloud-FT,1870,1,1,0,0,0,0,0.9131267666816711
video10,TriClass-Cloud-FT,1871,1,1,0,0,0,0,0.8983113169670105
video10,TriClass-Cloud-FT,1872,1,1,0,0,0,0,0.8904790282249451
video10,TriClass-Cloud-FT,1873,1,1,0,0,0,0,0.8316847085952759
video10,TriClass-Cloud-FT,1874,1,1,0,0,0,0,0.8797382712364197
video10,TriClass-Cloud-FT,1875,1,1,0,0,0,0,0.8772247433662415
video10,TriClass-Cloud-FT,1876,1,1,0,0,0,0,0.8806804418563843
video10,TriClass-Cloud-FT,1877,1,1,0,0,0,0,0.8714534044265747
video10,TriClass-Cloud-FT,1878,1,1,0,0,0,0,0.8734749555587769
video10,TriClass-Cloud-FT,1879,1,1,0,0,0,0,0.8792673349380493
video10,TriClass-Cloud-FT,1880,1,1,0,0,0,0,0.8810027837753296
video10,TriClass-Cloud-FT,1881,1,1,0,0,0,0,0.8748973608016968
video10,TriClass-Cloud-FT,1882,1,1,0,0,0,0,0.8841899633407593
video10,TriClass-Cloud-FT,1883,1,1,0,0,0,0,0.8770983219146729
video10,TriClass-Cloud-FT,1884,1,1,0,0,0,0,0.8703826665878296
video10,TriClass-Cloud-FT,1885,1,1,0,0,0,0,0.8827885389328003
video10,TriClass-Cloud-FT,1886,1,1,0,0,0,0,0.8759788274765015
video10,TriClass-Cloud-FT,1887,1,1,0,0,0,0,0.7191423177719116
video10,TriClass-Cloud-FT,1888,2,2,0,0,0,0,0.7658106684684753
video10,TriClass-Cloud-FT,1889,1,1,0,0,0,0,0.8657271862030029
video10,TriClass-Cloud-FT,1890,1,1,0,0,0,0,0.8479729294776917
video10,TriClass-Cloud-FT,1891,1,1,0,0,0,0,0.8501898050308228
video10,TriClass-Cloud-FT,1892,1,1,0,0,0,0,0.8542448282241821
video10,TriClass-Cloud-FT,1893,1,1,0,0,0,0,0.6983352899551392
video10,TriClass-Cloud-FT,1894,2,2,0,0,0,0,0.5410844087600708
video10,TriClass-Cloud-FT,1895,2,2,0,0,1,0,0.7002105712890625
video10,TriClass-Cloud-FT,1896,1,1,0,0,0,0,0.8044235706329346
video10,TriClass-Cloud-FT,1897,1,1,0,0,0,0,0.8715275526046753
video10,TriClass-Cloud-FT,1898,1,1,0,0,0,0,0.8479059934616089
video10,TriClass-Cloud-FT,1899,1,1,0,0,0,0,0.8381222486495972
video10,TriClass-Cloud-FT,1900,1,1,0,0,0,0,0.7446697354316711
video10,TriClass-Cloud-FT,1901,1,1,0,0,0,0,0.8096930384635925
video10,TriClass-Cloud-FT,1902,1,1,0,0,0,0,0.7965673804283142
video10,TriClass-Cloud-FT,1903,1,1,0,0,0,0,0.814230740070343
video10,TriClass-Cloud-FT,1904,1,1,0,0,0,0,0.734953761100769
video10,TriClass-Cloud-FT,1905,1,1,0,0,0,0,0.7344509363174438
video10,TriClass-Cloud-FT,1906,1,1,0,0,0,0,0.8250288367271423
video10,TriClass-Cloud-FT,1907,1,1,0,0,0,0,0.8316107988357544
video10,TriClass-Cloud-FT,1908,1,1,0,0,0,0,0.8442938923835754
video10,TriClass-Cloud-FT,1909,1,1,0,0,0,0,0.8707592487335205
video10,TriClass-Cloud-FT,1910,1,1,0,0,0,0,0.8706908822059631
video10,TriClass-Cloud-FT,1911,1,1,0,0,0,0,0.8721094727516174
video10,TriClass-Cloud-FT,1912,1,1,0,0,0,0,0.8582381010055542
video10,TriClass-Cloud-FT,1913,1,1,0,0,0,0,0.8883155584335327
video10,TriClass-Cloud-FT,1914,1,1,0,0,0,0,0.8837613463401794
video10,TriClass-Cloud-FT,1915,1,1,0,0,0,0,0.8935636878013611
video10,TriClass-Cloud-FT,1916,1,1,0,0,0,0,0.8389147520065308
video10,TriClass-Cloud-FT,1917,1,1,0,0,0,0,0.7675656676292419
video10,TriClass-Cloud-FT,1918,1,1,0,0,0,0,0.8997378945350647
video10,TriClass-Cloud-FT,1919,1,1,0,0,0,0,0.8872544169425964
video10,TriClass-Cloud-FT,1920,1,1,0,0,0,0,0.8657194972038269
video10,TriClass-Cloud-FT,1921,1,1,0,0,0,0,0.8958616256713867
video10,TriClass-Cloud-FT,1922,1,1,0,0,0,0,0.89146888256073
video10,TriClass-Cloud-FT,1923,1,1,0,0,0,0,0.8982677459716797
video10,TriClass-Cloud-FT,1924,1,1,0,0,0,0,0.8946410417556763
video10,TriClass-Cloud-FT,1925,1,1,0,0,0,0,0.9150798916816711
video10,TriClass-Cloud-FT,1926,1,1,0,0,0,0,0.8908905982971191
video10,TriClass-Cloud-FT,1927,1,1,0,0,0,0,0.8824678659439087
video10,TriClass-Cloud-FT,1928,1,1,0,0,0,0,0.8837482929229736
video10,TriClass-Cloud-FT,1929,1,1,0,0,0,0,0.9033147692680359
video10,TriClass-Cloud-FT,1930,1,1,0,0,0,0,0.9068611264228821
video10,TriClass-Cloud-FT,1931,1,1,0,0,0,0,0.8870056867599487
video10,TriClass-Cloud-FT,1932,1,1,0,0,0,0,0.8968011736869812
video10,TriClass-Cloud-FT,1933,1,1,0,0,0,0,0.43476733565330505
video10,TriClass-Cloud-FT,1934,1,1,0,0,0,0,0.8854189515113831
video10,TriClass-Cloud-FT,1935,1,1,0,0,0,0,0.8926791548728943
video10,TriClass-Cloud-FT,1936,1,1,0,0,0,0,0.9112302660942078
video10,TriClass-Cloud-FT,1937,1,1,0,0,0,0,0.9148174524307251
video10,TriClass-Cloud-FT,1938,1,1,0,0,0,0,0.9013949036598206
video10,TriClass-Cloud-FT,1939,1,1,0,0,0,0,0.8997185826301575
video10,TriClass-Cloud-FT,1940,1,1,0,0,0,0,0.9067828059196472
video10,TriClass-Cloud-FT,1941,1,1,0,0,0,0,0.9264046549797058
video10,TriClass-Cloud-FT,1942,1,1,0,0,0,0,0.9119017720222473
video10,TriClass-Cloud-FT,1943,1,1,0,0,0,0,0.9191868901252747
video10,TriClass-Cloud-FT,1944,1,1,0,0,0,0,0.9157131314277649
video10,TriClass-Cloud-FT,1945,1,1,0,0,0,0,0.8990098834037781
video10,TriClass-Cloud-FT,1946,1,1,0,0,0,0,0.9010325074195862
video10,TriClass-Cloud-FT,1947,1,1,0,0,0,0,0.9091854095458984
video10,TriClass-Cloud-FT,1948,1,1,0,0,0,0,0.9212664365768433
video10,TriClass-Cloud-FT,1949,1,1,0,0,0,0,0.8969674110412598
video10,TriClass-Cloud-FT,1950,1,1,0,0,0,0,0.9030226469039917
video10,TriClass-Cloud-FT,1951,1,1,0,0,0,0,0.9087699055671692
video10,TriClass-Cloud-FT,1952,1,1,0,0,0,0,0.9135782718658447
video10,TriClass-Cloud-FT,1953,1,1,0,0,0,0,0.9152525067329407
video10,TriClass-Cloud-FT,1954,1,1,0,0,0,0,0.9062192440032959
video10,TriClass-Cloud-FT,1955,1,1,0,0,0,0,0.9105370044708252
video10,TriClass-Cloud-FT,1956,1,1,0,0,0,0,0.911235511302948
video10,TriClass-Cloud-FT,1957,1,1,0,0,0,0,0.9167190194129944
video10,TriClass-Cloud-FT,1958,1,1,0,0,0,0,0.921549916267395
video10,TriClass-Cloud-FT,1959,1,1,0,0,0,0,0.9104335308074951
video10,TriClass-Cloud-FT,1960,1,1,0,0,0,0,0.9036461710929871
video10,TriClass-Cloud-FT,1961,1,1,0,0,0,0,0.9208195209503174
video10,TriClass-Cloud-FT,1962,1,1,0,0,0,0,0.9367408752441406
video10,TriClass-Cloud-FT,1963,1,1,0,0,0,0,0.9067016839981079
video10,TriClass-Cloud-FT,1964,1,1,0,0,0,0,0.9151316285133362
video10,TriClass-Cloud-FT,1965,1,1,0,0,0,0,0.9216354489326477
video10,TriClass-Cloud-FT,1966,1,1,0,0,0,0,0.9190611839294434
video10,TriClass-Cloud-FT,1967,1,1,0,0,0,0,0.9120005965232849
video10,TriClass-Cloud-FT,1968,1,1,0,0,0,0,0.9140915274620056
video10,TriClass-Cloud-FT,1969,1,1,0,0,0,0,0.9302880167961121
video10,TriClass-Cloud-FT,1970,1,1,0,0,0,0,0.9137915372848511
video10,TriClass-Cloud-FT,1971,1,1,0,0,0,0,0.9302970767021179
video10,TriClass-Cloud-FT,1972,1,1,0,0,0,0,0.930837094783783
video10,TriClass-Cloud-FT,1973,1,1,0,0,0,0,0.9185181856155396
video10,TriClass-Cloud-FT,1974,1,1,0,0,0,0,0.911388635635376
video10,TriClass-Cloud-FT,1975,1,1,0,0,0,0,0.9169855117797852
video10,TriClass-Cloud-FT,1976,1,1,0,0,0,0,0.9095725417137146
video10,TriClass-Cloud-FT,1977,1,1,0,0,0,0,0.9142275452613831
video10,TriClass-Cloud-FT,1978,1,1,0,0,0,0,0.9276946187019348
video10,TriClass-Cloud-FT,1979,1,1,0,0,0,0,0.9205482006072998
video10,TriClass-Cloud-FT,1980,1,1,0,0,0,0,0.9139190316200256
video10,TriClass-Cloud-FT,1981,1,1,0,0,0,0,0.9115058183670044
video10,TriClass-Cloud-FT,1982,1,1,0,0,0,0,0.9139313697814941
video10,TriClass-Cloud-FT,1983,1,1,0,0,0,0,0.89990234375
video10,TriClass-Cloud-FT,1984,1,1,0,0,0,0,0.9207276701927185
video10,TriClass-Cloud-FT,1985,1,1,0,0,0,0,0.9229013919830322
video10,TriClass-Cloud-FT,1986,1,1,0,0,0,0,0.9249249696731567
video10,TriClass-Cloud-FT,1987,1,1,0,0,0,0,0.9130319356918335
video10,TriClass-Cloud-FT,1988,1,1,0,0,0,0,0.9111853837966919
video10,TriClass-Cloud-FT,1989,1,1,0,0,0,0,0.8579760193824768
video10,TriClass-Cloud-FT,1990,1,1,0,0,0,0,0.906318724155426
video10,TriClass-Cloud-FT,1991,1,1,0,0,0,0,0.9265739917755127
video10,TriClass-Cloud-FT,1992,1,1,0,0,0,0,0.9305819272994995
video10,TriClass-Cloud-FT,1993,1,1,0,0,0,0,0.9225580096244812
video10,TriClass-Cloud-FT,1994,1,1,0,0,0,0,0.9140660166740417
video10,TriClass-Cloud-FT,1995,1,1,0,0,0,0,0.9209083914756775
video10,TriClass-Cloud-FT,1996,1,1,0,0,0,0,0.9334337115287781
video10,TriClass-Cloud-FT,1997,1,1,0,0,0,0,0.9151979088783264
video10,TriClass-Cloud-FT,1998,1,1,0,0,0,0,0.9211028218269348
video10,TriClass-Cloud-FT,1999,1,1,0,0,0,0,0.9377878308296204
video10,TriClass-Cloud-FT,2000,1,1,0,0,0,0,0.9323473572731018
video10,TriClass-Cloud-FT,2001,1,1,0,0,0,0,0.9428035616874695
video10,TriClass-Cloud-FT,2002,1,1,0,0,0,0,0.9358096718788147
video10,TriClass-Cloud-FT,2003,1,1,0,0,0,0,0.9304731488227844
video10,TriClass-Cloud-FT,2004,1,1,0,0,0,0,0.9340410828590393
video10,TriClass-Cloud-FT,2005,1,1,0,0,0,0,0.93134605884552
video10,TriClass-Cloud-FT,2006,1,1,0,0,0,0,0.9278806447982788
video10,TriClass-Cloud-FT,2007,1,1,0,0,0,0,0.9264817833900452
video10,TriClass-Cloud-FT,2008,1,1,0,0,0,0,0.9287938475608826
video10,TriClass-Cloud-FT,2009,1,1,0,0,0,0,0.9272279143333435
video10,TriClass-Cloud-FT,2010,1,1,0,0,0,0,0.9298431873321533
video10,TriClass-Cloud-FT,2011,1,1,0,0,0,0,0.9316396117210388
video10,TriClass-Cloud-FT,2012,1,1,0,0,0,0,0.9317917227745056
video10,TriClass-Cloud-FT,2013,1,1,0,0,0,0,0.9302962422370911
video10,TriClass-Cloud-FT,2014,1,1,0,0,0,0,0.9309327602386475
video10,TriClass-Cloud-FT,2015,1,1,0,0,0,0,0.9260687828063965
video10,TriClass-Cloud-FT,2016,1,1,0,0,0,0,0.9219968914985657
video10,TriClass-Cloud-FT,2017,1,1,0,0,0,0,0.9281495213508606
video10,TriClass-Cloud-FT,2018,1,1,0,0,0,0,0.9330025315284729
video10,TriClass-Cloud-FT,2019,1,1,0,0,0,0,0.9279809594154358
video10,TriClass-Cloud-FT,2020,1,1,0,0,0,0,0.933735191822052
video10,TriClass-Cloud-FT,2021,1,1,0,0,0,0,0.9254385232925415
video10,TriClass-Cloud-FT,2022,1,1,0,0,0,0,0.9197591543197632
video10,TriClass-Cloud-FT,2023,1,1,0,0,0,0,0.9123516082763672
video10,TriClass-Cloud-FT,2024,1,1,0,0,0,0,0.9135314226150513
video10,TriClass-Cloud-FT,2025,1,1,0,0,0,0,0.9211422204971313
video10,TriClass-Cloud-FT,2026,1,1,0,0,0,0,0.9241427183151245
video10,TriClass-Cloud-FT,2027,1,1,0,0,0,0,0.9180286526679993
video10,TriClass-Cloud-FT,2028,1,1,0,0,0,0,0.9213874340057373
video10,TriClass-Cloud-FT,2029,1,1,0,0,0,0,0.9252336621284485
video10,TriClass-Cloud-FT,2030,1,1,0,0,0,0,0.9227523803710938
video10,TriClass-Cloud-FT,2031,1,1,0,0,0,0,0.9216706156730652
video10,TriClass-Cloud-FT,2032,1,1,0,0,0,0,0.8871974349021912
video10,TriClass-Cloud-FT,2033,1,1,0,0,0,0,0.9166781306266785
video10,TriClass-Cloud-FT,2034,1,1,0,0,0,0,0.9158310890197754
video10,TriClass-Cloud-FT,2035,1,1,0,0,0,0,0.9128619432449341
video10,TriClass-Cloud-FT,2036,1,1,0,0,0,0,0.9266675710678101
video10,TriClass-Cloud-FT,2037,1,1,0,0,0,0,0.9214252233505249
video10,TriClass-Cloud-FT,2038,1,1,0,0,0,0,0.9274154305458069
video10,TriClass-Cloud-FT,2039,1,1,0,0,0,0,0.9189603328704834
video10,TriClass-Cloud-FT,2040,1,1,0,0,0,0,0.903663694858551
video10,TriClass-Cloud-FT,2041,1,1,0,0,0,0,0.9279729127883911
video10,TriClass-Cloud-FT,2042,1,1,0,0,0,0,0.9231165051460266
video10,TriClass-Cloud-FT,2043,1,1,0,0,0,0,0.9270070195198059
video10,TriClass-Cloud-FT,2044,1,1,0,0,0,0,0.916244626045227
video10,TriClass-Cloud-FT,2045,1,1,0,0,0,0,0.9238957166671753
video10,TriClass-Cloud-FT,2046,1,1,0,0,0,0,0.9256767630577087
video10,TriClass-Cloud-FT,2047,1,1,0,0,0,0,0.9240965247154236
video10,TriClass-Cloud-FT,2048,1,1,0,0,0,0,0.918742299079895
video10,TriClass-Cloud-FT,2049,1,1,0,0,0,0,0.9169539213180542
video10,TriClass-Cloud-FT,2050,1,1,0,0,0,0,0.9228523373603821
video10,TriClass-Cloud-FT,2051,1,1,0,0,0,0,0.9211794137954712
video10,TriClass-Cloud-FT,2052,1,1,0,0,0,0,0.9211999773979187
video10,TriClass-Cloud-FT,2053,1,1,0,0,0,0,0.9203994274139404
video10,TriClass-Cloud-FT,2054,1,1,0,0,0,0,0.9170772433280945
video10,TriClass-Cloud-FT,2055,1,1,0,0,0,0,0.9181461930274963
video10,TriClass-Cloud-FT,2056,1,1,0,0,0,0,0.916498601436615
video10,TriClass-Cloud-FT,2057,1,1,0,0,0,0,0.9012342095375061
video10,TriClass-Cloud-FT,2058,1,1,0,0,0,0,0.9011158347129822
video10,TriClass-Cloud-FT,2059,1,1,0,0,0,0,0.9053808450698853
video10,TriClass-Cloud-FT,2060,1,1,0,0,0,0,0.8975364565849304
video10,TriClass-Cloud-FT,2061,1,1,0,0,0,0,0.9109766483306885
video10,TriClass-Cloud-FT,2062,1,1,0,0,0,0,0.9144430756568909
video10,TriClass-Cloud-FT,2063,1,1,0,0,0,0,0.9143054485321045
video10,TriClass-Cloud-FT,2064,1,1,0,0,0,0,0.9071908593177795
video10,TriClass-Cloud-FT,2065,1,1,0,0,0,0,0.9128997921943665
video10,TriClass-Cloud-FT,2066,1,1,0,0,0,0,0.9167222380638123
video10,TriClass-Cloud-FT,2067,1,1,0,0,0,0,0.911237895488739
video10,TriClass-Cloud-FT,2068,1,1,0,0,0,0,0.9003295302391052
video10,TriClass-Cloud-FT,2069,1,1,0,0,0,0,0.8974367380142212
video10,TriClass-Cloud-FT,2070,1,1,0,0,0,0,0.8696110248565674
video10,TriClass-Cloud-FT,2071,1,1,0,0,0,0,0.8994870185852051
video10,TriClass-Cloud-FT,2072,1,1,0,0,0,0,0.8994145393371582
video10,TriClass-Cloud-FT,2073,1,1,0,0,0,0,0.9083890914916992
video10,TriClass-Cloud-FT,2074,1,1,0,0,0,0,0.9033457040786743
video10,TriClass-Cloud-FT,2075,1,1,0,0,0,0,0.9099192023277283
video10,TriClass-Cloud-FT,2076,1,1,0,0,0,0,0.9303455948829651
video10,TriClass-Cloud-FT,2077,1,1,0,0,0,0,0.9117758870124817
video10,TriClass-Cloud-FT,2078,1,1,0,0,0,0,0.8955341577529907
video10,TriClass-Cloud-FT,2079,1,1,0,0,0,0,0.8718165159225464
video10,TriClass-Cloud-FT,2080,1,1,0,0,0,0,0.884108304977417
video10,TriClass-Cloud-FT,2081,1,1,0,0,0,0,0.8813662528991699
video10,TriClass-Cloud-FT,2082,1,1,0,0,0,0,0.8918816447257996
video10,TriClass-Cloud-FT,2083,1,1,0,0,0,0,0.9034079313278198
video10,TriClass-Cloud-FT,2084,1,1,0,0,0,0,0.9046034812927246
video10,TriClass-Cloud-FT,2085,1,1,0,0,0,0,0.9035137295722961
video10,TriClass-Cloud-FT,2086,1,1,0,0,0,0,0.9025430679321289
video10,TriClass-Cloud-FT,2087,1,1,0,0,0,0,0.9072778820991516
video10,TriClass-Cloud-FT,2088,1,1,0,0,0,0,0.904688835144043
video10,TriClass-Cloud-FT,2089,1,1,0,0,0,0,0.918545663356781
video10,TriClass-Cloud-FT,2090,1,1,0,0,0,0,0.8975062966346741
video10,TriClass-Cloud-FT,2091,1,1,0,0,0,0,0.8431949019432068
video10,TriClass-Cloud-FT,2092,1,1,0,0,0,0,0.897679328918457
video10,TriClass-Cloud-FT,2093,1,1,0,0,0,0,0.9098132252693176
video10,TriClass-Cloud-FT,2094,1,1,0,0,0,0,0.9121989607810974
video10,TriClass-Cloud-FT,2095,1,1,0,0,0,0,0.9146180748939514
video10,TriClass-Cloud-FT,2096,1,1,0,0,0,0,0.911444902420044
video10,TriClass-Cloud-FT,2097,1,1,0,0,0,0,0.9205046892166138
video10,TriClass-Cloud-FT,2098,1,1,0,0,0,0,0.9195018410682678
video10,TriClass-Cloud-FT,2099,1,1,0,0,0,0,0.918136477470398
video10,TriClass-Cloud-FT,2100,1,1,0,0,0,0,0.9205118417739868
video10,TriClass-Cloud-FT,2101,1,1,0,0,0,0,0.9231447577476501
video10,TriClass-Cloud-FT,2102,1,1,0,0,0,0,0.9283497333526611
video10,TriClass-Cloud-FT,2103,1,1,0,0,0,0,0.9262625575065613
video10,TriClass-Cloud-FT,2104,1,1,0,0,0,0,0.9168105125427246
video10,TriClass-Cloud-FT,2105,1,1,0,0,0,0,0.9264357686042786
video10,TriClass-Cloud-FT,2106,1,1,0,0,0,0,0.9278426766395569
video10,TriClass-Cloud-FT,2107,1,1,0,0,0,0,0.9243617653846741
video10,TriClass-Cloud-FT,2108,1,1,0,0,0,0,0.9212779402732849
video10,TriClass-Cloud-FT,2109,1,1,0,0,0,0,0.9260439276695251
video10,TriClass-Cloud-FT,2110,1,1,0,0,0,0,0.9165591597557068
video10,TriClass-Cloud-FT,2111,1,1,0,0,0,0,0.9273812770843506
video10,TriClass-Cloud-FT,2112,1,1,0,0,0,0,0.9203504920005798
video10,TriClass-Cloud-FT,2113,1,1,0,0,0,0,0.9163735508918762
video10,TriClass-Cloud-FT,2114,1,1,0,0,0,0,0.9247025847434998
video10,TriClass-Cloud-FT,2115,1,1,0,0,0,0,0.9155800938606262
video10,TriClass-Cloud-FT,2116,1,1,0,0,0,0,0.9162160158157349
video10,TriClass-Cloud-FT,2117,1,1,0,0,0,0,0.9211490750312805
video10,TriClass-Cloud-FT,2118,1,1,0,0,0,0,0.8980478048324585
video10,TriClass-Cloud-FT,2119,1,1,0,0,0,0,0.9249371290206909
video10,TriClass-Cloud-FT,2120,1,1,0,0,0,0,0.9262882471084595
video10,TriClass-Cloud-FT,2121,1,1,0,0,0,0,0.9308372139930725
video10,TriClass-Cloud-FT,2122,1,1,0,0,0,0,0.9261181950569153
video10,TriClass-Cloud-FT,2123,1,1,0,0,0,0,0.9258348345756531
video10,TriClass-Cloud-FT,2124,1,1,0,0,0,0,0.9292227029800415
video10,TriClass-Cloud-FT,2125,1,1,0,0,0,0,0.9407181739807129
video10,TriClass-Cloud-FT,2126,1,1,0,0,0,0,0.9343023300170898
video10,TriClass-Cloud-FT,2127,1,1,0,0,0,0,0.9144788980484009
video10,TriClass-Cloud-FT,2128,1,1,0,0,0,0,0.9038958549499512
video10,TriClass-Cloud-FT,2129,1,1,0,0,0,0,0.9099524021148682
video10,TriClass-Cloud-FT,2130,1,1,0,0,0,0,0.9076921939849854
video10,TriClass-Cloud-FT,2131,1,1,0,0,0,0,0.9037091732025146
video10,TriClass-Cloud-FT,2132,1,1,0,0,0,0,0.9018740057945251
video10,TriClass-Cloud-FT,2133,1,1,0,0,0,0,0.9109170436859131
video10,TriClass-Cloud-FT,2134,1,1,0,0,0,0,0.9075358510017395
video10,TriClass-Cloud-FT,2135,1,1,0,0,0,0,0.8934182524681091
video10,TriClass-Cloud-FT,2136,1,1,0,0,0,0,0.9045677781105042
video10,TriClass-Cloud-FT,2137,1,1,0,0,0,0,0.9176231622695923
video10,TriClass-Cloud-FT,2138,1,1,0,0,0,0,0.9139261245727539
video10,TriClass-Cloud-FT,2139,1,1,0,0,0,0,0.9036397337913513
video10,TriClass-Cloud-FT,2140,1,1,0,0,0,0,0.9104014039039612
video10,TriClass-Cloud-FT,2141,1,1,0,0,0,0,0.9140459299087524
video10,TriClass-Cloud-FT,2142,1,1,0,0,0,0,0.907138466835022
video10,TriClass-Cloud-FT,2143,1,1,0,0,0,0,0.9120858907699585
video10,TriClass-Cloud-FT,2144,1,1,0,0,0,0,0.9160726070404053
video10,TriClass-Cloud-FT,2145,1,1,0,0,0,0,0.919836699962616
video10,TriClass-Cloud-FT,2146,1,1,0,0,0,0,0.9002240300178528
video10,TriClass-Cloud-FT,2147,1,1,0,0,0,0,0.9203310012817383
video10,TriClass-Cloud-FT,2148,1,1,0,0,0,0,0.9114901423454285
video10,TriClass-Cloud-FT,2149,1,1,0,0,0,0,0.9119613170623779
video10,TriClass-Cloud-FT,2150,1,1,0,0,0,0,0.9038916230201721
video10,TriClass-Cloud-FT,2151,1,1,0,0,0,0,0.9160933494567871
video10,TriClass-Cloud-FT,2152,1,1,0,0,0,0,0.9173413515090942
video10,TriClass-Cloud-FT,2153,1,1,0,0,0,0,0.903444230556488
video10,TriClass-Cloud-FT,2154,1,1,0,0,0,0,0.9097182750701904
video10,TriClass-Cloud-FT,2155,1,1,0,0,0,0,0.9087372422218323
video10,TriClass-Cloud-FT,2156,1,1,0,0,0,0,0.9226804375648499
video10,TriClass-Cloud-FT,2157,1,1,0,0,0,0,0.9305566549301147
video10,TriClass-Cloud-FT,2158,1,1,0,0,0,0,0.9248299598693848
video10,TriClass-Cloud-FT,2159,1,1,0,0,0,0,0.9269405603408813
video10,TriClass-Cloud-FT,2160,1,1,0,0,0,0,0.9185391068458557
video10,TriClass-Cloud-FT,2161,1,1,0,0,0,0,0.9269425868988037
video10,TriClass-Cloud-FT,2162,1,1,0,0,0,0,0.9284997582435608
video10,TriClass-Cloud-FT,2163,1,1,0,0,0,0,0.9320035576820374
video10,TriClass-Cloud-FT,2164,1,1,0,0,0,0,0.9289191365242004
video10,TriClass-Cloud-FT,2165,1,1,0,0,0,0,0.9180176258087158
video10,TriClass-Cloud-FT,2166,1,1,0,0,0,0,0.9129049777984619
video10,TriClass-Cloud-FT,2167,1,1,0,0,0,0,0.9022334814071655
video10,TriClass-Cloud-FT,2168,1,1,0,0,0,0,0.9080758094787598
video10,TriClass-Cloud-FT,2169,1,1,0,0,0,0,0.9132094979286194
video10,TriClass-Cloud-FT,2170,1,1,0,0,0,0,0.9068508744239807
video10,TriClass-Cloud-FT,2171,1,1,0,0,0,0,0.9082172513008118
video10,TriClass-Cloud-FT,2172,1,1,0,0,0,0,0.8996925950050354
video10,TriClass-Cloud-FT,2173,1,1,0,0,0,0,0.9106951355934143
video10,TriClass-Cloud-FT,2174,1,1,0,0,0,0,0.9080142378807068
video10,TriClass-Cloud-FT,2175,1,1,0,0,0,0,0.9145029783248901
video10,TriClass-Cloud-FT,2176,1,1,0,0,0,0,0.9176280498504639
video10,TriClass-Cloud-FT,2177,1,1,0,0,0,0,0.9201118350028992
video10,TriClass-Cloud-FT,2178,1,1,0,0,0,0,0.9202525615692139
video10,TriClass-Cloud-FT,2179,1,1,0,0,0,0,0.9206670522689819
video10,TriClass-Cloud-FT,2180,1,1,0,0,0,0,0.918654203414917
video10,TriClass-Cloud-FT,2181,1,1,0,0,0,0,0.9151526093482971
video10,TriClass-Cloud-FT,2182,1,1,0,0,0,0,0.9203537106513977
video10,TriClass-Cloud-FT,2183,1,1,0,0,0,0,0.922386884689331
video10,TriClass-Cloud-FT,2184,1,1,0,0,0,0,0.9189409017562866
video10,TriClass-Cloud-FT,2185,1,1,0,0,0,0,0.9209272861480713
video10,TriClass-Cloud-FT,2186,1,1,0,0,0,0,0.9194825887680054
video10,TriClass-Cloud-FT,2187,1,1,0,0,0,0,0.9231625199317932
video10,TriClass-Cloud-FT,2188,1,1,0,0,0,0,0.9259337782859802
video10,TriClass-Cloud-FT,2189,1,1,0,0,0,0,0.9262740015983582
video10,TriClass-Cloud-FT,2190,1,1,0,0,0,0,0.9087043404579163
video10,TriClass-Cloud-FT,2191,1,1,0,0,0,0,0.8673672676086426
video10,TriClass-Cloud-FT,2192,1,1,0,0,0,0,0.8981194496154785
video10,TriClass-Cloud-FT,2193,1,1,0,0,0,0,0.8968176245689392
video10,TriClass-Cloud-FT,2194,1,1,0,0,0,0,0.9004607796669006
video10,TriClass-Cloud-FT,2195,1,1,0,0,0,0,0.9080823063850403
video10,TriClass-Cloud-FT,2196,1,1,0,0,0,0,0.9095014333724976
video10,TriClass-Cloud-FT,2197,1,1,0,0,0,0,0.9087627530097961
video10,TriClass-Cloud-FT,2198,1,1,0,0,0,0,0.9134973883628845
video10,TriClass-Cloud-FT,2199,1,1,0,0,0,0,0.9146180748939514
video10,TriClass-Cloud-FT,2200,1,1,0,0,0,0,0.9129424095153809
video10,TriClass-Cloud-FT,2201,1,1,0,0,0,0,0.9070688486099243
video10,TriClass-Cloud-FT,2202,1,1,0,0,0,0,0.8964850902557373
video10,TriClass-Cloud-FT,2203,1,1,0,0,0,0,0.8966665863990784
video10,TriClass-Cloud-FT,2204,1,1,0,0,0,0,0.8969818353652954
video10,TriClass-Cloud-FT,2205,1,1,0,0,0,0,0.9027044773101807
video10,TriClass-Cloud-FT,2206,1,1,0,0,0,0,0.901929497718811
video10,TriClass-Cloud-FT,2207,1,1,0,0,0,0,0.8956477046012878
video10,TriClass-Cloud-FT,2208,1,1,0,0,0,0,0.9015842080116272
video10,TriClass-Cloud-FT,2209,1,1,0,0,0,0,0.9086131453514099
video10,TriClass-Cloud-FT,2210,1,1,0,0,0,0,0.9127566814422607
video10,TriClass-Cloud-FT,2211,1,1,0,0,0,0,0.9120975732803345
video10,TriClass-Cloud-FT,2212,1,1,0,0,0,0,0.9081265330314636
video10,TriClass-Cloud-FT,2213,1,1,0,0,0,0,0.9158855080604553
video10,TriClass-Cloud-FT,2214,1,1,0,0,0,0,0.918380618095398
video10,TriClass-Cloud-FT,2215,1,1,0,0,0,0,0.920669436454773
video10,TriClass-Cloud-FT,2216,1,1,0,0,0,0,0.9239333271980286
video10,TriClass-Cloud-FT,2217,1,1,0,0,0,0,0.9240999817848206
video10,TriClass-Cloud-FT,2218,1,1,0,0,0,0,0.9216036796569824
video10,TriClass-Cloud-FT,2219,1,1,0,0,0,0,0.9243768453598022
video10,TriClass-Cloud-FT,2220,1,1,0,0,0,0,0.9228442311286926
video10,TriClass-Cloud-FT,2221,1,1,0,0,0,0,0.9245834350585938
video10,TriClass-Cloud-FT,2222,1,1,0,0,0,0,0.9274992346763611
video10,TriClass-Cloud-FT,2223,1,1,0,0,0,0,0.9293544888496399
video10,TriClass-Cloud-FT,2224,1,1,0,0,0,0,0.9322901368141174
video10,TriClass-Cloud-FT,2225,1,1,0,0,0,0,0.9343773126602173
video10,TriClass-Cloud-FT,2226,1,1,0,0,0,0,0.934109628200531
video10,TriClass-Cloud-FT,2227,1,1,0,0,0,0,0.9359105229377747
video10,TriClass-Cloud-FT,2228,1,1,0,0,0,0,0.9341714978218079
video10,TriClass-Cloud-FT,2229,1,1,0,0,0,0,0.9338053464889526
video10,TriClass-Cloud-FT,2230,1,1,0,0,0,0,0.9343834519386292
video10,TriClass-Cloud-FT,2231,1,1,0,0,0,0,0.9314823746681213
video10,TriClass-Cloud-FT,2232,1,1,0,0,0,0,0.9309704303741455
video10,TriClass-Cloud-FT,2233,1,1,0,0,0,0,0.9317818284034729
video10,TriClass-Cloud-FT,2234,1,1,0,0,0,0,0.9305927753448486
video10,TriClass-Cloud-FT,2235,1,1,0,0,0,0,0.9305810332298279
video10,TriClass-Cloud-FT,2236,1,1,0,0,0,0,0.9310975670814514
video10,TriClass-Cloud-FT,2237,1,1,0,0,0,0,0.9302018880844116
video10,TriClass-Cloud-FT,2238,1,1,0,0,0,0,0.9281790852546692
video10,TriClass-Cloud-FT,2239,1,1,0,0,0,0,0.9253569841384888
video10,TriClass-Cloud-FT,2240,1,1,0,0,0,0,0.9254578351974487
video10,TriClass-Cloud-FT,2241,1,1,0,0,0,0,0.9280213713645935
video10,TriClass-Cloud-FT,2242,1,1,0,0,0,0,0.9229508638381958
video10,TriClass-Cloud-FT,2243,1,1,0,0,0,0,0.9156655669212341
video10,TriClass-Cloud-FT,2244,1,1,0,0,0,0,0.9232677817344666
video10,TriClass-Cloud-FT,2245,1,1,0,0,0,0,0.9132571816444397
video10,TriClass-Cloud-FT,2246,1,1,0,0,0,0,0.9198459982872009
video10,TriClass-Cloud-FT,2247,1,1,0,0,0,0,0.916562557220459
video10,TriClass-Cloud-FT,2248,1,1,0,0,0,0,0.9070386290550232
video10,TriClass-Cloud-FT,2249,1,1,0,0,0,0,0.907732367515564
video10,TriClass-Cloud-FT,2250,1,1,0,0,0,0,0.9121657013893127
video10,TriClass-Cloud-FT,2251,1,1,0,0,0,0,0.8851332664489746
video10,TriClass-Cloud-FT,2252,1,1,0,0,0,0,0.8975127935409546
video10,TriClass-Cloud-FT,2253,1,1,0,0,0,0,0.9054466485977173
video10,TriClass-Cloud-FT,2254,1,1,0,0,0,0,0.9212929606437683
video10,TriClass-Cloud-FT,2255,1,1,0,0,0,0,0.9247534871101379
video10,TriClass-Cloud-FT,2256,1,1,0,0,0,0,0.9168939590454102
video10,TriClass-Cloud-FT,2257,1,1,0,0,0,0,0.9199270009994507
video10,TriClass-Cloud-FT,2258,1,1,0,0,0,0,0.9110347032546997
video10,TriClass-Cloud-FT,2259,1,1,0,0,0,0,0.8965073823928833
video10,TriClass-Cloud-FT,2260,1,1,0,0,0,0,0.922153890132904
video10,TriClass-Cloud-FT,2261,1,1,0,0,0,0,0.9418259263038635
video10,TriClass-Cloud-FT,2262,1,1,0,0,0,0,0.9411114454269409
video10,TriClass-Cloud-FT,2263,1,1,0,0,0,0,0.9373433589935303
video10,TriClass-Cloud-FT,2264,1,1,0,0,0,0,0.9250615239143372
video10,TriClass-Cloud-FT,2265,1,1,0,0,0,0,0.9112268090248108
video10,TriClass-Cloud-FT,2266,1,1,0,0,0,0,0.8934027552604675
video10,TriClass-Cloud-FT,2267,1,1,0,0,0,0,0.9123761653900146
video10,TriClass-Cloud-FT,2268,1,1,0,0,0,0,0.9197348356246948
video10,TriClass-Cloud-FT,2269,1,1,0,0,0,0,0.9308164119720459
video10,TriClass-Cloud-FT,2270,1,1,0,0,0,0,0.9236425757408142
video10,TriClass-Cloud-FT,2271,1,1,0,0,0,0,0.9208999872207642
video10,TriClass-Cloud-FT,2272,1,1,0,0,0,0,0.9218095541000366
video10,TriClass-Cloud-FT,2273,1,1,0,0,0,0,0.901418924331665
video10,TriClass-Cloud-FT,2274,1,1,0,0,0,0,0.9103570580482483
video10,TriClass-Cloud-FT,2275,1,1,0,0,0,0,0.9294877052307129
video10,TriClass-Cloud-FT,2276,1,1,0,0,0,0,0.9332537055015564
video10,TriClass-Cloud-FT,2277,1,1,0,0,0,0,0.9123368263244629
video10,TriClass-Cloud-FT,2278,1,1,0,0,0,0,0.8928146362304688
video10,TriClass-Cloud-FT,2279,1,1,0,0,0,0,0.9018456935882568
video10,TriClass-Cloud-FT,2280,1,1,0,0,0,0,0.8864076137542725
video10,TriClass-Cloud-FT,2281,1,1,0,0,0,0,0.8831753730773926
video10,TriClass-Cloud-FT,2282,1,1,0,0,0,0,0.9065018892288208
video10,TriClass-Cloud-FT,2283,1,1,0,0,0,0,0.9051483273506165
video10,TriClass-Cloud-FT,2284,1,1,0,0,0,0,0.8930290937423706
video10,TriClass-Cloud-FT,2285,1,1,0,0,0,0,0.9023321866989136
video10,TriClass-Cloud-FT,2286,1,1,0,0,0,0,0.8450379371643066
video10,TriClass-Cloud-FT,2287,1,1,0,0,0,0,0.90118008852005
video10,TriClass-Cloud-FT,2288,1,1,0,0,0,0,0.9166770577430725
video10,TriClass-Cloud-FT,2289,1,1,0,0,0,0,0.9208166003227234
video10,TriClass-Cloud-FT,2290,1,1,0,0,0,0,0.8985017538070679
video10,TriClass-Cloud-FT,2291,1,1,0,0,0,0,0.9056304097175598
video10,TriClass-Cloud-FT,2292,1,1,0,0,0,0,0.9113757014274597
video10,TriClass-Cloud-FT,2293,1,1,0,0,0,0,0.8892849683761597
video10,TriClass-Cloud-FT,2294,1,1,0,0,0,0,0.9098092913627625
video10,TriClass-Cloud-FT,2295,1,1,0,0,0,0,0.9197794198989868
video10,TriClass-Cloud-FT,2296,1,1,0,0,0,0,0.9081153869628906
video10,TriClass-Cloud-FT,2297,1,1,0,0,0,0,0.892425537109375
video10,TriClass-Cloud-FT,2298,1,1,0,0,0,0,0.9116569757461548
video10,TriClass-Cloud-FT,2299,1,1,0,0,0,0,0.9067443013191223
video10,TriClass-Cloud-FT,2300,1,1,0,0,0,0,0.8958070874214172
video10,TriClass-Cloud-FT,2301,1,1,0,0,0,0,0.8968161344528198
video10,TriClass-Cloud-FT,2302,1,1,0,0,0,0,0.8776952028274536
video10,TriClass-Cloud-FT,2303,1,1,0,0,0,0,0.8769922256469727
video10,TriClass-Cloud-FT,2304,1,1,0,0,0,0,0.8332132697105408
video10,TriClass-Cloud-FT,2305,1,1,0,0,0,0,0.831976056098938
video10,TriClass-Cloud-FT,2306,1,1,0,0,0,0,0.7746370434761047
video10,TriClass-Cloud-FT,2307,1,1,0,0,1,0,0.3421410322189331
video10,TriClass-Cloud-FT,2308,0,0,0,0,0,0,0.0
video10,TriClass-Cloud-FT,2309,0,0,0,0,0,0,0.0
video10,TriClass-Cloud-FT,2310,0,0,0,0,0,0,0.0
video10,TriClass-Cloud-FT,2311,0,0,0,0,0,0,0.0
video10,TriClass-Cloud-FT,2312,0,0,0,0,0,0,0.0
video10,TriClass-Cloud-FT,2313,0,0,0,0,0,0,0.0
video10,TriClass-Cloud-FT,2314,0,0,0,0,0,0,0.0
video10,TriClass-Cloud-FT,2315,0,0,0,0,0,0,0.0
video10,TriClass-Cloud-FT,2316,0,0,0,0,0,0,0.0
video10,TriClass-Cloud-FT,2317,0,0,0,0,0,0,0.0
video10,TriClass-Cloud-FT,2318,0,0,0,0,0,0,0.0
video10,TriClass-Cloud-FT,2319,0,0,0,0,0,0,0.0
video10,TriClass-Cloud-FT,2320,0,0,0,0,0,0,0.0
video10,TriClass-Cloud-FT,2321,0,0,0,0,0,0,0.0
video10,TriClass-Cloud-FT,2322,0,0,0,0,0,0,0.0
video10,TriClass-Cloud-FT,2323,0,0,0,0,0,0,0.0
video10,TriClass-Cloud-FT,2324,0,0,0,0,0,0,0.0
video10,TriClass-Cloud-FT,2325,0,0,0,0,0,0,0.0
video10,TriClass-Cloud-FT,2326,0,0,0,0,0,0,0.0
video10,TriClass-Cloud-FT,2327,0,0,0,0,0,0,0.0
video10,TriClass-Cloud-FT,2328,0,0,0,0,0,0,0.0
video10,TriClass-Cloud-FT,2329,0,0,0,0,0,0,0.0
video10,TriClass-Cloud-FT,2330,0,0,0,0,0,0,0.0
video10,TriClass-Cloud-FT,2331,0,0,0,0,0,0,0.0
video10,TriClass-Cloud-FT,2332,0,0,0,0,0,0,0.0
video10,TriClass-Cloud-FT,2333,0,0,0,0,0,0,0.0
video10,TriClass-Cloud-FT,2334,0,0,0,0,0,0,0.0
video10,TriClass-Cloud-FT,2335,0,0,0,0,0,0,0.0
video10,TriClass-Cloud-FT,2336,0,0,0,0,0,0,0.0
video10,TriClass-Cloud-FT,2337,0,0,0,0,0,0,0.0
video10,TriClass-Cloud-FT,2338,0,0,0,0,0,0,0.0
video10,TriClass-Cloud-FT,2339,0,0,0,0,0,0,0.0
video10,TriClass-Cloud-FT,2340,0,0,0,0,0,0,0.0
video10,TriClass-Cloud-FT,2341,0,0,0,0,0,0,0.0
video10,TriClass-Cloud-FT,2342,0,0,0,0,0,0,0.0
video10,TriClass-Cloud-FT,2343,0,0,0,0,0,0,0.0
video10,TriClass-Cloud-FT,2344,0,0,0,0,0,0,0.0
video10,TriClass-Cloud-FT,2345,0,0,0,0,0,0,0.0
video10,TriClass-Cloud-FT,2346,0,0,0,0,0,0,0.0
video10,TriClass-Cloud-FT,2347,0,0,0,0,0,0,0.0
video10,TriClass-Cloud-FT,2348,0,0,0,0,0,0,0.0
video10,TriClass-Cloud-FT,2349,0,0,0,0,0,0,0.0
video10,TriClass-Cloud-FT,2350,0,0,0,0,0,0,0.0
video10,TriClass-Cloud-FT,2351,0,0,0,0,0,0,0.0
video10,TriClass-Cloud-FT,2352,0,0,0,0,0,0,0.0
video10,TriClass-Cloud-FT,2353,0,0,0,0,0,0,0.0
video10,TriClass-Cloud-FT,2354,0,0,0,0,0,0,0.0
video10,TriClass-Cloud-FT,2355,0,0,0,0,0,0,0.0
video10,TriClass-Cloud-FT,2356,0,0,0,0,0,0,0.0
video10,TriClass-Cloud-FT,2357,0,0,0,0,0,0,0.0
video10,TriClass-Cloud-FT,2358,0,0,0,0,0,0,0.0
video10,TriClass-Cloud-FT,2359,0,0,0,0,0,0,0.0
video10,TriClass-Cloud-FT,2360,0,0,0,0,0,0,0.0
video10,TriClass-Cloud-FT,2361,0,0,0,0,0,0,0.0
video10,TriClass-Cloud-FT,2362,0,0,0,0,0,0,0.0
video10,TriClass-Cloud-FT,2363,0,0,0,0,0,0,0.0
video10,TriClass-Cloud-FT,2364,0,0,0,0,0,0,0.0
video10,TriClass-Cloud-FT,2365,0,0,0,0,0,0,0.0
video10,TriClass-Cloud-FT,2366,0,0,0,0,0,0,0.0
video10,TriClass-Cloud-FT,2367,0,0,0,0,0,0,0.0
video10,TriClass-Cloud-FT,2368,0,0,0,0,0,0,0.0
video10,TriClass-Cloud-FT,2369,0,0,0,0,0,0,0.0
video10,TriClass-Cloud-FT,2370,0,0,0,0,0,0,0.0
video10,TriClass-Cloud-FT,2371,0,0,0,0,0,0,0.0
video10,TriClass-Cloud-FT,2372,0,0,0,0,0,0,0.0
video10,TriClass-Cloud-FT,2373,0,0,0,0,0,0,0.0
video10,TriClass-Cloud-FT,2374,0,0,0,0,0,0,0.0
video10,TriClass-Cloud-FT,2375,0,0,0,0,0,0,0.0
video10,TriClass-Cloud-FT,2376,0,0,0,0,0,0,0.0
video10,TriClass-Cloud-FT,2377,0,0,0,0,0,0,0.0
video10,TriClass-Cloud-FT,2378,0,0,0,0,0,0,0.0
video10,TriClass-Cloud-FT,2379,0,0,0,0,0,0,0.0
video10,TriClass-Cloud-FT,2380,0,0,0,0,0,0,0.0
video10,TriClass-Cloud-FT,2381,0,0,0,0,0,0,0.0
video10,TriClass-Cloud-FT,2382,0,0,0,0,0,0,0.0
video10,TriClass-Cloud-FT,2383,0,0,0,0,0,0,0.0
video10,TriClass-Cloud-FT,2384,0,0,0,0,0,0,0.0
video10,TriClass-Cloud-FT,2385,0,0,0,0,0,0,0.0
video10,TriClass-Cloud-FT,2386,0,0,0,0,0,0,0.0
video10,TriClass-Cloud-FT,2387,0,0,0,0,0,0,0.0
video10,TriClass-Cloud-FT,2388,0,0,0,0,0,0,0.0
video10,TriClass-Cloud-FT,2389,0,0,0,0,0,0,0.0
video10,TriClass-Cloud-FT,2390,0,0,0,0,0,0,0.0
video10,TriClass-Cloud-FT,2391,0,0,0,0,0,0,0.0
video10,TriClass-Cloud-FT,2392,0,0,0,0,0,0,0.0
video10,TriClass-Cloud-FT,2393,0,0,0,0,0,0,0.0
video10,TriClass-Cloud-FT,2394,0,0,0,0,0,0,0.0
video10,TriClass-Cloud-FT,2395,0,0,0,0,0,0,0.0
video10,TriClass-Cloud-FT,2396,0,0,0,0,0,0,0.0
video10,TriClass-Cloud-FT,2397,0,0,0,0,0,0,0.0
video10,TriClass-Cloud-FT,2398,0,0,0,0,0,0,0.0
video10,TriClass-Cloud-FT,2399,0,0,0,0,0,0,0.0
video10,TriClass-Cloud-FT,2400,0,0,0,0,0,0,0.0
video10,TriClass-Cloud-FT,2401,0,0,0,0,0,0,0.0
video10,TriClass-Cloud-FT,2402,0,0,0,0,0,0,0.0
video10,TriClass-Cloud-FT,2403,0,0,0,0,0,0,0.0
video10,TriClass-Cloud-FT,2404,0,0,0,0,0,0,0.0
video10,TriClass-Cloud-FT,2405,0,0,0,0,0,0,0.0
video10,TriClass-Cloud-FT,2406,0,0,0,0,0,0,0.0
video10,TriClass-Cloud-FT,2407,0,0,0,0,0,0,0.0
video10,TriClass-Cloud-FT,2408,0,0,0,0,0,0,0.0
video10,TriClass-Cloud-FT,2409,0,0,0,0,0,0,0.0
video10,TriClass-Cloud-FT,2410,0,0,0,0,0,0,0.0
video10,TriClass-Cloud-FT,2411,0,0,0,0,0,0,0.0
video10,TriClass-Cloud-FT,2412,0,0,0,0,0,0,0.0
video10,TriClass-Cloud-FT,2413,0,0,0,0,0,0,0.0
video10,TriClass-Cloud-FT,2414,0,0,0,0,0,0,0.0
video10,TriClass-Cloud-FT,2415,0,0,0,0,0,0,0.0
video10,TriClass-Cloud-FT,2416,0,0,0,0,0,0,0.0
video10,TriClass-Cloud-FT,2417,0,0,0,0,0,0,0.0
video10,TriClass-Cloud-FT,2418,0,0,0,0,0,0,0.0
video10,TriClass-Cloud-FT,2419,0,0,0,0,0,0,0.0
video10,TriClass-Cloud-FT,2420,0,0,0,0,0,0,0.0
video10,TriClass-Cloud-FT,2421,0,0,0,0,0,0,0.0
video10,TriClass-Cloud-FT,2422,0,0,0,0,0,0,0.0
video10,TriClass-Cloud-FT,2423,0,0,0,0,0,0,0.0
video10,TriClass-Cloud-FT,2424,0,0,0,0,0,0,0.0
video10,TriClass-Cloud-FT,2425,0,0,0,0,0,0,0.0
video10,TriClass-Cloud-FT,2426,0,0,0,0,0,0,0.0
video10,TriClass-Cloud-FT,2427,0,0,0,0,0,0,0.0
video10,TriClass-Cloud-FT,2428,0,0,0,0,0,0,0.0
video10,TriClass-Cloud-FT,2429,0,0,0,0,0,0,0.0
video10,TriClass-Cloud-FT,2430,0,0,0,0,0,0,0.0
video10,TriClass-Cloud-FT,2431,0,0,0,0,0,0,0.0
video10,TriClass-Cloud-FT,2432,0,0,0,0,0,0,0.0
video10,TriClass-Cloud-FT,2433,0,0,0,0,0,0,0.0
video10,TriClass-Cloud-FT,2434,0,0,0,0,0,0,0.0
video10,TriClass-Cloud-FT,2435,0,0,0,0,0,0,0.0
video10,TriClass-Cloud-FT,2436,0,0,0,0,0,0,0.0
video10,TriClass-Cloud-FT,2437,0,0,0,0,0,0,0.0
video10,TriClass-Cloud-FT,2438,0,0,0,0,0,0,0.0
video10,TriClass-Cloud-FT,2439,0,0,0,0,0,0,0.0
video10,TriClass-Cloud-FT,2440,0,0,0,0,0,0,0.0
video10,TriClass-Cloud-FT,2441,0,0,0,0,0,0,0.0
video10,TriClass-Cloud-FT,2442,0,0,0,0,0,0,0.0
video10,TriClass-Cloud-FT,2443,0,0,0,0,0,0,0.0
video10,TriClass-Cloud-FT,2444,0,0,0,0,0,0,0.0
video10,TriClass-Cloud-FT,2445,0,0,0,0,0,0,0.0
video10,TriClass-Cloud-FT,2446,0,0,0,0,0,0,0.0
video10,TriClass-Cloud-FT,2447,0,0,0,0,0,0,0.0
video10,TriClass-Cloud-FT,2448,0,0,0,0,0,0,0.0
video10,TriClass-Cloud-FT,2449,0,0,0,0,0,0,0.0
video10,TriClass-Cloud-FT,2450,0,0,0,0,0,0,0.0
video10,TriClass-Cloud-FT,2451,0,0,0,0,0,0,0.0
video10,TriClass-Cloud-FT,2452,0,0,0,0,0,0,0.0
video10,TriClass-Cloud-FT,2453,0,0,0,0,0,0,0.0
video10,TriClass-Cloud-FT,2454,0,0,0,0,0,0,0.0
video10,TriClass-Cloud-FT,2455,0,0,0,0,0,0,0.0
video10,TriClass-Cloud-FT,2456,0,0,0,0,0,0,0.0
video10,TriClass-Cloud-FT,2457,0,0,0,0,0,0,0.0
video10,TriClass-Cloud-FT,2458,0,0,0,0,0,0,0.0
video10,TriClass-Cloud-FT,2459,0,0,0,0,0,0,0.0
video10,TriClass-Cloud-FT,2460,0,0,0,0,0,0,0.0
video10,TriClass-Cloud-FT,2461,0,0,0,0,0,0,0.0
video10,TriClass-Cloud-FT,2462,0,0,0,0,0,0,0.0
video10,TriClass-Cloud-FT,2463,0,0,0,0,0,0,0.0
video10,TriClass-Cloud-FT,2464,0,0,0,0,0,0,0.0
video10,TriClass-Cloud-FT,2465,0,0,0,0,0,0,0.0
video10,TriClass-Cloud-FT,2466,0,0,0,0,0,0,0.0
video10,TriClass-Cloud-FT,2467,0,0,0,0,0,0,0.0
video10,TriClass-Cloud-FT,2468,0,0,0,0,0,0,0.0
video10,TriClass-Cloud-FT,2469,0,0,0,0,0,0,0.0
video10,TriClass-Cloud-FT,2470,0,0,0,0,0,0,0.0
video10,TriClass-Cloud-FT,2471,0,0,0,0,0,0,0.0
video10,TriClass-Cloud-FT,2472,0,0,0,0,0,0,0.0
video10,TriClass-Cloud-FT,2473,0,0,0,0,0,0,0.0
video10,TriClass-Cloud-FT,2474,0,0,0,0,0,0,0.0
video10,TriClass-Cloud-FT,2475,0,0,0,0,0,0,0.0
video10,TriClass-Cloud-FT,2476,0,0,0,0,0,0,0.0
video10,TriClass-Cloud-FT,2477,0,0,0,0,0,0,0.0
video10,TriClass-Cloud-FT,2478,0,0,0,0,0,0,0.0
video10,TriClass-Cloud-FT,2479,0,0,0,0,0,0,0.0
video10,TriClass-Cloud-FT,2480,0,0,0,0,0,0,0.0
video10,TriClass-Cloud-FT,2481,0,0,0,0,0,0,0.0
video10,TriClass-Cloud-FT,2482,0,0,0,0,0,0,0.0
video10,TriClass-Cloud-FT,2483,0,0,0,0,0,0,0.0
video10,TriClass-Cloud-FT,2484,0,0,0,0,0,0,0.0
video10,TriClass-Cloud-FT,2485,0,0,0,0,0,0,0.0
video10,TriClass-Cloud-FT,2486,0,0,0,0,0,0,0.0
video10,TriClass-Cloud-FT,2487,0,0,0,0,0,0,0.0
video10,TriClass-Cloud-FT,2488,0,0,0,0,0,0,0.0
video10,TriClass-Cloud-FT,2489,0,0,0,0,0,0,0.0
video10,TriClass-Cloud-FT,2490,0,0,0,0,0,0,0.0
video10,TriClass-Cloud-FT,2491,0,0,0,0,0,0,0.0
video10,TriClass-Cloud-FT,2492,0,0,0,0,0,0,0.0
video10,TriClass-Cloud-FT,2493,0,0,0,0,0,0,0.0
video10,TriClass-Cloud-FT,2494,0,0,0,0,0,0,0.0
video10,TriClass-Cloud-FT,2495,0,0,0,0,0,0,0.0
video10,TriClass-Cloud-FT,2496,0,0,0,0,0,0,0.0
video10,TriClass-Cloud-FT,2497,0,0,0,0,0,0,0.0
video10,TriClass-Cloud-FT,2498,0,0,0,0,0,0,0.0
video10,TriClass-Cloud-FT,2499,0,0,0,0,0,0,0.0
video10,TriClass-Cloud-FT,2500,0,0,0,0,0,0,0.0
video10,TriClass-Cloud-FT,2501,0,0,0,0,0,0,0.0
video10,TriClass-Cloud-FT,2502,0,0,0,0,0,0,0.0
video10,TriClass-Cloud-FT,2503,0,0,0,0,0,0,0.0
video10,TriClass-Cloud-FT,2504,0,0,0,0,0,0,0.0
video10,TriClass-Cloud-FT,2505,0,0,0,0,0,0,0.0
video10,TriClass-Cloud-FT,2506,0,0,0,0,0,0,0.0
video10,TriClass-Cloud-FT,2507,0,0,0,0,0,0,0.0
video10,TriClass-Cloud-FT,2508,0,0,0,0,0,0,0.0
video10,TriClass-Cloud-FT,2509,0,0,0,0,0,0,0.0
video10,TriClass-Cloud-FT,2510,0,0,0,0,0,0,0.0
video10,TriClass-Cloud-FT,2511,0,0,0,0,0,0,0.0
video10,TriClass-Cloud-FT,2512,0,0,0,0,0,0,0.0
video10,TriClass-Cloud-FT,2513,0,0,0,0,0,0,0.0
video10,TriClass-Cloud-FT,2514,0,0,0,0,0,0,0.0
video10,TriClass-Cloud-FT,2515,0,0,0,0,0,0,0.0
video10,TriClass-Cloud-FT,2516,0,0,0,0,0,0,0.0
video10,TriClass-Cloud-FT,2517,0,0,0,0,0,0,0.0
video10,TriClass-Cloud-FT,2518,0,0,0,0,0,0,0.0
video10,TriClass-Cloud-FT,2519,0,0,0,0,0,0,0.0
video10,TriClass-Cloud-FT,2520,0,0,0,0,0,0,0.0
video10,TriClass-Cloud-FT,2521,0,0,0,0,0,0,0.0
video10,TriClass-Cloud-FT,2522,0,0,0,0,0,0,0.0
video10,TriClass-Cloud-FT,2523,0,0,0,0,0,0,0.0
video10,TriClass-Cloud-FT,2524,0,0,0,0,0,0,0.0
video10,TriClass-Cloud-FT,2525,0,0,0,0,0,0,0.0
video10,TriClass-Cloud-FT,2526,0,0,0,0,0,0,0.0
video10,TriClass-Cloud-FT,2527,0,0,0,0,0,0,0.0
video10,TriClass-Cloud-FT,2528,0,0,0,0,0,0,0.0
video10,TriClass-Cloud-FT,2529,0,0,0,0,0,0,0.0
video10,TriClass-Cloud-FT,2530,0,0,0,0,0,0,0.0
video10,TriClass-Cloud-FT,2531,0,0,0,0,0,0,0.0
video10,TriClass-Cloud-FT,2532,0,0,0,0,0,0,0.0
video10,TriClass-Cloud-FT,2533,0,0,0,0,0,0,0.0
video10,TriClass-Cloud-FT,2534,0,0,0,0,0,0,0.0
video10,TriClass-Cloud-FT,2535,0,0,0,0,0,0,0.0
video10,TriClass-Cloud-FT,2536,0,0,0,0,0,0,0.0
video10,TriClass-Cloud-FT,2537,0,0,0,0,0,0,0.0
video10,TriClass-Cloud-FT,2538,0,0,0,0,0,0,0.0
video10,TriClass-Cloud-FT,2539,0,0,0,0,0,0,0.0
video10,TriClass-Cloud-FT,2540,0,0,0,0,0,0,0.0
video10,TriClass-Cloud-FT,2541,0,0,0,0,0,0,0.0
video10,TriClass-Cloud-FT,2542,0,0,0,0,0,0,0.0
video10,TriClass-Cloud-FT,2543,0,0,0,0,0,0,0.0
video10,TriClass-Cloud-FT,2544,0,0,0,0,0,0,0.0
video10,TriClass-Cloud-FT,2545,0,0,0,0,0,0,0.0
video10,TriClass-Cloud-FT,2546,0,0,0,0,0,0,0.0
video10,TriClass-Cloud-FT,2547,0,0,0,0,0,0,0.0
video10,TriClass-Cloud-FT,2548,0,0,0,0,0,0,0.0
video10,TriClass-Cloud-FT,2549,0,0,0,0,0,0,0.0
video10,TriClass-Cloud-FT,2550,0,0,0,0,0,0,0.0
video10,TriClass-Cloud-FT,2551,0,0,0,0,0,0,0.0
video10,TriClass-Cloud-FT,2552,0,0,0,0,0,0,0.0
video10,TriClass-Cloud-FT,2553,0,0,0,0,0,0,0.0
video10,TriClass-Cloud-FT,2554,0,0,0,0,0,0,0.0
video10,TriClass-Cloud-FT,2555,0,0,0,0,0,0,0.0
video10,TriClass-Cloud-FT,2556,0,0,0,0,0,0,0.0
video10,TriClass-Cloud-FT,2557,0,0,0,0,0,0,0.0
video10,TriClass-Cloud-FT,2558,0,0,0,0,0,0,0.0
video10,TriClass-Cloud-FT,2559,0,0,0,0,0,0,0.0
video10,TriClass-Cloud-FT,2560,0,0,0,0,0,0,0.0
video10,TriClass-Cloud-FT,2561,0,0,0,0,0,0,0.0
video10,TriClass-Cloud-FT,2562,0,0,0,0,0,0,0.0
video10,TriClass-Cloud-FT,2563,0,0,0,0,0,0,0.0
video10,TriClass-Cloud-FT,2564,0,0,0,0,0,0,0.0
video10,TriClass-Cloud-FT,2565,0,0,0,0,0,0,0.0
video10,TriClass-Cloud-FT,2566,0,0,0,0,0,0,0.0
video10,TriClass-Cloud-FT,2567,0,0,0,0,0,0,0.0
video10,TriClass-Cloud-FT,2568,0,0,0,0,0,0,0.0
video10,TriClass-Cloud-FT,2569,0,0,0,0,0,0,0.0
video10,TriClass-Cloud-FT,2570,0,0,0,0,0,0,0.0
video10,TriClass-Cloud-FT,2571,0,0,0,0,0,0,0.0
video10,TriClass-Cloud-FT,2572,0,0,0,0,0,0,0.0
video10,TriClass-Cloud-FT,2573,0,0,0,0,0,0,0.0
video10,TriClass-Cloud-FT,2574,0,0,0,0,0,0,0.0
video10,TriClass-Cloud-FT,2575,0,0,0,0,0,0,0.0
video10,TriClass-Cloud-FT,2576,0,0,0,0,0,0,0.0
video10,TriClass-Cloud-FT,2577,0,0,0,0,0,0,0.0
video10,TriClass-Cloud-FT,2578,0,0,0,0,0,0,0.0
video10,TriClass-Cloud-FT,2579,0,0,0,0,0,0,0.0
video10,TriClass-Cloud-FT,2580,0,0,0,0,0,0,0.0
video10,TriClass-Cloud-FT,2581,0,0,0,0,0,0,0.0
video10,TriClass-Cloud-FT,2582,0,0,0,0,0,0,0.0
video10,TriClass-Cloud-FT,2583,0,0,0,0,0,0,0.0
video10,TriClass-Cloud-FT,2584,0,0,0,0,0,0,0.0
video10,TriClass-Cloud-FT,2585,0,0,0,0,0,0,0.0
video10,TriClass-Cloud-FT,2586,0,0,0,0,0,0,0.0
video10,TriClass-Cloud-FT,2587,0,0,0,0,0,0,0.0
video10,TriClass-Cloud-FT,2588,0,0,0,0,0,0,0.0
video10,TriClass-Cloud-FT,2589,0,0,0,0,0,0,0.0
video10,TriClass-Cloud-FT,2590,0,0,0,0,0,0,0.0
video10,TriClass-Cloud-FT,2591,0,0,0,0,0,0,0.0
video10,TriClass-Cloud-FT,2592,0,0,0,0,0,0,0.0
video10,TriClass-Cloud-FT,2593,0,0,0,0,0,0,0.0
video10,TriClass-Cloud-FT,2594,0,0,0,0,0,0,0.0
video10,TriClass-Cloud-FT,2595,0,0,0,0,0,0,0.0
video10,TriClass-Cloud-FT,2596,0,0,0,0,0,0,0.0
video10,TriClass-Cloud-FT,2597,0,0,0,0,0,0,0.0
video10,TriClass-Cloud-FT,2598,0,0,0,0,0,0,0.0
video10,TriClass-Cloud-FT,2599,0,0,0,0,0,0,0.0
video10,TriClass-Cloud-FT,2600,0,0,0,0,0,0,0.0
video10,TriClass-Cloud-FT,2601,0,0,0,0,0,0,0.0
video10,TriClass-Cloud-FT,2602,0,0,0,0,0,0,0.0
video10,TriClass-Cloud-FT,2603,0,0,0,0,0,0,0.0
video10,TriClass-Cloud-FT,2604,1,1,0,0,1,0,0.26764997839927673
video10,TriClass-Cloud-FT,2605,1,1,0,0,1,0,0.26091518998146057
video10,TriClass-Cloud-FT,2606,0,0,0,0,0,0,0.0
video10,TriClass-Cloud-FT,2607,0,0,0,0,0,0,0.0
video10,TriClass-Cloud-FT,2608,0,0,0,0,0,0,0.0
video10,TriClass-Cloud-FT,2609,0,0,0,0,0,0,0.0
video10,TriClass-Cloud-FT,2610,0,0,0,0,0,0,0.0
video10,TriClass-Cloud-FT,2611,0,0,0,0,0,0,0.0
video10,TriClass-Cloud-FT,2612,0,0,0,0,0,0,0.0
video10,TriClass-Cloud-FT,2613,0,0,0,0,0,0,0.0
video10,TriClass-Cloud-FT,2614,0,0,0,0,0,0,0.0
video10,TriClass-Cloud-FT,2615,0,0,0,0,0,0,0.0
video10,TriClass-Cloud-FT,2616,0,0,0,0,0,0,0.0
video10,TriClass-Cloud-FT,2617,0,0,0,0,0,0,0.0
video10,TriClass-Cloud-FT,2618,0,0,0,0,0,0,0.0
video10,TriClass-Cloud-FT,2619,0,0,0,0,0,0,0.0
video10,TriClass-Cloud-FT,2620,0,0,0,0,0,0,0.0
video10,TriClass-Cloud-FT,2621,0,0,0,0,0,0,0.0
video10,TriClass-Cloud-FT,2622,0,0,0,0,0,0,0.0
video10,TriClass-Cloud-FT,2623,0,0,0,0,0,0,0.0
video10,TriClass-Cloud-FT,2624,0,0,0,0,0,0,0.0
video10,TriClass-Cloud-FT,2625,0,0,0,0,0,0,0.0
video10,TriClass-Cloud-FT,2626,0,0,0,0,0,0,0.0
video10,TriClass-Cloud-FT,2627,0,0,0,0,0,0,0.0
video10,TriClass-Cloud-FT,2628,0,0,0,0,0,0,0.0
video10,TriClass-Cloud-FT,2629,0,0,0,0,0,0,0.0
video10,TriClass-Cloud-FT,2630,0,0,0,0,0,0,0.0
video10,TriClass-Cloud-FT,2631,0,0,0,0,0,0,0.0
video10,TriClass-Cloud-FT,2632,0,0,0,0,0,0,0.0
video10,TriClass-Cloud-FT,2633,0,0,0,0,0,0,0.0
video10,TriClass-Cloud-FT,2634,0,0,0,0,0,0,0.0
